CASE_ID,ACCIDENT_YEAR,PROC_DATE,JURIS,COLLISION_DATE,COLLISION_TIME,OFFICER_ID,REPORTING_DISTRICT,DAY_OF_WEEK,CHP_SHIFT,POPULATION,CNTY_CITY_LOC,SPECIAL_COND,BEAT_TYPE,CHP_BEAT_TYPE,CITY_DIVISION_LAPD,CHP_BEAT_CLASS,BEAT_NUMBER,PRIMARY_RD,SECONDARY_RD,DISTANCE,DIRECTION,INTERSECTION,WEATHER_1,WEATHER_2,STATE_HWY_IND,CALTRANS_COUNTY,CALTRANS_DISTRICT,STATE_ROUTE,ROUTE_SUFFIX,POSTMILE_PREFIX,POSTMILE,LOCATION_TYPE,RAMP_INTERSECTION,SIDE_OF_HWY,TOW_AWAY,COLLISION_SEVERITY,NUMBER_KILLED,NUMBER_INJURED,PARTY_COUNT,PRIMARY_COLL_FACTOR,PCF_CODE_OF_VIOL,PCF_VIOL_CATEGORY,PCF_VIOLATION,PCF_VIOL_SUBSECTION,HIT_AND_RUN,TYPE_OF_COLLISION,MVIW,PED_ACTION,ROAD_SURFACE,ROAD_COND_1,ROAD_COND_2,LIGHTING,CONTROL_DEVICE,CHP_ROAD_TYPE,PEDESTRIAN_ACCIDENT,BICYCLE_ACCIDENT,MOTORCYCLE_ACCIDENT,TRUCK_ACCIDENT,NOT_PRIVATE_PROPERTY,ALCOHOL_INVOLVED,STWD_VEHTYPE_AT_FAULT,CHP_VEHTYPE_AT_FAULT,COUNT_SEVERE_INJ,COUNT_VISIBLE_INJ,COUNT_COMPLAINT_PAIN,COUNT_PED_KILLED,COUNT_PED_INJURED,COUNT_BICYCLIST_KILLED,COUNT_BICYCLIST_INJURED,COUNT_MC_KILLED,COUNT_MC_INJURED,PRIMARY_RAMP,SECONDARY_RAMP,LATITUDE,LONGITUDE,COUNTY,CITY,POINT_X,POINT_Y
6511598,2014,2014-07-31,3701,2014-05-28,1644,5445,NCSC,3,5,5,3701,0,0,0,NA,0,002,CARLSBAD BL,SEQUOIA  AV,33,N,N,A,-,N,NA,NA,NA,NA,NA,NA,NA,NA,NA,N,4,0,1,2,A,-,08,22107,NA,N,-,G,A,A,H,-,A,D,0,NA,Y,NA,NA,Y,NA,D,22,0,0,1,0,0,0,1,0,0,-,-,NA,NA,SAN DIEGO,CARLSBAD,-117.3448403,33.14688485
6513653,2014,2015-03-17,9645,2014-06-01,1840,20541,NA,7,2,5,3709,0,1,1,NA,2,001,RT 5,8TH ST,62,S,N,A,-,Y,SD,11,5,-,R,11.13,R,2,S,Y,3,0,1,1,A,-,03,22350,NA,N,E,I,A,A,H,-,A,D,1,NA,NA,NA,NA,Y,NA,A,01,0,1,0,0,0,0,0,0,0,TO,-,32.67639,-117.11129,SAN DIEGO,NATIONAL CITY,-117.10988784,32.67477647
6513665,2014,2015-03-17,9645,2014-06-03,1825,16816,NA,2,2,7,3711,0,1,1,NA,2,005,RT 5,MISSION BAY DR,200,N,N,A,-,Y,SD,11,5,-,R,23.97,H,-,S,N,4,0,1,2,A,-,03,22350,NA,F,C,C,A,A,H,-,A,D,1,NA,NA,Y,NA,Y,NA,A,08,0,0,1,0,0,0,0,0,1,-,-,32.81318,-117.22116,SAN DIEGO,SAN DIEGO,-117.22044383,32.8122979
6514313,2014,2014-08-11,3711,2014-06-07,1652,4243,NA,6,5,7,3711,0,0,0,NA,0,124,CALLE DE LA PLATA,AVENIDA DE LA PLAYA,0,NA,Y,A,-,N,NA,NA,NA,NA,NA,NA,NA,NA,NA,N,2,0,1,2,A,-,11,21950,B,N,G,B,B,A,H,-,A,D,0,Y,NA,NA,NA,Y,NA,N,60,1,0,0,0,1,0,0,0,0,-,-,NA,NA,SAN DIEGO,SAN DIEGO,-117.25659,32.85397007
6514710,2014,2014-08-12,9650,2014-06-12,0025,017994,NA,4,3,9,3700,0,3,5,NA,2,213,PALA-TEMECULA RD,PALA MISSION RD,1584,N,N,A,-,N,NA,NA,NA,NA,NA,NA,NA,NA,NA,Y,4,0,1,2,A,-,09,21801,A,N,D,C,A,A,H,-,C,D,0,NA,NA,NA,NA,Y,NA,D,22,0,0,1,0,0,0,0,0,0,-,-,33.36951,-117.07744,SAN DIEGO,UNINCORPORATED,-117.07722308,33.36932942
6516085,2014,2014-08-11,3711,2014-06-11,1555,6345,SD,3,5,7,3711,0,0,0,NA,0,242,GOLD COAST DR,BLACK MOUNTAIN RD,20,E,N,A,-,N,NA,NA,NA,NA,NA,NA,NA,NA,NA,N,3,0,1,2,A,-,03,22350,NA,N,C,C,A,A,H,-,A,A,0,NA,NA,NA,NA,Y,NA,-,NA,0,1,0,0,0,0,0,0,0,-,-,NA,NA,SAN DIEGO,SAN DIEGO,-117.12413506,32.90536
6516125,2014,2014-08-18,3711,2014-06-12,2106,4759,NA,4,5,7,3711,0,0,0,NA,0,122,MISSION BL,GRAND AV,39,N,N,B,-,N,NA,NA,NA,NA,NA,NA,NA,NA,NA,Y,4,0,1,2,A,-,03,22350,NA,N,C,C,A,A,H,-,C,A,0,NA,NA,NA,NA,Y,Y,-,NA,0,0,1,0,0,0,0,0,0,-,-,NA,NA,SAN DIEGO,SAN DIEGO,-117.25495359,32.79481301
6519202,2014,2016-02-08,3711,2014-06-05,1510,5866,SDPD,4,5,7,3711,0,0,0,NA,0,725,PALM AV,RT 805,27,N,N,A,-,Y,SD,11,805,-,-,2.669,R,1,N,N,4,0,1,2,A,-,-,NA,NA,N,D,G,A,A,H,-,A,A,0,NA,Y,NA,NA,Y,NA,L,04,0,0,1,0,0,0,1,0,0,-,-,NA,NA,SAN DIEGO,SAN DIEGO,-117.03766891,32.58048671
6519229,2014,2014-08-08,3711,2014-06-01,2046,6294,NA,7,5,7,3711,0,0,0,NA,0,517,B ST,22ND ST,8,E,N,A,-,N,NA,NA,NA,NA,NA,NA,NA,NA,NA,N,3,0,1,1,A,-,03,22350,NA,N,H,J,A,A,H,-,C,D,0,NA,Y,NA,NA,Y,Y,L,04,0,1,0,0,0,0,1,0,0,-,-,NA,NA,SAN DIEGO,SAN DIEGO,-117.14401408,32.71789
6520622,2014,2015-09-23,9680,2014-05-27,1350,18136,NA,2,1,9,3700,0,3,5,NA,2,002,SWEETWATER SPRING SBL,AGUA DULCE BL,302,S,N,A,-,N,NA,NA,NA,NA,NA,NA,NA,NA,NA,Y,4,0,1,2,A,-,03,22350,NA,N,C,C,A,A,H,-,A,A,0,NA,NA,NA,NA,Y,NA,A,07,0,0,1,0,0,0,0,0,0,-,-,32.74451,-116.9744,SAN DIEGO,UNINCORPORATED,-116.9744,32.74451
6524106,2014,2014-08-08,3711,2014-04-20,0420,3867,NA,7,5,7,3711,0,0,0,NA,0,123,FIESTA ISLAND RD,FIESTA ISLAND RD 1000,0,NA,Y,A,-,N,NA,NA,NA,NA,NA,NA,NA,NA,NA,Y,3,0,2,1,A,-,03,22350,NA,N,F,A,A,A,H,-,D,D,0,NA,NA,NA,NA,Y,Y,-,NA,0,2,0,0,0,0,0,0,0,-,-,NA,NA,SAN DIEGO,SAN DIEGO,-117.22213268,32.77993378
6524323,2014,2014-08-05,3701,2014-05-10,1255,5198,121,6,5,5,3701,0,0,0,NA,0,008,RANCHO SANTA FE,OLIVENHAIN RD,120,E,N,A,-,N,NA,NA,NA,NA,NA,NA,NA,NA,NA,N,4,0,1,2,A,-,03,22350,NA,N,C,C,A,A,H,-,A,A,0,NA,NA,NA,NA,Y,NA,A,01,0,0,1,0,0,0,0,0,0,-,-,NA,NA,SAN DIEGO,CARLSBAD,-117.24607679,33.06837514
6524475,2014,2014-08-07,3711,2014-05-27,0858,7047,NA,2,5,7,3711,0,0,0,NA,0,931,MIRA MESA BL,VISTA SORRENTO PKWY,35,W,N,A,-,N,NA,NA,NA,NA,NA,NA,NA,NA,NA,Y,4,0,3,4,A,-,12,21453,A,N,D,C,A,A,H,-,A,A,0,NA,NA,NA,NA,Y,NA,-,NA,0,0,3,0,0,0,0,0,0,-,-,NA,NA,SAN DIEGO,SAN DIEGO,-117.20518374,32.89123517
6524491,2014,2016-03-30,3710,2014-05-01,1818,OC0727,NA,4,5,6,3710,0,0,0,NA,0,014,RT 76,AIRPORT,1114,W,N,A,-,Y,SD,11,76,-,R,1.94,H,-,W,Y,3,0,1,4,A,-,03,22350,NA,N,C,C,A,A,H,-,A,A,0,NA,NA,NA,NA,Y,NA,A,01,0,1,0,0,0,0,0,0,0,-,-,NA,NA,SAN DIEGO,OCEANSIDE,-117.35448916,33.21563359
6524497,2014,2016-04-09,9650,2014-05-24,0315,18386,NA,6,3,5,3701,0,1,1,NA,2,007,RT 5,PALOMAR AIRPORT RD,150,N,N,A,-,Y,SD,11,5,-,R,47.144,R,2,N,Y,2,0,2,1,A,-,01,23152,A,N,E,I,A,A,H,-,C,D,1,NA,NA,NA,NA,Y,Y,A,01,1,1,0,0,0,0,0,0,0,FR,-,33.1225,-117.32105,SAN DIEGO,CARLSBAD,-117.32283637,33.12365298
6524646,2014,2016-03-26,9645,2014-04-14,1835,018446,NA,1,2,7,3711,0,1,1,NA,2,010,RT 8,FAIRMOUNT AV,100,E,N,A,-,Y,SD,11,8,-,-,6.32,H,-,E,Y,3,0,1,3,A,-,08,22107,NA,N,B,C,A,A,H,-,A,D,1,NA,NA,Y,NA,Y,NA,C,02,0,1,0,0,0,0,0,0,1,-,-,32.77939,-117.09948,SAN DIEGO,SAN DIEGO,-117.10000547,32.77919168
6524857,2014,2014-08-06,3702,2014-05-23,1454,CV1032,NA,5,5,6,3702,0,0,0,NA,0,014,EASTJ ST,CLAIRE AV,15,W,N,A,-,N,NA,NA,NA,NA,NA,NA,NA,NA,NA,N,4,0,1,2,A,-,11,21950,B,N,G,B,B,A,H,-,A,D,0,Y,NA,NA,NA,Y,NA,N,60,0,0,1,0,1,0,0,0,0,-,-,NA,NA,SAN DIEGO,CHULA VISTA,-117.05960959,32.63163569
6524942,2014,2014-08-11,3711,2014-06-03,1343,6394,NA,2,5,7,3711,0,0,0,NA,0,313,CONVOY ST,VICKERS ST,0,NA,Y,A,-,N,NA,NA,NA,NA,NA,NA,NA,NA,NA,N,3,0,1,2,A,-,21,22106,NA,N,G,B,B,A,H,-,A,D,0,Y,NA,NA,NA,Y,NA,-,NA,0,1,0,0,1,0,0,0,0,-,-,NA,NA,SAN DIEGO,SAN DIEGO,-117.1536201,32.82801005
6524994,2014,2014-08-11,3711,2014-06-08,0920,6657,SANDI,7,5,7,3711,0,0,0,NA,0,522,1ST AV,W MARKET ST,0,NA,Y,A,-,N,NA,NA,NA,NA,NA,NA,NA,NA,NA,N,4,0,1,2,A,-,10,21950,A,N,G,B,B,A,H,-,A,A,0,Y,NA,NA,NA,Y,NA,-,NA,0,0,1,0,1,0,0,0,0,-,-,NA,NA,SAN DIEGO,SAN DIEGO,-117.16379,32.71151009
6525477,2014,2016-03-26,9680,2014-05-05,1715,019729,NA,1,2,9,3700,0,1,3,NA,1,090,RT 67,PALA ST,0,NA,Y,A,-,Y,SD,11,67,-,-,23.398,I,5,S,Y,3,0,1,2,A,-,09,21802,A,N,D,C,A,A,H,-,A,A,0,NA,NA,Y,NA,Y,NA,A,01,0,1,0,0,0,0,0,0,1,-,-,33.03345,-116.88259,SAN DIEGO,UNINCORPORATED,-116.8824392,33.03370256
6528183,2014,2016-03-26,9680,2014-05-30,2333,020020,NA,5,3,5,3708,0,1,1,NA,2,081,RT 8,SEVERIN DR,528,E,N,A,-,Y,SD,11,8,-,-,12.75,H,-,E,N,4,0,2,2,A,-,03,22350,NA,N,C,C,A,A,H,-,D,D,1,NA,NA,NA,NA,Y,NA,D,22,0,0,2,0,0,0,0,0,0,-,-,32.77888,-116.99202,SAN DIEGO,LA MESA,-116.99549569,32.77912969
6528714,2014,2014-08-12,9650,2014-06-19,2155,18296,NA,4,2,9,3700,0,2,4,NA,1,027,VALLEY CENTER RD,NORTH LAKE WOHLFORD RD,0,NA,Y,A,-,N,NA,NA,NA,NA,NA,NA,NA,NA,NA,Y,3,0,4,2,A,-,12,21453,A,N,D,C,A,A,H,-,C,A,0,NA,NA,NA,NA,Y,NA,-,-,0,1,3,0,0,0,0,0,0,-,-,33.22827,-116.9758,SAN DIEGO,UNINCORPORATED,-116.97569004,33.22816005
6529206,2014,2014-08-12,3711,2014-06-21,1230,6499,NA,6,5,7,3711,0,0,0,NA,0,438,ALTA VIEW DR,CASEY ST,1056,W,N,A,-,N,NA,NA,NA,NA,NA,NA,NA,NA,NA,N,3,0,1,2,A,-,05,21460,A,N,D,C,A,A,H,-,A,D,0,NA,NA,NA,NA,Y,NA,-,NA,0,1,0,0,0,0,0,0,0,-,-,NA,NA,SAN DIEGO,SAN DIEGO,-117.03734994,32.67661827
6529768,2014,2014-08-20,3711,2014-06-18,1730,4116,NA,3,5,7,3711,0,0,0,NA,0,326,MONTEZUMA RD,55TH ST,250,E,N,A,-,N,NA,NA,NA,NA,NA,NA,NA,NA,NA,Y,4,0,1,2,A,-,03,22350,NA,N,C,C,A,A,H,-,A,D,0,NA,NA,NA,NA,Y,NA,-,NA,0,0,1,0,0,0,0,0,0,-,-,NA,NA,SAN DIEGO,SAN DIEGO,-117.07544947,32.77071
6530475,2014,2014-08-06,3702,2014-05-18,0900,CV0928,NA,7,5,6,3702,0,0,0,NA,0,031,OTAY LAKES RD,OTAY LAKES RD 600,9,N,N,A,-,N,NA,NA,NA,NA,NA,NA,NA,NA,NA,Y,4,0,1,1,A,-,08,22107,NA,N,E,I,A,A,H,-,A,A,0,NA,NA,NA,NA,Y,NA,A,01,0,0,1,0,0,0,0,0,0,-,-,NA,NA,SAN DIEGO,CHULA VISTA,NA,NA
6530537,2014,2016-02-06,9645,2014-06-10,0323,13784,NA,2,3,7,3711,0,1,1,NA,2,007,RT 5,GILMAN DR,2112,N,N,A,-,Y,SD,11,5,-,R,24.23,H,-,N,Y,3,0,2,2,A,-,01,23152,A,N,B,C,A,A,H,-,D,D,1,NA,NA,NA,NA,Y,Y,A,01,0,2,0,0,0,0,0,0,0,-,-,NA,NA,SAN DIEGO,SAN DIEGO,-117.22279731,32.81582421
6530871,2014,2014-08-12,3711,2014-06-19,1600,5916,NA,4,5,7,3711,0,0,0,NA,0,116,CLAIREMONT DR,RAPPAHANNOCK AV,225,S,N,A,-,N,NA,NA,NA,NA,NA,NA,NA,NA,NA,N,3,0,1,1,A,-,05,21202,A,N,F,A,A,A,H,-,A,D,0,NA,Y,NA,NA,Y,NA,L,04,0,1,0,0,0,0,1,0,0,-,-,NA,NA,SAN DIEGO,SAN DIEGO,-117.20048701,32.80515841
6537099,2014,2014-08-22,3706,2014-06-12,2139,ES0449,ESPD,4,5,6,3706,0,0,0,NA,0,044,MADRONE GLEN,FIRETHORN GLEN,26,W,N,A,-,N,NA,NA,NA,NA,NA,NA,NA,NA,NA,Y,4,0,1,2,A,-,08,22107,NA,N,C,E,A,A,H,-,C,B,0,NA,NA,NA,NA,Y,NA,A,01,0,0,1,0,0,0,0,0,0,-,-,NA,NA,SAN DIEGO,ESCONDIDO,-117.065638,33.15767866
6537768,2014,2014-07-30,3705,2014-05-05,1335,EC5258,NA,1,5,5,3705,0,0,0,NA,0,008,WASHINGTON AV,VAN HOUTEN,0,NA,Y,A,-,N,NA,NA,NA,NA,NA,NA,NA,NA,NA,Y,4,0,1,2,A,-,09,21802,A,N,D,C,A,A,H,-,A,A,0,NA,NA,NA,NA,Y,NA,A,01,0,0,1,0,0,0,0,0,0,-,-,NA,NA,SAN DIEGO,EL CAJON,-116.96615006,32.78767011
6538986,2014,2014-06-27,3705,2014-03-19,1036,EC0301,NA,3,5,5,3705,0,0,0,NA,0,009,1ST,MADISON,194,S,N,A,-,N,NA,NA,NA,NA,NA,NA,NA,NA,NA,N,4,0,2,2,A,-,03,22350,NA,N,C,C,A,A,H,-,A,A,0,NA,NA,NA,NA,Y,NA,A,01,0,0,2,0,0,0,0,0,0,-,-,NA,NA,SAN DIEGO,EL CAJON,-116.94460843,32.79960871
6539459,2014,2014-08-16,3711,2014-06-21,1632,7125,SD,6,5,7,3711,0,0,0,NA,0,315,MISSION CENTER RD,FRIARS RD,0,NA,Y,A,-,N,NA,NA,NA,NA,NA,NA,NA,NA,NA,Y,4,0,3,2,A,-,-,NA,NA,N,D,C,A,A,H,-,A,A,0,NA,NA,NA,NA,Y,NA,-,NA,0,0,3,0,0,0,0,0,0,-,-,NA,NA,SAN DIEGO,SAN DIEGO,-117.15386008,32.77464006
6539515,2014,2014-08-15,3702,2014-06-16,0630,CV1115,NA,1,5,6,3702,0,0,0,NA,0,023,EAST ORANGE AV,MELROSE AV,357,W,N,A,-,N,NA,NA,NA,NA,NA,NA,NA,NA,NA,N,4,0,1,2,A,-,08,22107,NA,N,D,G,A,A,H,-,A,D,0,NA,Y,NA,NA,Y,NA,A,01,0,0,1,0,0,0,1,0,0,-,-,NA,NA,SAN DIEGO,CHULA VISTA,-117.03994023,32.60419185
6539586,2014,2014-08-28,3711,2014-06-10,1915,7000,NA,2,5,7,3711,0,0,0,NA,0,721,THERMAL AV,DAHLIA AV,0,NA,Y,A,-,N,NA,NA,NA,NA,NA,NA,NA,NA,NA,N,3,0,2,2,A,-,03,22350,NA,N,C,B,-,A,H,-,A,D,0,Y,NA,NA,NA,Y,NA,-,NA,0,2,0,0,1,0,0,0,0,-,-,NA,NA,SAN DIEGO,SAN DIEGO,-117.09699,32.58291001
6539653,2014,2014-07-11,3711,2014-06-11,1408,4897,NA,3,5,7,3711,0,0,0,NA,0,326,CAMPANILE DR,ALY MONTEZUMA RD,22,N,N,A,-,N,NA,NA,NA,NA,NA,NA,NA,NA,NA,N,4,0,1,2,A,-,03,22350,NA,N,C,C,A,A,H,-,A,D,0,NA,NA,NA,NA,Y,NA,I,11,0,0,1,0,0,0,0,0,0,-,-,NA,NA,SAN DIEGO,SAN DIEGO,-117.07192451,32.77125654
6540763,2014,2014-08-07,3711,2014-05-22,0840,6252,NA,4,5,7,3711,0,0,0,NA,0,622,W MORENA BL,BUENOS AV,46,S,N,B,-,N,NA,NA,NA,NA,NA,NA,NA,NA,NA,N,4,0,1,2,A,-,04,21703,NA,N,C,C,A,A,H,-,A,A,0,NA,NA,NA,NA,Y,NA,A,01,0,0,1,0,0,0,0,0,0,-,-,NA,NA,SAN DIEGO,SAN DIEGO,-117.20105213,32.76806278
6540940,2014,2014-09-09,3701,2014-07-20,1852,5407,34,7,5,5,3701,0,0,0,NA,0,003,TAMARACK AV,ADAMS AV,18,W,N,A,-,N,NA,NA,NA,NA,NA,NA,NA,NA,NA,N,4,0,1,2,A,-,11,21950,B,N,G,B,B,A,H,-,A,A,0,Y,NA,NA,NA,Y,NA,N,60,0,0,1,0,1,0,0,0,0,-,-,33.1531,-117.33419,SAN DIEGO,CARLSBAD,-117.33405238,33.15323784
6541360,2014,2014-07-26,3700,2014-03-31,0804,SH5656,NA,1,5,4,3720,0,0,0,NA,0,606,SKYLINE DR,CANTON DR,0,NA,Y,A,-,N,NA,NA,NA,NA,NA,NA,NA,NA,NA,N,3,0,1,2,A,-,-,NA,NA,N,G,G,A,A,H,-,A,A,0,NA,Y,NA,Y,Y,NA,L,04,0,1,0,0,0,0,1,0,0,-,-,NA,NA,SAN DIEGO,LEMON GROVE,-117.02638012,32.72340003
6541589,2014,2016-05-25,9645,2014-07-21,0700,017498,NA,1,1,7,3711,0,1,1,NA,2,017,RT 15,CARROLL CANYON RD,528,S,N,A,-,Y,SD,11,15,-,M,14.881,R,1,S,N,4,0,2,3,A,-,03,22350,NA,N,C,C,A,A,H,-,A,A,1,NA,NA,NA,NA,Y,NA,D,22,0,0,2,0,0,0,0,0,0,FR,-,32.90142,-117.11694,SAN DIEGO,SAN DIEGO,-117.11662362,32.90167139
6542545,2014,2014-08-20,3701,2014-06-20,1148,5449,3701,5,5,5,3701,0,0,0,NA,0,007,EL CAMINO REAL,DOVE LN,547,S,N,A,-,N,NA,NA,NA,NA,NA,NA,NA,NA,NA,Y,3,0,4,2,A,-,08,22107,NA,N,C,C,A,A,H,-,A,D,0,NA,NA,NA,NA,Y,NA,A,01,0,1,3,0,0,0,0,0,0,-,-,NA,NA,SAN DIEGO,CARLSBAD,-117.2668288,33.10373787
6543348,2014,2016-04-09,3705,2014-05-15,1541,EC0160,NA,4,5,5,3705,0,0,0,NA,0,006,GROSSMONT COLLEGE DR,RT 125,0,NA,Y,A,-,Y,SD,11,125,-,-,20.586,R,4,N,Y,3,0,2,2,A,-,12,21453,A,N,D,C,A,A,H,-,A,A,0,NA,NA,NA,NA,Y,NA,A,01,0,2,0,0,0,0,0,0,0,-,NF,NA,NA,SAN DIEGO,EL CAJON,-117.00210969,32.81404557
6544661,2014,2014-08-13,3711,2014-06-24,1705,6998,NA,2,5,7,3711,0,0,0,NA,0,312,SANTO RD,ANTIGUA BL,180,S,N,A,-,N,NA,NA,NA,NA,NA,NA,NA,NA,NA,Y,4,0,1,3,A,-,03,22350,NA,N,C,C,A,A,H,-,A,A,0,NA,NA,NA,NA,Y,NA,A,01,0,0,1,0,0,0,0,0,0,-,-,NA,NA,SAN DIEGO,SAN DIEGO,-117.10150957,32.83328712
6544710,2014,2014-08-12,3711,2014-06-22,2121,7083,NA,7,5,7,3711,0,0,0,NA,0,315,CAMINO DEL RIO S,2100 CAMINO DEL RIO S,0,NA,Y,A,-,N,NA,NA,NA,NA,NA,NA,NA,NA,NA,Y,2,0,4,2,A,-,05,21651,B,N,A,C,A,A,H,-,C,-,0,NA,NA,NA,NA,Y,Y,A,01,1,2,1,0,0,0,0,0,0,-,-,NA,NA,SAN DIEGO,SAN DIEGO,-117.14214385,32.76863509
6544734,2014,2014-08-19,3710,2014-06-03,0810,EC1375,NA,2,5,6,3710,0,0,0,NA,0,001,NORTH COAST HWY,WINDWARD WY,0,NA,Y,A,-,N,NA,NA,NA,NA,NA,NA,NA,NA,NA,N,2,0,1,2,A,-,09,21801,A,N,B,C,A,A,H,-,A,D,0,NA,NA,Y,NA,Y,NA,A,01,1,0,0,0,0,0,0,0,1,-,-,NA,NA,SAN DIEGO,OCEANSIDE,-117.38312,33.20016008
6545051,2014,2014-08-19,3711,2014-06-25,0815,5197,NA,3,5,7,3711,0,0,0,NA,0,524,PACIFIC HWY,ASH ST,0,NA,Y,A,-,N,NA,NA,NA,NA,NA,NA,NA,NA,NA,Y,4,0,2,2,A,-,12,21453,A,N,D,C,A,A,H,-,A,A,0,NA,NA,NA,NA,Y,NA,A,07,0,0,2,0,0,0,0,0,0,-,-,NA,NA,SAN DIEGO,SAN DIEGO,-117.17104008,32.71987001
6545992,2014,2016-03-28,9680,2014-06-28,1705,016822,NA,6,2,9,3700,0,1,3,NA,1,091,RT 78,MAGNOLIA AV,2640,E,N,A,-,Y,SD,11,78,-,-,37.61,H,-,W,Y,2,0,1,1,A,-,08,22107,NA,N,F,A,A,A,H,-,A,D,0,NA,NA,Y,NA,Y,NA,C,02,1,0,0,0,0,0,0,0,1,-,-,33.04996,-116.83831,SAN DIEGO,UNINCORPORATED,-116.83744995,33.04930882
6546922,2014,2014-08-18,3711,2014-07-01,2101,7114,SD,2,5,7,3711,0,0,0,NA,0,113,CHIPPEWA CT,EPANOW AV,92,E,N,A,-,N,NA,NA,NA,NA,NA,NA,NA,NA,NA,N,3,0,1,2,A,-,03,22350,NA,N,C,G,A,A,H,-,C,D,0,NA,Y,NA,NA,Y,NA,L,04,0,1,0,0,0,0,1,0,0,-,-,NA,NA,SAN DIEGO,SAN DIEGO,-117.20248156,32.81362645
6547191,2014,2014-08-13,3705,2014-06-17,0849,EC5420,NA,2,5,5,3705,0,0,0,NA,0,007,MAIN,GREENFIELD,0,NA,Y,A,-,N,NA,NA,NA,NA,NA,NA,NA,NA,NA,Y,3,0,2,2,A,-,12,21453,A,N,D,C,A,A,H,-,A,A,0,NA,NA,NA,NA,Y,NA,A,01,0,1,1,0,0,0,0,0,0,-,-,NA,NA,SAN DIEGO,EL CAJON,-116.9185501,32.81231002
6548904,2014,2016-04-09,3700,2014-04-07,1749,SH0063,NA,1,5,4,3720,0,0,0,NA,0,602,LEMON GROVE AV,RT 94,0,NA,Y,A,-,Y,SD,11,94,-,-,9.035,R,4,E,Y,4,0,1,2,A,-,09,21801,A,N,D,C,A,A,H,-,A,D,0,NA,NA,NA,NA,Y,NA,A,01,0,0,1,0,0,0,0,0,0,-,EO,NA,NA,SAN DIEGO,LEMON GROVE,-117.03033212,32.74645252
6549832,2014,2016-03-28,9680,2014-06-15,1125,018152,NA,7,1,9,3700,0,1,3,NA,1,030,RT 79,OLD HWY 80,15840,N,N,A,-,Y,SD,11,79,-,-,2.97,H,-,N,N,3,0,3,3,A,-,03,22350,NA,F,C,C,A,A,H,-,A,D,0,NA,NA,Y,NA,Y,NA,C,02,0,3,0,0,0,0,0,0,3,-,-,32.87809,-116.5775,SAN DIEGO,UNINCORPORATED,-116.57545118,32.88678201
6550041,2014,2016-02-06,9645,2014-06-29,2214,019497,NA,7,3,7,3711,0,1,1,NA,2,005,RT 5,CLAIREMONT DR,2640,S,N,A,-,Y,SD,11,5,-,R,21.76,H,-,N,Y,4,0,1,1,A,-,08,22107,NA,N,E,I,A,A,H,-,C,D,1,NA,NA,NA,NA,Y,NA,A,01,0,0,1,0,0,0,0,0,0,-,-,32.78276,-117.2076,SAN DIEGO,SAN DIEGO,-117.20763804,32.78342533
6552819,2014,2016-03-28,9680,2014-06-29,0355,19946,NA,7,3,9,3700,0,1,3,NA,1,040,RT 94,OTAY LAKES RD,12672,E,N,A,-,Y,SD,11,94,-,-,27.07,H,-,E,Y,3,0,1,1,A,-,01,23152,A,N,E,I,A,A,H,-,D,D,0,NA,NA,NA,NA,Y,Y,A,01,0,1,0,0,0,0,0,0,0,-,-,32.65296,-116.79076,SAN DIEGO,UNINCORPORATED,-116.79388088,32.65437762
6557499,2014,2016-03-26,3705,2014-05-20,0735,EC0301,NA,2,5,5,3705,0,0,0,NA,0,010,FLETCHER,RT 67,0,NA,Y,A,-,Y,SD,11,67,-,R,0.599,R,4,S,Y,4,0,2,2,A,-,12,21453,A,N,D,C,A,A,H,-,A,A,0,NA,NA,NA,NA,Y,NA,A,08,0,0,2,0,0,0,0,0,0,-,SF,NA,NA,SAN DIEGO,EL CAJON,-116.96195619,32.81178335
6557507,2014,2014-08-13,3705,2014-05-27,1846,EC0301,NA,2,5,5,3705,0,0,0,NA,0,006,NAVAJO,MEDFORD,42,W,N,A,-,N,NA,NA,NA,NA,NA,NA,NA,NA,NA,N,4,0,1,2,A,-,03,22350,NA,N,C,C,A,A,H,-,A,A,0,NA,NA,NA,NA,Y,NA,A,07,0,0,1,0,0,0,0,0,0,-,-,NA,NA,SAN DIEGO,EL CAJON,-117.0029761,32.80211348
6557981,2014,2016-05-25,9650,2014-07-11,1230,13636,NA,5,1,5,3782,0,1,1,NA,2,007,RT 5,LEUCADIA BL,1056,S,N,A,-,Y,SD,11,5,-,R,42.51,H,-,N,Y,4,0,1,2,A,-,03,22350,NA,N,C,C,A,A,H,-,A,D,1,NA,NA,NA,NA,Y,NA,D,22,0,0,1,0,0,0,0,0,0,-,-,NA,NA,SAN DIEGO,ENCINITAS,-117.29126619,33.06228373
6559705,2014,2014-08-15,3700,2014-05-20,2115,SH0063,NA,2,5,4,3720,0,0,0,NA,0,601,BROADWAY,UTILITY POLE #Z474692,17,N,N,A,-,N,NA,NA,NA,NA,NA,NA,NA,NA,NA,N,4,0,1,2,A,-,07,21658,A,N,D,C,A,A,H,-,C,D,0,NA,NA,Y,NA,Y,NA,A,01,0,0,1,0,0,0,0,0,1,-,-,NA,NA,SAN DIEGO,LEMON GROVE,NA,NA
6560081,2014,2014-08-26,3711,2014-07-05,0058,7150,NA,6,5,7,3711,0,0,0,NA,0,122,HAINES ST,PACIFIC BEACH DR,162,N,N,A,-,N,NA,NA,NA,NA,NA,NA,NA,NA,NA,N,3,0,1,2,A,-,08,22107,NA,N,C,E,A,A,H,-,C,D,0,NA,Y,NA,NA,Y,Y,L,04,0,1,0,0,0,0,1,0,0,-,-,NA,NA,SAN DIEGO,SAN DIEGO,-117.24105708,32.79400065
6560177,2014,2014-08-26,3711,2014-07-04,0811,6831,NA,5,5,7,3711,0,0,0,NA,0,721,CORONADO AV,ATWATER ST,81,W,N,B,-,N,NA,NA,NA,NA,NA,NA,NA,NA,NA,N,3,0,1,2,A,-,-,NA,NA,N,H,G,A,A,H,-,A,D,0,NA,Y,NA,NA,Y,NA,-,-,0,1,0,0,0,0,1,0,0,-,-,NA,NA,SAN DIEGO,SAN DIEGO,-117.099832,32.57650423