CASE_ID,ACCIDENT_YEAR,PROC_DATE,JURIS,COLLISION_DATE,COLLISION_TIME,OFFICER_ID,REPORTING_DISTRICT,DAY_OF_WEEK,CHP_SHIFT,POPULATION,CNTY_CITY_LOC,SPECIAL_COND,BEAT_TYPE,CHP_BEAT_TYPE,CITY_DIVISION_LAPD,CHP_BEAT_CLASS,BEAT_NUMBER,PRIMARY_RD,SECONDARY_RD,DISTANCE,DIRECTION,INTERSECTION,WEATHER_1,WEATHER_2,STATE_HWY_IND,CALTRANS_COUNTY,CALTRANS_DISTRICT,STATE_ROUTE,ROUTE_SUFFIX,POSTMILE_PREFIX,POSTMILE,LOCATION_TYPE,RAMP_INTERSECTION,SIDE_OF_HWY,TOW_AWAY,COLLISION_SEVERITY,NUMBER_KILLED,NUMBER_INJURED,PARTY_COUNT,PRIMARY_COLL_FACTOR,PCF_CODE_OF_VIOL,PCF_VIOL_CATEGORY,PCF_VIOLATION,PCF_VIOL_SUBSECTION,HIT_AND_RUN,TYPE_OF_COLLISION,MVIW,PED_ACTION,ROAD_SURFACE,ROAD_COND_1,ROAD_COND_2,LIGHTING,CONTROL_DEVICE,CHP_ROAD_TYPE,PEDESTRIAN_ACCIDENT,BICYCLE_ACCIDENT,MOTORCYCLE_ACCIDENT,TRUCK_ACCIDENT,NOT_PRIVATE_PROPERTY,ALCOHOL_INVOLVED,STWD_VEHTYPE_AT_FAULT,CHP_VEHTYPE_AT_FAULT,COUNT_SEVERE_INJ,COUNT_VISIBLE_INJ,COUNT_COMPLAINT_PAIN,COUNT_PED_KILLED,COUNT_PED_INJURED,COUNT_BICYCLIST_KILLED,COUNT_BICYCLIST_INJURED,COUNT_MC_KILLED,COUNT_MC_INJURED,PRIMARY_RAMP,SECONDARY_RAMP,LATITUDE,LONGITUDE,COUNTY,CITY,POINT_X,POINT_Y
6563512,2014,2016-05-24,9680,2014-07-04,1830,018672,NA,5,2,9,3700,0,1,3,NA,1,052,RT 78,RT 79,1584,E,N,A,-,Y,SD,11,78,-,-,51.41,H,-,W,Y,3,0,1,1,A,-,01,23152,A,N,E,I,A,A,H,-,A,D,0,NA,NA,NA,NA,Y,Y,D,22,0,1,0,0,0,0,0,0,0,-,-,33.1096,-116.69944,SAN DIEGO,UNINCORPORATED,-116.66921684,33.10932083
6566067,2014,2016-05-24,3710,2014-07-16,2038,OC0652,NA,3,5,6,3710,0,0,0,NA,0,011,RT 76,CANYON,141,W,N,B,-,Y,SD,11,76,-,R,1.13,H,-,E,N,3,0,1,2,A,-,21,22106,NA,N,C,C,A,A,H,-,C,A,0,NA,NA,NA,NA,Y,NA,J,48,0,1,0,0,0,0,0,0,0,-,-,NA,NA,SAN DIEGO,OCEANSIDE,-117.36786946,33.21236734
6566635,2014,2016-05-21,9650,2014-07-10,1950,16485,NA,4,2,6,3706,0,1,3,NA,2,019,RT 78,NORDAHL RD,700,E,N,A,-,Y,SD,11,78,-,R,16.04,H,-,W,Y,3,0,3,3,A,-,03,22350,NA,N,C,C,A,A,H,-,A,D,1,NA,NA,NA,NA,Y,NA,A,01,0,1,2,0,0,0,0,0,0,-,-,33.0742,-117.0645,SAN DIEGO,ESCONDIDO,-117.11287464,33.12850898
6566793,2014,2014-08-25,9680,2014-07-05,0910,018672,NA,6,1,9,3700,0,3,5,NA,2,005,PINE HILLS RD,DEER LAKE PARK RD,1584,S,N,A,-,N,NA,NA,NA,NA,NA,NA,NA,NA,NA,Y,3,0,1,1,A,-,08,22107,NA,N,E,I,A,A,H,-,A,D,0,NA,NA,NA,NA,Y,NA,A,01,0,1,0,0,0,0,0,0,0,-,-,33.05919,-116.6197,SAN DIEGO,UNINCORPORATED,-116.61910371,33.05956015
6567091,2014,2016-05-16,9645,2014-07-08,1710,016766,NA,2,2,7,3711,0,1,3,NA,2,023,RT 163,RT 8,1320,S,N,A,-,Y,SD,11,163,-,-,3.46,H,-,S,Y,4,0,1,4,A,-,07,21658,A,N,B,C,A,A,H,-,A,D,1,NA,NA,NA,NA,Y,NA,A,01,0,0,1,0,0,0,0,0,0,-,-,32.76531,-117.15956,SAN DIEGO,SAN DIEGO,-117.16219292,32.75932918
6567173,2014,2014-08-01,9680,2014-06-14,1525,19729,NA,6,2,9,3700,0,3,5,NA,2,009,3RD ST,H ST,102,S,N,A,-,N,NA,NA,NA,NA,NA,NA,NA,NA,NA,Y,4,0,1,1,A,-,08,22107,NA,N,E,I,A,A,H,-,A,D,0,NA,NA,NA,NA,Y,NA,A,07,0,0,1,0,0,0,0,0,0,-,-,33.04349,-116.85393,SAN DIEGO,UNINCORPORATED,-116.85391828,33.04348637
6567896,2014,2016-05-21,9645,2014-07-11,1654,18678,NA,5,2,7,3711,0,1,1,NA,2,021,RT 15,UNIVERSITY AV,428,S,N,A,-,Y,SD,11,15,-,M,4.534,R,1,S,Y,3,0,2,3,A,-,03,22350,NA,N,C,C,A,A,H,-,A,A,1,NA,NA,NA,NA,Y,NA,A,01,0,1,1,0,0,0,0,0,0,-,-,32.74876,-117.10925,SAN DIEGO,SAN DIEGO,-117.10904633,32.7481473
6567897,2014,2016-05-16,9680,2014-07-10,1237,015578,NA,4,1,5,3708,0,1,3,NA,2,028,RT 125,AMAYA DR,0,NA,Y,A,-,Y,SD,11,125,-,-,18.617,R,4,N,Y,3,0,3,2,A,-,12,21453,A,N,D,C,A,A,H,-,A,A,1,NA,NA,NA,NA,Y,NA,A,01,0,2,1,0,0,0,0,0,0,TO,-,32.78678,-117.00475,SAN DIEGO,LA MESA,-117.00630488,32.78759701
6567909,2014,2016-05-24,9680,2014-07-04,1820,018279,NA,5,2,9,3700,0,1,3,NA,1,051,RT 79,SAN FELIPE RD,14256,S,N,A,-,Y,SD,11,79,-,-,28.48,H,-,S,Y,2,0,1,1,A,-,08,22107,NA,N,F,A,A,A,H,-,B,D,0,NA,NA,NA,NA,Y,NA,A,01,1,0,0,0,0,0,0,0,0,-,-,33.22139,-116.70498,SAN DIEGO,UNINCORPORATED,-116.70938237,33.21549769
6567917,2014,2016-05-24,9680,2014-07-11,1430,018672,NA,5,2,9,3700,0,1,3,NA,1,052,RT 78,MAGNOLIA AV,16368,E,N,A,-,Y,SD,11,78,-,-,40.21,H,-,W,Y,3,0,1,1,A,-,05,21650,NA,N,F,A,A,A,H,-,A,D,0,NA,NA,NA,NA,Y,NA,A,07,0,1,0,0,0,0,0,0,0,-,-,33.06669,-116.80913,SAN DIEGO,UNINCORPORATED,-116.80908891,33.06651653
6567948,2014,2014-08-25,3711,2014-07-07,2215,6884,NA,1,5,7,3711,0,0,0,NA,0,444,MARKET ST,47TH ST,800,W,N,A,-,N,NA,NA,NA,NA,NA,NA,NA,NA,NA,N,4,0,1,2,A,-,03,22350,NA,N,C,C,A,A,H,-,C,D,0,NA,NA,NA,NA,Y,NA,-,NA,0,0,1,0,0,0,0,0,0,-,-,NA,NA,SAN DIEGO,SAN DIEGO,-117.09619173,32.71143946
6569180,2014,2016-06-06,9645,2014-07-16,1327,017953,NA,3,1,7,3711,0,1,1,NA,2,007,RT 5,VIA DE LA VALLE,3850,S,N,A,-,Y,SD,11,5,-,R,35.54,H,-,S,Y,4,0,1,3,A,-,03,22350,NA,N,C,C,A,A,H,-,A,D,1,NA,NA,NA,NA,Y,NA,A,01,0,0,1,0,0,0,0,0,0,-,-,32.96977,-117.24956,SAN DIEGO,SAN DIEGO,-117.24942784,32.96975871
6570831,2014,2014-08-28,3711,2014-07-21,1529,4653,NA,1,5,7,3711,0,0,0,NA,0,826,ALTADENA AV,TROJAN AV,0,NA,Y,A,-,N,NA,NA,NA,NA,NA,NA,NA,NA,NA,N,3,0,1,2,A,-,12,22450,A,N,D,G,A,A,H,-,A,A,0,NA,Y,NA,NA,Y,NA,L,04,0,1,0,0,0,0,1,0,0,-,-,NA,NA,SAN DIEGO,SAN DIEGO,-117.08578008,32.75490005
6571888,2014,2014-08-27,3711,2014-07-18,1450,5122,NA,5,5,7,3711,0,0,0,NA,0,437,PARADISE VALLEY RD,SOUTH WOODMAN ST,0,NA,Y,A,-,N,NA,NA,NA,NA,NA,NA,NA,NA,NA,Y,4,0,1,2,A,-,12,21453,A,N,D,C,A,A,H,-,A,A,0,NA,NA,NA,NA,Y,NA,-,NA,0,0,1,0,0,0,0,0,0,-,-,NA,NA,SAN DIEGO,SAN DIEGO,-117.0464901,32.68898006
6572666,2014,2014-08-25,3711,2014-07-20,1610,6418,NA,7,5,7,3711,0,0,0,NA,0,116,CLAIRMONT DR,BURGENER BL,300,S,N,A,-,N,NA,NA,NA,NA,NA,NA,NA,NA,NA,N,4,0,1,2,A,-,08,22107,NA,M,B,C,A,A,H,-,A,A,0,NA,NA,NA,NA,Y,NA,D,22,0,0,1,0,0,0,0,0,0,-,-,NA,NA,SAN DIEGO,SAN DIEGO,-117.19504444,32.79397053
6574745,2014,2016-05-24,9645,2014-07-23,1805,016816,NA,3,2,7,3711,0,1,1,NA,2,007,RT 5,LA JOLLA VILLAGE DR,150,S,N,A,-,Y,SD,11,5,-,R,28.4,H,-,S,Y,2,0,1,2,A,-,03,22350,NA,N,B,C,A,A,H,-,A,D,1,NA,NA,Y,NA,Y,NA,C,02,1,0,0,0,0,0,0,0,1,-,-,32.87063,-117.22943,SAN DIEGO,SAN DIEGO,-117.22938656,32.87168359
6575060,2014,2016-05-23,9645,2014-07-26,2020,019322,NA,6,2,6,3702,0,1,1,NA,2,001,RT 5,L ST,120,S,N,A,-,Y,SD,11,5,-,-,6.75,H,-,S,Y,4,0,1,1,A,-,08,22107,NA,N,E,I,A,A,H,-,D,D,1,NA,NA,NA,NA,Y,NA,A,01,0,0,1,0,0,0,0,0,0,-,-,32.61483,-117.09123,SAN DIEGO,CHULA VISTA,-117.09126882,32.61431706
6575068,2014,2016-05-21,9645,2014-07-24,2147,016138,NA,4,2,7,3711,0,1,1,NA,2,015,RT 805,RT 52,2640,S,N,B,-,Y,SD,11,805,-,-,23.08,H,-,N,Y,3,0,1,2,A,-,08,22107,NA,N,E,I,A,A,H,-,D,D,1,NA,NA,NA,NA,Y,NA,A,01,0,1,0,0,0,0,0,0,0,-,-,32.84178,-117.17472,SAN DIEGO,SAN DIEGO,-117.17347946,32.8400977
6577765,2014,2016-05-24,9650,2014-07-18,1400,016490,NA,5,2,9,3700,0,1,3,NA,1,028,RT 76,W PALA MISSION RD,5280,W,N,A,-,Y,SD,11,76,-,-,22.01,H,-,W,N,3,0,1,1,A,-,08,22107,NA,N,F,A,A,A,H,-,A,D,0,NA,NA,Y,NA,Y,NA,C,02,0,1,0,0,0,0,0,0,1,-,-,33.36168,-117.10466,SAN DIEGO,UNINCORPORATED,-117.10153888,33.36299197
6577810,2014,2014-08-28,9650,2014-07-20,1730,018321,NA,7,2,9,3700,0,3,5,NA,1,212,COLE GRADE RD,PAUMA VALLEY DR,11,S,N,A,-,N,NA,NA,NA,NA,NA,NA,NA,NA,NA,Y,4,0,1,1,A,-,08,22107,NA,N,E,I,A,A,H,-,A,D,0,NA,NA,NA,NA,Y,NA,A,01,0,0,1,0,0,0,0,0,0,-,-,33.31159,-117.00711,SAN DIEGO,UNINCORPORATED,-117.00710083,33.31154459
6577922,2014,2016-03-26,9645,2014-06-12,0012,018652,NA,4,3,7,3711,0,1,1,NA,2,011,RT 805,RT 15,250,N,N,A,-,Y,SD,11,805,-,-,15.16,H,-,S,Y,3,0,2,2,A,-,02,22400,A,F,C,C,A,A,H,-,D,D,1,NA,NA,NA,NA,Y,NA,A,01,0,1,1,0,0,0,0,0,0,-,-,32.73874,-117.11529,SAN DIEGO,SAN DIEGO,-117.1153627,32.73884899
6579038,2014,2014-08-15,3700,2014-06-07,1505,SH7478,NA,6,5,4,3780,0,0,0,NA,0,414,POWAY RD,OAK KNOLL,505,W,N,A,-,N,NA,NA,NA,NA,NA,NA,NA,NA,NA,N,4,0,1,2,A,-,03,22350,NA,N,C,C,A,A,H,-,A,A,0,NA,NA,NA,NA,Y,NA,A,01,0,0,1,0,0,0,0,0,0,-,-,NA,NA,SAN DIEGO,POWAY,-117.06908988,32.95033325
6580368,2014,2016-01-05,3711,2014-08-18,0623,5061,NA,1,5,7,3711,0,0,0,NA,0,531,PERSHING DR,FLORIDA ST,0,NA,Y,B,-,N,NA,NA,NA,NA,NA,NA,NA,NA,NA,Y,3,0,1,2,A,-,09,21800,D,N,D,C,A,A,H,-,A,B,0,NA,NA,NA,NA,Y,NA,A,01,0,1,0,0,0,0,0,0,0,-,-,NA,NA,SAN DIEGO,SAN DIEGO,-117.14262005,32.72272008
6580604,2014,2014-09-02,3711,2014-07-17,1018,6718,NA,4,5,7,3711,0,0,0,NA,0,232,HIGHLAND RANCH RD,EASTBOURNE DR,6,S,N,A,-,N,NA,NA,NA,NA,NA,NA,NA,NA,NA,N,4,0,1,2,A,-,10,21950,A,N,G,B,B,A,H,-,A,A,0,Y,NA,NA,NA,Y,NA,-,NA,0,0,1,0,1,0,0,0,0,-,-,NA,NA,SAN DIEGO,SAN DIEGO,-117.07235764,32.98121729
6580611,2014,2014-09-02,3711,2014-07-26,2037,6904,SANDI,6,5,7,3711,0,0,0,NA,0,723,DEL SOL BL,PICADOR BL,39,E,N,B,-,N,NA,NA,NA,NA,NA,NA,NA,NA,NA,N,4,0,2,2,A,-,03,22350,NA,N,C,C,A,A,H,-,C,A,0,NA,NA,NA,NA,Y,NA,-,NA,0,0,2,0,0,0,0,0,0,-,-,NA,NA,SAN DIEGO,SAN DIEGO,-117.05388593,32.57331936
6580618,2014,2014-09-02,3711,2014-07-23,1341,6855,NA,3,5,7,3711,0,0,0,NA,0,611,ROSECRANS ST,MIDWAY DR,200,N,N,A,-,N,NA,NA,NA,NA,NA,NA,NA,NA,NA,N,4,0,1,2,A,-,-,NA,NA,N,D,G,A,A,H,-,A,D,0,NA,Y,NA,NA,Y,NA,L,04,0,0,1,0,0,0,1,0,0,-,-,NA,NA,SAN DIEGO,SAN DIEGO,-117.20579669,32.75014798
6580620,2014,2014-09-02,3711,2014-07-27,1438,14070052,NA,7,5,7,3711,0,0,0,NA,0,NA,UNIVERSITY AV,58TH ST,9,W,N,A,-,N,NA,NA,NA,NA,NA,NA,NA,NA,NA,N,4,0,3,2,A,-,04,21703,NA,N,C,C,A,A,H,-,A,A,0,NA,NA,NA,NA,Y,NA,-,NA,0,0,3,0,0,0,0,0,0,-,-,NA,NA,SAN DIEGO,SAN DIEGO,-117.07287,32.74914
6580636,2014,2014-09-02,3711,2014-07-28,0735,6492,NA,1,5,7,3711,0,0,0,NA,0,622,MORENA BL,MORENA BL 800,100,S,N,A,-,N,NA,NA,NA,NA,NA,NA,NA,NA,NA,Y,4,0,1,2,A,-,-,NA,NA,N,-,C,A,A,H,-,A,D,0,NA,NA,NA,NA,Y,NA,-,NA,0,0,1,0,0,0,0,0,0,-,-,NA,NA,SAN DIEGO,SAN DIEGO,NA,NA
6580685,2014,2014-09-03,3711,2014-07-24,1718,5983,NA,4,5,7,3711,0,0,0,NA,0,831,UNIVERSITY AV,45TH ST,0,NA,Y,A,-,N,NA,NA,NA,NA,NA,NA,NA,NA,NA,N,4,0,1,2,A,-,10,21950,A,N,G,B,D,A,H,-,A,D,0,Y,NA,NA,NA,Y,Y,A,01,0,0,1,0,1,0,0,0,0,-,-,NA,NA,SAN DIEGO,SAN DIEGO,-117.0976501,32.74961005
6580896,2014,2014-08-11,3711,2014-06-10,1320,6830,NA,2,5,7,3711,0,0,0,NA,0,111,DERRICK,GENESSE,189,E,N,A,-,N,NA,NA,NA,NA,NA,NA,NA,NA,NA,N,3,0,1,2,A,-,09,21801,A,N,G,B,D,A,H,-,A,D,0,Y,NA,NA,NA,Y,NA,-,NA,0,1,0,0,1,0,0,0,0,-,-,NA,NA,SAN DIEGO,SAN DIEGO,-117.18359901,32.82319963
6582383,2014,2014-08-18,3711,2014-07-31,1500,7129,NA,4,5,7,3711,0,0,0,NA,0,834,43RD ST,POLK AV,0,NA,Y,A,-,N,NA,NA,NA,NA,NA,NA,NA,NA,NA,Y,4,0,2,2,A,-,09,21802,A,N,D,C,A,A,H,-,A,D,0,NA,NA,NA,NA,Y,NA,-,NA,0,0,2,0,0,0,0,0,0,-,-,NA,NA,SAN DIEGO,SAN DIEGO,-117.10199006,32.75140004
6582458,2014,2014-08-18,3700,2014-07-17,0930,SH2439,NA,4,5,5,3713,0,0,0,NA,0,307,EAST VISTA WY,ANZA AV,0,NA,Y,B,-,N,NA,NA,NA,NA,NA,NA,NA,NA,NA,N,4,0,1,2,A,-,10,21950,A,N,G,B,B,A,H,-,A,A,0,Y,NA,NA,NA,Y,NA,N,60,0,0,1,0,1,0,0,0,0,-,-,NA,NA,SAN DIEGO,VISTA,-117.23200005,33.21110007
6583073,2014,2014-09-04,3709,2014-08-02,1554,347,NA,6,5,5,3709,0,0,0,NA,0,023,PLAZA BONITA CENTERWAY,VIA ROMAYA,0,NA,Y,C,-,N,NA,NA,NA,NA,NA,NA,NA,NA,NA,Y,4,0,1,2,A,-,03,22350,NA,N,E,I,A,B,H,-,A,D,0,NA,NA,NA,NA,Y,NA,A,01,0,0,1,0,0,0,0,0,0,-,-,NA,NA,SAN DIEGO,NATIONAL CITY,-117.05594301,32.66106422
6583451,2014,2014-08-19,3705,2014-07-21,1557,EC5309,NA,1,5,5,3705,0,0,0,NA,0,007,BROADWAY,851 BROADWAY,0,NA,Y,A,-,N,NA,NA,NA,NA,NA,NA,NA,NA,NA,N,4,0,1,2,A,-,05,21202,A,N,D,G,A,A,H,-,A,D,0,NA,Y,NA,NA,Y,NA,L,04,0,0,1,0,0,0,1,0,0,-,-,NA,NA,SAN DIEGO,EL CAJON,-116.95189297,32.80770156
6583458,2014,2014-08-19,9680,2014-07-25,0030,017928,NA,5,3,9,3700,0,3,5,NA,2,009,11TH ST,H ST,260,S,N,A,-,N,NA,NA,NA,NA,NA,NA,NA,NA,NA,N,4,0,1,2,A,-,11,21954,A,N,G,B,D,A,H,-,D,D,0,Y,NA,NA,NA,Y,NA,N,60,0,0,1,0,1,0,0,0,0,-,-,33.03607,-116.86614,SAN DIEGO,UNINCORPORATED,-116.86629366,33.0361162
6583487,2014,2014-08-19,3700,2014-07-25,1118,SH1725,NA,5,5,5,3712,0,0,0,NA,0,359,RANCHO SANTA FE RD,SAN MARCOS BL,192,N,N,B,-,N,NA,NA,NA,NA,NA,NA,NA,NA,NA,Y,3,0,1,4,A,-,03,22350,NA,N,C,C,A,A,H,-,A,D,0,NA,NA,NA,NA,Y,NA,A,01,0,1,0,0,0,0,0,0,0,-,-,NA,NA,SAN DIEGO,SAN MARCOS,-117.20810672,33.13179484
6583513,2014,2014-08-18,9680,2014-07-28,1745,016622,NA,1,2,9,3700,0,2,4,NA,1,018,LOS COCHES RD,ORA BELLE LN,53,S,N,A,-,N,NA,NA,NA,NA,NA,NA,NA,NA,NA,Y,2,0,1,1,A,-,01,23152,A,N,E,I,A,A,H,-,A,D,0,NA,NA,Y,NA,Y,Y,C,02,1,0,0,0,0,0,0,0,1,-,-,32.82793,-116.90442,SAN DIEGO,UNINCORPORATED,-116.90423605,32.82787628
6583972,2014,2014-08-20,3711,2014-07-31,1531,7125,SD,4,5,7,3711,0,0,0,NA,0,122,GARNET AV,LAMONT ST,0,NA,Y,A,-,N,NA,NA,NA,NA,NA,NA,NA,NA,NA,N,4,0,1,2,A,-,03,22350,NA,N,C,C,A,A,H,-,A,A,0,NA,NA,NA,NA,Y,NA,-,NA,0,0,1,0,0,0,0,0,0,-,-,NA,NA,SAN DIEGO,SAN DIEGO,-117.2353201,32.80102012
6584670,2014,2015-09-24,3700,2014-06-30,2058,SH2292,NA,1,5,3,3783,0,0,0,NA,0,273,RT 101,LOMAS SANTA FE DR,228,N,N,A,-,N,NA,NA,NA,NA,NA,NA,NA,NA,NA,Y,4,0,1,3,A,-,01,23152,A,N,C,C,A,A,H,-,C,A,0,NA,NA,NA,NA,Y,Y,A,07,0,0,1,0,0,0,0,0,0,-,-,NA,NA,SAN DIEGO,SOLANA BEACH,-117.27184076,32.99251151
6585528,2014,2016-01-05,3711,2014-08-02,1602,6393,NA,6,5,7,3711,0,0,0,NA,0,122,INGRAHAM ST,FORTUNA AV,0,NA,Y,B,-,N,NA,NA,NA,NA,NA,NA,NA,NA,NA,Y,4,0,1,2,A,-,09,21801,A,N,A,C,A,B,H,-,A,D,0,NA,NA,NA,NA,Y,NA,-,NA,0,0,1,0,0,0,0,0,0,-,-,32.79217,-117.23872,SAN DIEGO,SAN DIEGO,-117.23861011,32.79234007
6585572,2014,2014-09-05,3711,2014-08-01,1901,5762,NA,5,5,7,3711,0,0,0,NA,0,315,CAMINO DE LA REINA,QUALCOMM WY,0,NA,Y,A,-,N,NA,NA,NA,NA,NA,NA,NA,NA,NA,N,4,0,1,2,A,-,04,21703,NA,N,C,C,A,A,H,-,A,A,0,NA,NA,NA,NA,Y,NA,A,01,0,0,1,0,0,0,0,0,0,-,-,NA,NA,SAN DIEGO,SAN DIEGO,-117.14019003,32.77202007
6585856,2014,2014-08-19,9650,2014-07-26,1707,016490,NA,6,2,9,3700,0,3,5,NA,2,211,LAKE WOHLFORD RD,OAKVALE RD,4224,E,N,B,-,N,NA,NA,NA,NA,NA,NA,NA,NA,NA,Y,4,0,1,1,A,-,08,22107,NA,N,F,A,A,A,H,-,A,D,0,NA,NA,NA,NA,Y,NA,A,08,0,0,1,0,0,0,0,0,0,-,-,33.17552,-116.99912,SAN DIEGO,UNINCORPORATED,-116.99908178,33.17566822
6585946,2014,2014-08-18,3702,2014-07-12,0958,CV1038,NA,6,5,6,3702,0,0,0,NA,0,024,MAIN ST,AUTO PARK AV,350,E,N,A,-,N,NA,NA,NA,NA,NA,NA,NA,NA,NA,N,3,0,1,1,C,-,18,NA,NA,N,H,A,A,A,H,-,A,D,0,NA,NA,Y,NA,Y,NA,-,-,0,1,0,0,0,0,0,0,1,-,-,NA,NA,SAN DIEGO,CHULA VISTA,-117.02352903,32.5948849
6587519,2014,2014-09-04,3711,2014-08-02,2001,6000,NA,6,5,7,3711,0,0,0,NA,0,311,LINDA VISTA RD,AERO DR,153,S,N,B,-,N,NA,NA,NA,NA,NA,NA,NA,NA,NA,Y,3,0,1,1,A,-,03,22350,NA,N,F,A,A,A,H,-,D,D,0,NA,NA,Y,NA,Y,Y,C,02,0,1,0,0,0,0,0,0,1,-,-,NA,NA,SAN DIEGO,SAN DIEGO,-117.15358159,32.81076663
6588132,2014,2014-09-04,3701,2014-08-07,0900,5275,29,4,5,5,3701,0,0,0,NA,0,004,TAMARACK AV,PONTIAC AV,300,E,N,A,-,N,NA,NA,NA,NA,NA,NA,NA,NA,NA,Y,4,0,1,1,A,-,08,22107,NA,N,A,I,A,A,H,-,A,D,0,NA,NA,NA,NA,Y,NA,-,NA,0,0,1,0,0,0,0,0,0,-,-,NA,NA,SAN DIEGO,CARLSBAD,-117.30591132,33.15689521
6589730,2014,2014-09-04,3711,2014-08-08,0937,7117,NA,5,5,7,3711,0,0,0,NA,0,234,CAMINITO VECINOS,POMERADO,2698,E,N,A,-,N,NA,NA,NA,NA,NA,NA,NA,NA,NA,N,4,0,1,5,A,-,08,22107,NA,N,C,E,A,A,H,-,A,D,0,NA,NA,NA,NA,Y,NA,-,NA,0,0,1,0,0,0,0,0,0,-,-,NA,NA,SAN DIEGO,SAN DIEGO,-117.05699,33.01265
6589925,2014,2014-08-22,3711,2014-07-24,1704,5866,SDPD,4,5,7,3711,0,0,0,NA,0,722,PALM AV,SATURN BL,0,NA,Y,A,-,N,NA,NA,NA,NA,NA,NA,NA,NA,NA,N,3,0,1,2,A,-,09,21453,B,N,-,B,B,A,H,-,A,A,0,Y,NA,NA,NA,Y,NA,-,NA,0,1,0,0,1,0,0,0,0,-,-,NA,NA,SAN DIEGO,SAN DIEGO,-117.09263007,32.58374006
6592497,2014,2014-09-08,9680,2014-08-02,0940,015008,NA,6,1,9,3700,0,3,5,NA,2,009,PAPPAS RD,HEREFORD DR,233,W,N,B,-,N,NA,NA,NA,NA,NA,NA,NA,NA,NA,Y,4,0,1,2,A,-,08,22107,NA,N,B,E,A,A,H,-,A,D,0,NA,NA,NA,NA,Y,NA,A,01,0,0,1,0,0,0,0,0,0,-,-,33.00413,-116.78574,SAN DIEGO,UNINCORPORATED,-116.78570245,33.00403839
6592603,2014,2014-09-04,3711,2014-08-06,1645,4691,NA,3,5,7,3711,0,0,0,NA,0,234,POMERADO RD,BERNARDO TRAILS CT,0,NA,Y,A,-,N,NA,NA,NA,NA,NA,NA,NA,NA,NA,Y,4,0,2,2,A,-,09,21802,A,N,D,C,A,A,H,-,A,D,0,NA,NA,NA,NA,Y,NA,-,NA,0,0,2,0,0,0,0,0,0,-,-,NA,NA,SAN DIEGO,SAN DIEGO,-117.0609901,33.04123007
6592633,2014,2014-09-05,3710,2014-08-01,1415,OC1344,NA,5,5,6,3710,0,0,0,NA,0,012,EL CAMINO REAL,OCEANSIDE BL,1377,S,N,A,-,N,NA,NA,NA,NA,NA,NA,NA,NA,NA,Y,4,0,2,2,A,-,03,22350,NA,N,C,C,A,A,H,-,A,D,0,NA,NA,NA,NA,Y,NA,A,01,0,0,2,0,0,0,0,0,0,-,-,NA,NA,SAN DIEGO,OCEANSIDE,-117.33019333,33.19855291
6592691,2014,2016-05-24,9680,2014-08-02,2350,020249,NA,6,3,9,3700,0,1,3,NA,1,052,RT 78,RT 79,14256,W,N,B,-,Y,SD,11,78,-,-,48.42,H,-,E,Y,4,0,1,1,A,-,17,21662,NA,N,E,I,A,B,H,-,D,D,0,NA,NA,NA,NA,Y,NA,-,NA,0,0,1,0,0,0,0,0,0,-,-,33.08688,-116.7077,SAN DIEGO,UNINCORPORATED,-116.7076164,33.08701529
6595628,2014,2014-08-28,3711,2014-07-31,1349,7135,NA,4,5,7,3711,0,0,0,NA,0,822,EL CAJON BL,56TH ST,37,E,N,A,-,N,NA,NA,NA,NA,NA,NA,NA,NA,NA,N,4,0,1,3,A,-,21,22106,NA,N,C,C,A,A,H,-,A,A,0,NA,NA,NA,NA,Y,NA,-,NA,0,0,1,0,0,0,0,0,0,-,-,NA,NA,SAN DIEGO,SAN DIEGO,-117.07480171,32.75848677
6600724,2014,2014-09-08,3711,2014-08-13,2119,6982,NA,3,5,7,3711,0,0,0,NA,0,115,VISION DR,EASTER WY,300,E,N,A,-,N,NA,NA,NA,NA,NA,NA,NA,NA,NA,N,4,0,1,3,A,-,21,22106,NA,N,G,B,E,A,H,-,D,D,0,Y,NA,NA,NA,Y,NA,-,NA,0,0,1,0,1,0,0,0,0,-,-,NA,NA,SAN DIEGO,SAN DIEGO,-117.21112309,32.88107231
6601166,2014,2014-09-04,3711,2014-08-09,2239,6876,NA,6,5,7,3711,0,0,0,NA,0,824,EL CAJON BL,45TH ST,94,E,N,A,-,N,NA,NA,NA,NA,NA,NA,NA,NA,NA,N,2,0,1,2,A,-,11,21954,A,N,G,B,D,A,H,-,C,D,0,Y,NA,NA,NA,Y,Y,N,60,1,0,0,0,1,0,0,0,0,-,-,NA,NA,SAN DIEGO,SAN DIEGO,-117.09732969,32.75534313
6601619,2014,2016-05-24,9680,2014-08-16,1145,016878,NA,6,1,9,3700,0,1,3,NA,1,071,RT 78,BORREGO SPRINGS RD,8976,E,N,A,-,Y,SD,11,78,-,-,83.91,H,-,W,Y,3,0,4,1,A,-,08,22107,NA,N,E,I,A,A,H,-,A,D,0,NA,NA,NA,NA,Y,NA,A,01,0,2,2,0,0,0,0,0,0,-,-,33.14311,-116.26894,SAN DIEGO,UNINCORPORATED,-116.26843194,33.14347397
6601686,2014,2014-09-10,3711,2014-08-03,2013,5479,3711,7,5,7,3711,0,0,0,NA,0,517,PERSHING DR,B ST,750,N,N,B,-,N,NA,NA,NA,NA,NA,NA,NA,NA,NA,Y,3,0,1,1,A,-,08,22107,NA,M,F,I,A,A,H,-,C,D,0,NA,NA,NA,NA,Y,Y,-,NA,0,1,0,0,0,0,0,0,0,-,-,NA,NA,SAN DIEGO,SAN DIEGO,-117.14869376,32.71977819
6603229,2014,2014-09-03,3705,2014-08-07,1851,EC0324,NA,4,5,5,3705,0,0,0,NA,0,008,WASHINGTON,VAN HOUTEN,10,S,N,A,-,N,NA,NA,NA,NA,NA,NA,NA,NA,NA,Y,3,0,1,2,A,-,08,22107,NA,N,D,C,A,A,H,-,A,D,0,NA,NA,NA,NA,Y,NA,A,01,0,1,0,0,0,0,0,0,0,-,-,NA,NA,SAN DIEGO,EL CAJON,-116.96615,32.78767