CASE_ID,ACCIDENT_YEAR,PROC_DATE,JURIS,COLLISION_DATE,COLLISION_TIME,OFFICER_ID,REPORTING_DISTRICT,DAY_OF_WEEK,CHP_SHIFT,POPULATION,CNTY_CITY_LOC,SPECIAL_COND,BEAT_TYPE,CHP_BEAT_TYPE,CITY_DIVISION_LAPD,CHP_BEAT_CLASS,BEAT_NUMBER,PRIMARY_RD,SECONDARY_RD,DISTANCE,DIRECTION,INTERSECTION,WEATHER_1,WEATHER_2,STATE_HWY_IND,CALTRANS_COUNTY,CALTRANS_DISTRICT,STATE_ROUTE,ROUTE_SUFFIX,POSTMILE_PREFIX,POSTMILE,LOCATION_TYPE,RAMP_INTERSECTION,SIDE_OF_HWY,TOW_AWAY,COLLISION_SEVERITY,NUMBER_KILLED,NUMBER_INJURED,PARTY_COUNT,PRIMARY_COLL_FACTOR,PCF_CODE_OF_VIOL,PCF_VIOL_CATEGORY,PCF_VIOLATION,PCF_VIOL_SUBSECTION,HIT_AND_RUN,TYPE_OF_COLLISION,MVIW,PED_ACTION,ROAD_SURFACE,ROAD_COND_1,ROAD_COND_2,LIGHTING,CONTROL_DEVICE,CHP_ROAD_TYPE,PEDESTRIAN_ACCIDENT,BICYCLE_ACCIDENT,MOTORCYCLE_ACCIDENT,TRUCK_ACCIDENT,NOT_PRIVATE_PROPERTY,ALCOHOL_INVOLVED,STWD_VEHTYPE_AT_FAULT,CHP_VEHTYPE_AT_FAULT,COUNT_SEVERE_INJ,COUNT_VISIBLE_INJ,COUNT_COMPLAINT_PAIN,COUNT_PED_KILLED,COUNT_PED_INJURED,COUNT_BICYCLIST_KILLED,COUNT_BICYCLIST_INJURED,COUNT_MC_KILLED,COUNT_MC_INJURED,PRIMARY_RAMP,SECONDARY_RAMP,LATITUDE,LONGITUDE,COUNTY,CITY,POINT_X,POINT_Y
6859928,2015,2016-04-07,3711,2015-03-14,1624,6481,NA,6,5,7,3711,0,0,0,NA,0,438,MARMIL AV,MARMIL AV 3070,0,NA,N,A,-,N,NA,NA,NA,NA,NA,NA,NA,NA,NA,Y,3,0,2,1,B,-,22,NA,NA,N,E,J,A,A,H,-,A,D,0,NA,NA,NA,NA,Y,NA,A,01,0,2,0,0,0,0,0,0,0,-,-,NA,NA,SAN DIEGO,SAN DIEGO,-117.05873609,32.66646391
6860672,2015,2015-04-03,3702,2015-02-10,1851,CV0617,NA,2,5,6,3702,0,0,0,NA,0,024,ZENITH ST,3RD AV,40,E,N,A,-,N,NA,NA,NA,NA,NA,NA,NA,NA,NA,N,3,0,1,2,A,-,08,22107,NA,N,B,C,A,A,H,-,C,D,0,NA,NA,NA,NA,Y,NA,A,01,0,1,0,0,0,0,0,0,0,-,-,NA,NA,SAN DIEGO,CHULA VISTA,-117.06438058,32.59579878
6861364,2015,2015-04-03,3702,2015-02-28,1835,1010,NA,6,5,6,3702,0,0,0,NA,0,021,INDUSTRIAL BL,PALOMAR ST,0,NA,Y,B,-,N,NA,NA,NA,NA,NA,NA,NA,NA,NA,Y,4,0,1,2,A,-,09,21801,A,N,D,C,A,A,H,-,C,A,0,NA,NA,NA,NA,Y,NA,A,01,0,0,1,0,0,0,0,0,0,-,-,NA,NA,SAN DIEGO,CHULA VISTA,-117.08561001,32.60393011
6862363,2015,2015-03-27,3702,2015-03-04,1706,CV1086,NA,3,5,6,3702,0,0,0,NA,0,021,BAY BL,L ST,600,S,N,A,-,N,NA,NA,NA,NA,NA,NA,NA,NA,NA,Y,4,0,1,2,A,-,09,21800,B,N,B,C,A,A,H,-,A,D,0,NA,NA,NA,NA,Y,NA,A,07,0,0,1,0,0,0,0,0,0,-,-,NA,NA,SAN DIEGO,CHULA VISTA,-117.09194601,32.61330888
6862508,2015,2015-03-30,3711,2015-03-13,0906,4757,C1,5,5,7,3711,0,0,0,NA,0,521,10TH AV,10TH AV 500,10,E,N,A,-,N,NA,NA,NA,NA,NA,NA,NA,NA,NA,N,4,0,1,2,A,-,10,21950,NA,N,G,B,B,A,H,-,A,A,0,Y,NA,NA,NA,Y,NA,-,NA,0,0,1,0,1,0,0,0,0,-,-,NA,NA,SAN DIEGO,SAN DIEGO,-117.15557188,32.71042
6863460,2015,2015-04-07,3709,2015-03-05,1820,457,SOUTH,4,5,5,3709,0,0,0,NA,0,024,CLEVELAND AV,BAY MARINA BL,95,N,N,A,-,N,NA,NA,NA,NA,NA,NA,NA,NA,NA,Y,3,0,1,1,B,-,22,NA,NA,N,E,J,A,A,H,-,B,D,0,NA,NA,Y,NA,Y,NA,C,02,0,1,0,0,0,0,0,0,1,-,-,NA,NA,SAN DIEGO,NATIONAL CITY,-117.10984436,32.65998768
6864344,2015,2016-09-06,9645,2015-03-19,1825,020867,NA,4,2,6,3702,0,1,1,NA,2,001,RT 5,E ST,200,S,N,A,-,Y,SD,11,5,-,-,8.52,H,-,S,Y,4,0,1,2,A,-,07,21658,A,N,B,C,A,A,H,-,A,D,1,NA,NA,NA,NA,Y,NA,D,22,0,0,1,0,0,0,0,0,0,-,-,32.6388,-117.09987,SAN DIEGO,CHULA VISTA,-117.09991524,32.6388903
6865886,2015,2015-04-10,3711,2015-03-25,1758,6430,SANDI,3,5,7,3711,0,0,0,NA,0,124,CASTEJON DR,LA JOLLA SCENIC S,82,S,N,A,-,N,NA,NA,NA,NA,NA,NA,NA,NA,NA,Y,4,0,1,1,A,-,03,22350,NA,N,E,I,A,A,H,-,A,D,0,NA,NA,NA,NA,Y,Y,-,NA,0,0,1,0,0,0,0,0,0,-,-,NA,NA,SAN DIEGO,SAN DIEGO,-117.25001446,32.83273772
6866853,2015,2017-01-14,9645,2015-08-20,1905,13599,NA,4,2,7,3711,0,1,1,NA,2,030,RT 15,GEORGE COOK,500,S,N,A,-,Y,SD,11,15,S,-,23.15,H,-,N,Y,3,0,1,2,A,-,08,22107,NA,N,B,C,A,A,H,-,A,D,1,NA,NA,Y,NA,Y,NA,C,02,0,1,0,0,0,0,0,0,1,-,-,33.01579,-117.0793,SAN DIEGO,SAN DIEGO,-117.07951664,33.01509921
6867277,2015,2016-10-26,9645,2015-03-30,1240,18118,NA,1,1,7,3711,0,1,3,NA,2,006,RT 94,KELTON RD,1000,E,N,A,-,Y,SD,11,94,-,-,5.98,H,-,E,Y,3,0,3,3,A,-,03,22350,NA,F,C,C,A,A,H,-,A,D,1,NA,NA,NA,NA,Y,NA,D,22,0,1,2,0,0,0,0,0,0,-,-,32.72529,-117.07388,SAN DIEGO,SAN DIEGO,-117.07363789,32.72543777
6869417,2015,2016-10-07,3711,2015-03-20,2305,7268,NA,5,5,7,3711,0,0,0,NA,0,932,CARMEL MOUNTAIN RD,RT 5,100,W,N,A,-,Y,SD,11,5,-,R,31.673,R,4,N,Y,3,0,1,2,A,-,13,22515,NA,N,H,E,A,A,H,-,C,D,0,NA,NA,NA,NA,Y,NA,A,01,0,1,0,0,0,0,0,0,0,-,NO,NA,NA,SAN DIEGO,SAN DIEGO,-117.23257103,32.91664685
6870277,2015,2015-04-15,3710,2015-03-19,1211,OC0874,NA,4,5,6,3710,0,0,0,NA,0,017,DOUGLAS DR,CARDIFF BAY,12,W,N,A,-,N,NA,NA,NA,NA,NA,NA,NA,NA,NA,Y,4,0,2,2,A,-,09,21802,A,N,D,C,A,A,H,-,A,D,0,NA,NA,NA,NA,Y,NA,A,01,0,0,2,0,0,0,0,0,0,-,-,NA,NA,SAN DIEGO,OCEANSIDE,-117.31189958,33.25770847
6870313,2015,2015-04-15,3710,2015-03-24,1235,OC1410,NA,2,5,6,3710,0,0,0,NA,0,031,SOUTH MELROSE DR,CANNON RD,73,N,N,A,-,N,NA,NA,NA,NA,NA,NA,NA,NA,NA,N,4,0,2,2,A,-,03,22350,NA,N,C,C,A,A,H,-,A,A,0,NA,NA,NA,NA,Y,NA,A,01,0,0,2,0,0,0,0,0,0,-,-,NA,NA,SAN DIEGO,OCEANSIDE,-117.25238515,33.17186938
6870412,2015,2015-04-14,3701,2015-03-21,1741,5455,2,6,5,5,3701,0,0,0,NA,0,068,CARLSBAD BL,SOLAMAR DR,1500,N,N,A,-,N,NA,NA,NA,NA,NA,NA,NA,NA,NA,Y,3,0,1,1,A,-,01,23152,A,N,H,A,A,A,H,-,A,D,0,NA,NA,Y,NA,Y,NA,C,02,0,1,0,0,0,0,0,0,1,-,-,33.12471,-117.32835,SAN DIEGO,CARLSBAD,-117.32951082,33.12427177
6871342,2015,2016-04-07,3710,2015-03-24,1822,OC1304,NA,2,5,6,3710,0,0,0,NA,0,006,OCEANSIDE BL,VISTA WY,22,W,N,A,-,N,NA,NA,NA,NA,NA,NA,NA,NA,NA,Y,4,0,2,2,A,-,12,21453,A,N,D,C,A,A,H,-,C,D,0,NA,NA,NA,NA,Y,NA,A,01,0,0,2,0,0,0,0,0,0,-,-,NA,NA,SAN DIEGO,OCEANSIDE,NA,NA
6872172,2015,2015-04-17,3705,2015-02-26,1335,EC0295,NA,4,5,5,3705,0,0,0,NA,0,010,E LEXINGTON,TAFT,0,NA,Y,A,-,N,NA,NA,NA,NA,NA,NA,NA,NA,NA,N,4,0,1,2,A,-,09,21802,A,N,D,C,A,A,H,-,A,A,0,NA,NA,NA,NA,Y,NA,A,01,0,0,1,0,0,0,0,0,0,-,-,NA,NA,SAN DIEGO,EL CAJON,-116.95641005,32.79271004
6872301,2015,2016-11-04,9680,2015-03-11,2140,15766,NA,3,2,9,3700,0,1,1,NA,2,086,RT 8,RIBBONWOOD RD,12672,E,N,A,-,Y,SD,11,8,-,R,68.2,H,-,E,Y,4,0,1,1,A,-,08,22107,NA,N,E,I,A,A,H,-,D,D,1,NA,NA,NA,NA,Y,NA,A,01,0,0,1,0,0,0,0,0,0,-,-,32.66545,-116.25159,SAN DIEGO,UNINCORPORATED,-116.25378636,32.6659841
6875577,2015,2015-04-14,3700,2015-03-06,1557,SH2505,NA,5,5,5,3712,0,0,0,NA,0,359,WEST SAN MARCOS BL,887 W SAN MARCOS BL,17,N,N,A,-,N,NA,NA,NA,NA,NA,NA,NA,NA,NA,N,3,0,1,2,A,-,11,21950,B,F,G,B,E,A,H,-,A,A,0,Y,NA,NA,NA,Y,Y,N,60,0,1,0,0,1,0,0,0,0,-,-,NA,NA,SAN DIEGO,SAN MARCOS,NA,NA
6875776,2015,2015-04-14,3711,2015-03-28,1455,484,SDPD,6,5,7,3711,0,0,0,NA,0,232,TED WILLIAMS PKWY,SHOAL CREEK DR,150,E,N,A,-,N,NA,NA,NA,NA,NA,NA,NA,NA,NA,Y,4,0,2,2,A,-,04,21703,NA,M,C,C,A,A,H,-,A,A,0,NA,NA,NA,NA,Y,Y,A,07,0,0,2,0,0,0,0,0,0,-,-,NA,NA,SAN DIEGO,SAN DIEGO,-117.08103461,32.97000813
6876841,2015,2015-05-14,3705,2015-03-20,0830,EC0295,NA,5,5,5,3705,0,0,0,NA,0,009,E WASHINGTON AV,MOLLISON,0,NA,Y,A,-,N,NA,NA,NA,NA,NA,NA,NA,NA,NA,Y,4,0,1,2,A,-,12,21453,A,N,D,C,A,A,H,-,A,A,0,NA,NA,NA,NA,Y,NA,A,01,0,0,1,0,0,0,0,0,0,-,-,NA,NA,SAN DIEGO,EL CAJON,-116.95096003,32.78764
6877410,2015,2016-09-06,9645,2015-03-19,0808,13111,NA,4,1,7,3711,0,1,1,NA,2,015,RT 805,CLAREMONT MESA BL,2423,S,N,A,-,Y,SD,11,805,-,-,22.1,H,-,N,N,4,0,1,2,A,-,03,22350,NA,N,C,C,A,A,H,-,A,D,1,NA,NA,NA,NA,Y,NA,A,01,0,0,1,0,0,0,0,0,0,-,-,NA,NA,SAN DIEGO,SAN DIEGO,-117.16575437,32.82749143
6877418,2015,2016-10-07,9645,2015-03-24,1745,014565,NA,2,2,7,3711,0,1,1,NA,2,007,RT 5,VIA DE LA VALLE,28,N,N,A,-,Y,SD,11,5,-,R,36.496,R,3,N,N,2,0,1,2,A,-,10,21950,A,N,G,B,C,A,H,-,A,A,0,Y,NA,NA,NA,Y,NA,A,01,1,0,0,0,1,0,0,0,0,FR,-,NA,NA,SAN DIEGO,SAN DIEGO,-117.254214,32.979973
6877519,2015,2015-04-14,3711,2015-03-27,0214,5985,NA,5,5,7,3711,0,0,0,NA,0,529,GRAPE ST,6TH AV,0,NA,Y,A,-,N,NA,NA,NA,NA,NA,NA,NA,NA,NA,Y,3,0,1,1,A,-,03,22350,NA,N,E,I,A,A,H,-,C,D,0,NA,NA,NA,NA,Y,Y,A,01,0,1,0,0,0,0,0,0,0,-,-,NA,NA,SAN DIEGO,SAN DIEGO,-117.15942001,32.7262101
6878084,2015,2016-09-23,9650,2015-03-26,1725,017328,NA,4,2,9,3700,0,1,1,NA,2,021,RT 15,RT 76,300,S,N,A,-,Y,SD,11,15,-,R,46.43,H,-,N,N,4,0,1,2,A,-,03,22350,NA,N,C,C,A,A,H,-,A,D,1,NA,NA,Y,NA,Y,NA,D,22,0,0,1,0,0,0,0,0,1,-,-,33.32916,-117.15833,SAN DIEGO,UNINCORPORATED,-117.15914647,33.33047709
6878707,2015,2015-04-22,3710,2015-04-07,0800,OC0658,NA,2,5,6,3710,0,0,0,NA,0,027,COLLEGE BL,BARNARD DR,15,N,N,A,-,N,NA,NA,NA,NA,NA,NA,NA,NA,NA,N,4,0,1,2,D,-,00,NA,NA,F,C,C,A,A,H,-,A,A,0,NA,NA,NA,NA,Y,NA,-,-,0,0,1,0,0,0,0,0,0,-,-,NA,NA,SAN DIEGO,OCEANSIDE,-117.29639983,33.18624233
6879675,2015,2015-04-21,3702,2015-03-07,0746,CV1099,NA,6,5,6,3702,0,0,0,NA,0,042,S GREENSVIEW,PLUMAS PINES,0,NA,Y,A,-,N,NA,NA,NA,NA,NA,NA,NA,NA,NA,Y,4,0,5,2,A,-,09,21802,A,N,D,C,A,A,H,-,A,D,0,NA,NA,NA,NA,Y,NA,A,01,0,0,5,0,0,0,0,0,0,-,-,NA,NA,SAN DIEGO,CHULA VISTA,-116.9565001,32.6310201
6879709,2015,2015-04-20,3702,2015-03-06,1945,CV1081,NA,5,5,6,3702,0,0,0,NA,0,011,4TH AV,C ST,576,S,N,A,-,N,NA,NA,NA,NA,NA,NA,NA,NA,NA,N,4,0,1,2,A,-,21,22106,NA,N,C,C,A,A,H,-,C,D,0,NA,NA,Y,NA,Y,NA,A,01,0,0,1,0,0,0,0,0,1,-,-,NA,NA,SAN DIEGO,CHULA VISTA,-117.08740717,32.64903128
6879714,2015,2015-04-20,3702,2015-03-20,1725,CV1018,NA,5,5,6,3702,0,0,0,NA,0,013,H ST,3RD AV,90,E,N,A,-,N,NA,NA,NA,NA,NA,NA,NA,NA,NA,N,4,0,1,2,A,-,03,22350,NA,N,C,C,A,A,H,-,A,D,0,NA,NA,NA,NA,Y,NA,A,01,0,0,1,0,0,0,0,0,0,-,-,NA,NA,SAN DIEGO,CHULA VISTA,-117.07695376,32.63447834
6879733,2015,2015-04-20,3711,2015-03-29,1037,6774,NA,7,5,7,3711,0,0,0,NA,0,934,DEL MAR HEIGHTS RD,HARTFIELD AV,528,E,N,A,-,N,NA,NA,NA,NA,NA,NA,NA,NA,NA,N,3,0,1,2,A,-,08,22107,NA,N,B,G,A,A,H,-,A,D,0,NA,Y,NA,NA,Y,NA,L,04,0,1,0,0,0,0,1,0,0,-,-,NA,NA,SAN DIEGO,SAN DIEGO,-117.2281953,32.95619731
6879746,2015,2015-04-20,9680,2015-03-29,2020,018672,NA,7,2,9,3700,0,2,4,NA,2,072,BORREGO SALTON SEAWAY,IMPERIAL COUNTY LINE,23232,W,N,A,-,N,NA,NA,NA,NA,NA,NA,NA,NA,NA,Y,4,0,2,2,A,-,08,22100,B,N,D,C,A,A,H,-,A,D,0,NA,NA,NA,NA,Y,NA,A,01,0,0,2,0,0,0,0,0,0,-,-,33.29452,-116.17898,SAN DIEGO,UNINCORPORATED,-116.17898,33.29452
6879810,2015,2015-04-20,3709,2015-04-01,1726,457,NA,3,5,5,3709,0,0,0,NA,0,020,HIGHLAND AV,14TH ST,60,N,N,A,-,N,NA,NA,NA,NA,NA,NA,NA,NA,NA,Y,4,0,1,3,A,-,04,21703,NA,N,C,C,A,A,H,-,A,D,0,NA,NA,NA,NA,Y,NA,A,01,0,0,1,0,0,0,0,0,0,-,-,NA,NA,SAN DIEGO,NATIONAL CITY,-117.09683085,32.67309609
6881285,2015,2015-04-23,9680,2015-03-23,1200,015619,NA,1,1,9,3700,0,3,5,NA,2,003,JAPATUL RD,JAPATUL LN,5808,S,N,A,-,N,NA,NA,NA,NA,NA,NA,NA,NA,NA,Y,3,0,1,1,A,-,08,22107,NA,N,E,I,A,A,H,-,A,D,0,NA,NA,NA,NA,Y,NA,A,01,0,1,0,0,0,0,0,0,0,-,-,32.77646,-116.66748,SAN DIEGO,UNINCORPORATED,-116.75802071,32.79950508
6881293,2015,2015-04-23,9680,2015-03-28,1340,020343,NA,6,1,9,3700,0,3,5,NA,2,002,TROY ST,CENTRAL AV,50,E,N,A,-,N,NA,NA,NA,NA,NA,NA,NA,NA,NA,N,4,0,1,2,A,-,09,21801,A,N,D,C,A,A,H,-,A,D,0,NA,NA,NA,NA,Y,NA,A,01,0,0,1,0,0,0,0,0,0,-,-,32.73671,-117.00947,SAN DIEGO,UNINCORPORATED,-117.01005797,32.73668
6881401,2015,2016-10-11,9645,2015-03-19,1835,017524,NA,4,2,7,3711,0,1,1,NA,2,027,RT 15,CLAIREMONT MESA BL,400,S,N,A,-,Y,SD,11,15,-,R,9.92,H,-,S,Y,3,0,4,2,A,-,03,22350,NA,N,C,C,A,A,H,-,A,D,1,NA,NA,NA,NA,Y,NA,A,01,0,1,3,0,0,0,0,0,0,-,-,32.83077,-117.11856,SAN DIEGO,SAN DIEGO,-117.11890687,32.83270077
6882356,2015,2015-04-22,3711,2015-04-02,1658,6865,NA,4,5,7,3711,0,0,0,NA,0,432,EUCLID AV,GROVELAND DR,50,S,N,A,-,N,NA,NA,NA,NA,NA,NA,NA,NA,NA,N,4,0,1,2,A,-,09,21804,A,N,D,G,A,A,H,-,A,D,0,NA,Y,NA,NA,Y,NA,-,NA,0,0,1,0,0,0,1,0,0,-,-,NA,NA,SAN DIEGO,SAN DIEGO,-117.08505155,32.70756305
6882567,2015,2015-04-23,3702,2015-02-25,1611,CV0935,NA,3,5,6,3702,0,0,0,NA,0,031,PASEO DEL REY BL,DOUGLAS ST,340,N,N,A,-,N,NA,NA,NA,NA,NA,NA,NA,NA,NA,N,4,0,1,3,A,-,08,22107,NA,N,C,E,A,A,H,-,A,D,0,NA,NA,NA,NA,Y,NA,A,07,0,0,1,0,0,0,0,0,0,-,-,NA,NA,SAN DIEGO,CHULA VISTA,-117.03271725,32.62960396
6883340,2015,2016-11-21,9650,2015-04-03,1440,15830,NA,5,2,5,3701,0,1,1,NA,2,005,RT 5,LA COSTA AV,792,N,N,A,-,Y,SD,11,5,-,R,44.22,H,-,N,N,4,0,1,2,A,-,03,22350,NA,N,C,C,A,A,H,-,A,D,1,NA,NA,NA,NA,Y,NA,A,01,0,0,1,0,0,0,0,0,0,-,-,33.08633,-117.29918,SAN DIEGO,CARLSBAD,-117.29919633,33.08617661
6883398,2015,2016-12-13,9645,2015-04-03,1625,17678,NA,5,2,7,3711,0,1,1,NA,2,009,RT 805,OCEAN VIEW BL,50,S,N,A,-,Y,SD,11,805,-,-,12.08,H,-,S,Y,4,0,1,2,A,-,03,22350,NA,N,C,C,A,A,H,-,A,D,1,NA,NA,NA,NA,Y,NA,A,01,0,0,1,0,0,0,0,0,0,-,-,32.70003,-117.0951,SAN DIEGO,SAN DIEGO,-117.09504521,32.70041118
6883958,2015,2015-04-21,3711,2015-04-05,1230,7167,NA,7,5,7,3711,0,0,0,NA,0,721,SATURN BL,PALM BL,4,N,N,A,-,N,NA,NA,NA,NA,NA,NA,NA,NA,NA,Y,4,0,1,2,A,-,10,21950,A,N,G,B,B,A,H,-,A,A,0,Y,NA,NA,NA,Y,NA,-,NA,0,0,1,0,1,0,0,0,0,-,-,NA,NA,SAN DIEGO,SAN DIEGO,-117.09262819,32.58375085
6884230,2015,2016-12-03,9680,2015-04-05,1030,017460,NA,7,1,9,3700,0,1,3,NA,1,040,RT 94,EMERY RD,1056,E,N,A,-,Y,SD,11,94,-,-,39.67,H,-,W,Y,4,0,2,2,A,-,03,22350,NA,N,F,A,A,A,H,-,A,A,0,NA,NA,Y,NA,Y,NA,C,02,0,0,2,0,0,0,0,0,2,-,-,32.60138,-116.64344,SAN DIEGO,UNINCORPORATED,-116.63513107,32.60142321
6884547,2015,2016-11-21,9650,2015-04-04,1520,15803,NA,6,2,5,3782,0,1,1,NA,2,007,RT 5,BIRMINGHAM DR,1700,N,N,A,-,Y,SD,11,5,-,-,40.15,H,-,S,Y,3,0,3,2,A,-,07,21658,A,N,B,C,A,A,H,-,A,D,1,NA,NA,NA,Y,Y,NA,F,26,0,1,2,0,0,0,0,0,0,-,-,33.02768,-117.27576,SAN DIEGO,ENCINITAS,-117.27821866,33.0312361
6886121,2015,2016-06-06,3711,2015-04-13,1031,6982,NA,1,5,7,3711,0,0,0,NA,0,112,GENESEE AV,MOUNT ALIFAN DR,0,NA,Y,A,-,N,NA,NA,NA,NA,NA,NA,NA,NA,NA,Y,3,0,2,3,A,-,12,21453,A,N,B,C,A,A,H,-,A,A,0,NA,NA,NA,NA,Y,NA,-,NA,0,1,1,0,0,0,0,0,0,-,-,NA,NA,SAN DIEGO,SAN DIEGO,-117.18091006,32.81726012
6886128,2015,2015-04-23,3711,2015-04-03,0952,5734,SANDI,5,5,7,3711,0,0,0,NA,0,242,BLACK MOUNTAIN RD,MIRA MESA BL,0,NA,Y,A,-,N,NA,NA,NA,NA,NA,NA,NA,NA,NA,N,4,0,1,2,A,-,05,21650,1,N,D,G,A,A,H,-,A,D,0,NA,Y,NA,NA,Y,NA,L,04,0,0,1,0,0,0,1,0,0,-,-,NA,NA,SAN DIEGO,SAN DIEGO,-117.12489004,32.91723009
6886480,2015,2015-05-05,3711,2015-04-14,1547,6984,NA,2,5,7,3711,0,0,0,NA,0,434,JAMACHA RD,MEADOWBROOK DR,0,NA,Y,A,-,N,NA,NA,NA,NA,NA,NA,NA,NA,NA,Y,4,0,3,2,A,-,12,21453,A,N,D,C,A,A,H,-,A,A,0,NA,NA,NA,NA,Y,NA,-,NA,0,0,3,0,0,0,0,0,0,-,-,NA,NA,SAN DIEGO,SAN DIEGO,-117.03729002,32.71241004
6886714,2015,2015-04-25,3711,2015-04-14,1158,5046,NA,2,5,7,3711,0,0,0,NA,0,521,16TH ST,16TH ST 300,107,S,N,A,-,N,NA,NA,NA,NA,NA,NA,NA,NA,NA,N,4,0,1,2,A,-,03,22350,NA,N,C,C,A,A,H,-,A,A,0,NA,NA,NA,NA,Y,NA,A,01,0,0,1,0,0,0,0,0,0,-,-,NA,NA,SAN DIEGO,SAN DIEGO,-117.1494627,32.7080578
6887225,2015,2016-11-17,9645,2015-04-22,0750,18118,NA,3,1,5,3709,0,1,1,NA,2,001,RT 5,8TH ST,600,S,N,B,-,Y,SD,11,5,-,R,11.05,H,-,N,Y,4,0,4,3,A,-,03,22350,NA,N,C,C,A,A,H,-,A,D,1,NA,NA,NA,NA,Y,NA,D,22,0,0,4,0,0,0,0,0,0,-,-,32.67358,-117.11032,SAN DIEGO,NATIONAL CITY,-117.11011869,32.67377116
6887234,2015,2016-12-20,9645,2015-04-10,1530,19035,NA,5,2,7,3711,0,1,1,NA,2,015,RT 805,RT 5,350,S,N,A,-,Y,SD,11,805,-,-,28.47,H,-,S,Y,3,0,1,2,A,-,03,22350,NA,N,C,C,A,A,H,-,A,D,1,NA,NA,NA,NA,Y,NA,A,01,0,1,0,0,0,0,0,0,0,-,-,32.90205,-117.22139,SAN DIEGO,SAN DIEGO,-117.22367813,32.90391598
6887300,2015,2016-12-10,9650,2015-04-13,1555,015531,NA,1,2,5,3713,0,1,3,NA,2,017,RT 78,MELROSE DR,1056,W,N,A,-,Y,SD,11,78,-,-,5.63,H,-,E,Y,3,0,1,3,A,-,08,22107,NA,F,B,C,A,A,H,-,A,D,1,NA,NA,NA,NA,Y,NA,D,22,0,1,0,0,0,0,0,0,0,-,-,33.19417,-117.25952,SAN DIEGO,VISTA,-117.25978357,33.19412005
6887485,2015,2016-12-13,9645,2015-04-15,1120,012733,9645,3,1,7,3711,0,1,3,NA,2,014,RT 52,CONVOY ST,1850,E,N,A,-,Y,SD,11,52,-,-,5.86,H,-,W,Y,4,0,1,3,A,-,07,21658,A,N,B,C,A,A,H,-,A,D,1,NA,NA,NA,NA,Y,NA,A,01,0,0,1,0,0,0,0,0,0,-,-,32.83932,-117.14548,SAN DIEGO,SAN DIEGO,-117.14597357,32.83910757
6887510,2015,2016-11-19,9645,2015-04-16,0820,13111,NA,4,1,7,3711,0,1,3,NA,2,020,RT 56,CARMEL COUNTRY,935,W,N,A,-,Y,SD,11,56,-,-,1.63,H,-,W,N,4,0,1,2,A,-,03,22350,NA,N,C,C,A,A,H,-,A,D,1,NA,NA,NA,NA,Y,NA,A,07,0,0,1,0,0,0,0,0,0,-,-,32.94125,-117.21926,SAN DIEGO,SAN DIEGO,-117.21668293,32.94221778
6887552,2015,2015-04-23,9650,2015-04-04,1812,15803,NA,6,2,9,3700,0,3,5,NA,2,070,RANCHO DIEGUENO RD,SAN DIEGUITO RD,1800,N,N,A,-,N,NA,NA,NA,NA,NA,NA,NA,NA,NA,Y,3,0,3,1,A,-,01,23152,A,N,F,A,A,A,H,-,A,D,0,NA,NA,NA,NA,Y,Y,A,07,0,2,1,0,0,0,0,0,0,-,-,32.98803,-117.19258,SAN DIEGO,UNINCORPORATED,-117.19249864,32.98724113
6887625,2015,2015-04-28,3708,2015-03-24,1055,LM1217,NA,2,5,5,3708,0,0,0,NA,0,003,LAKE MURRAY BL,MARYLAND AV,0,NA,Y,A,-,N,NA,NA,NA,NA,NA,NA,NA,NA,NA,N,4,0,1,2,A,-,12,21453,A,N,B,C,A,A,H,-,A,A,0,NA,NA,NA,NA,Y,NA,D,22,0,0,1,0,0,0,0,0,0,-,-,NA,NA,SAN DIEGO,LA MESA,-117.03816012,32.77970004
6889298,2015,2015-04-24,3706,2015-03-30,1316,ES1603,NA,1,5,6,3706,0,0,0,NA,0,045,ROCK SPRINGS RD,ROCK SPRINGS RD 611,0,NA,Y,A,-,N,NA,NA,NA,NA,NA,NA,NA,NA,NA,N,3,0,1,2,A,-,08,22107,NA,N,D,G,A,A,H,-,A,D,0,NA,Y,NA,NA,Y,NA,L,04,0,1,0,0,0,0,1,0,0,-,-,NA,NA,SAN DIEGO,ESCONDIDO,-117.0962441,33.12375982
6889815,2015,2015-05-05,3711,2015-04-19,2300,5600,NA,7,5,7,3711,0,0,0,NA,0,234,PASEO MONTE BATALLA,CAMINITO PASADERO,130,E,N,A,-,N,NA,NA,NA,NA,NA,NA,NA,NA,NA,Y,3,0,1,1,A,-,08,22107,NA,N,F,A,A,A,H,-,D,D,0,NA,NA,NA,NA,Y,NA,D,22,0,1,0,0,0,0,0,0,0,-,-,NA,NA,SAN DIEGO,SAN DIEGO,-117.06862273,33.0521346
6890209,2015,2015-05-13,3706,2015-03-28,1856,ES0223,NA,6,5,6,3706,0,0,0,NA,0,042,LINCOLN AV,FIG ST,0,NA,Y,A,-,N,NA,NA,NA,NA,NA,NA,NA,NA,NA,Y,2,0,1,1,C,-,18,NA,NA,N,E,I,A,A,H,-,C,A,0,NA,NA,NA,NA,Y,NA,-,-,1,0,0,0,0,0,0,0,0,-,-,NA,NA,SAN DIEGO,ESCONDIDO,-117.07874012,33.13626001
6890430,2015,2016-12-01,9645,2015-04-04,0912,18250,NA,6,1,7,3711,0,1,1,NA,2,010,RT 8,HOTEL CIRCLE,1000,W,N,A,-,Y,SD,11,8,-,-,2.04,H,-,W,Y,4,0,1,1,A,-,08,22107,NA,N,E,I,A,A,H,-,A,D,1,NA,NA,NA,NA,Y,NA,A,01,0,0,1,0,0,0,0,0,0,-,-,NA,NA,SAN DIEGO,SAN DIEGO,-117.16993409,32.76057352
6891075,2015,2016-11-19,9680,2015-04-16,0930,015578,NA,4,1,9,3700,0,1,3,NA,1,024,RT 94,SINGER LN,0,NA,Y,A,-,Y,SD,11,94,-,-,15.229,I,5,E,N,4,0,1,2,A,-,03,22350,NA,N,C,C,A,A,H,-,A,D,0,NA,NA,NA,NA,Y,NA,A,01,0,0,1,0,0,0,0,0,0,-,-,32.73457,-116.9408,SAN DIEGO,UNINCORPORATED,-116.9408756,32.73429935