CASE_ID,ACCIDENT_YEAR,PROC_DATE,JURIS,COLLISION_DATE,COLLISION_TIME,OFFICER_ID,REPORTING_DISTRICT,DAY_OF_WEEK,CHP_SHIFT,POPULATION,CNTY_CITY_LOC,SPECIAL_COND,BEAT_TYPE,CHP_BEAT_TYPE,CITY_DIVISION_LAPD,CHP_BEAT_CLASS,BEAT_NUMBER,PRIMARY_RD,SECONDARY_RD,DISTANCE,DIRECTION,INTERSECTION,WEATHER_1,WEATHER_2,STATE_HWY_IND,CALTRANS_COUNTY,CALTRANS_DISTRICT,STATE_ROUTE,ROUTE_SUFFIX,POSTMILE_PREFIX,POSTMILE,LOCATION_TYPE,RAMP_INTERSECTION,SIDE_OF_HWY,TOW_AWAY,COLLISION_SEVERITY,NUMBER_KILLED,NUMBER_INJURED,PARTY_COUNT,PRIMARY_COLL_FACTOR,PCF_CODE_OF_VIOL,PCF_VIOL_CATEGORY,PCF_VIOLATION,PCF_VIOL_SUBSECTION,HIT_AND_RUN,TYPE_OF_COLLISION,MVIW,PED_ACTION,ROAD_SURFACE,ROAD_COND_1,ROAD_COND_2,LIGHTING,CONTROL_DEVICE,CHP_ROAD_TYPE,PEDESTRIAN_ACCIDENT,BICYCLE_ACCIDENT,MOTORCYCLE_ACCIDENT,TRUCK_ACCIDENT,NOT_PRIVATE_PROPERTY,ALCOHOL_INVOLVED,STWD_VEHTYPE_AT_FAULT,CHP_VEHTYPE_AT_FAULT,COUNT_SEVERE_INJ,COUNT_VISIBLE_INJ,COUNT_COMPLAINT_PAIN,COUNT_PED_KILLED,COUNT_PED_INJURED,COUNT_BICYCLIST_KILLED,COUNT_BICYCLIST_INJURED,COUNT_MC_KILLED,COUNT_MC_INJURED,PRIMARY_RAMP,SECONDARY_RAMP,LATITUDE,LONGITUDE,COUNTY,CITY,POINT_X,POINT_Y
7098618,2015,2015-10-21,3711,2015-10-05,1835,6994,NA,1,5,7,3711,0,0,0,NA,0,443,DIVISION ST,MAIN ST,0,NA,Y,A,-,N,NA,NA,NA,NA,NA,NA,NA,NA,NA,Y,4,0,1,2,A,-,08,22107,NA,M,B,C,A,A,H,-,-,A,0,NA,NA,NA,NA,Y,NA,-,NA,0,0,1,0,0,0,0,0,0,-,-,NA,NA,SAN DIEGO,SAN DIEGO,-117.11099004,32.68237006
7099485,2015,2015-10-24,3711,2015-10-08,1104,5300,NA,4,5,7,3711,0,0,0,NA,0,115,GENESEE AV,EXECUTIVE SQ,20,S,N,A,-,N,NA,NA,NA,NA,NA,NA,NA,NA,NA,Y,4,0,1,2,A,-,12,21453,A,N,D,C,A,A,H,-,A,A,0,NA,NA,NA,NA,Y,NA,-,NA,0,0,1,0,0,0,0,0,0,-,-,NA,NA,SAN DIEGO,SAN DIEGO,-117.21415,32.87398521
7099505,2015,2015-10-24,3711,2015-10-08,2156,7285,NA,4,5,7,3711,0,0,0,NA,0,713,LA MEDIA RD,AVENIDA DE LA FUENTE,20,E,N,A,-,N,NA,NA,NA,NA,NA,NA,NA,NA,NA,Y,4,0,1,1,B,-,22,NA,NA,N,E,I,A,A,B,-,D,D,0,NA,NA,NA,NA,Y,NA,-,-,0,0,1,0,0,0,0,0,0,-,-,NA,NA,SAN DIEGO,SAN DIEGO,-116.96247,32.55698
7099555,2015,2015-10-28,3700,2015-09-22,0553,SH1654,NA,2,5,5,3782,0,0,0,NA,0,221,ENCINITAS BL,NORTH VULCAN AV,0,NA,Y,A,-,N,NA,NA,NA,NA,NA,NA,NA,NA,NA,Y,4,0,1,2,A,-,12,21453,A,N,D,C,A,A,H,-,C,A,0,NA,NA,NA,NA,Y,NA,A,01,0,0,1,0,0,0,0,0,0,-,-,NA,NA,SAN DIEGO,ENCINITAS,-117.2929801,33.04886007
7099711,2015,2015-10-28,3700,2015-09-27,1229,SH2784,NA,7,5,5,3782,0,0,0,NA,0,222,REQUEZA ST,REGAL RD,0,NA,Y,A,-,N,NA,NA,NA,NA,NA,NA,NA,NA,NA,N,4,0,1,2,A,-,09,21800,A,N,D,G,A,A,H,-,A,A,0,NA,Y,NA,NA,Y,NA,A,01,0,0,1,0,0,0,1,0,0,-,-,NA,NA,SAN DIEGO,ENCINITAS,-117.28142008,33.04348008
7099744,2015,2015-10-28,3700,2015-09-30,0818,SH7713,NA,3,5,2,3704,0,0,0,NA,0,291,JIMMY DURANTE BL,SAN DIEGUITO DR,1540,E,N,A,-,N,NA,NA,NA,NA,NA,NA,NA,NA,NA,N,4,0,1,2,A,-,04,21703,NA,N,D,C,A,A,H,-,A,D,0,NA,NA,NA,NA,Y,NA,A,07,0,0,1,0,0,0,0,0,0,-,-,NA,NA,SAN DIEGO,DEL MAR,-117.25860548,32.97230638
7102984,2015,2015-10-29,3711,2015-10-05,1921,4849,NA,1,5,7,3711,0,0,0,NA,0,529,6TH AV,PALM AV,0,NA,Y,B,-,N,NA,NA,NA,NA,NA,NA,NA,NA,NA,Y,3,0,1,2,A,-,09,21802,A,N,D,C,A,A,H,-,C,D,0,NA,NA,NA,NA,Y,NA,-,NA,0,1,0,0,0,0,0,0,0,-,-,NA,NA,SAN DIEGO,SAN DIEGO,-117.15942006,32.73557005
7103040,2015,2015-10-29,3711,2015-10-07,0551,5985,NA,3,5,7,3711,0,0,0,NA,0,234,POMERADO RD,RANCHO BERNARDO RD,0,NA,Y,A,-,N,NA,NA,NA,NA,NA,NA,NA,NA,NA,N,4,0,1,2,A,-,10,21950,A,N,G,B,B,A,H,-,C,A,0,Y,NA,NA,NA,Y,NA,A,01,0,0,1,0,1,0,0,0,0,-,-,NA,NA,SAN DIEGO,SAN DIEGO,-117.06102002,33.01878005
7103606,2015,2015-11-04,3705,2015-10-25,1342,EC0281,NA,7,5,5,3705,0,0,0,NA,0,006,FLETCHER PKWY,PIONEER,149,E,N,B,-,N,NA,NA,NA,NA,NA,NA,NA,NA,NA,Y,4,0,2,4,A,-,01,23152,B,N,C,C,A,A,H,-,A,A,0,NA,NA,NA,NA,Y,Y,A,07,0,0,2,0,0,0,0,0,0,-,-,NA,NA,SAN DIEGO,EL CAJON,-116.96696679,32.80778
7103889,2015,2015-11-13,3706,2015-10-24,1529,ES0458,NA,6,5,6,3706,0,0,0,NA,0,044,WASHINGTON AV,ROSE ST,0,NA,Y,A,-,N,NA,NA,NA,NA,NA,NA,NA,NA,NA,Y,3,0,4,3,A,-,12,21453,A,N,D,C,A,A,H,-,A,A,0,NA,NA,NA,NA,Y,NA,A,01,0,1,3,0,0,0,0,0,0,-,-,NA,NA,SAN DIEGO,ESCONDIDO,-117.06090006,33.13729001
7104135,2015,2015-11-12,3702,2015-09-26,2048,CV1061,NA,6,5,6,3702,0,0,0,NA,0,022,ORANGE AV,4TH AV,0,NA,Y,A,-,N,NA,NA,NA,NA,NA,NA,NA,NA,NA,Y,4,0,1,2,A,-,12,21453,A,N,D,C,A,A,H,-,C,A,0,NA,NA,NA,NA,Y,Y,A,01,0,0,1,0,0,0,0,0,0,-,-,NA,NA,SAN DIEGO,CHULA VISTA,-117.06920011,32.60228007
7106411,2015,2015-11-02,3711,2015-10-19,1955,6193,NA,1,5,7,3711,0,0,0,NA,0,311,MURRAY RIDGE RD,CHALAR ST,59,S,N,A,-,N,NA,NA,NA,NA,NA,NA,NA,NA,NA,N,3,0,1,2,A,-,17,21209,A,N,A,G,A,A,H,-,C,D,0,NA,Y,NA,NA,Y,Y,A,01,0,1,0,0,0,0,1,0,0,-,-,NA,NA,SAN DIEGO,SAN DIEGO,-117.14447425,32.79441501
7106417,2015,2015-11-02,3711,2015-10-16,1629,6268,NA,5,5,7,3711,0,0,0,NA,0,826,UNIVERSITY AV,WINONA AV,18,E,Y,A,-,N,NA,NA,NA,NA,NA,NA,NA,NA,NA,Y,4,0,2,2,A,-,12,21453,A,N,D,C,A,A,H,-,A,A,0,NA,NA,NA,NA,Y,NA,-,NA,0,0,2,0,0,0,0,0,0,-,-,NA,NA,SAN DIEGO,SAN DIEGO,-117.08791173,32.74950747
7106734,2015,2015-10-29,3701,2015-10-14,1738,5291,17,3,5,5,3701,0,0,0,NA,0,004,EL CAMINO REAL,CARLSBAD VILLAGE DR,20,N,N,A,-,N,NA,NA,NA,NA,NA,NA,NA,NA,NA,Y,4,0,2,1,C,-,18,NA,NA,N,E,I,A,A,H,-,A,A,0,NA,NA,NA,NA,Y,NA,-,-,0,0,2,0,0,0,0,0,0,-,-,33.17181,-117.3229,SAN DIEGO,CARLSBAD,-117.32272978,33.17174874
7107018,2015,2015-10-30,3711,2015-10-16,0915,6434,CD,5,5,7,3711,0,0,0,NA,0,623,HOTE CIRCLE N,RT 8,15,S,N,C,-,N,NA,NA,NA,NA,NA,NA,NA,NA,NA,Y,4,0,2,2,A,-,04,21703,NA,N,C,C,A,B,H,-,D,D,0,NA,NA,NA,NA,Y,NA,-,NA,0,0,2,0,0,0,0,0,0,-,-,NA,NA,SAN DIEGO,SAN DIEGO,-117.17205852,32.7605417
7108127,2015,2016-07-19,3700,2015-09-17,0047,SH2558,NA,4,5,5,3712,0,0,0,NA,0,354,NORDAHL RD,CENTER DR,0,NA,Y,A,-,N,NA,NA,NA,NA,NA,NA,NA,NA,NA,N,4,0,2,2,A,-,03,22350,NA,N,C,C,A,A,H,-,C,A,0,NA,NA,NA,NA,Y,NA,A,01,0,0,2,0,0,0,0,0,0,-,-,NA,NA,SAN DIEGO,SAN MARCOS,-117.12062013,33.13359008
7109062,2015,2015-11-10,3711,2015-10-19,0732,6780,NA,1,5,7,3711,0,0,0,NA,0,826,EL CAJON BL,48TH ST,130,E,N,A,-,N,NA,NA,NA,NA,NA,NA,NA,NA,NA,Y,3,0,1,2,A,-,08,22103,NA,N,C,E,A,A,H,-,A,D,0,NA,NA,NA,NA,Y,NA,-,NA,0,1,0,0,0,0,0,0,0,-,-,NA,NA,SAN DIEGO,SAN DIEGO,-117.09072312,32.75626211
7109110,2015,2015-11-05,3711,2015-10-19,1615,6860,NA,1,5,7,3711,0,0,0,NA,0,712,BEYER BL,PRECISION PARK LN,0,NA,Y,A,-,N,NA,NA,NA,NA,NA,NA,NA,NA,NA,Y,4,0,1,2,A,-,09,21801,A,N,D,C,A,A,H,-,A,D,0,NA,NA,NA,NA,Y,NA,-,NA,0,0,1,0,0,0,0,0,0,-,-,NA,NA,SAN DIEGO,SAN DIEGO,-117.0600301,32.56546008
7110569,2015,2015-11-18,3706,2015-10-23,0706,ES1603,NA,5,5,6,3706,0,0,0,NA,0,045,WASHINGTON AV,QUINCE ST,0,NA,Y,A,-,N,NA,NA,NA,NA,NA,NA,NA,NA,NA,N,4,0,1,2,A,-,10,21950,A,N,G,B,B,A,H,-,C,A,0,Y,NA,NA,NA,Y,Y,A,01,0,0,1,0,1,0,0,0,0,-,-,NA,NA,SAN DIEGO,ESCONDIDO,-117.09196004,33.12444006
7113132,2015,2016-08-10,3711,2015-10-25,1520,4507,SANDI,7,5,7,3711,0,0,0,NA,0,115,GOVERNOR DR,GREENWICH DR,168,W,N,B,-,N,NA,NA,NA,NA,NA,NA,NA,NA,NA,Y,4,0,2,2,A,-,03,22350,NA,N,C,C,A,A,H,-,A,D,0,NA,NA,NA,NA,Y,NA,-,NA,0,0,2,0,0,0,0,0,0,-,-,NA,NA,SAN DIEGO,SAN DIEGO,-117.18699453,32.85523033
7113133,2015,2015-11-06,3711,2015-10-27,1954,6646,SANDI,2,5,7,3711,0,0,0,NA,0,827,WINONA AV,UNIVERSITY AV 4900,0,NA,Y,A,-,N,NA,NA,NA,NA,NA,NA,NA,NA,NA,N,4,0,1,2,A,-,09,21801,A,M,D,C,A,A,H,-,C,-,0,NA,NA,NA,NA,Y,NA,-,NA,0,0,1,0,0,0,0,0,0,-,-,NA,NA,SAN DIEGO,SAN DIEGO,NA,NA
7113770,2015,2015-11-13,3710,2015-10-30,1100,OC121,NA,5,5,6,3710,0,0,0,NA,0,021,DOUGLAS DR,EL CAMINIO REAL,90,S,N,A,-,N,NA,NA,NA,NA,NA,NA,NA,NA,NA,Y,3,0,2,2,A,-,03,22350,NA,N,C,C,A,A,H,-,A,A,0,NA,NA,NA,NA,Y,NA,A,01,0,1,1,0,0,0,0,0,0,-,-,NA,NA,SAN DIEGO,OCEANSIDE,-117.32584547,33.23079989
7113793,2015,2015-11-13,3711,2015-10-30,1630,7247,EASTE,5,5,7,3711,0,0,0,NA,0,311,MURPHY CANYON RD,NORTH AV,5,S,N,A,-,N,NA,NA,NA,NA,NA,NA,NA,NA,NA,N,4,0,1,2,A,-,08,22107,NA,F,-,G,A,A,H,-,A,-,0,NA,Y,NA,NA,Y,NA,-,NA,0,0,1,0,0,0,1,0,0,-,-,NA,NA,SAN DIEGO,SAN DIEGO,NA,NA
7114630,2015,2015-11-10,3711,2015-10-28,0500,4539,NA,3,5,7,3711,0,0,0,NA,0,931,SORRENTO PKWY,LUSK BL,1056,S,N,A,-,N,NA,NA,NA,NA,NA,NA,NA,NA,NA,Y,3,0,1,2,A,-,09,21804,A,N,D,C,A,A,H,-,C,D,0,NA,NA,NA,NA,Y,NA,-,NA,0,1,0,0,0,0,0,0,0,-,-,NA,NA,SAN DIEGO,SAN DIEGO,-117.21540034,32.89621547
7116026,2015,2015-11-17,3706,2015-10-27,2120,ES0466,NA,2,5,6,3706,0,0,0,NA,0,051,17TH AV,ENCINO PL,0,NA,Y,A,-,N,NA,NA,NA,NA,NA,NA,NA,NA,NA,Y,3,0,3,2,A,-,09,21802,A,N,D,C,A,A,H,-,C,A,0,NA,NA,NA,NA,Y,NA,A,01,0,1,2,0,0,0,0,0,0,-,-,NA,NA,SAN DIEGO,ESCONDIDO,-117.06204007,33.10798011
7116069,2015,2015-11-17,3710,2015-10-30,1130,OC1037,NA,5,5,6,3710,0,0,0,NA,0,025,MELROSE DR,OCEANSIDE BL,0,S,N,A,-,N,NA,NA,NA,NA,NA,NA,NA,NA,NA,Y,4,0,1,2,A,-,04,21703,NA,N,C,C,A,A,H,-,A,A,0,NA,NA,NA,NA,Y,NA,A,01,0,0,1,0,0,0,0,0,0,-,-,NA,NA,SAN DIEGO,OCEANSIDE,-117.25928002,33.22082003
7116219,2015,2015-11-18,3711,2015-11-05,1920,4507,NA,4,5,7,3711,0,0,0,NA,0,115,EASTGATE MALL,EASTER WY,0,NA,Y,A,-,N,NA,NA,NA,NA,NA,NA,NA,NA,NA,Y,4,0,2,2,A,-,09,21801,A,N,A,C,A,A,H,-,-,A,0,NA,NA,NA,NA,Y,NA,-,NA,0,0,2,0,0,0,0,0,0,-,-,NA,NA,SAN DIEGO,SAN DIEGO,-117.2111201,32.87838003
7117916,2015,2015-12-04,3706,2015-11-10,1401,ES0393,NA,2,5,6,3706,0,0,0,NA,0,045,AUTO PARK WY,STATE ST,234,N,N,A,-,N,NA,NA,NA,NA,NA,NA,NA,NA,NA,Y,3,0,1,2,A,-,03,22350,NA,N,D,C,A,A,H,-,A,D,0,NA,NA,NA,Y,Y,NA,A,01,0,1,0,0,0,0,0,0,0,-,-,NA,NA,SAN DIEGO,ESCONDIDO,-117.11332004,33.1215812
7117956,2015,2015-11-30,3706,2015-11-13,1425,ES0402,NA,5,5,6,3706,0,0,0,NA,0,042,N FIG ST,E MISSION AV,0,NA,Y,A,-,N,NA,NA,NA,NA,NA,NA,NA,NA,NA,N,4,0,1,2,A,-,12,21453,A,M,D,C,A,A,H,-,A,A,0,NA,NA,NA,NA,Y,NA,-,NA,0,0,1,0,0,0,0,0,0,-,-,NA,NA,SAN DIEGO,ESCONDIDO,-117.07726005,33.13288004
7118382,2015,2015-11-18,3700,2015-10-08,1856,SH2560,NA,4,5,5,3713,0,0,0,NA,0,312,SOUTH MELROSE DR,SUNSET DR,125,S,N,A,-,N,NA,NA,NA,NA,NA,NA,NA,NA,NA,Y,2,0,1,3,A,-,07,21658,A,N,B,G,A,A,H,-,C,A,0,NA,Y,NA,NA,Y,NA,L,04,1,0,0,0,0,0,1,0,0,-,-,NA,NA,SAN DIEGO,VISTA,-117.25374392,33.17743801
7118421,2015,2015-11-17,3700,2015-10-20,0648,SH2126,NA,2,5,5,3713,0,0,0,NA,0,307,EAST VISTA WY,VALE TERRACE DR,0,NA,Y,A,-,N,NA,NA,NA,NA,NA,NA,NA,NA,NA,Y,3,0,3,2,A,-,12,21453,A,N,D,C,A,A,H,-,A,A,0,NA,NA,NA,NA,Y,NA,A,01,0,1,2,0,0,0,0,0,0,-,-,NA,NA,SAN DIEGO,VISTA,-117.23200005,33.21110007
7118682,2015,2015-11-18,3705,2015-10-19,1325,EC0281,NA,1,5,5,3705,0,0,0,NA,0,007,1ST ST,MADISON,196,N,N,B,-,N,NA,NA,NA,NA,NA,NA,NA,NA,NA,Y,4,0,4,2,A,-,03,22350,NA,N,C,C,A,A,H,-,A,D,0,NA,NA,NA,NA,Y,NA,A,01,0,0,4,0,0,0,0,0,0,-,-,NA,NA,SAN DIEGO,EL CAJON,-116.94460193,32.80067673
7118689,2015,2015-11-18,3710,2015-10-26,1735,OC1398,NA,1,5,6,3710,0,0,0,NA,0,034,COLLEGE BL,OCEANSIDE BL,0,NA,Y,A,-,N,NA,NA,NA,NA,NA,NA,NA,NA,NA,N,4,0,1,2,A,-,10,21950,A,F,G,B,B,A,H,-,A,A,0,Y,NA,NA,NA,Y,Y,-,NA,0,0,1,0,1,0,0,0,0,-,-,NA,NA,SAN DIEGO,OCEANSIDE,-117.28506002,33.20730009
7120026,2015,2015-11-20,3700,2015-11-05,1620,SH0029,NA,4,5,5,3713,0,0,0,NA,0,313,SUNSET DR,VIA REATA,410,W,N,A,-,N,NA,NA,NA,NA,NA,NA,NA,NA,NA,N,3,0,1,2,A,-,11,21954,A,F,G,B,E,A,H,-,A,D,0,Y,NA,NA,NA,Y,NA,N,60,0,1,0,0,1,0,0,0,0,-,-,NA,NA,SAN DIEGO,VISTA,-117.24570038,33.18013263
7122766,2015,2015-11-25,3710,2015-11-06,1228,OC0874,NA,5,5,6,3710,0,0,0,NA,0,018,NORTH RIVER,FESTIVAL,0,NA,Y,A,-,N,NA,NA,NA,NA,NA,NA,NA,NA,NA,Y,3,0,1,2,A,-,09,21801,B,N,D,C,A,A,H,-,A,D,0,NA,NA,NA,NA,Y,NA,A,01,0,1,0,0,0,0,0,0,0,-,-,NA,NA,SAN DIEGO,OCEANSIDE,-117.31709006,33.2452501
7123979,2015,2015-12-01,3711,2015-11-11,0720,6403,SD,3,5,7,3711,0,0,0,NA,0,243,CAMINO SANTA FE,DENTON RD,120,S,N,A,-,N,NA,NA,NA,NA,NA,NA,NA,NA,NA,Y,4,0,1,1,A,-,03,22350,NA,N,E,I,A,A,B,-,A,A,0,NA,NA,NA,NA,Y,NA,A,01,0,0,1,0,0,0,0,0,0,-,-,NA,NA,SAN DIEGO,SAN DIEGO,NA,NA
7123986,2015,2015-12-01,3711,2015-11-10,1742,5734,NA,2,5,7,3711,0,0,0,NA,0,243,MIRALANI DR,MIRALANI DR 8300,0,NA,N,A,-,N,NA,NA,NA,NA,NA,NA,NA,NA,NA,Y,4,0,1,2,A,-,08,22107,NA,N,F,C,A,A,H,-,C,D,0,NA,NA,NA,NA,Y,NA,A,01,0,0,1,0,0,0,0,0,0,-,-,NA,NA,SAN DIEGO,SAN DIEGO,-117.14283764,32.89565544
7126769,2015,2017-02-04,3710,2015-11-16,2215,OC1396,NA,1,5,6,3710,0,0,0,NA,0,006,RT 76,RT 5,0,NA,Y,A,-,Y,SD,11,76,-,R,0.078,I,5,E,N,4,0,4,2,A,-,12,21453,A,N,D,C,A,A,H,-,C,A,0,NA,NA,NA,NA,Y,NA,D,22,0,0,4,0,0,0,0,0,0,-,-,NA,NA,SAN DIEGO,OCEANSIDE,-117.38275711,33.20591368
7128508,2015,2015-12-10,3706,2015-11-20,1750,ES0318,NA,5,5,6,3706,0,0,0,NA,0,042,MISSION AV,FIG ST,217,W,N,A,-,N,NA,NA,NA,NA,NA,NA,NA,NA,NA,Y,4,0,1,2,A,-,03,22350,NA,N,C,C,A,A,H,-,C,A,0,NA,NA,NA,NA,Y,NA,D,22,0,0,1,0,0,0,0,0,0,-,-,NA,NA,SAN DIEGO,ESCONDIDO,-117.07791677,33.13266108
7128968,2015,2015-12-09,3711,2015-11-18,1643,6366,NA,3,5,7,3711,0,0,0,NA,0,233,CARMEL MOUNTAIN RD,SPARREN  AV,7,E,N,A,-,N,NA,NA,NA,NA,NA,NA,NA,NA,NA,N,4,0,1,2,A,-,08,22107,NA,N,B,C,A,A,H,-,B,D,0,NA,NA,NA,NA,Y,NA,A,01,0,0,1,0,0,0,0,0,0,-,-,NA,NA,SAN DIEGO,SAN DIEGO,-117.1369473,32.9633412
7128992,2015,2015-12-09,3711,2015-11-24,1826,7128,NA,2,5,7,3711,0,0,0,NA,0,122,GARNET AV,ALBUQUERQUE ST,0,NA,Y,B,G,N,NA,NA,NA,NA,NA,NA,NA,NA,NA,N,4,0,1,3,A,-,03,22350,NA,N,C,C,A,A,H,-,C,A,0,NA,NA,Y,NA,Y,NA,C,06,0,0,1,0,0,0,0,0,1,-,-,NA,NA,SAN DIEGO,SAN DIEGO,-117.21769008,32.80643002
7130727,2015,2015-12-09,3711,2015-11-25,1600,6495,SD,3,5,7,3711,0,0,0,NA,0,834,MARLBOROUGH AV,WIGHTMAN ST,163,S,N,A,-,N,NA,NA,NA,NA,NA,NA,NA,NA,NA,Y,3,0,1,2,C,-,18,NA,NA,N,C,E,A,A,H,-,A,-,0,NA,NA,NA,NA,Y,NA,-,-,0,1,0,0,0,0,0,0,0,-,-,NA,NA,SAN DIEGO,SAN DIEGO,-117.10572239,32.74733352
7130953,2015,2017-02-03,3700,2015-10-22,0428,SH5620,NA,4,5,4,3780,0,0,0,NA,0,412,RT 67,POWAY RD,50,N,N,A,-,Y,SD,11,67,-,-,15.21,H,-,S,Y,2,0,1,1,A,-,03,22350,NA,N,E,J,A,A,H,-,D,A,0,NA,NA,Y,NA,Y,NA,C,02,1,0,0,0,0,0,0,0,1,-,-,NA,NA,SAN DIEGO,POWAY,-116.97342037,32.97868585
7131222,2015,2015-12-07,3709,2015-11-26,1507,484,NA,4,5,5,3709,0,0,0,NA,0,020,EAST DIVISION ST,CANNA ST,0,NA,Y,B,-,N,NA,NA,NA,NA,NA,NA,NA,NA,NA,Y,4,0,2,3,A,-,09,21803,A,N,D,C,A,A,H,-,A,D,0,NA,NA,NA,NA,Y,NA,A,07,0,0,2,0,0,0,0,0,0,-,-,NA,NA,SAN DIEGO,NATIONAL CITY,-117.10743011,32.68334001
7134020,2015,2017-01-18,3700,2015-09-04,1827,SH7366,NA,5,5,4,3707,0,0,0,NA,0,702,PALM AV,9TH ST,0,NA,Y,A,-,Y,SD,11,76,-,-,10.57,I,6,E,N,3,0,1,2,A,-,11,21456,B,N,D,G,A,A,H,-,A,A,0,NA,Y,NA,NA,Y,NA,L,04,0,1,0,0,0,0,1,0,0,-,-,NA,NA,SAN DIEGO,IMPERIAL BEACH,-117.23567584,33.27316103
7136644,2015,2015-12-17,3705,2015-10-13,1355,EC0277,NA,2,5,5,3705,0,0,0,NA,0,009,E MADISON AV,WALTER,0,NA,Y,A,-,N,NA,NA,NA,NA,NA,NA,NA,NA,NA,Y,2,0,1,2,A,-,09,21802,A,N,B,C,A,A,H,-,A,A,0,NA,NA,Y,NA,Y,NA,A,01,1,0,0,0,0,0,0,0,1,-,-,NA,NA,SAN DIEGO,EL CAJON,-116.9345801,32.80017001
7137124,2015,2015-12-17,3711,2015-12-08,0816,7333,NA,2,5,7,3711,0,0,0,NA,0,827,UNIVERSITY AV,52ND ST,9,E,N,A,-,N,NA,NA,NA,NA,NA,NA,NA,NA,NA,N,3,0,1,2,A,-,10,21950,A,N,G,B,B,A,H,-,A,A,0,Y,NA,NA,NA,Y,NA,-,NA,0,1,0,0,1,0,0,0,0,-,-,NA,NA,SAN DIEGO,SAN DIEGO,-117.08356083,32.74909966
7137141,2015,2015-12-17,3711,2015-12-02,1452,6487,SD,3,5,7,3711,0,0,0,NA,0,834,UNIVERSITY AV,MARLBOROUGH AV,8,E,N,A,-,N,NA,NA,NA,NA,NA,NA,NA,NA,NA,Y,3,0,1,2,A,-,08,22101,D,N,D,C,A,A,H,-,A,A,0,NA,NA,NA,NA,Y,NA,-,NA,0,1,0,0,0,0,0,0,0,-,-,NA,NA,SAN DIEGO,SAN DIEGO,-117.10566407,32.74968
7137148,2015,2017-02-03,3711,2015-12-05,1213,5812,SAN D,6,5,7,3711,0,0,0,NA,0,113,REGENT RD,RT 52,24,N,N,B,-,Y,SD,11,52,-,-,1.16,R,4,E,Y,4,0,1,2,A,-,08,22107,NA,N,C,C,A,A,H,-,A,A,0,NA,NA,NA,NA,Y,NA,A,01,0,0,1,0,0,0,0,0,0,-,EF,NA,NA,SAN DIEGO,SAN DIEGO,-117.22068383,32.84045126
7137157,2015,2015-12-17,3711,2015-12-06,1714,6877,NA,7,5,7,3711,0,0,0,NA,0,712,DAIRY MART RD,WEST SAN YSIDRO BL,0,NA,Y,A,-,N,NA,NA,NA,NA,NA,NA,NA,NA,NA,N,4,0,3,2,A,-,09,21801,A,N,A,C,A,A,H,-,C,A,0,NA,NA,NA,NA,Y,NA,-,NA,0,0,3,0,0,0,0,0,0,-,-,NA,NA,SAN DIEGO,SAN DIEGO,-117.06241003,32.55963012
7137251,2015,2016-01-21,3711,2015-12-07,1305,7082,NA,1,5,7,3711,0,0,0,NA,0,835,POPLAR ST,FAIRMOUNT AV,200,W,N,A,-,N,NA,NA,NA,NA,NA,NA,NA,NA,NA,Y,3,0,1,2,A,-,08,22103,NA,N,B,C,A,A,H,-,A,D,0,NA,NA,NA,Y,Y,NA,A,01,0,1,0,0,0,0,0,0,0,-,-,NA,NA,SAN DIEGO,SAN DIEGO,-117.1014614,32.7380647
7140881,2015,2015-12-23,3701,2015-12-06,2143,5363,68,7,5,5,3701,0,0,0,NA,0,002,CARLSBAD BL,TIERRA DEL ORO,516,N,N,A,-,N,NA,NA,NA,NA,NA,NA,NA,NA,NA,Y,2,0,1,1,A,-,01,23152,A,N,-,I,A,A,H,-,C,D,0,NA,NA,NA,NA,Y,NA,D,22,1,0,0,0,0,0,0,0,0,-,-,NA,NA,SAN DIEGO,CARLSBAD,-117.33695173,33.13454738
7140903,2015,2015-12-21,3701,2015-12-12,0442,5474,19,6,5,5,3701,0,0,0,NA,0,004,CARLSBAD VILLAGE DR,PONTIAC DR,27,W,N,A,-,N,NA,NA,NA,NA,NA,NA,NA,NA,NA,Y,3,0,1,1,A,-,01,23152,A,N,A,I,A,A,H,-,C,A,0,NA,NA,NA,NA,Y,Y,A,01,0,1,0,0,0,0,0,0,0,-,-,33.17206,-117.31266,SAN DIEGO,CARLSBAD,-117.31266761,33.17197268
7141464,2015,2016-01-04,3711,2015-12-15,1540,5611,NA,2,5,7,3711,0,0,0,NA,0,241,CARROLL CANYON RD,CARROLL CANYON RD 9800,0,NA,Y,A,-,N,NA,NA,NA,NA,NA,NA,NA,NA,NA,N,3,0,2,4,A,-,03,22350,NA,N,C,C,A,A,H,-,A,D,0,NA,NA,NA,NA,Y,NA,D,22,0,1,1,0,0,0,0,0,0,-,-,32.54126,-117.65092,SAN DIEGO,SAN DIEGO,-117.1149677,32.90342651
7141468,2015,2016-01-04,3711,2015-12-15,1326,4923,NA,2,5,7,3711,0,0,0,NA,0,242,MIRA MESA BL,WESTVIEW PKWY,70,W,N,A,-,N,NA,NA,NA,NA,NA,NA,NA,NA,NA,N,3,0,1,3,A,-,03,22350,NA,N,C,-,A,A,H,-,A,A,0,NA,NA,NA,NA,Y,NA,-,NA,0,1,0,0,0,0,0,0,0,-,-,NA,NA,SAN DIEGO,SAN DIEGO,-117.1207473,32.9173165
7141873,2015,2015-12-30,3711,2015-12-18,1738,7403,NA,5,5,7,3711,0,0,0,NA,0,433,IMPERIAL AV,55TH ST,57,W,N,A,-,N,NA,NA,NA,NA,NA,NA,NA,NA,NA,N,3,0,1,2,A,-,11,21950,B,N,G,B,D,A,H,-,C,A,0,Y,NA,NA,NA,Y,NA,N,60,0,1,0,0,1,0,0,0,0,-,-,NA,NA,SAN DIEGO,SAN DIEGO,-117.07666764,32.70758734
7142104,2015,2015-12-28,3711,2015-12-09,1858,7124,NA,3,5,7,3711,0,0,0,NA,0,511,NEWTON AV,CESAR E CHAVEZ PKWY,0,NA,Y,A,-,N,NA,NA,NA,NA,NA,NA,NA,NA,NA,N,4,0,1,2,A,-,09,21801,A,N,D,C,A,A,H,-,C,A,0,NA,NA,NA,NA,Y,NA,A,01,0,0,1,0,0,0,0,0,0,-,-,NA,NA,SAN DIEGO,SAN DIEGO,-117.14582004,32.69984006
7142117,2015,2016-01-06,3711,2015-12-11,1810,4771,NA,5,5,7,3711,0,0,0,NA,0,721,THERMAL AV,DAHLIA,0,NA,Y,B,-,N,NA,NA,NA,NA,NA,NA,NA,NA,NA,Y,4,0,3,2,A,-,09,21802,A,N,D,C,A,A,H,-,C,A,0,NA,NA,NA,NA,Y,NA,-,-,0,0,3,0,0,0,0,0,0,-,-,NA,NA,SAN DIEGO,SAN DIEGO,-117.09699,32.58291001