CASE_ID,ACCIDENT_YEAR,PROC_DATE,JURIS,COLLISION_DATE,COLLISION_TIME,OFFICER_ID,REPORTING_DISTRICT,DAY_OF_WEEK,CHP_SHIFT,POPULATION,CNTY_CITY_LOC,SPECIAL_COND,BEAT_TYPE,CHP_BEAT_TYPE,CITY_DIVISION_LAPD,CHP_BEAT_CLASS,BEAT_NUMBER,PRIMARY_RD,SECONDARY_RD,DISTANCE,DIRECTION,INTERSECTION,WEATHER_1,WEATHER_2,STATE_HWY_IND,CALTRANS_COUNTY,CALTRANS_DISTRICT,STATE_ROUTE,ROUTE_SUFFIX,POSTMILE_PREFIX,POSTMILE,LOCATION_TYPE,RAMP_INTERSECTION,SIDE_OF_HWY,TOW_AWAY,COLLISION_SEVERITY,NUMBER_KILLED,NUMBER_INJURED,PARTY_COUNT,PRIMARY_COLL_FACTOR,PCF_CODE_OF_VIOL,PCF_VIOL_CATEGORY,PCF_VIOLATION,PCF_VIOL_SUBSECTION,HIT_AND_RUN,TYPE_OF_COLLISION,MVIW,PED_ACTION,ROAD_SURFACE,ROAD_COND_1,ROAD_COND_2,LIGHTING,CONTROL_DEVICE,CHP_ROAD_TYPE,PEDESTRIAN_ACCIDENT,BICYCLE_ACCIDENT,MOTORCYCLE_ACCIDENT,TRUCK_ACCIDENT,NOT_PRIVATE_PROPERTY,ALCOHOL_INVOLVED,STWD_VEHTYPE_AT_FAULT,CHP_VEHTYPE_AT_FAULT,COUNT_SEVERE_INJ,COUNT_VISIBLE_INJ,COUNT_COMPLAINT_PAIN,COUNT_PED_KILLED,COUNT_PED_INJURED,COUNT_BICYCLIST_KILLED,COUNT_BICYCLIST_INJURED,COUNT_MC_KILLED,COUNT_MC_INJURED,PRIMARY_RAMP,SECONDARY_RAMP,LATITUDE,LONGITUDE,COUNTY,CITY,POINT_X,POINT_Y
8034582,2016,2016-05-04,3711,2016-04-21,1655,6611,NA,4,5,7,3711,0,0,0,NA,0,122,GARNET AV,MORRELL ST,0,NA,Y,A,-,N,NA,NA,NA,NA,NA,NA,NA,NA,NA,N,3,0,1,2,A,-,10,21950,A,N,G,B,B,A,H,-,A,D,0,Y,NA,NA,NA,Y,NA,-,NA,0,1,0,0,1,0,0,0,0,-,-,NA,NA,SAN DIEGO,SAN DIEGO,-117.23350001,32.80140006
8034653,2016,2016-05-04,3710,2016-04-06,1114,OC1355,NA,3,5,6,3710,0,0,0,NA,0,018,VANDERGRIFT BL,N REDONDO DR,367,S,N,A,-,N,NA,NA,NA,NA,NA,NA,NA,NA,NA,Y,4,0,2,2,A,-,07,21658,A,N,C,C,A,A,D,-,A,D,0,NA,NA,Y,NA,Y,NA,A,01,0,0,2,0,0,0,0,0,1,-,-,NA,NA,SAN DIEGO,OCEANSIDE,-117.29964674,33.25383205
8035008,2016,2016-05-09,3706,2016-04-26,1609,318,ESCON,2,5,6,3706,0,0,0,NA,0,044,LINCOLN AV,ERICA ST,0,NA,Y,A,-,N,NA,NA,NA,NA,NA,NA,NA,NA,NA,Y,4,0,1,2,A,-,03,22350,NA,N,C,C,A,A,H,-,A,D,0,NA,NA,NA,NA,Y,NA,D,22,0,0,1,0,0,0,0,0,0,-,-,33.14604,-117.06103,SAN DIEGO,ESCONDIDO,-117.06106008,33.14609008
8035195,2016,2016-05-13,3706,2016-04-25,2015,485,NA,1,5,6,3706,0,0,0,NA,0,044,WASHINGTON AV,ROSE ST,0,NA,Y,C,-,N,NA,NA,NA,NA,NA,NA,NA,NA,NA,Y,4,0,2,3,A,-,12,21453,A,N,D,C,A,B,H,-,C,A,0,NA,NA,NA,NA,Y,NA,A,01,0,0,2,0,0,0,0,0,0,-,-,33.13724,-117.06095,SAN DIEGO,ESCONDIDO,-117.06090006,33.13729001
8035216,2016,2016-05-27,3711,2016-05-18,0047,7252,NA,3,5,7,3711,0,0,0,NA,0,126,NORTH TORREY PINES RD,GENESEE AV,0,NA,Y,B,-,N,NA,NA,NA,NA,NA,NA,NA,NA,NA,Y,3,0,1,1,A,-,03,22350,NA,N,E,J,A,A,H,-,C,A,0,NA,NA,NA,NA,Y,NA,-,NA,0,1,0,0,0,0,0,0,0,-,-,NA,NA,SAN DIEGO,SAN DIEGO,-117.2403501,32.89174001
8035218,2016,2016-06-06,3711,2016-05-10,1047,7355,NA,2,5,7,3711,0,0,0,NA,0,083,POLK AV,HIGHLAND,120,E,N,A,-,N,NA,NA,NA,NA,NA,NA,NA,NA,NA,N,4,0,1,2,A,-,09,21804,A,N,D,C,A,A,H,-,A,D,0,NA,NA,Y,NA,Y,NA,O,05,0,0,1,0,0,0,0,0,1,-,-,NA,NA,SAN DIEGO,SAN DIEGO,-117.09832104,32.75139637
8037448,2016,2016-05-12,3711,2016-04-29,1540,6969,WESTE,5,5,7,3711,0,0,0,NA,0,621,ULRIC,BURROUGHS ST,138,N,N,A,-,N,NA,NA,NA,NA,NA,NA,NA,NA,NA,N,4,0,1,3,A,-,03,22350,NA,N,C,C,A,A,H,-,A,A,0,NA,NA,NA,NA,Y,NA,-,-,0,0,1,0,0,0,0,0,0,-,-,NA,NA,SAN DIEGO,SAN DIEGO,-117.16921958,32.78453292
8037592,2016,2016-05-11,3711,2016-04-30,1500,7448,NA,6,5,7,3711,0,0,0,NA,0,521,MARKET ST,6TH AV,0,NA,Y,A,-,N,NA,NA,NA,NA,NA,NA,NA,NA,NA,N,4,0,1,2,A,-,10,21950,A,N,G,B,B,A,H,-,A,A,0,Y,NA,NA,NA,Y,NA,-,NA,0,0,1,0,1,0,0,0,0,-,-,NA,NA,SAN DIEGO,SAN DIEGO,-117.15927007,32.71151006
8037605,2016,2016-05-11,3711,2016-04-28,1706,7459,NA,4,5,7,3711,0,0,0,NA,0,115,EXECUTIVE WY,GENESEE AV,1056,E,N,A,-,N,NA,NA,NA,NA,NA,NA,NA,NA,NA,Y,3,0,2,2,A,-,09,21801,A,N,A,C,A,A,H,-,A,D,0,NA,NA,NA,NA,Y,NA,-,NA,0,1,1,0,0,0,0,0,0,-,-,NA,NA,SAN DIEGO,SAN DIEGO,-117.21073891,32.87524928
8037629,2016,2016-05-11,3711,2016-04-28,1745,4527,NA,4,5,7,3711,0,0,0,NA,0,512,SOUTH 32ND ST,MARTIN,3,S,N,A,-,N,NA,NA,NA,NA,NA,NA,NA,NA,NA,N,4,0,1,2,A,-,12,22450,A,N,D,C,A,A,H,-,B,A,0,NA,NA,NA,NA,Y,NA,-,NA,0,0,1,0,0,0,0,0,0,-,-,NA,NA,SAN DIEGO,SAN DIEGO,-117.12517976,32.69942179
8038318,2016,2016-06-10,3711,2016-05-08,1724,7425,NA,7,5,7,3711,0,0,0,NA,0,934,EL CAMINIO REAL,TORREY RESERVE DRIVEWAY,12,S,N,A,-,N,NA,NA,NA,NA,NA,NA,NA,NA,NA,Y,3,0,1,2,D,-,00,NA,NA,N,A,C,A,A,H,-,A,A,0,NA,NA,NA,NA,Y,NA,-,-,0,1,0,0,0,0,0,0,0,-,-,NA,NA,SAN DIEGO,SAN DIEGO,-117.23794162,32.92765566
8039389,2016,2016-05-23,3702,2016-04-29,1712,CV1178,NA,5,5,6,3702,0,0,0,NA,0,032,LAKE SHORE DR,BROOKSTONE RD,0,NA,Y,A,-,N,NA,NA,NA,NA,NA,NA,NA,NA,NA,N,4,0,1,2,A,-,11,21950,B,N,G,B,B,A,H,-,A,D,0,Y,NA,NA,NA,Y,NA,N,60,0,0,1,0,1,0,0,0,0,-,-,NA,NA,SAN DIEGO,CHULA VISTA,-116.98026,32.65286002
8039405,2016,2016-05-23,3702,2016-04-05,1109,CV1166,NA,2,5,6,3702,0,0,0,NA,0,023,TELEGRAPH CANYON RD,PASEO DEL REY,0,NA,Y,A,-,N,NA,NA,NA,NA,NA,NA,NA,NA,NA,N,4,0,1,2,B,-,22,NA,NA,N,B,C,A,A,H,-,A,A,0,NA,NA,NA,NA,Y,NA,A,01,0,0,1,0,0,0,0,0,0,-,-,NA,NA,SAN DIEGO,CHULA VISTA,-117.03429007,32.6275101
8040376,2016,2016-05-16,3710,2016-05-04,0333,OC1401,NA,3,5,6,3710,0,0,0,NA,0,009,OCEANSIDE BL,VINE ST,25,E,N,A,-,N,NA,NA,NA,NA,NA,NA,NA,NA,NA,Y,4,0,1,1,A,-,08,22107,NA,N,H,A,A,A,H,-,C,A,0,NA,NA,Y,NA,Y,NA,C,02,0,0,1,0,0,0,0,0,1,-,-,NA,NA,SAN DIEGO,OCEANSIDE,-117.36419383,33.18887644
8042596,2016,2016-05-17,3709,2016-04-13,1036,466,NA,3,5,5,3709,0,0,0,NA,0,021,EAST PLAZA BL,L AV,0,NA,Y,A,-,N,NA,NA,NA,NA,NA,NA,NA,NA,NA,Y,4,0,1,2,A,-,12,21453,A,N,D,C,A,A,H,-,A,A,0,NA,NA,NA,NA,Y,NA,A,01,0,0,1,0,0,0,0,0,0,-,-,NA,NA,SAN DIEGO,NATIONAL CITY,-117.09413011,32.67721006
8042616,2016,2016-05-17,3700,2016-04-23,1615,SH0179,NA,6,5,5,3713,0,0,0,NA,0,313,SOUTH MELROSE DR,COUNTY COMPLEX DR,455,N,N,A,-,N,NA,NA,NA,NA,NA,NA,NA,NA,NA,Y,3,0,1,3,A,-,03,22350,NA,N,C,C,A,A,H,-,A,A,0,NA,NA,NA,NA,Y,NA,A,01,0,1,0,0,0,0,0,0,0,-,-,NA,NA,SAN DIEGO,VISTA,-117.25384104,33.19166994
8043512,2016,2016-05-20,3708,2016-04-29,0724,LM8263,NA,5,5,5,3708,0,0,0,NA,0,002,JACKSON DR,CENTER DR,0,NA,Y,A,-,N,NA,NA,NA,NA,NA,NA,NA,NA,NA,Y,3,0,1,2,B,-,22,NA,NA,N,D,D,A,A,H,-,A,A,0,NA,NA,NA,NA,Y,NA,A,01,0,1,0,0,0,0,0,0,0,-,-,NA,NA,SAN DIEGO,LA MESA,-117.01577008,32.77635008
8044554,2016,2016-05-26,3706,2016-05-17,1733,447,ESCON,2,5,6,3706,0,0,0,NA,0,042,N ESCONDIDO BL,SIGNATURE PAVILLION WY,405,N,N,B,-,N,NA,NA,NA,NA,NA,NA,NA,NA,NA,Y,4,0,1,2,A,-,09,21804,A,N,A,C,A,A,H,-,A,A,0,NA,NA,NA,NA,Y,NA,A,01,0,0,1,0,0,0,0,0,0,-,-,NA,NA,SAN DIEGO,ESCONDIDO,-117.08625376,33.12321321
8045432,2016,2016-05-23,3702,2016-05-10,1722,CV1101,NA,2,5,6,3702,0,0,0,NA,0,032,OTAY LAKES RD,EAST LAKE PKWY,768,W,N,A,-,N,NA,NA,NA,NA,NA,NA,NA,NA,NA,N,4,0,1,2,A,-,03,22350,NA,N,C,C,A,A,H,-,A,A,0,NA,NA,NA,NA,Y,NA,A,01,0,0,1,0,0,0,0,0,0,-,-,NA,NA,SAN DIEGO,CHULA VISTA,-116.96781905,32.64738213
8045575,2016,2016-05-26,3701,2016-05-22,1106,5302,91,7,5,5,3701,0,0,0,NA,0,007,EL CAMINO REAL,DOVE LN,25,W,N,A,-,N,NA,NA,NA,NA,NA,NA,NA,NA,NA,Y,4,0,1,2,A,-,03,22350,NA,N,C,C,A,A,-,-,A,A,0,NA,NA,NA,NA,Y,NA,A,07,0,0,1,0,0,0,0,0,0,-,-,33.10242,-117.26655,SAN DIEGO,CARLSBAD,-117.26710915,33.10528657
8046690,2016,2016-05-17,3711,2016-05-08,1300,7387,NA,7,5,7,3711,0,0,0,NA,0,324,NAVAJO RD,LAKE MURRAY BL,40,E,N,B,-,N,NA,NA,NA,NA,NA,NA,NA,NA,NA,N,4,0,1,2,A,-,03,22350,NA,N,C,C,A,A,H,-,A,A,0,NA,NA,NA,NA,Y,NA,-,NA,0,0,1,0,0,0,0,0,0,-,-,NA,NA,SAN DIEGO,SAN DIEGO,-117.0103304,32.8029252
8046718,2016,2016-05-17,3711,2016-05-07,1446,7425,NA,6,5,7,3711,0,0,0,NA,0,931,MIRA MESA BL,MIRA MESA BL  5900,20,S,N,A,-,N,NA,NA,NA,NA,NA,NA,NA,NA,NA,Y,3,0,1,2,A,-,08,22107,NA,N,A,C,A,A,H,-,A,A,0,NA,NA,NA,NA,Y,NA,-,NA,0,1,0,0,0,0,0,0,0,-,-,NA,NA,SAN DIEGO,SAN DIEGO,NA,NA
8046892,2016,2016-05-19,3710,2016-05-10,1214,OC1274,NA,2,5,6,3710,0,0,0,NA,0,030,THUNDER,LINDA DR,63,S,N,A,-,N,NA,NA,NA,NA,NA,NA,NA,NA,NA,N,4,0,1,2,A,-,08,22107,NA,F,C,E,A,A,H,-,A,D,0,NA,NA,NA,NA,Y,NA,D,22,0,0,1,0,0,0,0,0,0,-,-,NA,NA,SAN DIEGO,OCEANSIDE,-117.28817,33.1934074
8048168,2016,2016-05-25,3706,2016-05-09,0650,495,ESCON,1,5,6,3706,0,0,0,NA,0,052,JUNIPER ST,GRAND AV,120,S,N,A,-,N,NA,NA,NA,NA,NA,NA,NA,NA,NA,N,3,0,1,2,A,-,11,21955,NA,N,G,B,D,A,H,-,A,D,0,Y,NA,NA,NA,Y,NA,N,60,0,1,0,0,1,0,0,0,0,-,-,33.12303,-117.0787,SAN DIEGO,ESCONDIDO,-117.07873,33.123
8049218,2016,2016-06-03,3711,2016-05-21,1518,5046,NA,6,5,7,3711,0,0,0,NA,0,035,VIA DE LA VALLE,EL CAMINO REAL,1056,W,N,A,-,N,NA,NA,NA,NA,NA,NA,NA,NA,NA,Y,4,0,1,2,A,-,03,22350,NA,N,A,C,A,A,H,-,A,D,0,NA,NA,NA,NA,Y,NA,D,23,0,0,1,0,0,0,0,0,0,-,-,NA,NA,SAN DIEGO,SAN DIEGO,-117.23361103,32.98165456
8049277,2016,2016-06-03,3711,2016-05-19,1427,7129,NA,4,5,7,3711,0,0,0,NA,0,437,ALTA VIEW DR,CASEY ST,22,E,N,A,-,N,NA,NA,NA,NA,NA,NA,NA,NA,NA,NA,4,0,1,2,A,-,09,21802,A,N,D,C,A,A,H,-,A,A,0,NA,NA,NA,NA,Y,NA,-,NA,0,0,1,0,0,0,0,0,0,-,-,NA,NA,SAN DIEGO,SAN DIEGO,-117.03480865,32.67864177
8049935,2016,2016-06-08,3711,2016-05-28,0300,6422,NA,6,5,7,3711,0,0,0,NA,0,524,A ST,10TH AV,30,E,N,A,-,N,NA,NA,NA,NA,NA,NA,NA,NA,NA,Y,4,0,1,2,A,-,08,22107,NA,N,C,C,A,A,H,-,C,A,0,NA,NA,NA,NA,Y,NA,-,NA,0,0,1,0,0,0,0,0,0,-,-,NA,NA,SAN DIEGO,SAN DIEGO,-117.15552278,32.71886
8050315,2016,2016-08-29,3701,2016-05-23,1044,5355,79,1,5,5,3701,0,0,0,NA,0,006,EL CAMINIO REAL,GATEWAY RD,0,NA,Y,A,-,N,NA,NA,NA,NA,NA,NA,NA,NA,NA,N,4,0,1,2,A,-,03,22350,NA,N,C,C,A,A,H,-,A,A,0,NA,NA,NA,NA,Y,NA,A,01,0,0,1,0,0,0,0,0,0,-,-,NA,NA,SAN DIEGO,CARLSBAD,-117.26614003,33.12677
8050833,2016,2016-06-03,3710,2016-04-15,1845,OC1291,NA,5,5,6,3710,0,0,0,NA,0,025,OLD GROVE,MESA,0,NA,Y,A,-,N,NA,NA,NA,NA,NA,NA,NA,NA,NA,N,3,0,1,2,A,-,09,21453,B,N,B,C,A,A,H,-,B,A,0,NA,NA,Y,NA,Y,NA,C,02,0,1,0,0,0,0,0,0,1,-,-,NA,NA,SAN DIEGO,OCEANSIDE,-117.29871006,33.21995003
8051234,2016,2016-06-02,3709,2016-05-20,2120,479,NATIO,5,5,5,3709,0,0,0,NA,0,024,EAST 30TH ST,F AV,26,W,N,A,-,N,NA,NA,NA,NA,NA,NA,NA,NA,NA,N,3,0,1,2,A,-,10,21950,A,N,G,B,C,A,H,-,C,A,0,Y,NA,NA,NA,Y,NA,A,07,0,1,0,0,1,0,0,0,0,-,-,NA,NA,SAN DIEGO,NATIONAL CITY,-117.09345966,32.65857696
8053151,2016,2016-06-13,3711,2016-05-28,2015,7315,NA,6,5,7,3711,0,0,0,NA,0,813,PARK BL,ROBINSON AV,0,NA,Y,A,-,N,NA,NA,NA,NA,NA,NA,NA,NA,NA,N,4,0,1,2,A,-,08,22107,NA,N,G,B,B,A,H,-,C,A,0,Y,NA,NA,NA,Y,NA,-,NA,0,0,1,0,1,0,0,0,0,-,-,NA,NA,SAN DIEGO,SAN DIEGO,-117.14629,32.74644004
8054592,2016,2016-07-13,3711,2016-06-02,1326,7111,5D,4,5,7,3711,0,0,0,NA,0,526,SAN DIEGO ST,BEECH ST,0,NA,Y,A,-,N,NA,NA,NA,NA,NA,NA,NA,NA,NA,Y,3,0,1,2,A,-,12,21453,A,N,D,C,A,A,H,-,A,A,0,NA,NA,NA,NA,Y,NA,-,NA,0,1,0,0,0,0,0,0,0,-,-,NA,NA,SAN DIEGO,SAN DIEGO,NA,NA
8055245,2016,2016-06-20,3711,2016-05-19,1316,4691,NA,4,5,7,3711,0,0,0,NA,0,242,WESTVIEW PKWY,MIRA MESA BL,528,S,N,A,-,N,NA,NA,NA,NA,NA,NA,NA,NA,NA,Y,4,0,1,2,A,-,-,NA,NA,N,D,C,A,A,H,-,A,D,0,NA,NA,NA,NA,Y,NA,-,NA,0,0,1,0,0,0,0,0,0,-,-,NA,NA,SAN DIEGO,SAN DIEGO,-117.12049238,32.91587449
8055246,2016,2016-06-09,3711,2016-05-25,0649,5939,NA,3,5,7,3711,0,0,0,NA,0,241,CARROLL CANYON RD,MAYA LINDA RD,24,S,N,B,-,N,NA,NA,NA,NA,NA,NA,NA,NA,NA,Y,4,0,1,2,D,-,00,NA,NA,N,D,C,A,A,H,-,A,A,0,NA,NA,NA,NA,Y,NA,-,-,0,0,1,0,0,0,0,0,0,-,-,NA,NA,SAN DIEGO,SAN DIEGO,-117.11805789,32.90336781
8055247,2016,2016-06-09,3711,2016-05-25,2229,5472,NA,3,5,7,3711,0,0,0,NA,0,232,CAMINO DEL NORTE,PASEO LUCIDO,150,E,N,A,-,N,NA,NA,NA,NA,NA,NA,NA,NA,NA,Y,4,0,1,2,A,-,03,22350,NA,N,C,C,A,A,H,-,C,A,0,NA,NA,Y,NA,Y,Y,O,05,0,0,1,0,0,0,0,0,1,-,-,NA,NA,SAN DIEGO,SAN DIEGO,-117.07170176,32.9907235
8056111,2016,2016-08-29,3709,2016-05-18,0851,424,SOUTH,3,5,5,3709,0,0,0,NA,0,020,6TH ST,G AVE,0,NA,Y,A,-,N,NA,NA,NA,NA,NA,NA,NA,NA,NA,Y,4,0,1,2,A,-,09,21803,A,N,D,C,A,A,H,-,A,A,0,NA,NA,NA,NA,Y,NA,-,NA,0,0,1,0,0,0,0,0,0,-,-,NA,NA,SAN DIEGO,NATIONAL CITY,-117.10042013,32.67957008
8056194,2016,2016-06-08,3706,2016-05-17,1955,458,ESPD,2,5,6,3706,0,0,0,NA,0,041,EL NORTE PKWY,GAMBLE ST,0,NA,Y,A,-,N,NA,NA,NA,NA,NA,NA,NA,NA,NA,Y,4,0,2,2,A,-,01,23152,A,N,D,C,A,A,H,-,C,A,0,NA,NA,NA,NA,Y,Y,A,07,0,0,2,0,0,0,0,0,0,-,-,NA,NA,SAN DIEGO,ESCONDIDO,-117.08438012,33.14127004
8056237,2016,2016-06-08,3706,2016-05-30,1601,489,ESCON,1,5,6,3706,0,0,0,NA,0,045,TULIP ST,VALLEY PKWY W,0,NA,Y,A,-,N,NA,NA,NA,NA,NA,NA,NA,NA,NA,N,4,0,1,2,A,-,03,22350,NA,N,C,C,A,A,H,-,A,A,0,NA,NA,NA,NA,Y,NA,A,07,0,0,1,0,0,0,0,0,0,-,-,33.11756,-117.09499,SAN DIEGO,ESCONDIDO,-117.09492012,33.11759005
8057408,2016,2016-06-20,3711,2016-05-21,1620,7459,NA,6,5,7,3711,0,0,0,NA,0,234,16TH AV,RIOS RD,19,S,N,A,-,N,NA,NA,NA,NA,NA,NA,NA,NA,NA,N,2,0,1,2,A,-,08,22107,NA,M,B,G,A,A,H,-,A,A,0,NA,Y,NA,NA,Y,NA,A,01,1,0,0,0,0,0,1,0,0,-,-,NA,NA,SAN DIEGO,SAN DIEGO,NA,NA
8057993,2016,2016-07-21,3711,2016-07-09,0659,5718,NA,6,5,7,3711,0,0,0,NA,0,242,10700 CAMINO RUIZ,CAMINO RUIZ,75,S,N,B,-,N,NA,NA,NA,NA,NA,NA,NA,NA,NA,N,3,0,1,2,A,-,05,21202,A,N,A,G,A,A,H,-,A,D,0,NA,Y,NA,NA,Y,NA,L,04,0,1,0,0,0,0,1,0,0,-,-,NA,NA,SAN DIEGO,SAN DIEGO,NA,NA
8059305,2016,2016-06-15,3711,2016-06-06,1533,6379,NA,1,5,7,3711,0,0,0,NA,0,124,LA JOLLA VILLAGE DR,LA JOLLA SCENIC DR,24,E,N,A,-,N,NA,NA,NA,NA,NA,NA,NA,NA,NA,N,4,0,3,2,A,-,03,22350,NA,N,C,C,A,A,H,-,A,A,0,NA,NA,NA,NA,Y,NA,A,01,0,0,3,0,0,0,0,0,0,-,-,NA,NA,SAN DIEGO,SAN DIEGO,-117.24085153,32.87033138
8061184,2016,2016-07-21,3711,2016-07-11,2250,6961,NA,1,5,7,3711,0,0,0,NA,0,517,F ST,22ND ST,0,NA,Y,A,-,N,NA,NA,NA,NA,NA,NA,NA,NA,NA,N,4,0,1,2,A,-,12,22450,A,N,D,G,A,A,H,-,D,D,0,NA,Y,NA,NA,Y,NA,L,04,0,0,1,0,0,0,1,0,0,-,-,NA,NA,SAN DIEGO,SAN DIEGO,-117.14403009,32.71371003
8062601,2016,2016-06-14,3700,2016-05-11,2131,SH1725,NA,3,5,5,3712,0,0,0,NA,0,349,SAN ELIJO RD,NORTHSTAR WY,0,NA,Y,B,-,N,NA,NA,NA,NA,NA,NA,NA,NA,NA,Y,4,0,1,2,D,-,00,NA,NA,M,D,C,A,A,H,-,C,D,0,NA,NA,NA,NA,Y,NA,-,-,0,0,1,0,0,0,0,0,0,-,-,NA,NA,SAN DIEGO,SAN MARCOS,-117.21878011,33.09996006
8063425,2016,2016-08-11,3703,2016-06-03,1125,1270,NA,5,5,3,3703,0,0,0,NA,0,001,1ST ST,B AV,158,E,N,A,-,N,NA,NA,NA,NA,NA,NA,NA,NA,NA,Y,4,0,1,2,A,-,03,22350,NA,N,C,C,A,A,H,-,A,D,0,NA,NA,NA,NA,Y,NA,A,01,0,0,1,0,0,0,0,0,0,-,-,NA,NA,SAN DIEGO,CORONADO,-117.16954161,32.69758734
8064812,2016,2016-06-16,3702,2016-05-16,1220,CV0652,NA,1,5,6,3702,0,0,0,NA,0,024,MAIN ST,4TH AV,150,E,N,B,-,N,NA,NA,NA,NA,NA,NA,NA,NA,NA,N,4,0,1,2,A,-,03,22350,NA,N,C,C,A,A,H,-,A,A,0,NA,NA,NA,NA,Y,NA,A,01,0,0,1,0,0,0,0,0,0,-,-,NA,NA,SAN DIEGO,CHULA VISTA,-117.06852485,32.59477866
8065010,2016,2016-06-17,3711,2016-06-07,2330,7449,NA,2,5,7,3711,0,0,0,NA,0,834,UNIVERSITY AV,43RD ST,0,NA,Y,A,-,N,NA,NA,NA,NA,NA,NA,NA,NA,NA,Y,4,0,1,2,A,-,12,21453,A,N,D,C,A,A,H,-,C,A,0,NA,NA,NA,NA,Y,NA,A,01,0,0,1,0,0,0,0,0,0,-,-,NA,NA,SAN DIEGO,SAN DIEGO,-117.10202012,32.74962011
8065022,2016,2016-06-17,3711,2016-06-07,1254,7314,NA,2,5,7,3711,0,0,0,NA,0,122,GARNET AV,INGRAHAM ST,10,E,N,A,-,N,NA,NA,NA,NA,NA,NA,NA,NA,NA,N,4,0,1,2,A,-,08,22107,NA,M,G,B,B,A,H,-,A,A,0,Y,NA,NA,NA,Y,NA,-,NA,0,0,1,0,1,0,0,0,0,-,-,NA,NA,SAN DIEGO,SAN DIEGO,-117.24080872,32.79976726
8068910,2016,2016-06-30,3700,2016-05-27,1531,SH1725,NA,5,5,5,3712,0,0,0,NA,0,350,WEST MISSION RD,MARCOS ST,50,W,N,A,-,N,NA,NA,NA,NA,NA,NA,NA,NA,NA,N,4,0,1,2,A,-,03,22350,NA,N,C,C,A,A,H,-,A,A,0,NA,NA,NA,NA,Y,NA,D,22,0,0,1,0,0,0,0,0,0,-,-,NA,NA,SAN DIEGO,SAN MARCOS,-117.17044651,33.14458775
8070806,2016,2017-02-15,3708,2016-06-10,1129,LM1225,NA,5,5,5,3708,0,0,0,NA,0,002,GROSSMONT BL,RT 125,43,E,N,A,-,Y,SD,11,125,-,R,15.302,R,4,N,N,4,0,2,2,A,-,03,22350,NA,N,C,C,A,A,H,-,A,A,0,NA,NA,NA,NA,Y,NA,D,22,0,0,2,0,0,0,0,0,0,-,SF,NA,NA,SAN DIEGO,LA MESA,-117.00324386,32.77658055
8070848,2016,2016-06-30,3702,2016-05-24,1229,CV0773,NA,2,5,6,3702,0,0,0,NA,0,021,BROADWAY,OXFORD,418,S,N,A,-,N,NA,NA,NA,NA,NA,NA,NA,NA,NA,Y,4,0,3,3,A,-,04,21703,NA,N,C,C,A,A,H,-,A,A,0,NA,NA,NA,NA,Y,NA,A,01,0,0,3,0,0,0,0,0,0,-,-,NA,NA,SAN DIEGO,CHULA VISTA,-117.07964569,32.6056502
8071873,2016,2016-08-10,3701,2016-07-21,1853,5420,66,4,5,5,3701,0,0,0,NA,0,002,PASEO DEL NORTE,CAR COUNTRY DR,0,NA,Y,A,-,N,NA,NA,NA,NA,NA,NA,NA,NA,NA,N,3,0,1,1,A,-,00,27515,D,N,H,A,A,A,H,-,A,A,0,NA,NA,NA,NA,Y,NA,-,NA,0,1,0,0,0,0,0,0,0,-,-,33.12762,-117.32356,SAN DIEGO,CARLSBAD,-117.32354013,33.12766011
8072139,2016,2016-06-29,3711,2016-06-19,1544,6949,NA,7,5,7,3711,0,0,0,NA,0,512,IMPERIAL AV,EVANS ST,18,E,N,A,-,N,NA,NA,NA,NA,NA,NA,NA,NA,NA,Y,4,0,1,1,A,-,08,22107,NA,N,E,I,A,A,H,-,A,D,0,NA,NA,NA,NA,Y,NA,A,08,0,0,1,0,0,0,0,0,0,-,-,NA,NA,SAN DIEGO,SAN DIEGO,-117.13541169,32.70637065
8072142,2016,2016-06-28,3711,2016-06-20,1035,4691,NA,1,5,7,3711,0,0,0,NA,0,241,HIBERT ST,SCRIPPS RANCH BL,528,W,N,A,-,N,NA,NA,NA,NA,NA,NA,NA,NA,NA,Y,4,0,1,2,B,-,22,NA,NA,N,D,C,A,A,H,-,A,D,0,NA,NA,NA,NA,Y,NA,-,NA,0,0,1,0,0,0,0,0,0,-,-,NA,NA,SAN DIEGO,SAN DIEGO,-117.11166468,32.91384002
8072478,2016,2016-08-02,3711,2016-06-20,1009,7322,NA,1,5,7,3711,0,0,0,NA,0,714,RAIL CT,EAST SAN YSIDRO BL,90,E,N,A,-,N,NA,NA,NA,NA,NA,NA,NA,NA,NA,N,3,0,1,2,A,-,11,21955,NA,N,A,B,D,A,H,-,A,A,0,Y,NA,NA,NA,Y,NA,-,-,0,1,0,0,1,0,0,0,0,-,-,NA,NA,SAN DIEGO,SAN DIEGO,-117.02858191,32.54398301
8072606,2016,2016-06-30,3700,2016-06-21,1607,SH0327,NA,2,5,5,3712,0,0,0,NA,0,351,W BORDEN RD,CASITA LN,226,E,N,A,-,N,NA,NA,NA,NA,NA,NA,NA,NA,NA,N,4,0,1,2,A,-,08,22107,NA,N,B,C,A,A,H,-,A,D,0,NA,NA,NA,NA,Y,NA,A,01,0,0,1,0,0,0,0,0,0,-,-,NA,NA,SAN DIEGO,SAN MARCOS,-117.19292583,33.16044607
8072739,2016,2016-06-30,3705,2016-06-17,2047,RC0344,NA,5,5,5,3705,0,0,0,NA,0,009,MOLLISON,PARK AV,292,S,N,A,-,N,NA,NA,NA,NA,NA,NA,NA,NA,NA,Y,3,0,4,2,A,-,03,22350,NA,N,C,C,A,A,H,-,C,D,0,NA,NA,NA,NA,Y,NA,A,01,0,1,3,0,0,0,0,0,0,-,-,NA,NA,SAN DIEGO,EL CAJON,-116.95099,32.79740036
8072744,2016,2017-02-07,3705,2016-06-01,0817,EC0344,NA,3,5,5,3705,0,0,0,NA,0,010,MOLLISON,RT 8,0,NA,Y,B,-,Y,SD,11,8,-,-,16.34,R,1,E,N,4,0,1,4,A,-,10,21950,A,N,G,B,B,A,H,-,A,A,0,Y,NA,NA,NA,Y,NA,A,01,0,0,1,0,1,0,0,0,0,-,EF,NA,NA,SAN DIEGO,EL CAJON,-116.95319867,32.80294138