CASE_ID,ACCIDENT_YEAR,PROC_DATE,JURIS,COLLISION_DATE,COLLISION_TIME,OFFICER_ID,REPORTING_DISTRICT,DAY_OF_WEEK,CHP_SHIFT,POPULATION,CNTY_CITY_LOC,SPECIAL_COND,BEAT_TYPE,CHP_BEAT_TYPE,CITY_DIVISION_LAPD,CHP_BEAT_CLASS,BEAT_NUMBER,PRIMARY_RD,SECONDARY_RD,DISTANCE,DIRECTION,INTERSECTION,WEATHER_1,WEATHER_2,STATE_HWY_IND,CALTRANS_COUNTY,CALTRANS_DISTRICT,STATE_ROUTE,ROUTE_SUFFIX,POSTMILE_PREFIX,POSTMILE,LOCATION_TYPE,RAMP_INTERSECTION,SIDE_OF_HWY,TOW_AWAY,COLLISION_SEVERITY,NUMBER_KILLED,NUMBER_INJURED,PARTY_COUNT,PRIMARY_COLL_FACTOR,PCF_CODE_OF_VIOL,PCF_VIOL_CATEGORY,PCF_VIOLATION,PCF_VIOL_SUBSECTION,HIT_AND_RUN,TYPE_OF_COLLISION,MVIW,PED_ACTION,ROAD_SURFACE,ROAD_COND_1,ROAD_COND_2,LIGHTING,CONTROL_DEVICE,CHP_ROAD_TYPE,PEDESTRIAN_ACCIDENT,BICYCLE_ACCIDENT,MOTORCYCLE_ACCIDENT,TRUCK_ACCIDENT,NOT_PRIVATE_PROPERTY,ALCOHOL_INVOLVED,STWD_VEHTYPE_AT_FAULT,CHP_VEHTYPE_AT_FAULT,COUNT_SEVERE_INJ,COUNT_VISIBLE_INJ,COUNT_COMPLAINT_PAIN,COUNT_PED_KILLED,COUNT_PED_INJURED,COUNT_BICYCLIST_KILLED,COUNT_BICYCLIST_INJURED,COUNT_MC_KILLED,COUNT_MC_INJURED,PRIMARY_RAMP,SECONDARY_RAMP,LATITUDE,LONGITUDE,COUNTY,CITY,POINT_X,POINT_Y
8143080,2016,2016-11-02,3705,2016-09-19,1504,EC0337,NA,1,5,5,3705,0,0,0,NA,0,009,E MADISON,4TH,60,E,N,A,-,N,NA,NA,NA,NA,NA,NA,NA,NA,NA,N,3,0,1,2,A,-,03,22350,NA,N,C,C,A,A,H,-,A,A,0,NA,NA,NA,NA,Y,NA,-,NA,0,1,0,0,0,0,0,0,0,-,-,NA,NA,SAN DIEGO,EL CAJON,-116.91793546,32.80017197
8143644,2016,2017-01-19,3711,2016-10-26,1910,7376,NA,3,5,7,3711,0,0,0,NA,0,111,CLAIRMONT MESA BL,FRINK AV,0,NA,Y,A,-,N,NA,NA,NA,NA,NA,NA,NA,NA,NA,Y,3,0,2,2,A,-,03,22350,NA,N,C,C,A,A,H,-,C,A,0,NA,NA,NA,NA,Y,NA,A,01,0,1,1,0,0,0,0,0,0,-,-,NA,NA,SAN DIEGO,SAN DIEGO,-117.19155009,32.83455001
8143736,2016,2016-11-15,3711,2016-11-01,1530,7413,NA,2,5,7,3711,0,0,0,NA,0,826,EUCLID AV,EUCLID AV 4100,0,NA,-,A,-,N,NA,NA,NA,NA,NA,NA,NA,NA,NA,N,4,0,2,3,A,-,00,22703,NA,N,C,C,A,A,H,-,A,A,0,NA,NA,Y,NA,Y,NA,C,06,0,0,2,0,0,0,0,0,2,-,-,NA,NA,SAN DIEGO,SAN DIEGO,-117.09228069,32.7513475
81444630,2021,2021-04-07,3706,2021-03-23,2239,545,ESCON,2,5,6,3706,0,0,0,NA,0,055,CENTRE CITY PY,09TH AV,0,NA,Y,A,-,Y,NA,NA,NA,NA,NA,NA,NA,NA,NA,N,4,0,2,2,A,-,12,21453,A,N,A,C,A,A,H,-,C,A,0,NA,NA,NA,NA,Y,NA,A,07,0,0,2,0,0,0,0,0,0,-,-,33.111881256103516,-117.08161926269533,SAN DIEGO,ESCONDIDO,NA,NA
8144559,2016,2016-12-14,3710,2016-11-09,2205,OC1403,NA,3,5,6,3710,0,0,0,NA,0,010,SANTA BARBARA,BUSH,0,NA,Y,A,-,N,NA,NA,NA,NA,NA,NA,NA,NA,NA,N,3,0,2,2,A,-,09,21800,D,N,D,C,A,A,H,-,C,D,0,NA,NA,NA,NA,Y,NA,A,01,0,2,0,0,0,0,0,0,0,-,-,NA,NA,SAN DIEGO,OCEANSIDE,-117.37198002,33.20251007
8144656,2016,2016-12-19,3711,2016-11-22,1257,7401,3711,2,5,7,3711,0,0,0,NA,0,122,FOOTHILL BL,VICKIE DR,0,S,N,A,-,N,NA,NA,NA,NA,NA,NA,NA,NA,NA,N,3,0,1,2,A,-,09,21801,A,N,A,C,A,A,H,-,A,A,0,NA,NA,NA,NA,Y,NA,-,NA,0,1,0,0,0,0,0,0,0,-,-,NA,NA,SAN DIEGO,SAN DIEGO,-117.24806013,32.80994005
8146215,2016,2016-10-17,3706,2016-10-06,0803,499,ESCON,4,5,6,3706,0,0,0,NA,0,052,MAPLE ST,15TH AV,609,S,N,A,-,N,NA,NA,NA,NA,NA,NA,NA,NA,NA,N,4,0,1,2,A,-,09,21804,A,N,D,C,A,A,H,-,A,D,0,NA,NA,NA,NA,Y,NA,A,01,0,0,1,0,0,0,0,0,0,-,-,33.10842,-117.07392,SAN DIEGO,ESCONDIDO,-117.07291014,33.10700996
8146674,2016,2016-10-19,3711,2016-10-04,2030,7463,NA,2,5,7,3711,0,0,0,NA,0,242,MIRA MESA BL,MIRA MESA BL 9400,0,NA,Y,A,-,N,NA,NA,NA,NA,NA,NA,NA,NA,NA,N,4,0,1,2,A,-,03,22350,NA,N,G,B,D,A,H,-,C,-,0,Y,NA,NA,NA,Y,NA,A,01,0,0,1,0,1,0,0,0,0,-,-,NA,NA,SAN DIEGO,SAN DIEGO,-117.1227318,32.9172554
8146702,2016,2016-10-18,3711,2016-10-08,1930,7008,SANDI,6,5,7,3711,0,0,0,NA,0,837,39TH ST,ROWAN ST,75,S,N,A,-,N,NA,NA,NA,NA,NA,NA,NA,NA,NA,N,3,0,1,1,C,-,18,NA,NA,N,H,J,A,A,H,-,C,D,0,NA,NA,NA,NA,Y,NA,-,-,0,1,0,0,0,0,0,0,0,-,-,NA,NA,SAN DIEGO,SAN DIEGO,-117.11067117,32.72572534
8146714,2016,2016-10-19,3711,2016-10-08,1842,7111,SD,6,5,7,3711,0,0,0,NA,0,516,MARKET ST,30TH ST,0,NA,Y,A,-,N,NA,NA,NA,NA,NA,NA,NA,NA,NA,N,3,0,2,3,A,-,11,21456,B,N,A,B,B,A,H,-,C,A,0,Y,NA,NA,NA,Y,NA,N,60,0,2,0,0,2,0,0,0,0,-,-,NA,NA,SAN DIEGO,SAN DIEGO,-117.1302001,32.71165005
81467521,2021,2021-05-07,3706,2021-04-27,0927,480,ESCON,2,5,6,3706,0,0,0,NA,0,045,QUINCE ST,WASHINGTON AV,0,NA,Y,A,-,N,NA,NA,NA,NA,NA,NA,NA,NA,NA,N,3,0,1,2,A,-,05,21650,1,N,D,G,A,A,H,-,A,A,0,NA,Y,NA,NA,Y,NA,L,04,0,1,0,0,0,0,1,0,0,-,-,33.1243782043457,-117.09195709228516,SAN DIEGO,ESCONDIDO,-117.09196472167967,33.12443542480469
81470734,2021,2021-05-12,3701,2021-05-04,1745,CB5522,091,2,5,5,3701,0,0,0,NA,0,007,EL CAMINO REAL,POINSETTIA LN,398,S,N,A,-,N,NA,NA,NA,NA,NA,NA,NA,NA,NA,Y,4,0,2,2,A,-,08,22107,NA,N,C,C,A,A,H,-,A,D,0,NA,NA,NA,NA,Y,NA,A,01,0,0,2,0,0,0,0,0,0,-,-,33.10942840576172,-117.26978302001952,SAN DIEGO,CARLSBAD,-117.2690887451172,33.10873794555664
8147109,2016,2016-11-23,3700,2016-08-12,1813,SH1088,NA,5,5,4,3707,0,0,0,NA,0,710,IMPERIAL BEACH BL,GEORGIA ST,49,W,N,A,-,N,NA,NA,NA,NA,NA,NA,NA,NA,NA,N,3,0,1,2,A,-,12,22450,A,N,D,G,A,A,H,-,A,D,0,NA,Y,NA,NA,Y,NA,L,04,0,1,0,0,0,0,1,0,0,-,-,NA,NA,SAN DIEGO,IMPERIAL BEACH,-117.10468852,32.57652136
81482546,2021,2021-05-27,3706,2021-05-15,0734,519,ESCON,6,5,6,3706,0,0,0,NA,0,055,QUINCE ST,11TH AV,185,S,N,A,-,N,NA,NA,NA,NA,NA,NA,NA,NA,NA,N,3,0,2,2,A,-,09,21801,A,N,A,C,A,A,H,-,A,D,0,NA,NA,NA,NA,Y,NA,D,22,0,2,0,0,0,0,0,0,0,-,-,33.10929870605469,-117.08193969726563,SAN DIEGO,ESCONDIDO,-117.08152770996094,33.108829498291016
8149651,2016,2016-10-25,3700,2016-09-19,0710,SH7341,NA,1,5,4,3780,0,0,0,NA,0,406,TWIN PEAKS RD,ROBERTO RIO RD,38,S,N,A,-,N,NA,NA,NA,NA,NA,NA,NA,NA,NA,N,4,0,1,2,A,-,03,22350,NA,N,C,C,A,A,H,-,A,D,0,NA,NA,NA,NA,Y,NA,A,07,0,0,1,0,0,0,0,0,0,-,-,NA,NA,SAN DIEGO,POWAY,-117.02548,32.97813
8149693,2016,2016-10-24,3700,2016-10-04,1624,SH0327,NA,2,5,5,3712,0,0,0,NA,0,357,BARHAM DR,LA MOREE RD,746,W,N,A,-,N,NA,NA,NA,NA,NA,NA,NA,NA,NA,Y,3,0,1,2,A,-,08,22107,NA,N,D,C,A,A,H,-,A,D,0,NA,NA,Y,NA,Y,NA,A,01,0,1,0,0,0,0,0,0,1,-,-,NA,NA,SAN DIEGO,SAN MARCOS,-117.15629909,33.13447808
81497942,2021,2021-06-16,3706,2021-06-11,0700,1833,ESCON,5,5,6,3706,0,0,0,NA,0,046,VALLEY PY,CITRUS AV,0,NA,Y,A,-,N,NA,NA,NA,NA,NA,NA,NA,NA,NA,N,3,0,1,2,A,-,10,21950,A,N,G,B,B,A,H,-,A,A,0,Y,NA,NA,NA,Y,NA,D,22,0,1,0,0,1,0,0,0,0,-,-,33.1409797668457,-117.04424285888672,SAN DIEGO,ESCONDIDO,-117.04425048828124,33.14099884033203
8150286,2016,2016-10-31,3700,2016-06-16,1541,SH7516,NA,4,5,5,3781,0,0,0,NA,0,509,PEBBLE BEACH,NEW SEABURY,72,N,N,A,-,N,NA,NA,NA,NA,NA,NA,NA,NA,NA,N,4,0,1,2,A,-,03,22350,NA,N,D,C,A,A,H,-,A,D,0,NA,NA,Y,Y,Y,NA,C,02,0,0,1,0,0,0,0,0,1,-,-,NA,NA,SAN DIEGO,SANTEE,-117.00888238,32.85539719
8151846,2016,2016-10-26,3711,2016-10-13,1215,5072,NA,4,5,7,3711,0,0,0,NA,0,437,PARADISE VALLEY RD,BRIARWOOD RD,0,NA,Y,A,-,N,NA,NA,NA,NA,NA,NA,NA,NA,NA,Y,4,0,1,2,A,-,08,22100,A,N,D,C,A,A,H,-,A,A,0,NA,NA,NA,NA,Y,NA,A,01,0,0,1,0,0,0,0,0,0,-,-,NA,NA,SAN DIEGO,SAN DIEGO,-117.03679012,32.69176009
8151864,2016,2016-12-28,3711,2016-10-11,1233,7419,CENTA,2,5,7,3711,0,0,0,NA,0,522,2ND AV,G ST,0,NA,Y,A,-,N,NA,NA,NA,NA,NA,NA,NA,NA,NA,NA,4,0,1,2,A,-,11,21955,NA,N,A,B,D,A,H,-,A,A,0,Y,NA,NA,NA,Y,NA,N,60,0,0,1,0,1,0,0,0,0,-,-,NA,NA,SAN DIEGO,SAN DIEGO,-117.16289008,32.71257003
8151870,2016,2016-10-26,3711,2016-10-13,0829,7293,N,4,5,7,3711,0,0,0,NA,0,115,EASTGATE,GENESEE,350,E,N,A,-,N,NA,NA,NA,NA,NA,NA,NA,NA,NA,Y,4,0,1,3,A,-,09,21801,A,N,A,C,A,A,H,-,A,D,0,NA,NA,NA,NA,Y,NA,-,NA,0,0,1,0,0,0,0,0,0,-,-,NA,NA,SAN DIEGO,SAN DIEGO,-117.2130473,32.87784621
8151904,2016,2016-10-26,3711,2016-10-13,1127,DIAZ,NA,4,5,7,3711,0,0,0,NA,0,NA,DEL SOL BL,BEVER WY,0,NA,Y,A,-,N,NA,NA,NA,NA,NA,NA,NA,NA,NA,Y,4,0,1,2,A,-,09,21802,A,N,D,C,A,A,H,-,A,A,0,NA,NA,NA,NA,Y,NA,-,NA,0,0,1,0,0,0,0,0,0,-,-,32.57441,-117.06526,SAN DIEGO,SAN DIEGO,-117.06529677,32.5742783
8151958,2016,2016-10-28,3711,2016-10-16,1426,6734,NA,7,5,7,3711,0,0,0,NA,0,615,DEL MAR AV,DEL MAR AV 3752,0,NA,N,A,-,N,NA,NA,NA,NA,NA,NA,NA,NA,NA,Y,3,0,1,1,A,-,03,22350,NA,N,E,I,A,A,H,-,A,D,0,NA,NA,NA,NA,Y,NA,-,NA,0,1,0,0,0,0,0,0,0,-,-,NA,NA,SAN DIEGO,SAN DIEGO,-117.23943472,32.72936043
8151961,2016,2016-10-27,3711,2016-10-10,1245,7527,NA,1,5,7,3711,0,0,0,NA,0,122,RIVIERA DR,ROOSEVELT,45,N,N,A,-,N,NA,NA,NA,NA,NA,NA,NA,NA,NA,N,2,0,1,1,A,-,03,22350,NA,N,H,G,A,A,H,-,A,-,0,NA,Y,NA,NA,Y,NA,L,04,1,0,0,0,0,0,1,0,0,-,-,NA,NA,SAN DIEGO,SAN DIEGO,-117.24079745,32.79003916
8151969,2016,2016-10-27,3711,2016-10-06,2230,6629,NA,4,5,7,3711,0,0,0,NA,0,441,OCEAN VIEW BL,S 39TH ST,15,E,N,A,-,N,NA,NA,NA,NA,NA,NA,NA,NA,NA,Y,3,0,1,2,A,-,09,21802,A,M,D,C,A,A,H,-,C,A,0,NA,NA,NA,NA,Y,Y,-,NA,0,1,0,0,0,0,0,0,0,-,-,NA,NA,SAN DIEGO,SAN DIEGO,-117.11029141,32.70128043
8151974,2016,2016-10-27,3711,2016-10-18,0025,6553,NA,2,5,7,3711,0,0,0,NA,0,824,50TH ST,ORANGE AV,9,N,N,B,-,N,NA,NA,NA,NA,NA,NA,NA,NA,NA,Y,4,0,1,1,A,-,08,22107,NA,N,E,I,A,A,H,-,C,D,0,NA,NA,NA,NA,Y,Y,A,07,0,0,1,0,0,0,0,0,0,-,-,NA,NA,SAN DIEGO,SAN DIEGO,-117.08686,32.75307465
81531196,2021,2021-07-29,3706,2021-07-17,1615,1862,ESCON,6,5,6,3706,0,0,0,NA,0,052,BROADWAY,02ND AV,150,N,N,A,-,N,NA,NA,NA,NA,NA,NA,NA,NA,NA,N,4,0,1,2,A,-,21,22106,NA,N,D,C,A,A,H,-,A,D,0,NA,NA,NA,NA,Y,NA,A,01,0,0,1,0,0,0,0,0,0,-,-,33.120540618896484,-117.08116149902344,SAN DIEGO,ESCONDIDO,-117.08109283447266,33.1210823059082
81531334,2021,2021-07-29,3701,2021-07-07,1832,CB5562,NA,3,5,5,3701,0,0,0,NA,0,NA,LA COSTA AV,PIRAEUS ST,0,NA,Y,A,-,N,NA,NA,NA,NA,NA,NA,NA,NA,NA,N,4,0,1,2,A,-,12,21453,A,N,D,C,A,A,H,-,A,A,0,NA,NA,NA,NA,Y,NA,A,01,0,0,1,0,0,0,0,0,0,-,-,33.08469009399414,-117.29631805419922,SAN DIEGO,CARLSBAD,-117.2963409423828,33.084693908691406
8154938,2016,2016-12-07,3711,2016-10-20,1430,7400,SD,4,5,7,3711,0,0,0,NA,0,611,SPORTS ARENA BL,ROSECRANS ST,24,N,N,A,-,N,NA,NA,NA,NA,NA,NA,NA,NA,NA,Y,4,0,2,2,A,-,09,21453,C,N,B,C,A,A,H,-,A,A,0,NA,NA,NA,NA,Y,NA,-,NA,0,0,2,0,0,0,0,0,0,-,-,NA,NA,SAN DIEGO,SAN DIEGO,-117.20494,32.75153
81565845,2021,2021-09-09,3706,2021-09-02,1720,474,ESCON,4,5,6,3706,0,0,0,NA,0,043,LINCOLN AV,ROCK SPRINGS RD,0,NA,Y,A,-,N,NA,NA,NA,NA,NA,NA,NA,NA,NA,Y,4,0,1,2,A,-,09,21802,A,N,D,C,A,A,H,-,A,A,0,NA,NA,NA,NA,Y,NA,A,07,0,0,1,0,0,0,0,0,0,-,-,33.129859924316406,-117.09935760498048,SAN DIEGO,ESCONDIDO,-117.09908294677734,33.12992858886719
8156974,2016,2016-11-02,3711,2016-10-22,2110,7341,NA,6,5,7,3711,0,0,0,NA,0,122,MISSION BAY DR,ROSEWOOD ST,90,N,N,A,-,N,NA,NA,NA,NA,NA,NA,NA,NA,NA,Y,4,0,1,4,A,-,08,22107,NA,N,C,E,A,A,H,-,C,D,0,NA,NA,NA,NA,Y,NA,-,NA,0,0,1,0,0,0,0,0,0,-,-,NA,NA,SAN DIEGO,SAN DIEGO,-117.21391114,32.80074028
8157018,2016,2016-11-02,3711,2016-10-23,1602,7120,NA,7,5,7,3711,0,0,0,NA,0,813,ILLINOIS ST,LINCOLN AV,0,NA,Y,A,-,N,NA,NA,NA,NA,NA,NA,NA,NA,NA,N,4,0,1,2,A,-,12,22450,A,N,H,A,A,-,H,-,A,D,0,NA,NA,NA,NA,Y,NA,-,NA,0,0,1,0,0,0,0,0,0,-,-,NA,NA,SAN DIEGO,SAN DIEGO,-117.12773005,32.75034009
81570552,2021,2021-09-15,3701,2021-09-11,1040,CB5529,029,6,5,5,3701,0,0,0,NA,0,004,TAMARACK AV,KIRKWALL AV,276,S,N,A,-,N,NA,NA,NA,NA,NA,NA,NA,NA,NA,N,3,0,1,1,A,-,03,22350,NA,N,H,A,A,A,H,-,A,D,0,NA,Y,NA,NA,Y,NA,L,04,0,1,0,0,0,0,1,0,0,-,-,33.162391662597656,-117.30209350585938,SAN DIEGO,CARLSBAD,-117.3025131225586,33.16178894042969
8157700,2016,2016-11-07,3700,2016-10-21,2257,SH0817,NA,5,5,5,3712,0,0,0,NA,0,357,NORTH TWIN OAKS VALLEY DR,WEST SAN MARCOS BL,10,N,N,A,-,N,NA,NA,NA,NA,NA,NA,NA,NA,NA,Y,4,0,3,2,A,-,01,23152,A,N,C,C,A,A,H,-,C,A,0,NA,NA,NA,NA,Y,Y,D,22,0,0,3,0,0,0,0,0,0,-,-,NA,NA,SAN DIEGO,SAN MARCOS,-117.16394402,33.14097693
8157794,2016,2016-11-08,3711,2016-10-25,2127,6339,NA,2,5,7,3711,0,0,0,NA,0,242,MIRA MESA BL,BLACK MOUNTAIN RD,100,W,N,A,-,N,NA,NA,NA,NA,NA,NA,NA,NA,NA,Y,4,0,3,3,A,-,04,21703,NA,N,C,C,A,A,H,-,C,A,0,NA,NA,NA,NA,Y,NA,-,NA,0,0,3,0,0,0,0,0,0,-,-,NA,NA,SAN DIEGO,SAN DIEGO,-117.12521472,32.91722547
8157982,2016,2016-11-03,3711,2016-10-25,1300,5213,NA,2,5,7,3711,0,0,0,NA,0,313,CLAIREMONT MESA BL,KEARNY VILLA RD,42,E,N,A,-,N,NA,NA,NA,NA,NA,NA,NA,NA,NA,Y,3,0,1,1,A,-,03,22350,NA,N,E,I,A,A,H,-,A,A,0,NA,NA,NA,NA,Y,NA,-,NA,0,1,0,0,0,0,0,0,0,-,-,NA,NA,SAN DIEGO,SAN DIEGO,-117.13828934,32.83149733
8158008,2016,2016-11-07,3709,2016-10-17,1710,499,SAN D,1,5,5,3709,0,0,0,NA,0,020,3RD ST,B AV,0,NA,Y,A,-,N,NA,NA,NA,NA,NA,NA,NA,NA,NA,Y,3,0,1,2,A,-,09,21802,A,N,A,C,A,A,H,-,A,A,0,NA,NA,NA,NA,Y,NA,A,01,0,1,0,0,0,0,0,0,0,-,-,NA,NA,SAN DIEGO,NATIONAL CITY,-117.10653004,32.68070008
81594682,2021,2021-10-13,3706,2021-09-25,1450,1862,ESCON,6,5,6,3706,0,0,0,NA,0,056,VALLEY PY,MIDWAY DR,703,E,N,A,-,N,NA,NA,NA,NA,NA,NA,NA,NA,NA,Y,3,0,2,2,A,-,09,21804,A,N,D,C,A,A,H,-,A,D,0,NA,NA,Y,NA,Y,NA,A,01,0,1,1,0,0,0,0,0,1,-,-,33.13710021972656,-117.0519790649414,SAN DIEGO,ESCONDIDO,-117.04981231689452,33.13844680786133
81598283,2021,2021-10-18,3701,2021-10-13,1240,CB5561,097,3,5,5,3701,0,0,0,NA,0,007,POINSETTIA LN,BATIQUITOS DR,0,NA,Y,A,-,N,NA,NA,NA,NA,NA,NA,NA,NA,NA,N,4,0,1,2,A,-,04,21703,NA,N,C,C,A,A,H,-,A,A,0,NA,NA,NA,NA,Y,NA,A,07,0,0,1,0,0,0,0,0,0,-,-,33.10445022583008,-117.30490112304688,SAN DIEGO,CARLSBAD,-117.30510711669922,33.10444641113281
81598541,2021,2021-10-18,3706,2021-09-18,0816,510,ESCON,6,5,6,3706,0,0,0,NA,0,044,WASHINGTON AV,ROSE ST,0,NA,Y,A,-,N,NA,NA,NA,NA,NA,NA,NA,NA,NA,Y,3,0,3,2,A,-,12,21453,A,N,D,C,A,A,H,-,A,A,0,NA,NA,NA,NA,Y,NA,E,22,0,2,1,0,0,0,0,0,0,-,-,33.13724136352539,-117.06095123291016,SAN DIEGO,ESCONDIDO,-117.06089782714844,33.13728713989258
81608355,2021,2021-10-28,3701,2021-10-15,1515,CB5499,057,5,5,5,3701,0,0,0,NA,0,005,EL CAMINO REAL,COLLEGE BL,50,N,N,A,-,N,NA,NA,NA,NA,NA,NA,NA,NA,NA,N,4,0,1,2,A,-,03,22350,NA,N,C,C,A,A,H,-,A,A,0,NA,NA,NA,NA,Y,NA,A,01,0,0,1,0,0,0,0,0,0,-,-,33.14308166503906,-117.28305053710938,SAN DIEGO,CARLSBAD,-117.28330230712892,33.143211364746094
81614116,2021,2021-11-03,3706,2021-10-18,0832,543,ESCON,1,5,6,3706,0,0,0,NA,0,045,CENTRE CITY PY,VALLEY PY,0,NA,Y,B,-,N,NA,NA,NA,NA,NA,NA,NA,NA,NA,Y,4,0,2,2,D,-,00,NA,NA,N,D,C,A,A,H,-,A,A,0,NA,NA,NA,NA,Y,NA,-,-,0,0,2,0,0,0,0,0,0,-,-,33.12004852294922,-117.08724212646484,SAN DIEGO,ESCONDIDO,-117.08737182617188,33.119964599609375
81621067,2021,2021-11-10,3706,2021-10-29,1555,522,ESCON,5,5,6,3706,0,0,0,NA,0,051,BEAR VALLEY PY,MARY LN,0,NA,Y,A,-,N,NA,NA,NA,NA,NA,NA,NA,NA,NA,N,3,0,1,2,A,-,21,22106,NA,N,B,C,A,A,H,-,A,B,0,NA,NA,NA,Y,Y,NA,F,26,0,1,0,0,0,0,0,0,0,-,-,33.07759094238281,-117.05753326416016,SAN DIEGO,ESCONDIDO,-117.05744934082033,33.077781677246094
81627974,2021,2021-11-18,3701,2021-11-14,2306,CB5547,091,7,5,5,3701,0,0,0,NA,0,007,EL CAMINO REAL,POINSETTIA LN,0,NA,Y,A,-,N,NA,NA,NA,NA,NA,NA,NA,NA,NA,Y,3,0,4,2,A,-,01,23152,A,N,D,C,A,A,H,-,C,A,0,NA,NA,NA,NA,Y,Y,A,01,0,1,3,0,0,0,0,0,0,-,-,33.10982894897461,-117.269287109375,SAN DIEGO,CARLSBAD,-117.2697982788086,33.109649658203125
81635227,2021,2021-11-25,3701,2021-11-23,1823,CB5547,034,2,5,5,3701,0,0,0,NA,0,003,TAMARACK AV,ADAMS ST,33,E,N,A,-,Y,NA,NA,NA,NA,NA,NA,NA,NA,NA,Y,4,0,1,1,A,-,01,23152,A,N,E,I,A,A,H,-,C,D,0,NA,NA,NA,NA,Y,Y,A,01,0,0,1,0,0,0,0,0,0,-,-,33.154090881347656,-117.33293151855467,SAN DIEGO,CARLSBAD,-117.33390045166016,33.153297424316406
81641476,2021,2021-12-03,3706,2021-11-18,0737,424,ESCON,4,5,6,3706,0,0,0,NA,0,055,09TH AV,DEL DIOS RD,60,W,N,B,-,N,NA,NA,NA,NA,NA,NA,NA,NA,NA,N,4,0,1,2,A,-,09,21804,A,N,B,C,A,A,H,-,A,D,0,NA,NA,NA,NA,Y,NA,A,08,0,0,1,0,0,0,0,0,0,-,-,33.109031677246094,-117.0996322631836,SAN DIEGO,ESCONDIDO,-117.099712,33.109113
8164430,2016,2016-11-08,3711,2016-10-31,1650,6995,SAN D,1,5,7,3711,0,0,0,NA,0,813,EL CAJON BL,TEXAS ST,57,E,N,A,-,N,NA,NA,NA,NA,NA,NA,NA,NA,NA,N,4,0,1,2,A,-,03,22350,NA,N,C,C,A,A,H,-,A,A,0,NA,NA,NA,NA,Y,NA,A,01,0,0,1,0,0,0,0,0,0,-,-,NA,NA,SAN DIEGO,SAN DIEGO,-117.13866522,32.75538
8164433,2016,2016-11-08,3711,2016-10-15,0637,7037,NA,6,5,7,3711,0,0,0,NA,0,613,POINT LOMA AV,CATALINA BL,150,W,N,A,-,N,NA,NA,NA,NA,NA,NA,NA,NA,NA,N,3,0,1,2,A,-,00,21601,A,N,D,I,A,A,H,-,A,A,0,NA,Y,NA,NA,Y,NA,A,01,0,1,0,0,0,0,1,0,0,-,-,NA,NA,SAN DIEGO,SAN DIEGO,-117.24407708,32.72976226
81647241,2021,2021-12-09,3701,2021-11-29,0752,CB5528,091,1,5,5,3701,0,0,0,NA,0,007,EL CAMINO REAL,AVIARA PY,423,N,N,A,-,Y,NA,NA,NA,NA,NA,NA,NA,NA,NA,N,4,0,1,2,A,-,04,21703,NA,N,C,C,A,A,H,-,A,A,0,NA,NA,NA,NA,Y,NA,A,07,0,0,1,0,0,0,0,0,0,-,-,33.10237121582031,-117.2664794921875,SAN DIEGO,CARLSBAD,-117.26679229736328,33.10348892211914
81665161,2021,2021-12-29,3701,2021-12-18,0558,CB5492,044,6,5,5,3701,0,0,0,NA,0,005,EL CAMINO REAL,CANNON RD,0,NA,Y,A,-,N,NA,NA,NA,NA,NA,NA,NA,NA,NA,Y,2,0,1,2,A,-,12,21453,A,N,D,C,A,A,H,-,C,A,0,NA,NA,NA,NA,Y,NA,-,-,1,0,0,0,0,0,0,0,0,-,-,33.14949035644531,-117.29754638671876,SAN DIEGO,CARLSBAD,-117.29757690429688,33.149600982666016
81665985,2021,2021-12-30,3706,2021-12-27,0759,553,ESCON,1,5,6,3706,0,0,0,NA,0,046,CITRUS AV,WASHINGTON AV,125,N,N,B,-,N,NA,NA,NA,NA,NA,NA,NA,NA,NA,Y,4,0,1,2,A,-,03,22350,NA,N,C,C,A,A,H,-,A,D,0,NA,NA,NA,NA,Y,NA,D,22,0,0,1,0,0,0,0,0,0,-,-,33.146240234375,-117.0479736328125,SAN DIEGO,ESCONDIDO,-117.04821014404295,33.14689254760742
8166990,2016,2018-09-24,3700,2016-12-27,1525,SH0029,NA,2,5,5,3713,0,0,0,NA,0,306,NORTH SANTA FE AV,W INDIAN ROCK RD,13,S,N,A,-,N,NA,NA,NA,NA,NA,NA,NA,NA,NA,N,1,1,0,2,A,-,10,21950,A,N,G,B,B,A,H,-,A,A,0,Y,NA,NA,NA,Y,NA,A,01,0,0,0,1,0,0,0,0,0,-,-,NA,NA,SAN DIEGO,VISTA,-117.24494021,33.21743439
8167053,2018,2020-05-21,3711,2018-01-15,1736,4243,NA,1,5,7,3711,0,0,0,NA,0,838,EL CAJON BL,36TH ST,0,NA,Y,B,-,N,NA,NA,NA,NA,NA,NA,NA,NA,NA,N,1,1,0,2,A,-,10,21950,A,N,G,B,B,A,H,-,C,D,0,Y,NA,NA,NA,Y,NA,D,22,0,0,0,1,0,0,0,0,0,-,-,NA,NA,SAN DIEGO,SAN DIEGO,-117.11578369140624,32.75529098510742
81671619,2021,2022-01-06,3706,2021-12-22,0600,558,ESCON,3,5,6,3706,0,0,0,NA,0,044,VALLEY PY,MIDWAY DR,0,NA,Y,A,-,N,NA,NA,NA,NA,NA,NA,NA,NA,NA,Y,4,0,2,3,A,-,12,21453,A,N,C,C,A,A,H,-,B,A,0,NA,NA,NA,NA,Y,NA,D,23,0,0,2,0,0,0,0,0,0,-,-,33.13711166381836,-117.05198669433594,SAN DIEGO,ESCONDIDO,-117.05181121826172,33.13751220703125