CASE_ID,ACCIDENT_YEAR,PROC_DATE,JURIS,COLLISION_DATE,COLLISION_TIME,OFFICER_ID,REPORTING_DISTRICT,DAY_OF_WEEK,CHP_SHIFT,POPULATION,CNTY_CITY_LOC,SPECIAL_COND,BEAT_TYPE,CHP_BEAT_TYPE,CITY_DIVISION_LAPD,CHP_BEAT_CLASS,BEAT_NUMBER,PRIMARY_RD,SECONDARY_RD,DISTANCE,DIRECTION,INTERSECTION,WEATHER_1,WEATHER_2,STATE_HWY_IND,CALTRANS_COUNTY,CALTRANS_DISTRICT,STATE_ROUTE,ROUTE_SUFFIX,POSTMILE_PREFIX,POSTMILE,LOCATION_TYPE,RAMP_INTERSECTION,SIDE_OF_HWY,TOW_AWAY,COLLISION_SEVERITY,NUMBER_KILLED,NUMBER_INJURED,PARTY_COUNT,PRIMARY_COLL_FACTOR,PCF_CODE_OF_VIOL,PCF_VIOL_CATEGORY,PCF_VIOLATION,PCF_VIOL_SUBSECTION,HIT_AND_RUN,TYPE_OF_COLLISION,MVIW,PED_ACTION,ROAD_SURFACE,ROAD_COND_1,ROAD_COND_2,LIGHTING,CONTROL_DEVICE,CHP_ROAD_TYPE,PEDESTRIAN_ACCIDENT,BICYCLE_ACCIDENT,MOTORCYCLE_ACCIDENT,TRUCK_ACCIDENT,NOT_PRIVATE_PROPERTY,ALCOHOL_INVOLVED,STWD_VEHTYPE_AT_FAULT,CHP_VEHTYPE_AT_FAULT,COUNT_SEVERE_INJ,COUNT_VISIBLE_INJ,COUNT_COMPLAINT_PAIN,COUNT_PED_KILLED,COUNT_PED_INJURED,COUNT_BICYCLIST_KILLED,COUNT_BICYCLIST_INJURED,COUNT_MC_KILLED,COUNT_MC_INJURED,PRIMARY_RAMP,SECONDARY_RAMP,LATITUDE,LONGITUDE,COUNTY,CITY,POINT_X,POINT_Y
82318983,2024,2024-02-21,3701,2024-02-09,1145,CB5517,NA,5,5,5,3701,0,0,0,NA,0,004,CARLSBAD VILLAGE DR,GLASGOW DR,0,NA,Y,A,-,N,NA,NA,NA,NA,NA,NA,NA,NA,NA,N,4,0,2,2,A,-,12,21453,A,N,A,C,A,A,H,-,A,A,0,NA,NA,NA,NA,Y,NA,A,01,0,0,2,0,0,0,0,0,0,-,-,33.167701721191406,-117.29868316650392,SAN DIEGO,CARLSBAD,-117.29876708984376,33.167869567871094
82323853,2024,2024-02-27,3701,2024-02-04,800,CB5572,NA,7,5,5,3701,0,0,0,NA,0,008,RANCHO SANTA FE RD,AVENIDA SOLEDAD,473,S,N,A,-,N,NA,NA,NA,NA,NA,NA,NA,NA,NA,Y,3,0,1,2,A,-,08,22107,NA,F,G,B,F,A,H,-,A,A,0,Y,NA,NA,NA,Y,NA,A,01,0,1,0,0,1,0,0,0,0,-,-,33.096038818359375,-117.22293090820313,SAN DIEGO,CARLSBAD,-117.22412109375,33.095008850097656
82327092,2024,2024-03-01,3706,2024-02-22,1720,594,ESCON,4,5,6,3706,0,0,0,NA,0,043,NORDAHL RD,EL NORTE PY,28,S,N,A,-,N,NA,NA,NA,NA,NA,NA,NA,NA,NA,N,4,0,1,2,A,-,04,21703,NA,F,C,C,A,A,H,-,B,A,0,NA,NA,NA,NA,Y,NA,-,99,0,0,1,0,0,0,0,0,0,-,-,33.14717102050781,-117.10880279541016,SAN DIEGO,ESCONDIDO,-117.10881805419922,33.14714050292969
82332024,2024,2024-03-07,3701,2024-02-16,1215,CB5588,079,5,5,5,3701,0,0,0,NA,0,006,EL CAMINO REAL,CAMINO VIDA ROBLE,1175,S,N,A,-,N,NA,NA,NA,NA,NA,NA,NA,NA,NA,N,3,0,2,2,A,-,03,22350,NA,N,C,C,A,A,H,-,A,D,0,NA,NA,NA,NA,Y,NA,A,01,0,2,0,0,0,0,0,0,0,-,-,33.11988830566406,-117.2673568725586,SAN DIEGO,CARLSBAD,-117.26927185058594,33.117156982421875
82341469,2024,2024-03-19,3701,2024-02-21,1357,CB5554,NA,3,5,5,3701,0,0,0,NA,0,003,PIO PICO DR,PALM AV,0,NA,Y,A,-,N,NA,NA,NA,NA,NA,NA,NA,NA,NA,N,3,0,1,2,A,-,11,21954,A,N,G,B,E,A,H,-,A,D,0,Y,NA,NA,NA,Y,NA,N,60,0,1,0,0,1,0,0,0,0,-,-,33.156761169433594,-117.33851623535156,SAN DIEGO,CARLSBAD,-117.33847808837892,33.15669250488281
82353271,2024,2024-04-04,3706,2024-03-23,818,450,ESCON,6,5,6,3706,0,0,0,NA,0,041,EL NORTE PY,FIG ST,0,NA,Y,B,-,N,NA,NA,NA,NA,NA,NA,NA,NA,NA,Y,4,0,1,2,A,-,12,21453,A,N,D,D,A,A,H,-,A,A,0,NA,NA,NA,NA,Y,NA,A,01,0,0,1,0,0,0,0,0,0,-,-,33.142311096191406,-117.08135223388672,SAN DIEGO,ESCONDIDO,-117.08135986328124,33.1422119140625
82362643,2024,2024-04-15,3706,2024-03-30,2004,507,NA,6,5,6,3706,0,0,0,NA,0,055,CENTRE CITY PY,VALLEY PY,0,NA,Y,A,-,N,NA,NA,NA,NA,NA,NA,NA,NA,NA,Y,3,0,1,6,A,-,12,21453,A,N,D,G,A,A,H,-,C,A,0,NA,Y,NA,NA,Y,NA,L,04,0,1,0,0,0,0,1,0,0,-,-,33.12004852294922,-117.08724975585938,SAN DIEGO,ESCONDIDO,-117.08737182617188,33.119964599609375
82376419,2024,2024-04-29,3706,2024-04-17,1439,537,ESCON,3,5,6,3706,0,0,0,NA,0,042,MISSION AV,CENTRE CITY PY,270,E,N,A,-,N,NA,NA,NA,NA,NA,NA,NA,NA,NA,N,4,0,1,2,A,-,09,21801,A,N,D,G,A,A,H,-,A,D,0,NA,Y,NA,NA,Y,NA,A,07,0,0,1,0,0,0,1,0,0,-,-,33.12834930419922,-117.09156036376952,SAN DIEGO,ESCONDIDO,-117.09085845947266,33.12862014770508
82395811,2024,2024-05-22,3701,2024-05-15,1642,CB5566,NA,3,5,5,3701,0,0,0,NA,0,008,PASEO AVELLANO,CALLE BARCELONA,80,N,N,A,-,N,NA,NA,NA,NA,NA,NA,NA,NA,NA,N,3,0,1,1,A,-,03,22350,NA,N,H,J,A,A,H,-,A,D,0,NA,Y,NA,NA,Y,NA,L,04,0,1,0,0,0,0,1,0,0,-,-,33.076141357421875,-117.2504425048828,SAN DIEGO,CARLSBAD,-117.25035095214844,33.0763053894043
82400623,2024,2025-03-18,3706,2024-04-27,2155,450,NA,6,5,6,3706,0,0,0,NA,0,041,BROADWAY,COUNTRY CLUB LN,0,NA,Y,A,-,N,NA,NA,NA,NA,NA,NA,NA,NA,NA,Y,1,1,2,2,A,-,01,23152,B,N,D,C,A,A,H,-,C,A,0,NA,NA,NA,NA,Y,Y,A,01,0,2,0,0,0,0,0,0,0,-,-,33.160850524902344,-117.0927963256836,SAN DIEGO,ESCONDIDO,-117.09288024902344,33.160987854003906
82407264,2024,2024-06-06,3706,2024-05-28,1931,1914,NA,2,5,6,3706,0,0,0,NA,0,051,VIA RANCHO PY,WESTFIELD WAY,304,E,N,A,-,N,NA,NA,NA,NA,NA,NA,NA,NA,NA,N,4,0,1,3,A,-,03,22350,NA,N,C,C,A,A,H,-,B,A,0,NA,NA,NA,NA,Y,NA,A,01,0,0,1,0,0,0,0,0,0,-,-,NA,NA,SAN DIEGO,ESCONDIDO,-117.06678009033205,33.06865692138672
82407419,2024,2024-06-06,3701,2024-05-27,1306,CB5427,NA,1,5,5,3701,0,0,0,NA,0,002,CANNON RD,I-5 CANNON SB OFF RAMP,0,NA,Y,A,-,N,NA,NA,NA,NA,NA,NA,NA,NA,NA,Y,3,0,1,2,A,-,12,21453,A,N,D,C,A,A,H,-,A,A,0,NA,NA,Y,NA,Y,Y,C,02,0,1,0,0,0,0,0,0,1,-,-,33.13418960571289,-117.33023834228516,SAN DIEGO,CARLSBAD,NA,NA
82428181,2024,2024-07-02,3701,2024-06-17,2015,CB5581,NA,1,5,5,3701,0,0,0,NA,0,006,AVENIDA ENCINAS,POINSETTIA LN,0,NA,Y,A,-,N,NA,NA,NA,NA,NA,NA,NA,NA,NA,N,3,0,1,2,A,-,03,22350,NA,N,C,C,A,A,H,-,B,A,0,NA,NA,NA,NA,Y,Y,-,-,0,1,0,0,0,0,0,0,0,-,-,33.10285186767578,-117.31333160400392,SAN DIEGO,CARLSBAD,-117.3134765625,33.10282897949219
82428184,2024,2024-07-02,3701,2024-06-20,1716,CB5566,NA,4,5,5,3701,0,0,0,NA,0,006,1000 PALOMAR AIRPORT ROAD,AVENIDA ENCINAS,0,NA,Y,A,-,N,NA,NA,NA,NA,NA,NA,NA,NA,NA,Y,3,0,2,2,A,-,03,22350,NA,N,C,C,A,A,H,-,A,A,0,NA,NA,NA,NA,Y,NA,A,07,0,2,0,0,0,0,0,0,0,-,-,NA,NA,SAN DIEGO,CARLSBAD,-117.32495880126952,33.12232208251953
82429110,2024,2024-07-03,3706,2024-06-29,701,570,NA,6,5,6,3706,0,0,0,NA,0,052,GRAND AV,DATE ST,0,NA,Y,A,-,N,NA,NA,NA,NA,NA,NA,NA,NA,NA,Y,4,0,2,2,A,-,01,23152,A,F,D,C,A,A,H,-,B,A,0,NA,NA,NA,NA,Y,Y,A,01,0,0,2,0,0,0,0,0,0,-,-,33.12556076049805,-117.07022857666016,SAN DIEGO,ESCONDIDO,-117.06993865966795,33.125850677490234
82433650,2024,2024-07-09,3701,2024-06-29,1641,CB5566,NA,6,5,5,3701,0,0,0,NA,0,002,CANNON RD,AVENIDA ENCINAS,0,NA,Y,A,-,N,NA,NA,NA,NA,NA,NA,NA,NA,NA,N,3,0,1,2,A,-,12,21453,A,N,D,C,A,A,H,-,A,A,0,NA,NA,NA,NA,Y,NA,A,01,0,1,0,0,0,0,0,0,0,-,-,33.13393020629883,-117.33099365234376,SAN DIEGO,CARLSBAD,-117.33101654052734,33.13398742675781
8284128,2016,2017-01-20,3708,2016-12-20,1455,LM8273,NA,2,5,5,3708,0,0,0,NA,0,001,MASSACHUSETTS AV,WAITE DR,0,NA,Y,A,-,N,NA,NA,NA,NA,NA,NA,NA,NA,NA,Y,4,0,1,2,A,-,12,21453,A,N,D,C,A,A,H,-,A,A,0,NA,NA,NA,NA,Y,NA,A,01,0,0,1,0,0,0,0,0,0,-,-,NA,NA,SAN DIEGO,LA MESA,-117.04279002,32.74624001
8286883,2017,2017-02-22,3711,2017-01-11,1234,7426,NA,3,5,7,3711,0,0,0,NA,0,122,INGRAHAM ST,OLIVERA ST,0,NA,Y,B,-,N,NA,NA,NA,NA,NA,NA,NA,NA,NA,N,4,0,2,2,A,-,04,21703,NA,N,-,C,A,B,H,-,A,-,0,NA,NA,NA,NA,Y,NA,-,-,0,0,2,0,0,0,0,0,0,-,-,NA,NA,SAN DIEGO,SAN DIEGO,-117.23938012,32.79502011
8286935,2017,2017-01-26,3711,2017-01-11,1602,6424,NA,3,5,7,3711,0,0,0,NA,0,242,WESTMORE RD,WESTMORE RD  8300,60,N,N,A,-,N,NA,NA,NA,NA,NA,NA,NA,NA,NA,Y,4,0,4,4,A,-,12,21453,A,M,D,C,A,A,H,-,A,A,0,NA,NA,NA,NA,Y,NA,-,-,0,0,4,0,0,0,0,0,0,-,-,NA,NA,SAN DIEGO,SAN DIEGO,NA,NA
8288783,2017,2017-05-01,3700,2017-02-11,1707,SH5502,NA,6,5,5,3782,0,0,0,NA,0,212,LEUCADIA BL,PIRAEUS ST,0,NA,Y,A,-,N,NA,NA,NA,NA,NA,NA,NA,NA,NA,Y,4,0,1,2,A,-,12,21453,A,N,D,C,A,A,H,-,A,A,0,NA,NA,NA,NA,Y,NA,A,07,0,0,1,0,0,0,0,0,0,-,-,NA,NA,SAN DIEGO,ENCINITAS,-117.29130003,33.06511012
8289242,2017,2017-12-28,3711,2017-01-14,0757,5046,NA,6,5,7,3711,0,0,0,NA,0,433,FEDERAL BL,60TH ST,444,W,N,A,-,N,NA,NA,NA,NA,NA,NA,NA,NA,NA,Y,3,0,2,3,A,-,08,22107,NA,N,B,C,A,A,H,-,A,D,0,NA,NA,NA,NA,Y,Y,D,23,0,1,1,0,0,0,0,0,0,-,-,NA,NA,SAN DIEGO,SAN DIEGO,-117.06950408,32.72715
8289380,2017,2017-02-03,3711,2017-01-16,0214,7152,SD,1,5,7,3711,0,0,0,NA,0,122,EVERTS ST,OLIVER AV,15,S,N,A,-,N,NA,NA,NA,NA,NA,NA,NA,NA,NA,Y,4,0,1,2,A,-,09,21802,A,N,B,C,A,A,C,-,C,D,0,NA,NA,NA,NA,Y,Y,-,NA,0,0,1,0,0,0,0,0,0,-,-,NA,NA,SAN DIEGO,SAN DIEGO,-117.24668846,32.79334008
8290962,2017,2017-02-02,3711,2017-01-08,1517,4897,NA,7,5,7,3711,0,0,0,NA,0,124,LA JOLLA VILLAGE DR,VILLA LA JOLLA DR,0,NA,Y,A,-,N,NA,NA,NA,NA,NA,NA,NA,NA,NA,Y,3,0,5,3,A,-,12,21453,A,N,D,C,A,A,-,-,A,A,0,NA,NA,NA,NA,Y,NA,A,01,0,1,4,0,0,0,0,0,0,-,-,NA,NA,SAN DIEGO,SAN DIEGO,-117.2339,32.87178004
8290990,2017,2017-02-02,3711,2017-01-18,0734,5611,NA,3,5,7,3711,0,0,0,NA,0,243,CAMINO RUIZ,CARROLL CANYON RD,28,E,N,B,-,N,NA,NA,NA,NA,NA,NA,NA,NA,NA,Y,4,0,1,2,A,-,03,22350,NA,N,C,C,A,A,H,-,A,A,0,NA,NA,NA,NA,Y,NA,A,07,0,0,1,0,0,0,0,0,0,-,-,NA,NA,SAN DIEGO,SAN DIEGO,-117.14044532,32.8985961
8291016,2017,2017-02-03,3711,2017-01-21,2330,7546,NA,6,5,7,3711,0,0,0,NA,0,512,28TH ST,OCEAN VIEW BL,100,S,N,A,-,N,NA,NA,NA,NA,NA,NA,NA,NA,NA,Y,3,0,1,2,A,-,08,22107,NA,F,F,E,A,A,H,-,C,D,0,NA,NA,NA,NA,Y,NA,A,01,0,1,0,0,0,0,0,0,0,-,-,NA,NA,SAN DIEGO,SAN DIEGO,-117.13385087,32.70086618
8291205,2016,2017-02-03,3711,2016-11-13,1817,6632,MC2,7,5,7,3711,0,0,0,NA,0,813,EL CAJON BL,IOWA ST,27,E,N,A,-,N,NA,NA,NA,NA,NA,NA,NA,NA,NA,Y,4,0,1,2,A,-,03,22350,A,N,C,C,A,A,H,-,C,D,0,NA,NA,NA,NA,Y,NA,-,NA,0,0,1,0,0,0,0,0,0,-,-,NA,NA,SAN DIEGO,SAN DIEGO,-117.12637249,32.75539865
8292078,2017,2017-01-26,3710,2017-01-16,1101,OC1311,020,1,5,6,3710,0,0,0,NA,0,010,SLEEPING INDIAN RD,NORTH RIVER RD,3210,N,N,A,-,N,NA,NA,NA,NA,NA,NA,NA,NA,NA,N,4,0,1,1,A,-,03,22350,NA,N,F,A,A,A,H,-,A,D,0,NA,NA,Y,NA,Y,NA,C,02,0,0,1,0,0,0,0,0,1,-,-,NA,NA,SAN DIEGO,OCEANSIDE,-117.26282191,33.268518
8292094,2017,2017-04-08,3711,2017-03-04,1245,7222,SANDI,6,5,7,3711,0,0,0,NA,0,529,5TH AV,5TH AV 2800,0,NA,N,A,-,N,NA,NA,NA,NA,NA,NA,NA,NA,NA,N,3,0,1,2,A,-,03,22350,NA,N,E,E,A,A,H,-,A,D,0,NA,Y,NA,NA,Y,NA,L,04,0,1,0,0,0,0,1,0,0,-,-,NA,NA,SAN DIEGO,SAN DIEGO,-117.16033101,32.73467928
8292816,2017,2017-04-13,3711,2017-04-01,2236,7628,NA,6,5,7,3711,0,0,0,NA,0,821,70TH ST,AMHERST ST,18,W,N,A,-,N,NA,NA,NA,NA,NA,NA,NA,NA,NA,Y,4,0,2,3,A,-,09,21801,A,N,D,C,A,A,H,-,C,A,0,NA,NA,NA,NA,Y,NA,-,NA,0,0,2,0,0,0,0,0,0,-,-,NA,NA,SAN DIEGO,SAN DIEGO,-117.04697333,32.767658
8292857,2017,2017-04-14,3711,2017-04-03,1030,7159,SD,1,5,7,3711,0,0,0,NA,0,124,TORREY PINES RD,GIRARD AV,102,E,N,B,-,N,NA,NA,NA,NA,NA,NA,NA,NA,NA,Y,3,0,2,2,A,-,03,22350,NA,N,D,C,A,A,H,-,A,D,0,NA,NA,NA,NA,Y,NA,-,NA,0,1,1,0,0,0,0,0,0,-,-,NA,NA,SAN DIEGO,SAN DIEGO,-117.27275438,32.84216525
8292914,2016,2017-01-31,3705,2016-12-03,1013,EC0219,NA,6,5,5,3705,0,0,0,NA,0,007,2ND ST,CLAREDON ST,0,NA,Y,A,-,N,NA,NA,NA,NA,NA,NA,NA,NA,NA,Y,3,0,3,2,A,-,09,21802,A,N,D,C,A,A,H,-,A,D,0,NA,NA,NA,Y,Y,NA,A,01,0,2,1,0,0,0,0,0,0,-,-,NA,NA,SAN DIEGO,EL CAJON,-116.9358001,32.80874012
8293150,2017,2018-02-17,3705,2017-01-12,1508,EC0295,NA,4,5,5,3705,0,0,0,NA,0,006,EL CAJON BL,RT 8,500,S,N,C,-,N,NA,NA,NA,NA,NA,NA,NA,NA,NA,N,4,0,1,2,A,-,03,22350,NA,N,C,C,A,B,H,-,A,A,0,NA,NA,NA,NA,Y,NA,A,01,0,0,1,0,0,0,0,0,0,-,WO,NA,NA,SAN DIEGO,EL CAJON,-116.98274645,32.78160048
8295342,2017,2017-02-07,3711,2017-01-19,1844,7521,NA,4,5,7,3711,0,0,0,NA,0,441,OCEAN VIEW BL,SOUTH 35TH ST,21,E,N,A,-,N,NA,NA,NA,NA,NA,NA,NA,NA,NA,N,4,0,1,2,A,-,12,21453,A,M,C,C,A,B,H,-,C,A,0,NA,NA,NA,NA,Y,NA,-,NA,0,0,1,0,0,0,0,0,0,-,-,NA,NA,SAN DIEGO,SAN DIEGO,-117.11865198,32.70123106
8295343,2017,2017-02-07,3711,2017-01-22,1957,6251,NA,7,5,7,3711,0,0,0,NA,0,521,F ST,14TH ST,0,NA,Y,C,-,N,NA,NA,NA,NA,NA,NA,NA,NA,NA,Y,4,0,1,2,A,-,12,21453,A,N,D,C,A,B,H,-,C,A,0,NA,NA,NA,NA,Y,NA,-,NA,0,0,1,0,0,0,0,0,0,-,-,NA,NA,SAN DIEGO,SAN DIEGO,-117.15192009,32.71366004
8296828,2017,2017-02-10,3700,2017-01-28,1144,SH2439,NA,6,5,5,3713,0,0,0,NA,0,308,EMERALD AV,WEST VISTA WY,45,N,N,A,-,N,NA,NA,NA,NA,NA,NA,NA,NA,NA,Y,4,0,1,3,A,-,03,22350,NA,N,C,C,A,A,H,-,A,A,0,NA,NA,NA,NA,Y,NA,A,01,0,0,1,0,0,0,0,0,0,-,-,NA,NA,SAN DIEGO,VISTA,-117.27955644,33.18930325
8297250,2017,2017-03-02,3702,2017-01-11,1721,CV1038,NA,3,5,6,3702,0,0,0,NA,0,031,EAST H ST,DEL REY BL,216,E,N,B,-,N,NA,NA,NA,NA,NA,NA,NA,NA,NA,Y,4,0,1,3,A,-,03,22350,NA,N,C,C,A,B,H,-,C,A,0,NA,NA,NA,NA,Y,NA,A,01,0,0,1,0,0,0,0,0,0,-,-,NA,NA,SAN DIEGO,CHULA VISTA,-117.03471332,32.63759598
8297262,2017,2017-03-09,3702,2017-01-10,1145,CV1005,NA,2,5,6,3702,0,0,0,NA,0,032,BONITA RD,WILLOW RD,0,NA,Y,A,-,N,NA,NA,NA,NA,NA,NA,NA,NA,NA,N,4,0,1,2,A,-,09,21453,B,N,G,B,B,A,H,-,A,A,0,Y,NA,NA,NA,Y,Y,A,01,0,0,1,0,1,0,0,0,0,-,-,NA,NA,SAN DIEGO,CHULA VISTA,-117.04083013,32.65804009
8297511,2017,2017-02-14,3702,2017-01-10,1220,CV0928,NA,2,5,6,3702,0,0,0,NA,0,024,4TH AV,MAIN ST,18,N,N,A,-,N,NA,NA,NA,NA,NA,NA,NA,NA,NA,Y,4,0,2,2,A,-,03,22350,NA,N,C,C,A,A,H,-,A,A,0,NA,NA,NA,NA,Y,NA,A,01,0,0,2,0,0,0,0,0,0,-,-,NA,NA,SAN DIEGO,CHULA VISTA,-117.06902343,32.59481797
82996807,2024,2024-07-31,3706,2024-07-21,1841,1894,NA,7,5,6,3706,0,0,0,NA,0,042,GRAND AV,ESCONDIDO BL,0,NA,Y,A,-,N,NA,NA,NA,NA,NA,NA,NA,NA,NA,Y,4,0,2,2,A,-,09,21801,A,N,D,C,A,A,H,-,A,A,0,NA,NA,NA,NA,Y,NA,A,01,0,0,2,0,0,0,0,0,0,-,-,33.120121002197266,-117.0845184326172,SAN DIEGO,ESCONDIDO,-117.08419799804688,33.120269775390625
8302557,2017,2017-03-28,3710,2017-02-03,1842,OC1356,NA,5,5,6,3710,0,0,0,NA,0,011,BROOKS ST,SEAGAZE DR,50,S,N,A,-,N,NA,NA,NA,NA,NA,NA,NA,NA,NA,N,3,0,1,2,C,-,18,NA,NA,N,G,B,C,A,H,-,C,D,0,Y,NA,NA,NA,Y,Y,-,-,0,1,0,0,1,0,0,0,0,-,-,NA,NA,SAN DIEGO,OCEANSIDE,-117.36871308,33.20049411
8304012,2017,2017-03-30,3711,2017-01-28,1155,7159,NA,6,5,7,3711,0,0,0,NA,0,123,SEA WORLD DR,E MISSION BAY,25,W,N,A,-,N,NA,NA,NA,NA,NA,NA,NA,NA,NA,Y,4,0,1,2,A,-,03,22350,NA,N,-,C,A,A,H,-,A,-,0,NA,NA,NA,NA,Y,NA,-,NA,0,0,1,0,0,0,0,0,0,-,-,NA,NA,SAN DIEGO,SAN DIEGO,-117.20874,32.76716
8304029,2017,2017-02-09,3711,2017-01-28,2113,5531,NA,6,5,7,3711,0,0,0,NA,0,526,6TH AV,CEDAR ST,0,NA,Y,A,-,N,NA,NA,NA,NA,NA,NA,NA,NA,NA,N,4,0,1,2,A,-,12,21453,A,N,D,C,A,A,H,-,C,A,0,NA,NA,NA,NA,Y,NA,D,22,0,0,1,0,0,0,0,0,0,-,-,NA,NA,SAN DIEGO,SAN DIEGO,-117.15930012,32.72197012
8304037,2017,2017-02-09,3711,2017-01-25,1350,7138,NA,3,5,7,3711,0,0,0,NA,0,824,50TH ST,EL CAJON BL,45,N,N,A,-,N,NA,NA,NA,NA,NA,NA,NA,NA,NA,N,4,0,1,2,A,-,11,21950,B,N,G,B,E,A,H,-,A,D,0,Y,NA,NA,NA,Y,NA,N,60,0,0,1,0,1,0,0,0,0,-,-,NA,NA,SAN DIEGO,SAN DIEGO,-117.08682888,32.75691326
8304048,2017,2017-03-23,3711,2017-01-25,0817,7416,SANDI,3,5,7,3711,0,0,0,NA,0,522,FRONT ST,W ISLAND AV,1,S,N,A,-,N,NA,NA,NA,NA,NA,NA,NA,NA,NA,N,4,0,1,2,A,-,12,21453,A,N,D,G,A,A,H,-,A,A,0,NA,Y,NA,NA,Y,NA,A,01,0,0,1,0,0,0,1,0,0,-,-,NA,NA,SAN DIEGO,SAN DIEGO,-117.16469015,32.71043726
8304127,2017,2017-02-08,3711,2017-01-14,0840,5384,NA,6,5,7,3711,0,0,0,NA,0,723,DEL SOL BL,KOSTNER,24,E,N,B,F,N,NA,NA,NA,NA,NA,NA,NA,NA,NA,N,3,0,1,2,D,-,00,NA,NA,N,G,B,B,B,H,-,A,D,0,Y,NA,NA,NA,Y,NA,-,-,0,1,0,0,1,0,0,0,0,-,-,NA,NA,SAN DIEGO,SAN DIEGO,-117.04343237,32.5735594
8304159,2017,2017-02-08,3711,2017-01-26,1856,7344,NA,4,5,7,3711,0,0,0,NA,0,824,MONTEZUMA RD,FAIRMONT AV,450,E,N,A,-,N,NA,NA,NA,NA,NA,NA,NA,NA,NA,N,3,0,1,2,A,-,11,21954,A,N,B,B,E,A,H,-,D,D,0,Y,NA,NA,NA,Y,NA,N,60,0,1,0,0,1,0,0,0,0,-,-,NA,NA,SAN DIEGO,SAN DIEGO,-117.095771,32.77210052
8304799,2016,2017-02-16,3705,2016-12-25,2201,EC0360,NA,7,5,5,3705,0,0,0,NA,0,008,AVOCADO AV,FOUNDATION LN,9,S,N,A,-,N,NA,NA,NA,NA,NA,NA,NA,NA,NA,Y,4,0,1,3,A,-,03,22350,NA,N,C,C,A,A,H,-,C,D,0,NA,NA,NA,NA,Y,NA,A,01,0,0,1,0,0,0,0,0,0,-,-,NA,NA,SAN DIEGO,EL CAJON,-116.95775,32.78575535
8304908,2017,2017-02-22,3711,2017-02-01,1300,8192,NA,3,5,7,3711,0,0,0,NA,0,826,ORANGE AV,EUCLID AV,115,E,N,A,-,N,NA,NA,NA,NA,NA,NA,NA,NA,NA,Y,3,0,1,2,A,-,08,22107,NA,N,B,E,A,A,H,-,A,D,0,NA,NA,NA,Y,Y,Y,F,26,0,1,0,0,0,0,0,0,0,-,-,NA,NA,SAN DIEGO,SAN DIEGO,-117.09187731,32.75309335
8306180,2017,2017-02-27,3711,2017-02-08,2204,6949,NA,3,5,7,3711,0,0,0,NA,0,524,ASH ST,6TH AV,24,E,N,A,-,N,NA,NA,NA,NA,NA,NA,NA,NA,NA,Y,4,0,1,2,A,-,12,21453,A,M,D,C,A,A,H,-,C,A,0,NA,NA,NA,NA,Y,NA,-,NA,0,0,1,0,0,0,0,0,0,-,-,NA,NA,SAN DIEGO,SAN DIEGO,-117.15920223,32.71989087
8309605,2017,2017-02-22,3701,2017-02-09,0850,5291,26,4,5,5,3701,0,0,0,NA,0,001,COLLEGE BL,RICHFIELD DR,0,NA,Y,A,-,N,NA,NA,NA,NA,NA,NA,NA,NA,NA,N,4,0,1,2,A,-,12,21453,A,N,D,C,A,A,D,-,A,A,0,NA,NA,NA,NA,Y,NA,A,01,0,0,1,0,0,0,0,0,0,-,-,33.15928,-117.291,SAN DIEGO,CARLSBAD,-117.29099006,33.15931012
8311531,2017,2017-03-08,3700,2017-01-28,1218,SH3284,NA,6,5,4,3780,0,0,0,NA,0,405,POMERADO RD,MONTE VISTA DR,0,NA,Y,A,-,N,NA,NA,NA,NA,NA,NA,NA,NA,NA,N,4,0,1,2,A,-,03,22350,NA,N,C,C,A,A,H,-,A,A,0,NA,NA,NA,NA,Y,NA,A,01,0,0,1,0,0,0,0,0,0,-,-,NA,NA,SAN DIEGO,POWAY,-117.05796006,32.99533005
8312919,2017,2017-03-06,3700,2017-01-27,1328,SH0029,NA,5,5,5,3713,0,0,0,NA,0,302,EAST VISTA WY,MONTE MAR RD,33,S,N,A,-,N,NA,NA,NA,NA,NA,NA,NA,NA,NA,Y,4,0,1,2,A,-,09,21804,A,N,D,C,A,A,H,-,A,D,0,NA,NA,NA,NA,Y,NA,A,01,0,0,1,0,0,0,0,0,0,-,-,NA,NA,SAN DIEGO,VISTA,-117.22612,33.2194296
8313051,2017,2017-03-03,3711,2017-02-09,0905,4491,NA,4,5,7,3711,0,0,0,NA,0,611,PACIFIC HWY,KURTZ,0,NA,Y,A,-,N,NA,NA,NA,NA,NA,NA,NA,NA,NA,Y,4,0,2,3,A,-,09,21801,A,N,D,C,A,A,H,-,A,D,0,NA,NA,NA,NA,Y,NA,-,NA,0,0,2,0,0,0,0,0,0,-,-,NA,NA,SAN DIEGO,SAN DIEGO,-117.19991006,32.74995007
8313410,2017,2017-02-27,3711,2017-02-10,1226,6898,NORTH,5,5,7,3711,0,0,0,NA,0,122,BAYARD ST,CHALCEDONY ST,9,N,N,B,-,N,NA,NA,NA,NA,NA,NA,NA,NA,NA,N,4,0,1,2,A,-,12,22450,NA,N,G,B,E,A,H,-,A,A,0,Y,NA,NA,NA,Y,NA,N,60,0,0,1,0,1,0,0,0,0,-,-,NA,NA,SAN DIEGO,SAN DIEGO,-117.25507791,32.80162373
8314397,2016,2017-03-01,3700,2016-12-14,1430,SH2619,NA,3,5,5,3712,0,0,0,NA,0,355,DESCANSO AV,LAS FLORES DR,61,W,N,A,-,N,NA,NA,NA,NA,NA,NA,NA,NA,NA,N,3,0,1,1,A,-,08,22107,NA,N,H,J,A,A,H,-,A,D,0,NA,NA,Y,NA,Y,NA,C,02,0,1,0,0,0,0,0,0,1,-,-,NA,NA,SAN DIEGO,SAN MARCOS,-117.20334599,33.15050609