CASE_ID,ACCIDENT_YEAR,PROC_DATE,JURIS,COLLISION_DATE,COLLISION_TIME,OFFICER_ID,REPORTING_DISTRICT,DAY_OF_WEEK,CHP_SHIFT,POPULATION,CNTY_CITY_LOC,SPECIAL_COND,BEAT_TYPE,CHP_BEAT_TYPE,CITY_DIVISION_LAPD,CHP_BEAT_CLASS,BEAT_NUMBER,PRIMARY_RD,SECONDARY_RD,DISTANCE,DIRECTION,INTERSECTION,WEATHER_1,WEATHER_2,STATE_HWY_IND,CALTRANS_COUNTY,CALTRANS_DISTRICT,STATE_ROUTE,ROUTE_SUFFIX,POSTMILE_PREFIX,POSTMILE,LOCATION_TYPE,RAMP_INTERSECTION,SIDE_OF_HWY,TOW_AWAY,COLLISION_SEVERITY,NUMBER_KILLED,NUMBER_INJURED,PARTY_COUNT,PRIMARY_COLL_FACTOR,PCF_CODE_OF_VIOL,PCF_VIOL_CATEGORY,PCF_VIOLATION,PCF_VIOL_SUBSECTION,HIT_AND_RUN,TYPE_OF_COLLISION,MVIW,PED_ACTION,ROAD_SURFACE,ROAD_COND_1,ROAD_COND_2,LIGHTING,CONTROL_DEVICE,CHP_ROAD_TYPE,PEDESTRIAN_ACCIDENT,BICYCLE_ACCIDENT,MOTORCYCLE_ACCIDENT,TRUCK_ACCIDENT,NOT_PRIVATE_PROPERTY,ALCOHOL_INVOLVED,STWD_VEHTYPE_AT_FAULT,CHP_VEHTYPE_AT_FAULT,COUNT_SEVERE_INJ,COUNT_VISIBLE_INJ,COUNT_COMPLAINT_PAIN,COUNT_PED_KILLED,COUNT_PED_INJURED,COUNT_BICYCLIST_KILLED,COUNT_BICYCLIST_INJURED,COUNT_MC_KILLED,COUNT_MC_INJURED,PRIMARY_RAMP,SECONDARY_RAMP,LATITUDE,LONGITUDE,COUNTY,CITY,POINT_X,POINT_Y
8551097,2018,2018-02-12,3710,2018-01-06,1710,OC1421,NA,6,5,6,3710,0,0,0,NA,0,NA,COLLEGE BL,HAYMAR DR,200,S,N,A,-,N,NA,NA,NA,NA,NA,NA,NA,NA,NA,N,2,0,1,1,A,-,03,22350,NA,N,E,I,A,A,H,-,B,A,0,NA,NA,NA,NA,Y,NA,-,NA,1,0,0,0,0,0,0,0,0,-,-,33.18206024169922,-117.2963409423828,SAN DIEGO,OCEANSIDE,-117.29642486572266,33.18150329589844
8552627,2018,2018-02-16,3706,2018-01-26,0526,493,ESCON,5,5,6,3706,0,0,0,NA,0,044,EL NORTE PKWY,DONALD WY,0,NA,Y,A,-,N,NA,NA,NA,NA,NA,NA,NA,NA,NA,Y,3,0,2,2,A,-,09,21800,A,N,D,C,A,A,H,-,C,D,0,NA,NA,Y,NA,Y,NA,A,01,0,1,1,0,0,0,0,0,1,-,-,33.14945983886719,-117.06575012207033,SAN DIEGO,ESCONDIDO,-117.06581878662108,33.149539947509766
8553803,2018,2018-03-13,3706,2018-02-02,1410,424,ESCON,5,5,6,3706,0,0,0,NA,0,052,VALLEY PKWY,FIG ST,0,NA,Y,A,-,N,NA,NA,NA,NA,NA,NA,NA,NA,NA,N,4,0,3,2,A,-,12,21453,A,N,D,C,A,A,H,-,A,A,0,NA,NA,NA,NA,Y,NA,-,-,0,0,3,0,0,0,0,0,0,-,-,33.12730026245117,-117.07407379150392,SAN DIEGO,ESCONDIDO,-117.07392120361328,33.127288818359375
8554298,2018,2018-08-07,3702,2018-01-26,2230,CV1098,NA,5,5,6,3702,0,0,0,NA,0,011,N 4TH AV,RT 54,44,S,N,A,-,Y,SD,11,54,-,R,1,R,4,E,Y,4,0,1,2,A,-,01,23152,A,N,C,C,A,A,H,-,C,A,0,NA,NA,NA,NA,Y,Y,A,01,0,0,1,0,0,0,0,0,0,-,-,NA,NA,SAN DIEGO,CHULA VISTA,-117.08803558349608,32.65549087524414
8556653,2018,2018-02-28,3711,2018-02-05,0755,6282,NA,1,5,7,3711,0,0,0,NA,0,814,ADAMS AV,ADAMS AV 3200,0,NA,N,A,-,N,NA,NA,NA,NA,NA,NA,NA,NA,NA,Y,3,0,1,3,A,-,09,21804,A,N,B,C,A,A,H,-,A,D,0,NA,NA,NA,NA,Y,NA,-,NA,0,1,0,0,0,0,0,0,0,-,-,NA,NA,SAN DIEGO,SAN DIEGO,-117.12474972,32.76335975
8556661,2018,2018-02-28,3711,2018-02-02,1120,6293,NA,5,5,7,3711,0,0,0,NA,0,122,MISSION BAY DR,BLUFFSIDE AV,258,S,N,A,-,N,NA,NA,NA,NA,NA,NA,NA,NA,NA,Y,4,0,3,3,A,-,03,22350,NA,N,C,C,A,A,H,-,A,D,0,NA,NA,NA,NA,Y,NA,-,NA,0,0,3,0,0,0,0,0,0,-,-,NA,NA,SAN DIEGO,SAN DIEGO,-117.21955871582033,32.808837890625
8557188,2018,2018-03-09,3709,2018-02-23,0811,NC0479,NA,5,5,5,3709,0,0,0,NA,0,023,GRANGER AV,GRANGER AV 2300,0,NA,N,A,-,N,NA,NA,NA,NA,NA,NA,NA,NA,NA,N,3,0,1,2,A,-,11,21950,B,N,G,B,E,A,H,-,A,D,0,Y,NA,NA,NA,Y,NA,N,60,0,1,0,0,1,0,0,0,0,-,-,NA,NA,SAN DIEGO,NATIONAL CITY,-117.07324415,32.67083671
8557253,2018,2018-02-16,3706,2018-02-06,1640,393,ESPD,2,5,6,3706,0,0,0,NA,0,052,ELM ST,2ND AV,4,S,N,A,-,N,NA,NA,NA,NA,NA,NA,NA,NA,NA,Y,4,0,1,2,A,-,10,21950,A,F,G,B,B,A,H,-,A,D,0,Y,NA,NA,NA,Y,NA,A,01,0,0,1,0,1,0,0,0,0,-,-,NA,NA,SAN DIEGO,ESCONDIDO,-117.07098388671876,33.1243782043457
8559154,2018,2018-02-26,3711,2018-02-01,1828,4576,NA,4,5,7,3711,0,0,0,NA,0,114,CLAIREMONT MESA BL,GENESEE AV,357,W,N,A,-,N,NA,NA,NA,NA,NA,NA,NA,NA,NA,N,2,0,2,2,A,-,11,21954,A,N,G,B,D,A,H,-,C,D,0,Y,NA,NA,NA,Y,NA,N,60,1,0,1,0,1,0,0,0,0,-,-,NA,NA,SAN DIEGO,SAN DIEGO,-117.19606018066406,32.83448028564453
8559813,2018,2018-03-08,3702,2018-01-20,1238,CV1091,NA,6,5,6,3702,0,0,0,NA,0,024,MAIN ST,OLEANDER AV,0,NA,Y,A,-,N,NA,NA,NA,NA,NA,NA,NA,NA,NA,Y,4,0,2,2,A,-,12,21453,A,N,A,C,A,A,H,-,A,A,0,NA,NA,NA,NA,Y,NA,A,01,0,0,2,0,0,0,0,0,0,-,-,NA,NA,SAN DIEGO,CHULA VISTA,-117.0327606201172,32.594871520996094
8561363,2018,2018-03-06,3711,2018-02-09,0800,7431,SDPD,5,5,7,3711,0,0,0,NA,0,436,COOLWATER DR,BROOKHAVEN RD,0,NA,Y,F,-,N,NA,NA,NA,NA,NA,NA,NA,NA,NA,N,4,0,1,2,A,-,12,22450,A,M,G,B,B,A,H,-,A,D,0,Y,NA,NA,NA,Y,NA,-,NA,0,0,1,0,1,0,0,0,0,-,-,NA,NA,SAN DIEGO,SAN DIEGO,-117.02912139892578,32.70035934448242
8561474,2018,2018-02-28,3709,2018-02-09,1420,NC0494,NA,5,5,5,3709,0,0,0,NA,0,024,22ND ST,NATIONAL CITY BL,0,NA,Y,A,-,N,NA,NA,NA,NA,NA,NA,NA,NA,NA,Y,4,0,1,2,A,-,10,21950,A,N,A,B,B,A,H,-,A,D,0,Y,NA,NA,NA,Y,NA,A,01,0,0,1,0,1,0,0,0,0,-,-,NA,NA,SAN DIEGO,NATIONAL CITY,-117.10221862792967,32.66373062133789
8561714,2017,2018-02-23,3710,2017-12-16,0012,OC1411,009,6,5,6,3710,0,0,0,NA,0,003,LAKEWOOD LN,BLUESPRINGS LN,0,NA,Y,A,-,N,NA,NA,NA,NA,NA,NA,NA,NA,NA,N,4,0,1,2,A,-,03,22350,NA,F,A,C,A,A,H,-,C,A,0,NA,NA,NA,NA,Y,Y,A,01,0,0,1,0,0,0,0,0,0,-,-,NA,NA,SAN DIEGO,OCEANSIDE,-117.36347008,33.18612001
8561828,2018,2018-02-28,3710,2018-01-25,1521,OC1351,026,4,5,6,3710,0,0,0,NA,0,006,OCEANSIDE BL,EL CAMINIO REAL,1065,E,N,A,-,N,NA,NA,NA,NA,NA,NA,NA,NA,NA,Y,4,0,2,2,A,-,08,22107,NA,N,D,C,A,A,H,-,A,D,0,NA,NA,NA,NA,Y,Y,D,22,0,0,2,0,0,0,0,0,0,-,-,33.20183181762695,-117.33232879638672,SAN DIEGO,OCEANSIDE,-117.32894897460938,33.20173263549805
8562865,2018,2018-02-28,3705,2018-01-16,1335,IC0163,NA,2,5,5,3705,0,0,0,NA,0,004,AVOCADO,CAMDEN,0,NA,Y,A,-,N,NA,NA,NA,NA,NA,NA,NA,NA,NA,Y,4,0,1,2,A,-,09,21802,A,N,D,C,A,A,H,-,A,A,0,NA,NA,NA,NA,Y,NA,A,01,0,0,1,0,0,0,0,0,0,-,-,NA,NA,SAN DIEGO,EL CAJON,-116.95761871337892,32.79021072387695
8562966,2018,2018-08-07,3705,2018-01-19,1750,EC0354,NA,5,5,5,3705,0,0,0,NA,0,003,GREENFIELD,RT 8,0,NA,Y,C,-,Y,SD,11,8,-,R,18.963,R,4,E,Y,4,0,2,2,A,-,12,21453,A,N,A,C,A,B,H,-,A,A,0,NA,NA,NA,NA,Y,NA,A,01,0,0,2,0,0,0,0,0,0,-,WO,NA,NA,SAN DIEGO,EL CAJON,-116.91496276855467,32.814453125
8563474,2018,2018-03-05,3711,2018-02-18,1129,5985,NA,7,5,7,3711,0,0,0,NA,0,511,HARBOR DR,SAMPSON ST,528,W,N,A,-,N,NA,NA,NA,NA,NA,NA,NA,NA,NA,Y,3,0,1,1,C,-,18,NA,NA,N,E,I,A,A,H,-,A,D,0,NA,NA,NA,NA,Y,NA,-,-,0,1,0,0,0,0,0,0,0,-,-,NA,NA,SAN DIEGO,SAN DIEGO,-117.143798828125,32.69566345214844
8563565,2018,2018-03-06,3711,2018-02-13,1846,6052,NA,2,5,7,3711,0,0,0,NA,0,518,30TH ST,FIR ST,0,NA,Y,A,-,N,NA,NA,NA,NA,NA,NA,NA,NA,NA,N,4,0,1,2,A,-,09,21802,A,N,D,C,A,A,H,-,C,A,0,NA,NA,NA,NA,Y,NA,-,NA,0,0,1,0,0,0,0,0,0,-,-,NA,NA,SAN DIEGO,SAN DIEGO,-117.13018798828124,32.72549057006836
8563612,2018,2018-03-02,3711,2018-02-14,1335,5365,NA,3,5,7,3711,0,0,0,NA,0,124,PASEO DORADA,LA JOLLA SHORES DR,0,NA,Y,B,-,N,NA,NA,NA,NA,NA,NA,NA,NA,NA,N,4,0,1,2,A,-,03,22350,NA,N,C,C,A,A,H,-,A,A,0,NA,NA,NA,NA,Y,NA,-,NA,0,0,1,0,0,0,0,0,0,-,-,NA,NA,SAN DIEGO,SAN DIEGO,-117.25389099121094,32.85245132446289
8564461,2017,2018-02-28,3702,2017-12-23,1638,CV1111,NA,6,5,6,3702,0,0,0,NA,0,031,PASEO DEL REY,EAST H ST,14,N,N,A,-,N,NA,NA,NA,NA,NA,NA,NA,NA,NA,N,3,0,1,1,D,-,00,NA,NA,N,H,A,A,D,B,-,B,A,0,NA,NA,Y,NA,Y,NA,-,-,0,1,0,0,0,0,0,0,1,-,-,NA,NA,SAN DIEGO,CHULA VISTA,-117.02927523,32.63605813
8571462,2018,2018-03-14,3711,2018-02-25,1410,7555,NA,7,5,7,3711,0,0,0,NA,0,932,13000 NORTH TORREY PINES RD,NORTH TORREY PINES RD,7,E,N,A,-,N,NA,NA,NA,NA,NA,NA,NA,NA,NA,N,2,0,1,2,A,-,05,21651,A,N,D,G,A,A,H,-,A,D,0,NA,Y,NA,NA,Y,NA,A,01,1,0,0,0,0,0,1,0,0,-,-,32.93790054321289,-117.26129913330078,SAN DIEGO,SAN DIEGO,-117.26121520996094,32.937904357910156
8571833,2018,2018-03-13,3702,2018-02-01,0039,CV0912,NA,4,5,6,3702,0,0,0,NA,0,031,BUENA VISTA WY,LOS COCHES CT,71,S,N,A,-,N,NA,NA,NA,NA,NA,NA,NA,NA,NA,Y,4,0,1,3,A,-,01,23152,E,N,C,E,A,A,H,-,C,D,0,NA,NA,NA,NA,Y,NA,A,01,0,0,1,0,0,0,0,0,0,-,-,NA,NA,SAN DIEGO,CHULA VISTA,-117.00149536132813,32.63579559326172
8571939,2017,2018-03-13,3711,2017-11-03,1542,7417,SANDI,5,5,7,3711,0,0,0,NA,0,444,MARKET ST,MARKET ST 4200,0,NA,Y,A,-,N,NA,NA,NA,NA,NA,NA,NA,NA,NA,N,4,0,1,3,A,-,04,21703,NA,M,C,C,A,A,H,-,A,D,0,NA,NA,NA,NA,Y,NA,-,NA,0,0,1,0,0,0,0,0,0,-,-,NA,NA,SAN DIEGO,SAN DIEGO,-117.10468322,32.71148522
8572259,2018,2018-03-14,3711,2018-02-23,1335,5888,NA,5,5,7,3711,0,0,0,NA,0,829,EUCLID AV,ISLA VISTA DR,21,N,N,A,-,N,NA,NA,NA,NA,NA,NA,NA,NA,NA,N,4,0,2,2,A,-,08,22107,NA,N,D,C,A,A,H,-,A,A,0,NA,NA,NA,NA,Y,NA,-,NA,0,0,2,0,0,0,0,0,0,-,-,NA,NA,SAN DIEGO,SAN DIEGO,-117.0923309326172,32.74273681640625
8572429,2018,2018-03-13,3702,2018-01-20,1606,CV1098,NA,6,5,6,3702,0,0,0,NA,0,012,H ST,4TH AV,8,W,N,A,-,N,NA,NA,NA,NA,NA,NA,NA,NA,NA,N,4,0,2,2,A,-,03,22350,NA,N,C,C,A,A,H,-,A,D,0,NA,NA,NA,NA,Y,NA,A,01,0,0,2,0,0,0,0,0,0,-,-,NA,NA,SAN DIEGO,CHULA VISTA,-117.08133697509766,32.633243560791016
8573456,2018,2018-03-29,3706,2018-03-18,0800,492,ESCON,7,5,6,3706,0,0,0,NA,0,043,CENTRE CITY PY,IRIS LN,0,NA,Y,A,-,N,NA,NA,NA,NA,NA,NA,NA,NA,NA,Y,4,0,1,2,A,-,03,22350,NA,N,C,C,A,A,H,-,A,A,0,NA,NA,NA,NA,Y,NA,A,01,0,0,1,0,0,0,0,0,0,-,-,33.15156173706055,-117.09635925292967,SAN DIEGO,ESCONDIDO,-117.09632873535156,33.151451110839844
8574191,2018,2018-06-28,3701,2018-02-14,1610,CB5492,NA,3,5,5,3701,0,0,0,NA,0,006,TOWN GARDEN RD,METROPOLITAN ST,31,E,N,A,-,N,NA,NA,NA,NA,NA,NA,NA,NA,NA,N,4,0,1,2,A,-,09,21802,A,N,D,G,A,A,H,-,A,D,0,NA,Y,NA,NA,Y,NA,A,01,0,0,1,0,0,0,1,0,0,-,-,NA,NA,SAN DIEGO,CARLSBAD,-117.26502990722656,33.12372970581055
8574740,2018,2018-03-24,3711,2018-03-09,1030,7462,NA,5,5,7,3711,0,0,0,NA,0,529,4TH AV,LAUREL ST,0,NA,Y,A,-,N,NA,NA,NA,NA,NA,NA,NA,NA,NA,N,3,0,1,2,A,-,10,21950,A,N,G,B,B,A,-,-,A,A,0,Y,NA,NA,NA,Y,NA,-,NA,0,1,0,0,1,0,0,0,0,-,-,NA,NA,SAN DIEGO,SAN DIEGO,-117.16120147705078,32.731380462646484
8576315,2018,2018-03-27,3703,2018-03-03,0945,1329,NA,6,5,3,3703,0,0,0,NA,0,001,GLORIETTA BL,5TH ST,112,N,N,B,-,N,NA,NA,NA,NA,NA,NA,NA,NA,NA,N,4,0,1,2,A,-,08,22103,NA,N,D,C,A,B,H,-,A,D,0,NA,NA,NA,NA,Y,NA,A,01,0,0,1,0,0,0,0,0,0,-,-,NA,NA,SAN DIEGO,CORONADO,-117.1694564819336,32.69080352783203
8577513,2018,2018-03-29,3700,2018-02-27,0900,SH2558,NA,2,5,5,3712,0,0,0,NA,0,352,EAST MISSION RD,RICHLAND RD,585,W,N,C,-,N,NA,NA,NA,NA,NA,NA,NA,NA,NA,Y,3,0,1,1,C,-,18,NA,NA,N,H,A,A,B,H,-,A,A,0,NA,NA,NA,Y,Y,NA,-,-,0,1,0,0,0,0,0,0,0,-,-,NA,NA,SAN DIEGO,SAN MARCOS,-117.14185333251952,33.14289093017578
8577623,2018,2018-03-27,3706,2018-03-03,1632,511,ESCON,6,5,6,3706,0,0,0,NA,0,052,CHESTNUT ST,11TH AV,0,NA,Y,A,-,N,NA,NA,NA,NA,NA,NA,NA,NA,NA,Y,4,0,1,2,A,-,09,21801,A,N,D,C,A,A,H,-,A,D,0,NA,NA,NA,NA,Y,NA,A,01,0,0,1,0,0,0,0,0,0,-,-,33.1151008605957,-117.07048034667967,SAN DIEGO,ESCONDIDO,-117.07047271728516,33.11505126953125
8577701,2018,2018-03-26,3709,2018-03-09,2047,NC0498,NA,5,5,5,3709,0,0,0,NA,0,021,HIGHLAND AV,EAST PLAZA BL,0,NA,Y,A,-,N,NA,NA,NA,NA,NA,NA,NA,NA,NA,Y,4,0,1,2,A,-,12,21453,A,N,D,C,A,A,H,-,C,A,0,NA,NA,NA,NA,Y,NA,A,01,0,0,1,0,0,0,0,0,0,-,-,NA,NA,SAN DIEGO,NATIONAL CITY,-117.09810638427734,32.6763916015625
8577717,2018,2018-03-26,3709,2018-03-01,1203,NC0487,NA,4,5,5,3709,0,0,0,NA,0,024,HIGHLAND AV,EAST 30TH ST,140,N,N,A,-,N,NA,NA,NA,NA,NA,NA,NA,NA,NA,N,3,0,1,2,A,-,11,21954,A,N,G,B,D,A,H,-,A,D,0,Y,NA,NA,NA,Y,NA,N,60,0,1,0,0,1,0,0,0,0,-,-,NA,NA,SAN DIEGO,NATIONAL CITY,-117.09146881103516,32.65952682495117
8579185,2018,2018-03-15,3711,2018-03-05,0709,7280,NA,1,5,7,3711,0,0,0,NA,0,622,FRIARS RD,FRIARS RD 5500,0,NA,-,A,-,N,NA,NA,NA,NA,NA,NA,NA,NA,NA,Y,4,0,1,3,A,-,04,21703,NA,N,C,C,A,A,H,-,A,D,0,NA,NA,NA,NA,Y,NA,A,01,0,0,1,0,0,0,0,0,0,-,-,32.76409912109375,-117.193603515625,SAN DIEGO,SAN DIEGO,-117.1935457,32.7639468
8579475,2018,2018-03-19,3711,2018-03-01,0728,6641,NA,4,5,7,3711,0,0,0,NA,0,937,PASEO DEL SUR,KRISTEN GLEN,0,NA,Y,A,-,N,NA,NA,NA,NA,NA,NA,NA,NA,NA,N,4,0,1,2,A,-,11,21954,A,N,G,B,E,A,H,-,A,D,0,Y,NA,NA,NA,Y,NA,N,60,0,0,1,0,1,0,0,0,0,-,-,NA,NA,SAN DIEGO,SAN DIEGO,-117.13787841796876,33.01908874511719
8579895,2018,2018-03-22,3711,2018-03-08,0714,4691,NA,4,5,7,3711,0,0,0,NA,0,242,MIRA MESA BL,GREENFORD DR,24,W,N,A,-,N,NA,NA,NA,NA,NA,NA,NA,NA,NA,N,3,0,1,2,A,-,08,22107,NA,N,B,C,A,A,H,-,A,D,0,NA,NA,NA,NA,Y,NA,-,NA,0,1,0,0,0,0,0,0,0,-,-,NA,NA,SAN DIEGO,SAN DIEGO,-117.13302612304688,32.91382598876953
8579932,2018,2018-03-22,3700,2018-02-23,0900,SH3183,NA,5,5,5,3713,0,0,0,NA,0,302,EAST VISTA WY,ARCADIA AV,0,NA,Y,A,-,N,NA,NA,NA,NA,NA,NA,NA,NA,NA,Y,3,0,2,3,A,-,12,21453,A,N,D,C,A,A,H,-,A,A,0,NA,NA,NA,Y,Y,NA,A,07,0,1,1,0,0,0,0,0,0,-,-,NA,NA,SAN DIEGO,VISTA,-117.22614288330078,33.22489929199219
8584279,2018,2018-04-11,3711,2018-03-13,1530,6978,SANDI,2,5,7,3711,0,0,0,NA,0,124,GILMAN DR,VILLA LA JOLLA DR,1200,N,N,B,-,N,NA,NA,NA,NA,NA,NA,NA,NA,NA,N,4,0,1,2,A,-,08,22107,NA,N,C,G,A,A,H,-,A,D,0,NA,Y,NA,NA,Y,NA,-,NA,0,0,1,0,0,0,1,0,0,-,-,NA,NA,SAN DIEGO,SAN DIEGO,-117.23753356933594,32.86725616455078
8585871,2018,2018-04-11,3706,2018-03-10,0729,470,ESCON,6,5,6,3706,0,0,0,NA,0,055,VALLEY PKWY,11TH AV,0,NA,Y,B,C,N,NA,NA,NA,NA,NA,NA,NA,NA,NA,Y,4,0,1,1,A,-,03,22350,NA,N,A,I,A,B,G,-,A,A,0,NA,NA,NA,NA,Y,NA,A,01,0,0,1,0,0,0,0,0,0,-,-,33.10708999633789,-117.10452270507813,SAN DIEGO,ESCONDIDO,-117.10458374023438,33.10710144042969
8586901,2018,2018-04-16,3711,2018-03-30,2155,7233,NA,5,5,7,3711,0,0,0,NA,0,315,CAMINO DEL RIO N,QUALCOMM WY,0,NA,Y,A,-,N,NA,NA,NA,NA,NA,NA,NA,NA,NA,Y,4,0,2,2,A,-,12,21453,A,N,D,C,A,A,H,-,C,A,0,NA,NA,NA,NA,Y,NA,A,01,0,0,2,0,0,0,0,0,0,-,-,NA,NA,SAN DIEGO,SAN DIEGO,-117.14019012451172,32.77201843261719
8587247,2018,2018-06-28,3711,2018-03-24,1613,7463,SD,6,5,7,3711,0,0,0,NA,0,124,TORREY PINES RD,TORREY PINES RD 1900,0,NA,-,A,-,N,NA,NA,NA,NA,NA,NA,NA,NA,NA,N,4,0,2,3,A,-,04,21703,NA,N,C,C,A,A,H,-,A,A,0,NA,NA,NA,NA,Y,NA,A,01,0,0,2,0,0,0,0,0,0,-,-,NA,NA,SAN DIEGO,SAN DIEGO,-117.26058662,32.84970876
8587259,2018,2018-04-05,3711,2018-03-22,0543,7348,NA,4,5,7,3711,0,0,0,NA,0,618,CABRILLO MEMORIAL DR,MCCLELLAN ST,12,W,N,B,-,N,NA,NA,NA,NA,NA,NA,NA,NA,NA,NA,3,0,1,2,A,-,08,22107,NA,N,D,C,A,A,H,-,C,D,0,NA,NA,NA,NA,Y,NA,-,NA,0,1,0,0,0,0,0,0,0,-,-,NA,NA,SAN DIEGO,SAN DIEGO,-117.24765777587892,32.6993522644043
8589087,2018,2018-04-12,3711,2018-03-22,1450,7349,NW,4,5,7,3711,0,0,0,NA,0,931,CAMINO SANTA FE,COMMERCE,0,NA,Y,B,-,N,NA,NA,NA,NA,NA,NA,NA,NA,NA,Y,4,0,1,2,A,-,08,22107,NA,N,C,C,A,B,H,-,A,A,0,NA,NA,NA,NA,Y,NA,-,NA,0,0,1,0,0,0,0,0,0,-,-,NA,NA,SAN DIEGO,SAN DIEGO,-117.1680908203125,32.88243865966797
8589099,2018,2018-04-12,3711,2018-03-20,0802,7417,SANDI,2,5,7,3711,0,0,0,NA,0,432,OLVERA RD,LOS ANGELES,0,NA,Y,A,-,N,NA,NA,NA,NA,NA,NA,NA,NA,NA,Y,3,0,3,2,A,-,08,22107,NA,N,B,C,A,A,H,-,A,D,0,NA,NA,NA,NA,Y,NA,-,NA,0,3,0,0,0,0,0,0,0,-,-,32.69879913330078,-117.07879638671876,SAN DIEGO,SAN DIEGO,-117.07878875732422,32.69881820678711
8591071,2018,2018-04-09,3709,2018-03-25,1706,NC0498,NA,7,5,5,3709,0,0,0,NA,0,020,DIVISION ST,ELM DR,0,NA,Y,A,-,N,NA,NA,NA,NA,NA,NA,NA,NA,NA,Y,4,0,1,3,A,-,03,22350,NA,F,B,C,A,A,H,-,A,D,0,NA,NA,NA,NA,Y,NA,-,NA,0,0,1,0,0,0,0,0,0,-,-,NA,NA,SAN DIEGO,NATIONAL CITY,-117.10608673095705,32.68370819091797
8591207,2018,2018-04-10,3702,2018-03-05,1120,CV0652,NA,1,5,6,3702,0,0,0,NA,0,041,MEDICAL CENTER CT,MEDICAL CENTER DR,406,E,N,A,-,N,NA,NA,NA,NA,NA,NA,NA,NA,NA,N,4,0,1,2,A,-,10,21954,B,N,G,B,D,A,H,-,A,D,0,Y,NA,NA,NA,Y,NA,A,08,0,0,1,0,1,0,0,0,0,-,-,NA,NA,SAN DIEGO,CHULA VISTA,-117.02571105957033,32.619102478027344
8591223,2018,2018-04-10,3702,2018-03-03,0654,CV0967,NA,6,5,6,3702,0,0,0,NA,0,032,OTAY LAKES RD,BONITA RD,0,NA,Y,A,-,N,NA,NA,NA,NA,NA,NA,NA,NA,NA,Y,4,0,1,1,A,-,03,22350,NA,N,E,I,A,B,H,-,A,A,0,NA,NA,NA,NA,Y,NA,A,01,0,0,1,0,0,0,0,0,0,-,-,NA,NA,SAN DIEGO,CHULA VISTA,-117.03131103515624,32.66135025024414
8592099,2018,2018-04-19,3711,2018-03-30,2345,7005,NA,5,5,7,3711,0,0,0,NA,0,813,EL CAJON BL,LOWA ST,121,E,N,A,-,N,NA,NA,NA,NA,NA,NA,NA,NA,NA,N,4,0,1,2,A,-,03,22350,NA,N,C,C,A,A,H,-,C,A,0,NA,NA,NA,NA,Y,NA,-,NA,0,0,1,0,0,0,0,0,0,-,-,NA,NA,SAN DIEGO,SAN DIEGO,-117.12607116,32.75522741
8592479,2018,2018-04-18,3711,2018-03-27,0940,7595,NA,2,5,7,3711,0,0,0,NA,0,811,33RD PL,MEADE AV,200,N,N,A,-,N,NA,NA,NA,NA,NA,NA,NA,NA,NA,N,4,0,1,2,A,-,04,21703,NA,N,D,D,A,A,H,-,A,D,0,NA,NA,NA,NA,Y,NA,A,07,0,0,1,0,0,0,0,0,0,-,-,NA,NA,SAN DIEGO,SAN DIEGO,-117.12326049804688,32.75775909423828
8594145,2018,2018-04-19,3711,2018-04-05,2135,8332,NA,4,5,7,3711,0,0,0,NA,0,528,STATE ST,ASH ST,11,S,N,A,-,N,NA,NA,NA,NA,NA,NA,NA,NA,NA,Y,4,0,2,2,A,-,09,21453,B,N,D,C,A,A,H,-,C,A,0,NA,NA,NA,NA,Y,Y,A,01,0,0,2,0,0,0,0,0,0,-,-,NA,NA,SAN DIEGO,SAN DIEGO,-117.16650390625,32.71982955932617
8594377,2018,2018-04-20,3711,2018-04-04,1426,5918,NA,3,5,7,3711,0,0,0,NA,0,441,IMPERIAL AV,S 45TH ST,30,W,N,A,-,N,NA,NA,NA,NA,NA,NA,NA,NA,NA,N,4,0,2,2,A,-,03,22350,NA,N,C,C,A,A,H,-,A,A,0,NA,NA,NA,NA,Y,NA,A,07,0,0,2,0,0,0,0,0,0,-,-,NA,NA,SAN DIEGO,SAN DIEGO,-117.09806823730467,32.70414733886719
8595766,2018,2018-04-13,3710,2018-02-27,1015,OC0646,024,2,5,6,3710,0,0,0,NA,0,006,RANCHO DEL ORO DR,SAN RAMON DR,0,NA,Y,C,-,N,NA,NA,NA,NA,NA,NA,NA,NA,NA,Y,4,0,1,3,A,-,09,21804,NA,N,E,I,A,B,H,-,A,D,0,NA,NA,NA,NA,Y,NA,A,01,0,0,1,0,0,0,0,0,0,-,-,33.22248840332031,-117.32057189941406,SAN DIEGO,OCEANSIDE,-117.3203582763672,33.22246170043945
8596333,2018,2018-04-17,3711,2018-03-17,1426,7478,NA,6,5,7,3711,0,0,0,NA,0,611,ROSECRANS ST,KURTZ ST,180,S,N,B,-,N,NA,NA,NA,NA,NA,NA,NA,NA,NA,N,2,0,1,2,A,-,08,22107,NA,N,C,G,A,A,H,-,A,D,0,NA,Y,NA,NA,Y,Y,-,NA,1,0,0,0,0,0,1,0,0,-,-,NA,NA,SAN DIEGO,SAN DIEGO,-117.20421600341795,32.75190734863281
8603640,2018,2018-05-07,3711,2018-04-14,1550,7231,3711,6,5,7,3711,0,0,0,NA,0,431,EUCLID AV,GENEVA AV,225,N,N,A,-,N,NA,NA,NA,NA,NA,NA,NA,NA,NA,Y,4,0,3,2,A,-,09,21802,A,N,D,C,A,A,H,-,A,D,0,NA,NA,NA,NA,Y,NA,-,NA,0,0,3,0,0,0,0,0,0,-,-,NA,NA,SAN DIEGO,SAN DIEGO,-117.08496856689452,32.71733474731445