CASE_ID,ACCIDENT_YEAR,PROC_DATE,JURIS,COLLISION_DATE,COLLISION_TIME,OFFICER_ID,REPORTING_DISTRICT,DAY_OF_WEEK,CHP_SHIFT,POPULATION,CNTY_CITY_LOC,SPECIAL_COND,BEAT_TYPE,CHP_BEAT_TYPE,CITY_DIVISION_LAPD,CHP_BEAT_CLASS,BEAT_NUMBER,PRIMARY_RD,SECONDARY_RD,DISTANCE,DIRECTION,INTERSECTION,WEATHER_1,WEATHER_2,STATE_HWY_IND,CALTRANS_COUNTY,CALTRANS_DISTRICT,STATE_ROUTE,ROUTE_SUFFIX,POSTMILE_PREFIX,POSTMILE,LOCATION_TYPE,RAMP_INTERSECTION,SIDE_OF_HWY,TOW_AWAY,COLLISION_SEVERITY,NUMBER_KILLED,NUMBER_INJURED,PARTY_COUNT,PRIMARY_COLL_FACTOR,PCF_CODE_OF_VIOL,PCF_VIOL_CATEGORY,PCF_VIOLATION,PCF_VIOL_SUBSECTION,HIT_AND_RUN,TYPE_OF_COLLISION,MVIW,PED_ACTION,ROAD_SURFACE,ROAD_COND_1,ROAD_COND_2,LIGHTING,CONTROL_DEVICE,CHP_ROAD_TYPE,PEDESTRIAN_ACCIDENT,BICYCLE_ACCIDENT,MOTORCYCLE_ACCIDENT,TRUCK_ACCIDENT,NOT_PRIVATE_PROPERTY,ALCOHOL_INVOLVED,STWD_VEHTYPE_AT_FAULT,CHP_VEHTYPE_AT_FAULT,COUNT_SEVERE_INJ,COUNT_VISIBLE_INJ,COUNT_COMPLAINT_PAIN,COUNT_PED_KILLED,COUNT_PED_INJURED,COUNT_BICYCLIST_KILLED,COUNT_BICYCLIST_INJURED,COUNT_MC_KILLED,COUNT_MC_INJURED,PRIMARY_RAMP,SECONDARY_RAMP,LATITUDE,LONGITUDE,COUNTY,CITY,POINT_X,POINT_Y
8875933,2019,2019-06-17,3700,2019-04-26,1320,SH2573,NA,5,5,5,3782,0,0,0,NA,0,210,COAST HWY 101,BISHOPS GATE RD,0,NA,Y,A,-,N,NA,NA,NA,NA,NA,NA,NA,NA,NA,Y,3,0,2,3,A,-,03,22350,NA,N,C,C,A,A,H,-,A,A,0,NA,NA,NA,NA,Y,NA,A,01,0,1,1,0,0,0,0,0,0,-,-,NA,NA,SAN DIEGO,ENCINITAS,-117.30713653564452,33.07884979248047
8876159,2019,2019-06-13,3703,2019-05-14,0732,1311,NA,2,5,3,3703,0,0,0,NA,0,003,7TH ST,A AV,0,NA,Y,B,-,N,NA,NA,NA,NA,NA,NA,NA,NA,NA,N,3,0,1,2,A,-,09,21800,A,N,B,G,A,A,H,-,A,D,0,NA,Y,NA,NA,Y,NA,L,04,0,1,0,0,0,0,1,0,0,-,-,NA,NA,SAN DIEGO,CORONADO,-117.17391967773438,32.68873977661133
8876180,2019,2019-06-12,3711,2019-05-22,0820,SD7789,NA,3,5,7,3711,0,0,0,NA,0,934,CARMEL COUNTRY RD,DEL MAR HEIGHTS RD,0,NA,Y,B,-,N,NA,NA,NA,NA,NA,NA,NA,NA,NA,N,3,0,1,2,A,-,03,22350,NA,N,D,G,A,A,H,-,A,A,0,NA,Y,NA,NA,Y,NA,L,04,0,1,0,0,0,0,1,0,0,-,-,NA,NA,SAN DIEGO,SAN DIEGO,-117.22975158691406,32.95547103881836
8877006,2019,2019-06-17,3711,2019-05-26,0817,SD7723,NA,7,5,7,3711,0,0,0,NA,0,521,PARK BL,J ST,190,S,N,-,-,N,NA,NA,NA,NA,NA,NA,NA,NA,NA,N,3,0,1,1,B,-,22,NA,NA,N,-,-,A,-,-,-,-,-,0,NA,Y,NA,NA,Y,NA,L,04,0,1,0,0,0,0,1,0,0,-,-,NA,NA,SAN DIEGO,SAN DIEGO,-117.15373992919922,32.70888900756836
8878575,2019,2019-06-20,3711,2019-05-24,1007,SD5454,NA,5,5,7,3711,0,0,0,NA,0,825,ADAMS AV,EDGEWARE RD,0,NA,-,A,-,N,NA,NA,NA,NA,NA,NA,NA,NA,NA,N,4,0,1,2,A,-,08,22100,B,N,D,C,A,A,H,-,A,D,0,NA,NA,NA,NA,Y,NA,A,01,0,0,1,0,0,0,0,0,0,-,-,NA,NA,SAN DIEGO,SAN DIEGO,-117.10530090332033,32.763240814208984
8879771,2019,2019-06-17,3705,2019-05-05,1434,EC5368,NA,7,5,5,3705,0,0,0,NA,0,002,ORLANDO ST,E MADISON AV,913,S,N,A,-,N,NA,NA,NA,NA,NA,NA,NA,NA,NA,Y,3,0,2,2,A,-,09,21804,A,N,D,C,A,A,H,-,A,D,0,NA,NA,NA,NA,Y,NA,A,01,0,1,1,0,0,0,0,0,0,-,-,NA,NA,SAN DIEGO,EL CAJON,-116.94013214111328,32.79766082763672
8880008,2019,2019-06-24,3705,2019-01-11,0730,EC0379,NA,5,5,5,3705,0,0,0,NA,0,003,JAMACHA RD,E WASHINGTON AV,471,S,N,A,-,N,NA,NA,NA,NA,NA,NA,NA,NA,NA,Y,4,0,1,3,A,-,03,22350,NA,N,C,C,A,A,H,-,A,D,0,NA,NA,NA,NA,Y,NA,A,01,0,0,1,0,0,0,0,0,0,-,-,NA,NA,SAN DIEGO,EL CAJON,-116.92791748046876,32.78641128540039
8882583,2019,2019-07-23,3709,2019-06-23,1622,NC0442,NA,7,5,5,3709,0,0,0,NA,0,021,E 9TH ST,E 9TH ST 1100,0,NA,Y,B,-,N,NA,NA,NA,NA,NA,NA,NA,NA,NA,N,3,0,1,2,A,-,05,21650,1,N,A,G,A,A,H,-,A,D,0,NA,Y,NA,NA,Y,NA,L,04,0,1,0,0,0,0,1,0,0,-,-,NA,NA,SAN DIEGO,NATIONAL CITY,-117.095244,32.678172000000004
8882707,2019,2019-08-05,3711,2019-06-18,2128,7898,NA,2,5,7,3711,0,0,0,NA,0,811,MONROE AV,36TH ST,0,NA,Y,A,-,N,NA,NA,NA,NA,NA,NA,NA,NA,NA,N,3,0,1,1,A,-,00,21070,NA,N,A,I,A,A,H,-,C,D,0,NA,NA,Y,NA,Y,NA,C,03,0,1,0,0,0,0,0,0,1,-,-,NA,NA,SAN DIEGO,SAN DIEGO,-117.11521911621094,32.75899124145508
8884721,2019,2019-11-08,3711,2019-05-27,1150,SD6192,NA,1,5,7,3711,0,0,0,NA,0,242,MIRA MESA BL,RT 15,483,W,N,A,-,Y,SD,11,15,-,M,15.891,R,4,N,Y,3,0,2,2,A,-,04,21703,NA,N,C,C,A,A,H,-,A,D,0,NA,NA,NA,NA,Y,NA,A,07,0,1,1,0,0,0,0,0,0,-,NO,NA,NA,SAN DIEGO,SAN DIEGO,-117.1159439086914,32.91646957397461
8884957,2019,2019-07-02,3708,2019-06-16,0424,LM1279,NA,7,5,5,3708,0,0,0,NA,0,001,TOWER ST,68TH ST,50,E,N,A,-,N,NA,NA,NA,NA,NA,NA,NA,NA,NA,Y,3,0,1,2,A,-,08,22107,NA,N,C,E,A,A,H,-,C,D,0,NA,NA,NA,NA,Y,NA,A,01,0,1,0,0,0,0,0,0,0,-,-,NA,NA,SAN DIEGO,LA MESA,-117.05097198486328,32.76322937011719
8885623,2019,2019-07-17,3710,2019-06-22,1712,OC1460,NA,6,5,6,3710,0,0,0,NA,0,016,MISSION AV,FIRESIDE ST,1000,E,N,A,-,N,NA,NA,NA,NA,NA,NA,NA,NA,NA,N,4,0,1,3,A,-,09,21804,A,M,D,C,A,A,H,-,A,-,0,NA,NA,NA,NA,Y,NA,A,07,0,0,1,0,0,0,0,0,0,-,-,NA,NA,SAN DIEGO,OCEANSIDE,-117.3329849243164,33.22417449951172
8886021,2019,2019-07-09,3711,2019-05-20,1422,SD6166,NA,1,5,7,3711,0,0,0,NA,0,311,AERO DR,KEARNY VILLA RD,150,E,N,A,-,N,NA,NA,NA,NA,NA,NA,NA,NA,NA,N,4,0,3,3,A,-,03,22350,NA,N,C,C,A,A,H,-,A,D,0,NA,NA,NA,NA,Y,NA,A,01,0,0,3,0,0,0,0,0,0,-,-,NA,NA,SAN DIEGO,SAN DIEGO,-117.15048980712892,32.809879302978516
8886063,2019,2019-07-16,3711,2019-06-06,0139,SD6000,NA,4,5,7,3711,0,0,0,NA,0,524,W BROADWAY AV,PACIFIC HWY,216,E,N,B,-,N,NA,NA,NA,NA,NA,NA,NA,NA,NA,N,2,0,1,1,A,-,17,21235,G,N,E,I,A,A,H,-,C,D,0,NA,NA,Y,NA,Y,NA,C,03,1,0,0,0,0,0,0,0,1,-,-,NA,NA,SAN DIEGO,SAN DIEGO,-117.17037200927734,32.71578598022461
8887802,2019,2019-07-22,3711,2019-06-24,1605,7879,NA,1,5,7,3711,0,0,0,NA,0,444,36TH ST,J ST,18,N,N,B,-,N,NA,NA,NA,NA,NA,NA,NA,NA,NA,Y,3,0,1,2,A,-,08,22107,NA,N,D,C,A,A,H,-,A,D,0,NA,NA,NA,NA,Y,NA,A,01,0,1,0,0,0,0,0,0,0,-,-,NA,NA,SAN DIEGO,SAN DIEGO,-117.11656951904295,32.709537506103516
8887852,2019,2019-07-08,3711,2019-04-12,0658,SD7782,NA,5,5,7,3711,0,0,0,NA,0,933,CARMEL VALLEY RD,SORRENTO VALLEY RD,0,NA,Y,A,-,N,NA,NA,NA,NA,NA,NA,NA,NA,NA,N,3,0,1,2,A,-,08,22100,B,N,B,C,A,A,H,-,A,A,0,NA,NA,Y,NA,Y,NA,C,06,0,1,0,0,0,0,0,0,1,-,-,NA,NA,SAN DIEGO,SAN DIEGO,-117.2430419921875,32.931358337402344
8888959,2019,2019-07-31,3705,2019-06-10,0735,EC5368,NA,1,5,5,3705,0,0,0,NA,0,001,EL CAJON BL,MILLAR AV,0,NA,Y,A,-,N,NA,NA,NA,NA,NA,NA,NA,NA,NA,Y,3,0,1,3,A,-,09,21801,A,N,D,C,A,A,H,-,A,D,0,NA,NA,NA,Y,Y,NA,F,26,0,1,0,0,0,0,0,0,0,-,-,NA,NA,SAN DIEGO,EL CAJON,-116.97389221191406,32.78879928588867
8889303,2019,2019-07-10,3706,2019-06-28,1632,455,ESCON,5,5,6,3706,0,0,0,NA,0,045,VALLEY PY,9TH AV,0,NA,Y,A,-,N,NA,NA,NA,NA,NA,NA,NA,NA,NA,N,4,0,1,2,A,-,12,21453,A,N,D,C,A,A,H,-,A,A,0,NA,NA,NA,NA,Y,NA,A,01,0,0,1,0,0,0,0,0,0,-,-,33.11064147949219,-117.10350799560548,SAN DIEGO,ESCONDIDO,-117.10352325439452,33.11069869995117
8889315,2019,2019-07-10,3706,2019-06-11,1402,1846,ESCON,2,5,6,3706,0,0,0,NA,0,041,CENTRE CITY PKWY,COUNTRY CLUB LN,47,N,N,A,-,N,NA,NA,NA,NA,NA,NA,NA,NA,NA,N,4,0,2,3,A,-,03,22350,NA,N,C,C,A,A,H,-,A,D,0,NA,NA,NA,NA,Y,NA,A,01,0,0,2,0,0,0,0,0,0,-,-,33.158119201660156,-117.10189819335938,SAN DIEGO,ESCONDIDO,-117.10221099853516,33.15826416015625
8890007,2019,2019-07-17,3706,2019-06-02,2113,510,ESCON,7,5,6,3706,0,0,0,NA,0,052,2ND AV,ESCONDIDO BL,6,E,N,A,-,N,NA,NA,NA,NA,NA,NA,NA,NA,NA,N,4,0,2,2,A,-,12,21453,A,N,D,C,A,A,H,-,C,A,0,NA,NA,NA,NA,Y,NA,A,01,0,0,2,0,0,0,0,0,0,-,-,33.11919021606445,-117.08387756347656,SAN DIEGO,ESCONDIDO,-117.08353424072266,33.11940002441406
8890071,2019,2019-07-03,3706,2019-04-02,0727,528,ESCON,2,5,6,3706,0,0,0,NA,0,042,VALLEY PKWY,BROADWAY,0,NA,Y,A,-,N,NA,NA,NA,NA,NA,NA,NA,NA,NA,Y,3,0,1,3,A,-,12,21453,A,N,D,C,A,A,H,-,A,A,0,NA,NA,NA,NA,Y,NA,A,01,0,1,0,0,0,0,0,0,0,-,-,33.12268829345703,-117.08190155029295,SAN DIEGO,ESCONDIDO,-117.08194732666016,33.1226692199707
8891096,2019,2019-07-12,3711,2019-06-22,2033,SD7201,NA,6,5,7,3711,0,0,0,NA,0,315,CAMINO DE LA REINA,MISSION CENTER RD,390,E,N,A,-,N,NA,NA,NA,NA,NA,NA,NA,NA,NA,N,4,0,2,2,A,-,09,21804,A,N,D,C,A,B,H,-,C,D,0,NA,NA,NA,NA,Y,Y,A,01,0,0,2,0,0,0,0,0,0,-,-,NA,NA,SAN DIEGO,SAN DIEGO,-117.15264892578124,32.76848220825195
8893528,2019,2019-08-15,3711,2019-06-05,1245,7287,NA,3,5,7,3711,0,0,0,NA,0,627,WEST WASHINGTON ST,FALCON ST,21,E,N,A,-,N,NA,NA,NA,NA,NA,NA,NA,NA,NA,NA,4,0,2,2,A,-,12,21453,NA,N,D,C,A,A,H,-,A,A,0,NA,NA,NA,NA,Y,NA,A,01,0,0,2,0,0,0,0,0,0,-,-,NA,NA,SAN DIEGO,SAN DIEGO,-117.17039489746094,32.74991989135742
8896604,2019,2019-08-19,3706,2019-06-15,1519,496,ESCON,6,5,6,3706,0,0,0,NA,0,044,MIDWAY DR,LINCOLN AV,0,NA,Y,A,-,N,NA,NA,NA,NA,NA,NA,NA,NA,NA,NA,3,0,2,2,A,-,12,22450,A,N,D,C,A,A,H,-,A,A,0,NA,NA,NA,NA,Y,NA,-,-,0,1,1,0,0,0,0,0,0,-,-,33.1473388671875,-117.05880737304688,SAN DIEGO,ESCONDIDO,-117.0588607788086,33.14738845825195
8898501,2019,2019-07-18,3711,2019-06-26,1500,SD8861,NA,3,5,7,3711,0,0,0,NA,0,527,PACIFIC HWY,W HAWTHORN ST,18,N,N,A,-,N,NA,NA,NA,NA,NA,NA,NA,NA,NA,N,3,0,1,1,A,-,03,22350,NA,N,H,J,A,A,H,-,A,A,0,NA,Y,NA,NA,Y,NA,L,04,0,1,0,0,0,0,1,0,0,-,-,NA,NA,SAN DIEGO,SAN DIEGO,-117.17200469970705,32.72562026977539
8898509,2019,2019-07-18,3711,2019-06-26,0712,SD6812,NA,3,5,7,3711,0,0,0,NA,0,123,EAST MISSION BAY DR,E MISSION BAY DR 1300,0,NA,-,A,-,N,NA,NA,NA,NA,NA,NA,NA,NA,NA,N,3,0,1,2,A,-,05,21460,A,N,D,G,A,A,H,-,B,D,0,NA,Y,NA,NA,Y,NA,A,01,0,1,0,0,0,0,1,0,0,-,-,NA,NA,SAN DIEGO,SAN DIEGO,NA,NA
8899916,2019,2019-07-29,3711,2019-06-15,1720,SD7775,NA,6,5,7,3711,0,0,0,NA,0,523,5TH AV,BROADWAY,0,NA,-,A,-,N,NA,NA,NA,NA,NA,NA,NA,NA,NA,N,3,0,1,2,A,-,05,21650,1,N,B,G,B,A,H,-,B,A,0,Y,NA,NA,NA,Y,NA,N,60,0,1,0,0,1,0,0,0,0,-,-,NA,NA,SAN DIEGO,SAN DIEGO,-117.16014862060548,32.7157096862793
8899954,2019,2019-07-30,3711,2019-07-12,1723,7791,SD CO,5,5,7,3711,0,0,0,NA,0,007,SATURN BL,SATURN BL 700,0,NA,Y,A,-,N,NA,NA,NA,NA,NA,NA,NA,NA,NA,N,4,0,1,2,A,-,03,22350,NA,N,C,C,A,A,H,-,A,A,0,NA,NA,NA,NA,Y,NA,A,01,0,0,1,0,0,0,0,0,0,-,-,NA,NA,SAN DIEGO,SAN DIEGO,NA,NA
8900888,2019,2019-08-07,3700,2019-07-17,1625,SH0029,NA,3,5,5,3713,0,0,0,NA,0,301,NORTH SANTA FE AV,OSBORNE ST,1456,N,N,A,-,N,NA,NA,NA,NA,NA,NA,NA,NA,NA,Y,3,0,1,2,A,-,01,23153,A,N,C,C,A,A,H,-,A,A,0,NA,NA,NA,NA,Y,Y,D,22,0,1,0,0,0,0,0,0,0,-,-,NA,NA,SAN DIEGO,VISTA,-117.2557373046875,33.234561920166016
8901834,2019,2019-08-09,3702,2019-07-01,1129,CV0967,NA,1,5,6,3702,0,0,0,NA,0,031,CREST DR,TELEGRAPH CANYON RD,40,N,N,A,-,N,NA,NA,NA,NA,NA,NA,NA,NA,NA,N,4,0,1,2,A,-,03,22350,NA,N,C,C,A,A,H,-,A,A,0,NA,NA,NA,NA,Y,NA,D,22,0,0,1,0,0,0,0,0,0,-,-,NA,NA,SAN DIEGO,CHULA VISTA,-117.03667449951172,32.62812805175781
8902342,2019,2019-07-25,3710,2019-04-04,1100,OC1274,NA,4,5,6,3710,0,0,0,NA,0,NA,PIER VIEW WY,HORNE ST,80,W,N,A,-,N,NA,NA,NA,NA,NA,NA,NA,NA,NA,N,4,0,1,2,A,-,21,22106,NA,F,C,C,A,A,H,-,A,D,0,NA,NA,NA,NA,Y,NA,A,01,0,0,1,0,0,0,0,0,0,-,-,33.198951721191406,-117.3764877319336,SAN DIEGO,OCEANSIDE,-117.37667846679688,33.19887161254883
8902989,2019,2019-07-30,3710,2019-04-17,0849,OC1452,NA,3,5,6,3710,0,0,0,NA,0,008,MISSION AV,PIRATES COVE WY,0,NA,Y,A,-,N,NA,NA,NA,NA,NA,NA,NA,NA,NA,Y,4,0,1,2,A,-,04,21703,NA,N,C,C,A,A,H,-,A,A,0,NA,NA,NA,NA,Y,NA,A,01,0,0,1,0,0,0,0,0,0,-,-,NA,NA,SAN DIEGO,OCEANSIDE,-117.37362670898438,33.19934844970703
8903444,2019,2019-07-30,3711,2019-07-05,1347,SD6621,NA,5,5,7,3711,0,0,0,NA,0,115,LA JOLLA VILLAGE DR,LA JOLLA VILLAGE DR 4200,85,N,N,A,-,N,NA,NA,NA,NA,NA,NA,NA,NA,NA,N,3,0,1,2,A,-,-,NA,NA,N,B,C,A,A,H,-,A,A,0,NA,NA,NA,NA,Y,NA,A,01,0,1,0,0,0,0,0,0,0,-,-,NA,NA,SAN DIEGO,SAN DIEGO,NA,NA
8903451,2019,2019-07-31,3711,2019-06-26,1259,SH2573,NA,3,5,7,3711,0,0,0,NA,0,241,MANCHESTER AV,RT 5,0,NA,Y,A,-,N,NA,NA,NA,NA,NA,NA,NA,NA,NA,N,4,0,1,3,A,-,03,22350,NA,N,C,C,A,A,D,-,A,A,0,NA,NA,NA,NA,Y,NA,A,08,0,0,1,0,0,0,0,0,0,-,NF,NA,NA,SAN DIEGO,SAN DIEGO,-117.26480102539063,33.01034164428711
8904196,2019,2019-08-09,3711,2019-07-04,2056,SD6176,NA,4,5,7,3711,0,0,0,NA,0,451,54TH ST,PIROTTE DR,130,N,N,A,-,N,NA,NA,NA,NA,NA,NA,NA,NA,NA,N,3,0,2,4,A,-,03,22350,NA,N,B,C,A,A,H,-,C,D,0,NA,NA,NA,NA,Y,Y,A,01,0,1,1,0,0,0,0,0,0,-,-,NA,NA,SAN DIEGO,SAN DIEGO,-117.0805206298828,32.72883987426758
8904244,2019,2019-07-31,3700,2019-07-03,1240,SD7604,NA,3,5,2,3704,0,0,0,NA,0,933,VIA DE LA VALLE,VIA DE LA VALLE 2200,0,NA,N,A,-,N,NA,NA,NA,NA,NA,NA,NA,NA,NA,N,4,0,1,2,A,-,03,22350,NA,N,C,C,A,A,H,-,A,A,0,NA,NA,NA,NA,Y,NA,A,01,0,0,1,0,0,0,0,0,0,-,-,NA,NA,SAN DIEGO,DEL MAR,NA,NA
8905392,2019,2019-10-02,3711,2019-08-27,2145,SD4310,NA,2,5,7,3711,0,0,0,NA,0,516,K ST,32ND ST,271,E,N,A,-,N,NA,NA,NA,NA,NA,NA,NA,NA,NA,Y,4,0,1,2,A,-,03,22350,NA,M,A,C,A,A,H,-,D,D,0,NA,NA,NA,NA,Y,NA,A,01,0,0,1,0,0,0,0,0,0,-,-,NA,NA,SAN DIEGO,SAN DIEGO,-117.12435913085938,32.708518981933594
8906158,2019,2019-08-20,3705,2019-07-17,1127,EC0344,NA,3,5,5,3705,0,0,0,NA,0,001,FLETCHER PKWY,N MARSHALL,0,NA,Y,A,-,N,NA,NA,NA,NA,NA,NA,NA,NA,NA,Y,4,0,3,2,A,-,12,21453,A,N,D,C,A,A,H,-,A,A,0,NA,NA,NA,NA,Y,NA,A,01,0,0,3,0,0,0,0,0,0,-,-,NA,NA,SAN DIEGO,EL CAJON,-116.97553253173828,32.807769775390625
8907381,2019,2019-08-12,3700,2019-07-14,2227,SG7275,NA,7,5,5,3713,0,0,0,NA,0,314,CIVIC CENTER DR,SOUTH SANTA FE AV,48,S,N,A,-,N,NA,NA,NA,NA,NA,NA,NA,NA,NA,Y,4,0,1,3,A,-,03,22350,NA,F,C,C,A,A,H,-,C,A,0,NA,NA,NA,NA,Y,Y,A,01,0,0,1,0,0,0,0,0,0,-,-,NA,NA,SAN DIEGO,VISTA,-117.23441314697266,33.193763732910156
8909528,2019,2019-08-06,3700,2019-01-30,1622,SH3208,NA,3,5,4,3707,0,0,0,NA,0,710,IMPERIAL BEACH BL,FLORIDA ST,2,W,N,A,-,N,NA,NA,NA,NA,NA,NA,NA,NA,NA,N,3,0,1,2,A,-,09,21804,A,N,G,B,A,A,H,-,A,D,0,NA,Y,NA,NA,Y,NA,L,04,0,1,0,0,0,0,1,0,0,-,-,NA,NA,SAN DIEGO,IMPERIAL BEACH,-117.1093978881836,32.576541900634766
8911394,2020,2022-06-11,3710,2020-05-13,2045,OC1185,NA,3,5,6,3710,0,0,0,NA,0,027,OCEANSIDE BL,AVENIDA DEL ORO,700,E,N,A,-,N,NA,NA,NA,NA,NA,NA,NA,NA,NA,Y,1,1,0,2,A,-,22,23123,5,N,G,B,D,A,H,-,C,A,0,Y,NA,NA,NA,Y,NA,A,07,0,0,0,1,0,0,0,0,0,-,-,NA,NA,SAN DIEGO,OCEANSIDE,-117.28729248046876,33.206695556640625
8911610,2020,2022-06-14,3700,2020-06-11,1902,SH1125,NA,4,5,4,3720,0,0,0,NA,0,602,VISTA AV,BROADWAY,0,NA,Y,A,-,N,NA,NA,NA,NA,NA,NA,NA,NA,NA,Y,1,1,0,2,A,-,10,21950,A,N,G,B,B,A,H,-,B,D,0,Y,NA,NA,Y,Y,Y,F,26,0,0,0,1,0,0,0,0,0,-,-,NA,NA,SAN DIEGO,LEMON GROVE,-117.041748046875,32.74264144897461
8911852,2020,2020-12-01,3711,2020-10-05,1501,SD4656,NA,1,5,7,3711,0,0,0,NA,0,525,300 G ST,3RD AV,30,E,N,A,-,N,NA,NA,NA,NA,NA,NA,NA,NA,NA,N,1,1,0,2,A,-,11,21954,A,N,G,B,D,A,H,-,A,A,0,Y,NA,NA,NA,Y,NA,N,60,0,0,0,1,0,0,0,0,0,-,-,NA,NA,SAN DIEGO,SAN DIEGO,-117.16181182861328,32.712589263916016
8912359,2019,2019-08-16,3702,2019-07-06,1259,CV1294,NA,6,5,6,3702,0,0,0,NA,0,021,BROADWAY,ANITA ST,54,N,N,A,-,N,NA,NA,NA,NA,NA,NA,NA,NA,NA,N,4,0,3,2,A,-,03,22350,NA,N,C,C,A,A,H,-,A,A,0,NA,NA,NA,NA,Y,NA,A,01,0,0,3,0,0,0,0,0,0,-,-,NA,NA,SAN DIEGO,CHULA VISTA,-117.07687377929688,32.598609924316406
8912363,2019,2019-08-16,3702,2019-07-26,2125,CV1193,NA,5,5,6,3702,0,0,0,NA,0,011,E ST,WOODLAWN AV,265,W,N,A,-,N,NA,NA,NA,NA,NA,NA,NA,NA,NA,N,3,0,1,2,A,-,11,21955,NA,N,G,B,D,A,H,-,C,D,0,Y,NA,NA,NA,Y,NA,N,60,0,1,0,0,1,0,0,0,0,-,-,NA,NA,SAN DIEGO,CHULA VISTA,-117.09839630126952,32.63996124267578
8913646,2019,2020-01-21,3710,2019-07-16,0812,1197,NA,2,5,6,3710,0,0,0,NA,0,035,RT 76,SANTA FE,1141,W,N,A,-,Y,SD,11,76,-,R,6.5,H,-,W,Y,4,0,2,2,A,-,03,22350,NA,N,C,C,A,A,H,-,A,D,0,NA,NA,NA,NA,Y,NA,A,01,0,0,2,0,0,0,0,0,0,-,-,NA,NA,SAN DIEGO,OCEANSIDE,-117.28494262695313,33.244529724121094
8913650,2019,2020-01-21,3710,2019-07-12,1315,OC1456,NA,5,5,6,3710,0,0,0,NA,0,021,RT 76,DOUGLAS DR,815,E,N,A,-,Y,SD,11,76,-,R,3.9,H,-,W,Y,4,0,1,2,A,-,03,22350,NA,N,C,C,A,A,H,-,A,D,0,NA,NA,NA,NA,Y,NA,A,01,0,0,1,0,0,0,0,0,0,-,-,NA,NA,SAN DIEGO,OCEANSIDE,-117.32321166992188,33.226585388183594
8914701,2019,2019-08-13,3702,2019-06-06,1305,CV1026,NA,4,5,6,3702,0,0,0,NA,0,042,DISCOVERY FALLS DR,BIRCH RD,300,N,N,B,-,N,NA,NA,NA,NA,NA,NA,NA,NA,NA,Y,4,0,2,2,A,-,09,21801,A,N,A,C,A,A,H,-,A,D,0,NA,NA,NA,NA,Y,NA,A,01,0,0,2,0,0,0,0,0,0,-,-,NA,NA,SAN DIEGO,CHULA VISTA,-116.96045684814452,32.62274169921875
8914705,2019,2019-08-13,3702,2019-06-15,2255,CV1137,NA,6,5,6,3702,0,0,0,NA,0,024,MAIN ST,BRANDYWINE AV,532,W,N,A,-,N,NA,NA,NA,NA,NA,NA,NA,NA,NA,Y,4,0,2,2,A,-,04,21703,NA,F,C,C,A,A,H,-,C,D,0,NA,NA,NA,NA,Y,Y,-,99,0,0,2,0,0,0,0,0,0,-,-,NA,NA,SAN DIEGO,CHULA VISTA,-117.0311279296875,32.59489440917969
8915377,2019,2019-08-13,3700,2019-07-23,2249,SD4310,NA,2,5,2,3704,0,0,0,NA,0,933,DEL MAR HEIGHTS RD,MANGO DR,0,NA,Y,A,-,N,NA,NA,NA,NA,NA,NA,NA,NA,NA,Y,4,0,1,3,A,-,09,21800,D,N,D,C,A,A,H,-,D,B,0,NA,NA,NA,NA,Y,NA,A,01,0,0,1,0,0,0,0,0,0,-,-,NA,NA,SAN DIEGO,DEL MAR,-117.24742126464844,32.94873046875
8915385,2019,2019-08-22,3711,2019-07-23,1157,SD7821,NA,2,5,7,3711,0,0,0,NA,0,813,REDWOOD ST,30TH ST,100,W,N,A,-,N,NA,NA,NA,NA,NA,NA,NA,NA,NA,Y,3,0,1,2,A,-,09,21804,A,N,D,D,A,A,H,-,A,D,0,NA,NA,NA,NA,Y,NA,A,08,0,1,0,0,0,0,0,0,0,-,-,NA,NA,SAN DIEGO,SAN DIEGO,-117.12964630126952,32.73741912841797
8915437,2019,2019-08-13,3700,2019-07-05,0149,SH2558,NA,5,5,5,3712,0,0,0,NA,0,351,TWIN OAKS VALLEY RD,CASSOU RD,0,NA,Y,A,-,N,NA,NA,NA,NA,NA,NA,NA,NA,NA,Y,3,0,1,1,A,-,01,23152,A,N,E,I,A,A,H,-,C,D,0,NA,NA,NA,NA,Y,Y,A,01,0,1,0,0,0,0,0,0,0,-,-,NA,NA,SAN DIEGO,SAN MARCOS,-117.1574935913086,33.17919921875
8916312,2019,2019-09-04,3711,2019-06-09,0542,6583,NA,7,5,7,3711,0,0,0,NA,0,431,EUCLID AV,HILLTOP DR,0,NA,N,A,-,N,NA,NA,NA,NA,NA,NA,NA,NA,NA,Y,3,0,1,3,A,-,01,23152,A,N,C,E,A,A,H,-,B,D,0,NA,NA,NA,NA,Y,NA,-,NA,0,1,0,0,0,0,0,0,0,-,-,NA,NA,SAN DIEGO,SAN DIEGO,-117.0850067138672,32.71500015258789
8916593,2019,2019-08-21,3711,2019-07-28,1120,SD7669,NA,7,5,7,3711,0,0,0,NA,0,522,PACIFIC COAST HWY,W E ST,0,NA,Y,-,-,N,NA,NA,NA,NA,NA,NA,NA,NA,NA,N,3,0,1,1,A,-,03,22350,NA,N,-,-,A,-,-,-,-,-,0,NA,NA,NA,NA,Y,NA,-,NA,0,1,0,0,0,0,0,0,0,-,-,NA,NA,SAN DIEGO,SAN DIEGO,-117.17109,32.71459
8918264,2019,2019-08-27,3705,2019-07-26,1558,0394,NA,5,5,5,3705,0,0,0,NA,0,003,OAKDALE AV,N 2ND,178,E,N,A,-,N,NA,NA,NA,NA,NA,NA,NA,NA,NA,Y,4,0,2,2,A,-,09,21804,A,N,D,C,A,A,H,-,A,D,0,NA,NA,NA,NA,Y,NA,A,01,0,0,2,0,0,0,0,0,0,-,-,NA,NA,SAN DIEGO,EL CAJON,-116.9351806640625,32.80205535888672