CASE_ID,ACCIDENT_YEAR,PROC_DATE,JURIS,COLLISION_DATE,COLLISION_TIME,OFFICER_ID,REPORTING_DISTRICT,DAY_OF_WEEK,CHP_SHIFT,POPULATION,CNTY_CITY_LOC,SPECIAL_COND,BEAT_TYPE,CHP_BEAT_TYPE,CITY_DIVISION_LAPD,CHP_BEAT_CLASS,BEAT_NUMBER,PRIMARY_RD,SECONDARY_RD,DISTANCE,DIRECTION,INTERSECTION,WEATHER_1,WEATHER_2,STATE_HWY_IND,CALTRANS_COUNTY,CALTRANS_DISTRICT,STATE_ROUTE,ROUTE_SUFFIX,POSTMILE_PREFIX,POSTMILE,LOCATION_TYPE,RAMP_INTERSECTION,SIDE_OF_HWY,TOW_AWAY,COLLISION_SEVERITY,NUMBER_KILLED,NUMBER_INJURED,PARTY_COUNT,PRIMARY_COLL_FACTOR,PCF_CODE_OF_VIOL,PCF_VIOL_CATEGORY,PCF_VIOLATION,PCF_VIOL_SUBSECTION,HIT_AND_RUN,TYPE_OF_COLLISION,MVIW,PED_ACTION,ROAD_SURFACE,ROAD_COND_1,ROAD_COND_2,LIGHTING,CONTROL_DEVICE,CHP_ROAD_TYPE,PEDESTRIAN_ACCIDENT,BICYCLE_ACCIDENT,MOTORCYCLE_ACCIDENT,TRUCK_ACCIDENT,NOT_PRIVATE_PROPERTY,ALCOHOL_INVOLVED,STWD_VEHTYPE_AT_FAULT,CHP_VEHTYPE_AT_FAULT,COUNT_SEVERE_INJ,COUNT_VISIBLE_INJ,COUNT_COMPLAINT_PAIN,COUNT_PED_KILLED,COUNT_PED_INJURED,COUNT_BICYCLIST_KILLED,COUNT_BICYCLIST_INJURED,COUNT_MC_KILLED,COUNT_MC_INJURED,PRIMARY_RAMP,SECONDARY_RAMP,LATITUDE,LONGITUDE,COUNTY,CITY,POINT_X,POINT_Y
8951153,2019,2019-10-22,3711,2019-09-07,1610,SD7794,NA,6,5,7,3711,0,0,0,NA,0,836,HOME AV,47TH ST,67,W,N,A,-,N,NA,NA,NA,NA,NA,NA,NA,NA,NA,Y,4,0,1,2,B,-,22,NA,NA,N,D,C,A,A,H,-,A,D,0,NA,NA,NA,NA,Y,NA,A,01,0,0,1,0,0,0,0,0,0,-,-,NA,NA,SAN DIEGO,SAN DIEGO,-117.09349822998048,32.73469924926758
8951177,2019,2020-09-29,3711,2019-09-07,1323,SD7942,NA,6,5,7,3711,0,0,0,NA,0,315,QUALCOMM WY,RT 8,0,NA,-,A,-,Y,SD,11,8,-,R,0.765,R,4,E,N,4,0,1,2,A,-,08,22107,NA,M,D,C,A,A,H,-,A,D,0,NA,NA,NA,NA,Y,NA,-,99,0,0,1,0,0,0,0,0,0,-,EF,NA,NA,SAN DIEGO,SAN DIEGO,-117.1913833618164,32.76013946533203
8951581,2019,2019-10-24,3701,2019-10-10,1844,CB5530,117,4,5,5,3701,0,0,0,NA,0,008,EL CAMINO REAL,COSTA DEL MAR RD,285,S,N,A,-,N,NA,NA,NA,NA,NA,NA,NA,NA,NA,N,3,0,2,2,A,-,03,22350,NA,N,C,C,A,A,H,-,B,D,0,NA,NA,NA,NA,Y,NA,A,01,0,1,1,0,0,0,0,0,0,-,-,NA,NA,SAN DIEGO,CARLSBAD,-117.26930236816406,33.088558197021484
8952781,2019,2019-10-17,3711,2019-09-12,1259,SD7875,NA,4,5,7,3711,0,0,0,NA,0,444,HILLTOP DR,RAVEN ST,0,NA,Y,-,-,N,NA,NA,NA,NA,NA,NA,NA,NA,NA,N,4,0,1,2,A,-,08,22107,NA,N,A,C,A,A,H,-,A,D,0,NA,NA,NA,NA,Y,NA,-,NA,0,0,1,0,0,0,0,0,0,-,-,NA,NA,SAN DIEGO,SAN DIEGO,-117.10758972167967,32.715118408203125
8953356,2019,2020-06-25,3710,2019-09-20,0220,OC1462,NA,5,5,6,3710,0,0,0,NA,0,014,RT 76,AIRPORT RD,810,W,N,A,-,Y,SD,11,76,-,R,2,H,-,W,Y,4,0,1,2,A,-,03,22350,NA,N,C,C,A,A,H,-,D,A,0,NA,NA,NA,NA,Y,Y,A,01,0,0,1,0,0,0,0,0,0,-,-,NA,NA,SAN DIEGO,OCEANSIDE,-117.35350036621094,33.21590805053711
8953490,2019,2019-10-23,3711,2019-09-20,1944,SD7862,NA,5,5,7,3711,0,0,0,NA,0,931,PACIFIC CENTER BL,MCKELLAR CT,0,NA,Y,A,-,N,NA,NA,NA,NA,NA,NA,NA,NA,NA,Y,4,0,1,2,A,-,08,22107,NA,N,D,C,A,A,H,-,C,A,0,NA,NA,NA,NA,Y,NA,A,01,0,0,1,0,0,0,0,0,0,-,-,NA,NA,SAN DIEGO,SAN DIEGO,-117.19901275634766,32.903221130371094
8953502,2019,2019-10-23,3711,2019-09-19,1400,SD8822,NA,4,5,7,3711,0,0,0,NA,0,315,MISSION CENTER RD,FRIARS RD,0,NA,Y,A,-,N,NA,NA,NA,NA,NA,NA,NA,NA,NA,N,3,0,2,3,A,-,09,21801,A,N,D,C,A,A,H,-,A,A,0,NA,NA,NA,NA,Y,NA,A,01,0,1,1,0,0,0,0,0,0,-,-,NA,NA,SAN DIEGO,SAN DIEGO,-117.15386199951172,32.77463912963867
8953805,2019,2019-10-25,3711,2019-09-19,0838,SD6418,NA,4,5,7,3711,0,0,0,NA,0,122,MISSION BL,PACIFIC BEACH DR,0,NA,Y,A,-,N,NA,NA,NA,NA,NA,NA,NA,NA,NA,N,4,0,1,2,A,-,12,21453,A,N,D,C,A,A,H,-,A,A,0,NA,NA,NA,NA,Y,NA,I,11,0,0,1,0,0,0,0,0,0,-,-,NA,NA,SAN DIEGO,SAN DIEGO,-117.25376892089844,32.79093933105469
8954083,2019,2019-10-17,3701,2019-09-16,2122,5646,121,1,5,5,3701,0,0,0,NA,0,008,OLIVENHAIN RD,CAMINO ALVARO,33,W,N,A,-,N,NA,NA,NA,NA,NA,NA,NA,NA,NA,N,4,0,2,2,A,-,03,22350,NA,N,C,C,A,A,H,-,C,A,0,NA,NA,NA,NA,Y,NA,A,01,0,0,2,0,0,0,0,0,0,-,-,33.06816864013672,-117.24681854248048,SAN DIEGO,CARLSBAD,-117.24651336669922,33.06861114501953
8954158,2019,2019-10-25,3711,2019-09-13,1750,SD7786,NA,5,5,7,3711,0,0,0,NA,0,327,COLLEGE AV,COLLEGE AV 5200,0,NA,-,A,-,N,NA,NA,NA,NA,NA,NA,NA,NA,NA,N,4,0,1,2,A,-,03,22350,NA,N,C,C,A,A,H,-,A,D,0,NA,NA,NA,NA,Y,NA,A,01,0,0,1,0,0,0,0,0,0,-,-,NA,NA,SAN DIEGO,SAN DIEGO,NA,NA
8954188,2019,2019-10-14,3702,2019-08-28,2300,CV1137,NA,3,5,6,3702,0,0,0,NA,0,022,HILLTOP DR,E RIENSTRA ST,27,N,N,A,-,N,NA,NA,NA,NA,NA,NA,NA,NA,NA,N,4,0,1,2,A,-,03,22350,NA,N,C,C,A,A,H,-,C,D,0,NA,NA,NA,NA,Y,NA,A,07,0,0,1,0,0,0,0,0,0,-,-,NA,NA,SAN DIEGO,CHULA VISTA,-117.05194854736328,32.604461669921875
8955472,2019,2019-10-21,3711,2019-09-25,1310,SD5628,NA,3,5,7,3711,0,0,0,NA,0,931,MIRAMAR RD,NOBEL DR,275,W,N,A,-,N,NA,NA,NA,NA,NA,NA,NA,NA,NA,Y,4,0,1,2,A,-,03,22350,NA,N,C,C,A,A,H,-,A,A,0,NA,NA,NA,NA,Y,NA,A,01,0,0,1,0,0,0,0,0,0,-,-,NA,NA,SAN DIEGO,SAN DIEGO,-117.19203186035156,32.87639617919922
8956642,2019,2019-10-11,3705,2019-09-15,0726,EC5368,NA,7,5,5,3705,0,0,0,NA,0,004,S MOLLISON AV,E WASHINGTON AV,0,NA,Y,A,-,N,NA,NA,NA,NA,NA,NA,NA,NA,NA,Y,4,0,2,2,A,-,12,21453,A,N,D,C,A,A,H,-,A,A,0,NA,NA,NA,NA,Y,NA,A,07,0,0,2,0,0,0,0,0,0,-,-,NA,NA,SAN DIEGO,EL CAJON,-116.95095825195313,32.78763961791992
8956666,2019,2019-10-11,3705,2019-09-18,1314,EC0324,NA,3,5,5,3705,0,0,0,NA,0,003,PEACH,ORO,257,E,N,A,-,N,NA,NA,NA,NA,NA,NA,NA,NA,NA,Y,3,0,2,3,A,-,09,21801,A,N,A,C,A,A,H,-,A,D,0,NA,NA,NA,NA,Y,NA,A,01,0,2,0,0,0,0,0,0,0,-,-,NA,NA,SAN DIEGO,EL CAJON,-116.93931579589844,32.806419372558594
8959678,2019,2019-11-13,3705,2019-08-05,2500,EC5356,NA,1,5,5,3705,0,0,0,NA,0,001,MAGNOLIA AV,AIRPORT RD,0,NA,Y,A,-,N,NA,NA,NA,NA,NA,NA,NA,NA,NA,Y,4,0,1,2,A,-,12,22450,A,N,D,C,A,A,H,-,D,A,0,NA,NA,Y,NA,Y,NA,A,01,0,0,1,0,0,0,0,0,1,-,-,NA,NA,SAN DIEGO,EL CAJON,-116.96231842041016,32.82448196411133
8960734,2019,2019-12-06,3700,2019-10-04,1159,SH085,NA,5,5,5,3713,0,0,0,NA,0,315,SOUTH MELROSE DR,BUENA VISTA DR,89,N,N,A,-,N,NA,NA,NA,NA,NA,NA,NA,NA,NA,N,4,0,1,3,A,-,03,22350,NA,N,C,C,A,A,H,-,A,A,0,NA,NA,NA,NA,Y,NA,A,01,0,0,1,0,0,0,0,0,0,-,-,NA,NA,SAN DIEGO,VISTA,-117.2475128173828,33.1672248840332
8961580,2019,2019-10-23,3711,2019-09-27,0003,7677,NA,5,5,7,3711,0,0,0,NA,0,528,KETTNER BL,HAWTHORN ST,0,NA,Y,A,-,N,NA,NA,NA,NA,NA,NA,NA,NA,NA,N,3,0,1,2,A,-,12,21453,A,N,D,G,A,A,H,-,C,A,0,NA,Y,NA,NA,Y,NA,L,04,0,1,0,0,0,0,1,0,0,-,-,NA,NA,SAN DIEGO,SAN DIEGO,-117.17028045654295,32.726139068603516
8961752,2019,2019-11-07,3711,2019-09-27,1919,SD8861,NA,5,5,7,3711,0,0,0,NA,0,524,5TH AV,B ST,11,N,N,A,-,N,NA,NA,NA,NA,NA,NA,NA,NA,NA,N,4,0,1,2,A,-,11,21950,B,N,G,B,B,A,H,-,C,A,0,Y,NA,NA,NA,Y,NA,N,60,0,0,1,0,1,0,0,0,0,-,-,NA,NA,SAN DIEGO,SAN DIEGO,-117.16018676757813,32.717830657958984
8961878,2019,2019-10-23,3700,2019-10-09,1720,SH0817,NA,3,5,5,3712,0,0,0,NA,0,350,RICHMAR AV,PLEASANT WY,0,NA,Y,A,-,N,NA,NA,NA,NA,NA,NA,NA,NA,NA,Y,3,0,4,2,A,-,09,21802,A,N,D,D,A,A,H,-,A,A,0,NA,NA,NA,NA,Y,NA,A,08,0,2,2,0,0,0,0,0,0,-,-,NA,NA,SAN DIEGO,SAN MARCOS,-117.16690826416016,33.14472961425781
8961950,2019,2019-10-23,3711,2019-08-29,1503,7839,NA,4,5,7,3711,0,0,0,NA,0,231,TED WILLIAMS PKWY,SHOAL CREEK DR,500,W,N,A,-,N,NA,NA,NA,NA,NA,NA,NA,NA,NA,Y,3,0,1,1,A,-,08,22107,NA,N,B,I,A,A,H,-,A,D,0,NA,NA,NA,NA,Y,NA,A,01,0,1,0,0,0,0,0,0,0,-,-,NA,NA,SAN DIEGO,SAN DIEGO,-117.08248901367188,32.968719482421875
8962719,2019,2019-11-04,3705,2019-09-10,1309,EC5357,NA,2,5,5,3705,0,0,0,NA,0,001,EL CAJON BL,CHASE AV,600,W,N,A,-,N,NA,NA,NA,NA,NA,NA,NA,NA,NA,Y,4,0,1,3,A,-,03,22350,NA,N,D,C,A,A,H,-,A,D,0,NA,NA,NA,NA,Y,NA,A,01,0,0,1,0,0,0,0,0,0,-,-,NA,NA,SAN DIEGO,EL CAJON,-116.98119354248048,32.78241729736328
8963629,2019,2019-10-31,3702,2019-10-06,0822,CV1267,NA,7,5,6,3702,0,0,0,NA,0,013,BAY BL,MARINA PKWY,12,N,N,A,-,N,NA,NA,NA,NA,NA,NA,NA,NA,NA,N,4,0,1,2,A,-,21,22106,NA,N,G,G,A,A,H,-,A,D,0,NA,Y,NA,NA,Y,NA,A,07,0,0,1,0,0,0,1,0,0,-,-,NA,NA,SAN DIEGO,CHULA VISTA,-117.09476470947266,32.62192153930664
8964290,2019,2019-11-15,3706,2019-09-22,0930,515,ESCON,7,5,6,3706,0,0,0,NA,0,042,VALLEY PKWY,FIG ST,0,NA,Y,A,-,N,NA,NA,NA,NA,NA,NA,NA,NA,NA,Y,3,0,2,2,A,-,12,21453,A,N,D,C,A,A,H,-,A,A,0,NA,NA,NA,NA,Y,NA,A,01,0,1,1,0,0,0,0,0,0,-,-,33.12730026245117,-117.07407379150392,SAN DIEGO,ESCONDIDO,-117.07392120361328,33.127288818359375
8964415,2019,2020-01-21,3706,2019-09-15,1145,D7957,NA,7,5,6,3706,0,0,0,NA,0,235,SAN PASQUAL VALLEY RD,OLD MILKY WAY,0,NA,Y,A,-,Y,SD,11,78,-,-,24.95,H,-,E,Y,4,0,2,2,A,-,09,21801,A,N,D,C,A,A,H,-,A,D,0,NA,NA,NA,NA,Y,NA,A,01,0,0,2,0,0,0,0,0,0,-,-,NA,NA,SAN DIEGO,ESCONDIDO,-116.99102783203124,33.0865364074707
8967167,2019,2019-11-06,3705,2019-10-04,0251,EC0361,NA,5,5,5,3705,0,0,0,NA,0,001,EL CAJON BL,RICHFIELD AV,100,E,N,A,-,N,NA,NA,NA,NA,NA,NA,NA,NA,NA,Y,3,0,2,1,A,-,08,22107,NA,N,E,I,A,A,H,-,C,D,0,NA,NA,NA,NA,Y,NA,D,22,0,2,0,0,0,0,0,0,0,-,-,NA,NA,SAN DIEGO,EL CAJON,-116.97256469726563,32.7901496887207
8967494,2019,2019-11-01,3711,2019-10-04,0909,SD8192,NA,5,5,7,3711,0,0,0,NA,0,831,EUCLID AV,POLK AV,250,N,N,A,-,N,NA,NA,NA,NA,NA,NA,NA,NA,NA,N,4,0,1,3,A,-,03,22350,NA,N,C,C,A,A,H,-,A,D,0,NA,NA,NA,NA,Y,NA,A,01,0,0,1,0,0,0,0,0,0,-,-,NA,NA,SAN DIEGO,SAN DIEGO,-117.0922622680664,32.75203323364258
8967564,2019,2019-11-06,3705,2019-10-17,1309,EC0399,NA,4,5,5,3705,0,0,0,NA,0,001,NORTH MARSHALL AV,FESLER ST,0,NA,Y,A,-,N,NA,NA,NA,NA,NA,NA,NA,NA,NA,Y,4,0,1,2,A,-,09,21802,A,N,B,C,A,A,H,-,A,D,0,NA,NA,NA,NA,Y,NA,A,01,0,0,1,0,0,0,0,0,0,-,-,NA,NA,SAN DIEGO,EL CAJON,-116.97560119628906,32.80876159667969
8967874,2019,2019-12-12,3711,2019-10-14,1310,SD5106,NA,1,5,7,3711,0,0,0,NA,0,723,PALM AV,PALM AV 4300,10,S,Y,A,-,N,NA,NA,NA,NA,NA,NA,NA,NA,NA,N,4,0,1,2,A,-,08,22107,NA,N,B,C,A,A,H,-,A,D,0,NA,NA,NA,NA,Y,Y,-,NA,0,0,1,0,0,0,0,0,0,-,-,NA,NA,SAN DIEGO,SAN DIEGO,NA,NA
8968504,2019,2019-11-13,3711,2019-10-12,2250,SD7122,NA,6,5,7,3711,0,0,0,NA,0,622,GOSHEN ST,LINDA VISTA RD,12,S,N,A,-,N,NA,NA,NA,NA,NA,NA,NA,NA,NA,Y,4,0,3,2,A,-,08,22107,NA,M,B,C,A,A,H,-,C,A,0,NA,NA,NA,NA,Y,Y,-,NA,0,0,3,0,0,0,0,0,0,-,-,NA,NA,SAN DIEGO,SAN DIEGO,-117.1882095336914,32.77029037475586
8968552,2019,2019-11-13,3711,2019-10-11,1720,SD7792,NA,5,5,7,3711,0,0,0,NA,0,123,EAST MISSION BAY DR,EAST MISSION BAY DR 1775,0,NA,Y,A,-,N,NA,NA,NA,NA,NA,NA,NA,NA,NA,N,3,0,1,2,A,-,-,NA,NA,N,D,C,A,A,H,-,B,D,0,NA,NA,NA,NA,Y,NA,A,01,0,1,0,0,0,0,0,0,0,-,-,NA,NA,SAN DIEGO,SAN DIEGO,NA,NA
8968782,2019,2019-12-12,3711,2019-10-22,1355,SD7967,NA,2,5,7,3711,0,0,0,NA,0,625,MOORE ST,ARISTA ST,0,NA,Y,A,-,N,NA,NA,NA,NA,NA,NA,NA,NA,NA,N,3,0,3,2,A,-,05,21651,A,N,D,C,A,A,H,-,A,D,0,NA,NA,NA,NA,Y,NA,-,NA,0,1,2,0,0,0,0,0,0,-,-,NA,NA,SAN DIEGO,SAN DIEGO,-117.19503784179688,32.749351501464844
8969262,2019,2019-11-19,3706,2019-10-12,1931,513,ESCON,6,5,6,3706,0,0,0,NA,0,056,GRAND AV,JEAN AV,260,W,N,A,-,N,NA,NA,NA,NA,NA,NA,NA,NA,NA,Y,4,0,1,3,A,-,03,22350,NA,N,C,C,A,A,H,-,B,D,0,NA,NA,NA,NA,Y,NA,A,01,0,0,1,0,0,0,0,0,0,-,-,33.13481140136719,-117.047607421875,SAN DIEGO,ESCONDIDO,-117.04817962646484,33.13496398925781
8969278,2019,2019-11-19,3706,2019-10-17,1820,466,EASCO,4,5,6,3706,0,0,0,NA,0,044,WASHINGTON AV,ROSE ST,0,NA,Y,A,-,N,NA,NA,NA,NA,NA,NA,NA,NA,NA,NA,4,0,1,2,A,-,03,22350,NA,F,C,C,A,A,H,-,B,A,0,NA,NA,NA,NA,Y,Y,-,NA,0,0,1,0,0,0,0,0,0,-,-,33.13724136352539,-117.06069946289063,SAN DIEGO,ESCONDIDO,-117.06089782714844,33.137290954589844
8969386,2019,2019-11-18,3711,2019-09-13,1619,SD6743,NA,5,5,7,3711,0,0,0,NA,0,713,OTAY CENTER DR,NICOLA TESLA CT,86,N,N,A,-,N,NA,NA,NA,NA,NA,NA,NA,NA,NA,N,4,0,1,2,A,-,09,21801,A,N,D,C,A,A,H,-,A,D,0,NA,NA,Y,NA,Y,NA,A,01,0,0,1,0,0,0,0,0,1,-,-,NA,NA,SAN DIEGO,SAN DIEGO,-116.94219970703124,32.553375244140625
8969392,2019,2019-11-18,3711,2019-09-07,2225,SD8404,NA,6,5,7,3711,0,0,0,NA,0,623,HOTEL CIRCLE SOUTH,TAYLOR ST,0,NA,Y,A,-,N,NA,NA,NA,NA,NA,NA,NA,NA,NA,Y,4,0,2,2,A,-,03,22350,NA,N,C,C,A,A,H,-,C,D,0,NA,NA,NA,NA,Y,NA,A,01,0,0,2,0,0,0,0,0,0,-,-,NA,NA,SAN DIEGO,SAN DIEGO,-117.19026947021484,32.75931167602539
8970724,2019,2019-11-08,3700,2019-10-28,1756,SH0320,NA,1,5,5,3713,0,0,0,NA,0,306,BOBIER DR,ANZA AV,25,W,N,A,-,N,NA,NA,NA,NA,NA,NA,NA,NA,NA,N,4,0,1,2,A,-,04,21703,NA,N,C,C,A,A,H,-,A,A,0,NA,NA,NA,NA,Y,NA,A,01,0,0,1,0,0,0,0,0,0,-,-,NA,NA,SAN DIEGO,VISTA,-117.23426055908205,33.219329833984375
8970885,2019,2019-11-12,3700,2019-08-10,1638,SH0141,NA,6,5,5,3712,0,0,0,NA,0,350,LOS VALLECITOS BL,KNOLL RD,0,NA,Y,A,-,N,NA,NA,NA,NA,NA,NA,NA,NA,NA,Y,3,0,2,2,A,-,01,23152,B,F,D,C,A,A,H,-,A,A,0,NA,NA,NA,NA,Y,Y,-,NA,0,2,0,0,0,0,0,0,0,-,-,NA,NA,SAN DIEGO,SAN MARCOS,-117.17489624023438,33.14052963256836
8971812,2019,2019-11-19,3711,2019-10-17,1919,SD7412,NA,4,5,7,3711,0,0,0,NA,0,243,MOUNTAIN RD,ACTIVITY RD,0,NA,-,A,-,N,NA,NA,NA,NA,NA,NA,NA,NA,NA,N,4,0,1,2,A,-,08,21460,5,N,B,C,A,A,H,-,C,A,0,NA,NA,NA,NA,Y,NA,A,08,0,0,1,0,0,0,0,0,0,-,-,NA,NA,SAN DIEGO,SAN DIEGO,NA,NA
8971824,2019,2019-11-19,3711,2019-10-18,1545,SD6977,NA,5,5,7,3711,0,0,0,NA,0,446,SOUTH 47TH ST,LADNER ST,200,S,N,A,-,N,NA,NA,NA,NA,NA,NA,NA,NA,NA,N,3,0,1,1,C,-,18,NA,NA,N,H,-,A,A,H,-,A,D,0,NA,Y,NA,NA,Y,NA,-,-,0,1,0,0,0,0,1,0,0,-,-,NA,NA,SAN DIEGO,SAN DIEGO,-117.09375762939452,32.69478225708008
8972612,2019,2020-01-23,3700,2019-11-01,1209,SH0141,NA,5,5,5,3712,0,0,0,NA,0,352,TWIN OAKS VALLEY RD,WINDY WY,325,S,N,A,-,N,NA,NA,NA,NA,NA,NA,NA,NA,NA,N,3,0,1,2,A,-,03,22350,NA,N,C,C,A,A,H,-,A,A,0,NA,NA,NA,NA,Y,NA,A,01,0,1,0,0,0,0,0,0,0,-,-,NA,NA,SAN DIEGO,SAN MARCOS,-117.16163635253906,33.151885986328125
8973030,2019,2019-11-19,3711,2019-10-24,0732,SD7667,NA,4,5,7,3711,0,0,0,NA,0,122,FOOTHILL BL,VICKIE DR,0,NA,Y,F,-,N,NA,NA,NA,NA,NA,NA,NA,NA,NA,N,4,0,2,2,A,-,03,22350,NA,N,C,C,A,A,H,-,A,D,0,NA,NA,NA,NA,Y,NA,A,01,0,0,2,0,0,0,0,0,0,-,-,NA,NA,SAN DIEGO,SAN DIEGO,-117.24806213378906,32.809940338134766
8973465,2019,2019-12-17,3711,2019-10-09,1538,SD7737,NA,3,5,7,3711,0,0,0,NA,0,936,CAMINO DEL SUR,CAMINO DEL SUR  14200,20,W,N,A,-,N,NA,NA,NA,NA,NA,NA,NA,NA,NA,N,4,0,1,3,A,-,03,22350,NA,N,C,C,A,A,H,-,A,A,0,NA,NA,NA,NA,Y,Y,A,01,0,0,1,0,0,0,0,0,0,-,-,NA,NA,SAN DIEGO,SAN DIEGO,NA,NA
8974362,2018,2019-11-07,3700,2018-12-22,1334,SH0141,NA,6,5,5,3712,0,0,0,NA,0,360,WEST SAN MARCOS BL,GRAND AV,0,NA,Y,A,-,N,NA,NA,NA,NA,NA,NA,NA,NA,NA,Y,2,0,1,2,A,-,09,21453,C,N,D,C,A,A,H,-,A,A,0,NA,NA,Y,NA,Y,NA,A,01,1,0,0,0,0,0,0,0,1,-,-,NA,NA,SAN DIEGO,SAN MARCOS,-117.17909240722656,33.137229919433594
8975865,2019,2019-11-25,3700,2019-10-30,0432,SH9739,NA,3,5,5,3712,0,0,0,NA,0,357,EAST MISSION RD,AVENIDA CHAPALA,203,W,N,A,-,N,NA,NA,NA,NA,NA,NA,NA,NA,NA,Y,4,0,2,1,A,-,03,22350,NA,N,E,I,A,A,H,-,C,D,0,NA,NA,NA,NA,Y,NA,-,NA,0,0,2,0,0,0,0,0,0,-,-,NA,NA,SAN DIEGO,SAN MARCOS,-117.13265991210938,33.137908935546875
8976444,2019,2019-11-27,3706,2019-10-31,1130,440,NA,4,5,6,3706,0,0,0,NA,0,NA,ESCONDIDO BL,CENTRE CITY PKWY,0,NA,Y,A,-,N,NA,NA,NA,NA,NA,NA,NA,NA,NA,Y,4,0,2,2,A,-,09,21802,A,N,D,C,A,A,H,-,-,A,0,NA,NA,NA,NA,Y,NA,A,01,0,0,2,0,0,0,0,0,0,-,-,33.097190856933594,-117.07163238525392,SAN DIEGO,ESCONDIDO,-117.07135009765624,33.08671188354492
8976610,2019,2019-12-05,3711,2019-10-24,1840,SD5812,NA,4,5,7,3711,0,0,0,NA,0,122,FOOTHILL ST,LORING RD,0,NA,Y,A,-,N,NA,NA,NA,NA,NA,NA,NA,NA,NA,Y,2,0,1,2,A,-,09,21800,A,N,H,C,A,A,H,-,C,D,0,NA,NA,Y,NA,Y,NA,A,01,1,0,0,0,0,0,0,0,1,-,-,NA,NA,SAN DIEGO,SAN DIEGO,-117.2456512451172,32.80778884887695
8976653,2019,2020-10-05,3702,2019-10-05,1126,CV1108,NA,6,5,6,3702,0,0,0,NA,0,011,E ST,RT 5,30,E,N,A,-,N,NA,NA,NA,NA,NA,NA,NA,NA,NA,N,4,0,1,2,A,-,21,22106,NA,M,B,B,E,A,H,-,C,A,0,Y,NA,NA,NA,Y,Y,A,07,0,0,1,0,1,0,0,0,0,-,-,NA,NA,SAN DIEGO,CHULA VISTA,-117.09999847412108,32.639503479003906
8976669,2019,2019-12-23,3702,2019-10-20,1830,CV1254,NA,7,5,6,3702,0,0,0,NA,0,021,BROADWAY,OXFORD ST,0,NA,Y,A,-,N,NA,NA,NA,NA,NA,NA,NA,NA,NA,Y,4,0,4,2,A,-,01,23152,A,N,B,C,A,A,H,-,C,A,0,NA,NA,NA,NA,Y,Y,A,01,0,0,4,0,0,0,0,0,0,-,-,NA,NA,SAN DIEGO,CHULA VISTA,-117.08006286621094,32.60673904418945
8976709,2019,2019-12-23,3702,2019-10-16,1839,CV1133,NA,3,5,6,3702,0,0,0,NA,0,042,LA MEDIA RD,EAST PALOMAR ST,0,NA,Y,A,-,N,NA,NA,NA,NA,NA,NA,NA,NA,NA,Y,3,0,4,2,A,-,12,21453,A,N,D,C,A,A,H,-,C,A,0,NA,NA,NA,NA,Y,NA,A,01,0,1,3,0,0,0,0,0,0,-,-,NA,NA,SAN DIEGO,CHULA VISTA,-116.98821258544922,32.63227081298828
8977436,2019,2019-12-05,3711,2019-10-20,1648,7910,NA,7,5,7,3711,0,0,0,NA,0,241,SCRIPPS POWAY BL,MIRA MESA BL,0,NA,N,A,-,N,NA,NA,NA,NA,NA,NA,NA,NA,NA,N,4,0,2,1,B,-,22,NA,NA,N,E,J,A,A,H,-,A,D,0,NA,NA,NA,NA,Y,NA,A,01,0,0,2,0,0,0,0,0,0,-,-,NA,NA,SAN DIEGO,SAN DIEGO,NA,NA
8978267,2019,2019-12-05,3711,2019-10-26,0600,7395,NA,6,5,7,3711,0,0,0,NA,0,014,CLAIREMONT MESA BL,LIMERICK AV,0,NA,Y,A,-,N,NA,NA,NA,NA,NA,NA,NA,NA,NA,N,4,0,2,2,A,-,12,21453,A,N,B,C,A,A,H,-,C,A,0,NA,NA,NA,NA,Y,NA,A,01,0,0,2,0,0,0,0,0,0,-,-,NA,NA,SAN DIEGO,SAN DIEGO,-117.1787567138672,32.83441162109375
8978339,2019,2020-01-23,3711,2019-11-09,1803,SD7814,NA,6,5,7,3711,0,0,0,NA,0,624,LINCOLN AV,NORMAL ST,196,E,N,A,-,N,NA,NA,NA,NA,NA,NA,NA,NA,NA,Y,4,0,1,3,A,-,03,22350,NA,N,C,C,A,A,H,-,C,D,0,NA,NA,NA,NA,Y,Y,A,01,0,0,1,0,0,0,0,0,0,-,-,NA,NA,SAN DIEGO,SAN DIEGO,-117.14798736572266,32.75088882446289
8978527,2019,2019-12-31,3706,2019-11-19,1838,322,ESCON,2,5,6,3706,0,0,0,NA,0,043,EL NORTE PKWY,MORNING VIEW DR,0,NA,Y,C,-,N,NA,NA,NA,NA,NA,NA,NA,NA,NA,Y,4,0,2,2,A,-,17,21451,A,N,D,C,A,B,H,-,C,A,0,NA,NA,NA,NA,Y,NA,A,01,0,0,2,0,0,0,0,0,0,-,-,33.1431999206543,-117.09625244140624,SAN DIEGO,ESCONDIDO,-117.0961685180664,33.14324951171875
8980239,2019,2019-11-21,3706,2019-10-11,1436,1833,ESCON,5,5,6,3706,0,0,0,NA,0,041,JESMOND DENE RD,RANCHO TERRACE RD,0,NA,Y,A,-,N,NA,NA,NA,NA,NA,NA,NA,NA,NA,N,3,0,3,2,A,-,09,21801,A,N,D,C,A,A,H,-,-,D,0,NA,NA,NA,NA,Y,NA,A,01,0,1,2,0,0,0,0,0,0,-,-,33.16973876953125,-117.09497833251952,SAN DIEGO,ESCONDIDO,-117.097188,33.170363
8980556,2019,2019-12-18,3705,2019-10-14,1035,EC0324,NA,1,5,5,3705,0,0,0,NA,0,001,FLETCHER PKWY,MARSHALL,0,NA,Y,A,-,N,NA,NA,NA,NA,NA,NA,NA,NA,NA,Y,3,0,1,2,A,-,09,21453,C,N,D,C,A,A,H,-,A,A,0,NA,NA,NA,NA,Y,NA,A,07,0,1,0,0,0,0,0,0,0,-,-,NA,NA,SAN DIEGO,EL CAJON,-116.97553253173828,32.807769775390625