CASE_ID,ACCIDENT_YEAR,PROC_DATE,JURIS,COLLISION_DATE,COLLISION_TIME,OFFICER_ID,REPORTING_DISTRICT,DAY_OF_WEEK,CHP_SHIFT,POPULATION,CNTY_CITY_LOC,SPECIAL_COND,BEAT_TYPE,CHP_BEAT_TYPE,CITY_DIVISION_LAPD,CHP_BEAT_CLASS,BEAT_NUMBER,PRIMARY_RD,SECONDARY_RD,DISTANCE,DIRECTION,INTERSECTION,WEATHER_1,WEATHER_2,STATE_HWY_IND,CALTRANS_COUNTY,CALTRANS_DISTRICT,STATE_ROUTE,ROUTE_SUFFIX,POSTMILE_PREFIX,POSTMILE,LOCATION_TYPE,RAMP_INTERSECTION,SIDE_OF_HWY,TOW_AWAY,COLLISION_SEVERITY,NUMBER_KILLED,NUMBER_INJURED,PARTY_COUNT,PRIMARY_COLL_FACTOR,PCF_CODE_OF_VIOL,PCF_VIOL_CATEGORY,PCF_VIOLATION,PCF_VIOL_SUBSECTION,HIT_AND_RUN,TYPE_OF_COLLISION,MVIW,PED_ACTION,ROAD_SURFACE,ROAD_COND_1,ROAD_COND_2,LIGHTING,CONTROL_DEVICE,CHP_ROAD_TYPE,PEDESTRIAN_ACCIDENT,BICYCLE_ACCIDENT,MOTORCYCLE_ACCIDENT,TRUCK_ACCIDENT,NOT_PRIVATE_PROPERTY,ALCOHOL_INVOLVED,STWD_VEHTYPE_AT_FAULT,CHP_VEHTYPE_AT_FAULT,COUNT_SEVERE_INJ,COUNT_VISIBLE_INJ,COUNT_COMPLAINT_PAIN,COUNT_PED_KILLED,COUNT_PED_INJURED,COUNT_BICYCLIST_KILLED,COUNT_BICYCLIST_INJURED,COUNT_MC_KILLED,COUNT_MC_INJURED,PRIMARY_RAMP,SECONDARY_RAMP,LATITUDE,LONGITUDE,COUNTY,CITY,POINT_X,POINT_Y
8983089,2019,2019-12-14,3700,2019-09-20,1803,SH2558,NA,5,5,5,3712,0,0,0,NA,0,350,WEST SAN MARCOS BL,KNOLL RD,0,NA,Y,A,-,N,NA,NA,NA,NA,NA,NA,NA,NA,NA,Y,4,0,1,3,A,-,03,22350,NA,F,C,C,A,A,H,-,A,A,0,NA,NA,NA,NA,Y,NA,D,22,0,0,1,0,0,0,0,0,0,-,-,NA,NA,SAN DIEGO,SAN MARCOS,-117.17424011230467,33.13856887817383
8985533,2019,2020-10-06,3703,2019-11-21,0545,1270,NA,4,5,3,3703,0,0,0,NA,0,003,SILVER STRAND BL,TULAGI RD,7,S,N,C,-,Y,SD,11,75,-,-,17.455,I,5,N,Y,4,0,1,2,A,-,08,22101,D,N,D,D,A,B,H,-,B,D,0,NA,NA,NA,NA,Y,NA,A,01,0,0,1,0,0,0,0,0,0,-,-,NA,NA,SAN DIEGO,CORONADO,-117.16396331787108,32.6700439453125
8985623,2019,2020-01-16,3709,2019-10-11,0811,NC0466,NA,5,5,5,3709,0,0,0,NA,0,024,NATIONAL CITY BL,2500 NATIONAL CITY BL,0,NA,-,A,-,N,NA,NA,NA,NA,NA,NA,NA,NA,NA,N,4,0,1,2,A,-,07,21658,A,N,G,B,E,A,H,-,A,D,0,Y,NA,NA,NA,Y,NA,A,08,0,0,1,0,1,0,0,0,0,-,-,NA,NA,SAN DIEGO,NATIONAL CITY,NA,NA
8986244,2019,2020-01-27,3711,2019-11-04,2247,SD6146,NA,1,5,7,3711,0,0,0,NA,0,111,HATHAWAY ST,ECKSTROM AV,58,S,N,A,-,N,NA,NA,NA,NA,NA,NA,NA,NA,NA,Y,3,0,1,1,A,-,05,21460,A,N,E,I,A,A,H,-,C,D,0,NA,NA,NA,NA,Y,NA,D,22,0,1,0,0,0,0,0,0,0,-,-,NA,NA,SAN DIEGO,SAN DIEGO,-117.1671142578125,32.820064544677734
8986423,2019,2020-02-14,3711,2019-11-03,1308,SD7963,NA,7,5,7,3711,0,0,0,NA,0,032,FRIARS RD,RIVERDALE ST,0,NA,Y,-,-,N,NA,NA,NA,NA,NA,NA,NA,NA,NA,N,4,0,1,2,A,-,09,21453,B,N,-,-,A,-,-,-,-,-,0,NA,NA,NA,NA,Y,NA,A,01,0,0,1,0,0,0,0,0,0,-,-,NA,NA,SAN DIEGO,SAN DIEGO,-117.099609375,32.79058837890625
8986487,2019,2019-12-11,3700,2019-09-05,2021,SH1147,NA,4,5,3,3783,0,0,0,NA,0,274,LOMAS SANTA FE,SANTA HELENA,0,NA,Y,A,-,N,NA,NA,NA,NA,NA,NA,NA,NA,NA,Y,4,0,1,2,A,-,12,21453,A,N,D,C,A,A,H,-,C,A,0,NA,NA,NA,NA,Y,NA,A,01,0,0,1,0,0,0,0,0,0,-,-,NA,NA,SAN DIEGO,SOLANA BEACH,-117.25501251220705,32.995750427246094
8986558,2019,2019-12-11,3700,2019-09-26,1442,SH2573,NA,4,5,5,3782,0,0,0,NA,0,206,GARDEN VIEW RD,VIA CANTEBRIA,0,NA,Y,A,-,N,NA,NA,NA,NA,NA,NA,NA,NA,NA,Y,3,0,2,2,A,-,12,21453,A,N,D,C,A,A,H,-,A,A,0,NA,NA,NA,NA,Y,NA,A,01,0,1,1,0,0,0,0,0,0,-,-,NA,NA,SAN DIEGO,ENCINITAS,-117.26600646972656,33.06024169921875
8986961,2019,2019-12-03,3711,2019-10-25,1405,HB6155,NA,5,5,7,3711,0,0,0,NA,0,503,SHELTER ISLAND DR,STREET LAMP SI-51,15,S,N,A,-,N,NA,NA,NA,NA,NA,NA,NA,NA,NA,N,4,0,1,2,A,-,09,21803,A,N,D,C,A,A,H,-,A,A,0,NA,NA,NA,NA,Y,NA,A,01,0,0,1,0,0,0,0,0,0,-,-,NA,NA,SAN DIEGO,SAN DIEGO,NA,NA
8987767,2019,2019-12-04,3705,2019-10-28,1557,EC0328,NA,1,5,5,3705,0,0,0,NA,0,001,JOHNSON,MADISON,0,NA,Y,A,-,N,NA,NA,NA,NA,NA,NA,NA,NA,NA,Y,4,0,1,2,A,-,12,21453,A,N,D,C,A,A,H,-,A,A,0,NA,NA,NA,NA,Y,NA,A,07,0,0,1,0,0,0,0,0,0,-,-,NA,NA,SAN DIEGO,EL CAJON,-116.97103881835938,32.80038070678711
8992943,2019,2020-01-17,3711,2019-11-07,0814,SD7367,NA,4,5,7,3711,0,0,0,NA,0,432,SAN JACINTO DR,SANTA MARGARITA ST,0,NA,Y,A,-,N,NA,NA,NA,NA,NA,NA,NA,NA,NA,N,4,0,2,2,A,-,09,21800,A,N,D,C,A,A,H,-,A,A,0,NA,NA,NA,NA,Y,NA,A,01,0,0,2,0,0,0,0,0,0,-,-,NA,NA,SAN DIEGO,SAN DIEGO,-117.08184814453124,32.70479965209961
8992955,2019,2020-01-17,3711,2019-11-06,1750,SD6252,NA,3,5,7,3711,0,0,0,NA,0,241,POMERADO RD,SCRIPPS RANCH ROW,2860,E,N,A,-,N,NA,NA,NA,NA,NA,NA,NA,NA,NA,Y,3,0,2,4,A,-,03,22350,NA,N,C,C,A,A,H,-,D,A,0,NA,NA,NA,NA,Y,NA,A,01,0,1,1,0,0,0,0,0,0,-,-,NA,NA,SAN DIEGO,SAN DIEGO,-117.09058380126952,32.90293502807617
8993040,2019,2019-12-23,3708,2019-10-17,2120,LM1158,NA,4,5,5,3708,0,0,0,NA,0,004,SPRING ST,LEMON AV,338,S,N,A,-,N,NA,NA,NA,NA,NA,NA,NA,NA,NA,Y,2,0,1,2,A,-,11,21954,A,N,G,B,D,A,H,-,D,D,0,Y,NA,NA,NA,Y,Y,N,60,1,0,0,0,1,0,0,0,0,-,-,NA,NA,SAN DIEGO,LA MESA,-117.01909637451172,32.76286697387695
8994263,2019,2019-12-12,3700,2019-10-01,1413,7709,NA,2,5,5,3782,0,0,0,NA,0,221,RT 101,D ST,0,NA,Y,A,-,N,NA,NA,NA,NA,NA,NA,NA,NA,NA,Y,3,0,1,2,A,-,09,21801,A,N,D,C,A,A,H,-,A,A,0,NA,NA,Y,NA,Y,NA,A,01,0,1,0,0,0,0,0,0,1,-,-,NA,NA,SAN DIEGO,ENCINITAS,-117.29386138916016,33.045989990234375
8994298,2019,2019-12-11,3700,2019-10-21,1632,0315,NA,1,5,5,3782,0,0,0,NA,0,214,LEUCADIA CT,HYGEIA AV,157,W,N,A,-,N,NA,NA,NA,NA,NA,NA,NA,NA,NA,N,3,0,1,1,A,-,08,22107,NA,N,F,A,A,A,H,-,A,D,0,NA,Y,NA,NA,Y,NA,L,04,0,1,0,0,0,0,1,0,0,-,-,NA,NA,SAN DIEGO,ENCINITAS,-117.29894256591795,33.06496047973633
8994310,2019,2019-12-12,3700,2019-10-14,1343,0304,NA,1,5,5,3782,0,0,0,NA,0,222,ENCINITAS BL,EL CAMINIO REAL,737,W,N,A,-,N,NA,NA,NA,NA,NA,NA,NA,NA,NA,N,3,0,1,2,A,-,08,21717,NA,N,B,G,A,A,H,-,A,D,0,NA,Y,NA,NA,Y,NA,A,01,0,1,0,0,0,0,1,0,0,-,-,NA,NA,SAN DIEGO,ENCINITAS,-117.26210784912108,33.04602813720703
8995957,2019,2020-06-25,3711,2019-11-24,1400,SD7899,NA,7,5,7,3711,0,0,0,NA,0,311,AERO DR,RT 15,0,NA,Y,A,-,N,NA,NA,NA,NA,NA,NA,NA,NA,NA,Y,4,0,3,3,A,-,00,23103,A,N,D,C,A,A,H,-,A,A,0,NA,NA,NA,NA,Y,NA,A,01,0,0,3,0,0,0,0,0,0,-,-,NA,NA,SAN DIEGO,SAN DIEGO,-117.11427307128906,32.810340881347656
8995985,2019,2020-01-07,3711,2019-11-23,1315,SD7227,NA,6,5,7,3711,0,0,0,NA,0,313,KEARNY MESA RD,ARMOUR ST,100,S,N,A,-,N,NA,NA,NA,NA,NA,NA,NA,NA,NA,N,4,0,1,2,A,-,09,21804,A,N,D,C,A,A,H,-,A,D,0,NA,NA,NA,NA,Y,NA,A,01,0,0,1,0,0,0,0,0,0,-,-,NA,NA,SAN DIEGO,SAN DIEGO,-117.14907073974608,32.819705963134766
8998268,2019,2019-12-12,3702,2019-10-20,2304,1268,NA,7,5,6,3702,0,0,0,NA,0,023,TELEGRAPH CANYON RD,OLEANDER AV,18,W,N,A,-,N,NA,NA,NA,NA,NA,NA,NA,NA,NA,Y,4,0,1,2,A,-,01,23152,B,N,C,C,A,A,H,-,C,A,0,NA,NA,NA,NA,Y,Y,A,01,0,0,1,0,0,0,0,0,0,-,-,NA,NA,SAN DIEGO,CHULA VISTA,-117.03676605224608,32.62787628173828
8998276,2019,2019-12-12,3702,2019-10-18,1820,1163,NA,5,5,6,3702,0,0,0,NA,0,014,CHURCH AV,F ST,404,N,N,A,-,N,NA,NA,NA,NA,NA,NA,NA,NA,NA,Y,4,0,1,2,A,-,03,22350,NA,N,C,E,A,A,H,-,C,A,0,NA,NA,NA,NA,Y,NA,A,07,0,0,1,0,0,0,0,0,0,-,-,NA,NA,SAN DIEGO,CHULA VISTA,-117.07928466796876,32.64262008666992
9000728,2019,2020-02-06,3709,2019-12-05,1730,NC0494,NA,4,5,5,3709,0,0,0,NA,0,999,NATIONAL CITY BL,DIVISION ST,0,NA,Y,B,-,N,NA,NA,NA,NA,NA,NA,NA,NA,NA,N,2,0,1,2,A,-,09,21800,A,N,D,C,A,A,H,-,B,A,0,NA,NA,Y,NA,Y,NA,A,01,1,0,0,0,0,0,0,0,1,-,-,NA,NA,SAN DIEGO,NATIONAL CITY,-117.11099243164063,32.682369232177734
90024819,2015,2015-10-19,9680,2015-09-24,1640,018356,NA,4,2,9,3700,0,2,4,NA,1,026,JAMACHA RD,SR-125 N/B FROM JAMACHA RD,25,E,N,A,-,Y,NA,NA,NA,NA,NA,NA,NA,NA,NA,N,4,0,1,2,A,-,03,22350,NA,N,C,C,A,A,H,-,A,A,0,NA,NA,NA,NA,Y,NA,A,07,0,0,1,0,0,0,0,0,0,-,-,32.7147,-117.01339,SAN DIEGO,UNINCORPORATED,NA,NA
90027433,2015,2015-10-19,9680,2015-09-26,2328,018907,NA,6,3,5,3705,0,1,1,NA,2,082,I-8 WB TO SR-67 N/B,BALLANTYNE ST,410,W,N,A,-,Y,NA,NA,8,NA,NA,NA,R,NA,W,Y,2,0,1,1,A,-,01,23152,A,N,E,I,A,A,H,-,C,A,0,NA,NA,NA,NA,Y,Y,A,07,1,0,0,0,0,0,0,0,0,-,-,32.8034,-116.9605,SAN DIEGO,EL CAJON,-116.9605,32.8034
90029169,2015,2015-10-19,9650,2015-10-09,1015,017012,NA,5,1,9,3700,0,1,3,NA,2,065,SR-76 W/B,S. MISSION RD,100,E,N,A,-,Y,NA,NA,76,NA,NA,NA,NA,NA,W,Y,4,0,1,2,A,-,03,22350,NA,N,C,C,A,A,H,-,A,A,0,NA,NA,NA,NA,Y,NA,J,49,0,0,1,0,0,0,0,0,0,-,-,33.29469,-117.22168,SAN DIEGO,UNINCORPORATED,-117.22168546,33.29469666
90029251,2015,2015-10-19,9645,2015-09-27,1721,019352,NA,7,2,7,3711,0,1,3,NA,2,006,SR-94 E/B,BROADWAY U/C,500,W,N,A,-,Y,NA,NA,94,NA,NA,NA,NA,NA,E,Y,3,0,1,2,A,-,07,21658,A,N,C,C,A,A,H,-,A,D,0,NA,NA,Y,NA,Y,NA,A,01,0,1,0,0,0,0,0,0,1,-,-,32.71451,-117.12643,SAN DIEGO,SAN DIEGO,-117.126426,32.714499000000004
90030462,2015,2015-10-19,9650,2015-10-06,0425,013890,NA,2,3,5,3701,0,1,1,NA,2,005,I-5 S/B,POINSETTIA LANE,3168,S,N,A,-,Y,NA,NA,5,NA,NA,NA,NA,NA,S,N,4,0,1,1,C,-,18,NA,NA,N,H,H,A,A,H,-,D,D,0,NA,NA,NA,NA,Y,NA,-,-,0,0,1,0,0,0,0,0,0,-,-,33.09634,-117.3061,SAN DIEGO,CARLSBAD,-117.30611184,33.09633218
90030474,2015,2015-10-19,9645,2015-09-23,1625,017498,NA,3,2,7,3711,0,1,1,NA,2,017,I-15 SOUTHBOUND,BALBOA AVE O/C,3168,N,N,A,-,Y,NA,NA,15,NA,NA,NA,NA,NA,S,Y,3,0,1,2,A,-,07,21658,A,N,C,C,A,A,H,-,A,D,0,NA,NA,Y,NA,Y,NA,A,01,0,1,0,0,0,0,0,0,1,-,-,32.8311,-117.11847,SAN DIEGO,SAN DIEGO,-117.1186455,32.83106455
90031725,2015,2015-10-29,9650,2015-10-11,1143,015302,NA,7,1,5,3701,0,1,1,NA,2,005,I-5 N/B,PALOMAR AIRPORT ROAD,1056,S,N,A,-,Y,NA,NA,5,NA,NA,NA,NA,NA,N,Y,4,0,1,2,A,-,03,22350,NA,N,C,C,A,A,H,-,A,D,0,NA,NA,NA,NA,Y,NA,A,01,0,0,1,0,0,0,0,0,0,-,-,33.11861,-117.31966,SAN DIEGO,CARLSBAD,-117.3197757,33.1185406
90032633,2015,2015-10-19,9680,2015-10-08,0829,013283,NA,4,1,5,3705,0,1,1,NA,2,082,I-8 W/B,MOLLISON AVE,300,W,N,A,-,Y,NA,NA,8,NA,NA,NA,NA,NA,W,N,3,0,1,1,A,-,08,22107,NA,N,F,A,A,A,H,-,A,D,0,NA,NA,Y,NA,Y,NA,C,02,0,1,0,0,0,0,0,0,1,-,-,32.80326,-116.95339,SAN DIEGO,EL CAJON,-116.95338979,32.80315105
90033074,2015,2015-10-19,9645,2015-09-23,0830,015046,NA,3,1,7,3711,0,1,1,NA,2,015,I-805 NORTHBOUND,SR-52,1584,N,N,A,-,Y,NA,NA,805,NA,NA,NA,NA,NA,N,Y,3,0,2,2,A,-,03,22350,NA,N,C,C,A,A,H,-,A,D,0,NA,NA,NA,NA,Y,NA,A,01,0,1,1,0,0,0,0,0,0,-,-,32.8559,-117.18348,SAN DIEGO,SAN DIEGO,-117.18321575,32.85605628
90035293,2015,2015-10-21,9650,2015-10-15,0720,015295,NA,4,1,9,3700,0,3,5,NA,1,212,OLD HIGHWAY 395,MISION ROAD,1056,N,N,B,C,N,NA,NA,NA,NA,NA,NA,NA,NA,NA,N,4,0,1,2,A,-,03,22350,NA,N,C,C,A,B,H,-,A,D,0,NA,NA,NA,NA,Y,NA,A,07,0,0,1,0,0,0,0,0,0,-,-,33.39427,-117.17203,SAN DIEGO,UNINCORPORATED,-117.17696,33.38715
90035359,2015,2015-10-21,9650,2015-10-18,1415,015531,NA,7,2,5,3782,0,1,1,NA,2,007,I-5 N/B,SANTA FE DR,1584,N,N,A,-,Y,NA,NA,5,NA,NA,NA,NA,NA,N,N,2,0,1,2,A,-,03,22350,NA,N,C,C,A,A,H,-,A,D,0,NA,NA,NA,NA,Y,NA,D,22,1,0,0,0,0,0,0,0,0,-,-,33.03792,-117.28222,SAN DIEGO,ENCINITAS,-117.28235852,33.03782636
90035491,2015,2015-10-21,9645,2015-10-06,0923,014909,NA,2,1,7,3711,0,1,1,NA,2,010,I-8 W/B,PRESIDIO PARK O/C,830,W,N,A,-,Y,NA,NA,8,NA,NA,NA,NA,NA,W,Y,3,0,2,4,A,-,03,22350,NA,N,C,C,A,A,H,-,A,D,0,NA,NA,NA,NA,Y,NA,A,01,0,1,1,0,0,0,0,0,0,-,-,32.76029,-117.19031,SAN DIEGO,SAN DIEGO,-117.19033159,32.76016129
90036890,2015,2015-12-08,9650,2015-10-12,1735,018386,NA,1,2,5,3701,0,1,1,NA,2,005,I-5 N/B,PALOMAR AIRPORT RD.,1584,N,N,B,-,Y,NA,NA,5,NA,NA,NA,NA,NA,N,N,3,0,1,2,A,-,07,21658,A,N,F,A,A,A,H,-,A,D,0,NA,NA,Y,NA,Y,NA,A,07,0,1,0,0,0,0,0,0,1,-,-,33.12647,-117.32462,SAN DIEGO,CARLSBAD,-117.32452679,33.12652664
90038539,2015,2015-10-27,9645,2015-10-06,0855,014461,NA,2,1,7,3711,0,1,3,NA,2,012,SR-52 W/B TO LA JOLLA PARKWAY,I-5 N/B,300,E,N,B,-,Y,NA,NA,52,NA,NA,NA,R,NA,W,Y,4,0,1,2,A,-,07,21658,A,N,B,C,A,A,H,-,A,D,0,NA,NA,NA,NA,Y,NA,A,01,0,0,1,0,0,0,0,0,0,-,-,32.83826,-117.23311,SAN DIEGO,SAN DIEGO,-117.23311,32.83826
90038810,2015,2015-10-27,9645,2015-10-04,0555,018344,NA,7,3,7,3711,0,1,3,NA,2,023,SR-163 SOUTHBOUND,WASHINGTON ST. O/C,1020,N,N,C,-,Y,NA,NA,163,NA,NA,NA,NA,NA,S,Y,4,0,1,2,A,-,03,22350,NA,N,C,C,A,B,H,-,B,D,0,NA,NA,NA,NA,Y,NA,A,01,0,0,1,0,0,0,0,0,0,-,-,32.75219,-117.15636,SAN DIEGO,SAN DIEGO,-117.15646218,32.75204892
90038866,2015,2015-10-27,9680,2015-10-15,0626,015578,NA,4,1,5,3708,0,1,3,NA,2,028,SR-125 NORTHBOUND,GROSSMONT BLVD.,289,S,N,A,-,Y,NA,NA,125,NA,NA,NA,NA,NA,N,Y,4,0,1,2,A,-,07,21658,A,N,B,C,A,A,H,-,A,D,0,NA,NA,NA,NA,Y,NA,A,01,0,0,1,0,0,0,0,0,0,-,-,32.77248,-117.00185,SAN DIEGO,LA MESA,-117.00196662,32.77245227
90039089,2015,2015-10-27,9645,2015-10-06,1510,018936,NA,2,2,7,3711,0,1,1,NA,2,010,I-8 E/B TO COLLEGE AVE,COLLEGE AVE,100,W,N,A,-,Y,NA,NA,8,NA,NA,NA,R,NA,E,Y,4,0,1,2,A,-,06,21750,NA,N,B,C,A,A,H,-,A,D,0,NA,NA,NA,NA,Y,NA,A,01,0,0,1,0,0,0,0,0,0,-,-,32.77842,-117.0677,SAN DIEGO,SAN DIEGO,-117.0677,32.77842
90039090,2015,2015-10-27,9645,2015-10-08,0656,014804,NA,4,1,7,3711,0,1,1,NA,2,011,I-805 (N/B),HOME AVENUE U/C,528,S,N,B,-,Y,NA,NA,805,NA,NA,NA,NA,NA,NA,Y,4,0,2,5,A,-,08,22107,NA,F,C,C,A,A,H,-,C,D,0,NA,NA,NA,NA,Y,NA,A,01,0,0,2,0,0,0,0,0,0,-,-,32.72109,-117.10263,SAN DIEGO,SAN DIEGO,-117.10261033,32.721089
90039482,2015,2015-10-29,9650,2015-10-19,1500,015446,NA,1,2,9,3700,0,3,5,NA,2,230,LAKE DR.,VIA RANCHO PKY,0,NA,Y,A,-,N,NA,NA,NA,NA,NA,NA,NA,NA,NA,Y,4,0,1,2,A,-,09,21802,A,N,D,C,A,A,H,-,A,A,0,NA,NA,NA,NA,Y,NA,A,01,0,0,1,0,0,0,0,0,0,-,-,33.08935,-117.11319,SAN DIEGO,UNINCORPORATED,-117.1132601,33.08944001
90039831,2015,2015-10-29,9645,2015-10-14,0805,013393,NA,3,1,7,3711,0,1,1,NA,2,017,I-15 S/B,RANCHO PENASQUITOS BLVD O/C,300,S,N,A,-,Y,NA,NA,NA,NA,NA,NA,NA,NA,NA,Y,4,0,1,3,A,-,03,22350,NA,N,C,C,A,A,H,-,A,D,0,NA,NA,NA,NA,Y,NA,A,01,0,0,1,0,0,0,0,0,0,-,-,32.5651,-117.0623,SAN DIEGO,SAN DIEGO,NA,NA
90039968,2015,2015-10-29,9680,2015-10-17,1445,018356,NA,6,2,9,3700,0,3,5,NA,2,002,PARADISE VALLEY RD,BLUFFVIEW RD,0,NA,Y,B,-,N,NA,NA,NA,NA,NA,NA,NA,NA,NA,Y,4,0,1,2,A,-,07,21658,A,N,B,C,A,A,H,-,A,D,0,NA,NA,NA,NA,Y,NA,A,01,0,0,1,0,0,0,0,0,0,-,-,32.69744,-117.02138,SAN DIEGO,UNINCORPORATED,-117.02131013,32.69749003
90040791,2015,2015-10-29,9680,2015-10-18,0600,018166,NA,7,1,9,3700,0,1,3,NA,1,024,SR-94 W/B,OTAY LAKES RD,5280,E,N,B,C,Y,NA,NA,94,NA,NA,NA,NA,NA,W,Y,4,0,1,1,A,-,03,22350,NA,N,E,I,A,B,H,-,D,D,0,NA,NA,NA,NA,Y,NA,A,01,0,0,1,0,0,0,0,0,0,-,-,32.65898,-116.80974,SAN DIEGO,UNINCORPORATED,-116.80970559,32.65901711
90040927,2015,2015-10-29,9680,2015-10-19,1648,016519,NA,1,2,9,3700,0,1,3,NA,1,017,SR-67 S/B,WILLOW RD,600,N,N,A,-,Y,NA,NA,67,NA,NA,NA,NA,NA,S,Y,4,0,1,3,A,-,03,22350,NA,N,C,C,A,A,H,-,A,D,0,NA,NA,NA,NA,Y,NA,A,07,0,0,1,0,0,0,0,0,0,-,-,32.87559,-116.92489,SAN DIEGO,UNINCORPORATED,-116.92480171,32.87561116
90041892,2015,2015-10-30,9680,2015-10-19,1735,019270,NA,1,2,9,3700,0,3,5,NA,2,002,DOLORES ST,BARCELONA ST,45,W,N,A,-,N,NA,NA,NA,NA,NA,NA,NA,NA,NA,N,4,0,1,2,A,-,05,21650,NA,F,A,C,A,A,H,-,A,D,0,NA,NA,NA,NA,Y,NA,-,99,0,0,1,0,0,0,0,0,0,-,-,32.74716,-116.98188,SAN DIEGO,UNINCORPORATED,-116.98197584,32.74703
90042361,2015,2015-11-02,9680,2015-10-22,0637,015578,NA,4,1,9,3700,0,1,3,NA,1,023,SR-94 WESTBOUND,BANCROFT DR.,528,E,N,A,-,Y,NA,NA,94,NA,NA,NA,NA,NA,W,Y,4,0,3,3,A,-,07,21658,A,N,B,C,A,A,H,-,A,D,0,NA,NA,NA,NA,Y,NA,D,22,0,0,3,0,0,0,0,0,0,-,-,32.74982,-116.9988,SAN DIEGO,UNINCORPORATED,-116.99878429,32.7498928
90045274,2015,2015-11-05,9650,2015-10-26,0754,013696,NA,1,1,9,3700,0,2,4,NA,2,061,E. MISSION ROAD,VALENTINE LANE,528,E,N,A,-,N,NA,NA,NA,NA,NA,NA,NA,NA,NA,N,4,0,1,2,A,-,03,22350,NA,N,C,C,A,A,H,-,A,D,0,NA,NA,Y,NA,Y,NA,C,02,0,0,1,0,0,0,0,0,0,-,-,33.39198,-117.19412,SAN DIEGO,UNINCORPORATED,-117.19517662,33.39177761
90045420,2015,2015-11-05,9645,2015-10-08,1255,015698,645,4,1,7,3711,0,1,1,NA,2,003,I-5 SB TO SR-94 EB,SR-94,1500,N,N,A,-,Y,NA,NA,5,NA,NA,NA,R,NA,S,Y,3,0,1,2,A,-,07,21658,A,N,B,C,A,A,H,-,A,D,0,NA,NA,NA,NA,Y,NA,A,07,0,1,0,0,0,0,0,0,0,-,-,32.72183,-117.14918,SAN DIEGO,SAN DIEGO,-117.14918,32.72183
90045717,2015,2015-11-05,9680,2015-10-23,0730,018166,NA,5,1,9,3700,0,2,4,NA,1,021,WILLOW GLEN DR,SR-54 (JAMACHA ROAD),397,E,N,A,-,Y,NA,NA,NA,NA,NA,NA,NA,NA,NA,N,4,0,1,2,A,-,09,21801,A,N,D,C,A,A,H,-,A,D,0,NA,NA,NA,NA,Y,NA,A,07,0,0,1,0,0,0,0,0,0,-,-,32.74405,-116.92814,SAN DIEGO,UNINCORPORATED,NA,NA
90045759,2015,2015-11-05,9650,2015-10-24,1955,018321,NA,6,2,9,3700,0,2,4,NA,2,061,S. MISSION RD,STATE ROUTE 76,108,N,N,A,-,N,NA,NA,NA,NA,NA,NA,NA,NA,NA,Y,3,0,1,1,A,-,01,23152,A,N,E,I,A,A,H,-,C,D,0,NA,NA,Y,NA,Y,Y,C,02,0,1,0,0,0,0,0,0,1,-,-,33.2946,-117.22264,SAN DIEGO,UNINCORPORATED,-117.23455256,33.27667951
90046277,2015,2015-11-06,9645,2015-10-13,1636,017025,NA,2,2,7,3711,0,1,3,NA,2,023,SR-163 S/B,FRIARS RD O/C,494,N,N,A,-,Y,NA,NA,163,NA,NA,NA,NA,NA,S,Y,3,0,1,2,A,-,03,22350,NA,N,C,C,A,A,H,-,A,D,0,NA,NA,Y,NA,Y,NA,C,02,0,1,0,0,0,0,0,0,1,-,-,32.77352,-117.16116,SAN DIEGO,SAN DIEGO,-117.16120795,32.77351365
90046332,2015,2015-11-06,9645,2015-10-04,0329,020301,NA,7,3,6,3702,0,1,3,NA,2,031,SR-125 S/B,OLYMPIC PKWY,700,N,N,A,-,Y,NA,NA,125,NA,NA,NA,NA,NA,S,Y,2,0,1,1,A,-,08,22107,NA,M,F,A,A,A,H,-,C,D,0,NA,NA,NA,NA,Y,Y,A,01,1,0,0,0,0,0,0,0,0,-,-,32.63931,-116.97094,SAN DIEGO,CHULA VISTA,-116.97100948,32.63932176
90046406,2015,2015-11-09,9650,2015-10-30,1915,017743,NA,5,2,5,3712,0,1,3,NA,2,019,SR-78 E/B,SAN MARCOS BLVD,1750,E,N,A,-,Y,NA,NA,78,NA,NA,NA,NA,NA,E,N,4,0,1,2,A,-,07,21658,A,N,C,C,A,A,H,-,C,D,0,NA,NA,NA,NA,Y,NA,A,01,0,0,1,0,0,0,0,0,0,-,-,33.13665,-117.17081,SAN DIEGO,SAN MARCOS,-117.17080891,33.13663125
90047422,2015,2015-11-09,9645,2015-10-01,2135,020301,NA,4,2,7,3711,0,1,1,NA,2,009,I-805 S/B TO HOME AVE,HOME AVE,75,S,N,A,-,Y,NA,NA,805,NA,NA,NA,R,NA,S,Y,2,0,1,1,A,-,08,22107,NA,N,F,A,A,A,H,-,C,D,0,NA,NA,Y,NA,Y,NA,C,02,1,0,0,0,0,0,0,0,1,-,-,32.72615,-117.10204,SAN DIEGO,SAN DIEGO,-117.10204,32.72615
90048254,2015,2015-11-10,9645,2015-10-14,0750,015494,NA,3,1,7,3711,0,1,1,NA,2,001,I-5 N/B,MAIN ST,2500,S,N,A,-,Y,NA,NA,NA,NA,NA,NA,NA,NA,NA,Y,3,0,1,1,A,-,08,22107,NA,N,F,A,A,A,H,-,A,D,0,NA,NA,Y,NA,Y,NA,C,02,0,1,0,0,0,0,0,0,1,-,-,32.67369,-117.11026,SAN DIEGO,SAN DIEGO,-117.10930839,32.67575903
90048448,2015,2015-11-11,9645,2015-10-10,1252,018393,NA,6,1,7,3711,0,1,1,NA,2,001,I-5 SB TO VIA SAN YSDRIO,VIA SAN YSIRO,125,N,N,A,-,Y,NA,NA,5,NA,NA,NA,R,NA,S,N,4,0,3,3,A,-,03,22350,NA,N,C,C,A,A,H,-,A,A,0,NA,NA,NA,NA,Y,NA,A,07,0,0,3,0,0,0,0,0,0,-,-,32.55102,-117.04622,SAN DIEGO,SAN DIEGO,-117.04622,32.55102