CASE_ID,ACCIDENT_YEAR,PROC_DATE,JURIS,COLLISION_DATE,COLLISION_TIME,OFFICER_ID,REPORTING_DISTRICT,DAY_OF_WEEK,CHP_SHIFT,POPULATION,CNTY_CITY_LOC,SPECIAL_COND,BEAT_TYPE,CHP_BEAT_TYPE,CITY_DIVISION_LAPD,CHP_BEAT_CLASS,BEAT_NUMBER,PRIMARY_RD,SECONDARY_RD,DISTANCE,DIRECTION,INTERSECTION,WEATHER_1,WEATHER_2,STATE_HWY_IND,CALTRANS_COUNTY,CALTRANS_DISTRICT,STATE_ROUTE,ROUTE_SUFFIX,POSTMILE_PREFIX,POSTMILE,LOCATION_TYPE,RAMP_INTERSECTION,SIDE_OF_HWY,TOW_AWAY,COLLISION_SEVERITY,NUMBER_KILLED,NUMBER_INJURED,PARTY_COUNT,PRIMARY_COLL_FACTOR,PCF_CODE_OF_VIOL,PCF_VIOL_CATEGORY,PCF_VIOLATION,PCF_VIOL_SUBSECTION,HIT_AND_RUN,TYPE_OF_COLLISION,MVIW,PED_ACTION,ROAD_SURFACE,ROAD_COND_1,ROAD_COND_2,LIGHTING,CONTROL_DEVICE,CHP_ROAD_TYPE,PEDESTRIAN_ACCIDENT,BICYCLE_ACCIDENT,MOTORCYCLE_ACCIDENT,TRUCK_ACCIDENT,NOT_PRIVATE_PROPERTY,ALCOHOL_INVOLVED,STWD_VEHTYPE_AT_FAULT,CHP_VEHTYPE_AT_FAULT,COUNT_SEVERE_INJ,COUNT_VISIBLE_INJ,COUNT_COMPLAINT_PAIN,COUNT_PED_KILLED,COUNT_PED_INJURED,COUNT_BICYCLIST_KILLED,COUNT_BICYCLIST_INJURED,COUNT_MC_KILLED,COUNT_MC_INJURED,PRIMARY_RAMP,SECONDARY_RAMP,LATITUDE,LONGITUDE,COUNTY,CITY,POINT_X,POINT_Y
90048761,2015,2015-11-11,9650,2015-11-07,1100,016275,NA,6,1,9,3700,0,1,3,NA,1,028,SR-76,ADAMS RD,2112,W,N,A,-,Y,NA,NA,76,NA,NA,NA,NA,NA,NA,Y,4,0,1,1,A,-,08,22107,NA,N,E,I,A,A,H,-,A,D,0,NA,NA,NA,NA,Y,NA,A,01,0,0,1,0,0,0,0,0,0,-,-,33.3426,-117.02021,SAN DIEGO,UNINCORPORATED,-117.02020299,33.34261374
90048860,2015,2015-11-11,9650,2015-11-09,1412,015531,NA,1,2,5,3701,0,1,1,NA,2,005,I-5 N/B,TAMARACK AVE,1056,N,N,B,-,Y,NA,NA,5,NA,NA,NA,NA,NA,N,Y,3,0,2,3,A,-,03,22350,NA,N,C,C,A,A,H,-,A,D,0,NA,NA,NA,NA,Y,NA,A,01,0,1,1,0,0,0,0,0,0,-,-,33.15416,-117.33745,SAN DIEGO,CARLSBAD,-117.33740117,33.15418676
90052568,2015,2015-11-17,9680,2015-11-04,0425,017928,NA,3,3,9,3700,0,1,3,NA,1,090,SR-67,ROCKHOUSE RD,375,S,N,A,-,Y,NA,NA,67,NA,NA,NA,NA,NA,NA,Y,3,0,1,4,A,-,03,22350,NA,N,C,C,A,A,H,-,C,D,0,NA,NA,NA,NA,Y,NA,A,01,0,1,0,0,0,0,0,0,0,-,-,32.99985,-116.95861,SAN DIEGO,UNINCORPORATED,-116.95854779,32.99980822
9005387,2019,2020-01-14,3700,2019-11-14,1355,SH2573,NA,4,5,5,3782,0,0,0,NA,0,210,N COAST HWY 101,EUROPA ST,72,N,N,A,-,N,NA,NA,NA,NA,NA,NA,NA,NA,NA,N,4,0,1,2,A,-,17,22517,NA,N,H,G,A,A,H,-,A,D,0,NA,Y,NA,NA,Y,NA,A,01,0,0,1,0,0,0,1,0,0,-,-,NA,NA,SAN DIEGO,ENCINITAS,-117.3019561767578,33.063270568847656
9005495,2019,2020-02-13,3711,2019-12-12,1957,SD7867,NA,4,5,7,3711,0,0,0,NA,0,611,SPORTS ARENA BL,ROSECRANS ST,655,W,N,A,-,N,NA,NA,NA,NA,NA,NA,NA,NA,NA,N,4,0,1,2,A,-,11,21954,A,N,G,B,D,A,H,-,C,D,0,Y,NA,NA,NA,Y,NA,N,60,0,0,1,0,1,0,0,0,0,-,-,NA,NA,SAN DIEGO,SAN DIEGO,-117.20674896240234,32.752403259277344
90056413,2015,2015-11-20,9645,2015-11-03,2125,017025,NA,2,2,7,3711,0,1,1,NA,2,011,I-805 S/B,SR-15 U/C,1320,N,N,C,-,Y,NA,NA,805,NA,NA,NA,NA,NA,S,Y,3,0,4,5,A,-,03,22350,NA,N,C,C,E,B,H,-,C,D,0,Y,NA,NA,NA,Y,NA,D,22,0,3,1,0,3,0,0,0,0,-,-,32.79316,-117.14974,SAN DIEGO,SAN DIEGO,-117.14985342,32.79314943
90056602,2015,2015-11-20,9650,2015-11-18,0755,013636,NA,3,1,5,3701,0,1,1,NA,2,005,I-5 S/B,TAMARACK AVE,300,S,N,A,-,Y,NA,NA,NA,NA,NA,NA,NA,NA,NA,N,4,0,1,2,A,-,03,22350,NA,N,C,C,A,A,H,-,A,D,0,NA,NA,NA,NA,Y,NA,A,01,0,0,1,0,0,0,0,0,0,-,-,NA,NA,SAN DIEGO,CARLSBAD,-117.33611941,33.15134939
90058213,2015,2015-11-24,9680,2015-11-11,1545,017717,NA,3,2,9,3700,0,3,5,NA,2,001,RIVERFORD RD,EL NOPAL,180,S,N,A,-,N,NA,NA,NA,NA,NA,NA,NA,NA,NA,N,4,0,1,2,A,-,03,22350,NA,M,C,C,A,A,H,-,A,D,0,NA,NA,NA,NA,Y,NA,A,01,0,0,1,0,0,0,0,0,0,-,-,32.86138,-116.9473,SAN DIEGO,UNINCORPORATED,-116.94721253,32.86139716
90058449,2015,2015-11-24,9680,2015-11-12,1610,016822,NA,4,2,9,3700,0,2,4,NA,1,096,HIGHLAND VALLEY ROAD,ARCHIE MOORE ROAD,4752,W,N,A,-,N,NA,NA,NA,NA,NA,NA,NA,NA,NA,Y,4,0,2,2,A,-,05,21460,A,N,A,C,A,A,H,-,B,D,0,NA,NA,NA,NA,Y,NA,A,01,0,0,2,0,0,0,0,0,0,-,-,33.03063,-116.9678,SAN DIEGO,UNINCORPORATED,-116.96928949,33.02987017
9005923,2019,2020-02-11,3711,2019-12-17,1944,SD7803,NA,2,5,7,3711,0,0,0,NA,0,831,EL CAJON BL,CHAMOUNE AV,15,W,N,A,-,N,NA,NA,NA,NA,NA,NA,NA,NA,NA,N,2,0,1,2,A,-,08,22107,NA,N,D,C,A,A,H,-,C,A,0,NA,NA,Y,NA,Y,NA,A,01,1,0,0,0,0,0,0,0,1,-,-,NA,NA,SAN DIEGO,SAN DIEGO,-117.09697723388672,32.755393981933594
9005978,2019,2020-02-07,3711,2019-12-19,0703,SD7685,NA,4,5,7,3711,0,0,0,NA,0,122,JEWELL ST,GRAND AV,0,NA,Y,A,-,N,NA,NA,NA,NA,NA,NA,NA,NA,NA,Y,3,0,1,2,A,-,12,21453,A,N,D,C,A,A,H,-,A,A,0,NA,NA,NA,NA,Y,NA,A,01,0,1,0,0,0,0,0,0,0,-,-,NA,NA,SAN DIEGO,SAN DIEGO,-117.23841857910156,32.7983512878418
90060505,2015,2015-11-27,9650,2015-11-23,0645,015503,NA,1,1,5,3713,0,1,3,NA,2,017,CIVIC CENTER DR TO SR-78 WB,CIVIC CENTER DRIVE,150,W,N,A,-,Y,NA,NA,78,NA,NA,NA,R,NA,NA,Y,4,0,1,2,A,-,08,22107,NA,F,B,C,A,A,H,-,A,A,0,NA,NA,NA,NA,Y,NA,-,99,0,0,1,0,0,0,0,0,0,-,-,33.19013,-117.2405,SAN DIEGO,VISTA,-117.2405,33.19013
9006072,2020,2020-03-12,3708,2020-01-02,0208,LM1158,NA,4,5,5,3708,0,0,0,NA,0,001,70TH ST,TOWER ST,80,S,N,A,-,N,NA,NA,NA,NA,NA,NA,NA,NA,NA,Y,3,0,1,2,A,-,08,22107,NA,M,C,E,A,A,H,-,C,D,0,NA,NA,NA,NA,Y,NA,A,01,0,1,0,0,0,0,0,0,0,-,-,NA,NA,SAN DIEGO,LA MESA,-117.04683685302734,32.763031005859375
90061198,2015,2015-11-30,9680,2015-11-14,1337,015877,NA,6,1,5,3705,0,1,1,NA,2,082,I-8 W/B,SR-67,150,E,N,A,-,Y,NA,NA,8,NA,NA,NA,NA,NA,W,Y,3,0,1,2,A,-,17,23114,A,F,H,C,A,A,H,-,A,D,0,NA,NA,NA,NA,Y,NA,D,22,0,1,0,0,0,0,0,0,0,-,-,32.80308,-116.96325,SAN DIEGO,EL CAJON,-116.96324742,32.80313716
90061947,2015,2015-11-30,9645,2015-10-30,1250,016542,NA,5,1,7,3711,0,1,1,NA,2,007,I-5 N/B,DEL MAR HEIGHTS ROAD O/C,200,N,N,A,-,Y,NA,NA,5,NA,NA,NA,NA,NA,N,Y,4,0,1,2,A,-,03,22350,NA,N,C,C,A,A,H,-,A,D,0,NA,NA,NA,NA,Y,NA,A,01,0,0,1,0,0,0,0,0,0,-,-,32.95423,-117.24422,SAN DIEGO,SAN DIEGO,-117.2443325,32.95420791
90062260,2015,2015-12-01,9645,2015-10-24,1820,019410,NA,6,2,7,3711,0,1,1,NA,2,010,I-8 E/B,PRESIDIO PARK O/C,600,E,N,A,-,Y,NA,NA,8,NA,NA,NA,NA,NA,E,Y,3,0,1,2,A,-,03,22350,NA,N,C,C,A,A,H,-,C,D,0,NA,NA,Y,NA,Y,NA,C,02,0,1,0,0,0,0,0,0,1,-,-,32.7595,-117.1853,SAN DIEGO,SAN DIEGO,-117.18530125,32.75942244
90063042,2015,2015-12-01,9645,2015-11-08,0700,015494,NA,7,1,7,3711,0,1,1,NA,2,021,I-805 N/B TO SR-15 N/B,UNIVERSTIY AVE OVERCROSSING,4224,S,N,A,-,Y,NA,NA,805,NA,NA,NA,R,NA,N,Y,2,0,1,1,A,-,08,22107,NA,N,E,I,A,A,H,-,A,D,0,NA,NA,NA,NA,Y,NA,D,22,1,0,0,0,0,0,0,0,0,-,-,32.73961,-117.11314,SAN DIEGO,SAN DIEGO,-117.11314,32.73961
90064175,2015,2015-12-02,9645,2015-11-16,1730,020541,NA,1,2,7,3711,0,1,1,NA,2,021,SR-15 N/B,OCEAN VIEW BLVD,1056,S,N,A,-,Y,NA,NA,15,NA,NA,NA,NA,NA,N,Y,4,0,1,2,A,-,03,22350,NA,N,C,C,A,A,H,-,C,D,0,NA,NA,NA,NA,Y,NA,A,01,0,0,1,0,0,0,0,0,0,-,-,32.70488,-117.12051,SAN DIEGO,SAN DIEGO,-117.12051593,32.70488035
90064701,2015,2015-12-03,9680,2015-11-19,0924,014786,NA,4,1,9,3700,0,3,5,NA,2,003,ARNOLD WAY,ALPINE GROVE LANE,1056,E,N,A,-,N,NA,NA,NA,NA,NA,NA,NA,NA,NA,Y,3,0,1,2,A,-,03,22350,NA,N,C,C,A,A,H,-,A,D,0,NA,NA,NA,NA,Y,NA,D,22,0,1,0,0,0,0,0,0,0,-,-,32.8361,-116.77034,SAN DIEGO,UNINCORPORATED,-116.77038265,32.83604557
90066346,2015,2015-12-07,9645,2015-10-12,0037,020737,NA,1,3,7,3711,0,1,1,NA,2,003,I-5 N/B,WASHINGTON BLVD.,300,S,N,A,-,Y,NA,NA,5,NA,NA,NA,NA,NA,N,Y,2,0,1,1,A,-,08,22107,NA,N,E,I,A,A,H,-,D,D,0,NA,NA,NA,NA,Y,NA,A,01,1,0,0,0,0,0,0,0,0,-,-,32.74235,-117.18153,SAN DIEGO,SAN DIEGO,-117.18160403,32.7422044
90066985,2015,2015-12-07,9680,2015-11-21,1030,015877,NA,6,1,5,3708,0,1,1,NA,2,081,I-8 W/B,LAKE MURRAY BLVD.,1035,W,N,A,-,Y,NA,NA,8,NA,NA,NA,NA,NA,W,Y,3,0,2,2,A,-,03,22350,NA,N,C,C,A,A,H,-,A,D,0,NA,NA,NA,NA,Y,NA,A,01,0,1,1,0,0,0,0,0,0,-,-,32.77588,-117.04881,SAN DIEGO,LA MESA,-117.04889634,32.7756985
90068975,2015,2015-12-09,9680,2015-11-27,0647,015877,NA,5,1,5,3708,0,1,1,NA,2,081,I-8 W/B TO SR-125 S/B,GROSSMONT BLVD.,1584,N,N,B,-,Y,NA,NA,8,NA,NA,NA,R,NA,W,Y,4,0,1,1,A,-,03,22350,NA,N,E,I,A,B,H,-,A,D,0,NA,NA,NA,NA,Y,NA,A,01,0,0,1,0,0,0,0,0,0,-,-,32.77746,-117.00371,SAN DIEGO,LA MESA,-117.00371,32.77746
90069337,2015,2015-12-10,9645,2015-11-02,0615,016766,NA,1,1,7,3711,0,1,1,NA,2,010,I-8 W/B,COLLEGE AVE,1320,E,N,A,-,Y,NA,NA,8,NA,NA,NA,NA,NA,W,Y,4,0,1,3,A,-,03,22350,NA,N,C,C,A,A,H,-,A,D,0,NA,NA,NA,NA,Y,NA,A,01,0,0,1,0,0,0,0,0,0,-,-,32.77829,-117.05935,SAN DIEGO,SAN DIEGO,-117.05935206,32.77828156
90072451,2015,2015-12-14,9680,2015-11-26,1840,019519,NA,4,2,9,3700,0,2,4,NA,1,010,WOODSIDE AVE,MAINE ST.,84,W,N,B,-,N,NA,NA,NA,NA,NA,NA,NA,NA,NA,N,4,0,1,1,A,-,03,22350,NA,N,E,I,A,B,H,-,C,A,0,NA,NA,NA,NA,Y,NA,A,07,0,0,1,0,0,0,0,0,0,-,-,32.85746,-116.92185,SAN DIEGO,UNINCORPORATED,-116.92167921,32.85731411
90073077,2015,2015-12-15,9645,2015-12-09,0815,013393,NA,3,1,7,3711,0,1,1,NA,2,007,I-5 S/B,GENESEE AVE O/C,300,S,N,A,-,Y,NA,NA,NA,NA,NA,NA,NA,NA,NA,Y,4,0,1,2,A,-,03,22350,NA,N,C,C,A,A,D,-,A,D,0,NA,NA,NA,NA,Y,NA,A,01,0,0,1,0,0,0,0,0,0,-,-,32.531,-117.134,SAN DIEGO,SAN DIEGO,-117.2279232,32.88647987
90074724,2015,2015-12-15,9645,2015-12-10,1145,014922,NA,4,1,7,3711,0,1,1,NA,2,009,I-805 NORTHBOUND,HILLTOP DR.,700,N,N,A,-,Y,NA,NA,805,NA,NA,NA,NA,NA,N,N,4,0,1,2,A,-,03,22350,NA,N,C,C,A,A,H,-,A,D,0,NA,NA,NA,NA,Y,NA,A,01,0,0,1,0,0,0,0,0,0,-,-,32.71731,-117.1027,SAN DIEGO,SAN DIEGO,-117.10282639,32.71730468
90074848,2015,2016-01-27,9650,2015-12-01,1310,015273,NA,2,1,5,3701,0,1,1,NA,2,005,I-5 N/B,CANNON RD,1000,S,N,A,-,Y,NA,NA,5,NA,NA,NA,NA,NA,N,Y,2,0,1,2,A,-,07,21658,A,F,C,C,A,A,H,-,A,D,0,NA,NA,Y,NA,Y,NA,D,22,1,0,0,0,0,0,0,0,1,-,-,33.12908,-117.32613,SAN DIEGO,CARLSBAD,-117.32609226,33.12910293
90075055,2015,2015-12-16,9680,2015-12-05,1029,015877,NA,6,1,5,3705,0,1,1,NA,2,082,I-8 W/B,FIRST ST.,200,E,N,A,-,Y,NA,NA,8,NA,NA,NA,NA,NA,W,Y,4,0,1,3,A,-,07,21658,A,N,D,C,A,A,H,-,A,D,0,NA,NA,NA,NA,Y,NA,A,01,0,0,1,0,0,0,0,0,0,-,-,32.80326,-116.94407,SAN DIEGO,EL CAJON,-116.9440702,32.80316311
9007592,2019,2020-01-08,3711,2019-11-26,1156,SD6812,NA,2,5,7,3711,0,0,0,NA,0,126,JOHN JAY HOPKINS DR,GENESEE AV,0,NA,Y,A,-,N,NA,NA,NA,NA,NA,NA,NA,NA,NA,N,3,0,2,2,A,-,12,21453,A,N,D,C,A,A,H,-,A,A,0,NA,NA,NA,Y,Y,NA,F,26,0,1,1,0,0,0,0,0,0,-,-,NA,NA,SAN DIEGO,SAN DIEGO,-117.23914337158205,32.890968322753906
90076193,2015,2015-12-17,9645,2015-12-11,1215,014804,NA,5,1,7,3711,0,1,1,NA,2,005,I-5 (S/B) TO SR-52 (E/B),SR-52 0/C,50,N,N,C,-,Y,NA,NA,5,NA,NA,NA,R,NA,NA,Y,3,0,1,1,A,-,08,22107,NA,N,E,I,A,B,H,-,A,A,0,NA,NA,NA,NA,Y,NA,A,01,0,1,0,0,0,0,0,0,0,-,-,32.83756,-117.23435,SAN DIEGO,SAN DIEGO,-117.23435,32.83756
90078140,2015,2015-12-18,9645,2015-12-10,0005,020867,NA,4,3,7,3711,0,1,1,NA,2,009,I-805 S/B,IMPERIAL AVE.,200,S,N,E,-,Y,NA,NA,805,NA,NA,NA,NA,NA,S,Y,2,0,1,1,A,-,01,23152,A,N,E,I,A,A,H,-,C,D,0,NA,NA,NA,NA,Y,Y,A,01,1,0,0,0,0,0,0,0,0,-,-,32.70128,-117.09505,SAN DIEGO,SAN DIEGO,-117.09500205,32.70127934
90079625,2015,2015-12-22,9645,2015-12-12,2303,020720,NA,6,3,7,3711,0,1,1,NA,2,005,I-5 S/B FROM MISSION BAY DR. ON-RAMP,CLAIREMONT DR.,2640,N,N,A,-,Y,NA,NA,5,NA,NA,NA,R,NA,S,Y,4,0,1,1,A,-,01,23152,A,N,E,J,A,A,H,-,C,D,0,NA,NA,Y,NA,Y,Y,C,02,0,0,1,0,0,0,0,0,1,-,-,32.807,-117.216,SAN DIEGO,SAN DIEGO,-117.216,32.807
90080847,2015,2015-12-23,9645,2015-12-14,0755,013383,NA,1,1,7,3711,0,1,1,NA,2,030,I-15 S/B (HOV),SABRE SPRINGS DAR,1298,S,N,B,-,Y,NA,NA,15,NA,NA,NA,NA,NA,S,Y,4,0,1,2,A,-,07,21658,NA,N,B,C,A,A,H,-,A,D,0,NA,NA,Y,NA,Y,NA,A,01,0,0,1,0,0,0,0,0,1,-,-,32.95879,-117.09951,SAN DIEGO,SAN DIEGO,-117.09954993,32.95881761
9008087,2019,2019-12-31,3705,2019-11-29,1140,0219,NA,5,5,5,3705,0,0,0,NA,0,002,N 2ND ST,RT 8,0,NA,Y,B,-,N,NA,NA,NA,NA,NA,NA,NA,NA,NA,Y,4,0,5,2,A,-,12,21453,A,N,D,C,A,B,H,-,A,A,0,NA,NA,NA,NA,Y,NA,A,07,0,0,5,0,0,0,0,0,0,-,WF,NA,NA,SAN DIEGO,EL CAJON,-116.93575286865234,32.8032112121582
90081461,2015,2015-12-23,9650,2015-12-16,0505,013958,NA,3,3,9,3700,0,1,1,NA,2,001,I-5 N/B,USBA CHECKPOINT,1056,N,N,A,-,Y,NA,NA,5,NA,NA,NA,NA,NA,N,Y,4,0,1,2,A,-,03,22350,NA,N,C,C,A,A,H,-,D,D,0,NA,NA,NA,Y,Y,NA,A,01,0,0,1,0,0,0,0,0,0,-,-,33.35613,-117.53041,SAN DIEGO,UNINCORPORATED,-117.53044124,33.3560845
90082360,2015,2015-12-24,9645,2015-12-09,1745,018428,NA,3,2,7,3711,0,1,1,NA,2,027,I-15 N/B,I-8 U/C,1500,S,N,B,-,Y,NA,NA,15,NA,NA,NA,NA,NA,N,Y,3,0,1,3,A,-,08,22107,NA,N,B,C,A,A,D,-,D,D,0,NA,NA,NA,NA,Y,NA,-,-,0,1,0,0,0,0,0,0,0,-,-,32.77072,-117.11221,SAN DIEGO,SAN DIEGO,-117.11246318,32.77065547
90082415,2015,2015-12-28,9645,2015-11-22,0345,020737,NA,7,3,7,3711,0,1,1,NA,2,003,I-5 N/B,NATIONAL AVE,500,N,N,A,-,Y,NA,NA,5,NA,NA,NA,NA,NA,N,Y,4,0,1,1,A,-,01,23152,A,N,E,I,A,A,H,-,C,D,0,NA,NA,NA,NA,Y,Y,A,01,0,0,1,0,0,0,0,0,0,-,-,32.6969,-117.13656,SAN DIEGO,SAN DIEGO,-117.13650082,32.69698414
90082502,2015,2015-12-28,9645,2015-12-22,1520,016047,NA,2,2,7,3711,0,1,1,NA,2,017,I-15 NORTHBOUND,RANCHO PENASQUITOS,1584,S,N,C,-,Y,NA,NA,15,NA,NA,NA,NA,NA,N,Y,3,0,2,1,A,-,03,22350,NA,N,E,I,A,B,H,-,A,D,0,NA,NA,NA,NA,Y,NA,A,01,0,1,1,0,0,0,0,0,0,-,-,32.94529,-117.10781,SAN DIEGO,SAN DIEGO,-117.10756487,32.94513213
90082527,2015,2015-12-28,9645,2015-12-11,2315,020561,NA,5,3,7,3711,0,1,1,NA,2,010,I-8 E/B TO SR-163 N/B,SR-163 U/C,75,E,N,B,-,Y,NA,NA,8,NA,NA,NA,R,NA,E,Y,4,0,1,1,A,-,03,22350,NA,N,E,I,A,B,H,-,D,D,0,NA,NA,NA,NA,Y,NA,A,01,0,0,1,0,0,0,0,0,0,-,-,32.76313,-117.16142,SAN DIEGO,SAN DIEGO,-117.16142,32.76313
90083548,2015,2015-12-28,9645,2015-11-14,2016,018950,NA,6,2,7,3711,0,1,1,NA,2,030,I-15 S/B (HOV LANES),W. BERNARDO DRIVE,794,N,N,A,-,Y,NA,NA,15,NA,NA,NA,NA,NA,S,Y,2,0,4,1,A,-,03,22350,NA,N,E,J,A,A,H,-,D,D,0,NA,NA,NA,NA,Y,Y,A,07,3,1,0,0,0,0,0,0,0,-,-,33.05766,-117.07071,SAN DIEGO,SAN DIEGO,-117.07072038,33.05766604
90084469,2015,2015-12-29,9650,2015-12-22,1830,014886,NA,2,2,9,3700,0,3,5,NA,2,070,EL CAMINO DEL NORTE,LAGO LINDO,1056,W,N,B,-,N,NA,NA,NA,NA,NA,NA,NA,NA,NA,Y,4,0,1,2,A,-,03,22350,NA,N,D,C,A,B,H,-,D,D,0,NA,NA,NA,NA,Y,NA,A,07,0,0,1,0,0,0,0,0,0,-,-,33.04215,-117.19725,SAN DIEGO,UNINCORPORATED,-117.19226417,33.04309888
90084791,2015,2015-12-29,9650,2015-12-22,0610,015758,NA,2,1,9,3700,0,2,4,NA,2,061,S. MISSION RD.,SR-76,1340,N,N,B,C,N,NA,NA,NA,NA,NA,NA,NA,NA,NA,Y,4,0,1,2,A,-,03,22350,NA,N,C,C,A,B,H,-,B,D,0,NA,NA,NA,NA,Y,NA,A,01,0,0,1,0,0,0,0,0,0,-,-,33.2944,-117.22228,SAN DIEGO,UNINCORPORATED,-117.2343,33.27679
90084809,2015,2015-12-30,9650,2015-12-22,1210,015758,NA,2,1,9,3700,0,3,5,NA,2,006,GREEN CANYON RD. (2500 BLOCK),WINTER HAVEN RD.,714,S,N,B,C,N,NA,NA,NA,NA,NA,NA,NA,NA,NA,Y,4,0,1,2,A,-,03,22350,NA,N,B,C,A,B,H,-,A,D,0,NA,NA,NA,NA,Y,NA,D,22,0,0,1,0,0,0,0,0,0,-,-,33.34601,-117.22025,SAN DIEGO,UNINCORPORATED,-117.21994668,33.34622916
90086227,2015,2015-12-31,9645,2015-11-21,0257,017671,NA,6,3,7,3711,0,1,3,NA,2,006,SR-94 EASTBOUND,KELTON RD,500,E,N,B,-,Y,NA,NA,94,NA,NA,NA,NA,NA,E,Y,4,0,1,2,A,-,03,22350,NA,N,C,C,A,B,H,-,C,D,0,NA,NA,NA,NA,Y,NA,A,01,0,0,1,0,0,0,0,0,0,-,-,32.72488,-117.07425,SAN DIEGO,SAN DIEGO,-117.07430241,32.72495165
9008860,2019,2020-02-05,3708,2019-12-03,1511,IM1266,NA,2,5,5,3708,0,0,0,NA,0,004,FLETCHER PKWY,BUS COURT,0,NA,Y,A,-,N,NA,NA,NA,NA,NA,NA,NA,NA,NA,N,4,0,1,2,A,-,12,21453,A,N,D,G,A,A,H,-,A,A,0,NA,Y,NA,NA,Y,NA,A,07,0,0,1,0,0,0,1,0,0,-,-,NA,NA,SAN DIEGO,LA MESA,-117.00993347167967,32.783721923828125
90091794,2015,2016-01-11,9645,2015-12-07,1745,020541,NA,1,2,7,3711,0,1,1,NA,2,003,I-5 S/B,PARK BLVD OC,25,S,N,A,-,Y,NA,NA,5,NA,NA,NA,NA,NA,S,N,4,0,1,2,A,-,03,22350,NA,N,C,C,A,A,H,-,D,D,0,NA,NA,NA,NA,Y,NA,A,01,0,0,1,0,0,0,0,0,0,-,-,32.72382,-117.15108,SAN DIEGO,SAN DIEGO,-117.15106191,32.72386173
90091921,2016,2016-01-11,9650,2016-01-05,1445,016516,NA,2,2,9,3700,0,1,1,NA,2,021,I-15 N/B,SAN LUIS REY RIVER,5280,S,N,C,-,Y,NA,NA,15,NA,NA,NA,NA,NA,N,Y,4,0,2,2,A,-,08,22107,NA,N,C,C,A,B,H,-,A,D,0,NA,NA,NA,NA,Y,NA,D,22,0,0,2,0,0,0,0,0,0,-,-,33.30916,-117.15071,SAN DIEGO,UNINCORPORATED,-117.15054334,33.30919574
9009201,2019,2020-06-26,3700,2019-11-29,2120,SH0029,NA,5,5,5,3713,0,0,0,NA,0,314,CIVIC CENTER DR,RT 78,0,NA,Y,B,-,Y,SD,11,78,-,-,6.806,R,4,W,Y,4,0,2,2,A,-,12,21453,A,N,D,C,A,B,H,-,C,A,0,NA,NA,NA,NA,Y,NA,D,22,0,0,2,0,0,0,0,0,0,-,-,NA,NA,SAN DIEGO,VISTA,-117.24126434326172,33.19034957885742
90092589,2016,2016-01-11,9645,2016-01-09,1300,017498,NA,6,1,7,3711,0,1,3,NA,2,023,SR-163 SOUTHBOUND,QUINCE ST O/C,1584,S,N,B,-,Y,NA,NA,163,NA,NA,NA,NA,NA,S,Y,4,0,1,2,A,-,03,22350,NA,N,C,C,A,A,H,-,A,D,0,NA,NA,NA,NA,Y,NA,A,01,0,0,1,0,0,0,0,0,0,-,-,32.7389,-117.15637,SAN DIEGO,SAN DIEGO,-117.15633173,32.73890756
90093135,2016,2016-01-12,9645,2016-01-05,0635,016766,NA,2,1,7,3711,0,1,3,NA,2,006,SR-94 W/B,KELTON RD,1056,W,N,C,-,Y,NA,NA,94,NA,NA,NA,NA,NA,W,Y,4,0,1,4,A,-,03,22350,NA,N,C,C,A,B,H,-,B,D,0,NA,NA,NA,NA,Y,NA,A,01,0,0,1,0,0,0,0,0,0,-,-,32.72298,-117.0773,SAN DIEGO,SAN DIEGO,-117.07730707,32.72298934
90093145,2016,2016-01-12,9645,2016-01-05,1305,018678,NA,2,1,6,3702,0,1,1,NA,2,009,I-805 (N/B),MAIN STREET U/C,528,S,N,B,C,Y,NA,NA,NA,NA,NA,NA,NA,NA,NA,N,3,0,1,1,A,-,03,22350,NA,N,E,I,A,B,H,-,A,D,0,NA,NA,NA,NA,Y,NA,A,08,0,1,0,0,0,0,0,0,0,-,-,NA,NA,SAN DIEGO,CHULA VISTA,-117.03645,32.59343382
90093708,2016,2016-01-12,9645,2016-01-07,2010,017499,NA,4,2,7,3711,0,1,3,NA,2,008,SR-54 WESTBOUND,BRIARWOOD RD. O/C,1500,E,N,C,-,Y,NA,NA,54,NA,NA,NA,NA,NA,W,Y,4,0,1,1,A,-,03,22350,NA,N,E,I,A,B,H,-,C,D,0,NA,NA,NA,NA,Y,NA,A,07,0,0,1,0,0,0,0,0,0,-,-,32.68479,-117.02591,SAN DIEGO,SAN DIEGO,-117.02598418,32.68489298
90095203,2015,2016-01-14,9650,2015-12-14,1415,017994,NA,1,2,9,3700,0,2,4,NA,1,027,VALLEY CENTER RD,MAC TAN RD,3696,W,N,A,-,N,NA,NA,NA,NA,NA,NA,NA,NA,NA,Y,4,0,2,2,A,-,03,22350,NA,N,C,C,A,A,H,-,A,D,0,NA,NA,NA,NA,Y,NA,A,01,0,0,2,0,0,0,0,0,0,-,-,33.22828,-117.003,SAN DIEGO,UNINCORPORATED,-117.00567369,33.22824354
9009589,2019,2020-02-18,3709,2019-12-16,0728,NC0516,NA,1,5,5,3709,0,0,0,NA,0,021,EAST 16TH ST,EUCLID AV,0,NA,Y,A,-,N,NA,NA,NA,NA,NA,NA,NA,NA,NA,Y,4,0,1,3,A,-,12,21453,A,N,D,C,A,A,H,-,A,A,0,NA,NA,NA,NA,Y,NA,A,01,0,0,1,0,0,0,0,0,0,-,-,NA,NA,SAN DIEGO,NATIONAL CITY,-117.07949066162108,32.675880432128906