CASE_ID,ACCIDENT_YEAR,PROC_DATE,JURIS,COLLISION_DATE,COLLISION_TIME,OFFICER_ID,REPORTING_DISTRICT,DAY_OF_WEEK,CHP_SHIFT,POPULATION,CNTY_CITY_LOC,SPECIAL_COND,BEAT_TYPE,CHP_BEAT_TYPE,CITY_DIVISION_LAPD,CHP_BEAT_CLASS,BEAT_NUMBER,PRIMARY_RD,SECONDARY_RD,DISTANCE,DIRECTION,INTERSECTION,WEATHER_1,WEATHER_2,STATE_HWY_IND,CALTRANS_COUNTY,CALTRANS_DISTRICT,STATE_ROUTE,ROUTE_SUFFIX,POSTMILE_PREFIX,POSTMILE,LOCATION_TYPE,RAMP_INTERSECTION,SIDE_OF_HWY,TOW_AWAY,COLLISION_SEVERITY,NUMBER_KILLED,NUMBER_INJURED,PARTY_COUNT,PRIMARY_COLL_FACTOR,PCF_CODE_OF_VIOL,PCF_VIOL_CATEGORY,PCF_VIOLATION,PCF_VIOL_SUBSECTION,HIT_AND_RUN,TYPE_OF_COLLISION,MVIW,PED_ACTION,ROAD_SURFACE,ROAD_COND_1,ROAD_COND_2,LIGHTING,CONTROL_DEVICE,CHP_ROAD_TYPE,PEDESTRIAN_ACCIDENT,BICYCLE_ACCIDENT,MOTORCYCLE_ACCIDENT,TRUCK_ACCIDENT,NOT_PRIVATE_PROPERTY,ALCOHOL_INVOLVED,STWD_VEHTYPE_AT_FAULT,CHP_VEHTYPE_AT_FAULT,COUNT_SEVERE_INJ,COUNT_VISIBLE_INJ,COUNT_COMPLAINT_PAIN,COUNT_PED_KILLED,COUNT_PED_INJURED,COUNT_BICYCLIST_KILLED,COUNT_BICYCLIST_INJURED,COUNT_MC_KILLED,COUNT_MC_INJURED,PRIMARY_RAMP,SECONDARY_RAMP,LATITUDE,LONGITUDE,COUNTY,CITY,POINT_X,POINT_Y
90096314,2016,2016-01-15,9680,2016-01-13,0455,016694,NA,3,3,9,3700,0,2,4,NA,1,011,HIGHWAY 8 BUSINESS,EAST LAKEVIEW ROAD,268,E,N,A,-,N,NA,NA,NA,NA,NA,NA,NA,NA,NA,Y,4,0,2,1,A,-,08,22107,NA,N,E,I,A,A,H,-,C,D,0,NA,NA,NA,NA,Y,NA,D,22,0,0,2,0,0,0,0,0,0,-,-,32.84076,-116.892,SAN DIEGO,UNINCORPORATED,-116.892,32.84076
9009640,2019,2020-02-19,3706,2019-12-07,0228,513,ESCON,6,5,6,3706,0,0,0,NA,0,046,MIDWAY DR,WASHINGTON AV,90,N,N,B,-,N,NA,NA,NA,NA,NA,NA,NA,NA,NA,Y,3,0,1,3,A,-,01,23152,A,N,C,E,A,B,H,-,C,D,0,NA,NA,NA,NA,Y,Y,A,01,0,1,0,0,0,0,0,0,0,-,-,33.141578674316406,-117.0538330078125,SAN DIEGO,ESCONDIDO,-117.05403900146484,33.14170837402344
90097490,2016,2016-01-19,9645,2016-01-11,1355,016594,NA,1,1,5,3709,0,1,1,NA,2,001,I-5 S/B,MILE OF CARS WAY,50,S,N,B,-,Y,NA,NA,5,NA,NA,NA,NA,NA,S,N,4,0,2,2,A,-,03,22350,NA,N,C,C,A,A,H,-,A,D,0,NA,NA,NA,NA,Y,NA,A,01,0,0,2,0,0,0,0,0,0,-,-,32.65357,-117.10558,SAN DIEGO,NATIONAL CITY,-117.1054659,32.65362118
90097522,2015,2016-01-19,9645,2015-12-30,1700,017524,NA,3,2,7,3711,0,1,1,NA,2,011,I-805 N/B TO HOME AVE.,HOME AVE.,8,S,N,A,-,Y,NA,NA,805,NA,NA,NA,R,NA,N,Y,3,0,1,1,A,-,03,22350,NA,N,F,A,A,A,B,-,C,A,0,NA,NA,Y,NA,Y,NA,C,02,0,1,0,0,0,0,0,0,1,-,-,32.72587,-117.1019,SAN DIEGO,SAN DIEGO,-117.1019,32.72587
90098703,2016,2016-01-20,9645,2016-01-07,0850,013756,NA,4,1,7,3711,0,1,1,NA,2,017,INTERSTATE 15 (S/B),MIRA MESA BOULEVARD,2112,N,N,B,-,Y,NA,NA,15,NA,NA,NA,NA,NA,NA,Y,4,0,1,2,A,-,03,22350,NA,N,C,C,A,B,H,-,A,D,0,NA,NA,NA,NA,Y,NA,A,07,0,0,1,0,0,0,0,0,0,-,-,32.93002,-117.11388,SAN DIEGO,SAN DIEGO,-117.11358117,32.92993661
90099198,2016,2016-01-20,9680,2016-01-18,0515,020249,NA,1,3,9,3700,0,1,3,NA,1,052,STATE ROUTE 78,WYNOLA ROAD,22704,E,N,A,-,Y,NA,NA,78,NA,NA,NA,NA,NA,NA,Y,3,0,1,1,A,-,08,22107,NA,N,F,A,A,A,H,-,D,D,0,NA,NA,NA,NA,Y,NA,A,01,0,1,0,0,0,0,0,0,0,-,-,33.06808,-116.54927,SAN DIEGO,UNINCORPORATED,-116.54938394,33.06796178
90099208,2016,2016-01-20,9680,2016-01-14,2145,019936,NA,4,2,9,3700,0,2,4,NA,1,021,WILLOW GLEN DR,STEELE CANYON RD,105,E,N,A,-,N,NA,NA,NA,NA,NA,NA,NA,NA,NA,Y,4,0,1,2,A,-,01,23152,A,N,B,C,A,A,H,-,D,D,0,NA,NA,NA,NA,Y,Y,A,01,0,0,1,0,0,0,0,0,0,-,-,32.74546,-116.91716,SAN DIEGO,UNINCORPORATED,-116.91713836,32.74552297
90099877,2016,2016-01-21,9645,2016-01-12,1900,019496,NA,2,2,7,3711,0,1,1,NA,2,010,I-8 E/B,LAKE MURRAY BLVD.,1320,W,N,A,-,Y,NA,NA,8,NA,NA,NA,NA,NA,E,N,4,0,1,2,A,-,03,22350,NA,N,C,C,A,A,H,-,D,D,0,NA,NA,NA,NA,Y,NA,A,07,0,0,1,0,0,0,0,0,0,-,-,32.77756,-117.05693,SAN DIEGO,SAN DIEGO,-117.05692228,32.77760184
90099980,2016,2016-01-21,9680,2016-01-13,1840,015619,NA,3,2,9,3700,0,3,5,NA,2,001,LAUREL ST.,ASHWOOD ST,7,E,N,A,-,N,NA,NA,NA,NA,NA,NA,NA,NA,NA,Y,3,0,2,1,A,-,08,22107,NA,N,E,I,A,A,H,-,C,D,0,NA,NA,NA,NA,Y,NA,A,01,0,2,0,0,0,0,0,0,0,-,-,32.86193,-116.91737,SAN DIEGO,UNINCORPORATED,-116.91746761,32.86200325
9010038,2019,2020-01-07,3711,2019-11-24,1531,SD7691,NA,7,5,7,3711,0,0,0,NA,0,712,BEYER BL,W PARK AV,166,E,N,A,-,N,NA,NA,NA,NA,NA,NA,NA,NA,NA,N,3,0,1,2,A,-,11,21955,NA,N,G,B,D,A,H,-,A,D,0,Y,NA,NA,NA,Y,NA,N,60,0,1,0,0,1,0,0,0,0,-,-,NA,NA,SAN DIEGO,SAN DIEGO,-117.04400634765624,32.55830764770508
9010058,2019,2020-01-07,3711,2019-11-29,0833,SD6969,NA,5,5,7,3711,0,0,0,NA,0,232,CAMINO DEL NORTE,CARMEL MOUNTAIN RD,0,NA,Y,B,-,N,NA,NA,NA,NA,NA,NA,NA,NA,NA,Y,4,0,4,2,D,-,00,NA,NA,N,D,C,A,B,H,-,A,A,0,NA,NA,NA,NA,Y,NA,-,-,0,0,4,0,0,0,0,0,0,-,-,NA,NA,SAN DIEGO,SAN DIEGO,-117.07228088378906,32.99087142944336
90102099,2016,2016-01-25,9645,2016-01-10,2105,020541,NA,7,2,7,3711,0,1,1,NA,2,010,I-8 W/B TO I-5 N/B,I-5,68,E,N,A,-,Y,NA,NA,8,NA,NA,NA,R,NA,W,Y,3,0,1,1,A,-,03,22350,NA,N,E,I,A,A,H,-,D,D,0,NA,NA,NA,NA,Y,NA,A,01,0,1,0,0,0,0,0,0,0,-,-,32.76,-117.20302,SAN DIEGO,SAN DIEGO,-117.20302,32.76
9010239,2019,2020-01-02,3711,2019-11-27,0958,SD7908,NA,3,5,7,3711,0,0,0,NA,0,122,ROOSEVELT AV,KENDALL ST,0,NA,Y,B,-,N,NA,NA,NA,NA,NA,NA,NA,NA,NA,N,2,0,1,2,D,-,00,NA,NA,N,G,B,D,A,H,-,A,A,0,Y,NA,NA,NA,Y,NA,-,-,1,0,0,0,1,0,0,0,0,-,-,NA,NA,SAN DIEGO,SAN DIEGO,-117.2343978881836,32.79133987426758
90102711,2016,2016-01-26,9680,2016-01-02,1755,019870,NA,6,2,9,3700,0,3,5,NA,2,001,JAMACHA RD,GILLESPIE DR,16,E,N,A,-,N,NA,NA,NA,NA,NA,NA,NA,NA,NA,N,3,0,1,2,A,-,10,21950,A,F,G,B,D,A,H,-,C,D,0,Y,NA,NA,NA,Y,NA,D,22,0,1,0,0,1,0,0,0,0,-,-,32.71468,-117.00741,SAN DIEGO,UNINCORPORATED,-117.00739816,32.71481034
90103359,2016,2016-03-01,9645,2016-01-19,1430,019496,NA,2,2,7,3711,0,1,1,NA,2,021,SR-15 S/B,ORANGE AVE.,200,N,N,A,-,Y,NA,NA,15,NA,NA,NA,NA,NA,S,Y,4,0,2,3,A,-,03,22350,NA,N,C,C,A,A,H,-,A,D,0,NA,NA,NA,NA,Y,NA,A,01,0,0,2,0,0,0,0,0,0,-,-,32.75382,-117.10909,SAN DIEGO,SAN DIEGO,-117.10898214,32.75381958
90103922,2016,2016-01-27,9645,2016-01-08,1700,017025,NA,5,2,7,3711,0,1,1,NA,2,007,I-5 S/B FROM VIA DE LA VALLE,VIA DE LA VALLE U/C,400,S,N,A,-,Y,NA,NA,5,NA,NA,NA,R,NA,S,Y,4,0,1,2,A,-,08,22107,NA,N,C,E,A,A,H,-,C,D,0,NA,NA,NA,NA,Y,NA,A,01,0,0,1,0,0,0,0,0,0,-,-,32.97717,-117.25236,SAN DIEGO,SAN DIEGO,-117.25236,32.97717
90103952,2016,2016-01-27,9650,2016-01-21,0745,013452,NA,4,1,6,3706,0,1,1,NA,2,023,I-15 S/B,SR-78,4224,N,N,A,-,Y,NA,NA,15,NA,NA,NA,NA,NA,S,N,4,0,1,2,A,-,03,22350,NA,N,C,C,A,A,H,-,A,D,0,NA,NA,NA,NA,Y,NA,A,01,0,0,1,0,0,0,0,0,0,-,-,33.13675,-117.10505,SAN DIEGO,ESCONDIDO,-117.10518201,33.13675589
90103972,2016,2016-01-27,9680,2016-01-26,1245,015972,NA,2,1,5,3708,0,1,1,NA,2,081,I-8 W/B TO JACKSON DRIVE,JACKSON DRIVE,40,E,N,A,-,Y,NA,NA,8,NA,NA,NA,R,NA,W,Y,4,0,1,2,A,-,03,22350,NA,N,C,C,A,A,H,-,A,D,0,NA,NA,NA,NA,Y,NA,A,07,0,0,1,0,0,0,0,0,0,-,-,32.77521,-117.01129,SAN DIEGO,LA MESA,-117.01129,32.77521
90105094,2015,2016-01-28,9680,2015-12-01,0455,015070,NA,2,3,5,3781,0,1,3,NA,2,015,SR-52 W/B,SR-125,2112,W,N,A,-,Y,NA,NA,52,NA,NA,NA,NA,NA,W,Y,1,1,2,1,A,-,08,22107,NA,N,F,A,A,A,H,-,C,D,0,NA,NA,NA,NA,Y,NA,D,22,0,2,0,0,0,0,0,0,0,-,-,32.83637,-117.01053,SAN DIEGO,SANTEE,-117.01051809,32.83630033
90106945,2016,2016-02-01,9650,2016-01-31,1215,015503,NA,7,1,6,3706,0,1,1,NA,2,023,I-15 S/B,NORDAHL ROAD,3168,E,N,C,-,Y,NA,NA,NA,NA,NA,NA,NA,NA,NA,Y,3,0,1,1,A,-,03,22350,NA,N,E,I,A,B,H,-,A,D,0,NA,NA,NA,NA,Y,NA,A,01,0,1,0,0,0,0,0,0,0,-,-,33.12754,-117.10927,SAN DIEGO,ESCONDIDO,-117.1092689,33.12749463
9010708,2019,2020-01-14,3706,2019-12-06,0904,530,ESCON,5,5,6,3706,0,0,0,NA,0,044,WASHINGTON AV,ASTER ST E,152,W,N,A,-,N,NA,NA,NA,NA,NA,NA,NA,NA,NA,Y,4,0,1,3,A,-,08,22107,NA,N,C,E,A,A,H,-,A,D,0,NA,NA,NA,NA,Y,NA,A,01,0,0,1,0,0,0,0,0,0,-,-,33.13848876953125,-117.05882263183594,SAN DIEGO,ESCONDIDO,-117.0593719482422,33.13819885253906
9010752,2019,2020-02-15,3711,2019-12-02,1742,8377,NA,1,5,7,3711,0,0,0,NA,0,511,32ND ST,NORMAN SCOTT RD,24,N,N,A,-,N,NA,NA,NA,NA,NA,NA,NA,NA,NA,N,3,0,1,2,A,-,17,21461,A,N,D,C,A,A,H,-,C,A,0,NA,NA,Y,NA,Y,NA,D,22,0,1,0,0,0,0,0,0,1,-,-,NA,NA,SAN DIEGO,SAN DIEGO,-117.12541198730467,32.68767166137695
90107812,2016,2016-02-02,9680,2016-01-26,1545,019870,NA,2,2,9,3700,0,2,4,NA,1,025,SWEETWATER RD,JAMACHA BLVD,19,N,N,A,-,Y,NA,NA,NA,NA,NA,NA,NA,NA,NA,N,4,0,1,2,A,-,03,22350,NA,F,C,C,A,A,H,-,A,A,0,NA,NA,NA,NA,Y,NA,A,01,0,0,1,0,0,0,0,0,0,-,-,32.70532,-117.01043,SAN DIEGO,UNINCORPORATED,-117.01025892,32.70519594
90108621,2016,2016-02-03,9645,2016-01-25,1727,019352,NA,1,2,7,3711,0,1,1,NA,2,003,I-5 S/B,SR-15 OVERCROSSING,2640,N,N,A,-,Y,NA,NA,5,NA,NA,NA,NA,NA,S,Y,4,0,1,1,A,-,08,22107,NA,N,F,A,A,A,H,-,C,D,0,NA,NA,Y,NA,Y,NA,C,02,0,0,1,0,0,0,0,0,1,-,-,32.69441,-117.13227,SAN DIEGO,SAN DIEGO,-117.13226412,32.6944386
90109488,2016,2016-02-04,9645,2016-01-28,1510,016864,NA,4,2,7,3711,0,1,1,NA,2,005,I-5 S/B,GILMAN DRIVE,1584,S,N,A,-,Y,NA,NA,5,NA,NA,NA,NA,NA,S,N,4,0,1,2,A,-,03,22350,NA,N,C,C,A,A,H,-,A,D,0,NA,NA,NA,NA,Y,NA,A,01,0,0,1,0,0,0,0,0,0,-,-,32.84607,-117.23636,SAN DIEGO,SAN DIEGO,-117.23630668,32.84606186
90112287,2016,2016-02-09,9650,2016-01-31,1121,015273,NA,7,1,6,3706,0,1,1,NA,2,023,I-15 N/B,EL NORTE PARKWAY,100,S,N,B,C,Y,NA,NA,15,NA,NA,NA,NA,NA,N,Y,3,0,1,2,A,-,03,22350,NA,N,C,C,A,B,H,-,A,D,0,NA,NA,NA,NA,Y,NA,A,01,0,1,0,0,0,0,0,0,0,-,-,33.14634,-117.10435,SAN DIEGO,ESCONDIDO,-117.10435685,33.14634033
90112541,2016,2016-02-10,9645,2016-01-23,0736,017990,NA,6,1,6,3702,0,1,1,NA,2,001,I-5 S/B,MAIN ST. O/C,450,N,N,A,-,Y,NA,NA,5,NA,NA,NA,NA,NA,S,Y,4,0,2,2,A,-,01,23152,A,F,C,C,A,A,H,-,A,D,0,NA,NA,NA,NA,Y,Y,A,01,0,0,2,0,0,0,0,0,0,-,-,32.5988,-117.0894,SAN DIEGO,CHULA VISTA,-117.089446,32.5987945
90113362,2016,2016-02-11,9680,2016-02-02,1205,017996,NA,2,1,9,3700,0,1,1,NA,2,081,I-8 EASTBOUND,EL CAJON BOULEVARD,1056,W,N,A,-,Y,NA,NA,8,NA,NA,NA,NA,NA,E,Y,4,0,1,2,A,-,08,22107,NA,N,C,C,A,A,H,-,A,D,0,NA,NA,NA,NA,Y,NA,A,01,0,0,1,0,0,0,0,0,0,-,-,32.78032,-116.98265,SAN DIEGO,UNINCORPORATED,-116.98262702,32.7802953
9011559,2019,2019-12-27,3711,2019-11-18,1525,SD7174,NA,1,5,7,3711,0,0,0,NA,0,611,CAMINO DEL RIO W,HANCOCK ST,0,NA,Y,B,-,N,NA,NA,NA,NA,NA,NA,NA,NA,NA,N,4,0,2,3,A,-,03,22350,NA,N,C,C,A,A,H,-,A,A,0,NA,NA,NA,NA,Y,NA,A,01,0,0,2,0,0,0,0,0,0,-,-,NA,NA,SAN DIEGO,SAN DIEGO,-117.205078125,32.754249572753906
90116419,2016,2016-02-16,9645,2016-02-10,1315,014909,NA,3,1,7,3711,0,1,1,NA,2,003,I-5 N/B TO PERSHING DRIVE,MARKET STREET O/C,150,N,N,A,-,Y,NA,NA,5,NA,NA,NA,R,NA,N,Y,4,0,1,2,A,-,07,21658,A,N,B,C,A,A,H,-,A,D,0,NA,NA,NA,NA,Y,NA,A,01,0,0,1,0,0,0,0,0,0,-,-,32.7114,-117.14748,SAN DIEGO,SAN DIEGO,-117.14748,32.7114
90118459,2016,2016-02-18,9680,2016-02-06,1832,019910,NA,6,2,9,3700,0,2,4,NA,1,014,WINTER GARDENS BLVD,SAPOTA DR,1584,N,N,A,-,N,NA,NA,NA,NA,NA,NA,NA,NA,NA,Y,4,0,2,1,C,-,18,NA,NA,N,E,J,A,A,D,-,C,D,0,NA,NA,NA,NA,Y,NA,-,-,0,0,2,0,0,0,0,0,0,-,-,32.83468,-116.93275,SAN DIEGO,UNINCORPORATED,-116.93285435,32.83537252
90119873,2016,2016-02-22,9645,2016-01-12,1938,017025,NA,2,2,7,3711,0,1,1,NA,2,015,I-805 S/B,CARROL CANYON RD U/C,50,N,N,A,-,Y,NA,NA,805,NA,NA,NA,NA,NA,S,Y,4,0,1,3,D,-,00,NA,NA,F,B,C,A,A,H,-,C,D,0,NA,NA,NA,NA,Y,NA,-,-,0,0,1,0,0,0,0,0,0,-,-,32.88832,-117.20428,SAN DIEGO,SAN DIEGO,-117.20420006,32.88837227
90120125,2016,2016-02-22,9680,2016-02-11,0745,013283,NA,4,1,5,3708,0,1,1,NA,2,081,I-8 W/B,GROSSMONT BLVD,50,E,N,A,-,Y,NA,NA,8,NA,NA,NA,NA,NA,W,Y,4,0,1,3,A,-,03,22350,NA,N,C,C,A,A,H,-,A,D,0,NA,NA,NA,NA,Y,NA,A,08,0,0,1,0,0,0,0,0,0,-,-,32.77932,-116.99,SAN DIEGO,LA MESA,-116.99000391,32.77919739
90123197,2016,2016-02-24,9680,2016-02-13,1520,019870,NA,6,2,9,3700,0,3,5,NA,2,002,PARADISE VALLEY RD,WORTHINGTON ST,528,E,N,A,-,N,NA,NA,NA,NA,NA,NA,NA,NA,NA,N,4,0,1,2,A,-,11,21954,A,N,G,B,D,A,H,-,A,D,0,Y,NA,NA,NA,Y,NA,N,60,0,0,1,0,1,0,0,0,0,-,-,32.69821,-117.01711,SAN DIEGO,UNINCORPORATED,-117.01720456,32.69823495
90125456,2016,2016-02-29,9645,2016-02-09,1616,019352,NA,2,2,7,3711,0,1,1,NA,2,011,I-805 S/B,ADAMS AVE.,1320,N,N,A,-,Y,NA,NA,805,NA,NA,NA,NA,NA,S,Y,4,0,1,2,A,-,03,22350,NA,N,C,C,A,B,H,-,A,D,0,NA,NA,Y,NA,Y,NA,C,02,0,0,1,0,0,0,0,0,1,-,-,32.76419,-117.12776,SAN DIEGO,SAN DIEGO,-117.12786687,32.76415032
9012569,2019,2020-01-03,3701,2019-11-29,1437,CB5545,044,5,5,5,3701,0,0,0,NA,0,005,CANNON RD,HEMINGWAY DR,0,NA,Y,B,C,N,NA,NA,NA,NA,NA,NA,NA,NA,NA,N,3,0,5,3,A,-,09,21453,C,N,D,C,A,B,H,-,A,A,0,NA,NA,NA,NA,Y,NA,A,01,0,2,3,0,0,0,0,0,0,-,-,33.14889907836914,-117.30576324462892,SAN DIEGO,CARLSBAD,-117.30583953857422,33.14400100708008
90126536,2016,2016-03-01,9645,2016-02-12,1738,018697,NA,5,2,7,3711,0,1,1,NA,2,005,INTERSTATE 5 (SOUTHBOUND),MISSION BAY DRIVE O/C,4540,N,N,A,-,Y,NA,NA,5,NA,NA,NA,NA,NA,NA,Y,4,0,2,3,A,-,03,22350,NA,N,F,A,A,A,H,-,A,D,0,NA,NA,Y,NA,Y,NA,C,02,0,0,2,0,0,0,0,0,1,-,-,32.82245,-117.22986,SAN DIEGO,SAN DIEGO,-117.22983562,32.82247511
90126562,2016,2016-03-01,9645,2016-02-12,0810,016474,NA,5,1,7,3711,0,1,1,NA,2,030,I-15 (HOV) SOUTHBOUND,GREEN VALLEY CREEK,528,S,N,A,-,Y,NA,NA,15,NA,NA,NA,NA,NA,S,Y,4,0,3,3,A,-,01,23152,E,N,C,C,A,A,H,-,A,D,0,NA,NA,NA,NA,Y,NA,A,01,0,0,3,0,0,0,0,0,0,-,-,33.03508,-117.07722,SAN DIEGO,SAN DIEGO,-117.07729294,33.03511109
90128624,2016,2016-03-03,9680,2016-02-19,0530,015081,NA,5,3,9,3700,0,2,4,NA,2,072,MONTEZUMA VALLEY ROAD,PALM CANYON DRIVE,33264,W,N,A,-,N,NA,NA,NA,NA,NA,NA,NA,NA,NA,Y,2,0,1,1,A,-,03,22350,NA,N,F,A,A,A,H,-,D,A,0,NA,NA,Y,NA,Y,NA,C,02,1,0,0,0,0,0,0,0,1,-,-,33.12398,-116.26343,SAN DIEGO,UNINCORPORATED,-116.440004,33.211495
90129698,2015,2016-03-04,9645,2015-10-28,0145,017671,NA,3,3,7,3711,0,1,1,NA,2,021,STATE ROUTE 15 SOUTHBOUND,STATE ROUTE 94,3455,N,N,A,-,Y,NA,NA,15,NA,NA,NA,NA,NA,S,N,1,1,0,2,A,-,11,21954,A,F,G,B,D,A,H,-,D,D,0,Y,NA,NA,NA,Y,NA,N,60,0,0,0,1,0,0,0,0,0,-,-,32.72575,-117.11396,SAN DIEGO,SAN DIEGO,-117.11388416,32.72569793
90132424,2016,2016-03-09,9680,2016-02-28,0940,015708,NA,7,1,9,3700,0,3,5,NA,2,003,WEST WILLOWS ROAD,I-8 E/B TO WEST WILLOWS RD,27,N,N,A,-,Y,NA,NA,NA,NA,NA,NA,NA,NA,NA,Y,3,0,2,2,A,-,12,22450,A,N,A,C,A,A,H,-,A,A,0,NA,NA,NA,NA,Y,NA,A,01,0,2,0,0,0,0,0,0,0,-,-,32.83337,-116.73128,SAN DIEGO,UNINCORPORATED,NA,NA
90134233,2016,2016-03-11,9650,2016-03-04,1813,016121,NA,5,2,6,3710,0,1,3,NA,2,015,SR-78 W/B,EL CAMINO REAL,1056,E,N,A,-,Y,NA,NA,78,NA,NA,NA,NA,NA,W,Y,3,0,1,2,A,-,07,21658,A,N,B,C,A,A,H,-,C,D,0,NA,NA,NA,Y,Y,NA,A,01,0,1,0,0,0,0,0,0,0,-,-,33.18201,-117.32098,SAN DIEGO,OCEANSIDE,-117.32098544,33.1819922
90135005,2016,2016-03-14,9650,2016-03-06,0735,015788,NA,7,1,9,3700,0,1,1,NA,2,001,I-5 N/B,BASILONE RD,13200,S,N,C,-,Y,NA,NA,5,NA,NA,NA,NA,NA,N,Y,4,0,2,2,A,-,03,22350,NA,N,C,C,A,B,H,-,A,D,0,NA,NA,NA,NA,Y,NA,A,01,0,0,2,0,0,0,0,0,0,-,-,33.36781,-117.54777,SAN DIEGO,UNINCORPORATED,-117.54774195,33.36785743
90135284,2016,2016-03-14,9650,2016-03-06,1905,019227,NA,7,2,9,3700,0,1,3,NA,1,028,SR-76,RICE CANYON RD.,1584,W,N,A,-,Y,NA,NA,76,NA,NA,NA,NA,NA,NA,Y,2,0,2,2,A,-,01,23152,A,N,B,C,A,A,H,-,C,D,0,NA,NA,NA,NA,Y,Y,A,07,1,0,1,0,0,0,0,0,0,-,-,33.34081,-117.13663,SAN DIEGO,UNINCORPORATED,-117.13656895,33.34090555
90135501,2016,2016-03-14,9645,2016-02-13,0140,020737,NA,6,3,6,3702,0,1,1,NA,2,009,I-805 N/B,J ST.,600,N,N,A,-,Y,NA,NA,805,NA,NA,NA,NA,NA,N,Y,4,0,1,1,A,-,01,23152,A,N,E,I,A,A,H,-,D,D,0,NA,NA,NA,NA,Y,Y,A,07,0,0,1,0,0,0,0,0,0,-,-,32.63584,-117.04794,SAN DIEGO,CHULA VISTA,-117.04799967,32.63576125
90136691,2016,2016-03-15,9645,2016-03-03,1635,017499,NA,4,2,7,3711,0,1,1,NA,2,003,I-5 SOUTHBOUND,1ST AVE. O/C,1500,N,N,A,-,Y,NA,NA,5,NA,NA,NA,NA,NA,S,Y,4,0,2,2,A,-,03,22350,NA,N,C,C,A,A,H,-,A,D,0,NA,NA,NA,NA,Y,NA,A,07,0,0,2,0,0,0,0,0,0,-,-,32.7255,-117.16642,SAN DIEGO,SAN DIEGO,-117.16635319,32.7255632
90137401,2016,2016-03-16,9650,2016-03-05,2020,015295,NA,6,2,9,3700,0,1,3,NA,1,028,STATE ROUTE 76,I-15 NORTHBOUND OFFRAMP TO SR-76,0,NA,Y,B,-,Y,NA,NA,76,NA,NA,NA,NA,NA,NA,Y,4,0,3,2,A,-,08,22101,D,N,D,C,A,A,H,-,A,A,0,NA,NA,NA,NA,Y,NA,A,07,0,0,3,0,0,0,0,0,0,-,-,33.33234,-117.15791,SAN DIEGO,UNINCORPORATED,-117.15797928,33.33241434
90137848,2016,2016-03-16,9680,2016-03-07,1205,016102,NA,1,1,9,3700,0,1,1,NA,2,086,INTERSTATE 8 EASTBOUND (I-8 E/B),OLD HIGHWAY 80 (IN-KO-PAH),1056,W,N,B,F,Y,NA,NA,8,NA,NA,NA,NA,NA,E,Y,3,0,1,1,A,-,03,22350,NA,N,F,A,A,C,H,-,A,D,0,NA,NA,NA,NA,Y,NA,D,23,0,1,0,0,0,0,0,0,0,-,-,32.64068,-116.10879,SAN DIEGO,UNINCORPORATED,-116.10828043,32.6403851
90138818,2016,2016-03-17,9645,2016-03-06,1918,019496,NA,7,2,7,3711,0,1,1,NA,2,010,I-8 W/B,MISSION CITY PARKWAY,350,W,N,A,-,Y,NA,NA,8,NA,NA,NA,NA,NA,W,Y,4,0,1,3,A,-,03,22350,NA,N,C,C,A,A,H,-,D,D,0,NA,NA,NA,NA,Y,NA,A,07,0,0,1,0,0,0,0,0,0,-,-,32.77464,-117.12561,SAN DIEGO,SAN DIEGO,-117.1255623,32.77455466
90139577,2016,2016-03-18,9650,2016-02-20,1807,016121,NA,6,2,6,3710,0,1,1,NA,2,005,I-5 S/B,CASSIDY ST,1300,N,N,A,-,Y,NA,NA,5,NA,NA,NA,NA,NA,S,Y,4,0,2,3,A,-,08,22107,NA,F,C,C,A,A,H,-,C,D,0,NA,NA,NA,NA,Y,NA,A,01,0,0,2,0,0,0,0,0,0,-,-,33.18225,-117.35584,SAN DIEGO,OCEANSIDE,-117.35580602,33.18227808
90141405,2016,2016-03-22,9645,2016-02-23,0750,015494,NA,2,1,7,3711,0,1,1,NA,2,021,I-15 N/B,I-8,1500,S,N,A,-,Y,NA,NA,15,NA,NA,NA,NA,NA,N,Y,4,0,1,2,A,-,03,22350,NA,N,C,C,A,A,H,-,A,D,0,NA,NA,NA,NA,Y,NA,A,01,0,0,1,0,0,0,0,0,0,-,-,32.77351,-117.11214,SAN DIEGO,SAN DIEGO,-117.11216367,32.77352076
90144931,2016,2016-03-28,9645,2016-03-09,1050,014804,NA,3,1,7,3711,0,1,1,NA,2,005,I-5 (S/B),SEA WORLD DRIVE,2640,N,N,A,-,Y,NA,NA,5,NA,NA,NA,NA,NA,NA,Y,4,0,2,3,A,-,04,21703,NA,N,C,C,A,A,D,E,A,A,0,NA,NA,NA,NA,Y,NA,A,01,0,0,2,0,0,0,0,0,0,-,-,32.78284,-117.20818,SAN DIEGO,SAN DIEGO,-117.20802559,32.78281243
9014575,2019,2020-02-06,3711,2019-12-03,0421,SD5342,NA,2,5,7,3711,0,0,0,NA,0,242,BLACK MOUNTAIN RD,WESTVIEW PKWY,0,E,N,B,-,N,NA,NA,NA,NA,NA,NA,NA,NA,NA,Y,4,0,1,1,A,-,08,22107,NA,N,E,I,A,A,H,-,C,D,0,NA,NA,NA,NA,Y,NA,A,01,0,0,1,0,0,0,0,0,0,-,-,NA,NA,SAN DIEGO,SAN DIEGO,-117.12590026855467,32.9332389831543