CASE_ID,ACCIDENT_YEAR,PROC_DATE,JURIS,COLLISION_DATE,COLLISION_TIME,OFFICER_ID,REPORTING_DISTRICT,DAY_OF_WEEK,CHP_SHIFT,POPULATION,CNTY_CITY_LOC,SPECIAL_COND,BEAT_TYPE,CHP_BEAT_TYPE,CITY_DIVISION_LAPD,CHP_BEAT_CLASS,BEAT_NUMBER,PRIMARY_RD,SECONDARY_RD,DISTANCE,DIRECTION,INTERSECTION,WEATHER_1,WEATHER_2,STATE_HWY_IND,CALTRANS_COUNTY,CALTRANS_DISTRICT,STATE_ROUTE,ROUTE_SUFFIX,POSTMILE_PREFIX,POSTMILE,LOCATION_TYPE,RAMP_INTERSECTION,SIDE_OF_HWY,TOW_AWAY,COLLISION_SEVERITY,NUMBER_KILLED,NUMBER_INJURED,PARTY_COUNT,PRIMARY_COLL_FACTOR,PCF_CODE_OF_VIOL,PCF_VIOL_CATEGORY,PCF_VIOLATION,PCF_VIOL_SUBSECTION,HIT_AND_RUN,TYPE_OF_COLLISION,MVIW,PED_ACTION,ROAD_SURFACE,ROAD_COND_1,ROAD_COND_2,LIGHTING,CONTROL_DEVICE,CHP_ROAD_TYPE,PEDESTRIAN_ACCIDENT,BICYCLE_ACCIDENT,MOTORCYCLE_ACCIDENT,TRUCK_ACCIDENT,NOT_PRIVATE_PROPERTY,ALCOHOL_INVOLVED,STWD_VEHTYPE_AT_FAULT,CHP_VEHTYPE_AT_FAULT,COUNT_SEVERE_INJ,COUNT_VISIBLE_INJ,COUNT_COMPLAINT_PAIN,COUNT_PED_KILLED,COUNT_PED_INJURED,COUNT_BICYCLIST_KILLED,COUNT_BICYCLIST_INJURED,COUNT_MC_KILLED,COUNT_MC_INJURED,PRIMARY_RAMP,SECONDARY_RAMP,LATITUDE,LONGITUDE,COUNTY,CITY,POINT_X,POINT_Y
90146040,2016,2016-03-28,9650,2016-02-29,1640,018321,NA,1,2,9,3700,0,1,3,NA,2,065,STATE ROUTE 76 E/B (SR-76),VIA MONTELLANO,128,W,N,A,-,Y,NA,NA,NA,NA,NA,NA,NA,NA,NA,Y,4,0,1,2,A,-,03,22350,NA,F,C,C,A,A,H,-,A,D,0,NA,NA,NA,NA,Y,NA,A,07,0,0,1,0,0,0,0,0,0,-,-,33.27519,-117.23414,SAN DIEGO,UNINCORPORATED,NA,NA
90146048,2016,2016-03-28,9680,2016-03-18,1015,017460,NA,5,1,9,3700,0,1,3,NA,1,040,SR-94,VOLMER LN,4224,E,N,A,-,Y,NA,NA,94,NA,NA,NA,NA,NA,NA,Y,3,0,1,1,A,-,08,22107,NA,N,E,I,A,A,H,-,A,A,0,NA,NA,NA,NA,Y,NA,A,01,0,1,0,0,0,0,0,0,0,-,-,32.59558,-116.53545,SAN DIEGO,UNINCORPORATED,-116.53545195,32.59561135
90146859,2016,2016-03-29,9680,2016-03-22,1930,016822,NA,2,2,9,3700,0,1,3,NA,1,090,SR-67,DYE ROAD,528,S,N,A,-,Y,NA,NA,67,NA,NA,NA,NA,NA,NA,Y,4,0,2,2,A,-,03,22350,NA,N,C,C,A,A,H,-,B,A,0,NA,NA,NA,NA,Y,NA,A,01,0,0,2,0,0,0,0,0,0,-,-,33.01229,-116.90956,SAN DIEGO,UNINCORPORATED,-116.90960652,33.01234917
90147111,2016,2016-03-29,9645,2016-03-18,1335,018344,NA,5,1,7,3711,0,1,3,NA,2,023,SR-163 N/B TO FRIARS RD. E/B,FRIARS RD.,20,S,N,A,-,Y,NA,NA,163,NA,NA,NA,R,NA,N,Y,3,0,1,1,A,-,08,22107,NA,N,E,I,A,A,H,-,A,D,0,NA,NA,Y,NA,Y,NA,C,02,0,1,0,0,0,0,0,0,1,-,-,32.77179,-117.1597,SAN DIEGO,SAN DIEGO,-117.1597,32.77179
9014885,2019,2020-02-08,3711,2019-12-04,1830,SD7925,NA,3,5,7,3711,0,0,0,NA,0,243,MIRAMAR RD,CAMINO RUIZ,0,E,N,C,-,N,NA,NA,NA,NA,NA,NA,NA,NA,NA,N,4,0,1,3,A,-,03,22350,NA,M,C,C,A,B,H,-,C,A,0,NA,NA,NA,NA,Y,NA,-,99,0,0,1,0,0,0,0,0,0,-,-,NA,NA,SAN DIEGO,SAN DIEGO,-117.13372802734376,32.89373016357422
90148985,2016,2016-04-01,9680,2016-03-21,2105,016694,NA,1,2,5,3708,0,1,1,NA,2,081,I-8 E/B,LA MESA BOULEVARD,1056,W,N,A,-,Y,NA,NA,8,NA,NA,NA,NA,NA,E,Y,3,0,2,2,A,-,03,22350,NA,N,C,C,A,A,H,-,D,D,0,NA,NA,NA,NA,Y,NA,A,01,0,2,0,0,0,0,0,0,0,-,-,32.7753,-117.0093,SAN DIEGO,LA MESA,-117.00935827,32.77546474
90149106,2016,2016-04-01,9650,2016-03-16,0421,016103,NA,3,3,6,3710,0,1,1,NA,2,005,I-5 S/B,OCEANSIDE BLVD,1056,S,N,A,-,Y,NA,NA,5,NA,NA,NA,NA,NA,S,Y,4,0,1,1,A,-,08,22107,NA,N,E,I,A,A,H,-,D,D,0,NA,NA,NA,NA,Y,NA,A,01,0,0,1,0,0,0,0,0,0,-,-,33.18849,-117.36091,SAN DIEGO,OCEANSIDE,-117.36094227,33.18846367
90149390,2016,2016-04-04,9645,2016-03-22,1705,017953,NA,2,2,7,3711,0,1,3,NA,2,014,SR-52 E/B,CONVOY ST. O/C,3696,W,N,A,-,Y,NA,NA,52,NA,NA,NA,NA,NA,E,Y,3,0,1,2,A,-,03,22350,NA,N,C,C,A,A,H,-,A,D,0,NA,NA,NA,NA,Y,NA,A,01,0,1,0,0,0,0,0,0,0,-,-,32.84024,-117.16313,SAN DIEGO,SAN DIEGO,-117.16296864,32.84045146
90151728,2016,2016-04-06,9680,2016-03-24,0752,015578,NA,4,1,4,3720,0,1,3,NA,2,027,SR-94 EASTBOUND,GROVE ST.,528,E,N,A,-,Y,NA,NA,94,NA,NA,NA,NA,NA,E,Y,4,0,1,1,A,-,03,22350,NA,N,F,A,A,A,H,-,A,D,0,NA,NA,Y,NA,Y,NA,C,02,0,0,1,0,0,0,0,0,1,-,-,32.7468,-117.0247,SAN DIEGO,LEMON GROVE,-117.02469983,32.74680748
90152051,2016,2016-04-06,9650,2016-03-19,2150,017028,NA,6,2,6,3706,0,1,1,NA,2,023,I-15 NB,DEL LAGO BLVD,250,N,N,A,-,Y,NA,NA,15,NA,NA,NA,NA,NA,N,Y,4,0,2,2,A,-,03,22350,NA,N,C,C,A,A,H,-,C,D,0,NA,NA,NA,NA,Y,NA,A,01,0,0,2,0,0,0,0,0,0,-,-,33.0739,-117.06998,SAN DIEGO,ESCONDIDO,-117.07003772,33.07389055
90153894,2016,2016-04-08,9650,2016-03-30,1940,019126,NA,3,2,9,3700,0,1,3,NA,1,028,SR-76,RINCON RANCH RD,1584,W,N,B,-,Y,NA,NA,NA,NA,NA,NA,NA,NA,NA,Y,2,0,1,1,A,-,03,22350,NA,N,E,I,A,B,H,-,C,A,0,NA,NA,Y,NA,Y,NA,C,02,1,0,0,0,0,0,0,0,1,-,-,33.1743,-116.5645,SAN DIEGO,UNINCORPORATED,-116.94564493,33.29542836
90154511,2016,2016-04-11,9680,2016-03-29,1110,015708,NA,2,1,9,3700,0,1,1,NA,2,084,I-8 E/B,SWEETWATER RIVER BRIDGE,500,E,N,A,-,Y,NA,NA,8,NA,NA,NA,NA,NA,E,Y,4,0,1,2,A,-,03,22350,NA,N,C,C,A,A,H,-,A,D,0,NA,NA,NA,NA,Y,NA,A,01,0,0,1,0,0,0,0,0,0,-,-,32.83608,-116.64067,SAN DIEGO,UNINCORPORATED,-116.6406912,32.83598615
90158412,2016,2016-04-15,9645,2016-03-23,1618,017401,NA,3,2,7,3711,0,1,1,NA,2,003,I-5 SOUTHBOUND,G ST. O/C,500,S,N,A,-,Y,NA,NA,5,NA,NA,NA,NA,NA,S,Y,4,0,1,3,A,-,03,22350,NA,N,C,C,A,A,H,-,A,D,0,NA,NA,NA,NA,Y,NA,A,01,0,0,1,0,0,0,0,0,0,-,-,32.71217,-117.14768,SAN DIEGO,SAN DIEGO,-117.14775539,32.71216957
90158649,2016,2016-04-15,9680,2016-03-24,0642,015578,NA,4,1,4,3720,0,1,3,NA,2,028,SR-125 NORTHBOUND,BROADWAY,528,S,N,A,-,Y,NA,NA,125,NA,NA,NA,NA,NA,N,Y,3,0,1,2,A,-,07,21658,A,N,C,C,A,A,H,-,A,D,0,NA,NA,Y,NA,Y,NA,D,22,0,1,0,0,0,0,0,0,1,-,-,32.74412,-117.01733,SAN DIEGO,LEMON GROVE,-117.01753463,32.74401113
90158656,2015,2016-04-18,9650,2015-11-24,0925,015758,NA,2,1,9,3700,0,3,5,NA,1,212,COLE GRADE RD,HILLDALE RD,334,N,N,A,-,N,NA,NA,NA,NA,NA,NA,NA,NA,NA,Y,1,1,0,2,A,-,11,21956,NA,N,G,B,E,A,C,D,A,A,0,Y,NA,NA,NA,Y,NA,N,60,0,0,0,1,0,0,0,0,0,-,-,33.24758,-117.22835,SAN DIEGO,UNINCORPORATED,-117.02348883,33.27184473
90158790,2016,2016-04-15,9645,2016-03-07,2040,018950,NA,1,2,7,3711,0,1,1,NA,2,010,I-5 NB TO I-8 WB,I-5,374,W,N,C,-,Y,NA,NA,5,NA,NA,NA,R,NA,N,Y,3,0,1,1,A,-,08,22107,NA,N,D,I,A,B,H,-,D,D,0,NA,NA,NA,NA,Y,NA,A,01,0,1,0,0,0,0,0,0,0,-,-,32.7595,-117.20539,SAN DIEGO,SAN DIEGO,-117.20539,32.7595
90159062,2016,2016-04-18,9650,2016-03-25,1800,015080,NA,5,2,6,3706,0,1,3,NA,2,019,SR-78 E/B,BROADWAY,0,NA,Y,A,-,Y,NA,NA,NA,NA,NA,NA,NA,NA,NA,N,4,0,1,2,A,-,03,22350,NA,F,C,C,A,A,H,-,A,D,0,NA,NA,NA,NA,Y,NA,A,01,0,0,1,0,0,0,0,0,0,-,-,NA,NA,SAN DIEGO,ESCONDIDO,-117.08643007,33.13290008
90159665,2016,2016-04-18,9650,2016-04-16,1100,015273,NA,6,1,5,3701,0,1,1,NA,2,005,I-5 N/B,TAMARACK AVE,200,S,N,A,-,Y,NA,NA,5,NA,NA,NA,NA,NA,N,Y,2,0,1,2,A,-,07,21658,A,F,C,C,A,A,H,-,A,D,0,NA,NA,Y,NA,Y,NA,-,99,1,0,0,0,0,0,0,0,1,-,-,33.14982,-117.33495,SAN DIEGO,CARLSBAD,-117.3349311,33.14983089
90160211,2016,2016-04-19,9645,2016-04-05,0145,018652,NA,2,3,5,3709,0,1,3,NA,2,008,SR-54 W/B,HIGHLAND AVE. O/C,2640,E,N,B,-,Y,NA,NA,NA,NA,NA,NA,NA,NA,NA,Y,4,0,1,1,A,-,01,23152,A,N,F,A,A,A,H,-,D,D,0,NA,NA,NA,NA,Y,Y,A,01,0,0,1,0,0,0,0,0,0,-,-,32.65739,-117.07208,SAN DIEGO,NATIONAL CITY,-117.08256441,32.6592854
90160526,2016,2016-04-19,9680,2016-04-09,2130,016822,NA,6,2,9,3700,0,2,4,NA,1,095,WILDCAT CANYON ROAD,SAN VICENTE ROAD,6864,S,N,C,-,N,NA,NA,NA,NA,NA,NA,NA,NA,NA,Y,4,0,1,2,A,-,03,22350,NA,N,A,C,A,B,H,-,D,D,0,NA,NA,NA,NA,Y,NA,A,07,0,0,1,0,0,0,0,0,0,-,-,32.98788,-116.82812,SAN DIEGO,UNINCORPORATED,-116.82905795,32.98881293
90161278,2016,2016-04-20,9650,2016-04-16,2045,019227,NA,6,2,9,3700,0,3,5,NA,2,211,LAKE WOHLFORD RD.,GUEJITO RD,5280,W,N,A,-,N,NA,NA,NA,NA,NA,NA,NA,NA,NA,Y,2,0,3,1,A,-,03,22350,NA,N,E,I,A,A,H,-,C,D,0,NA,NA,NA,NA,Y,NA,A,01,1,0,2,0,0,0,0,0,0,-,-,33.17781,-116.99071000000001,SAN DIEGO,UNINCORPORATED,-116.98819522,33.17766062
90161686,2016,2016-05-16,9645,2016-04-07,2120,018428,NA,4,2,7,3711,0,1,1,NA,2,011,I-805 N/B TO I-8 E/B,I-805 O/C,300,E,N,B,-,Y,NA,NA,805,NA,NA,NA,R,NA,N,Y,4,0,3,3,A,-,03,22350,NA,N,E,I,A,B,H,-,D,D,0,NA,NA,NA,NA,Y,NA,A,01,0,0,3,0,0,0,0,0,0,-,-,32.77178,-117.12937,SAN DIEGO,SAN DIEGO,-117.12937,32.77178
90161782,2016,2016-04-20,9645,2016-04-10,0218,015001,NA,7,3,7,3711,0,1,1,NA,2,010,I-8 W/B,I-805,528,W,N,B,C,Y,NA,NA,8,NA,NA,NA,NA,NA,W,Y,4,0,1,1,A,-,08,22107,NA,N,F,A,A,B,H,-,C,D,0,NA,NA,NA,NA,Y,NA,A,07,0,0,1,0,0,0,0,0,0,-,-,32.77133,-117.13497,SAN DIEGO,SAN DIEGO,-117.1349377,32.77118776
90161816,2016,2016-04-20,9645,2016-03-13,0840,017723,NA,7,1,7,3711,0,1,1,NA,2,001,I-5 S/B,CAMINO DE LA PLAZA,50,S,N,A,-,Y,NA,NA,NA,NA,NA,NA,NA,NA,NA,Y,4,0,1,1,A,-,08,22107,NA,N,E,I,A,A,H,-,A,D,0,NA,NA,NA,NA,Y,NA,A,01,0,0,1,0,0,0,0,0,0,-,-,32.5464,-117.0326,SAN DIEGO,SAN DIEGO,-117.03246405,32.54428413
90162951,2016,2016-04-21,9645,2016-04-15,1655,017678,NA,5,2,7,3711,0,1,3,NA,2,008,SR-54 W/B TO I-805,I-805,80,W,N,A,-,Y,NA,NA,NA,NA,NA,NA,NA,NA,NA,Y,4,0,1,1,A,-,08,22107,NA,N,E,I,A,A,H,-,A,D,0,NA,NA,NA,NA,Y,NA,A,01,0,0,1,0,0,0,0,0,0,-,-,32.65402,-117.07093,SAN DIEGO,SAN DIEGO,NA,NA
90163306,2016,2016-04-22,9645,2016-03-16,1612,018678,NA,3,2,9,3700,0,1,1,NA,2,009,I-805 (N/B),BONITA ROAD,2400,N,N,A,-,Y,NA,NA,NA,NA,NA,NA,NA,NA,NA,Y,3,0,2,2,A,-,08,22107,NA,N,B,C,A,A,H,-,A,D,0,NA,NA,NA,Y,Y,NA,A,01,0,1,1,0,0,0,0,0,0,-,-,32.65237,-117.06905,SAN DIEGO,UNINCORPORATED,-117.06823556,32.65153023
90163660,2016,2016-04-22,9650,2016-04-16,1807,017743,NA,6,2,9,3700,0,1,1,NA,2,003,I-5 S/B,ALISO CREEK REST AREA,100,N,N,A,-,Y,NA,NA,5,NA,NA,NA,NA,NA,S,N,4,0,2,2,A,-,03,22350,NA,N,C,C,A,A,H,-,A,D,0,NA,NA,NA,NA,Y,NA,D,22,0,0,2,0,0,0,0,0,0,-,-,33.27428,-117.44394,SAN DIEGO,UNINCORPORATED,-117.4440119,33.27423075
90164648,2016,2016-04-25,9645,2016-04-16,1340,020165,NA,6,1,7,3711,0,1,1,NA,2,010,I-8 W/B,MORENA BLVD.,850,E,N,A,-,Y,NA,NA,8,NA,NA,NA,NA,NA,W,Y,4,0,2,4,A,-,03,22350,NA,N,C,C,A,A,H,-,A,D,0,NA,NA,NA,NA,Y,NA,A,01,0,0,2,0,0,0,0,0,0,-,-,32.76049,-117.19202,SAN DIEGO,SAN DIEGO,-117.19202769,32.76044289
90164820,2016,2016-04-25,9650,2016-04-17,2257,018296,NA,7,3,9,3700,0,3,5,NA,2,171,PLUMOSA AVE,HIBISCUS AVE,555,N,N,A,-,N,NA,NA,NA,NA,NA,NA,NA,NA,NA,Y,3,0,1,1,A,-,08,22107,NA,N,F,A,A,A,H,-,D,D,0,NA,NA,Y,NA,Y,NA,C,02,0,1,0,0,0,0,0,0,1,-,-,33.15907,-117.21675,SAN DIEGO,UNINCORPORATED,-117.21668735,33.15875273
90166702,2016,2016-04-27,9645,2016-04-19,1715,017953,NA,2,2,7,3711,0,1,1,NA,2,010,I-8 E/B,QUALCOMM WAY O/C,350,W,N,A,-,Y,NA,NA,8,NA,NA,NA,NA,NA,E,Y,3,0,1,2,A,-,07,21658,A,N,F,A,A,A,H,-,A,D,0,NA,NA,Y,NA,Y,NA,A,01,0,1,0,0,0,0,0,0,1,-,-,32.76924,-117.14188,SAN DIEGO,SAN DIEGO,-117.14182568,32.76909773
90166833,2016,2016-04-27,9645,2016-04-20,1840,017270,NA,3,2,7,3711,0,1,1,NA,2,019,I-15 N/B,CARMEL MOUNTAIN ROAD,225,N,N,A,-,Y,NA,NA,15,NA,NA,NA,NA,NA,N,Y,4,0,1,2,A,-,03,22350,NA,N,C,C,A,A,H,-,A,A,0,NA,NA,NA,NA,Y,NA,D,22,0,0,1,0,0,0,0,0,0,-,-,32.9805,-117.0847,SAN DIEGO,SAN DIEGO,-117.08504376,32.98072134
90169420,2016,2016-04-29,9645,2016-04-26,0855,013383,NA,2,1,9,3700,0,3,5,NA,2,024,W/B CARMEL VALLEY ROAD,WINECREEK ROAD,160,E,N,A,-,N,NA,NA,NA,NA,NA,NA,NA,NA,NA,N,4,0,1,2,A,-,21,22106,NA,N,C,C,A,A,H,-,A,D,0,NA,NA,NA,NA,Y,NA,D,22,0,0,1,0,0,0,0,0,0,-,-,32.99912,-117.10913,SAN DIEGO,UNINCORPORATED,-117.10913,32.99912
90170081,2016,2016-05-02,9650,2016-04-26,1130,015276,NA,2,1,5,3712,0,1,3,NA,2,019,SR-78 W/B TO SAN MARCOS BLVD.,SAN MARCOS BLVD,316,E,N,A,-,Y,NA,NA,78,NA,NA,NA,R,NA,W,Y,2,0,1,1,A,-,08,22107,NA,N,F,A,A,A,H,-,A,D,0,NA,NA,Y,NA,Y,NA,C,02,1,0,0,0,0,0,0,0,1,-,-,33.1375,-117.17385,SAN DIEGO,SAN MARCOS,-117.17385,33.1375
90173353,2016,2016-05-05,9645,2016-04-28,0705,015847,NA,4,1,7,3711,0,1,1,NA,2,021,I-15 N/B,UNIVERSITY AVE.,40,S,N,B,-,Y,NA,NA,15,NA,NA,NA,NA,NA,N,Y,4,0,1,3,A,-,03,22350,NA,N,C,C,A,A,D,-,A,D,0,NA,NA,NA,NA,Y,NA,D,22,0,0,1,0,0,0,0,0,0,-,-,32.74948,-117.10874,SAN DIEGO,SAN DIEGO,-117.10859029,32.7494812
90173548,2016,2016-05-05,9645,2016-04-28,1529,016864,NA,4,2,7,3711,0,1,3,NA,2,012,SR-52 E/B,REGENTS ROAD,125,E,N,B,-,Y,NA,NA,52,NA,NA,NA,NA,NA,E,Y,2,0,1,2,A,-,03,22350,NA,N,C,C,A,A,H,-,A,D,0,NA,NA,Y,NA,Y,NA,C,02,1,0,0,0,0,0,0,0,1,-,-,32.84209,-117.21703,SAN DIEGO,SAN DIEGO,-117.2170068,32.84204109
9017534,2020,2020-03-03,3711,2020-01-31,1830,SD7660,NA,5,5,7,3711,0,0,0,NA,0,627,PARK BL,ROBINSON AV,0,NA,Y,A,-,N,NA,NA,NA,NA,NA,NA,NA,NA,NA,N,3,0,1,2,A,-,14,21201,D,N,C,G,A,A,H,-,D,A,0,NA,Y,NA,NA,Y,NA,L,04,0,1,0,0,0,0,1,0,0,-,-,NA,NA,SAN DIEGO,SAN DIEGO,-117.14629364013672,32.74644088745117
90176169,2016,2016-05-10,9645,2016-04-25,0617,016409,NA,1,1,6,3702,0,1,1,NA,2,001,I-5 N/B,J STREET U/C,1320,S,N,B,-,Y,NA,NA,5,NA,NA,NA,NA,NA,N,Y,4,0,1,5,A,-,03,22350,NA,M,C,D,A,A,H,-,A,D,0,NA,NA,NA,NA,Y,NA,A,01,0,0,1,0,0,0,0,0,0,-,-,32.61952,-117.09199,SAN DIEGO,CHULA VISTA,-117.09202863,32.61950551
90177209,2016,2016-05-11,9680,2016-05-01,1625,019822,NA,7,2,9,3700,0,2,4,NA,1,026,JAMACHA ROAD,PRESIOCA ST,568,E,N,A,-,N,NA,NA,NA,NA,NA,NA,NA,NA,NA,Y,4,0,1,2,A,-,09,21801,A,N,D,C,A,A,H,-,A,D,0,NA,NA,NA,NA,Y,NA,A,07,0,0,1,0,0,0,0,0,0,-,-,32.71493,-117.00365,SAN DIEGO,UNINCORPORATED,-116.99965031,32.71489285
90178415,2016,2016-05-12,9650,2016-04-27,1720,015830,NA,3,2,6,3706,0,1,1,NA,2,021,I-15 N/B,MESA ROCK RD,970,S,N,A,-,Y,NA,NA,NA,NA,NA,NA,NA,NA,NA,Y,4,0,1,2,C,-,18,NA,NA,N,B,C,A,A,H,-,A,D,0,NA,NA,NA,NA,Y,NA,-,-,0,0,1,0,0,0,0,0,0,-,-,33.17356,-117.1118,SAN DIEGO,ESCONDIDO,-117.1110623,33.17224506
90179517,2016,2016-05-16,9650,2016-05-01,1540,017328,NA,7,2,9,3700,0,1,1,NA,2,001,I-5 N/B,BASILONE RD.,9504,S,N,A,-,Y,NA,NA,5,NA,NA,NA,NA,NA,N,Y,4,0,1,2,A,-,03,22350,NA,N,C,C,A,A,H,-,A,D,0,NA,NA,Y,NA,Y,NA,C,02,0,0,1,0,0,0,0,0,1,-,-,33.36947,-117.55068,SAN DIEGO,UNINCORPORATED,-117.55067319,33.36948248
90181387,2016,2016-05-17,9645,2016-05-14,2200,020500,NA,6,3,7,3711,0,1,1,NA,2,005,I-5 S/B TO SR-94 E/B TRANSITION RD.,SR-94 O/C,235,N,N,A,B,Y,NA,NA,5,NA,NA,NA,R,NA,S,N,3,0,1,1,A,-,01,23152,A,N,E,I,A,A,H,-,C,D,0,NA,NA,Y,NA,Y,Y,C,02,0,1,0,0,0,0,0,0,1,-,-,32.71476,-117.14811,SAN DIEGO,SAN DIEGO,-117.14811,32.71476
90182025,2016,2016-05-18,9645,2016-05-02,1837,019445,NA,1,2,7,3711,0,1,1,NA,2,005,I-5 S/B,CLAIREMONT DR O/C,1500,S,N,A,-,Y,NA,NA,5,NA,NA,NA,NA,NA,S,N,4,0,1,2,A,-,08,22107,NA,F,C,C,A,A,H,-,A,D,0,NA,NA,Y,NA,Y,NA,C,02,0,0,1,0,0,0,0,0,1,-,-,32.78688,-117.20734,SAN DIEGO,SAN DIEGO,-117.20730759,32.78687427
90183736,2016,2016-06-10,9645,2016-05-13,0800,015847,NA,5,1,7,3711,0,1,1,NA,2,010,I-8 WB,COLLEGE AVE,1584,W,N,A,-,Y,NA,NA,8,NA,NA,NA,NA,NA,W,N,4,0,1,2,A,-,03,22350,NA,N,C,C,A,A,H,-,A,D,0,NA,NA,NA,NA,Y,NA,D,22,0,0,1,0,0,0,0,0,0,-,-,32.77982,-117.07671,SAN DIEGO,SAN DIEGO,-117.07672977,32.77969687
90184406,2016,2016-05-23,9645,2016-05-10,1545,017498,NA,2,2,7,3711,0,1,3,NA,2,023,SR-163 SOUTHBOUND,I-8 OVER CROSS,528,N,N,A,-,Y,NA,NA,163,NA,NA,NA,NA,NA,S,N,4,0,1,2,A,-,01,23152,A,N,C,C,A,A,H,-,A,D,0,NA,NA,NA,NA,Y,Y,A,01,0,0,1,0,0,0,0,0,0,-,-,32.76455,-117.16306,SAN DIEGO,SAN DIEGO,-117.16330458,32.76461892
90184423,2016,2016-07-20,9650,2016-05-15,1610,016516,NA,7,2,6,3710,0,1,1,NA,2,005,I-5 N/B,CASSIDY ST,100,S,N,B,-,Y,NA,NA,5,NA,NA,NA,NA,NA,N,Y,4,0,1,2,A,-,03,22350,NA,N,C,C,A,A,H,-,A,D,0,NA,NA,NA,NA,Y,NA,A,01,0,0,1,0,0,0,0,0,0,-,-,33.18005,-117.35365,SAN DIEGO,OCEANSIDE,-117.35363627,33.18006138
9018490,2019,2020-01-22,3709,2019-11-23,1738,NC0517,NA,6,5,5,3709,0,0,0,NA,0,021,EAST 4TH ST,V AV,0,NA,Y,A,-,N,NA,NA,NA,NA,NA,NA,NA,NA,NA,Y,3,0,1,2,A,-,10,21950,A,N,G,B,B,A,H,-,C,D,0,Y,NA,NA,NA,Y,NA,A,01,0,1,0,0,1,0,0,0,0,-,-,NA,NA,SAN DIEGO,NATIONAL CITY,-117.08574676513672,32.68561935424805
90185523,2016,2016-05-23,9650,2016-05-19,1543,016516,NA,4,2,6,3706,0,1,3,NA,2,019,SR-78 E/B,BROADWAY,200,W,N,B,-,Y,NA,NA,78,NA,NA,NA,NA,NA,E,Y,3,0,3,6,A,-,03,22350,NA,N,C,C,A,A,H,-,A,A,0,NA,NA,NA,NA,Y,NA,D,22,0,1,2,0,0,0,0,0,0,-,-,33.13258,-117.08691,SAN DIEGO,ESCONDIDO,-117.08694722,33.1326631
90185601,2016,2016-05-24,9650,2016-05-16,0215,017780,NA,1,3,3,3783,0,1,1,NA,2,007,I-5 S/B,VIA DE LA VALLE,1848,N,N,B,-,Y,NA,NA,5,NA,NA,NA,NA,NA,S,Y,2,0,2,2,A,-,08,22107,NA,N,C,C,A,A,H,-,C,D,0,NA,NA,NA,NA,Y,NA,A,01,1,0,1,0,0,0,0,0,0,-,-,32.98467,-117.25512,SAN DIEGO,SOLANA BEACH,-117.25495484,32.98470769
90187337,2016,2016-05-25,9680,2016-05-13,1645,019490,NA,5,2,9,3700,0,1,3,NA,1,024,SR-94 E/B,VIA MERCADO,1584,E,N,A,-,Y,NA,NA,94,NA,NA,NA,NA,NA,E,Y,4,0,1,1,A,-,08,22107,NA,N,F,A,A,A,H,-,A,D,0,NA,NA,Y,NA,Y,NA,C,02,0,0,1,0,0,0,0,0,1,-,-,32.74272,-116.95511,SAN DIEGO,UNINCORPORATED,-116.95499206,32.7428048
90187568,2016,2016-05-25,9645,2016-05-12,1635,016864,NA,4,2,7,3711,0,1,1,NA,2,007,I-5 S/B,NOBEL DRIVE,1056,S,N,B,-,Y,NA,NA,5,NA,NA,NA,NA,NA,S,Y,3,0,1,2,A,-,07,21658,A,N,F,A,A,A,H,-,A,D,0,NA,NA,Y,NA,Y,NA,D,22,0,1,0,0,0,0,0,0,1,-,-,32.8642,-117.23026,SAN DIEGO,SAN DIEGO,-117.23012757,32.86418753
90187584,2016,2016-05-26,9645,2016-05-20,0630,016542,NA,5,1,7,3711,0,1,1,NA,2,011,I-805 N/B,RALENE STREET O/C,1000,N,N,B,-,Y,NA,NA,805,NA,NA,NA,NA,NA,N,Y,4,0,1,5,A,-,03,22350,NA,M,C,C,A,A,H,-,A,D,0,NA,NA,NA,NA,Y,NA,A,01,0,0,1,0,0,0,0,0,0,-,-,32.73108,-117.10956,SAN DIEGO,SAN DIEGO,-117.10957327,32.73105584
90187836,2016,2016-05-26,9645,2016-04-30,0705,017723,NA,6,1,7,3711,0,1,1,NA,2,021,I-15 N/B TO OCEANVIEW BLVD.,OCEANVIEW BLVD.,10,N,N,C,-,Y,NA,NA,15,NA,NA,NA,R,NA,N,N,4,0,1,2,A,-,03,22350,NA,N,C,C,A,B,H,-,A,A,0,NA,NA,NA,NA,Y,NA,A,07,0,0,1,0,0,0,0,0,0,-,-,32.7018,-117.1188,SAN DIEGO,SAN DIEGO,-117.1188,32.7018
90191392,2016,2016-05-31,9645,2016-05-26,1722,018428,NA,4,2,7,3711,0,1,3,NA,2,023,SR-163 N/B,I-8 O/C,450,S,N,A,-,Y,NA,NA,163,NA,NA,NA,NA,NA,N,Y,4,0,1,2,A,-,03,22350,NA,N,C,C,A,A,H,-,A,D,0,NA,NA,NA,NA,Y,NA,A,01,0,0,1,0,0,0,0,0,0,-,-,32.75932,-117.16176,SAN DIEGO,SAN DIEGO,-117.16183707,32.75923325
90192244,2016,2016-06-01,9645,2016-05-30,2015,019054,NA,1,2,5,3709,0,1,3,NA,2,008,SR-54 W/B,SWEETWATER ROAD O/C,272,E,N,A,-,Y,NA,NA,54,NA,NA,NA,NA,NA,W,Y,3,0,1,1,A,-,08,22107,NA,N,E,I,A,A,H,-,D,D,0,NA,NA,NA,NA,Y,NA,A,07,0,1,0,0,0,0,0,0,0,-,-,32.66093,-117.0678,SAN DIEGO,NATIONAL CITY,-117.06788809,32.6610875