CASE_ID,ACCIDENT_YEAR,PROC_DATE,JURIS,COLLISION_DATE,COLLISION_TIME,OFFICER_ID,REPORTING_DISTRICT,DAY_OF_WEEK,CHP_SHIFT,POPULATION,CNTY_CITY_LOC,SPECIAL_COND,BEAT_TYPE,CHP_BEAT_TYPE,CITY_DIVISION_LAPD,CHP_BEAT_CLASS,BEAT_NUMBER,PRIMARY_RD,SECONDARY_RD,DISTANCE,DIRECTION,INTERSECTION,WEATHER_1,WEATHER_2,STATE_HWY_IND,CALTRANS_COUNTY,CALTRANS_DISTRICT,STATE_ROUTE,ROUTE_SUFFIX,POSTMILE_PREFIX,POSTMILE,LOCATION_TYPE,RAMP_INTERSECTION,SIDE_OF_HWY,TOW_AWAY,COLLISION_SEVERITY,NUMBER_KILLED,NUMBER_INJURED,PARTY_COUNT,PRIMARY_COLL_FACTOR,PCF_CODE_OF_VIOL,PCF_VIOL_CATEGORY,PCF_VIOLATION,PCF_VIOL_SUBSECTION,HIT_AND_RUN,TYPE_OF_COLLISION,MVIW,PED_ACTION,ROAD_SURFACE,ROAD_COND_1,ROAD_COND_2,LIGHTING,CONTROL_DEVICE,CHP_ROAD_TYPE,PEDESTRIAN_ACCIDENT,BICYCLE_ACCIDENT,MOTORCYCLE_ACCIDENT,TRUCK_ACCIDENT,NOT_PRIVATE_PROPERTY,ALCOHOL_INVOLVED,STWD_VEHTYPE_AT_FAULT,CHP_VEHTYPE_AT_FAULT,COUNT_SEVERE_INJ,COUNT_VISIBLE_INJ,COUNT_COMPLAINT_PAIN,COUNT_PED_KILLED,COUNT_PED_INJURED,COUNT_BICYCLIST_KILLED,COUNT_BICYCLIST_INJURED,COUNT_MC_KILLED,COUNT_MC_INJURED,PRIMARY_RAMP,SECONDARY_RAMP,LATITUDE,LONGITUDE,COUNTY,CITY,POINT_X,POINT_Y
90192657,2016,2016-06-01,9680,2016-05-20,1555,018801,NA,5,2,9,3700,0,1,3,NA,2,028,SR-125 S/B,ELKELTON PLACE U/C,1056,S,N,A,-,Y,NA,NA,125,NA,NA,NA,NA,NA,S,Y,4,0,2,2,A,-,07,21658,NA,N,B,C,A,A,H,-,A,D,0,NA,NA,NA,NA,Y,NA,A,01,0,0,2,0,0,0,0,0,0,-,-,32.69746,-117.01288,SAN DIEGO,UNINCORPORATED,-117.01294299,32.69749876
90193545,2016,2016-06-02,9645,2016-05-08,2020,019344,NA,7,2,7,3711,0,1,1,NA,2,005,I-5 N/B,I-8 W/B TO CAMINO DEL RIO W. O/C,10,S,N,A,-,Y,NA,NA,5,NA,NA,NA,NA,NA,N,Y,4,0,1,1,A,-,01,23152,A,N,F,A,A,A,H,-,C,D,0,NA,NA,NA,NA,Y,Y,D,22,0,0,1,0,0,0,0,0,0,-,-,32.7583,-117.2035,SAN DIEGO,SAN DIEGO,-117.20352545,32.7582938
90193657,2016,2016-06-02,9680,2016-05-14,1508,018801,NA,6,2,5,3705,0,1,1,NA,2,082,I-8 E/B,N. 1ST ST. U/C,750,E,N,B,-,Y,NA,NA,8,NA,NA,NA,NA,NA,E,Y,4,0,3,2,A,-,03,22350,NA,N,C,C,A,A,H,-,A,D,0,NA,NA,NA,NA,Y,NA,D,22,0,0,3,0,0,0,0,0,0,-,-,32.80295,-116.9417,SAN DIEGO,EL CAJON,-116.94170007,32.80294155
90193831,2016,2016-06-16,9650,2016-05-26,2355,020254,NA,4,3,9,3700,0,3,5,NA,2,211,WOODS VALLEY RD,VALLEY CENTER RD,12144,E,N,A,-,N,NA,NA,NA,NA,NA,NA,NA,NA,NA,Y,3,0,1,1,A,-,08,22107,NA,N,E,I,A,A,H,-,D,D,0,NA,NA,NA,NA,Y,Y,A,01,0,1,0,0,0,0,0,0,0,-,-,33.20404,-116.99357,SAN DIEGO,UNINCORPORATED,-116.99648625,33.20456063
90196073,2016,2016-06-07,9645,2016-05-24,1048,016409,NA,2,1,7,3711,0,1,1,NA,2,005,I-5 S/B,PACIFIC HIGHWAY O/C,15,N,N,B,-,Y,NA,NA,5,NA,NA,NA,NA,NA,S,Y,4,0,1,2,A,-,03,22350,NA,N,C,C,A,A,H,-,A,D,0,NA,NA,NA,NA,Y,NA,A,07,0,0,1,0,0,0,0,0,0,-,-,32.76612,-117.20574,SAN DIEGO,SAN DIEGO,-117.20578959,32.76610699
90196870,2016,2016-06-08,9680,2016-05-26,1945,015619,NA,4,2,5,3705,0,3,5,NA,2,003,HARBISON CANYON RD,SAINT GEORGE,1800,S,N,A,-,N,NA,NA,NA,NA,NA,NA,NA,NA,NA,N,3,0,1,1,A,-,03,22350,NA,N,F,A,A,A,H,-,B,D,0,NA,NA,Y,NA,Y,Y,C,02,0,1,0,0,0,0,0,0,1,-,-,32.81544,-116.83539,SAN DIEGO,EL CAJON,-116.8421392,32.81205577
90197730,2016,2016-06-09,9650,2016-05-21,0855,017994,NA,6,1,9,3700,0,1,3,NA,1,028,VALLEY CENTER RD,SR-76,4224,S,N,B,-,N,NA,NA,NA,NA,NA,NA,NA,NA,NA,Y,4,0,1,2,A,-,04,21703,NA,N,C,C,A,A,H,-,A,D,0,NA,NA,Y,NA,Y,NA,C,02,0,0,1,0,0,0,0,0,1,-,-,33.27731,-116.95371,SAN DIEGO,UNINCORPORATED,-116.9623,33.28493
90199576,2016,2016-06-13,9650,2016-06-05,0145,020254,NA,7,3,6,3706,0,1,1,NA,2,021,I-15 S/B,EL NORTE PKWY,835,N,N,B,-,Y,NA,NA,15,NA,NA,NA,NA,NA,S,Y,3,0,7,1,A,-,01,23152,A,N,E,I,A,A,H,-,D,D,0,NA,NA,NA,NA,Y,Y,A,07,0,4,3,0,0,0,0,0,0,-,-,33.14924,-117.10464,SAN DIEGO,ESCONDIDO,-117.10451328,33.14923418
9020041,2019,2020-02-05,3711,2019-12-15,0202,SD8334,NA,7,5,7,3711,0,0,0,NA,0,451,BAYVIEW HEIGHTS DR,GRAPE ST,1056,S,N,B,-,N,NA,NA,NA,NA,NA,NA,NA,NA,NA,N,4,0,1,3,A,-,08,22107,NA,N,C,E,A,A,H,-,C,D,0,NA,NA,NA,NA,Y,Y,A,01,0,0,1,0,0,0,0,0,0,-,-,NA,NA,SAN DIEGO,SAN DIEGO,-117.07587432861328,32.72540283203125
90201357,2016,2016-06-14,9680,2016-05-31,1315,015008,NA,2,1,9,3700,0,2,4,NA,1,013,WILDCAT CANYON RD,WILLOW RD,8976,N,N,A,-,N,NA,NA,NA,NA,NA,NA,NA,NA,NA,Y,4,0,3,3,A,-,03,22350,NA,N,C,C,A,A,H,-,A,D,0,NA,NA,NA,NA,Y,NA,A,01,0,0,3,0,0,0,0,0,0,-,-,32.89223,-116.89104,SAN DIEGO,UNINCORPORATED,-116.89110373,32.89171066
90201465,2016,2016-06-14,9680,2016-06-03,1700,018801,NA,5,2,9,3700,0,3,5,NA,2,002,TYLER ST,SWEETWATER RD,145,E,N,A,-,N,NA,NA,NA,NA,NA,NA,NA,NA,NA,N,4,0,1,2,A,-,03,22350,NA,N,C,C,A,A,H,-,A,D,0,NA,NA,NA,NA,Y,NA,A,08,0,0,1,0,0,0,0,0,0,-,-,32.73037,-117.01386,SAN DIEGO,UNINCORPORATED,-117.01403016,32.73036732
90203223,2016,2016-06-16,9645,2016-06-04,1915,018950,NA,6,2,7,3711,0,1,1,NA,2,027,I-15 S/B,AERO DRIVE O/C,2640,S,N,A,-,Y,NA,NA,15,NA,NA,NA,NA,NA,S,Y,2,0,1,2,A,-,01,23152,A,N,C,C,A,A,H,-,A,D,0,NA,NA,NA,NA,Y,Y,A,01,1,0,0,0,0,0,0,0,0,-,-,32.80423,-117.11327,SAN DIEGO,SAN DIEGO,-117.1133642,32.80421518
9020324,2019,2020-01-07,3711,2019-11-27,0832,SD5498,NA,3,5,7,3711,0,0,0,NA,0,311,QUALCOMM WY,FRIARS RD,0,NA,Y,A,-,N,NA,NA,NA,NA,NA,NA,NA,NA,NA,N,4,0,1,2,A,-,12,21453,A,N,D,C,A,A,H,-,A,A,0,NA,NA,NA,NA,Y,NA,A,01,0,0,1,0,0,0,0,0,0,-,-,NA,NA,SAN DIEGO,SAN DIEGO,-117.14196014404295,32.77806091308594
90203539,2016,2016-06-16,9645,2016-06-05,0516,020500,NA,7,3,7,3711,0,1,3,NA,2,006,SR-94 W/B,I-805 U/C,528,E,N,B,-,Y,NA,NA,94,NA,NA,NA,NA,NA,W,Y,4,0,1,2,A,-,07,21658,A,N,B,C,A,A,H,-,B,D,0,NA,NA,NA,NA,Y,NA,A,01,0,0,1,0,0,0,0,0,0,-,-,32.71933,-117.0987,SAN DIEGO,SAN DIEGO,-117.09869828,32.7190702
90203757,2016,2016-06-17,9650,2016-06-08,1655,014772,NA,3,2,5,3701,0,1,1,NA,2,005,I-5 N/B,TAMARACK AVE,900,N,N,B,-,Y,NA,NA,5,NA,NA,NA,NA,NA,N,Y,3,0,1,2,A,-,07,21658,A,N,C,C,A,A,H,-,A,D,0,NA,NA,Y,NA,Y,NA,C,02,0,1,0,0,0,0,0,0,1,-,-,33.15451,-117.33753,SAN DIEGO,CARLSBAD,-117.33756713,33.15448966
90204489,2016,2016-06-20,9645,2016-06-16,1610,017499,NA,4,2,5,3709,0,1,3,NA,2,008,SR-54 EASTBOUND,HIGHLAND AVE. O/C,1200,E,N,A,-,Y,NA,NA,54,NA,NA,NA,NA,NA,E,Y,4,0,1,3,A,-,03,22350,NA,F,C,C,A,A,H,-,A,D,0,NA,NA,NA,NA,Y,NA,A,01,0,0,1,0,0,0,0,0,0,-,-,32.65622,-117.08605,SAN DIEGO,NATIONAL CITY,-117.08608834,32.65632566
90208564,2016,2016-06-23,9680,2016-06-12,1700,019822,NA,7,2,9,3700,0,1,3,NA,1,022,SR-54 (JAMACHA ROAD),CUYAMACA COLLEGE DR  W,540,E,N,A,-,Y,NA,NA,54,NA,NA,NA,NA,NA,NA,Y,3,0,1,1,A,-,03,22350,NA,N,F,A,A,A,H,-,A,A,0,NA,NA,Y,NA,Y,NA,C,02,0,1,0,0,0,0,0,0,1,-,-,32.74175,-116.93703,SAN DIEGO,UNINCORPORATED,-116.9370733,32.7418313
9020882,2019,2020-06-29,3700,2019-11-20,1948,SH0036,NA,3,5,4,3780,0,0,0,NA,0,423,RT 67,IRON MOUNTAIN DR,972,N,N,C,-,Y,SD,11,67,-,-,14.53,H,-,S,Y,4,0,1,1,A,-,03,22350,NA,N,E,I,A,B,H,-,D,D,0,NA,NA,NA,NA,Y,NA,A,01,0,0,1,0,0,0,0,0,0,-,-,NA,NA,SAN DIEGO,POWAY,-116.97015380859376,32.969200134277344
90209097,2016,2016-06-24,9645,2016-06-16,1741,016435,NA,4,2,7,3711,0,1,1,NA,2,027,I-15 S/B TRANS TO I-8 E/B,FAIRMOUNT AVE U/C,1400,W,N,A,-,Y,NA,NA,NA,NA,NA,NA,NA,NA,NA,Y,4,0,2,2,A,-,03,22350,NA,N,C,C,A,A,H,-,A,D,0,NA,NA,NA,NA,Y,NA,A,01,0,0,2,0,0,0,0,0,0,-,-,32.77849,-117.10572,SAN DIEGO,SAN DIEGO,NA,NA
9020916,2019,2020-01-28,3711,2019-12-14,1427,SD7833,NA,6,5,7,3711,0,0,0,NA,0,123,WEST MISSION BAY DR,SEA WORLD DR,0,NA,Y,B,-,N,NA,NA,NA,NA,NA,NA,NA,NA,NA,N,3,0,1,1,A,-,08,38314,NA,N,H,A,A,A,G,-,A,D,0,NA,NA,Y,NA,Y,NA,C,02,0,1,0,0,0,0,0,0,1,-,-,NA,NA,SAN DIEGO,SAN DIEGO,-117.23030853271484,32.76137161254883
9021019,2019,2020-02-13,3711,2019-12-15,1644,SD5918,NA,7,5,7,3711,0,0,0,NA,0,437,BRIARWOOD RD,ALTA VIEW DR,21,N,N,A,-,N,NA,NA,NA,NA,NA,NA,NA,NA,NA,N,4,0,1,2,A,-,-,NA,NA,M,C,C,A,A,H,-,C,A,0,NA,NA,NA,NA,Y,NA,-,99,0,0,1,0,0,0,0,0,0,-,-,NA,NA,SAN DIEGO,SAN DIEGO,-117.03188323974608,32.68286895751953
90210333,2016,2016-06-27,9645,2016-06-21,1425,017953,NA,2,2,7,3711,0,1,1,NA,2,021,SR-52 S/B,SR-94 W/B O/C,1320,N,N,A,-,Y,NA,NA,NA,NA,NA,NA,NA,NA,NA,Y,4,0,2,2,A,-,08,22107,NA,N,B,C,A,A,H,-,A,D,0,NA,NA,NA,NA,Y,NA,A,01,0,0,2,0,0,0,0,0,0,-,-,32.7208,-117.11247,SAN DIEGO,SAN DIEGO,NA,NA
90210355,2016,2016-06-27,9645,2016-06-19,0230,020737,NA,7,3,7,3711,0,1,1,NA,2,009,I-805 N/B,LOGAN AVE.,570,S,N,A,-,Y,NA,NA,805,NA,NA,NA,NA,NA,N,Y,3,0,1,1,A,-,08,22107,NA,N,E,I,A,A,H,-,D,D,0,NA,NA,NA,NA,Y,NA,A,07,0,1,0,0,0,0,0,0,0,-,-,32.69517,-117.0949,SAN DIEGO,SAN DIEGO,-117.09477791,32.69517282
90210629,2016,2016-06-28,9650,2016-06-26,1538,015446,NA,7,2,6,3706,0,1,1,NA,2,023,I-15 FWY SOUTHBOUND,EL NORTE PARKWAY U/C,2000,S,N,A,-,Y,NA,NA,15,NA,NA,NA,NA,NA,S,Y,4,0,1,1,A,-,01,23152,A,N,E,I,A,A,H,-,A,A,0,NA,NA,NA,NA,Y,Y,A,01,0,0,1,0,0,0,0,0,0,-,-,33.13836,-117.10522,SAN DIEGO,ESCONDIDO,-117.10511066,33.13835512
90211041,2016,2016-06-28,9645,2016-06-26,1425,019054,NA,7,2,7,3711,0,1,1,NA,2,007,I-5 N/B,DEL MAR HEIGHTS ROAD,340,S,N,A,-,Y,NA,NA,5,NA,NA,NA,NA,NA,N,N,4,0,2,2,A,-,03,22350,NA,N,C,C,A,A,H,-,A,D,0,NA,NA,NA,NA,Y,NA,A,01,0,0,2,0,0,0,0,0,0,-,-,32.9489,-117.24325,SAN DIEGO,SAN DIEGO,-117.24335458,32.94888036
9021200,2019,2020-02-14,3711,2019-12-14,0950,SD7971,NA,6,5,7,3711,0,0,0,NA,0,114,WILLAMETTE AV,ROLFE RD,0,NA,Y,B,-,N,NA,NA,NA,NA,NA,NA,NA,NA,NA,Y,3,0,1,2,A,-,09,21801,A,N,D,C,A,A,H,-,A,D,0,NA,NA,NA,NA,Y,NA,A,01,0,1,0,0,0,0,0,0,0,-,-,NA,NA,SAN DIEGO,SAN DIEGO,-117.20159149169922,32.827640533447266
90212004,2016,2016-06-29,9680,2016-06-19,1900,018979,NA,7,2,9,3700,0,3,5,NA,2,001,CHANNEL RD,LAKESHORE DR,0,NA,Y,A,-,N,NA,NA,NA,NA,NA,NA,NA,NA,NA,N,4,0,1,3,A,-,09,21801,A,N,D,C,A,A,H,-,A,A,0,NA,NA,NA,NA,Y,NA,A,01,0,0,1,0,0,0,0,0,0,-,-,32.85932,-116.92589,SAN DIEGO,UNINCORPORATED,-116.92590006,32.85933007
90212014,2016,2016-06-29,9645,2016-06-18,1608,020165,NA,6,2,7,3711,0,1,1,NA,2,010,CAMINO DEL RIO NORTH,I-8 W/B FROM CAMINO DEL RIO NORTH,0,NA,Y,A,-,N,NA,NA,NA,NA,NA,NA,NA,NA,NA,N,4,0,1,2,A,-,12,22450,A,N,C,C,A,A,H,-,A,A,0,NA,NA,NA,NA,Y,NA,A,01,0,0,1,0,0,0,0,0,0,-,-,32.77026,-117.14203,SAN DIEGO,SAN DIEGO,-117.14196324,32.77029127
90212848,2016,2016-06-30,9680,2016-06-20,1548,016981,NA,1,2,9,3700,0,2,4,NA,1,010,WINTER GARDENS BLVD,WOODSIDE AVE,326,S,N,A,-,N,NA,NA,NA,NA,NA,NA,NA,NA,NA,Y,4,0,1,2,A,-,03,22350,NA,N,C,C,A,A,H,-,A,D,0,NA,NA,NA,NA,Y,NA,D,22,0,0,1,0,0,0,0,0,0,-,-,32.85504,-116.9312,SAN DIEGO,UNINCORPORATED,-116.93112,32.85516824
90214999,2016,2016-07-01,9645,2016-06-30,1544,018393,NA,4,2,7,3711,0,1,3,NA,2,016,SR-52 E/B,MAST BLVD U/C,3168,W,N,A,-,Y,NA,NA,NA,NA,NA,NA,NA,NA,NA,Y,4,0,2,2,A,-,03,22350,NA,N,C,C,A,A,H,-,A,D,0,NA,NA,NA,NA,Y,NA,A,01,0,0,2,0,0,0,0,0,0,-,-,32.845,-117.02792,SAN DIEGO,SAN DIEGO,-117.03406083,32.85048264
90215163,2016,2016-07-04,9650,2016-07-01,0940,013636,NA,5,1,5,3782,0,1,1,NA,2,007,I-5 S/B,MANCHESTER AVE,200,S,N,A,-,Y,NA,NA,NA,NA,NA,NA,NA,NA,NA,Y,4,0,1,2,A,-,03,22350,NA,N,C,C,A,A,H,-,A,D,0,NA,NA,NA,NA,Y,NA,A,01,0,0,1,0,0,0,0,0,0,-,-,NA,NA,SAN DIEGO,ENCINITAS,-117.26435512,33.00994064
90215255,2016,2016-07-04,9645,2016-06-26,2300,015001,NA,7,3,7,3711,0,1,3,NA,2,008,SR-54 W/B,REO DR,2640,E,N,A,-,Y,NA,NA,54,NA,NA,NA,NA,NA,W,Y,3,0,1,2,A,-,03,22350,NA,N,C,C,A,A,H,-,D,D,0,NA,NA,NA,NA,Y,NA,A,01,0,1,0,0,0,0,0,0,0,-,-,32.67019,-117.04404,SAN DIEGO,SAN DIEGO,-117.04407073,32.67024941
90216071,2016,2016-07-05,9645,2016-06-26,0550,016474,NA,7,3,7,3711,0,1,1,NA,2,007,I-5 NORTHBOUND,DEL MAR HEIGHTS ROAD,1000,N,N,A,-,Y,NA,NA,5,NA,NA,NA,NA,NA,N,Y,3,0,3,2,A,-,01,23152,A,N,C,C,A,A,H,-,B,D,0,NA,NA,NA,NA,Y,Y,A,07,0,1,2,0,0,0,0,0,0,-,-,32.95574,-117.24477,SAN DIEGO,SAN DIEGO,-117.2446399,32.95576572
90216100,2016,2016-07-05,9650,2016-06-20,2057,017743,NA,1,2,9,3700,0,3,5,NA,2,191,HARMONY GROVE RD,VIA AMBIENTE,2640,N,N,A,-,N,NA,NA,NA,NA,NA,NA,NA,NA,NA,Y,2,0,2,2,A,-,05,21460,A,N,A,C,A,A,H,-,C,D,0,NA,NA,NA,NA,Y,NA,D,22,1,1,0,0,0,0,0,0,0,-,-,33.07507,-117.16237,SAN DIEGO,UNINCORPORATED,-117.15770197,33.07826009
90216506,2016,2016-08-29,9650,2016-06-22,0710,015600,NA,3,1,9,3700,0,2,4,NA,1,027,VALLEY CENTER RD.,LILAC RD.,0,NA,Y,A,-,N,NA,NA,NA,NA,NA,NA,NA,NA,NA,N,3,0,1,2,A,-,21,22106,NA,N,H,G,A,A,H,-,A,A,0,NA,Y,NA,NA,Y,NA,A,07,0,1,0,0,0,0,1,0,0,-,-,33.22236,-117.03677,SAN DIEGO,UNINCORPORATED,-117.03671014,33.22234004
90217418,2016,2016-07-07,9680,2016-05-29,1155,018672,NA,7,1,9,3700,0,1,3,NA,1,051,SR-79,SR-76,1056,N,N,A,-,Y,NA,NA,79,NA,NA,NA,NA,NA,NA,Y,3,0,2,3,A,-,03,22350,NA,N,C,C,A,A,H,-,A,D,0,NA,NA,Y,NA,Y,NA,C,02,0,2,0,0,0,0,0,0,2,-,-,33.2013,-116.71038,SAN DIEGO,UNINCORPORATED,-116.71046896,33.20128373
90217658,2016,2016-07-07,9645,2016-06-28,0023,019410,NA,2,3,7,3711,0,1,1,NA,2,015,I-805 S/B FROM BALBOA AVE.,BALBOA AVE.,300,S,N,A,-,Y,NA,NA,805,NA,NA,NA,R,NA,S,Y,2,0,1,1,A,-,01,23152,A,N,F,A,A,A,H,-,C,D,0,NA,NA,NA,NA,Y,Y,A,01,1,0,0,0,0,0,0,0,0,-,-,32.82107,-117.16412,SAN DIEGO,SAN DIEGO,-117.16412,32.82107
90218550,2016,2016-07-08,9645,2016-07-07,0820,014804,NA,4,1,7,3711,0,1,1,NA,2,027,I-15 (N/B),FRIARS ROAD O/C,528,N,N,A,-,Y,NA,NA,15,NA,NA,NA,NA,NA,NA,Y,4,0,1,2,A,-,04,21703,NA,N,C,C,A,A,H,-,A,D,0,NA,NA,NA,NA,Y,NA,A,01,0,0,1,0,0,0,0,0,0,-,-,32.79059,-117.11317,SAN DIEGO,SAN DIEGO,-117.11324195,32.79061981
90219294,2016,2016-07-11,9645,2016-07-08,1816,018393,NA,5,2,7,3711,0,1,1,NA,2,010,I-8 E/B,WARING RD U/C,1584,W,N,A,-,Y,NA,NA,8,NA,NA,NA,NA,NA,E,Y,4,0,1,2,A,-,03,22350,NA,N,C,C,A,A,H,-,A,D,0,NA,NA,NA,NA,Y,NA,A,01,0,0,1,0,0,0,0,0,0,-,-,32.7802,-117.0937,SAN DIEGO,SAN DIEGO,-117.09370774,32.78025421
90219301,2016,2016-07-11,9645,2016-07-07,0625,014909,NA,4,1,7,3711,0,1,1,NA,2,027,SR-15 N/B,I-8,1056,S,N,B,-,Y,NA,NA,15,NA,NA,NA,NA,NA,N,Y,2,0,1,1,A,-,03,22350,NA,N,F,A,A,A,D,-,A,D,0,NA,NA,Y,NA,Y,NA,C,02,1,0,0,0,0,0,0,0,1,-,-,32.7755,-117.1115,SAN DIEGO,SAN DIEGO,-117.11153042,32.77550552
90219374,2016,2016-07-11,9650,2016-06-29,1735,016121,NA,3,2,9,3700,0,3,5,NA,2,170,S. SANTA FE AVENUE,ROBELINI DR,200,W,N,A,-,Y,NA,NA,NA,NA,NA,NA,NA,NA,NA,Y,4,0,1,2,A,-,09,21801,A,N,D,C,A,A,H,-,A,D,0,NA,NA,NA,NA,Y,NA,A,07,0,0,1,0,0,0,0,0,0,-,-,NA,NA,SAN DIEGO,UNINCORPORATED,-117.20994417,33.17409086
90219387,2016,2016-07-11,9650,2016-06-25,1010,017994,NA,6,1,9,3700,0,3,5,NA,2,213,EAST GRADE RD,SR-76,20064,N,N,A,-,N,NA,NA,NA,NA,NA,NA,NA,NA,NA,Y,4,0,1,1,A,-,03,22350,NA,N,E,I,A,A,H,-,A,D,0,NA,NA,Y,NA,Y,NA,C,02,0,0,1,0,0,0,0,0,1,-,-,33.26719,-116.77981,SAN DIEGO,UNINCORPORATED,-116.7795156,33.26718297
90219972,2016,2016-07-11,9645,2016-06-26,2300,020561,NA,7,3,7,3711,0,1,1,NA,2,005,I-5 N/B,OLD TOWN AVE. OC,1153,S,N,A,-,Y,NA,NA,5,NA,NA,NA,NA,NA,N,Y,2,0,1,2,A,-,03,22350,NA,N,C,C,A,A,H,-,D,D,0,NA,NA,Y,NA,Y,NA,C,02,1,0,0,0,0,0,0,0,1,-,-,32.74617,-117.1901,SAN DIEGO,SAN DIEGO,-117.19011115,32.74614605
90222242,2016,2016-07-13,9645,2016-06-21,1420,017529,NA,2,2,7,3711,0,1,1,NA,2,005,I-5 SOUTHBOUND,MILE OF CARS WAY,2000,N,N,A,-,Y,NA,NA,NA,NA,NA,NA,NA,NA,NA,Y,4,0,1,1,A,-,08,22107,NA,N,E,I,A,A,H,-,A,D,0,NA,NA,NA,NA,Y,NA,A,01,0,0,1,0,0,0,0,0,0,-,-,32.66534,-117.11047,SAN DIEGO,SAN DIEGO,NA,NA
9022271,2019,2020-02-07,3711,2019-12-07,1728,SD6252,NA,6,5,7,3711,0,0,0,NA,0,622,LINDA VISTA RD,PACIFIC RIDGE,260,E,N,A,-,N,NA,NA,NA,NA,NA,NA,NA,NA,NA,N,2,0,1,2,A,-,11,21955,NA,N,G,B,D,B,H,-,C,D,0,Y,NA,NA,NA,Y,NA,N,60,1,0,0,0,1,0,0,0,0,-,-,NA,NA,SAN DIEGO,SAN DIEGO,-117.18519592285156,32.77164077758789
9022274,2019,2020-02-11,3700,2019-12-21,1258,SH7085,NA,6,5,5,3713,0,0,0,NA,0,317,SOUTH MELROSE DR,PARK CENTER DR,0,NA,Y,A,-,N,NA,NA,NA,NA,NA,NA,NA,NA,NA,Y,4,0,1,1,A,-,03,22350,NA,N,E,I,A,A,H,-,A,A,0,NA,NA,Y,NA,Y,NA,C,02,0,0,1,0,0,0,0,0,1,-,-,NA,NA,SAN DIEGO,VISTA,-117.24466705322266,33.14004135131836
90223609,2016,2016-07-15,9680,2016-07-06,1130,015877,NA,3,1,9,3700,0,3,5,NA,2,003,VIEJAS GRADE ROAD,WILLOWS RD.,2112,N,N,A,-,N,NA,NA,NA,NA,NA,NA,NA,NA,NA,N,4,0,1,1,A,-,08,22107,NA,N,F,A,A,A,H,-,A,D,0,NA,NA,Y,NA,Y,NA,C,02,0,0,1,0,0,0,0,0,1,-,-,32.83752,-116.71803,SAN DIEGO,UNINCORPORATED,-116.71311475,32.84056678
90224263,2016,2016-07-18,9645,2016-06-29,0725,017025,NA,3,1,7,3711,0,1,1,NA,2,001,I-5 N/B,CORONADO AVE O/C,400,S,N,A,-,Y,NA,NA,5,NA,NA,NA,NA,NA,N,Y,3,0,2,2,A,-,01,23152,A,N,B,C,A,A,H,-,A,D,0,NA,NA,NA,NA,Y,Y,A,07,0,1,1,0,0,0,0,0,0,-,-,32.55819,-117.06134,SAN DIEGO,SAN DIEGO,-117.06131283,32.55825191
90224676,2016,2016-07-18,9645,2016-07-01,0815,016474,NA,5,1,7,3711,0,1,1,NA,2,005,I-5 SOUTHBOUND TO SR-52 EASTBOUND,I-5,36,W,N,A,-,Y,NA,NA,NA,NA,NA,NA,NA,NA,NA,Y,3,0,1,1,A,-,01,23152,A,N,E,I,A,A,H,-,A,A,0,NA,NA,Y,NA,Y,Y,C,02,0,1,0,0,0,0,0,0,1,-,-,33.8375,-117.23442,SAN DIEGO,SAN DIEGO,NA,NA
90225039,2016,2016-07-18,9680,2016-07-07,0925,015733,NA,4,1,9,3700,0,2,4,NA,1,095,SAN VICENTE RD,WILDCAT CANYON RD,1584,W,N,A,-,N,NA,NA,NA,NA,NA,NA,NA,NA,NA,Y,4,0,2,2,A,-,01,23152,A,N,C,C,A,A,D,-,A,A,0,NA,NA,NA,NA,Y,Y,A,01,0,0,2,0,0,0,0,0,0,-,-,32.99795,-116.85107000000001,SAN DIEGO,UNINCORPORATED,-116.84964833,32.99819563
90225533,2016,2016-07-19,9645,2016-07-12,0750,013393,NA,2,1,7,3711,0,1,3,NA,2,012,SR-52 W/B,REGENTS RD U/C,2640,W,N,A,-,Y,NA,NA,NA,NA,NA,NA,NA,NA,NA,Y,3,0,1,4,A,-,03,22350,NA,N,C,C,A,A,H,-,A,D,0,NA,NA,NA,NA,Y,NA,A,07,0,1,0,0,0,0,0,0,0,-,-,32.5023,-117.133,SAN DIEGO,SAN DIEGO,-117.22586293,32.8396518
90225553,2016,2016-07-19,9680,2016-07-12,1755,018427,NA,2,2,9,3700,0,3,5,NA,2,002,CAMPO RD,HOLLYHOCK RD,186,E,N,A,-,N,NA,NA,NA,NA,NA,NA,NA,NA,NA,Y,3,0,1,1,A,-,01,23152,A,N,E,I,A,A,H,-,A,D,0,NA,NA,NA,NA,Y,Y,A,07,0,1,0,0,0,0,0,0,0,-,-,32.75013,-116.99674,SAN DIEGO,UNINCORPORATED,-116.99643898,32.74994295
90228496,2016,2016-07-22,9645,2016-07-17,2023,020867,NA,7,2,7,3711,0,1,1,NA,2,010,I-8 E/B TO I-805 S/B,I-805,200,W,N,A,-,Y,NA,NA,8,NA,NA,NA,R,NA,E,Y,4,0,3,1,A,-,08,22107,NA,N,E,I,A,A,H,-,C,D,0,NA,NA,NA,NA,Y,NA,A,01,0,0,3,0,0,0,0,0,0,-,-,32.76999,-117.13136,SAN DIEGO,SAN DIEGO,-117.13136,32.76999
90228969,2016,2016-07-25,9650,2016-07-18,1725,017263,NA,1,2,9,3700,0,3,5,NA,2,006,OLD HIGHWAY 395,PALA MESA DR,3168,N,N,A,-,Y,NA,NA,NA,NA,NA,NA,NA,NA,NA,Y,3,0,1,1,A,-,08,22107,NA,N,F,A,A,A,H,-,A,D,0,NA,NA,Y,NA,Y,NA,C,02,0,1,0,0,0,0,0,0,1,-,-,33.35065,-117.15978,SAN DIEGO,UNINCORPORATED,-117.15971765,33.34992627