CASE_ID,ACCIDENT_YEAR,PROC_DATE,JURIS,COLLISION_DATE,COLLISION_TIME,OFFICER_ID,REPORTING_DISTRICT,DAY_OF_WEEK,CHP_SHIFT,POPULATION,CNTY_CITY_LOC,SPECIAL_COND,BEAT_TYPE,CHP_BEAT_TYPE,CITY_DIVISION_LAPD,CHP_BEAT_CLASS,BEAT_NUMBER,PRIMARY_RD,SECONDARY_RD,DISTANCE,DIRECTION,INTERSECTION,WEATHER_1,WEATHER_2,STATE_HWY_IND,CALTRANS_COUNTY,CALTRANS_DISTRICT,STATE_ROUTE,ROUTE_SUFFIX,POSTMILE_PREFIX,POSTMILE,LOCATION_TYPE,RAMP_INTERSECTION,SIDE_OF_HWY,TOW_AWAY,COLLISION_SEVERITY,NUMBER_KILLED,NUMBER_INJURED,PARTY_COUNT,PRIMARY_COLL_FACTOR,PCF_CODE_OF_VIOL,PCF_VIOL_CATEGORY,PCF_VIOLATION,PCF_VIOL_SUBSECTION,HIT_AND_RUN,TYPE_OF_COLLISION,MVIW,PED_ACTION,ROAD_SURFACE,ROAD_COND_1,ROAD_COND_2,LIGHTING,CONTROL_DEVICE,CHP_ROAD_TYPE,PEDESTRIAN_ACCIDENT,BICYCLE_ACCIDENT,MOTORCYCLE_ACCIDENT,TRUCK_ACCIDENT,NOT_PRIVATE_PROPERTY,ALCOHOL_INVOLVED,STWD_VEHTYPE_AT_FAULT,CHP_VEHTYPE_AT_FAULT,COUNT_SEVERE_INJ,COUNT_VISIBLE_INJ,COUNT_COMPLAINT_PAIN,COUNT_PED_KILLED,COUNT_PED_INJURED,COUNT_BICYCLIST_KILLED,COUNT_BICYCLIST_INJURED,COUNT_MC_KILLED,COUNT_MC_INJURED,PRIMARY_RAMP,SECONDARY_RAMP,LATITUDE,LONGITUDE,COUNTY,CITY,POINT_X,POINT_Y
9081384,2020,2020-06-25,3711,2020-03-11,1729,8334,NA,3,5,7,3711,0,0,0,NA,0,442,40TH ST,NEWTON AV,0,NA,Y,B,-,N,NA,NA,NA,NA,NA,NA,NA,NA,NA,N,4,0,2,2,A,-,09,21802,A,N,D,C,A,-,H,-,A,A,0,NA,NA,NA,NA,Y,NA,A,07,0,0,2,0,0,0,0,0,0,-,-,NA,NA,SAN DIEGO,SAN DIEGO,-117.10813903808594,32.69499969482422
9081516,2020,2020-06-19,3700,2020-03-19,1448,SH0141,NA,4,5,5,3712,0,0,0,NA,0,351,BUENA CREEK RD,COUNTRY CREEK RD,58,E,N,A,-,N,NA,NA,NA,NA,NA,NA,NA,NA,NA,Y,3,0,3,3,A,-,03,22350,NA,N,C,C,A,A,H,-,A,D,0,NA,NA,NA,NA,Y,NA,A,01,0,2,1,0,0,0,0,0,0,-,-,NA,NA,SAN DIEGO,SAN MARCOS,-117.15958404541016,33.18311309814453
90816612,2018,2018-09-19,9680,2018-09-09,1050,015983,NA,7,1,9,3700,0,2,4,NA,1,018,LOS COCHES ROAD,HIGHWAY 8 BUSINESS,200,N,N,A,-,N,NA,NA,NA,NA,NA,NA,NA,NA,NA,N,4,0,1,5,A,-,21,22106,NA,M,C,C,A,A,H,-,A,A,0,NA,NA,NA,NA,Y,NA,A,07,0,0,1,0,0,0,0,0,0,-,-,32.832698822021484,-116.90579986572266,SAN DIEGO,UNINCORPORATED,-116.9038314819336,32.82711410522461
90816661,2018,2018-09-26,9645,2018-09-09,2023,013648,NA,7,2,9,3700,0,3,5,NA,2,024,4S RANCH PARKWAY,DEER TRAIL DRIVE,0,NA,Y,A,-,N,NA,NA,NA,NA,NA,NA,NA,NA,NA,N,2,0,1,2,A,-,10,21950,A,N,G,B,B,A,H,-,C,A,0,Y,NA,NA,NA,Y,NA,A,01,1,0,0,0,1,0,0,0,0,-,-,32.869380950927734,-117.1948699951172,SAN DIEGO,UNINCORPORATED,-117.11617279052734,33.00701141357422
90816666,2018,2018-09-19,9680,2018-09-09,1840,021441,NA,7,2,9,3700,0,2,4,NA,1,026,JAMACHA RD,SWEETWATER RD,400,E,N,A,-,N,NA,NA,NA,NA,NA,NA,NA,NA,NA,Y,4,0,1,2,A,-,09,21804,A,N,D,C,A,A,H,-,B,D,0,NA,NA,NA,NA,Y,Y,A,01,0,0,1,0,0,0,0,0,0,-,-,32.7147102355957,-117.01122283935548,SAN DIEGO,UNINCORPORATED,-117.01142120361328,32.714778900146484
90816723,2018,2018-09-19,9645,2018-09-10,1735,020479,NA,1,2,7,3711,0,1,1,NA,2,010,I-8 E/B,MISSION CITY PKWY,1000,E,N,A,-,Y,NA,NA,8,NA,NA,NA,NA,NA,E,Y,4,0,1,3,A,-,07,21658,A,N,B,C,A,A,H,-,A,D,0,NA,NA,Y,NA,Y,NA,A,01,0,0,1,0,0,0,0,0,1,-,-,32.77724838256836,-117.1201629638672,SAN DIEGO,SAN DIEGO,-117.12017059326172,32.77726745605469
90817355,2018,2018-09-20,9645,2018-09-14,0805,016409,NA,5,1,7,3711,0,1,1,NA,2,010,I-8 W/B TO I-15 N/B,I-15 N/B,1584,E,N,A,-,Y,NA,NA,8,NA,NA,NA,R,NA,W,N,4,0,2,2,A,-,03,22350,NA,N,C,C,A,A,H,-,A,D,0,NA,NA,NA,NA,Y,NA,A,01,0,0,2,0,0,0,0,0,0,-,-,32.77907180786133,-117.10719299316406,SAN DIEGO,SAN DIEGO,-117.10719299316406,32.77907180786133
90818409,2018,2018-09-21,9645,2018-09-12,1925,021268,NA,3,2,7,3711,0,1,1,NA,2,011,I-805 S/B,UNIVERSITY AVE,528,N,N,A,-,Y,NA,NA,NA,NA,NA,NA,NA,NA,NA,Y,4,0,1,3,A,-,03,22350,NA,N,C,C,A,A,H,-,A,D,0,NA,NA,NA,NA,Y,NA,A,01,0,0,1,0,0,0,0,0,0,-,-,32.7151985168457,-117.12370300292967,SAN DIEGO,SAN DIEGO,-117.1232452392578,32.74996566772461
90818565,2018,2018-09-21,9645,2018-09-17,0813,018393,NA,1,1,5,3709,0,1,1,NA,2,009,I-805 N/B,PROSPECT STREET O/C,100,N,N,A,-,Y,NA,NA,805,NA,NA,NA,NA,NA,N,Y,4,0,1,3,A,-,07,21658,A,N,C,C,A,A,H,-,A,D,0,NA,NA,NA,NA,Y,NA,A,07,0,0,1,0,0,0,0,0,0,-,-,32.66859817504883,-117.08094787597656,SAN DIEGO,NATIONAL CITY,-117.0807876586914,32.66865921020508
90818663,2018,2018-09-21,9680,2018-09-12,1820,018427,NA,3,2,9,3700,0,3,5,NA,2,001,GREENFIELD DR,MOLLISON AVE,613,E,N,A,-,N,NA,NA,NA,NA,NA,NA,NA,NA,NA,N,4,0,1,2,A,-,03,22350,NA,N,C,C,A,A,H,-,A,D,0,NA,NA,NA,NA,Y,NA,A,01,0,0,1,0,0,0,0,0,0,-,-,32.813331604003906,-116.94850158691406,SAN DIEGO,UNINCORPORATED,-116.94871520996094,32.81332015991211
90819205,2018,2018-09-24,9650,2018-09-20,0740,019191,NA,4,1,6,3706,0,1,1,NA,2,023,I-15 N/B TO SR-78 W/B,NORDAHL RD,4300,E,N,A,-,Y,NA,NA,NA,NA,NA,NA,NA,NA,NA,Y,3,0,1,2,A,-,06,21750,A,N,B,C,A,A,H,-,A,D,0,NA,NA,Y,NA,Y,NA,C,02,0,1,0,0,0,0,0,0,1,-,-,33.1273307800293,-117.10833740234376,SAN DIEGO,ESCONDIDO,-117.10806727,33.12748565
90819217,2018,2018-09-24,9650,2018-09-14,2015,021200,NA,5,2,9,3700,0,3,5,NA,2,213,E GRADE ROAD,CONIFER RD,4000,E,N,A,-,N,NA,NA,NA,NA,NA,NA,NA,NA,NA,Y,4,0,1,1,A,-,08,22107,NA,N,F,A,A,A,H,-,D,D,0,NA,NA,NA,NA,Y,NA,D,22,0,0,1,0,0,0,0,0,0,-,-,33.29267120361328,-116.82901000976563,SAN DIEGO,UNINCORPORATED,-116.83316040039063,33.29323196411133
90819236,2018,2018-09-24,9650,2018-09-22,1215,015446,NA,6,1,9,3700,0,1,1,NA,2,021,I-15 FWY SOUTHBOUND,LAWRENCE WELK DR,500,S,N,A,-,Y,NA,NA,15,NA,NA,NA,NA,NA,S,Y,4,0,1,2,A,-,03,22350,NA,N,C,C,A,A,H,-,A,D,0,NA,NA,NA,NA,Y,NA,A,01,0,0,1,0,0,0,0,0,0,-,-,33.231781005859375,-117.14703369140624,SAN DIEGO,UNINCORPORATED,-117.14705657958984,33.23176956176758
90820177,2018,2018-09-24,9645,2018-09-19,1916,020939,NA,3,2,7,3711,0,1,1,NA,2,010,I-8 W/B,SUNSET CLIFFS BLVD,550,E,N,A,-,Y,NA,NA,8,NA,NA,NA,NA,NA,W,N,4,0,1,3,A,-,03,22350,NA,N,C,C,A,A,H,-,B,D,0,NA,NA,NA,NA,Y,NA,A,01,0,0,1,0,0,0,0,0,0,-,-,32.756099700927734,-117.2332000732422,SAN DIEGO,SAN DIEGO,-117.23320770263672,32.756160736083984
90821117,2018,2018-09-25,9680,2018-09-14,1618,016981,Campo,5,2,9,3700,0,2,4,NA,1,061,OLDE HIGHWAY 80,CHURCH RD,196,N,N,A,-,N,NA,NA,NA,NA,NA,NA,NA,NA,NA,Y,4,0,1,1,A,-,01,23152,F,N,E,J,A,A,H,-,A,D,0,NA,NA,NA,NA,Y,NA,A,01,0,0,1,0,0,0,0,0,0,-,-,32.70122146606445,-116.35781097412108,SAN DIEGO,UNINCORPORATED,-116.35772705078124,32.70119857788086
90824880,2018,2018-10-01,9650,2018-09-23,0003,020254,NA,7,3,5,3701,0,1,3,NA,2,015,SR-78 W/B,I-5 S/B,20,W,N,B,-,Y,NA,NA,78,NA,NA,NA,NA,NA,W,N,3,0,1,2,A,-,03,22350,NA,F,C,C,A,A,H,-,C,A,0,NA,NA,NA,NA,Y,NA,A,01,0,1,0,0,0,0,0,0,0,-,-,33.1767692565918,-117.35175323486328,SAN DIEGO,CARLSBAD,-117.3513641357422,33.17705535888672
90825051,2018,2018-10-01,9645,2018-07-07,1830,021873,NA,6,2,3,3703,0,1,3,NA,1,004,SR-75 N/B,GLORIETTA BLVD,1584,S,N,A,-,Y,NA,NA,75,NA,NA,NA,NA,NA,N,Y,4,0,1,4,A,-,03,22350,NA,N,C,C,A,A,H,-,A,D,0,NA,NA,NA,NA,Y,NA,A,01,0,0,1,0,0,0,0,0,0,-,-,32.68918991088867,-117.16504669189452,SAN DIEGO,CORONADO,-117.16504669189452,32.68919372558594
90826537,2018,2018-10-02,9645,2018-09-16,1455,021873,NA,7,2,9,3700,0,3,5,NA,2,018,SWEETWATER RD W/B,ORCHARD HILL RD,90,E,N,A,-,Y,NA,NA,NA,NA,NA,NA,NA,NA,NA,Y,4,0,2,2,A,-,09,21804,A,N,D,C,A,A,H,-,A,D,0,NA,NA,NA,NA,Y,NA,A,08,0,0,2,0,0,0,0,0,0,-,-,32.666419982910156,-117.03143310546876,SAN DIEGO,UNINCORPORATED,-117.03172302246094,32.66634750366211
90826587,2018,2018-10-02,9645,2018-09-22,0225,019410,NA,6,3,7,3711,0,1,1,NA,2,017,I-15 NB,SR-56 O/C,2500,S,N,A,-,Y,NA,NA,15,NA,NA,NA,NA,NA,N,Y,3,0,2,1,A,-,08,22107,NA,N,E,I,A,A,H,-,C,D,0,NA,NA,NA,NA,Y,NA,A,01,0,2,0,0,0,0,0,0,0,-,-,32.95856857299805,-117.09912872314452,SAN DIEGO,SAN DIEGO,-117.09893798828124,32.95845031738281
90827533,2018,2018-10-03,9645,2018-09-23,2020,013648,NA,7,2,7,3711,0,1,3,NA,2,006,S.R. 94 EASTBOUND,HOME AVE O/C,1320,W,N,B,-,Y,NA,NA,NA,NA,NA,NA,NA,NA,NA,Y,4,0,2,2,A,-,17,23114,A,N,E,J,A,A,H,-,D,D,0,NA,NA,NA,Y,Y,NA,F,55,0,0,2,0,0,0,0,0,0,-,-,32.69538116455078,-117.1477279663086,SAN DIEGO,SAN DIEGO,NA,NA
90827623,2018,2018-10-03,9645,2018-09-19,0733,015847,NA,3,1,7,3711,0,1,3,NA,2,023,SR-163 S/B,I-8,30,N,N,A,-,Y,NA,NA,163,NA,NA,NA,NA,NA,S,Y,2,0,1,2,A,-,03,22350,NA,N,F,A,A,A,D,-,A,D,0,NA,NA,Y,NA,Y,NA,C,02,1,0,0,0,0,0,0,0,1,-,-,32.7628288269043,-117.16348266601563,SAN DIEGO,SAN DIEGO,-117.16355895996094,32.7628288269043
90827875,2018,2018-10-03,9680,2018-09-24,1159,016181,NA,1,1,9,3700,0,2,4,NA,1,013,WILDCAT CANYON RD,WILLOW RD,4752,N,N,B,-,N,NA,NA,NA,NA,NA,NA,NA,NA,NA,N,4,0,1,2,A,-,03,22350,NA,N,C,C,A,A,H,-,A,D,0,NA,NA,NA,NA,Y,NA,D,22,0,0,1,0,0,0,0,0,0,-,-,32.88243103027344,-116.9008331298828,SAN DIEGO,UNINCORPORATED,-116.8987274169922,32.882904052734375
90827950,2018,2018-10-03,9645,2018-09-24,1740,016137,NA,1,2,7,3711,0,1,1,NA,2,007,I-5 SOUTHBOUND,VOIGHT DR. O/C,200,S,N,A,-,Y,NA,NA,5,NA,NA,NA,NA,NA,S,N,3,0,1,3,A,-,03,22350,NA,N,C,C,A,A,H,-,A,D,0,NA,NA,NA,NA,Y,NA,A,01,0,1,0,0,0,0,0,0,0,-,-,32.880401611328125,-117.22820281982422,SAN DIEGO,SAN DIEGO,-117.22854614257813,32.880435943603516
9082872,2020,2020-07-03,3702,2020-03-06,1903,CV1212,NA,5,5,6,3702,0,0,0,NA,0,041,MEDICAL CENTER DR,TELEGRAPH CANYON RD,288,S,N,A,-,N,NA,NA,NA,NA,NA,NA,NA,NA,NA,Y,2,0,1,2,A,-,03,22350,NA,N,C,C,A,A,H,-,C,A,0,NA,NA,Y,NA,Y,NA,-,-,1,0,0,0,0,0,0,0,1,-,-,NA,NA,SAN DIEGO,CHULA VISTA,-117.02608489990234,32.624080657958984
90829007,2018,2018-10-04,9645,2018-09-28,2338,020301,NA,5,3,7,3711,0,1,1,NA,2,017,I-15 S/B,MIRA MES BLVD,300,N,N,A,-,Y,NA,NA,15,NA,NA,NA,NA,NA,S,Y,3,0,4,2,A,-,08,22107,NA,N,B,C,A,A,H,-,C,D,0,NA,NA,NA,NA,Y,NA,A,01,0,4,0,0,0,0,0,0,0,-,-,32.91946029663086,-117.11586761474608,SAN DIEGO,SAN DIEGO,-117.11592864990234,32.919471740722656
9082904,2020,2020-07-10,3711,2020-03-04,0923,SD6834,NA,3,5,7,3711,0,0,0,NA,0,124,PROSPECT PL,EXCHANGE PL,0,NA,Y,A,-,N,NA,NA,NA,NA,NA,NA,NA,NA,NA,N,4,0,2,3,A,-,03,22350,NA,N,C,C,A,-,H,-,A,D,0,NA,NA,NA,NA,Y,NA,A,01,0,0,2,0,0,0,0,0,0,-,-,NA,NA,SAN DIEGO,SAN DIEGO,-117.27040100097656,32.84846115112305
9082928,2020,2020-07-07,3711,2020-03-09,1000,SD7008,NA,1,5,7,3711,0,0,0,NA,0,446,LOGAN AV,SOUTH 47TH ST,60,W,N,A,-,N,NA,NA,NA,NA,NA,NA,NA,NA,NA,Y,3,0,2,2,A,-,09,21801,A,N,D,C,A,A,H,-,A,A,0,NA,NA,NA,NA,Y,NA,A,01,0,1,1,0,0,0,0,0,0,-,-,NA,NA,SAN DIEGO,SAN DIEGO,-117.09394073486328,32.69679260253906
9082961,2020,2020-07-09,3702,2020-03-16,1151,CV1254,NA,1,5,6,3702,0,0,0,NA,0,021,L ST,BROADWAY,177,W,N,A,-,N,NA,NA,NA,NA,NA,NA,NA,NA,NA,Y,4,0,1,2,A,-,12,21453,A,N,D,C,A,A,H,-,A,D,0,NA,NA,NA,NA,Y,NA,A,01,0,0,1,0,0,0,0,0,0,-,-,NA,NA,SAN DIEGO,CHULA VISTA,-117.08462524414063,32.617008209228516
90830994,2018,2018-10-08,9645,2018-08-23,2033,015698,NA,4,2,7,3711,0,1,1,NA,2,015,I-805 NB,NOBEL DR. O/C,15,N,N,A,-,Y,NA,NA,805,NA,NA,NA,NA,NA,N,Y,2,0,4,3,A,-,03,22350,NA,N,C,C,A,A,H,-,D,D,0,NA,NA,NA,NA,Y,NA,A,01,2,1,1,0,0,0,0,0,0,-,-,32.86996841430664,-117.19487762451172,SAN DIEGO,SAN DIEGO,-117.19493103027344,32.86991882324219
90833637,2018,2018-10-11,9650,2018-10-05,0659,018840,NA,5,1,6,3706,0,1,3,NA,2,019,SR-78 W/B,I-15,1750,W,N,B,-,Y,NA,NA,78,NA,NA,NA,NA,NA,W,Y,3,0,3,3,A,-,03,22350,NA,N,C,C,A,A,H,-,A,D,0,NA,NA,NA,NA,Y,NA,D,22,0,1,2,0,0,0,0,0,0,-,-,33.12751007080078,-117.11049652099608,SAN DIEGO,ESCONDIDO,-117.11053466796876,33.127437591552734
90833802,2018,2018-10-11,9680,2018-10-01,1740,021944,NA,1,2,9,3700,0,2,4,NA,1,018,LOS COCHES RD,LAMPLITE LN,147,N,N,A,-,N,NA,NA,NA,NA,NA,NA,NA,NA,NA,Y,4,0,1,2,A,-,09,21801,A,N,D,C,A,A,H,-,A,D,0,NA,NA,Y,NA,Y,NA,A,01,0,0,1,0,0,0,0,0,1,-,-,32.83668899536133,-116.90833282470705,SAN DIEGO,UNINCORPORATED,-116.90821838378906,32.83663558959961
90833851,2018,2018-10-11,9680,2018-10-01,1050,014420,NA,1,1,9,3700,0,3,5,NA,2,001,BRADLEY AVE,N/B SR-67 TO BRADLEY AVE,55,W,N,B,-,N,NA,NA,NA,NA,NA,NA,NA,NA,NA,N,3,0,1,2,A,-,03,22350,NA,N,C,C,A,A,H,-,A,D,0,NA,NA,NA,NA,Y,NA,D,22,0,1,0,0,0,0,0,0,0,-,-,32.81909942626953,-116.96050262451172,SAN DIEGO,UNINCORPORATED,-116.95974731445313,32.81909942626953
90834042,2018,2018-10-11,9680,2018-10-01,1155,014420,NA,1,1,9,3700,0,2,4,NA,1,010,WOODSIDE AVE,CHANNEL RD,528,W,N,B,-,N,NA,NA,NA,NA,NA,NA,NA,NA,NA,N,3,0,1,2,A,-,05,21650,NA,N,D,G,A,A,H,-,A,D,0,NA,Y,NA,NA,Y,Y,L,04,0,1,0,0,0,0,1,0,0,-,-,32.8567008972168,-116.9268035888672,SAN DIEGO,UNINCORPORATED,-116.92711639404295,32.85660171508789
90834914,2018,2018-10-12,9645,2018-07-20,0520,016766,NA,5,3,7,3711,0,1,1,NA,2,030,I-15 S/B (HOV),SR-163,2640,N,N,A,-,Y,NA,NA,NA,NA,NA,NA,NA,NA,NA,N,4,0,1,1,A,-,08,22107,NA,N,E,I,A,A,H,-,D,D,0,NA,NA,NA,NA,Y,NA,A,01,0,0,1,0,0,0,0,0,0,-,-,32.864498138427734,-117.10099029541016,SAN DIEGO,SAN DIEGO,-117.10751342773438,32.87372589111328
90835284,2018,2018-10-15,9650,2018-10-11,1715,017392,NA,4,2,5,3701,0,1,1,NA,2,005,I-5 N/B,CANNON RD,300,N,N,A,-,Y,NA,NA,5,NA,NA,NA,NA,NA,N,N,4,0,1,2,A,-,03,22350,NA,N,C,C,A,A,H,-,A,D,0,NA,NA,NA,NA,Y,NA,A,01,0,0,1,0,0,0,0,0,0,-,-,33.13520050048828,-117.32959747314452,SAN DIEGO,CARLSBAD,-117.32957458496094,33.135215759277344
90835366,2018,2018-10-15,9650,2018-10-07,0020,020343,NA,7,3,6,3710,0,1,1,NA,2,005,I-5 NB TO E/B HARBOR DR,SAN RAFAEL DR,793,S,N,A,-,Y,NA,NA,5,NA,NA,NA,R,NA,N,N,3,0,1,1,A,-,01,23152,A,N,F,A,A,A,H,-,D,D,0,NA,NA,Y,NA,Y,Y,C,02,0,1,0,0,0,0,0,0,1,-,-,33.21097183227539,-117.38646697998048,SAN DIEGO,OCEANSIDE,-117.38646697998048,33.21097183227539
90835632,2018,2018-10-15,9645,2018-09-25,0200,021338,NA,2,3,7,3711,0,1,1,NA,2,015,I-805 S/B TO CLAIREMONT MESA BLVD,CLAIREMONT MESA BLVD,730,S,N,A,-,Y,NA,NA,805,NA,NA,NA,R,NA,S,Y,2,0,1,1,A,-,03,22350,NA,N,E,I,A,A,H,-,D,D,0,NA,NA,NA,NA,Y,NA,A,07,1,0,0,0,0,0,0,0,0,-,-,32.83218002319336,-117.1701431274414,SAN DIEGO,SAN DIEGO,-117.1701431274414,32.83218002319336
90835762,2018,2018-10-15,9680,2018-10-04,0540,016181,NA,4,3,9,3700,0,1,3,NA,1,040,SR-94,CAMPBELL RANCH RD,2112,W,N,B,C,Y,NA,NA,94,NA,NA,NA,NA,NA,NA,N,4,0,1,2,A,-,03,22350,NA,N,E,I,A,B,H,-,D,D,0,NA,NA,NA,NA,Y,NA,A,01,0,0,1,0,0,0,0,0,0,-,-,32.64418029785156,-116.78124237060548,SAN DIEGO,UNINCORPORATED,-116.78121948242188,32.64422607421875
90835922,2018,2018-10-15,9680,2018-10-04,0645,015578,NA,4,1,4,3720,0,1,3,NA,2,028,SR-125 NORTHBOUND,TROY ST.,1056,N,N,B,C,Y,NA,NA,125,NA,NA,NA,NA,NA,N,Y,4,0,1,2,A,-,03,22350,NA,N,C,C,A,B,H,-,A,D,0,NA,NA,NA,NA,Y,NA,A,01,0,0,1,0,0,0,0,0,0,-,-,32.73915100097656,-117.01555633544922,SAN DIEGO,LEMON GROVE,-117.01551818847656,32.73915100097656
90836462,2018,2018-10-15,9650,2018-10-09,1525,020771,NA,2,2,9,3700,0,3,5,NA,2,170,S. SANTA FE AVE.,BUENA CREEK RD,145,W,N,A,-,N,NA,NA,NA,NA,NA,NA,NA,NA,NA,N,3,0,1,2,A,-,11,21954,A,N,G,B,D,A,H,-,A,D,0,Y,NA,NA,NA,Y,NA,N,60,0,1,0,0,1,0,0,0,0,-,-,33.17353820800781,-117.20864105224608,SAN DIEGO,UNINCORPORATED,-117.20855712890624,33.17348098754883
90836471,2018,2018-10-15,9680,2018-10-07,0608,021501,NA,7,1,9,3700,0,1,3,NA,1,071,SAN FELIPE RD,SR-78,0,NA,Y,A,-,N,NA,NA,NA,NA,NA,NA,NA,NA,NA,Y,4,0,1,1,A,-,03,22350,NA,N,E,I,A,A,H,-,B,A,0,NA,NA,NA,NA,Y,NA,A,07,0,0,1,0,0,0,0,0,0,-,-,33.09859085083008,-116.47080993652344,SAN DIEGO,UNINCORPORATED,-116.4709014892578,33.09852981567383
90836700,2018,2018-10-16,9680,2018-10-04,1830,021944,NA,4,2,9,3700,0,1,3,NA,1,041,SR-188,SR-94,48,S,N,A,-,Y,NA,NA,188,NA,NA,NA,NA,NA,NA,N,3,0,1,1,A,-,03,22350,NA,N,F,A,A,A,H,-,A,D,0,NA,Y,NA,NA,Y,NA,L,04,0,1,0,0,0,0,1,0,0,-,-,32.59791946411133,-116.64301300048828,SAN DIEGO,UNINCORPORATED,-116.64300537109376,32.59797286987305
90837964,2018,2018-10-17,9680,2018-10-07,2040,021944,NA,7,2,4,3720,0,1,3,NA,2,027,SR-94 W/B,COLLEGE GROVE WAY,1056,E,N,A,-,Y,NA,NA,94,NA,NA,NA,NA,NA,W,Y,3,0,1,2,A,-,03,22350,NA,F,C,C,A,A,H,-,A,D,0,NA,NA,NA,NA,Y,NA,A,01,0,1,0,0,0,0,0,0,0,-,-,32.739288330078125,-117.05390167236328,SAN DIEGO,LEMON GROVE,-117.05385589599608,32.73925018310547
90840142,2018,2018-10-19,9645,2018-10-17,0855,015698,NA,3,1,7,3711,0,1,3,NA,2,006,SR-94 WB,25TH ST. O/C,500,E,N,A,-,Y,NA,NA,94,NA,NA,NA,NA,NA,W,Y,3,0,1,2,A,-,21,22106,NA,N,C,C,A,A,H,-,A,D,0,NA,NA,NA,NA,Y,NA,D,22,0,1,0,0,0,0,0,0,0,-,-,32.71337127685547,-117.14124298095705,SAN DIEGO,SAN DIEGO,-117.14124298095705,32.7132682800293
90840352,2018,2018-10-19,9650,2018-10-13,1408,021200,NA,6,2,9,3700,0,3,5,NA,2,211,LILAC ROAD,GRANDVIEW HEIGHTS ROAD,300,E,N,B,C,N,NA,NA,NA,NA,NA,NA,NA,NA,NA,N,4,0,1,2,A,-,03,22350,NA,N,B,C,A,B,H,-,A,D,0,NA,NA,NA,NA,Y,NA,D,22,0,0,1,0,0,0,0,0,0,-,-,33.25730895996094,-117.07576751708984,SAN DIEGO,UNINCORPORATED,-117.07569122314452,33.25730514526367
90840622,2018,2018-10-22,9650,2018-10-12,2355,020343,NA,5,3,5,3713,0,1,3,NA,2,017,SR-78 E/B,SYCAMORE AVE,1500,W,N,C,-,Y,NA,NA,78,NA,NA,NA,NA,NA,E,Y,4,0,1,1,A,-,03,22350,NA,N,E,I,A,B,C,-,C,D,0,NA,NA,NA,NA,Y,NA,A,01,0,0,1,0,0,0,0,0,0,-,-,33.16960144042969,-117.2189712524414,SAN DIEGO,VISTA,-117.21900939941406,33.16947937011719
9084137,2020,2020-06-09,3705,2020-02-21,2200,EC0394,NA,5,5,5,3705,0,0,0,NA,0,002,N MOLLISON AV,E MADISON AV,50,N,N,A,-,N,NA,NA,NA,NA,NA,NA,NA,NA,NA,NA,4,0,1,2,A,-,08,22107,NA,N,B,C,A,A,H,-,C,A,0,NA,NA,Y,NA,Y,NA,A,01,0,0,1,0,0,0,0,0,1,-,-,NA,NA,SAN DIEGO,EL CAJON,-116.9509735107422,32.80028533935547
90841572,2018,2018-10-22,9650,2018-10-13,0442,021805,NA,6,3,6,3706,0,1,1,NA,2,023,I-15 S/B,SR-78 E/B,20,N,N,B,C,Y,NA,NA,15,NA,NA,NA,NA,NA,S,Y,3,0,3,3,A,-,03,22350,NA,N,D,C,A,B,H,-,D,D,0,NA,NA,NA,NA,Y,NA,A,01,0,2,1,0,0,0,0,0,0,-,-,33.12670135498047,-117.10482788085938,SAN DIEGO,ESCONDIDO,-117.10485076904295,33.1266975402832
9084242,2020,2020-06-29,3711,2020-03-24,1837,SD6391,NA,2,5,7,3711,0,0,0,NA,0,246,SCIPPS POWAY PARKWAY,CYPRESS CANYON,0,NA,Y,A,-,N,NA,NA,NA,NA,NA,NA,NA,NA,NA,Y,4,0,2,2,D,-,00,NA,NA,N,A,C,A,-,-,-,A,A,0,NA,NA,NA,NA,Y,NA,-,-,0,0,2,0,0,0,0,0,0,-,-,NA,NA,SAN DIEGO,SAN DIEGO,-117.0844497680664,32.934120178222656