CASE_ID,ACCIDENT_YEAR,PROC_DATE,JURIS,COLLISION_DATE,COLLISION_TIME,OFFICER_ID,REPORTING_DISTRICT,DAY_OF_WEEK,CHP_SHIFT,POPULATION,CNTY_CITY_LOC,SPECIAL_COND,BEAT_TYPE,CHP_BEAT_TYPE,CITY_DIVISION_LAPD,CHP_BEAT_CLASS,BEAT_NUMBER,PRIMARY_RD,SECONDARY_RD,DISTANCE,DIRECTION,INTERSECTION,WEATHER_1,WEATHER_2,STATE_HWY_IND,CALTRANS_COUNTY,CALTRANS_DISTRICT,STATE_ROUTE,ROUTE_SUFFIX,POSTMILE_PREFIX,POSTMILE,LOCATION_TYPE,RAMP_INTERSECTION,SIDE_OF_HWY,TOW_AWAY,COLLISION_SEVERITY,NUMBER_KILLED,NUMBER_INJURED,PARTY_COUNT,PRIMARY_COLL_FACTOR,PCF_CODE_OF_VIOL,PCF_VIOL_CATEGORY,PCF_VIOLATION,PCF_VIOL_SUBSECTION,HIT_AND_RUN,TYPE_OF_COLLISION,MVIW,PED_ACTION,ROAD_SURFACE,ROAD_COND_1,ROAD_COND_2,LIGHTING,CONTROL_DEVICE,CHP_ROAD_TYPE,PEDESTRIAN_ACCIDENT,BICYCLE_ACCIDENT,MOTORCYCLE_ACCIDENT,TRUCK_ACCIDENT,NOT_PRIVATE_PROPERTY,ALCOHOL_INVOLVED,STWD_VEHTYPE_AT_FAULT,CHP_VEHTYPE_AT_FAULT,COUNT_SEVERE_INJ,COUNT_VISIBLE_INJ,COUNT_COMPLAINT_PAIN,COUNT_PED_KILLED,COUNT_PED_INJURED,COUNT_BICYCLIST_KILLED,COUNT_BICYCLIST_INJURED,COUNT_MC_KILLED,COUNT_MC_INJURED,PRIMARY_RAMP,SECONDARY_RAMP,LATITUDE,LONGITUDE,COUNTY,CITY,POINT_X,POINT_Y
90971717,2019,2019-04-22,9650,2019-04-20,1040,020673,NA,6,1,5,3701,0,1,1,NA,2,005,I-5 SOUTHBOUND,CANNON RD.,3600,N,N,A,-,Y,NA,NA,5,NA,NA,NA,NA,NA,S,N,4,0,3,2,A,-,04,21703,NA,N,C,C,A,A,H,-,A,D,0,NA,NA,NA,NA,Y,NA,A,07,0,0,3,0,0,0,0,0,0,-,-,33.14398956298828,-117.3337631225586,SAN DIEGO,CARLSBAD,-117.33370208740234,33.14399337768555
90972757,2019,2019-04-22,9680,2019-03-31,1548,021237,NA,7,2,9,3700,0,2,4,NA,1,026,KEMPTON ST,JAMACHA BLVD,30,S,N,A,-,N,NA,NA,NA,NA,NA,NA,NA,NA,NA,Y,4,0,3,3,A,-,01,23152,A,N,C,C,A,A,H,-,A,A,0,NA,NA,NA,NA,Y,Y,D,22,0,0,3,0,0,0,0,0,0,-,-,32.707801818847656,-117.00148010253906,SAN DIEGO,UNINCORPORATED,-117.0018310546875,32.70775604248047
90974038,2019,2019-04-24,9680,2019-04-12,0938,016181,NA,5,1,9,3700,0,3,5,NA,2,002,VIA MERCADO,SR-94,350,N,N,B,-,N,NA,NA,NA,NA,NA,NA,NA,NA,NA,N,4,0,2,2,C,-,18,NA,NA,N,C,C,A,A,H,-,A,D,0,NA,NA,NA,NA,Y,NA,-,-,0,0,2,0,0,0,0,0,0,-,-,32.74652862548828,-116.9577178955078,SAN DIEGO,UNINCORPORATED,-116.95783233642578,32.74650955200195
90976726,2019,2019-08-12,9645,2019-03-18,2039,018250,NA,1,2,7,3711,0,1,1,NA,2,011,I-805 S/B,HOME AVENUE,1000,N,N,A,-,Y,NA,NA,805,NA,NA,NA,NA,NA,S,Y,4,0,2,3,A,-,07,21658,A,N,B,C,A,A,H,-,D,D,0,NA,NA,NA,NA,Y,NA,A,01,0,0,2,0,0,0,0,0,0,-,-,32.73060989379883,-117.10936737060548,SAN DIEGO,SAN DIEGO,-117.10935974121094,32.730628967285156
90976818,2019,2019-04-26,9650,2019-04-21,0135,021528,NA,7,3,9,3700,0,3,5,NA,1,212,OLD CASTLE RD.,WILKES RD,0,NA,Y,A,-,N,NA,NA,NA,NA,NA,NA,NA,NA,NA,Y,4,0,2,2,A,-,01,23152,A,N,A,C,A,A,H,-,D,D,0,NA,NA,NA,NA,Y,Y,A,01,0,0,2,0,0,0,0,0,0,-,-,33.25605010986328,-117.08984375,SAN DIEGO,UNINCORPORATED,-117.08989715576172,33.256019592285156
90977905,2019,2019-04-29,9680,2019-04-17,0900,022233,NA,3,1,9,3700,0,3,5,NA,2,001,LAKEVIEW RD,SCOTSMAN RD,0,NA,Y,A,-,N,NA,NA,NA,NA,NA,NA,NA,NA,NA,N,4,0,1,2,A,-,09,21801,A,N,D,C,A,A,H,-,A,D,0,NA,NA,Y,NA,Y,NA,A,01,0,0,1,0,0,0,0,0,1,-,-,32.845458984375,-116.90499877929688,SAN DIEGO,UNINCORPORATED,-116.90492248535156,32.84539031982422
90978200,2019,2019-04-29,9645,2019-04-22,1100,019054,NA,1,1,7,3711,0,1,1,NA,2,007,I-5 N/B (BYPASS),CARMEL MOUNTAIN ROAD U/C,1500,S,N,A,-,Y,NA,NA,NA,NA,NA,NA,NA,NA,NA,Y,3,0,1,1,A,-,08,22107,NA,N,E,I,A,A,H,-,A,D,0,NA,NA,NA,NA,Y,NA,A,01,0,1,0,0,0,0,0,0,0,-,-,32.93067169189453,-117.24195098876952,SAN DIEGO,SAN DIEGO,-117.2343978881836,32.91788864135742
90978263,2019,2019-04-29,9680,2019-04-23,1823,021756,NA,2,2,9,3700,0,3,5,NA,2,002,PARADISE VALLEY RD,PARADISE VALLEY CT (PRIVATE),0,NA,Y,A,-,N,NA,NA,NA,NA,NA,NA,NA,NA,NA,Y,2,0,1,2,A,-,09,21804,A,N,D,C,A,A,H,-,A,D,0,NA,NA,Y,NA,Y,NA,A,07,1,0,0,0,0,0,0,0,1,-,-,32.69786834716797,-117.0244598388672,SAN DIEGO,UNINCORPORATED,-117.02448272705078,32.697940826416016
90978919,2019,2019-04-30,9645,2019-04-24,0600,016047,NA,3,1,7,3711,0,3,5,NA,2,018,OTAY MESA RD (7200 BLOCK),ALTA ROAD,1100,W,N,E,-,Y,NA,NA,NA,NA,NA,NA,NA,NA,NA,Y,4,0,2,2,A,-,09,21804,A,N,D,C,A,A,H,-,B,D,0,NA,NA,NA,NA,Y,NA,A,07,0,0,2,0,0,0,0,0,0,-,-,32.567378997802734,-117.92253112792967,SAN DIEGO,SAN DIEGO,-116.92276000976563,32.56737518310547
90979768,2019,2019-05-01,9645,2019-04-26,2120,018250,NA,5,2,7,3711,0,1,1,NA,2,021,SR-15 S/B,UNIVERSITY AVENUE,1000,S,N,A,-,Y,NA,NA,15,NA,NA,NA,NA,NA,S,Y,4,0,1,4,A,-,03,22350,NA,N,C,C,A,A,H,-,C,D,0,NA,NA,NA,NA,Y,NA,A,01,0,0,1,0,0,0,0,0,0,-,-,32.74470138549805,-117.11004638671876,SAN DIEGO,SAN DIEGO,-117.10995483398438,32.744625091552734
90980184,2019,2019-05-01,9680,2019-04-20,1448,021944,NA,6,2,9,3700,0,2,4,NA,1,029,SWEETWATER SPRINGS BLVD,AUSTIN DR,749,N,N,A,-,N,NA,NA,NA,NA,NA,NA,NA,NA,NA,N,3,0,1,2,A,-,05,21650,NA,N,D,G,A,A,H,-,A,A,0,NA,Y,NA,NA,Y,NA,L,04,0,1,0,0,0,0,1,0,0,-,-,32.733131408691406,-116.97147369384766,SAN DIEGO,UNINCORPORATED,-116.97157287597656,32.7330322265625
90980362,2019,2019-05-02,9645,2019-04-19,1725,021174,NA,5,2,7,3711,0,1,1,NA,2,001,I-5 SOUTHBOUND,4TH STREET,100,N,N,A,-,Y,NA,NA,NA,NA,NA,NA,NA,NA,NA,N,3,0,1,2,A,-,03,22350,NA,N,C,C,A,A,H,-,A,D,0,NA,NA,Y,NA,Y,NA,C,02,0,1,0,0,0,0,0,0,1,-,-,32.676300048828125,-117.10829925537108,SAN DIEGO,SAN DIEGO,-117.16080474853516,32.722537994384766
90980562,2019,2019-05-02,9680,2019-04-22,1755,020682,NA,1,2,4,3720,0,1,3,NA,1,023,SR-94 E/B,COLLEGE AVE,425,W,N,A,-,Y,NA,NA,94,NA,NA,NA,NA,NA,E,Y,4,0,1,2,A,-,03,22350,NA,N,C,C,A,A,H,-,A,D,0,NA,NA,NA,NA,Y,NA,A,07,0,0,1,0,0,0,0,0,0,-,-,32.74089050292969,-117.05165863037108,SAN DIEGO,LEMON GROVE,-117.05165863037108,32.74088668823242
9098058,2020,2020-11-04,3711,2020-05-13,2207,SD6057,NA,3,5,7,3711,0,0,0,NA,0,725,PALM AV,DENNERY RD,0,NA,Y,A,-,N,NA,NA,NA,NA,NA,NA,NA,NA,NA,Y,4,0,3,2,A,-,03,22350,NA,N,D,C,A,-,H,-,C,A,0,NA,NA,NA,NA,Y,NA,A,07,0,0,3,0,0,0,0,0,0,-,-,NA,NA,SAN DIEGO,SAN DIEGO,-117.03240203857422,32.583919525146484
90980872,2019,2019-05-02,9650,2019-04-26,1557,021154,NA,5,2,5,3713,0,1,3,NA,2,017,SR-78 E/B,MAR VISTA DR,2000,E,N,A,-,Y,NA,NA,78,NA,NA,NA,NA,NA,E,Y,3,0,1,3,A,-,07,21658,A,N,B,C,A,A,H,-,A,D,0,NA,NA,Y,NA,Y,NA,C,02,0,1,0,0,0,0,0,0,1,-,-,33.17652893066406,-117.22737884521484,SAN DIEGO,VISTA,-117.22739410400392,33.17652130126953
90983576,2019,2019-05-07,9650,2019-04-30,2250,013890,NA,2,3,5,3713,0,1,3,NA,2,017,SR-78 E/B,CIVIC CENTER DR.,1750,E,N,B,-,Y,NA,NA,78,NA,NA,NA,NA,NA,E,Y,4,0,1,2,A,-,03,22350,NA,N,C,C,A,A,H,-,D,D,0,NA,NA,NA,NA,Y,NA,A,01,0,0,1,0,0,0,0,0,0,-,-,33.186241149902344,-117.2347412109375,SAN DIEGO,VISTA,-117.23471069335938,33.186283111572266
90985932,2019,2019-05-10,9645,2019-05-01,1530,021639,NA,3,2,5,3709,0,1,1,NA,2,009,I-805 SOUTHBOUND,DIVISION ST U/C,600,S,N,A,-,Y,NA,NA,805,NA,NA,NA,NA,NA,S,Y,4,0,1,2,A,-,03,22350,NA,N,C,C,A,A,H,-,A,D,0,NA,NA,NA,NA,Y,NA,A,01,0,0,1,0,0,0,0,0,0,-,-,32.6856803894043,-117.09095001220705,SAN DIEGO,NATIONAL CITY,-117.09099578857422,32.68562698364258
90989490,2019,2019-05-15,9680,2019-05-04,1520,021322,NA,6,2,9,3700,0,3,5,NA,2,003,OLDE HIGHWAY 80,BOND AVE,0,NA,Y,A,-,N,NA,NA,NA,NA,NA,NA,NA,NA,NA,Y,3,0,1,2,A,-,09,21801,A,N,D,C,A,A,H,-,A,D,0,NA,NA,NA,NA,Y,NA,A,07,0,1,0,0,0,0,0,0,0,-,-,32.847328186035156,-116.87068176269533,SAN DIEGO,UNINCORPORATED,-116.87066,32.8473
90991265,2019,2019-05-20,9650,2019-05-16,0422,019308,NA,4,3,9,3700,0,1,1,NA,2,001,I-5 S/B,BASILONE RD,200,S,N,A,-,Y,NA,NA,5,NA,NA,NA,NA,NA,S,Y,3,0,1,2,A,-,01,23152,A,M,C,C,A,A,H,-,D,D,0,NA,NA,NA,NA,Y,Y,A,01,0,1,0,0,0,0,0,0,0,-,-,33.38508987426758,-117.58261108398438,SAN DIEGO,UNINCORPORATED,-117.58258819580078,33.3851432800293
90991937,2019,2019-05-20,9645,2019-05-11,2035,021772,NA,6,2,7,3711,0,1,1,NA,2,017,I-15 S/B,MIRA MESA BLVD.,1056,S,N,A,-,Y,NA,NA,15,NA,NA,NA,NA,NA,S,Y,3,0,1,4,A,-,03,22350,NA,N,B,C,A,A,H,-,C,D,0,NA,NA,NA,NA,Y,NA,A,01,0,1,0,0,0,0,0,0,0,-,-,32.91429901123047,-117.11673736572266,SAN DIEGO,SAN DIEGO,-117.11651611328124,32.914283752441406
90992276,2019,2019-05-20,9680,2019-05-06,1535,019998,NA,1,2,9,3700,0,2,4,NA,1,010,WOODSIDE AVE.,MARILLA DR,103,E,N,A,-,N,NA,NA,NA,NA,NA,NA,NA,NA,NA,Y,3,0,1,2,A,-,03,22350,NA,N,C,C,A,A,H,-,A,D,0,NA,NA,Y,NA,Y,NA,C,02,0,1,0,0,0,0,0,0,1,-,-,32.85493087768555,-116.9404296875,SAN DIEGO,UNINCORPORATED,-116.9403839111328,32.85493850708008
90992394,2019,2019-05-20,9645,2019-05-13,2125,021772,NA,1,2,7,3711,0,1,1,NA,2,017,I-15 N/B,AMMO ROAD,3168,S,N,B,-,Y,NA,NA,15,NA,NA,NA,NA,NA,N,Y,3,0,1,1,A,-,08,22107,NA,N,H,A,A,A,H,-,C,D,0,NA,NA,NA,NA,Y,NA,A,01,0,1,0,0,0,0,0,0,0,-,-,32.86537170410156,-117.108642578125,SAN DIEGO,SAN DIEGO,-117.10903930664063,32.86557388305664
90992814,2019,2019-07-15,9650,2019-03-14,0811,021327,NA,4,1,9,3700,0,1,3,NA,1,028,SR-76,RINCON RANCH RD,1335,E,N,A,-,Y,NA,NA,76,NA,NA,NA,NA,NA,NA,Y,1,1,1,1,A,-,03,22350,NA,N,F,A,A,A,H,-,A,D,0,NA,NA,NA,Y,Y,NA,G,25,0,1,0,0,0,0,0,0,0,-,-,33.30080032348633,-116.93921661376952,SAN DIEGO,UNINCORPORATED,-116.93917846679688,33.300811767578125
9099389,2020,2020-11-05,3705,2020-05-06,0839,EC0219,NA,3,5,5,3705,0,0,0,NA,0,001,BROADWAY,N FIRST ST,0,NA,Y,A,-,N,NA,NA,NA,NA,NA,NA,NA,NA,NA,NA,3,0,1,2,A,-,12,21453,A,N,D,C,A,A,H,-,A,A,0,NA,NA,NA,NA,Y,NA,A,01,0,1,0,0,0,0,0,0,0,-,-,NA,NA,SAN DIEGO,EL CAJON,-116.94458770751952,32.807701110839844
90994734,2019,2019-05-23,9645,2019-05-16,1100,018393,NA,4,1,7,3711,0,1,1,NA,2,010,I-8 E/B TO SR-163 N/B,I-8 E/B O/C,5,N,N,C,-,Y,NA,NA,8,NA,NA,NA,R,NA,E,Y,4,0,1,1,A,-,03,22350,NA,N,E,I,A,B,H,-,A,D,0,NA,NA,NA,NA,Y,NA,D,22,0,0,1,0,0,0,0,0,0,-,-,32.76272964477539,-117.16326141357422,SAN DIEGO,SAN DIEGO,-117.16326141357422,32.76272964477539
9099589,2020,2020-10-30,3706,2020-05-06,0045,487,ESCON,3,5,6,3706,0,0,0,NA,0,051,BEAR VALLEY PKWY,CHOYA CANYON RD,75,S,N,A,-,N,NA,NA,NA,NA,NA,NA,NA,NA,NA,Y,3,0,1,1,A,-,03,22350,NA,N,E,I,A,A,H,-,D,D,0,NA,NA,NA,NA,Y,NA,A,07,0,1,0,0,0,0,0,0,0,-,-,33.10224914550781,-117.05518341064452,SAN DIEGO,ESCONDIDO,-117.05528259277344,33.10222625732422
90996759,2019,2019-05-28,9650,2019-05-20,0041,018496,NA,1,3,9,3700,0,1,1,NA,2,001,I-5 S/B,CRISTIANITOS RD,1475,S,N,B,-,Y,NA,NA,5,NA,NA,NA,NA,NA,S,Y,4,0,1,2,A,-,03,22350,NA,N,A,C,A,A,H,-,D,D,0,NA,NA,NA,NA,Y,NA,A,01,0,0,1,0,0,0,0,0,0,-,-,33.39181900024414,-117.5906219482422,SAN DIEGO,UNINCORPORATED,-117.59062957763672,33.391815185546875
90996778,2019,2019-05-28,9645,2019-01-13,0540,019480,NA,7,3,7,3711,0,1,1,NA,2,021,SR-15 SOUTHBOUND,UNIVERSITY AVENUE,103,S,N,A,-,Y,NA,NA,15,NA,NA,NA,NA,NA,S,Y,2,0,1,2,A,-,01,23152,A,N,E,I,A,A,H,-,C,D,0,NA,NA,NA,NA,Y,Y,A,01,1,0,0,0,0,0,0,0,0,-,-,32.750511169433594,-117.10912322998048,SAN DIEGO,SAN DIEGO,-117.10899353027344,32.750511169433594
90998094,2019,2019-05-29,9645,2019-04-21,1320,014625,NA,7,1,7,3711,0,1,1,NA,2,005,I-5 NORTHBOUND TO CLAIREMONT DRIVE,CLAIREMONT DRIVE,520,S,N,A,-,Y,NA,NA,5,NA,NA,NA,R,NA,N,Y,2,0,1,1,A,-,08,22107,NA,N,E,I,A,A,H,-,A,D,0,NA,NA,NA,NA,Y,NA,A,07,1,0,0,0,0,0,0,0,0,-,-,32.789119720458984,-117.20668029785156,SAN DIEGO,SAN DIEGO,-117.20668029785156,32.789119720458984
90999251,2019,2019-05-30,9680,2019-05-18,2215,021828,NA,6,3,9,3700,0,3,5,NA,2,002,KEMPTON ST,OUTINDA ST,60,S,N,A,-,N,NA,NA,NA,NA,NA,NA,NA,NA,NA,Y,3,0,1,2,A,-,08,22107,NA,N,B,E,A,A,H,-,D,D,0,NA,NA,NA,NA,Y,NA,A,01,0,1,0,0,0,0,0,0,0,-,-,32.70526123046875,-117.00186920166016,SAN DIEGO,UNINCORPORATED,-117.00191497802734,32.70529556274414
9100266,2020,2020-09-04,3709,2020-05-09,1830,NC0528,NA,6,5,5,3709,0,0,0,NA,0,021,HIGHLAND AV,HIGHLAND AV 1200,0,NA,Y,A,-,N,NA,NA,NA,NA,NA,NA,NA,NA,NA,N,4,0,1,2,A,-,10,21950,A,F,B,B,B,A,H,-,A,A,0,Y,NA,NA,NA,Y,NA,-,-,0,0,1,0,1,0,0,0,0,-,-,NA,NA,SAN DIEGO,NATIONAL CITY,NA,NA
91005057,2019,2019-06-06,9680,2019-05-25,1253,022183,NA,6,1,5,3705,0,1,1,NA,2,082,I-8 W/B,2ND ST,1056,W,N,B,-,Y,NA,NA,8,NA,NA,NA,NA,NA,W,Y,4,0,1,2,A,-,03,22350,NA,N,C,C,A,A,H,-,A,D,0,NA,NA,NA,NA,Y,NA,D,22,0,0,1,0,0,0,0,0,0,-,-,32.80323028564453,-116.9394073486328,SAN DIEGO,EL CAJON,-116.9394073486328,32.80316162109375
91006500,2019,2019-06-10,9680,2019-05-30,0850,013686,NA,4,1,9,3700,0,3,5,NA,2,001,GREENFIELD DR,2ND ST.,495,W,N,A,-,N,NA,NA,NA,NA,NA,NA,NA,NA,NA,Y,4,0,1,3,A,-,03,22350,NA,N,C,C,A,A,H,-,A,A,0,NA,NA,NA,NA,Y,NA,A,01,0,0,1,0,0,0,0,0,0,-,-,32.81338119506836,-116.93750762939452,SAN DIEGO,UNINCORPORATED,-116.93741607666016,32.81333923339844
9100859,2020,2020-10-31,3711,2020-05-19,1439,SD7908,NA,2,5,7,3711,0,0,0,NA,0,114,CLAIREMONT DR,CLAIREMONT DR 4800,0,NA,N,A,-,N,NA,NA,NA,NA,NA,NA,NA,NA,NA,N,3,0,1,1,A,-,17,23116,A,N,H,-,A,-,H,-,A,D,0,NA,NA,NA,NA,Y,NA,D,22,0,1,0,0,0,0,0,0,0,-,-,NA,NA,SAN DIEGO,SAN DIEGO,NA,NA
91009337,2019,2019-06-13,9680,2019-06-03,1600,021353,NA,1,2,9,3700,0,3,5,NA,2,002,HILTON HEAD RD,HILTON HEAD PL,0,NA,Y,A,-,N,NA,NA,NA,NA,NA,NA,NA,NA,NA,Y,4,0,2,2,A,-,09,21804,A,N,D,C,A,A,H,-,A,D,0,NA,NA,NA,NA,Y,NA,A,01,0,0,2,0,0,0,0,0,0,-,-,32.74583053588867,-116.92669677734376,SAN DIEGO,UNINCORPORATED,-116.92604064941406,32.74551010131836
91011462,2019,2019-06-17,9645,2019-06-08,1530,020939,NA,6,2,7,3711,0,1,1,NA,2,011,I-805 S/B,TULIP ST O/C,400,N,N,A,-,Y,NA,NA,805,NA,NA,NA,NA,NA,S,Y,3,0,2,2,A,-,03,22350,NA,N,C,C,A,A,H,-,A,D,0,NA,NA,NA,NA,Y,NA,A,01,0,1,1,0,0,0,0,0,0,-,-,32.731300354003906,-117.11029815673828,SAN DIEGO,SAN DIEGO,-117.11036682128906,32.731178283691406
91012370,2019,2019-06-18,9650,2019-06-17,0620,020966,NA,1,1,9,3700,0,2,4,NA,1,027,VALLEY CENTER ROAD,WOODS VALLEY RD,30,S,N,A,-,Y,NA,NA,NA,NA,NA,NA,NA,NA,NA,N,4,0,1,2,A,-,03,22350,NA,N,C,C,A,B,H,-,B,A,0,NA,NA,NA,NA,Y,NA,A,01,0,0,1,0,0,0,0,0,0,-,-,33.20574951171875,-117.03321838378906,SAN DIEGO,UNINCORPORATED,-117.0332489013672,33.205810546875
91015348,2019,2019-06-21,9680,2019-06-12,1500,021476,NA,3,2,9,3700,0,3,5,NA,2,002,KENORA DR,KENWOOD DR,0,NA,Y,A,-,N,NA,NA,NA,NA,NA,NA,NA,NA,NA,Y,4,0,1,2,A,-,09,21802,A,N,D,C,A,A,H,-,A,A,0,NA,NA,NA,Y,Y,NA,F,21,0,0,1,0,0,0,0,0,0,-,-,32.74742889404297,-116.98892974853516,SAN DIEGO,UNINCORPORATED,-116.9889678955078,32.747440338134766
91016217,2019,2019-06-24,9645,2019-06-14,1416,019712,NA,5,2,7,3711,0,1,1,NA,2,030,I-15 SB  (HOV LANES),TED WILLIAMS O/C,25,S,N,A,-,Y,NA,NA,15,NA,NA,NA,NA,NA,S,Y,4,0,1,2,A,-,07,21658,A,N,B,C,A,A,H,-,A,D,0,NA,NA,NA,NA,Y,NA,A,01,0,0,1,0,0,0,0,0,0,-,-,32.96397018432617,-117.0959930419922,SAN DIEGO,SAN DIEGO,-117.09600830078124,32.96398162841797
91016226,2019,2019-06-24,9645,2019-06-07,1245,020474,NA,5,1,7,3711,0,1,3,NA,2,023,SR-163 S/B,ROBINSON AVE,122,S,N,A,-,Y,NA,NA,163,NA,NA,NA,NA,NA,S,Y,4,0,2,2,A,-,03,22350,NA,N,C,C,A,A,H,-,A,D,0,NA,NA,NA,NA,Y,NA,A,07,0,0,2,0,0,0,0,0,0,-,-,32.74599838256836,-117.15650177001952,SAN DIEGO,SAN DIEGO,-117.15659332275392,32.74599075317383
91016339,2019,2019-06-24,9650,2019-06-19,0740,017328,NA,3,1,6,3706,0,1,1,NA,2,023,I-15 N/B,VALLEY PARKWAY,1300,S,N,B,-,Y,NA,NA,15,NA,NA,NA,NA,NA,N,Y,4,0,1,2,A,-,07,21658,A,N,B,C,A,A,H,-,A,D,0,NA,NA,NA,NA,Y,NA,D,22,0,0,1,0,0,0,0,0,0,-,-,33.113609313964844,-117.09764862060548,SAN DIEGO,ESCONDIDO,-117.09774780273438,33.11355209350586
91017161,2019,2019-06-25,9650,2019-06-18,2328,013890,NA,2,3,5,3782,0,1,1,NA,2,007,I-5 N/B,ENCINITAS BLVD,3551,N,N,B,-,Y,NA,NA,5,NA,NA,NA,NA,NA,N,N,3,0,1,1,C,-,18,NA,NA,N,E,I,A,A,D,-,D,D,0,NA,NA,NA,NA,Y,NA,-,-,0,1,0,0,0,0,0,0,0,-,-,33.0578498840332,-117.29003143310548,SAN DIEGO,ENCINITAS,-117.28994750976563,33.05787658691406
91017383,2019,2019-06-25,9650,2019-06-13,1745,021200,NA,4,2,9,3700,0,3,5,NA,2,006,LA CANADA RD,VIA MONSERATE,0,NA,Y,A,-,N,NA,NA,NA,NA,NA,NA,NA,NA,NA,Y,4,0,2,2,A,-,12,22450,A,N,D,C,A,A,H,-,A,A,0,NA,NA,NA,NA,Y,NA,D,22,0,0,2,0,0,0,0,0,0,-,-,33.31739044189453,-117.21753692626952,SAN DIEGO,UNINCORPORATED,-117.217529296875,33.31732940673828
91018253,2019,2019-06-26,9650,2019-06-14,1600,015830,NA,5,2,9,3700,0,1,1,NA,2,001,I-5 S/B,LAS PULGAS RD,10560,N,N,A,-,Y,NA,NA,5,NA,NA,NA,NA,NA,S,N,4,0,2,2,A,-,03,22350,NA,N,C,C,A,A,H,-,A,D,0,NA,NA,NA,NA,Y,NA,A,08,0,0,2,0,0,0,0,0,0,-,-,33.324119567871094,-117.486328125,SAN DIEGO,UNINCORPORATED,-117.4862823486328,33.32418441772461
91023313,2019,2019-07-02,9680,2019-06-21,1455,021322,NA,5,2,5,3708,0,1,3,NA,2,028,SR-125 S/B,GROSSMONT BLVD,150,S,N,B,-,Y,NA,NA,125,NA,NA,NA,NA,NA,S,Y,4,0,1,3,A,-,07,21658,A,F,H,A,A,A,H,-,A,D,0,NA,NA,Y,NA,Y,NA,-,99,0,0,1,0,0,0,0,0,1,-,-,32.772830963134766,-117.00237274169922,SAN DIEGO,LA MESA,-117.00236511230467,32.772830963134766
91023893,2019,2019-07-03,9650,2019-06-25,0940,019191,NA,2,1,9,3700,0,3,5,NA,2,150,E. VISTA WAY,STRAWBERRY HILL LN,300,N,N,B,-,N,NA,NA,NA,NA,NA,NA,NA,NA,NA,Y,4,0,1,3,A,-,03,22350,NA,F,C,C,A,A,H,-,A,D,0,NA,NA,NA,NA,Y,NA,D,22,0,0,1,0,0,0,0,0,0,-,-,33.24536895751953,-117.22727966308594,SAN DIEGO,UNINCORPORATED,-117.22742462158205,33.24578094482422
9102404,2020,2020-11-09,3709,2020-04-24,1951,NC0515,NA,5,5,5,3709,0,0,0,NA,0,021,PLAZA BL,RT 805,55,W,N,A,-,N,NA,NA,NA,NA,NA,NA,NA,NA,NA,N,4,0,1,2,A,-,09,21800,A,N,D,C,A,A,H,-,C,A,0,NA,NA,Y,NA,Y,Y,A,01,0,0,1,0,0,0,0,0,1,-,NO,NA,NA,SAN DIEGO,NATIONAL CITY,-117.0849380493164,32.67716598510742
91025395,2019,2019-07-08,9650,2019-07-05,0940,016487,NA,5,1,6,3710,0,1,3,NA,2,015,SR-78 W/B,EL CAMINO REAL,1200,W,N,A,-,Y,NA,NA,78,NA,NA,NA,NA,NA,W,Y,4,0,1,1,A,-,08,22107,NA,N,E,I,A,A,H,-,A,D,0,NA,NA,NA,NA,Y,NA,A,01,0,0,1,0,0,0,0,0,0,-,-,33.1811408996582,-117.33119201660156,SAN DIEGO,OCEANSIDE,-117.33119201660156,33.18128967285156
91026622,2019,2019-07-08,9680,2019-06-23,2234,020720,NA,7,3,9,3700,0,1,1,NA,2,083,I-8 W/B,OLD HIGWAY 80 UC,1584,W,N,A,-,Y,NA,NA,8,NA,NA,NA,NA,NA,W,Y,4,0,1,2,A,-,07,21658,A,N,B,C,A,A,H,-,D,D,0,NA,NA,NA,NA,Y,NA,D,22,0,0,1,0,0,0,0,0,0,-,-,32.854469299316406,-116.8594970703125,SAN DIEGO,UNINCORPORATED,-116.85950469970705,32.85438537597656