CASE_ID,ACCIDENT_YEAR,PROC_DATE,JURIS,COLLISION_DATE,COLLISION_TIME,OFFICER_ID,REPORTING_DISTRICT,DAY_OF_WEEK,CHP_SHIFT,POPULATION,CNTY_CITY_LOC,SPECIAL_COND,BEAT_TYPE,CHP_BEAT_TYPE,CITY_DIVISION_LAPD,CHP_BEAT_CLASS,BEAT_NUMBER,PRIMARY_RD,SECONDARY_RD,DISTANCE,DIRECTION,INTERSECTION,WEATHER_1,WEATHER_2,STATE_HWY_IND,CALTRANS_COUNTY,CALTRANS_DISTRICT,STATE_ROUTE,ROUTE_SUFFIX,POSTMILE_PREFIX,POSTMILE,LOCATION_TYPE,RAMP_INTERSECTION,SIDE_OF_HWY,TOW_AWAY,COLLISION_SEVERITY,NUMBER_KILLED,NUMBER_INJURED,PARTY_COUNT,PRIMARY_COLL_FACTOR,PCF_CODE_OF_VIOL,PCF_VIOL_CATEGORY,PCF_VIOLATION,PCF_VIOL_SUBSECTION,HIT_AND_RUN,TYPE_OF_COLLISION,MVIW,PED_ACTION,ROAD_SURFACE,ROAD_COND_1,ROAD_COND_2,LIGHTING,CONTROL_DEVICE,CHP_ROAD_TYPE,PEDESTRIAN_ACCIDENT,BICYCLE_ACCIDENT,MOTORCYCLE_ACCIDENT,TRUCK_ACCIDENT,NOT_PRIVATE_PROPERTY,ALCOHOL_INVOLVED,STWD_VEHTYPE_AT_FAULT,CHP_VEHTYPE_AT_FAULT,COUNT_SEVERE_INJ,COUNT_VISIBLE_INJ,COUNT_COMPLAINT_PAIN,COUNT_PED_KILLED,COUNT_PED_INJURED,COUNT_BICYCLIST_KILLED,COUNT_BICYCLIST_INJURED,COUNT_MC_KILLED,COUNT_MC_INJURED,PRIMARY_RAMP,SECONDARY_RAMP,LATITUDE,LONGITUDE,COUNTY,CITY,POINT_X,POINT_Y
91648868,2021,2021-12-10,9680,2021-11-30,1600,021353,NA,2,2,5,3708,0,1,3,NA,2,028,SR-125 S/B FROM GROSSMONT BLVD,GROSSMONT BLVD,400,S,N,A,-,Y,NA,NA,125,NA,NA,NA,R,NA,S,Y,4,0,1,3,A,-,03,22350,NA,N,C,C,A,A,H,-,A,A,0,NA,NA,NA,NA,Y,NA,A,01,0,0,1,0,0,0,0,0,0,-,-,32.77227020263672,-117.00257873535156,SAN DIEGO,LA MESA,-117.00257873535156,32.77227020263672
91650672,2021,2021-12-13,9680,2021-12-01,1700,021353,NA,3,2,9,3700,0,1,3,NA,2,028,SR-125 S/B TO JAMACHA RD,JAMACHA RD.,60,N,N,A,-,Y,NA,NA,125,NA,NA,NA,R,NA,S,Y,4,0,1,2,A,-,03,22350,NA,N,C,C,A,A,H,-,C,A,0,NA,NA,NA,NA,Y,NA,A,01,0,0,1,0,0,0,0,0,0,-,-,32.71501159667969,-117.01506805419922,SAN DIEGO,UNINCORPORATED,-117.01506805419922,32.71501159667969
9165074,2020,2021-01-07,3711,2020-10-08,1317,SD6946,NA,4,5,7,3711,0,0,0,NA,0,315,CAMINO DEL RIO S,MISSION CITY PKWY,2640,W,N,A,-,N,NA,NA,NA,NA,NA,NA,NA,NA,NA,Y,3,0,1,2,A,-,09,21804,A,F,D,C,A,A,H,-,A,D,0,NA,NA,NA,NA,Y,NA,A,01,0,1,0,0,0,0,0,0,0,-,-,NA,NA,SAN DIEGO,SAN DIEGO,-117.13001251220705,32.77003479003906
9165097,2020,2021-01-08,3711,2020-10-15,0750,SD5454,NA,4,5,7,3711,0,0,0,NA,0,827,UNIVERSITY AV,54TH ST,30,E,N,A,-,N,NA,NA,NA,NA,NA,NA,NA,NA,NA,N,4,0,1,2,A,-,04,21703,NA,N,C,C,A,A,H,-,A,A,0,NA,NA,NA,NA,Y,NA,A,01,0,0,1,0,0,0,0,0,0,-,-,NA,NA,SAN DIEGO,SAN DIEGO,-117.07938385009766,32.74876403808594
91652729,2021,2021-12-15,9680,2021-12-03,0802,016535,NA,5,1,9,3700,0,2,4,NA,1,025,SWEETWATER ROAD,JAMACHA BOULEVARD,528,N,N,B,-,N,NA,NA,NA,NA,NA,NA,NA,NA,NA,Y,4,0,1,2,A,-,09,21804,A,N,D,C,A,A,H,-,A,D,0,NA,NA,NA,NA,Y,NA,A,07,0,0,1,0,0,0,0,0,0,-,-,32.707088470458984,-117.01091003417967,SAN DIEGO,UNINCORPORATED,-117.01077270507813,32.70651626586914
91653369,2021,2021-12-15,9645,2021-12-10,1430,016864,NA,5,2,7,3711,0,1,1,NA,2,015,I-805 S/B,SR-52,1320,S,N,B,-,Y,NA,NA,805,NA,NA,NA,NA,NA,S,Y,3,0,1,2,A,-,03,22350,NA,N,C,C,A,A,H,-,A,D,0,NA,NA,NA,NA,Y,NA,D,22,0,1,0,0,0,0,0,0,0,-,-,32.84397888183594,-117.1760482788086,SAN DIEGO,SAN DIEGO,-117.17610168457033,32.84394836425781
91656632,2021,2021-12-20,9645,2021-11-24,2040,017499,NA,3,2,7,3711,0,1,3,NA,2,006,SR-94 WESTBOUND,FEDERAL BLVD UC,2112,E,N,A,-,Y,NA,NA,94,NA,NA,NA,NA,NA,W,Y,4,0,1,1,C,-,18,NA,NA,N,F,A,A,A,H,-,B,D,0,NA,NA,NA,NA,Y,NA,-,-,0,0,1,0,0,0,0,0,0,-,-,32.72969055175781,-117.06513214111328,SAN DIEGO,SAN DIEGO,-117.06509399414063,32.72960662841797
91656886,2021,2021-12-20,9680,2021-12-09,0323,022622,NA,4,3,9,3700,0,3,5,NA,2,002,VIA MERCADO,SR-94,33,N,N,A,-,Y,NA,NA,NA,NA,NA,NA,NA,NA,NA,Y,4,0,1,1,A,-,08,22107,NA,N,E,I,A,A,H,-,C,A,0,NA,NA,NA,NA,Y,NA,A,01,0,0,1,0,0,0,0,0,0,-,-,32.74559020996094,-116.95783233642578,SAN DIEGO,UNINCORPORATED,-116.95787048339844,32.74555587768555
9165758,2020,2020-12-02,3702,2020-09-25,2212,CV1156,NA,5,5,6,3702,0,0,0,NA,0,031,TELEGRAPH CANYON RD,RT 805,0,NA,Y,A,-,Y,SD,11,805,-,-,6.277,R,4,N,Y,4,0,1,2,A,-,09,21453,C,N,D,C,A,A,H,-,C,A,0,NA,NA,NA,NA,Y,NA,A,01,0,0,1,0,0,0,0,0,0,-,NO,NA,NA,SAN DIEGO,CHULA VISTA,-117.04483795166016,32.63157653808594
9165907,2020,2020-11-30,3711,2020-09-20,1649,HB6269,NA,7,5,7,3711,0,0,0,NA,0,504,W HARBOR DR,FRONT ST,259,N,N,A,-,N,NA,NA,NA,NA,NA,NA,NA,NA,NA,N,3,0,1,2,A,-,07,21658,A,N,B,C,A,A,H,-,A,D,0,NA,NA,Y,NA,Y,NA,D,23,0,1,0,0,0,0,0,0,1,-,-,NA,NA,SAN DIEGO,SAN DIEGO,-117.16587829589844,32.70970916748047
91659309,2021,2021-12-22,9680,2021-12-12,1025,019936,NA,7,1,5,3781,0,1,3,NA,2,028,SR-125 SOUTHBOUND,MISSION GORGE RD,225,S,N,A,-,Y,NA,NA,125,NA,NA,NA,NA,NA,S,N,4,0,1,2,D,-,00,NA,NA,N,C,C,A,D,H,-,A,D,0,NA,NA,NA,NA,Y,NA,-,-,0,0,1,0,0,0,0,0,0,-,-,32.837791442871094,-117.00335693359376,SAN DIEGO,SANTEE,-117.00338745117188,32.837791442871094
91660021,2021,2021-12-23,9645,2021-12-13,1530,017667,NA,1,2,7,3711,0,3,5,NA,2,024,RANCHO BERNARDO RD.,4S RANCH PKWY.,0,NA,Y,B,-,N,NA,NA,NA,NA,NA,NA,NA,NA,NA,N,3,0,1,2,A,-,12,21453,A,N,D,C,A,A,H,-,A,A,0,NA,NA,NA,NA,Y,NA,A,01,0,1,0,0,0,0,0,0,0,-,-,33.02191925048828,-117.11351013183594,SAN DIEGO,SAN DIEGO,-117.11348724365234,33.021846771240234
91661548,2021,2021-12-24,9680,2021-12-16,1250,022106,NA,4,1,9,3700,0,1,3,NA,1,024,SR-94,VISTA SAGE LN,528,W,N,A,-,Y,NA,NA,94,NA,NA,NA,NA,NA,NA,Y,4,0,1,2,A,-,03,22350,NA,N,C,2,A,A,H,-,A,D,0,NA,NA,NA,NA,Y,NA,D,22,0,0,1,0,0,0,0,0,0,-,-,32.72584915161133,-116.89337921142578,SAN DIEGO,UNINCORPORATED,-116.89340972900392,32.725830078125
91662233,2021,2021-12-27,9650,2021-12-17,1724,018840,NA,5,2,9,3700,0,3,5,NA,2,070,AVENIDA DE ACACIAS,PASEO DELICIAS,0,NA,Y,A,-,N,NA,NA,NA,NA,NA,NA,NA,NA,NA,Y,4,0,1,2,A,-,09,21802,A,N,D,C,A,A,H,-,C,A,0,NA,NA,NA,NA,Y,NA,A,07,0,0,1,0,0,0,0,0,0,-,-,33.01947021484375,-117.2038116455078,SAN DIEGO,UNINCORPORATED,-117.20391082763672,33.01947021484375
91662320,2021,2021-12-27,9680,2021-12-15,1940,021510,NA,3,2,9,3700,0,1,3,NA,1,024,SR-94 EASTBOUND,SR-54 (JAMACHAROAD),100,W,N,A,-,Y,NA,NA,94,NA,NA,NA,NA,NA,E,N,4,0,1,2,A,-,03,22350,NA,F,C,C,A,A,H,-,D,D,0,NA,NA,NA,NA,Y,NA,-,99,0,0,1,0,0,0,0,0,0,-,-,32.739540100097656,-116.9428482055664,SAN DIEGO,UNINCORPORATED,-116.94285583496094,32.739593505859375
91669666,2021,2022-01-04,9680,2021-12-22,1520,017460,NA,3,2,9,3700,0,3,5,NA,2,006,SHERIDAN ROAD,STATE ROUTE 94,120,S,N,B,-,N,NA,NA,NA,NA,NA,NA,NA,NA,NA,Y,2,0,1,1,A,-,01,23152,A,N,F,A,A,A,H,-,A,A,0,NA,NA,NA,NA,Y,Y,A,01,1,0,0,0,0,0,0,0,0,-,-,32.63010025024414,-116.45768737792967,SAN DIEGO,UNINCORPORATED,-116.4579620361328,32.629913330078125
91669893,2021,2022-01-04,9645,2021-11-11,0045,019410,NA,4,3,7,3711,0,1,1,NA,2,010,I-8 W/B,MISSION CENTER RD. O/C,700,E,N,A,-,Y,NA,NA,8,NA,NA,NA,NA,NA,W,Y,2,0,2,1,A,-,01,23152,A,N,E,I,A,A,H,-,C,D,0,NA,NA,NA,NA,Y,Y,A,07,1,0,1,0,0,0,0,0,0,-,-,32.766929626464844,-117.14881896972656,SAN DIEGO,SAN DIEGO,-117.14876556396484,32.7667121887207
9167222,2020,2020-11-18,3702,2020-09-04,2200,CV1238,NA,5,5,6,3702,0,0,0,NA,0,021,PALOMAR ST,TRANSIT CENTER PL,0,NA,Y,A,-,N,NA,NA,NA,NA,NA,NA,NA,NA,NA,N,2,0,1,2,A,-,11,21954,A,F,G,B,D,A,H,-,C,A,0,Y,NA,NA,NA,Y,NA,N,60,1,0,0,0,1,0,0,0,0,-,-,NA,NA,SAN DIEGO,CHULA VISTA,NA,NA
91672710,2021,2022-01-06,9645,2021-12-14,1210,017473,NA,2,1,9,3700,0,1,3,NA,2,032,SR-125 S/B,SR-54,50,N,N,B,C,Y,NA,NA,125,NA,NA,NA,NA,NA,S,Y,3,0,1,1,A,-,03,22350,NA,N,E,I,A,B,H,-,A,D,0,NA,NA,NA,NA,Y,NA,A,01,0,1,0,0,0,0,0,0,0,-,-,32.6916389465332,-117.01683044433594,SAN DIEGO,UNINCORPORATED,-117.01696014404295,32.6916389465332
9167402,2020,2020-10-23,3702,2020-05-17,0321,CV0982,NA,7,5,6,3702,0,0,0,NA,0,013,3RD AV,K ST,98,S,N,B,-,N,NA,NA,NA,NA,NA,NA,NA,NA,NA,N,3,0,1,2,A,-,11,21955,NA,F,G,B,D,A,H,-,C,D,0,Y,NA,NA,NA,Y,NA,N,60,0,1,0,0,1,0,0,0,0,-,-,NA,NA,SAN DIEGO,CHULA VISTA,-117.07303619384766,32.62378692626953
91677853,2022,2022-03-30,9680,2022-01-03,1310,021646,NA,1,1,9,3700,0,1,1,NA,2,084,I-8 W/B,TAVERN RD,715,E,N,A,-,Y,SD,NA,8,NA,R,28.6,H,NA,L,Y,4,0,2,2,A,-,07,21658,A,N,B,C,A,A,H,-,A,D,0,NA,NA,NA,NA,Y,NA,-,-,0,0,2,0,0,0,0,0,0,-,-,32.84064865112305,-116.77742767333984,SAN DIEGO,UNINCORPORATED,-116.77742004394533,32.84053421020508
91678737,2021,2022-01-14,9680,2021-07-16,2120,022030,NA,5,2,9,3700,0,2,4,NA,1,026,JAMACHA BLVD,POINTE PKWY,62,E,N,A,-,N,NA,NA,NA,NA,NA,NA,NA,NA,NA,N,3,0,1,2,A,-,03,22350,NA,N,C,C,A,A,H,-,D,D,0,NA,NA,NA,NA,Y,NA,A,07,0,1,0,0,0,0,0,0,0,-,-,32.72098159790039,-116.97228240966795,SAN DIEGO,UNINCORPORATED,-116.97239685058594,32.7209358215332
91678969,2022,2022-01-17,9645,2022-01-13,1351,020952,NA,4,1,7,3711,0,1,1,NA,2,010,INTERSTATE 8 (WESTBOUND),COLLEGE AVENUE,400,W,N,B,-,Y,SD,NA,8,NA,NA,8.261,H,NA,R,Y,4,0,3,2,A,-,03,22350,NA,N,C,C,A,A,H,-,A,D,0,NA,NA,NA,NA,Y,NA,A,01,0,0,3,0,0,0,0,0,0,-,-,32.77939987182617,-117.06770324707033,SAN DIEGO,SAN DIEGO,-117.06769561767578,32.77927780151367
91679308,2022,2022-01-17,9680,2022-01-05,1615,020780,NA,3,2,5,3708,0,1,1,NA,2,081,I8 E/B,SPRING ST,180,E,N,A,-,Y,SD,NA,8,NA,NA,11.011,H,NA,R,Y,4,0,1,1,C,-,18,NA,NA,N,F,A,A,D,H,-,A,D,0,NA,NA,Y,NA,Y,NA,-,-,0,0,1,0,0,0,0,0,1,-,-,32.77082061767578,-117.02306365966795,SAN DIEGO,LA MESA,-117.02305603027344,32.77083206176758
91679912,2022,2022-01-18,9680,2022-01-06,0710,021944,NA,4,1,9,3700,0,3,5,NA,2,002,PARADISE VALLEY RD,SWEETWATER RD,32,W,N,A,-,Y,NA,NA,NA,NA,NA,NA,NA,NA,NA,Y,3,0,1,2,A,-,08,22107,NA,N,B,C,A,A,H,-,A,A,0,NA,NA,NA,NA,Y,NA,A,01,0,1,0,0,0,0,0,0,0,-,-,32.70494842529297,-117.01039123535156,SAN DIEGO,UNINCORPORATED,-117.0107879638672,32.704917907714844
9168603,2020,2020-11-19,3709,2020-09-30,2320,NC0449,NA,3,5,5,3709,0,0,0,NA,0,024,HIGHLAND AV,24TH ST,0,NA,Y,A,-,N,NA,NA,NA,NA,NA,NA,NA,NA,NA,Y,4,0,1,2,A,-,08,22107,NA,N,D,C,A,A,H,-,C,A,0,NA,NA,NA,NA,Y,NA,D,22,0,0,1,0,0,0,0,0,0,-,-,NA,NA,SAN DIEGO,NATIONAL CITY,-117.09336090087892,32.66436004638672
91688188,2022,2022-01-28,9650,2022-01-19,0245,018386,NA,3,3,9,3700,0,1,3,NA,1,028,SR-76 W/B,HORSE RANCH CREEK RD,2904,E,N,A,-,N,NA,NA,NA,NA,NA,NA,NA,NA,NA,Y,3,0,1,2,A,-,01,23152,A,N,D,C,A,A,H,-,C,D,0,NA,NA,NA,NA,Y,Y,A,01,0,1,0,0,0,0,0,0,0,-,-,33.340850830078125,-117.13977813720705,SAN DIEGO,UNINCORPORATED,-117.13977813720705,33.340858459472656
91688704,2022,2022-01-28,9650,2022-01-10,1730,022031,NA,1,2,9,3700,0,2,4,NA,2,061,EAST MISSION RD,VIA ZANCAS,110,E,N,A,-,N,NA,NA,NA,NA,NA,NA,NA,NA,NA,N,2,0,1,2,A,-,08,22107,NA,N,A,C,A,A,H,-,B,D,0,NA,NA,NA,NA,Y,NA,A,01,1,0,0,0,0,0,0,0,0,-,-,33.393798828125,-117.20964050292967,SAN DIEGO,UNINCORPORATED,-117.20972442626952,33.393802642822266
91688760,2022,2022-01-28,9680,2022-01-18,2030,019555,NA,2,2,9,3700,0,3,5,NA,2,001,POSTHILL RD,VALLE VISTA ROAD,528,E,N,A,-,N,NA,NA,NA,NA,NA,NA,NA,NA,NA,N,3,0,1,1,A,-,08,22107,NA,N,E,I,A,A,H,-,D,D,0,NA,NA,Y,NA,Y,NA,C,02,0,1,0,0,0,0,0,0,1,-,-,32.88166046142578,-116.93726348876952,SAN DIEGO,UNINCORPORATED,-116.93801879882813,32.88125228881836
9169273,2020,2020-12-30,3711,2020-10-12,2052,SD7039,NA,1,5,7,3711,0,0,0,NA,0,712,DAIRY MARK RD,POCITOS WY,32,N,N,A,-,N,NA,NA,NA,NA,NA,NA,NA,NA,NA,N,4,0,1,2,A,-,08,22107,NA,M,C,C,A,A,H,-,C,A,0,NA,NA,NA,NA,Y,NA,A,01,0,0,1,0,0,0,0,0,0,-,-,NA,NA,SAN DIEGO,SAN DIEGO,-117.06241607666016,32.56515121459961
91693876,2021,2022-02-04,9645,2021-10-25,1720,019678,NA,1,2,7,3711,1,1,1,NA,2,015,I-805 S/B,LINDA VISTA ROAD,155,N,N,B,C,Y,NA,NA,805,NA,NA,NA,NA,NA,S,N,4,0,1,2,A,-,03,22350,NA,F,C,C,A,B,H,-,B,D,0,NA,NA,NA,NA,Y,NA,-,99,0,0,1,0,0,0,0,0,0,-,-,32.81013870239258,-117.15415954589844,SAN DIEGO,SAN DIEGO,-117.15415954589844,32.810142517089844
91695395,2021,2022-02-07,9680,2021-12-13,0750,021646,NA,1,1,9,3700,0,1,3,NA,1,024,SR-94 CAMPO ROAD,COUGAR CANYON DRIVE,340,E,N,A,-,Y,NA,NA,94,NA,NA,NA,NA,NA,NA,Y,4,0,1,3,A,-,09,21801,A,N,D,C,A,A,H,-,A,A,0,NA,NA,NA,NA,Y,NA,A,01,0,0,1,0,0,0,0,0,0,-,-,32.72779846191406,-116.9246063232422,SAN DIEGO,UNINCORPORATED,-116.92463684082033,32.727699279785156
91695747,2022,2022-02-08,9650,2022-02-07,1837,021154,NA,1,2,5,3782,0,1,1,NA,2,007,I-5 N/B,ENCINITAS BLVD,479,N,N,A,-,Y,SD,NA,5,NA,R,41.625,H,NA,R,N,4,0,1,3,A,-,03,22350,NA,N,C,C,A,A,D,-,C,D,0,NA,NA,NA,NA,Y,NA,A,08,0,0,1,0,0,0,0,0,0,-,-,33.04981994628906,-117.2876205444336,SAN DIEGO,ENCINITAS,-117.28752136230467,33.04983901977539
9169603,2020,2020-12-16,3711,2020-10-07,1845,SD8861,NA,3,5,7,3711,0,0,0,NA,0,516,MARKET ST,RT 15,288,W,N,A,-,N,NA,NA,NA,NA,NA,NA,NA,NA,NA,Y,3,0,3,2,A,-,08,22107,NA,N,B,C,A,A,H,-,C,D,0,NA,NA,NA,NA,Y,NA,D,22,0,1,2,0,0,0,0,0,0,-,SO,NA,NA,SAN DIEGO,SAN DIEGO,-117.11996459960938,32.71162033081055
9169615,2020,2020-11-18,3711,2020-09-30,0930,SD7323,NA,3,5,7,3711,0,0,0,NA,0,528,HAWTHORN ST,STATE ST,0,NA,Y,A,-,N,NA,NA,NA,NA,NA,NA,NA,NA,NA,Y,4,0,1,2,A,-,12,21453,A,M,H,C,A,A,H,-,A,A,0,NA,NA,NA,Y,Y,NA,-,99,0,0,1,0,0,0,0,0,0,-,-,NA,NA,SAN DIEGO,SAN DIEGO,-117.16803741455078,32.726829528808594
91697068,2022,2022-02-09,9680,2022-01-29,1305,015733,NA,6,1,9,3700,0,3,5,NA,2,009,PAMO RD,PILE ST.,28512,N,N,B,-,N,NA,NA,NA,NA,NA,NA,NA,NA,NA,Y,4,0,1,1,A,-,03,22350,NA,N,F,A,A,A,H,-,A,D,0,NA,NA,NA,NA,Y,NA,D,22,0,0,1,0,0,0,0,0,0,-,-,33.143829345703125,-116.84768676757813,SAN DIEGO,UNINCORPORATED,-116.8484115600586,33.14313888549805
91697638,2022,2022-02-10,9650,2022-02-06,2210,014532,NA,7,3,9,3700,0,1,1,NA,2,001,I-5 S/B,SAN ONOFRE SCALES,200,S,N,A,-,Y,SD,NA,5,NA,R,67.399,H,NA,L,N,4,0,1,2,A,-,03,22350,NA,M,C,C,A,A,H,-,C,D,0,NA,NA,NA,NA,Y,NA,-,99,0,0,1,0,0,0,0,0,0,-,-,33.35329818725586,-117.52674865722656,SAN DIEGO,UNINCORPORATED,-117.52677154541016,33.353275299072266
91697831,2022,2022-02-10,9645,2022-01-29,1150,016838,NA,6,1,7,3711,0,1,1,NA,2,007,I-5 N/B,GENESEE AVE,1200,N,N,A,-,Y,NA,NA,NA,NA,NA,NA,NA,NA,NA,Y,2,0,1,2,D,-,00,NA,NA,N,B,C,A,A,H,-,A,D,0,NA,NA,NA,NA,Y,NA,-,-,1,0,0,0,0,0,0,0,0,-,-,32.88050079345703,-117.22779846191406,SAN DIEGO,SAN DIEGO,-117.22826385498048,32.88054656982422
91699459,2021,2022-02-14,9680,2021-10-07,1625,022183,NA,4,2,9,3700,0,2,4,NA,1,026,JAMACHA RD,SWEETWATER RD,390,E,N,B,-,N,NA,NA,NA,NA,NA,NA,NA,NA,NA,N,4,0,1,2,A,-,03,22350,NA,F,C,C,A,A,H,-,A,A,0,NA,NA,NA,NA,Y,NA,A,01,0,0,1,0,0,0,0,0,0,-,-,32.7147216796875,-117.01123809814452,SAN DIEGO,UNINCORPORATED,-117.01145935058594,32.71477127075195
91700543,2022,2022-02-14,9645,2022-01-31,1517,020265,NA,1,2,5,3709,0,1,1,NA,2,001,I-5 S/B,CIVIC CENTER DR. U/C,500,S,N,A,-,Y,SD,NA,5,NA,R,10.598,H,NA,L,N,3,0,2,3,A,-,08,22107,NA,F,B,C,A,A,H,-,A,D,0,NA,NA,NA,NA,Y,NA,A,01,0,2,0,0,0,0,0,0,0,-,-,32.667598724365234,-117.11119842529295,SAN DIEGO,NATIONAL CITY,-117.11122131347656,32.66759490966797
9170185,2020,2021-01-08,3703,2020-10-14,2359,1277,3,3,5,3,3703,0,0,0,NA,0,003,SILVER STRAND BL,LEYTE RD,0,NA,Y,E,-,N,NA,NA,75,NA,NA,NA,NA,NA,NA,Y,3,0,1,1,A,-,01,23152,A,N,E,I,A,A,H,-,D,D,0,NA,NA,NA,NA,Y,Y,A,07,0,1,0,0,0,0,0,0,0,-,-,32.64842987060547,-117.14866638183594,SAN DIEGO,CORONADO,-117.14868927001952,32.648414611816406
91703115,2022,2022-02-17,9645,2022-02-16,0709,016018,NA,3,1,7,3711,0,1,1,NA,2,017,I-15 NORTHBOUND TO MIRAMAR ROAD,MIRAMAR ROAD,340,S,N,A,-,Y,NA,NA,NA,NA,NA,NA,NA,NA,NA,N,4,0,1,3,A,-,03,22350,NA,N,C,C,A,A,H,-,A,D,0,NA,NA,NA,NA,Y,NA,A,07,0,0,1,0,0,0,0,0,0,-,-,32.892879486083984,-117.11322021484376,SAN DIEGO,SAN DIEGO,-117.11322021484376,32.892879486083984
91705130,2022,2022-02-21,9650,2022-02-18,1805,021805,NA,5,2,9,3700,0,3,5,NA,2,150,EAST VISTA WAY,OSBORNE ST,528,N,N,A,-,N,NA,NA,NA,NA,NA,NA,NA,NA,NA,Y,4,0,1,3,A,-,03,22350,NA,N,C,C,A,A,H,-,A,D,0,NA,NA,NA,NA,Y,NA,D,22,0,0,1,0,0,0,0,0,0,-,-,33.23970031738281,-117.22630310058594,SAN DIEGO,UNINCORPORATED,-117.22625732421876,33.23908615112305
91706601,2022,2022-02-23,9650,2022-02-19,0525,017328,NA,6,3,9,3700,0,3,5,NA,2,006,DE LUZ RD.,SANDIA CREEK DR.,170,S,N,A,-,N,NA,NA,NA,NA,NA,NA,NA,NA,NA,Y,3,0,1,1,A,-,03,22350,NA,N,E,I,A,A,H,-,D,D,0,NA,NA,NA,NA,Y,NA,A,07,0,1,0,0,0,0,0,0,0,-,-,33.40000915527344,-117.2501983642578,SAN DIEGO,UNINCORPORATED,-117.25009918212892,33.40011215209961
91706703,2022,2022-02-23,9680,2022-02-11,0210,021839,NA,5,3,4,3720,0,1,3,NA,2,027,SR-94 W/B,COLLEGE AVE,523,E,N,A,-,Y,SD,NA,94,NA,NA,7.872,H,NA,L,Y,3,0,2,1,A,-,08,22107,NA,N,E,8,A,A,H,-,C,D,0,NA,NA,NA,NA,Y,NA,A,01,0,2,0,0,0,0,0,0,0,-,-,32.74319076538086,-117.0495834350586,SAN DIEGO,LEMON GROVE,-117.04948425292967,32.743099212646484
91710029,2022,2022-02-25,9680,2022-02-12,1546,022622,NA,6,2,9,3700,0,2,4,NA,1,018,LOS COCHES RD,I-8 W/B,330,N,N,A,-,N,NA,NA,NA,NA,NA,NA,NA,NA,NA,N,4,0,1,2,A,-,09,21801,A,N,A,C,A,A,H,-,A,D,0,NA,NA,Y,NA,Y,NA,D,22,0,0,1,0,0,0,0,0,1,-,-,32.82754898071289,-116.904052734375,SAN DIEGO,UNINCORPORATED,-116.90422058105467,32.8277587890625
91710099,2022,2022-02-25,9645,2022-02-22,2004,020952,NA,2,2,6,3702,0,1,1,NA,2,009,INTERSTATE 805 (SOUTHBOUND),BONITA ROAD,105,S,N,B,C,Y,SD,NA,805,NA,NA,7.77,H,NA,L,Y,4,0,1,2,A,-,03,22350,NA,N,B,2,A,B,H,-,D,D,0,NA,NA,NA,Y,Y,NA,G,25,0,0,1,0,0,0,0,0,0,-,-,32.64780044555664,-117.06124877929688,SAN DIEGO,CHULA VISTA,-117.06120300292967,32.64784622192383
91710767,2022,2022-02-28,9645,2022-02-16,1615,019957,NA,3,2,7,3711,0,1,1,NA,2,010,I-8 EASTBOUND,MISSION CITY PARKWAY OVERCROSS,1342,E,N,A,-,Y,SD,NA,8,NA,NA,5.126,H,NA,R,N,3,0,2,2,A,-,03,22350,NA,N,C,C,A,A,H,-,A,D,0,NA,NA,Y,NA,Y,NA,C,02,0,1,1,0,0,0,0,0,1,-,-,32.776939392089844,-117.12077331542967,SAN DIEGO,SAN DIEGO,-117.12077331542967,32.77694320678711
91711892,2022,2022-03-01,9650,2022-02-25,1800,021992,NA,5,2,5,3712,0,1,3,NA,2,019,SR-78 W/B,RANCHO SANTA FE ROAD,200,E,N,A,-,Y,SD,NA,78,NA,NA,10.79,H,NA,L,N,4,0,1,2,A,-,03,22350,NA,N,C,C,A,A,H,-,C,D,0,NA,NA,NA,NA,Y,NA,D,22,0,0,1,0,0,0,0,0,0,-,-,33.148380279541016,-117.19596862792967,SAN DIEGO,SAN MARCOS,-117.1959991455078,33.148353576660156
91714287,2021,2022-03-03,9645,2021-12-28,1900,020952,NA,2,2,6,3702,0,1,1,NA,2,009,INTERSTATE 805 (NORTHBOUND),TELEGRAPH CANYON ROAD,480,S,N,B,C,Y,NA,NA,805,NA,NA,NA,NA,NA,NA,Y,1,1,0,1,A,-,08,22107,NA,N,E,8,A,B,H,-,C,D,0,NA,NA,NA,NA,Y,NA,A,01,0,0,0,0,0,0,0,0,0,-,-,32.6280517578125,-117.04257965087892,SAN DIEGO,CHULA VISTA,-117.04307556152344,32.62781524658203