CASE_ID,ACCIDENT_YEAR,PROC_DATE,JURIS,COLLISION_DATE,COLLISION_TIME,OFFICER_ID,REPORTING_DISTRICT,DAY_OF_WEEK,CHP_SHIFT,POPULATION,CNTY_CITY_LOC,SPECIAL_COND,BEAT_TYPE,CHP_BEAT_TYPE,CITY_DIVISION_LAPD,CHP_BEAT_CLASS,BEAT_NUMBER,PRIMARY_RD,SECONDARY_RD,DISTANCE,DIRECTION,INTERSECTION,WEATHER_1,WEATHER_2,STATE_HWY_IND,CALTRANS_COUNTY,CALTRANS_DISTRICT,STATE_ROUTE,ROUTE_SUFFIX,POSTMILE_PREFIX,POSTMILE,LOCATION_TYPE,RAMP_INTERSECTION,SIDE_OF_HWY,TOW_AWAY,COLLISION_SEVERITY,NUMBER_KILLED,NUMBER_INJURED,PARTY_COUNT,PRIMARY_COLL_FACTOR,PCF_CODE_OF_VIOL,PCF_VIOL_CATEGORY,PCF_VIOLATION,PCF_VIOL_SUBSECTION,HIT_AND_RUN,TYPE_OF_COLLISION,MVIW,PED_ACTION,ROAD_SURFACE,ROAD_COND_1,ROAD_COND_2,LIGHTING,CONTROL_DEVICE,CHP_ROAD_TYPE,PEDESTRIAN_ACCIDENT,BICYCLE_ACCIDENT,MOTORCYCLE_ACCIDENT,TRUCK_ACCIDENT,NOT_PRIVATE_PROPERTY,ALCOHOL_INVOLVED,STWD_VEHTYPE_AT_FAULT,CHP_VEHTYPE_AT_FAULT,COUNT_SEVERE_INJ,COUNT_VISIBLE_INJ,COUNT_COMPLAINT_PAIN,COUNT_PED_KILLED,COUNT_PED_INJURED,COUNT_BICYCLIST_KILLED,COUNT_BICYCLIST_INJURED,COUNT_MC_KILLED,COUNT_MC_INJURED,PRIMARY_RAMP,SECONDARY_RAMP,LATITUDE,LONGITUDE,COUNTY,CITY,POINT_X,POINT_Y
9314258,2021,2021-10-14,3711,2021-08-14,0520,SD7828,NA,6,5,7,3711,0,0,0,NA,0,113,CLAIREMONT MESA BL,LUNA AV,300,E,N,A,-,N,NA,NA,NA,NA,NA,NA,NA,NA,NA,Y,4,0,2,4,A,-,-,NA,NA,N,C,E,A,A,H,-,B,A,0,NA,NA,NA,NA,Y,NA,D,22,0,0,2,0,0,0,0,0,0,-,-,NA,NA,SAN DIEGO,SAN DIEGO,-117.215576171875,32.83049011230469
9314261,2021,2021-10-14,3711,2021-08-13,2234,SD8404,NA,5,5,7,3711,0,0,0,NA,0,623,FRIARS RD,ULRIC ST,0,NA,Y,B,-,N,NA,NA,NA,NA,NA,NA,NA,NA,NA,Y,3,0,1,2,A,-,17,21461,A,N,D,C,A,A,H,-,C,A,0,NA,NA,NA,NA,Y,NA,A,07,0,1,0,0,0,0,0,0,0,-,-,NA,NA,SAN DIEGO,SAN DIEGO,-117.1630630493164,32.770816802978516
9314767,2021,2021-09-10,3709,2021-07-08,1221,0450,NA,4,5,5,3709,0,0,0,NA,0,024,W 30TH ST,NATIONAL CITY BL,216,W,N,A,-,N,NA,NA,NA,NA,NA,NA,NA,NA,NA,Y,4,0,1,2,A,-,08,22107,NA,N,B,C,A,A,H,-,A,D,0,NA,NA,NA,NA,Y,NA,A,01,0,0,1,0,0,0,0,0,0,-,-,NA,NA,SAN DIEGO,NATIONAL CITY,-117.10035705566406,32.65685272216797
9314857,2021,2021-10-07,3708,2021-08-11,1154,LM1294,NA,3,5,5,3708,0,0,0,NA,0,004,AMAYA DR,SEVERIN DR,0,NA,Y,A,-,N,NA,NA,NA,NA,NA,NA,NA,NA,NA,Y,4,0,1,2,D,-,00,NA,NA,N,D,C,A,A,-,-,A,A,0,NA,NA,NA,NA,Y,NA,-,-,0,0,1,0,0,0,0,0,0,-,-,NA,NA,SAN DIEGO,LA MESA,-116.99851989746094,32.785621643066406
9315435,2021,2021-09-14,3705,2021-07-22,0726,EC0328,NA,4,5,5,3705,0,0,0,NA,0,004,S 1ST,WASHINGTON,2,S,N,A,-,N,NA,NA,NA,NA,NA,NA,NA,NA,NA,N,4,0,1,2,A,-,12,21453,A,N,D,G,A,A,H,-,A,A,0,NA,Y,NA,NA,Y,NA,L,04,0,0,1,0,0,0,1,0,0,-,-,NA,NA,SAN DIEGO,EL CAJON,-116.94461059570313,32.78763961791992
9316375,2021,2021-09-18,3711,2021-08-25,1619,SD7057,NA,3,5,7,3711,0,0,0,NA,0,243,KEARNY AV,RT 163,0,NA,Y,A,B,N,NA,NA,NA,NA,NA,NA,NA,NA,NA,Y,4,0,2,2,A,-,08,22107,NA,N,A,C,A,A,H,-,A,D,0,NA,NA,NA,NA,Y,NA,A,01,0,0,2,0,0,0,0,0,0,-,-,NA,NA,SAN DIEGO,SAN DIEGO,NA,NA
9318858,2021,2021-09-03,3702,2021-07-23,2133,CV1310,NA,5,5,6,3702,0,0,0,NA,0,042,TOWN CENTER DR,OLYMPIC PKWY,0,NA,Y,A,-,N,NA,NA,NA,NA,NA,NA,NA,NA,NA,Y,4,0,1,2,D,-,00,NA,NA,N,C,C,A,A,H,-,C,A,0,NA,NA,NA,NA,Y,NA,-,-,0,0,1,0,0,0,0,0,0,-,-,NA,NA,SAN DIEGO,CHULA VISTA,-116.96746063232422,32.62858200073242
9319780,2021,2021-09-08,3702,2021-07-15,1412,CV1355,NA,4,5,6,3702,0,0,0,NA,0,023,EAST NAPLES ST,MONSERATE AV,0,NA,Y,A,-,N,NA,NA,NA,NA,NA,NA,NA,NA,NA,N,4,0,1,3,A,-,12,22450,A,N,D,C,A,A,H,-,A,D,0,NA,NA,NA,NA,Y,NA,A,01,0,0,1,0,0,0,0,0,0,-,-,NA,NA,SAN DIEGO,CHULA VISTA,-117.04921722412108,32.61931228637695
9320325,2021,2022-02-02,3711,2021-10-29,1554,SD7322,NA,5,5,7,3711,0,0,0,NA,0,111,BALBOA AV,BALBOA AV 5800,0,NA,N,A,-,N,NA,NA,NA,NA,NA,NA,NA,NA,NA,N,1,1,0,2,A,-,09,21801,A,N,D,C,A,A,H,-,A,D,0,NA,NA,NA,NA,Y,NA,A,01,0,0,0,0,0,0,0,0,0,-,-,NA,NA,SAN DIEGO,SAN DIEGO,-117.178198,32.820339
9320447,2022,2022-03-03,3711,2022-01-09,0129,SD6513,NA,7,5,7,3711,0,0,0,NA,0,126,NORTH TORREY PINES ROAD,N U SYSTEM DRIVE,794,N,N,A,-,N,NA,NA,NA,NA,NA,NA,NA,NA,NA,N,1,1,0,1,A,-,08,22107,NA,N,E,I,A,A,H,-,D,D,0,NA,NA,NA,NA,Y,NA,A,01,0,0,0,0,0,0,0,0,0,-,-,NA,NA,SAN DIEGO,SAN DIEGO,-117.244873046875,32.91234588623047
9321735,2021,2021-10-22,3711,2021-09-07,2141,SD7274,NA,2,5,7,3711,0,0,0,NA,0,442,NATIONAL AV,S 36TH ST,300,W,N,A,-,N,NA,NA,NA,NA,NA,NA,NA,NA,NA,N,3,0,1,2,A,-,11,21955,NA,N,A,B,D,A,H,-,C,D,0,Y,NA,NA,NA,Y,Y,N,60,0,1,0,0,1,0,0,0,0,-,-,NA,NA,SAN DIEGO,SAN DIEGO,-117.1177215576172,32.69601058959961
9322293,2021,2021-09-16,3710,2021-08-24,1809,OC1238,NA,2,5,6,3710,0,0,0,NA,0,022,RT 76,GUAJOME RD,8,E,N,A,-,Y,SD,11,76,-,R,7.18,H,-,E,Y,4,0,3,2,A,-,04,21703,NA,N,C,C,A,A,H,-,A,A,0,NA,NA,NA,NA,Y,NA,D,22,0,0,3,0,0,0,0,0,0,-,-,NA,NA,SAN DIEGO,OCEANSIDE,-117.27423095703124,33.24835968017578
9323561,2021,2021-10-14,3705,2021-09-10,1030,EC0219,NA,5,5,5,3705,0,0,0,NA,0,003,GRANITE HILLS DR,JAMACHA RD,0,NA,Y,A,-,N,NA,NA,NA,NA,NA,NA,NA,NA,NA,N,4,0,1,2,A,-,10,21950,A,N,G,B,B,A,H,-,A,A,0,Y,NA,NA,NA,Y,NA,A,07,0,0,1,0,1,0,0,0,0,-,-,NA,NA,SAN DIEGO,EL CAJON,-116.92792510986328,32.7852897644043
9323772,2021,2021-09-14,3711,2021-06-25,1335,SD7233,NA,5,5,7,3711,0,0,0,NA,0,824,MEADE AV,FAIRMOUNT AV,0,NA,Y,A,-,N,NA,NA,NA,NA,NA,NA,NA,NA,NA,Y,3,0,4,2,A,-,12,21453,A,N,D,C,A,A,H,-,A,A,0,NA,NA,NA,NA,Y,NA,A,01,0,4,0,0,0,0,0,0,0,-,-,NA,NA,SAN DIEGO,SAN DIEGO,-117.10186767578124,32.75706481933594
9324371,2021,2021-11-08,3711,2021-09-01,1749,SD1519,NA,3,5,7,3711,0,0,0,NA,0,521,1500 16TH ST,K ST,0,NA,Y,A,-,N,NA,NA,NA,NA,NA,NA,NA,NA,NA,N,4,0,1,2,A,-,09,21800,C,N,D,G,A,A,H,-,A,A,0,NA,Y,NA,NA,Y,NA,L,04,0,0,1,0,0,0,1,0,0,-,-,NA,NA,SAN DIEGO,SAN DIEGO,-117.1494598388672,32.70835876464844
9324952,2021,2021-10-04,3702,2021-08-13,0910,CV1337,NA,5,5,6,3702,0,0,0,NA,0,022,5TH AV,NICKMAN ST,0,NA,Y,A,-,N,NA,NA,NA,NA,NA,NA,NA,NA,NA,N,4,0,1,2,A,-,09,21801,A,N,A,D,A,A,H,-,C,A,0,NA,NA,NA,NA,Y,Y,A,01,0,0,1,0,0,0,0,0,0,-,-,NA,NA,SAN DIEGO,CHULA VISTA,-117.07779693603516,32.612823486328125
9324956,2021,2021-10-12,3702,2021-08-23,0603,CV1341,NA,1,5,6,3702,0,0,0,NA,0,041,TELEGRAPH CANYON RD,PASEO LADERA,0,NA,Y,A,-,N,NA,NA,NA,NA,NA,NA,NA,NA,NA,N,4,0,1,2,-,-,-,NA,A,N,D,C,A,A,H,-,A,A,0,NA,NA,NA,NA,Y,NA,A,01,0,0,1,0,0,0,0,0,0,-,-,NA,NA,SAN DIEGO,CHULA VISTA,-117.02060699462892,32.623470306396484
9325101,2021,2021-10-27,3705,2021-05-17,1749,EC0371,NA,1,5,5,3705,0,0,0,NA,0,004,S MOLLISON AV,PORTLAND ST,199,N,N,A,-,N,NA,NA,NA,NA,NA,NA,NA,NA,NA,Y,4,0,2,3,A,-,09,21804,A,N,D,C,A,A,H,-,A,D,0,NA,NA,NA,NA,Y,NA,A,01,0,0,2,0,0,0,0,0,0,-,-,NA,NA,SAN DIEGO,EL CAJON,-116.9509735107422,32.782474517822266
9336163,2021,2021-10-23,3711,2021-09-09,1822,SD7216,NA,4,5,7,3711,0,0,0,NA,0,813,ARNOLD AV,DWIGHT ST,0,NA,Y,-,-,N,NA,NA,NA,NA,NA,NA,NA,NA,NA,N,3,0,3,2,A,-,12,22450,A,N,-,-,A,-,-,-,-,-,0,NA,NA,NA,NA,Y,NA,A,01,0,3,0,0,0,0,0,0,0,-,-,NA,NA,SAN DIEGO,SAN DIEGO,-117.13681030273438,32.7439079284668
9336355,2021,2021-10-18,3711,2021-09-04,1630,SD7414,NA,6,5,7,3711,0,0,0,NA,0,233,PENASQUITOS DR,CARMEL MOUNTAIN RD 11000,0,NA,Y,A,-,N,NA,NA,NA,NA,NA,NA,NA,NA,NA,N,3,0,1,2,A,-,12,21453,A,N,D,C,A,A,H,-,A,A,0,NA,NA,Y,NA,Y,NA,A,01,0,1,0,0,0,0,0,0,1,-,-,NA,NA,SAN DIEGO,SAN DIEGO,-117.09037017822266,32.97751235961914
9336373,2021,2021-10-22,3711,2021-09-11,1400,SD8377,NA,6,5,7,3711,0,0,0,NA,0,516,BROADWAY,RT 94,2,N,N,A,-,N,NA,NA,NA,NA,NA,NA,NA,NA,NA,N,3,0,2,2,A,-,09,21801,A,M,D,C,A,A,H,-,A,D,0,NA,NA,NA,NA,Y,NA,A,01,0,2,0,0,0,0,0,0,0,-,-,NA,NA,SAN DIEGO,SAN DIEGO,-117.12613677978516,32.71467208862305
9336620,2021,2021-10-19,3711,2021-09-13,1245,SD1137,NA,1,5,7,3711,0,0,0,NA,0,313,RONSON RD,RUFFNER ST,0,NA,Y,A,-,N,NA,NA,NA,NA,NA,NA,NA,NA,NA,Y,4,0,1,2,A,-,09,21802,B,N,D,C,A,A,H,-,A,D,0,NA,NA,NA,NA,Y,NA,A,01,0,0,1,0,0,0,0,0,0,-,-,NA,NA,SAN DIEGO,SAN DIEGO,-117.1584701538086,32.82901382446289
9337084,2021,2021-10-26,3711,2021-09-10,0938,SD7911,NA,5,5,7,3711,0,0,0,NA,0,627,UNIVERSITY AV,7TH AV,0,NA,Y,A,-,N,NA,NA,NA,NA,NA,NA,NA,NA,NA,N,4,0,1,2,B,-,22,NA,NA,N,G,B,B,A,H,-,A,A,0,Y,NA,NA,NA,Y,NA,A,01,0,0,1,0,1,0,0,0,0,-,-,NA,NA,SAN DIEGO,SAN DIEGO,-117.15837097167967,32.748382568359375
9338138,2021,2021-09-27,3705,2021-08-17,0727,EC5357,NA,2,5,5,3705,0,0,0,NA,0,002,BALLANTYNE ST,BROADWAY,22,S,N,A,-,N,NA,NA,NA,NA,NA,NA,NA,NA,NA,N,3,0,1,1,A,-,03,22350,NA,N,E,I,A,A,H,-,A,A,0,NA,Y,NA,NA,Y,NA,L,04,0,1,0,0,0,0,1,0,0,-,-,NA,NA,SAN DIEGO,EL CAJON,-116.95813751220705,32.807621002197266
9338886,2021,2021-11-09,3702,2021-09-07,1614,CV1275,NA,2,5,6,3702,0,0,0,NA,0,011,BROADWAY,FLOWER ST,74,S,N,A,-,N,NA,NA,NA,NA,NA,NA,NA,NA,NA,Y,4,0,2,2,A,-,03,22350,NA,N,C,C,A,A,H,-,A,D,0,NA,NA,NA,NA,Y,NA,A,01,0,0,2,0,0,0,0,0,0,-,-,NA,NA,SAN DIEGO,CHULA VISTA,-117.09408569335938,32.642826080322266
9339015,2021,2021-10-27,3710,2021-09-18,1226,OC1492,NA,6,5,6,3710,0,0,0,NA,0,007,SOUTH COAST HWY,MISSION AV,0,NA,Y,A,-,N,NA,NA,NA,NA,NA,NA,NA,NA,NA,N,4,0,1,2,A,-,10,21950,A,N,G,B,B,A,H,-,A,A,0,Y,NA,NA,NA,Y,NA,A,08,0,0,1,0,1,0,0,0,0,-,-,NA,NA,SAN DIEGO,OCEANSIDE,-117.37953948974608,33.19589614868164
9339609,2021,2021-10-20,3703,2021-09-20,0540,1386,1,1,5,3,3703,0,0,0,NA,0,001,POMONA AV,GLORIETTA PL,142,E,N,A,-,Y,SD,11,75,-,R,20,H,-,S,Y,4,0,1,2,A,-,08,22107,NA,N,B,C,A,A,H,-,C,D,0,NA,NA,Y,NA,Y,NA,A,01,0,0,1,0,0,0,0,0,1,-,-,32.694801330566406,-117.17134857177734,SAN DIEGO,CORONADO,-117.17042541503906,32.69295883178711
9341927,2021,2021-11-17,3711,2021-10-12,0730,SD1310,NA,2,5,7,3711,0,0,0,NA,0,627,WASHINGTON ST,5TH AV,0,NA,Y,A,-,N,NA,NA,NA,NA,NA,NA,NA,NA,NA,N,3,0,1,2,A,-,03,38305,NA,M,B,B,D,A,H,-,C,D,0,Y,NA,NA,NA,Y,Y,-,99,0,1,0,0,1,0,0,0,0,-,-,NA,NA,SAN DIEGO,SAN DIEGO,-117.16082763671876,32.7498664855957
9342598,2021,2021-11-04,3708,2021-09-15,2037,LM1158,NA,3,5,5,3708,0,0,0,NA,0,001,MASSACHUSETTS AV,WAITE DR,0,NA,Y,A,-,N,NA,NA,NA,NA,NA,NA,NA,NA,NA,Y,4,0,2,3,A,-,12,21453,A,N,A,C,A,A,H,-,C,A,0,NA,NA,NA,NA,Y,NA,A,01,0,0,2,0,0,0,0,0,0,-,-,NA,NA,SAN DIEGO,LA MESA,-117.04279327392578,32.746238708496094
9343775,2021,2021-11-03,3711,2021-09-29,1930,SD1565,NA,3,5,7,3711,0,0,0,NA,0,622,BACON ST,BACON ST 1846,0,NA,-,A,-,N,NA,NA,NA,NA,NA,NA,NA,NA,NA,N,4,0,1,2,A,-,03,22350,NA,M,B,C,A,A,H,-,B,D,0,NA,NA,NA,NA,Y,NA,-,NA,0,0,1,0,0,0,0,0,0,-,-,NA,NA,SAN DIEGO,SAN DIEGO,-117.25189,32.745915
9343776,2021,2021-12-17,3711,2021-09-30,1319,SD6063,NA,4,5,7,3711,0,0,0,NA,0,126,TORREY PINES RD,TORREY PINES RD 11000,513,S,N,A,-,N,NA,NA,NA,NA,NA,NA,NA,NA,NA,N,3,0,1,1,D,-,00,NA,NA,N,H,-,A,A,H,-,A,D,0,NA,NA,NA,NA,Y,NA,-,-,0,1,0,0,0,0,0,0,0,-,-,NA,NA,SAN DIEGO,SAN DIEGO,-117.25159454345705,32.850059509277344
9344543,2021,2021-10-20,3703,2021-09-25,1710,1389,2,6,5,3,3703,0,0,0,NA,0,002,ORANGE AV,8TH ST,57,S,N,A,-,Y,SD,11,75,-,-,19.14,H,-,N,N,4,0,1,2,A,-,03,22350,NA,N,C,C,A,A,H,-,A,A,0,NA,NA,NA,NA,Y,NA,D,22,0,0,1,0,0,0,0,0,0,-,-,32.688751220703125,-117.17819213867188,SAN DIEGO,CORONADO,-117.1782684326172,32.68846893310547
9344778,2021,2021-10-23,3711,2021-09-23,1539,SD1402,NA,4,5,7,3711,0,0,0,NA,0,315,AUTO CIR,CAMINO DEL RIO N,0,NA,Y,A,-,N,NA,NA,NA,NA,NA,NA,NA,NA,NA,N,4,0,1,2,A,-,03,22350,NA,N,C,C,A,A,H,-,A,A,0,NA,NA,NA,NA,Y,NA,A,01,0,0,1,0,0,0,0,0,0,-,-,NA,NA,SAN DIEGO,SAN DIEGO,-117.1533432006836,32.7668571472168
9344796,2021,2021-10-23,3711,2021-09-28,0831,D7180,NA,2,5,7,3711,0,0,0,NA,0,622,LINDA VISTA CT,METRO ST,282,E,N,A,-,N,NA,NA,NA,NA,NA,NA,NA,NA,NA,N,3,0,1,2,A,-,08,22107,NA,M,D,G,A,A,H,-,A,A,0,NA,Y,NA,NA,Y,NA,A,01,0,1,0,0,0,0,1,0,0,-,-,NA,NA,SAN DIEGO,SAN DIEGO,-117.19583129882813,32.76665115356445
9345410,2021,2021-12-06,3700,2021-10-02,2018,SH0817,NA,6,5,5,3712,0,0,0,NA,0,359,WEST SAN MARCOS BL,VIA VERA CRUZ,0,NA,Y,A,-,N,NA,NA,NA,NA,NA,NA,NA,NA,NA,Y,3,0,2,2,D,-,00,NA,NA,N,D,C,A,A,H,-,C,A,0,NA,NA,NA,NA,Y,NA,-,-,0,1,1,0,0,0,0,0,0,-,-,NA,NA,SAN DIEGO,SAN MARCOS,-117.18797302246094,33.134849548339844
9347777,2021,2021-11-16,3711,2021-10-16,2030,SD1567,NA,6,5,7,3711,0,0,0,NA,0,934,EL CAMINO REAL,VALLEY CENTRE DR,0,NA,Y,A,-,N,NA,NA,NA,NA,NA,NA,NA,NA,NA,N,4,0,2,2,A,-,09,21453,C,M,D,C,A,A,H,-,C,A,0,NA,NA,NA,NA,Y,NA,-,99,0,0,2,0,0,0,0,0,0,-,-,NA,NA,SAN DIEGO,SAN DIEGO,-117.23805236816406,32.935951232910156
9349091,2021,2021-12-13,3711,2021-10-10,2325,SD7818,NA,7,5,7,3711,0,0,0,NA,0,832,EL CAJON BL,FAIRMONT AV,0,NA,Y,A,-,N,NA,NA,NA,NA,NA,NA,NA,NA,NA,Y,4,0,1,2,A,-,12,21453,A,M,D,C,A,A,H,-,C,A,0,NA,NA,NA,NA,Y,NA,A,01,0,0,1,0,0,0,0,0,0,-,-,NA,NA,SAN DIEGO,SAN DIEGO,-117.100830078125,32.755069732666016
9349098,2021,2021-12-13,3711,2021-10-03,0140,SD7979,NA,7,5,7,3711,0,0,0,NA,0,441,IMPERIAL AV,36TH ST,100,W,N,A,-,N,NA,NA,NA,NA,NA,NA,NA,NA,NA,N,4,0,1,2,A,-,11,21954,A,N,B,B,D,A,H,-,D,D,0,Y,NA,NA,NA,Y,NA,N,60,0,0,1,0,1,0,0,0,0,-,-,NA,NA,SAN DIEGO,SAN DIEGO,-117.11717224121094,32.705631256103516
93491121,2024,2024-08-05,9680,2024-07-07,1315,021441,NA,7,1,4,3720,0,1,3,NA,2,027,SR-94 E/B,LEMON GROVE AVENUE,70,E,N,A,-,Y,SD,NA,94,NA,NA,8.958,H,NA,R,Y,4,0,7,5,A,-,03,22350,NA,F,C,C,A,A,H,-,A,D,0,NA,NA,NA,NA,Y,NA,A,07,0,0,7,0,0,0,0,0,0,-,-,32.746089935302734,-117.03156280517578,SAN DIEGO,LEMON GROVE,-117.03157806396484,32.74612808227539
9349432,2021,2021-11-16,3702,2021-09-08,0650,NC0500,NA,3,5,6,3702,0,0,0,NA,0,999,BIRCH RD,RT 125,0,NA,Y,A,-,Y,SD,11,125,-,-,2.057,R,4,N,N,4,0,1,2,D,-,00,NA,NA,N,D,C,A,A,H,-,A,A,0,NA,NA,NA,NA,Y,NA,-,-,0,0,1,0,0,0,0,0,0,-,NF,NA,NA,SAN DIEGO,CHULA VISTA,-116.97112274169922,32.61729049682617
9349746,2021,2021-11-19,3710,2021-10-02,2221,OC1434,NA,6,5,6,3710,0,0,0,NA,0,021,RT 76,RANCHO DEL ORO DR,0,NA,Y,A,-,Y,SD,11,76,-,R,4.211,I,5,E,Y,4,0,2,2,A,-,01,23152,A,N,A,C,A,A,H,-,C,A,0,NA,NA,NA,NA,Y,Y,A,01,0,0,2,0,0,0,0,0,0,-,-,NA,NA,SAN DIEGO,OCEANSIDE,-117.31822204589844,33.227813720703125
9349962,2021,2021-11-02,3711,2021-09-19,2224,SD5813,NA,7,5,7,3711,0,0,0,NA,0,831,UNIVERSITY AV,FAIRMOUNT AV,104,E,N,A,-,N,NA,NA,NA,NA,NA,NA,NA,NA,NA,N,2,0,1,2,A,-,11,21950,B,N,G,B,E,A,H,-,C,D,0,Y,NA,NA,NA,Y,Y,N,60,1,0,0,0,1,0,0,0,0,-,-,NA,NA,SAN DIEGO,SAN DIEGO,-117.1005630493164,32.749610900878906
9350205,2021,2021-11-12,3711,2021-10-09,2201,SD7519,NA,6,5,7,3711,0,0,0,NA,0,523,6TH AV,MARKET ST,0,NA,Y,A,-,N,NA,NA,NA,NA,NA,NA,NA,NA,NA,N,3,0,1,1,A,-,03,22350,NA,N,H,A,A,A,H,-,C,D,0,NA,NA,NA,NA,Y,Y,-,NA,0,1,0,0,0,0,0,0,0,-,-,NA,NA,SAN DIEGO,SAN DIEGO,-117.15927124023438,32.711509704589844
9350346,2021,2021-10-21,3711,2021-09-01,0955,SD5662,NA,3,5,7,3711,0,0,0,NA,0,123,MISSION BAY DR,CLAIREMONT DR,0,NA,Y,A,-,N,NA,NA,NA,NA,NA,NA,NA,NA,NA,N,3,0,1,1,B,-,22,NA,NA,N,H,G,A,A,H,-,A,D,0,NA,Y,NA,NA,Y,NA,L,04,0,1,0,0,0,0,1,0,0,-,-,NA,NA,SAN DIEGO,SAN DIEGO,-117.20919036865234,32.790313720703125
9351024,2021,2021-12-14,3711,2021-10-21,1718,SD7803,NA,4,5,7,3711,0,0,0,NA,0,834,VAN DYKE AV,WIGHTMAN ST,0,NA,Y,A,-,N,NA,NA,NA,NA,NA,NA,NA,NA,NA,Y,3,0,3,2,A,-,12,22450,A,N,D,C,A,A,H,-,B,D,0,NA,NA,NA,NA,Y,NA,A,01,0,1,2,0,0,0,0,0,0,-,-,NA,NA,SAN DIEGO,SAN DIEGO,-117.10323333740234,32.74776077270508
9353088,2021,2021-11-09,3710,2021-10-01,2106,OC1510,NA,5,5,6,3710,0,0,0,NA,0,027,MARRON RD,COLLEGE BL,0,NA,Y,A,-,N,NA,NA,NA,NA,NA,NA,NA,NA,NA,N,4,0,1,2,A,-,10,21950,A,F,G,B,B,A,H,-,C,A,0,Y,NA,NA,NA,Y,NA,-,NA,0,0,1,0,1,0,0,0,0,-,-,NA,NA,SAN DIEGO,OCEANSIDE,-117.2940673828125,33.1786003112793
9353089,2021,2021-11-16,3710,2021-10-05,1319,OC1503,NA,2,5,6,3710,0,0,0,NA,0,013,JEFFERSON ST,RT 78,0,NA,Y,A,-,Y,SD,11,78,-,-,999.533,R,4,E,Y,4,0,1,2,A,-,12,21453,A,N,D,C,A,A,H,-,A,A,0,NA,NA,NA,NA,Y,NA,A,01,0,0,1,0,0,0,0,0,0,-,EF,NA,NA,SAN DIEGO,OCEANSIDE,-117.33993530273438,33.18122863769531
9353090,2021,2021-11-09,3710,2021-10-10,1504,OC1485,NA,7,5,6,3710,0,0,0,NA,0,008,WISCONSIN AV,SOUTH COAST HWY,30,E,N,A,-,N,NA,NA,NA,NA,NA,NA,NA,NA,NA,Y,4,0,1,1,A,-,03,22350,NA,N,E,I,A,A,H,-,A,A,0,NA,NA,NA,NA,Y,NA,A,01,0,0,1,0,0,0,0,0,0,-,-,NA,NA,SAN DIEGO,OCEANSIDE,-117.37326049804688,33.188568115234375
9353310,2021,2021-11-16,3709,2021-10-02,1830,NC0427,NA,6,5,5,3709,0,0,0,NA,0,021,NATIONAL CITY BL,E 2ND ST,0,NA,Y,A,-,N,NA,NA,NA,NA,NA,NA,NA,NA,NA,N,3,0,1,2,A,-,05,21202,A,M,H,G,A,A,H,-,B,D,0,NA,Y,NA,NA,Y,NA,L,04,0,1,0,0,0,0,1,0,0,-,-,NA,NA,SAN DIEGO,NATIONAL CITY,-117.10894775390624,32.68098831176758
9353749,2021,2021-11-10,3702,2021-09-01,0755,CV1367,NA,3,5,6,3702,0,0,0,NA,0,031,CANYON DR,OTAY LAKES RD,10,E,N,A,B,N,NA,NA,NA,NA,NA,NA,NA,NA,NA,Y,4,0,1,2,A,-,03,22350,NA,N,C,C,A,A,H,-,A,A,0,NA,NA,NA,NA,Y,NA,A,01,0,0,1,0,0,0,0,0,0,-,-,NA,NA,SAN DIEGO,CHULA VISTA,-117.00318908691406,32.64703369140625
9354302,2021,2021-11-13,3702,2021-09-29,1906,CV1163,NA,3,5,6,3702,0,0,0,NA,0,041,SANTA VENETIA ST,SANTA VICTORIA ST,0,NA,Y,A,-,N,NA,NA,NA,NA,NA,NA,NA,NA,NA,Y,3,0,2,2,A,-,09,21802,A,N,A,C,A,A,H,-,C,A,0,NA,NA,NA,NA,Y,NA,A,01,0,1,1,0,0,0,0,0,0,-,-,NA,NA,SAN DIEGO,CHULA VISTA,-116.98713684082033,32.621517181396484
9354344,2021,2021-11-10,3702,2021-09-19,1024,CV1279,NA,7,5,6,3702,0,0,0,NA,0,031,H ST,PASEO RANCHERO,16,W,N,A,-,N,NA,NA,NA,NA,NA,NA,NA,NA,NA,Y,4,0,3,2,A,-,03,22350,NA,F,C,C,A,A,H,-,C,D,0,NA,NA,NA,NA,Y,NA,A,01,0,0,3,0,0,0,0,0,0,-,-,NA,NA,SAN DIEGO,CHULA VISTA,-117.01113891601563,32.63848876953125
9355774,2021,2021-11-08,3700,2021-10-15,1932,SD7794,NA,5,5,2,3704,0,0,0,NA,0,933,DEL MAR HEIGHTS RD,DEL MAR HEIGHTS RD 2500,0,NA,-,A,-,N,NA,NA,NA,NA,NA,NA,NA,NA,NA,N,4,0,3,2,A,-,03,22350,NA,N,C,E,A,A,H,-,C,A,0,NA,NA,NA,NA,Y,Y,A,01,0,0,3,0,0,0,0,0,0,-,-,NA,NA,SAN DIEGO,DEL MAR,NA,NA
9355895,2021,2021-11-05,3711,2021-10-23,0154,SD7237,NA,6,5,7,3711,0,0,0,NA,0,122,INGRAHAM ST,GARNET AV,0,NA,Y,A,-,N,NA,NA,NA,NA,NA,NA,NA,NA,NA,N,3,0,1,2,C,-,18,NA,NA,M,A,B,D,A,H,-,C,A,0,Y,NA,NA,NA,Y,Y,-,-,0,1,0,0,1,0,0,0,0,-,-,NA,NA,SAN DIEGO,SAN DIEGO,-117.24083709716795,32.79976272583008
9356002,2021,2021-10-29,3711,2021-10-13,1445,SD7989,NA,3,5,7,3711,0,0,0,NA,0,116,KNOXVILLE ST,MORENA BL,335,N,N,A,-,N,NA,NA,NA,NA,NA,NA,NA,NA,NA,Y,4,0,2,3,A,-,08,22107,NA,N,C,E,A,A,H,-,A,D,0,NA,NA,NA,NA,Y,NA,-,NA,0,0,2,0,0,0,0,0,0,-,-,NA,NA,SAN DIEGO,SAN DIEGO,-117.20316314697266,32.77400588989258