CASE_ID,ACCIDENT_YEAR,PROC_DATE,JURIS,COLLISION_DATE,COLLISION_TIME,OFFICER_ID,REPORTING_DISTRICT,DAY_OF_WEEK,CHP_SHIFT,POPULATION,CNTY_CITY_LOC,SPECIAL_COND,BEAT_TYPE,CHP_BEAT_TYPE,CITY_DIVISION_LAPD,CHP_BEAT_CLASS,BEAT_NUMBER,PRIMARY_RD,SECONDARY_RD,DISTANCE,DIRECTION,INTERSECTION,WEATHER_1,WEATHER_2,STATE_HWY_IND,CALTRANS_COUNTY,CALTRANS_DISTRICT,STATE_ROUTE,ROUTE_SUFFIX,POSTMILE_PREFIX,POSTMILE,LOCATION_TYPE,RAMP_INTERSECTION,SIDE_OF_HWY,TOW_AWAY,COLLISION_SEVERITY,NUMBER_KILLED,NUMBER_INJURED,PARTY_COUNT,PRIMARY_COLL_FACTOR,PCF_CODE_OF_VIOL,PCF_VIOL_CATEGORY,PCF_VIOLATION,PCF_VIOL_SUBSECTION,HIT_AND_RUN,TYPE_OF_COLLISION,MVIW,PED_ACTION,ROAD_SURFACE,ROAD_COND_1,ROAD_COND_2,LIGHTING,CONTROL_DEVICE,CHP_ROAD_TYPE,PEDESTRIAN_ACCIDENT,BICYCLE_ACCIDENT,MOTORCYCLE_ACCIDENT,TRUCK_ACCIDENT,NOT_PRIVATE_PROPERTY,ALCOHOL_INVOLVED,STWD_VEHTYPE_AT_FAULT,CHP_VEHTYPE_AT_FAULT,COUNT_SEVERE_INJ,COUNT_VISIBLE_INJ,COUNT_COMPLAINT_PAIN,COUNT_PED_KILLED,COUNT_PED_INJURED,COUNT_BICYCLIST_KILLED,COUNT_BICYCLIST_INJURED,COUNT_MC_KILLED,COUNT_MC_INJURED,PRIMARY_RAMP,SECONDARY_RAMP,LATITUDE,LONGITUDE,COUNTY,CITY,POINT_X,POINT_Y
9384387,2021,2022-01-04,3711,2021-12-17,2111,SD1601,NA,5,5,7,3711,0,0,0,NA,0,822,EL CAJON BL,56TH ST,0,NA,Y,A,-,N,NA,NA,NA,NA,NA,NA,NA,NA,NA,N,3,0,2,2,A,-,04,21703,NA,N,C,C,A,A,H,-,C,A,0,NA,NA,NA,NA,Y,NA,A,01,0,1,1,0,0,0,0,0,0,-,-,NA,NA,SAN DIEGO,SAN DIEGO,-117.07492065429688,32.75846862792969
9384591,2021,2022-01-12,3711,2021-12-16,0724,SD1531,NA,4,5,7,3711,0,0,0,NA,0,813,33RD ST,DWIGHT ST,0,NA,Y,A,-,N,NA,NA,NA,NA,NA,NA,NA,NA,NA,N,4,0,1,2,A,-,12,22450,A,N,A,G,A,A,H,-,A,A,0,NA,Y,NA,NA,Y,NA,A,01,0,0,1,0,0,0,1,0,0,-,-,NA,NA,SAN DIEGO,SAN DIEGO,-117.12284088134766,32.7437744140625
9384619,2021,2022-01-11,3711,2021-12-10,1845,SD1547,NA,5,5,7,3711,0,0,0,NA,0,315,CAMINO DEL RIO N,CAMINO DEL RIO N 2931,0,NA,N,A,-,N,NA,NA,NA,NA,NA,NA,NA,NA,NA,N,4,0,1,1,A,-,08,22107,NA,N,E,I,A,A,H,-,C,D,0,NA,NA,NA,NA,Y,NA,A,01,0,0,1,0,0,0,0,0,0,-,-,NA,NA,SAN DIEGO,SAN DIEGO,NA,NA
9384691,2021,2022-01-12,3711,2021-12-07,0835,SD6564,NA,2,5,7,3711,0,0,0,NA,0,612,ROSECRANS ST,GOLDSMITH ST,0,NA,Y,B,-,N,NA,NA,NA,NA,NA,NA,NA,NA,NA,Y,4,0,1,2,A,-,03,22350,NA,N,C,C,A,A,H,-,A,A,0,NA,NA,NA,NA,Y,NA,D,22,0,0,1,0,0,0,0,0,0,-,-,NA,NA,SAN DIEGO,SAN DIEGO,-117.21508026123048,32.74122619628906
9384811,2021,2022-02-01,3711,2021-12-20,1530,SD1391,NA,1,5,7,3711,0,0,0,NA,0,934,CARMEL VALLEY RD,RT 5,0,NA,Y,A,-,N,NA,NA,NA,NA,NA,NA,NA,NA,NA,Y,4,0,3,3,A,-,12,21453,A,N,D,C,A,A,-,-,A,A,0,NA,NA,NA,NA,Y,NA,A,01,0,0,3,0,0,0,0,0,0,-,NF,NA,NA,SAN DIEGO,SAN DIEGO,-117.24134063720705,32.93233108520508
9384839,2021,2022-01-13,3711,2021-12-04,1808,SD7322,NA,6,5,7,3711,0,0,0,NA,0,521,16TH ST,MARKET ST,0,NA,Y,A,-,N,NA,NA,NA,NA,NA,NA,NA,NA,NA,Y,2,0,3,4,A,-,12,21453,A,N,D,C,A,A,H,-,C,D,0,NA,NA,NA,NA,Y,NA,A,01,1,0,2,0,0,0,0,0,0,-,-,NA,NA,SAN DIEGO,SAN DIEGO,-117.14945220947266,32.711524963378906
9385256,2021,2022-01-12,3711,2021-12-22,1429,SD1547,NA,3,5,7,3711,0,0,0,NA,0,315,CAMINO DE LA REINA,CAMINO DE LA REINA 1320,0,NA,Y,B,-,N,NA,NA,NA,NA,NA,NA,NA,NA,NA,N,4,0,1,2,A,-,03,22350,NA,N,C,C,A,A,H,-,A,D,0,NA,NA,NA,NA,Y,NA,A,01,0,0,1,0,0,0,0,0,0,-,-,NA,NA,SAN DIEGO,SAN DIEGO,NA,NA
9387507,2021,2022-01-11,3711,2021-12-09,1250,SD1364,NA,4,5,7,3711,0,0,0,NA,0,114,REGENTS RD,RT 52,1000,S,N,B,-,N,NA,NA,NA,NA,NA,NA,NA,NA,NA,N,3,0,1,2,A,-,03,22350,NA,N,C,C,A,A,H,-,A,D,0,NA,NA,NA,NA,Y,Y,A,01,0,1,0,0,0,0,0,0,0,-,-,NA,NA,SAN DIEGO,SAN DIEGO,-117.21567535400392,32.839595794677734
9387516,2021,2022-01-11,3711,2021-12-07,1004,SD1617,NA,2,5,7,3711,0,0,0,NA,0,625,SAN DIEGO  AV,LINWOOD ST,26,S,N,A,-,N,NA,NA,NA,NA,NA,NA,NA,NA,NA,Y,4,0,1,2,A,-,08,22107,NA,M,A,C,A,A,H,-,C,D,0,NA,NA,NA,NA,Y,Y,D,22,0,0,1,0,0,0,0,0,0,-,-,NA,NA,SAN DIEGO,SAN DIEGO,-117.19374847412108,32.75202178955078
9388676,2021,2022-01-20,3711,2021-12-17,1451,OC1177,NA,5,5,7,3711,0,0,0,NA,0,021,DOUGLAS DR,MISSION AV,225,S,N,A,-,N,NA,NA,NA,NA,NA,NA,NA,NA,NA,Y,3,0,2,2,A,-,09,21801,NA,N,A,C,A,A,H,-,A,D,0,NA,NA,NA,NA,Y,NA,A,01,0,1,1,0,0,0,0,0,0,-,-,NA,NA,SAN DIEGO,SAN DIEGO,-117.3260498046875,33.227203369140625
9389096,2022,2022-01-27,3711,2022-01-05,0400,SD6564,NA,3,5,7,3711,0,0,0,NA,0,614,NEWPORT AV,NEWPORT AV 5000,300,S,N,A,-,N,NA,NA,NA,NA,NA,NA,NA,NA,NA,N,4,0,3,2,A,-,08,22107,NA,M,D,E,A,A,H,-,C,D,0,NA,NA,NA,NA,Y,NA,-,99,0,0,3,0,0,0,0,0,0,-,-,NA,NA,SAN DIEGO,SAN DIEGO,-117.23526763916016,33.21126174926758
9389627,2021,2022-01-12,3702,2021-09-01,2020,CV1281,NA,3,5,6,3702,0,0,0,NA,0,012,BROADWAY AV,G ST,0,NA,Y,A,-,N,NA,NA,NA,NA,NA,NA,NA,NA,NA,Y,4,0,2,2,A,-,01,23152,B,N,D,C,A,A,H,-,C,A,0,NA,NA,NA,NA,Y,Y,A,01,0,0,2,0,0,0,0,0,0,-,-,NA,NA,SAN DIEGO,CHULA VISTA,-117.09081268310548,32.63441467285156
9389633,2021,2022-01-12,3702,2021-09-23,1931,CV1122,NA,4,5,6,3702,0,0,0,NA,0,023,E ORANGE,MELROSE ST,0,NA,Y,A,-,N,NA,NA,NA,NA,NA,NA,NA,NA,NA,Y,4,0,1,2,A,-,09,21801,A,N,A,C,A,A,H,-,C,A,0,NA,NA,NA,NA,Y,NA,A,07,0,0,1,0,0,0,0,0,0,-,-,NA,NA,SAN DIEGO,CHULA VISTA,-117.03896331787108,32.60469436645508
9389767,2021,2022-01-14,3711,2021-12-20,2029,SD1343,NA,1,5,7,3711,0,0,0,NA,0,242,MIRA MESA BL,GREENFORD DR,0,NA,Y,A,-,N,NA,NA,NA,NA,NA,NA,NA,NA,NA,Y,4,0,1,2,A,-,12,21453,A,N,D,C,A,A,H,-,C,A,0,NA,NA,NA,NA,Y,NA,A,01,0,0,1,0,0,0,0,0,0,-,-,NA,NA,SAN DIEGO,SAN DIEGO,-117.13297271728516,32.91387176513672
9390128,2021,2022-01-24,3700,2021-12-28,1040,SH0320,NA,2,5,5,3713,0,0,0,NA,0,303,EAST VISTA WY,TAYLOR ST,300,S,N,B,-,N,NA,NA,NA,NA,NA,NA,NA,NA,NA,Y,4,0,3,5,A,-,09,21804,A,N,D,C,A,B,H,-,A,D,0,NA,NA,NA,NA,Y,NA,A,07,0,0,3,0,0,0,0,0,0,-,-,NA,NA,SAN DIEGO,VISTA,-117.22614288330078,33.22625732421875
9390247,2021,2022-01-14,3702,2021-11-10,1420,CV1203,NA,3,5,6,3702,0,0,0,NA,0,013,3RD AV,J ST,127,S,N,A,-,N,NA,NA,NA,NA,NA,NA,NA,NA,NA,N,4,0,2,2,A,-,03,22350,NA,N,C,C,A,A,H,-,A,A,0,NA,NA,NA,NA,Y,NA,A,01,0,0,2,0,0,0,0,0,0,-,-,NA,NA,SAN DIEGO,CHULA VISTA,-117.07435607910156,32.62714767456055
9390480,2021,2022-01-24,3711,2021-11-17,1500,SD7461,NA,3,5,7,3711,0,0,0,NA,0,611,CUSHING RD,WOMBLE RD,0,NA,Y,A,-,N,NA,NA,NA,NA,NA,NA,NA,NA,NA,N,2,0,1,2,A,-,03,22350,NA,N,C,G,A,A,H,-,A,D,0,NA,Y,NA,NA,Y,NA,L,04,1,0,0,0,0,0,1,0,0,-,-,NA,NA,SAN DIEGO,SAN DIEGO,-117.21517181396484,32.73404312133789
9391289,2021,2022-01-14,3702,2021-11-25,2330,CV1285,NA,4,5,6,3702,0,0,0,NA,0,032,BONITA RD,OTAY LAKES RD,0,NA,Y,A,-,N,NA,NA,NA,NA,NA,NA,NA,NA,NA,Y,4,0,1,2,A,-,08,22107,NA,F,B,D,A,A,H,-,C,A,0,NA,NA,NA,NA,Y,NA,A,01,0,0,1,0,0,0,0,0,0,-,-,NA,NA,SAN DIEGO,CHULA VISTA,-117.03131103515624,32.66135025024414
9392200,2022,2022-02-01,3711,2022-01-07,1817,SD7803,NA,5,5,7,3711,0,0,0,NA,0,836,FAIRMOUNT AV,REDWOOD,15,S,N,A,-,N,NA,NA,NA,NA,NA,NA,NA,NA,NA,N,4,0,1,2,A,-,04,21703,NA,N,C,C,A,A,H,-,C,A,0,NA,NA,NA,NA,Y,NA,A,01,0,0,1,0,0,0,0,0,0,-,-,NA,NA,SAN DIEGO,SAN DIEGO,-117.10099029541016,32.738380432128906
9392538,2021,2022-02-22,3709,2021-12-20,1800,NC0539,NA,1,5,5,3709,0,0,0,NA,0,021,PALM AV,PALM AV 100,0,NA,Y,A,-,N,NA,NA,NA,NA,NA,NA,NA,NA,NA,N,4,0,2,2,A,-,04,21703,NA,F,C,D,A,A,H,-,A,D,0,NA,NA,NA,NA,Y,Y,A,01,0,0,2,0,0,0,0,0,0,-,-,NA,NA,SAN DIEGO,NATIONAL CITY,-117.1154556274414,32.58388900756836
9392971,2021,2022-02-03,3705,2021-10-18,1340,EC0371,NA,1,5,5,3705,0,0,0,NA,0,002,N MOLLISON AV,FRIENDLY CIR,9,S,N,B,-,N,NA,NA,NA,NA,NA,NA,NA,NA,NA,N,4,0,3,2,A,-,03,22350,NA,N,C,C,A,A,H,-,A,D,0,NA,NA,NA,NA,Y,NA,A,01,0,0,3,0,0,0,0,0,0,-,-,NA,NA,SAN DIEGO,EL CAJON,-116.95098114013672,32.80136489868164
9393380,2021,2022-01-24,3710,2021-12-23,1728,OC1457,NA,4,5,6,3710,0,0,0,NA,0,011,CANYON DR,LOMITA ST,83,N,N,C,-,N,NA,NA,NA,NA,NA,NA,NA,NA,NA,N,4,0,1,2,A,-,09,21801,A,N,D,C,A,B,H,-,C,D,0,NA,NA,NA,NA,Y,NA,A,01,0,0,1,0,0,0,0,0,0,-,-,NA,NA,SAN DIEGO,OCEANSIDE,-117.35623931884766,33.20045471191406
9395935,2022,2022-02-03,3711,2022-01-21,1435,SD1557,NA,5,5,7,3711,0,0,0,NA,0,313,BALBOA AV,CONVOY ST,0,NA,Y,A,-,N,NA,NA,NA,NA,NA,NA,NA,NA,NA,N,4,0,1,2,A,-,08,38314,NA,N,C,C,A,A,H,-,A,A,0,NA,NA,NA,NA,Y,NA,A,01,0,0,1,0,0,0,0,0,0,-,-,NA,NA,SAN DIEGO,SAN DIEGO,-117.15509033203124,32.82175064086914
9396002,2022,2022-02-04,3711,2022-01-18,0346,SD6967,NA,2,5,7,3711,0,0,0,NA,0,313,CONVOY CT,HICKMAN FIELD,374,E,N,A,-,N,NA,NA,NA,NA,NA,NA,NA,NA,NA,N,3,0,1,1,A,-,08,22107,NA,N,E,I,A,B,H,-,C,D,0,NA,NA,NA,NA,Y,Y,D,22,0,1,0,0,0,0,0,0,0,-,-,NA,NA,SAN DIEGO,SAN DIEGO,-117.16698455810548,32.83464050292969
93964843,2024,2024-08-08,9680,2024-07-30,1715,017996,NA,2,2,9,3700,0,3,5,NA,2,001,PASEO DEL MAR,AVENIDA DEL CHARRO,241,E,N,A,-,N,NA,NA,NA,NA,NA,NA,NA,NA,NA,N,3,0,1,2,A,-,09,21804,A,N,D,C,A,A,H,-,A,D,0,NA,NA,Y,NA,Y,NA,C,03,0,1,0,0,0,0,0,0,1,-,-,32.83203887939453,-116.89388275146484,SAN DIEGO,UNINCORPORATED,-116.89395141601563,32.83197784423828
9396600,2021,2022-02-04,3700,2021-12-24,1714,SH3860,NA,5,5,4,3780,0,0,0,NA,0,411,COMMUNITY RD,AUBREY ST,203,S,N,A,B,N,NA,NA,NA,NA,NA,NA,NA,NA,NA,Y,4,0,1,1,A,-,08,22107,NA,N,F,I,A,A,H,-,C,D,0,NA,NA,NA,NA,Y,NA,A,01,0,0,1,0,0,0,0,0,0,-,-,NA,NA,SAN DIEGO,POWAY,-117.04058074951172,32.970542907714844
93983493,2024,2024-08-09,9650,2024-07-28,2300,022892,NA,7,3,9,3700,0,1,3,NA,2,025,BEAR VALLEY PKY,STATE ROUTE 78,0,NA,Y,A,-,Y,SD,NA,78,NA,NA,20.635,H,NA,R,N,4,0,1,2,A,-,12,21453,A,N,D,C,A,A,H,-,C,A,0,NA,NA,NA,NA,Y,NA,-,-,0,0,1,0,0,0,0,0,0,-,-,33.10932922363281,-117.05003356933594,SAN DIEGO,UNINCORPORATED,-117.050048828125,33.109275817871094
9400700,2022,2022-02-15,3702,2022-01-19,1855,CV1269,NA,3,5,6,3702,0,0,0,NA,0,011,C ST,5TH AV,0,NA,Y,A,-,N,NA,NA,NA,NA,NA,NA,NA,NA,NA,Y,4,0,2,2,A,-,09,21801,A,N,A,C,A,A,H,-,C,A,0,NA,NA,NA,NA,Y,NA,A,07,0,0,2,0,0,0,0,0,0,-,-,NA,NA,SAN DIEGO,CHULA VISTA,-117.09207916259766,32.64939880371094
94018945,2024,2024-08-09,9645,2024-08-01,1320,023923,NA,4,1,7,3711,0,1,1,NA,2,003,I-5 N/B TO NATIONAL AVENUE,28TH STREET,1050,S,N,A,-,Y,SD,NA,5,NA,R,13.2,H,NA,R,Y,3,0,1,2,A,-,08,22107,NA,N,F,C,A,A,H,-,A,D,0,NA,NA,NA,NA,Y,NA,A,01,0,1,0,0,0,0,0,0,0,-,-,32.6946907043457,-117.13078308105467,SAN DIEGO,SAN DIEGO,-117.13077545166016,32.694522857666016
94019661,2024,2024-08-09,9645,2024-08-01,1455,021735,NA,4,2,7,3711,0,1,1,NA,2,011,I-805 S/B,MEADE AVENUE,200,N,N,A,-,Y,SD,NA,805,NA,NA,16.664,H,NA,L,N,3,0,1,2,A,-,03,22350,NA,N,C,C,A,A,H,-,A,D,0,NA,NA,Y,NA,Y,NA,C,02,0,1,0,0,0,0,0,0,1,-,-,32.75859832763672,-117.126220703125,SAN DIEGO,SAN DIEGO,-117.12628936767578,32.758583068847656
94024624,2024,2024-08-12,9650,2024-08-10,1353,015446,NA,6,1,9,3700,0,1,1,NA,2,022,I-15 NORTHBOUND,RAINBOW GLEN ROAD,4224,N,N,A,-,Y,SD,NA,15,NA,R,52.597,H,NA,R,Y,4,0,2,3,A,-,07,21658,A,F,E,I,A,A,H,-,A,D,0,NA,NA,NA,NA,Y,NA,A,07,0,0,2,0,0,0,0,0,0,-,-,33.41324996948242,-117.16000366210938,SAN DIEGO,UNINCORPORATED,-117.15975189208984,33.413124084472656
9402703,2021,2022-02-22,3711,2021-11-27,1530,SD7915,NA,6,5,7,3711,0,0,0,NA,0,523,4TH AV,BROADWAY,0,NA,Y,A,-,N,NA,NA,NA,NA,NA,NA,NA,NA,NA,N,4,0,1,2,A,-,12,21453,A,N,D,C,A,A,H,-,A,A,0,NA,NA,Y,NA,Y,NA,A,01,0,0,1,0,0,0,0,0,1,-,-,NA,NA,SAN DIEGO,SAN DIEGO,-117.16105651855467,32.715694427490234
9403240,2022,2022-02-24,3700,2022-01-26,1855,SH0113,NA,3,5,5,3713,0,0,0,NA,0,313,RT 78,MAR VISTA DR,0,NA,Y,A,-,Y,SD,11,78,-,-,7.591,R,4,E,Y,4,0,1,2,D,-,00,NA,NA,N,D,C,A,A,H,-,C,D,0,NA,NA,NA,NA,Y,NA,-,-,0,0,1,0,0,0,0,0,0,EF,-,NA,NA,SAN DIEGO,VISTA,-117.23157501220705,33.18271255493164
9404304,2022,2022-02-15,3700,2022-01-27,1029,SH2659,NA,4,5,5,3712,0,0,0,NA,0,350,WEST SAN MARCOS BL,TRAVELERS WY,0,NA,Y,A,-,N,NA,NA,NA,NA,NA,NA,NA,NA,NA,Y,4,0,1,2,A,-,12,21453,A,N,D,C,A,A,H,-,A,A,0,NA,NA,NA,NA,Y,NA,A,01,0,0,1,0,0,0,0,0,0,-,-,NA,NA,SAN DIEGO,SAN MARCOS,-117.17256927490234,33.139007568359375
9404545,2022,2022-02-28,3711,2022-01-29,2018,SD5679,NA,6,5,7,3711,0,0,0,NA,0,242,MERCY RD,RT 15,0,NA,Y,A,-,Y,SD,11,15,-,M,17.144,R,4,S,Y,3,0,1,2,A,-,12,21453,A,N,D,C,A,-,H,-,C,A,0,NA,NA,NA,NA,Y,Y,D,22,0,1,0,0,0,0,0,0,0,-,SO,NA,NA,SAN DIEGO,SAN DIEGO,-117.11238861083984,32.934261322021484
9404559,2022,2022-02-28,3710,2022-02-06,1730,OC1441,NA,7,5,6,3710,0,0,0,NA,0,036,MELROSE DR,NORTH SANTA FE AV,0,NA,Y,A,-,N,NA,NA,NA,NA,NA,NA,NA,NA,NA,N,4,0,1,2,D,-,00,NA,NA,N,B,C,A,A,H,-,B,A,0,NA,NA,NA,NA,Y,NA,-,-,0,0,1,0,0,0,0,0,0,-,-,NA,NA,SAN DIEGO,OCEANSIDE,-117.26164245605467,33.23585510253906
9404975,2022,2022-02-23,3709,2022-01-08,1751,NC0532,NA,6,5,5,3709,0,0,0,NA,0,024,TIDELANDS AV,TIDELANDS AV 3299,0,NA,Y,A,-,N,NA,NA,NA,NA,NA,NA,NA,NA,NA,Y,4,0,1,1,A,-,01,23152,A,N,H,J,A,A,H,-,C,D,0,NA,NA,NA,NA,Y,Y,A,01,0,0,1,0,0,0,0,0,0,-,-,NA,NA,SAN DIEGO,NATIONAL CITY,NA,NA
9405971,2022,2022-02-28,3711,2022-01-28,1440,SD5972,NA,5,5,7,3711,0,0,0,NA,0,515,IMPERIAL AV,EVANS ST,0,NA,Y,A,-,N,NA,NA,NA,NA,NA,NA,NA,NA,NA,Y,2,0,1,2,A,-,09,21804,A,N,D,C,A,A,H,-,A,D,0,NA,NA,Y,NA,Y,NA,D,22,1,0,0,0,0,0,0,0,1,-,-,NA,NA,SAN DIEGO,SAN DIEGO,-117.13546752929688,32.70636749267578
9406732,2022,2022-03-11,3711,2022-02-26,1252,SD5365,NA,6,5,7,3711,0,0,0,NA,0,116,CLAIREMONT DR,UTE DR,0,NA,Y,A,-,N,NA,NA,NA,NA,NA,NA,NA,NA,NA,N,4,0,2,2,A,-,12,21453,A,N,D,C,A,A,H,-,A,A,0,NA,NA,NA,NA,Y,NA,A,01,0,0,2,0,0,0,0,0,0,-,-,NA,NA,SAN DIEGO,SAN DIEGO,-117.20102691650392,32.80931854248047
9406739,2022,2022-03-11,3711,2022-02-28,1700,SD7883,NA,1,5,7,3711,0,0,0,NA,0,246,SCRIPPS POWAY PKWY,ANGELIQUE ST,0,NA,Y,A,-,N,NA,NA,NA,NA,NA,NA,NA,NA,NA,Y,4,0,1,2,A,-,12,21453,A,N,D,C,A,A,H,-,A,A,0,NA,NA,NA,NA,Y,NA,A,01,0,0,1,0,0,0,0,0,0,-,-,NA,NA,SAN DIEGO,SAN DIEGO,-117.07303619384766,32.93442916870117
9406768,2022,2022-03-11,3711,2022-02-21,1810,SD1612,NA,1,5,7,3711,0,0,0,NA,0,115,EASTGATE MALL,EASTER WY,0,NA,Y,-,-,N,NA,NA,NA,NA,NA,NA,NA,NA,NA,N,4,0,1,2,A,-,10,21950,A,N,G,B,B,A,H,-,C,A,0,Y,NA,NA,NA,Y,NA,A,01,0,0,1,0,1,0,0,0,0,-,-,NA,NA,SAN DIEGO,SAN DIEGO,-117.21112060546876,32.87837600708008
9406912,2022,2022-03-08,3711,2022-02-15,1306,SD6303,NA,2,5,7,3711,0,0,0,NA,0,521,F ST,PARK BL,135,W,N,B,-,N,NA,NA,NA,NA,NA,NA,NA,NA,NA,Y,4,0,1,2,A,-,08,22107,NA,N,C,E,A,A,H,-,A,-,0,NA,NA,NA,NA,Y,NA,A,01,0,0,1,0,0,0,0,0,0,-,-,NA,NA,SAN DIEGO,SAN DIEGO,-117.15419006347656,32.71363830566406
9407237,2022,2022-03-18,3711,2022-02-25,2353,SD6967,NA,5,5,7,3711,0,0,0,NA,0,526,9TH AV,CEDAR ST,131,N,N,A,-,N,NA,NA,NA,NA,NA,NA,NA,NA,NA,Y,3,0,1,5,A,-,08,22107,NA,N,D,E,A,A,H,-,C,D,0,NA,NA,NA,NA,Y,Y,A,01,0,1,0,0,0,0,0,0,0,-,-,NA,NA,SAN DIEGO,SAN DIEGO,-117.15658569335938,32.72235870361328
9407418,2022,2022-04-04,3710,2022-03-06,2111,OC1307,NA,7,5,6,3710,0,0,0,NA,0,009,SOUTH COAST HWY,CASSIDY ST,0,NA,Y,A,-,N,NA,NA,NA,NA,NA,NA,NA,NA,NA,Y,4,0,2,2,A,-,01,23153,A,N,A,C,A,A,H,-,C,A,0,NA,NA,NA,NA,Y,Y,D,22,0,0,2,0,0,0,0,0,0,-,-,NA,NA,SAN DIEGO,OCEANSIDE,-117.36219787597656,33.17522430419922
9407421,2022,2022-03-29,3710,2022-02-04,1944,OC1480,NA,5,5,6,3710,0,0,0,NA,0,006,N TREMONT ST,PIER VIEW WY,108,N,N,A,-,N,NA,NA,NA,NA,NA,NA,NA,NA,NA,Y,4,0,1,3,A,-,01,23152,A,M,G,E,A,A,H,-,E,D,0,NA,NA,NA,NA,Y,NA,-,NA,0,0,1,0,0,0,0,0,0,-,-,NA,NA,SAN DIEGO,OCEANSIDE,-117.3812255859375,33.19648742675781
9408850,2022,2022-03-04,3708,2022-01-21,1827,IM1283,NA,5,5,5,3708,0,0,0,NA,0,004,PALM AV,FRESNO AV,0,NA,Y,A,-,N,NA,NA,NA,NA,NA,NA,NA,NA,NA,Y,4,0,1,2,A,-,12,22450,A,N,D,C,A,A,H,-,C,A,0,NA,NA,NA,NA,Y,NA,A,01,0,0,1,0,0,0,0,0,0,-,-,NA,NA,SAN DIEGO,LA MESA,-117.01714324951172,32.76176452636719
9410621,2022,2022-02-17,3702,2022-01-01,0253,CV1279,NA,6,5,6,3702,0,0,0,NA,0,031,EAST H ST,RT 805,488,W,N,A,-,N,NA,NA,NA,NA,NA,NA,NA,NA,NA,Y,3,0,3,2,A,-,08,22107,NA,N,D,C,A,A,H,-,D,D,0,NA,NA,NA,NA,Y,NA,A,01,0,1,2,0,0,0,0,0,0,-,-,NA,NA,SAN DIEGO,CHULA VISTA,-117.05718231201172,32.640106201171875
9410698,2022,2022-02-16,3711,2022-01-13,2039,SD1598,NA,4,5,7,3711,0,0,0,NA,0,115,JUDICIAL DR,JUDICIAL DR  9110,0,NA,Y,A,-,N,NA,NA,NA,NA,NA,NA,NA,NA,NA,N,3,0,2,2,A,-,00,14601,A,N,B,E,A,A,H,-,C,D,0,NA,NA,NA,NA,Y,NA,M,97,0,2,0,0,0,0,0,0,0,-,-,NA,NA,SAN DIEGO,SAN DIEGO,NA,NA
9411089,2022,2022-04-06,3711,2022-02-10,0828,SD7928,NA,4,5,7,3711,0,0,0,NA,0,511,MAIN ST,BRYANT ST,0,NA,Y,A,-,N,NA,NA,NA,NA,NA,NA,NA,NA,NA,N,4,0,1,2,A,-,08,22107,NA,N,D,G,A,A,H,-,A,D,0,NA,Y,NA,NA,Y,NA,L,04,0,0,1,0,0,0,1,0,0,-,-,NA,NA,SAN DIEGO,SAN DIEGO,-117.12451934814452,32.69183349609375
9411218,2022,2022-02-18,3702,2022-01-27,0951,CV1379,NA,4,5,6,3702,0,0,0,NA,0,014,HILLTOP DR,H ST,0,NA,Y,A,-,N,NA,NA,NA,NA,NA,NA,NA,NA,NA,Y,4,0,3,2,A,-,12,21453,A,N,D,C,A,A,H,-,A,A,0,NA,NA,NA,NA,Y,NA,A,01,0,0,3,0,0,0,0,0,0,-,-,NA,NA,SAN DIEGO,CHULA VISTA,-117.0649871826172,32.63783264160156
9412283,2022,2022-02-28,3711,2022-02-12,1127,SD5522,NA,6,5,7,3711,0,0,0,NA,0,324,NAVAJO RD,COWLES MOUNTAIN BL,4,W,N,A,-,N,NA,NA,NA,NA,NA,NA,NA,NA,NA,N,3,0,1,2,A,-,09,21802,B,N,D,G,A,A,H,-,A,A,0,NA,Y,NA,NA,Y,NA,L,04,0,1,0,0,0,0,1,0,0,-,-,NA,NA,SAN DIEGO,SAN DIEGO,-117.02536010742188,32.803138732910156
9412402,2022,2022-03-01,3711,2022-02-12,0836,SD1592,NA,6,5,7,3711,0,0,0,NA,0,822,UNIVERSITY AV,58TH ST,1003,W,N,A,-,N,NA,NA,NA,NA,NA,NA,NA,NA,NA,Y,4,0,2,2,B,-,22,NA,NA,N,C,C,A,A,H,-,A,D,0,NA,NA,NA,NA,Y,NA,A,08,0,0,2,0,0,0,0,0,0,-,-,NA,NA,SAN DIEGO,SAN DIEGO,-117.07286834716795,32.749141693115234
9412425,2022,2022-03-01,3711,2022-02-11,0950,SD5072,NA,5,5,7,3711,0,0,0,NA,0,441,OCEAN VIEW BL,SOUTH 36TH ST,100,E,N,A,-,N,NA,NA,NA,NA,NA,NA,NA,NA,NA,N,3,0,1,1,A,-,16,24002,A,N,H,I,A,A,H,-,A,D,0,NA,Y,NA,NA,Y,NA,L,04,0,1,0,0,0,0,1,0,0,-,-,NA,NA,SAN DIEGO,SAN DIEGO,-117.11646270751952,32.70124816894531
9412428,2022,2022-03-01,3711,2022-02-14,0859,SD7942,NA,1,5,7,3711,0,0,0,NA,0,627,UNIVERSITY AV,7TH AV,10,E,N,A,-,N,NA,NA,NA,NA,NA,NA,NA,NA,NA,N,3,0,1,2,D,-,00,NA,NA,N,A,B,B,A,H,-,A,A,0,Y,NA,NA,NA,Y,NA,-,-,0,1,0,0,1,0,0,0,0,-,-,NA,NA,SAN DIEGO,SAN DIEGO,-117.15834045410156,32.74837875366211
9414085,2022,2022-03-18,3711,2022-02-17,1553,SD1562,NA,4,5,7,3711,0,0,0,NA,0,232,CARMEL MOUNTAIN RD,RANCHO CARMEL DR,0,NA,Y,A,-,N,NA,NA,NA,NA,NA,NA,NA,NA,NA,N,3,0,1,2,A,-,10,21950,A,M,G,B,B,A,H,-,A,A,0,Y,NA,NA,NA,Y,NA,N,60,0,1,0,0,1,0,0,0,0,-,-,NA,NA,SAN DIEGO,SAN DIEGO,-117.08206939697266,32.97899627685547