CASE_ID,ACCIDENT_YEAR,PROC_DATE,JURIS,COLLISION_DATE,COLLISION_TIME,OFFICER_ID,REPORTING_DISTRICT,DAY_OF_WEEK,CHP_SHIFT,POPULATION,CNTY_CITY_LOC,SPECIAL_COND,BEAT_TYPE,CHP_BEAT_TYPE,CITY_DIVISION_LAPD,CHP_BEAT_CLASS,BEAT_NUMBER,PRIMARY_RD,SECONDARY_RD,DISTANCE,DIRECTION,INTERSECTION,WEATHER_1,WEATHER_2,STATE_HWY_IND,CALTRANS_COUNTY,CALTRANS_DISTRICT,STATE_ROUTE,ROUTE_SUFFIX,POSTMILE_PREFIX,POSTMILE,LOCATION_TYPE,RAMP_INTERSECTION,SIDE_OF_HWY,TOW_AWAY,COLLISION_SEVERITY,NUMBER_KILLED,NUMBER_INJURED,PARTY_COUNT,PRIMARY_COLL_FACTOR,PCF_CODE_OF_VIOL,PCF_VIOL_CATEGORY,PCF_VIOLATION,PCF_VIOL_SUBSECTION,HIT_AND_RUN,TYPE_OF_COLLISION,MVIW,PED_ACTION,ROAD_SURFACE,ROAD_COND_1,ROAD_COND_2,LIGHTING,CONTROL_DEVICE,CHP_ROAD_TYPE,PEDESTRIAN_ACCIDENT,BICYCLE_ACCIDENT,MOTORCYCLE_ACCIDENT,TRUCK_ACCIDENT,NOT_PRIVATE_PROPERTY,ALCOHOL_INVOLVED,STWD_VEHTYPE_AT_FAULT,CHP_VEHTYPE_AT_FAULT,COUNT_SEVERE_INJ,COUNT_VISIBLE_INJ,COUNT_COMPLAINT_PAIN,COUNT_PED_KILLED,COUNT_PED_INJURED,COUNT_BICYCLIST_KILLED,COUNT_BICYCLIST_INJURED,COUNT_MC_KILLED,COUNT_MC_INJURED,PRIMARY_RAMP,SECONDARY_RAMP,LATITUDE,LONGITUDE,COUNTY,CITY,POINT_X,POINT_Y
94450616,2024,2024-10-30,9650,2024-10-28,1845,022851,NA,1,2,9,3700,0,3,5,NA,2,006,WB  E ELDER ST,ENANDER WAY,31,E,N,B,-,Y,NA,NA,NA,NA,NA,NA,NA,NA,NA,N,3,0,1,1,C,-,18,NA,NA,N,F,I,A,D,B,-,D,D,0,NA,NA,NA,NA,Y,NA,-,-,0,1,0,0,0,0,0,0,0,-,-,33.380149841308594,-117.23943328857422,SAN DIEGO,UNINCORPORATED,NA,NA
9445597,2022,2022-05-31,3705,2022-02-17,2106,EC0387,NA,4,5,5,3705,0,0,0,NA,0,002,E MADISON AV,ORLANDO ST,75,E,N,A,-,N,NA,NA,NA,NA,NA,NA,NA,NA,NA,Y,3,0,1,4,A,-,08,22107,NA,N,A,E,A,A,H,-,C,D,0,NA,NA,NA,NA,Y,NA,D,22,0,1,0,0,0,0,0,0,0,-,-,NA,NA,SAN DIEGO,EL CAJON,-116.9398956298828,32.80016326904297
94456569,2024,2024-11-04,9645,2024-08-18,310,022252,NA,7,3,7,3711,0,1,1,NA,2,009,I-805 SOUTHBOUND,HOME AVENUE,50,N,N,A,-,Y,SD,NA,805,NA,NA,13.977,H,NA,L,Y,4,0,2,2,A,-,07,21658,A,N,B,C,A,A,H,-,C,D,0,NA,NA,NA,Y,Y,NA,A,01,0,0,2,0,0,0,0,0,0,-,-,32.72576141357422,-117.1035385131836,SAN DIEGO,SAN DIEGO,-117.1034927368164,32.72578048706055
94458379,2024,2024-11-05,9645,2024-10-25,400,022845,NA,5,3,7,3711,0,1,1,NA,2,010,I-8 WB,MISSION CITY PKWY,471,W,N,B,-,Y,SD,NA,8,NA,NA,4.809,H,NA,L,N,3,0,1,2,A,-,11,21954,A,N,G,B,E,A,H,-,D,D,0,Y,NA,NA,NA,Y,Y,N,60,0,1,0,0,1,0,0,0,0,-,-,32.77458953857422,-117.12535095214844,SAN DIEGO,SAN DIEGO,-117.12542724609376,32.77467346191406
9446120,2022,2022-05-25,3705,2022-04-28,1714,EC0407,NA,4,5,5,3705,0,0,0,NA,0,003,E WASHINGTON AV,DOROTHY ST,0,NA,Y,A,-,N,NA,NA,NA,NA,NA,NA,NA,NA,NA,Y,4,0,1,2,A,-,09,21801,A,N,D,C,A,A,H,-,A,A,0,NA,NA,NA,NA,Y,NA,A,01,0,0,1,0,0,0,0,0,0,-,-,NA,NA,SAN DIEGO,EL CAJON,-116.93366241455078,32.78765869140625
94464919,2024,2024-11-11,9645,2024-11-02,1225,017139,NA,6,1,7,3711,0,1,1,NA,2,017,I-15 S/B,SR-163 N/B TO I-15 N/B O/C,800,N,N,A,-,Y,SD,NA,15,NA,M,11.79,H,NA,L,Y,4,0,1,2,A,-,03,22350,NA,N,C,C,A,A,H,-,A,D,0,NA,NA,NA,NA,Y,NA,A,08,0,0,1,0,0,0,0,0,0,-,-,32.85921859741211,-117.11361694335938,SAN DIEGO,SAN DIEGO,-117.11344909667967,32.85916519165039
94465072,2024,2024-11-11,9645,2024-11-04,1925,020992,NA,1,2,7,3711,0,1,3,NA,2,012,SR-52 EASTBOUND TO REGENTS RD,REGENTS RD,10,W,N,A,-,Y,NA,NA,NA,NA,NA,NA,NA,NA,NA,N,4,0,1,2,A,-,03,22350,NA,N,C,C,A,A,H,-,C,D,0,NA,NA,NA,NA,Y,NA,A,01,0,0,1,0,0,0,0,0,0,-,-,32.841251373291016,-117.21733856201172,SAN DIEGO,SAN DIEGO,-117.22064971923828,32.84046936035156
94465752,2024,2024-11-12,9650,2024-11-08,2030,022911,NA,5,2,5,3713,0,1,3,NA,2,017,SR-78 W/B,SYCAMORE AVE,1014,E,N,A,-,Y,SD,NA,78,NA,NA,9.285,H,NA,L,Y,4,0,1,2,A,-,07,21658,A,N,B,D,A,A,H,-,C,D,0,NA,NA,NA,NA,Y,NA,A,01,0,0,1,0,0,0,0,0,0,-,-,33.164920806884766,-117.21273040771484,SAN DIEGO,VISTA,-117.21274566650392,33.16490936279297
94466924,2024,2024-11-12,9680,2024-10-31,1740,023332,NA,4,2,5,3705,0,1,1,NA,2,082,I-8 W/B,EAST MAIN STREET,115,W,N,A,-,Y,SD,NA,8,NA,NA,17.818,H,NA,L,Y,4,0,1,1,A,-,08,22107,NA,N,E,I,A,A,H,-,A,D,0,NA,NA,NA,NA,Y,NA,A,01,0,0,1,0,0,0,0,0,0,-,-,32.80329132080078,-116.92778778076172,SAN DIEGO,EL CAJON,-116.92778778076172,32.803226470947266
94470208,2024,2024-11-14,9680,2024-11-03,1410,023088,NA,7,2,4,3720,0,1,3,NA,2,028,SR-125 N/B TO SR-94 E/B,BROADWAY,511,S,N,A,-,Y,NA,NA,NA,NA,NA,NA,NA,NA,NA,Y,4,0,1,1,A,-,08,22107,NA,N,E,8,A,A,H,-,A,D,0,NA,NA,NA,NA,Y,NA,A,01,0,0,1,0,0,0,0,0,0,-,-,32.74510955810547,-117.01775360107422,SAN DIEGO,LEMON GROVE,-117.01830291748048,32.74648666381836
9447084,2022,2022-05-25,3703,2022-05-06,1039,1421,1,5,5,3,3703,0,0,0,NA,0,001,ORANGE AV,2ND ST,85,N,N,A,-,N,NA,NA,NA,NA,NA,NA,NA,NA,NA,N,4,0,1,2,A,-,04,21703,NA,N,C,C,A,A,H,-,A,D,0,NA,NA,NA,NA,Y,NA,A,07,0,0,1,0,0,0,0,0,0,-,-,32.69873046875,-117.172607421875,SAN DIEGO,CORONADO,-117.17292022705078,32.697486877441406
9447166,2022,2022-05-27,3700,2022-03-15,2308,SH0893,NA,2,5,4,3720,0,0,0,NA,0,601,NORTH AV,BROADWAY,60,S,N,A,-,N,NA,NA,NA,NA,NA,NA,NA,NA,NA,N,3,0,1,2,A,-,12,21453,A,N,D,C,A,A,H,-,C,A,0,NA,NA,NA,NA,Y,NA,A,01,0,1,0,0,0,0,0,0,0,-,-,NA,NA,SAN DIEGO,LEMON GROVE,-117.04817962646484,32.74250030517578
94477101,2024,2024-11-20,9680,2024-11-11,40,023846,NA,1,3,9,3700,0,1,3,NA,2,016,SR-67,RIVERFORD RD,15,N,N,A,-,Y,SD,NA,67,NA,R,3.929,H,NA,R,Y,4,0,1,1,A,-,08,22107,NA,N,E,J,A,A,H,-,D,D,0,NA,NA,NA,NA,Y,NA,D,22,0,0,1,0,0,0,0,0,0,-,-,32.854888916015625,-116.94692230224608,SAN DIEGO,UNINCORPORATED,-116.94688415527344,32.85483169555664
94480132,2024,2024-11-22,9680,2024-03-16,2048,023220,NA,6,2,9,3700,0,1,3,NA,2,028,SR-125 N/B TO JAMACHA BLVD,JAMACHA BLVD,200,S,N,A,-,Y,NA,NA,NA,NA,NA,NA,NA,NA,NA,Y,4,0,2,2,A,-,03,22350,NA,F,C,C,A,A,H,-,C,A,0,NA,NA,NA,NA,Y,NA,A,01,0,0,2,0,0,0,0,0,0,-,-,32.7044792175293,-117.00995635986328,SAN DIEGO,UNINCORPORATED,-117.01072692871094,32.70407485961914
94481668,2024,2024-11-25,9650,2024-11-07,1910,022924,NA,4,2,9,3700,0,1,3,NA,1,028,STATE ROUTE 76,PALA MISSION ROAD,0,NA,Y,A,-,Y,SD,NA,76,NA,NA,24.129,H,NA,R,Y,3,0,1,2,A,-,09,21802,A,N,D,C,A,A,H,-,D,A,0,NA,NA,NA,NA,Y,NA,A,07,0,1,0,0,0,0,0,0,0,-,-,33.364341735839844,-117.06658935546876,SAN DIEGO,UNINCORPORATED,-117.06658935546876,33.36431121826172
94482499,2024,2024-11-25,9645,2024-11-15,1910,023617,NA,5,2,6,3702,0,1,1,NA,2,001,I-5 S/B,VIA DE SAN YSIDRO BLVD.,1000,N,N,A,-,Y,SD,NA,5,NA,NA,1.444,H,NA,L,Y,4,0,2,3,A,-,03,22350,NA,N,C,C,A,A,H,-,C,D,0,NA,NA,NA,NA,Y,NA,A,01,0,0,2,0,0,0,0,0,0,-,-,32.55287170410156,-117.04913330078124,SAN DIEGO,CHULA VISTA,-117.04914093017578,32.55284881591797
94482723,2024,2024-11-25,9645,2024-11-18,2350,022898,NA,1,3,7,3711,0,1,S,NA,2,034,ENRICO FERMI DRIVE NB,SR-11,30,N,N,A,-,Y,NA,NA,NA,NA,NA,NA,NA,NA,NA,N,4,0,1,2,A,-,08,22107,NA,N,B,C,A,A,H,-,C,A,0,NA,NA,NA,Y,Y,NA,G,25,0,0,1,0,0,0,0,0,0,-,-,32.564720153808594,-116.9277114868164,SAN DIEGO,SAN DIEGO,-116.9277801513672,32.56338119506836
94483319,2024,2024-12-30,9680,2024-11-14,1240,023932,NA,4,1,9,3700,0,2,4,NA,1,025,SWEETWATER RD,JAMACHA RD,135,S,N,A,-,N,NA,NA,NA,NA,NA,NA,NA,NA,NA,N,2,0,2,3,A,-,11,21954,A,N,G,B,D,A,H,-,A,A,0,Y,NA,NA,NA,Y,NA,N,60,1,1,0,0,2,0,0,0,0,-,-,32.71419906616211,-117.01271057128906,SAN DIEGO,UNINCORPORATED,-117.01272583007813,32.71438980102539
94483811,2024,2024-11-26,9645,2024-11-15,1530,023617,NA,5,2,6,3702,0,1,1,NA,2,001,I-5 S/B,PALOMAR ST.,1200,S,N,A,-,Y,SD,NA,5,NA,NA,5.818,H,NA,L,Y,4,0,3,3,A,-,03,22350,NA,N,C,C,A,A,H,-,A,D,0,NA,NA,NA,NA,Y,NA,A,07,0,0,3,0,0,0,0,0,0,-,-,32.60091018676758,-117.0897979736328,SAN DIEGO,CHULA VISTA,-117.08969879150392,32.60091781616211
94484924,2024,2024-11-26,9680,2024-11-16,230,024079,NA,6,3,9,3700,0,3,5,NA,2,004,HARBISON CANYON ROAD,SYCUAN OAKS DRIVE,300,N,N,B,-,N,NA,NA,NA,NA,NA,NA,NA,NA,NA,Y,3,0,1,1,A,-,08,22107,NA,N,F,A,A,B,H,-,D,D,0,NA,NA,NA,NA,Y,NA,A,07,0,1,0,0,0,0,0,0,0,-,-,32.79970169067383,-116.84516143798828,SAN DIEGO,UNINCORPORATED,-116.84552764892578,32.79851531982422
94486207,2024,2024-11-27,9680,2024-11-17,520,021584,NA,7,3,9,3700,0,1,3,NA,1,090,STATE ROUTE 67,WYNOLA STREET,290,N,N,A,-,N,NA,NA,NA,NA,NA,NA,NA,NA,NA,Y,3,0,1,1,A,-,08,22107,NA,N,F,A,A,A,H,-,B,D,0,NA,NA,NA,NA,Y,NA,A,07,0,1,0,0,0,0,0,0,0,-,-,33.02708053588867,-116.89095306396484,SAN DIEGO,UNINCORPORATED,-116.89134979248048,33.02667236328125
94486843,2024,2024-11-28,9645,2024-11-25,1720,022021,NA,1,2,7,3711,0,1,3,NA,2,012,SR-52 W/B,I-5 N/B,2400,E,N,A,-,Y,SD,NA,52,NA,NA,0.874,H,NA,L,Y,4,0,1,2,A,-,03,22350,NA,N,C,C,A,A,H,-,A,D,0,NA,NA,NA,NA,Y,NA,A,01,0,0,1,0,0,0,0,0,0,-,-,32.83972930908203,-117.22557067871094,SAN DIEGO,SAN DIEGO,-117.22555541992188,32.839683532714844
94487607,2024,2024-12-13,9680,2024-11-15,2150,023332,NA,5,2,9,3700,0,1,1,NA,2,082,CAMINO CANADA,EAST COUNTY DRIVE,600,E,N,A,-,N,NA,NA,NA,NA,NA,NA,NA,NA,NA,Y,4,0,1,2,A,-,09,21804,A,N,D,C,A,A,H,-,C,D,0,NA,NA,NA,NA,Y,NA,A,01,0,0,1,0,0,0,0,0,0,-,-,32.82904815673828,-116.8993682861328,SAN DIEGO,UNINCORPORATED,-116.8994598388672,32.828922271728516
94487644,2024,2024-11-29,9680,2024-11-23,2235,023298,NA,6,3,9,3700,0,1,3,NA,1,040,SR-94 (CAMPO ROAD),MELODY RD,25,N,N,B,-,N,NA,NA,NA,NA,NA,NA,NA,NA,NA,N,4,0,1,2,A,-,03,22350,NA,N,C,C,A,B,H,-,D,D,0,NA,NA,NA,NA,Y,NA,A,01,0,0,1,0,0,0,0,0,0,-,-,32.70716857910156,-116.870849609375,SAN DIEGO,UNINCORPORATED,-116.87088775634766,32.70713424682617
94489209,2024,2024-12-02,9645,2024-11-26,1810,024015,NA,2,2,7,3711,0,1,1,NA,2,011,I-805 N/B,ADAMS AVENUE,900,S,N,A,-,Y,SD,NA,805,NA,NA,16.804,H,NA,R,Y,4,0,3,2,A,-,03,22350,NA,N,C,C,A,A,H,-,C,D,0,NA,NA,NA,NA,Y,NA,A,07,0,0,3,0,0,0,0,0,0,-,-,32.76063919067383,-117.12654876708984,SAN DIEGO,SAN DIEGO,-117.12661743164063,32.76062774658203
94489236,2024,2024-12-02,9680,2024-11-24,1810,017996,NA,7,2,5,3708,0,1,1,NA,2,081,I-8 WESTBOUND,70TH STREET,625,E,N,A,-,Y,SD,NA,8,NA,NA,9.715,H,NA,L,N,4,0,2,3,A,-,03,22350,NA,M,C,C,A,A,H,-,C,D,0,NA,NA,NA,NA,Y,NA,A,01,0,0,2,0,0,0,0,0,0,-,-,32.7734489440918,-117.04405212402344,SAN DIEGO,LA MESA,-117.04411315917967,32.77336120605469
94489600,2024,2024-12-02,9680,2024-11-17,430,018672,NA,7,3,9,3700,0,1,3,NA,1,052,STATE ROUTE 78,GREAT SOUTHERN OVERLAND STAGE RTE 1849,21120,W,N,A,-,Y,SD,NA,78,NA,NA,65.596,H,NA,R,Y,4,0,1,1,A,-,08,22107,NA,N,E,I,A,A,H,-,D,D,0,NA,NA,NA,NA,Y,NA,E,22,0,0,1,0,0,0,0,0,0,-,-,33.07365036010742,-116.53845977783205,SAN DIEGO,UNINCORPORATED,-116.53839874267578,33.07361602783203
94490182,2024,2024-12-03,9680,2024-11-24,1915,024079,NA,7,2,9,3700,0,3,5,NA,2,003,FOSS RD.,S. GRADE RD,16,E,N,A,-,N,NA,NA,NA,NA,NA,NA,NA,NA,NA,Y,3,0,2,2,A,-,08,22107,NA,N,B,C,A,A,H,-,D,A,0,NA,NA,NA,NA,Y,NA,A,07,0,2,0,0,0,0,0,0,0,-,-,32.82810974121094,-116.7887725830078,SAN DIEGO,UNINCORPORATED,-116.78880310058594,32.82802200317383
94490777,2024,2024-12-03,9650,2024-12-03,915,019346,NA,2,1,5,3712,0,1,3,NA,2,017,SR-78 W/B,RANCHO SANTA FE AVE,1320,W,N,A,-,Y,SD,NA,78,NA,NA,10.968,H,NA,L,Y,4,0,2,2,A,-,03,22350,NA,N,C,C,A,A,H,-,A,D,0,NA,NA,NA,NA,Y,NA,A,08,0,0,2,0,0,0,0,0,0,-,-,33.146461486816406,-117.1938934326172,SAN DIEGO,SAN MARCOS,-117.19384765625,33.14649200439453
94493114,2024,2024-12-05,9650,2024-10-06,1336,015446,NA,7,1,9,3700,0,3,5,NA,2,211,GOPHER CANYON ROAD,CHAMPAGNE BOULEVARD,29,W,N,A,-,N,NA,NA,NA,NA,NA,NA,NA,NA,NA,Y,1,1,2,2,A,-,03,22350,NA,N,B,C,A,A,H,-,A,D,0,NA,NA,NA,NA,Y,NA,A,01,1,0,1,0,0,0,0,0,0,-,-,33.25270080566406,-117.15403747558594,SAN DIEGO,UNINCORPORATED,-117.15397644042967,33.25278091430664
94494012,2024,2024-12-05,9645,2024-08-15,2317,019410,NA,4,3,7,3711,0,1,1,NA,2,007,I-5 SB,NOBEL DR. O/C,550,S,N,B,-,Y,SD,NA,5,NA,R,28.01,H,NA,L,Y,2,0,1,2,A,-,03,22350,NA,F,C,C,A,A,H,-,C,D,0,NA,NA,NA,NA,Y,NA,A,01,1,0,0,0,0,0,0,0,0,-,-,32.86606979370117,-117.23001098632813,SAN DIEGO,SAN DIEGO,-117.22994232177734,32.866065979003906
94497192,2024,2024-12-13,9650,2024-12-02,1408,017328,NA,1,2,9,3700,0,1,1,NA,2,021,I-15 N/B,CAMINO DEL REY U/C,365,S,N,A,-,Y,SD,NA,15,NA,R,41.764,H,NA,R,Y,4,0,2,3,A,-,03,22350,NA,N,C,C,A,A,H,-,A,D,0,NA,NA,NA,NA,Y,NA,A,01,0,0,2,0,0,0,0,0,0,-,-,33.26567840576172,-117.15825653076172,SAN DIEGO,UNINCORPORATED,-117.15835571289063,33.26569366455078
94498697,2024,2024-12-13,9645,2024-12-03,1800,018987,NA,2,2,7,3711,0,1,1,NA,2,021,SR-15 NORTHBOUND,I-805,3696,N,N,A,-,Y,SD,NA,15,NA,M,4.161,H,NA,R,Y,4,0,1,3,A,-,07,21658,A,N,B,C,A,A,H,-,A,D,0,NA,NA,NA,NA,Y,NA,A,07,0,0,1,0,0,0,0,0,0,-,-,32.742919921875,-117.11102294921876,SAN DIEGO,SAN DIEGO,-117.11109161376952,32.74296951293945
94498914,2024,2024-12-13,9645,2024-12-04,256,023309,NA,3,3,7,3711,0,1,1,NA,2,001,I-15 SOUTHBOUND,CAMINO DEL NORTE,2640,N,N,A,-,Y,SD,NA,15,NA,M,22.354,H,NA,L,N,3,0,1,2,A,-,01,23152,A,N,C,C,A,A,H,-,D,B,0,NA,NA,NA,Y,Y,Y,A,01,0,1,0,0,0,0,0,0,0,-,-,33.00374984741211,-117.08164215087892,SAN DIEGO,SAN DIEGO,-117.08154296875,33.00373077392578
94500040,2024,2024-12-13,9645,2024-11-10,2110,023850,NA,7,2,7,3711,0,3,5,NA,2,018,SR-54 N/B S. WOODMAN STREET,SR-54,0,NA,Y,A,-,Y,SD,NA,54,NA,NA,4.206,H,NA,R,N,4,0,1,2,A,-,08,22107,NA,N,B,C,A,A,H,-,C,A,0,NA,NA,NA,NA,Y,NA,A,08,0,0,1,0,0,0,0,0,0,-,-,32.672950744628906,-117.03897094726563,SAN DIEGO,SAN DIEGO,-117.03912353515624,32.673072814941406
9450203,2022,2022-06-18,3700,2022-04-08,1616,SH0029,NA,5,5,5,3713,0,0,0,NA,0,312,SOUTH MELROSE DR,HACIENDA DR,0,NA,Y,A,-,N,NA,NA,NA,NA,NA,NA,NA,NA,NA,Y,4,0,2,2,B,-,22,NA,NA,N,D,C,A,A,H,-,A,A,0,NA,NA,NA,NA,Y,NA,J,48,0,0,2,0,0,0,0,0,0,-,-,NA,NA,SAN DIEGO,VISTA,-117.2536163330078,33.193702697753906
9450305,2022,2022-07-06,3710,2022-05-18,2122,OC1519,NA,3,5,6,3710,0,0,0,NA,0,035,RT 76,COLLEGE BL,0,NA,Y,A,-,Y,SD,11,76,-,R,6.207,I,5,W,Y,4,0,2,3,A,-,12,21453,A,N,D,C,A,A,H,-,C,A,0,NA,NA,NA,NA,Y,NA,A,01,0,0,2,0,0,0,0,0,0,-,-,NA,NA,SAN DIEGO,OCEANSIDE,-117.28982543945313,33.24375915527344
94503276,2024,2024-12-13,9645,2024-12-12,1450,022479,NA,4,2,7,3711,0,1,1,NA,2,017,I-15 S/B,SR-52 FREEWAY,960,N,N,A,-,Y,SD,NA,15,NA,R,10.782,H,NA,L,N,4,0,1,2,A,-,03,22350,NA,N,A,C,A,A,H,-,A,D,0,NA,NA,NA,NA,Y,NA,A,07,0,0,1,0,0,0,0,0,0,-,-,32.84455871582031,-117.11947631835938,SAN DIEGO,SAN DIEGO,-117.11948394775392,32.84456253051758
94504291,2024,2024-12-16,9680,2024-12-06,1455,024181,NA,5,2,5,3705,0,1,1,NA,2,081,I-8 WESTBOUND,MOLLISON,475,W,N,A,-,Y,SD,NA,8,NA,NA,16.38,H,NA,L,Y,3,0,1,2,A,-,08,22107,NA,N,B,2,A,A,H,-,A,D,0,NA,NA,NA,NA,Y,NA,D,22,0,1,0,0,0,0,0,0,0,-,-,32.80318832397461,-116.95262145996094,SAN DIEGO,EL CAJON,-116.95262145996094,32.80316162109375
9450716,2022,2022-06-13,3702,2022-04-10,1220,CV1289,NA,7,5,6,3702,0,0,0,NA,0,041,EAST PALOMAR ST,SANTA MARIA DR,0,NA,Y,A,-,N,NA,NA,NA,NA,NA,NA,NA,NA,NA,Y,3,0,2,2,A,-,12,21453,A,N,D,C,A,A,H,-,A,A,0,NA,NA,NA,NA,Y,NA,A,01,0,1,1,0,0,0,0,0,0,-,-,NA,NA,SAN DIEGO,CHULA VISTA,-117.00701904296876,32.6196174621582
9450753,2022,2022-06-16,3711,2022-05-24,1915,SD5679,NA,2,5,7,3711,0,0,0,NA,0,242,BLACK MOUNTAIN RD,KEARNY VILLA RD,0,NA,Y,A,-,N,NA,NA,NA,NA,NA,NA,NA,NA,NA,N,4,0,1,2,A,-,09,21453,B,N,D,C,A,A,H,-,A,A,0,NA,NA,Y,NA,Y,NA,A,07,0,0,1,0,0,0,0,0,1,-,-,NA,NA,SAN DIEGO,SAN DIEGO,-117.12267303466795,32.89866256713867
9450762,2022,2022-06-16,3708,2022-05-26,0859,LM8309,NA,4,5,5,3708,0,0,0,NA,0,002,SPRING ST,SPRING GARDENS RD,302,N,N,A,-,N,NA,NA,NA,NA,NA,NA,NA,NA,NA,Y,4,0,1,2,A,-,09,21801,A,N,D,C,A,A,H,-,A,D,0,NA,NA,NA,NA,Y,NA,A,01,0,0,1,0,0,0,0,0,0,-,-,NA,NA,SAN DIEGO,LA MESA,-117.01387786865234,32.75518035888672
94508181,2024,2024-12-18,9650,2024-12-11,1820,021263,NA,3,2,9,3700,0,2,4,NA,1,027,VALLEY CENTER ROAD,CALLE DE VISTA,450,N,N,A,-,N,NA,NA,NA,NA,NA,NA,NA,NA,NA,N,4,0,1,3,A,-,03,22350,NA,N,C,C,A,A,H,-,D,D,0,NA,NA,NA,NA,Y,NA,A,01,0,0,1,0,0,0,0,0,0,-,-,33.220149993896484,-117.03469848632813,SAN DIEGO,UNINCORPORATED,-117.0347137451172,33.22003173828125
94513286,2024,2024-12-23,9680,2024-12-11,1210,024159,NA,3,1,4,3720,0,1,3,NA,2,027,SR-94 E/B,COLLEGE AVE,1056,E,N,A,-,Y,SD,NA,94,NA,NA,8.036,H,NA,R,Y,3,0,1,1,A,-,08,22107,NA,N,E,I,A,A,H,-,A,D,0,NA,NA,NA,NA,Y,NA,A,01,0,1,0,0,0,0,0,0,0,-,-,32.744380950927734,-117.04708099365234,SAN DIEGO,LEMON GROVE,-117.04701995849608,32.74428176879883
94519246,2024,2024-12-30,9650,2024-11-24,217,023426,NA,7,3,9,3700,0,1,1,NA,2,021,I-15 N/B,LILAC RD,1109,S,N,C,-,Y,SD,NA,15,NA,R,44.037,H,NA,R,Y,4,0,1,1,A,-,01,23152,A,M,E,I,A,A,H,-,D,D,0,NA,NA,NA,NA,Y,Y,D,22,0,0,1,0,0,0,0,0,0,-,-,33.297149658203125,-117.14981079101563,SAN DIEGO,UNINCORPORATED,-117.14954376220705,33.297157287597656
94522542,2024,2025-01-01,9680,2024-12-19,1840,023917,NA,4,2,9,3700,0,1,1,NA,2,085,I-8 E/B,LAS BANCAS-HORSETHIEF ROAD,1584,W,N,A,-,Y,SD,NA,8,NA,R,39.288,H,NA,R,Y,4,0,1,2,A,-,03,22350,NA,N,C,C,A,A,H,-,D,D,0,NA,NA,NA,NA,Y,NA,A,07,0,0,1,0,0,0,0,0,0,-,-,32.82353973388672,-116.60244750976563,SAN DIEGO,UNINCORPORATED,-116.60245513916016,32.82352828979492
94522588,2024,2025-01-01,9680,2024-12-23,1516,024178,NA,1,2,9,3700,0,3,5,NA,2,002,ELKELTON BOULEVARD,JAMACHA ROAD,258,S,N,A,-,N,NA,NA,NA,NA,NA,NA,NA,NA,NA,Y,4,0,1,2,A,-,09,21804,A,N,D,C,A,A,H,-,A,A,0,NA,NA,NA,NA,Y,NA,A,07,0,0,1,0,0,0,0,0,0,-,-,32.714080810546875,-117.01728057861328,SAN DIEGO,UNINCORPORATED,-117.01742553710938,32.714229583740234
94523305,2024,2025-01-02,9645,2024-12-15,1700,023922,NA,7,2,5,3709,0,1,3,NA,2,008,SR-54 EASTBOUND,HIGHLAND AVENUE,1268,W,N,A,-,Y,SD,NA,54,NA,NA,0.651,H,NA,R,Y,3,0,3,2,A,-,01,23152,A,F,B,E,A,A,H,-,B,D,0,NA,NA,NA,NA,Y,Y,A,01,0,1,2,0,0,0,0,0,0,-,-,32.65296173095703,-117.09342956542967,SAN DIEGO,NATIONAL CITY,-117.09347534179688,32.653072357177734
94525356,2024,2025-01-03,9645,2024-12-29,1505,018678,NA,7,2,7,3711,0,1,3,NA,2,023,SR-163 SOUTHBOUND,EL PRADO O/C,430,N,N,B,-,Y,SD,NA,163,NA,NA,1.499,H,NA,L,Y,3,0,1,2,A,-,03,22350,NA,N,C,C,A,A,H,-,A,D,0,NA,NA,NA,NA,Y,NA,A,01,0,1,0,0,0,0,0,0,0,-,-,32.732601165771484,-117.15512084960938,SAN DIEGO,SAN DIEGO,-117.15512084960938,32.732601165771484