CASE_ID,ACCIDENT_YEAR,PROC_DATE,JURIS,COLLISION_DATE,COLLISION_TIME,OFFICER_ID,REPORTING_DISTRICT,DAY_OF_WEEK,CHP_SHIFT,POPULATION,CNTY_CITY_LOC,SPECIAL_COND,BEAT_TYPE,CHP_BEAT_TYPE,CITY_DIVISION_LAPD,CHP_BEAT_CLASS,BEAT_NUMBER,PRIMARY_RD,SECONDARY_RD,DISTANCE,DIRECTION,INTERSECTION,WEATHER_1,WEATHER_2,STATE_HWY_IND,CALTRANS_COUNTY,CALTRANS_DISTRICT,STATE_ROUTE,ROUTE_SUFFIX,POSTMILE_PREFIX,POSTMILE,LOCATION_TYPE,RAMP_INTERSECTION,SIDE_OF_HWY,TOW_AWAY,COLLISION_SEVERITY,NUMBER_KILLED,NUMBER_INJURED,PARTY_COUNT,PRIMARY_COLL_FACTOR,PCF_CODE_OF_VIOL,PCF_VIOL_CATEGORY,PCF_VIOLATION,PCF_VIOL_SUBSECTION,HIT_AND_RUN,TYPE_OF_COLLISION,MVIW,PED_ACTION,ROAD_SURFACE,ROAD_COND_1,ROAD_COND_2,LIGHTING,CONTROL_DEVICE,CHP_ROAD_TYPE,PEDESTRIAN_ACCIDENT,BICYCLE_ACCIDENT,MOTORCYCLE_ACCIDENT,TRUCK_ACCIDENT,NOT_PRIVATE_PROPERTY,ALCOHOL_INVOLVED,STWD_VEHTYPE_AT_FAULT,CHP_VEHTYPE_AT_FAULT,COUNT_SEVERE_INJ,COUNT_VISIBLE_INJ,COUNT_COMPLAINT_PAIN,COUNT_PED_KILLED,COUNT_PED_INJURED,COUNT_BICYCLIST_KILLED,COUNT_BICYCLIST_INJURED,COUNT_MC_KILLED,COUNT_MC_INJURED,PRIMARY_RAMP,SECONDARY_RAMP,LATITUDE,LONGITUDE,COUNTY,CITY,POINT_X,POINT_Y
94709162,2025,2025-06-02,9650,2025-05-24,400,023426,NA,6,3,5,3712,0,1,3,NA,2,019,SR-78 E/B,TWIN OAKS VALLEY RD,1531,E,N,A,-,Y,SD,NA,78,NA,NA,13.216,H,NA,R,Y,4,0,1,2,A,-,08,22107,NA,N,B,C,A,A,H,-,D,D,0,NA,NA,NA,NA,Y,Y,A,01,0,0,1,0,0,0,0,0,0,-,-,33.137760162353516,-117.15850067138672,SAN DIEGO,SAN MARCOS,-117.15850830078124,33.137786865234375
94712423,2025,2025-12-12,9645,2025-05-29,1022,024371,NA,4,1,7,3711,0,1,3,NA,2,006,SR-94 E/B,25TH STREET,981,E,N,B,-,Y,SD,NA,94,NA,NA,2.041,H,NA,R,N,2,0,1,2,A,-,08,22107,NA,N,C,2,A,A,H,-,A,D,0,NA,NA,NA,NA,Y,NA,D,22,1,0,0,0,0,0,0,0,0,-,-,32.71308135986328,-117.13697052001952,SAN DIEGO,SAN DIEGO,-117.13697052001952,32.71311569213867
94712760,2025,2025-06-04,9690,2025-06-02,1507,016430,NA,1,2,7,3711,0,1,S,NA,2,904,I-5 S/B,LAS PULGAS,14256,S,N,A,-,Y,SD,NA,5,NA,R,59.346,H,NA,L,Y,3,0,1,2,A,-,01,23152,F,M,C,C,A,A,H,-,A,D,0,NA,NA,Y,NA,Y,NA,C,02,0,1,0,0,0,0,0,0,1,-,-,33.26744842529297,-117.43588256835938,SAN DIEGO,SAN DIEGO,-117.43586730957033,33.26746368408203
94713273,2024,2025-06-04,9645,2024-11-18,1423,023641,NA,1,2,7,3711,0,1,3,NA,2,012,STATE ROUTE 52 EASTBOUND,REGENTS ROAD,2000,W,N,A,-,Y,SD,NA,52,NA,NA,1.152,H,NA,R,N,1,1,1,3,A,-,08,22107,NA,N,B,1,E,A,H,-,A,D,0,Y,NA,NA,NA,Y,NA,A,08,0,0,1,1,0,0,0,0,0,-,-,32.84035110473633,-117.22074127197266,SAN DIEGO,SAN DIEGO,-117.22077178955078,32.84041976928711
9471443,2023,2023-12-12,3711,2023-10-17,1600,SD1462,NA,2,5,7,3711,0,0,0,NA,0,323,WARING RD,NAVAJO RD,0,NA,Y,A,-,N,NA,NA,NA,NA,NA,NA,NA,NA,NA,Y,3,0,2,3,A,-,03,22350,NA,N,D,C,A,A,H,-,A,A,0,NA,NA,NA,NA,Y,NA,A,07,0,1,1,0,0,0,0,0,0,-,-,NA,NA,SAN DIEGO,SAN DIEGO,-117.06778717041016,32.793739318847656
94716695,2025,2025-06-06,9680,2025-05-26,1549,023077,NA,1,2,9,3700,0,3,5,NA,2,006,SR-94 (CAMPO RD),CAMPBELL RANCH RD,1584,W,N,A,-,Y,SD,NA,94,NA,NA,28.266,H,NA,R,Y,2,0,3,2,A,-,09,21801,A,N,D,C,A,A,H,-,A,D,0,NA,NA,NA,NA,Y,NA,D,22,2,1,0,0,0,0,0,0,0,-,-,32.644229888916016,-116.7812728881836,SAN DIEGO,UNINCORPORATED,-116.78126525878906,32.64424133300781
94718766,2025,2025-06-09,9650,2025-03-30,220,022965,NA,7,3,9,3700,0,1,1,NA,2,021,SOUTHBOUND INTERSTATE 15,DEER SPRINGS ROAD,2230,N,N,A,-,Y,SD,NA,15,NA,R,37.063,H,NA,L,Y,1,2,0,2,A,-,05,21651,B,N,A,C,A,A,H,-,D,D,0,NA,NA,NA,NA,Y,NA,A,01,0,0,0,0,0,0,0,0,0,-,-,33.20273971557617,-117.12924957275392,SAN DIEGO,UNINCORPORATED,-117.12928009033205,33.20272445678711
9471893,2023,2023-12-13,3711,2023-10-23,1200,SD7640,NA,1,5,7,3711,0,0,0,NA,0,627,1ST AV,1ST AV 3700,0,NA,Y,A,-,N,NA,NA,NA,NA,NA,NA,NA,NA,NA,N,3,0,1,2,A,-,08,22107,NA,N,A,C,A,A,H,-,A,D,0,NA,NA,NA,NA,Y,NA,A,01,0,1,0,0,0,0,0,0,0,-,-,NA,NA,SAN DIEGO,SAN DIEGO,-117.19583892822266,32.70886993408203
94719486,2025,2025-06-10,9650,2025-04-29,1716,021263,NA,2,2,6,3706,0,1,1,NA,2,023,INTERSTATE 15 NORTHBOUND,CITRACADO PARKWAY,1056,N,N,A,-,Y,SD,NA,15,NA,R,29.23,H,NA,R,N,4,0,1,2,A,-,03,22350,NA,F,C,C,A,A,H,-,A,D,0,NA,NA,NA,NA,Y,NA,A,01,0,0,1,0,0,0,0,0,0,-,-,33.097469329833984,-117.08754730224608,SAN DIEGO,ESCONDIDO,-117.0876007080078,33.097434997558594
94722315,2025,2025-06-23,9645,2025-06-04,1640,024355,NA,3,2,7,3711,0,1,3,NA,2,016,SR-52 EASTBOUND,I-15 FREEWAY,528,E,N,B,-,Y,SD,NA,52,NA,NA,7.355,H,NA,R,N,4,0,1,2,A,-,07,21658,A,N,B,C,A,A,H,-,A,D,0,NA,NA,Y,NA,Y,NA,C,02,0,0,1,0,0,0,0,0,1,-,-,32.84170913696289,-117.12064361572266,SAN DIEGO,SAN DIEGO,-117.12063598632813,32.84168243408203
9472290,2022,2022-11-07,3711,2022-07-13,1823,SD7659,NA,3,5,7,3711,0,0,0,NA,0,826,EL CAJON BL,52ND ST,0,NA,N,A,-,N,NA,NA,NA,NA,NA,NA,NA,NA,NA,N,4,0,2,2,A,-,09,21804,A,N,B,C,A,A,H,-,B,D,0,NA,NA,NA,NA,Y,NA,A,01,0,0,2,0,0,0,0,0,0,-,-,NA,NA,SAN DIEGO,SAN DIEGO,-117.08359527587892,32.75723648071289
94723146,2025,2025-06-12,9680,2025-05-31,1115,016102,NA,6,1,9,3700,0,3,5,NA,2,006,BUCKMAN SPRINGS ROAD (S1),OAK DRIVE,4752,N,N,B,C,N,NA,NA,NA,NA,NA,NA,NA,NA,NA,Y,2,0,1,1,A,-,03,22350,NA,N,E,8,A,B,H,-,A,D,0,NA,NA,Y,NA,Y,NA,C,02,1,0,0,0,0,0,0,0,1,-,-,32.70254898071289,-116.4897689819336,SAN DIEGO,UNINCORPORATED,-116.48990631103516,32.703224182128906
94724554,2025,2025-06-13,9650,2025-06-11,1135,020180,NA,3,1,5,3712,0,1,3,NA,2,019,SR-78 W/B,TWIN OAKS VALLEY RD,4066,E,N,A,-,Y,SD,NA,78,NA,NA,13.708,H,NA,L,N,4,0,3,3,A,-,03,22350,NA,N,C,C,A,A,H,-,A,D,0,NA,NA,NA,NA,Y,NA,D,22,0,0,3,0,0,0,0,0,0,-,-,33.13969039916992,-117.15028381347656,SAN DIEGO,SAN MARCOS,-117.15028381347656,33.139652252197266
94725053,2025,2025-06-13,9645,2025-06-08,1525,022506,NA,7,2,7,3711,0,1,3,NA,2,016,SR-52 W/B,MAST BLVD,4330,W,N,A,-,Y,SD,NA,52,NA,NA,12.469,H,NA,L,Y,3,0,1,2,A,-,08,22107,NA,N,B,2,A,A,H,-,A,D,0,NA,NA,NA,NA,Y,NA,A,07,0,1,0,0,0,0,0,0,0,-,-,32.8514289855957,-117.03759765625,SAN DIEGO,SAN DIEGO,-117.03760528564452,32.85140609741211
9472515,2022,2022-07-21,3711,2022-07-11,0107,SD1631,NA,1,5,7,3711,0,0,0,NA,0,122,GARNET AV,HAINES ST,90,E,N,A,-,N,NA,NA,NA,NA,NA,NA,NA,NA,NA,Y,4,0,1,2,A,-,08,22107,NA,N,C,E,A,A,H,-,C,A,0,NA,NA,NA,NA,Y,Y,-,NA,0,0,1,0,0,0,0,0,0,-,-,NA,NA,SAN DIEGO,SAN DIEGO,-117.24242401123048,32.79944610595703
9472530,2022,2022-09-08,3711,2022-07-08,1123,SD6082,NA,5,5,7,3711,0,0,0,NA,0,126,TORREY PINES RD,JOHN HOPKINS DR,727,N,N,A,-,N,NA,NA,NA,NA,NA,NA,NA,NA,NA,N,3,0,1,2,A,-,08,22107,NA,N,H,A,A,A,H,-,A,D,0,NA,Y,NA,NA,Y,NA,A,01,0,1,0,0,0,0,1,0,0,-,-,NA,NA,SAN DIEGO,SAN DIEGO,-117.24250793457033,32.900108337402344
94726684,2025,2025-07-29,9645,2025-05-26,2048,024357,NA,1,2,7,3711,0,1,1,NA,2,010,I-8 E/B FROM QUALCOMM WAY,QUALCOMM WAY,350,W,N,A,-,Y,NA,NA,NA,NA,NA,NA,NA,NA,NA,Y,3,0,2,2,A,-,03,22350,NA,F,D,C,A,A,H,-,C,D,0,NA,NA,NA,NA,Y,NA,A,01,0,1,1,0,0,0,0,0,0,-,-,32.76873016357422,-117.14083862304688,SAN DIEGO,SAN DIEGO,-117.14080810546876,32.769500732421875
94727350,2025,2025-06-16,9680,2025-06-05,1305,014949,NA,4,1,9,3700,0,1,1,NA,2,086,I-8 E/B,MCCAIN VALLEY,10560,E,N,A,-,Y,SD,NA,8,NA,R,69.335,H,NA,R,Y,3,0,1,2,A,-,08,22107,NA,N,C,C,A,A,H,-,A,D,0,NA,NA,NA,NA,Y,NA,A,01,0,1,0,0,0,0,0,0,0,-,-,32.660888671875,-116.2357177734375,SAN DIEGO,UNINCORPORATED,-116.23571014404295,32.660919189453125
94727410,2025,2025-06-16,9680,2025-06-05,1301,023255,NA,4,1,5,3705,0,1,1,NA,2,081,I-8 W/B,EL CAJON BLVD,40,W,N,B,-,Y,SD,NA,8,NA,NA,13.68,H,NA,L,N,4,0,3,2,A,-,03,22350,NA,N,C,C,A,A,H,-,A,D,0,NA,NA,NA,NA,Y,NA,A,01,0,0,3,0,0,0,0,0,0,-,-,32.782310485839844,-116.9814682006836,SAN DIEGO,EL CAJON,-116.98148345947266,32.78231430053711
94727962,2025,2025-06-16,9680,2025-03-29,155,023909,NA,6,3,9,3700,0,2,4,NA,1,026,BANCROFT DR,SR-94,80,N,N,A,-,N,NA,NA,NA,NA,NA,NA,NA,NA,NA,Y,4,0,1,1,A,-,08,22107,NA,N,E,I,A,A,H,-,C,A,0,NA,NA,NA,NA,Y,NA,A,07,0,0,1,0,0,0,0,0,0,-,-,32.750701904296875,-117.0015869140625,SAN DIEGO,UNINCORPORATED,-117.00149536132813,32.750648498535156
94729456,2025,2025-06-17,9680,2025-06-05,1230,024159,NA,4,1,9,3700,0,2,4,NA,1,018,LOS COCHES RD,I-8,355,N,N,A,-,N,NA,NA,NA,NA,NA,NA,NA,NA,NA,Y,3,0,1,2,A,-,09,21804,A,F,D,C,A,A,H,-,A,D,0,NA,NA,NA,NA,Y,NA,A,07,0,1,0,0,0,0,0,0,0,-,-,32.82752990722656,-116.90418243408205,SAN DIEGO,UNINCORPORATED,-116.90409088134766,32.827476501464844
94729519,2025,2025-06-17,9645,2025-06-10,800,020161,NA,2,1,7,3711,0,1,1,NA,2,019,I-15 SOUTHBOUND,RANCHO BERNARNDO ROAD,1230,S,N,A,-,Y,SD,NA,15,NA,M,23.463,H,NA,L,N,4,0,1,2,A,-,03,22350,NA,N,C,C,A,A,H,-,A,D,0,NA,NA,NA,NA,Y,NA,A,07,0,0,1,0,0,0,0,0,0,-,-,33.019649505615234,-117.07948303222656,SAN DIEGO,SAN DIEGO,-117.07936096191406,33.01963806152344
94729944,2025,2025-07-14,9650,2025-06-16,715,022924,NA,1,1,6,3706,0,1,1,NA,2,023,I-15 SOUTHBOUND,9TH AVE,100,N,N,A,-,Y,SD,NA,15,NA,R,30.179,H,NA,L,Y,4,0,1,3,A,-,03,22350,NA,N,C,C,A,A,H,-,A,D,0,NA,NA,NA,Y,Y,NA,F,25,0,0,1,0,0,0,0,0,0,-,-,33.10932159423828,-117.0957489013672,SAN DIEGO,ESCONDIDO,-117.095703125,33.10934066772461
94731830,2025,2025-06-19,9645,2025-06-10,2215,021097,NA,2,3,7,3711,0,1,3,NA,2,023,SR-163 S/B,WASHINGTON ST,200,N,N,B,-,Y,SD,NA,163,NA,NA,2.815,H,NA,L,N,3,0,1,1,A,-,08,22107,NA,N,F,A,A,A,H,-,C,D,0,NA,NA,Y,NA,Y,NA,C,02,0,1,0,0,0,0,0,0,1,-,-,32.75128936767578,-117.15567016601563,SAN DIEGO,SAN DIEGO,-117.15566253662108,32.75129318237305
9473244,2022,2022-11-04,3711,2022-07-27,1055,SD7739,NA,3,5,7,3711,0,0,0,NA,0,122,LAMONT ST,GRAND AV,0,NA,N,A,-,N,NA,NA,NA,NA,NA,NA,NA,NA,NA,N,4,0,1,2,A,-,04,21703,NA,N,C,C,A,A,H,-,A,A,0,NA,NA,NA,NA,Y,NA,A,01,0,0,1,0,0,0,0,0,0,-,-,NA,NA,SAN DIEGO,SAN DIEGO,-117.23480224609376,32.79918670654297
94732447,2025,2025-06-19,9680,2025-06-07,2040,024178,NA,6,2,9,3700,0,1,3,NA,1,024,SR-94 (CAMPO ROAD),JAMACHA BLVD,138,W,N,B,-,Y,SD,NA,94,NA,NA,14.287,H,NA,R,Y,3,0,4,3,A,-,01,23152,A,N,C,C,A,A,H,-,C,A,0,NA,NA,NA,NA,Y,Y,A,01,0,1,3,0,0,0,0,0,0,-,-,32.74021911621094,-116.9522705078125,SAN DIEGO,UNINCORPORATED,-116.95229339599608,32.74019241333008
94733628,2025,2025-06-20,9645,2025-06-16,1755,023923,NA,1,2,7,3711,0,1,1,NA,2,003,I-5 S/B,SAMPSON ST O/C,528,S,N,A,-,Y,SD,NA,5,NA,R,13.661,H,NA,L,N,4,0,1,2,A,-,03,22350,NA,N,C,C,A,A,H,-,A,D,0,NA,NA,NA,NA,Y,NA,A,07,0,0,1,0,0,0,0,0,0,-,-,32.69755935668945,-117.1375732421875,SAN DIEGO,SAN DIEGO,-117.13758850097656,32.69753646850586
94733959,2025,2025-06-20,9645,2025-05-29,1400,022512,NA,4,2,7,3711,0,1,1,NA,2,019,INTERSTATE 15 SOUTHBOUND,BERNARDO CENTER DRIVE,1490,S,N,A,-,Y,SD,NA,15,NA,M,22.661,H,NA,L,Y,3,0,1,2,A,-,08,22107,NA,N,B,C,A,A,H,-,A,D,0,NA,NA,NA,NA,Y,NA,A,07,0,1,0,0,0,0,0,0,0,-,-,33.00804138183594,-117.08067321777344,SAN DIEGO,SAN DIEGO,-117.08069610595705,33.00804138183594
94736171,2025,2025-06-23,9650,2025-06-13,1820,023381,NA,5,2,5,3701,0,1,1,NA,2,005,I-5 N/B,CARLSBAD VILLAGE DR,485,S,N,A,-,Y,SD,NA,5,NA,R,50.02,H,NA,R,Y,4,0,1,4,A,-,03,22350,NA,N,C,C,A,A,H,-,A,D,0,NA,NA,NA,NA,Y,NA,D,22,0,0,1,0,0,0,0,0,0,-,-,33.162078857421875,-117.34143829345705,SAN DIEGO,CARLSBAD,-117.34151458740234,33.162052154541016
94737291,2025,2025-06-24,9650,2025-06-17,1305,022924,NA,2,1,6,3706,0,1,3,NA,2,019,SR-78,I-15,200,W,N,A,-,Y,NA,NA,NA,NA,NA,NA,NA,NA,NA,Y,4,0,1,1,A,-,16,24002,A,N,E,I,A,A,H,-,A,D,0,NA,NA,NA,NA,Y,NA,A,01,0,0,1,0,0,0,0,0,0,-,-,33.12752151489258,-117.10630798339844,SAN DIEGO,ESCONDIDO,-117.1254653930664,33.1337776184082
9473852,2022,2022-08-23,3708,2022-08-01,1703,LM1299,NA,1,5,5,3708,0,0,0,NA,0,004,DALLAS ST,PARK PLAZA DR,0,NA,Y,A,-,N,NA,NA,NA,NA,NA,NA,NA,NA,NA,N,3,0,1,1,A,-,03,22350,NA,N,H,A,A,A,H,-,A,D,0,NA,Y,NA,NA,Y,NA,L,04,0,1,0,0,0,0,1,0,0,-,-,NA,NA,SAN DIEGO,LA MESA,-117.00514221191406,32.79134750366211
94738657,2025,2025-06-25,9650,2025-06-18,1725,021463,NA,3,2,5,3713,0,1,3,NA,2,017,SR-78 W/B,SYCAMORE AVE,3960,W,N,A,-,Y,SD,NA,78,NA,NA,8.332,H,NA,L,Y,3,0,3,2,A,-,08,22107,NA,N,B,C,A,A,H,-,A,D,0,NA,NA,NA,NA,Y,NA,A,01,0,2,1,0,0,0,0,0,0,-,-,33.173301696777344,-117.22496795654295,SAN DIEGO,VISTA,-117.22495269775392,33.173309326171875
9474066,2022,2022-09-06,3711,2022-08-03,1322,SD1699,NA,3,5,7,3711,0,0,0,NA,0,441,OCEAN VIEW BL,S 36TH ST,0,NA,Y,A,-,N,NA,NA,NA,NA,NA,NA,NA,NA,NA,N,4,0,1,2,D,-,00,NA,NA,N,A,C,A,A,H,-,A,A,0,NA,NA,NA,NA,Y,NA,-,-,0,0,1,0,0,0,0,0,0,-,-,NA,NA,SAN DIEGO,SAN DIEGO,-117.11679077148438,32.70124816894531
9474390,2022,2022-07-25,3711,2022-06-11,1253,SD1599,NA,6,5,7,3711,0,0,0,NA,0,626,PACIFIC HWY,PACIFIC HWY 4141,0,NA,N,A,-,N,NA,NA,NA,NA,NA,NA,NA,NA,NA,N,4,0,1,2,A,-,03,22350,NA,N,C,C,A,A,H,-,A,D,0,NA,NA,NA,NA,Y,NA,A,01,0,0,1,0,0,0,0,0,0,-,-,NA,NA,SAN DIEGO,SAN DIEGO,-117.18054962158205,32.7389030456543
94744112,2025,2025-06-30,9650,2025-06-22,1525,022139,NA,7,2,9,3700,0,3,5,NA,1,212,LILAC RD,HUNZA HILL TER,200,N,N,A,-,N,NA,NA,NA,NA,NA,NA,NA,NA,NA,Y,4,0,1,1,A,-,01,23152,A,N,E,I,A,A,H,-,A,D,0,NA,NA,NA,NA,Y,Y,A,01,0,0,1,0,0,0,0,0,0,-,-,33.22829818725586,-117.0423583984375,SAN DIEGO,UNINCORPORATED,-117.04239654541016,33.228271484375
94746123,2025,2025-07-01,9680,2025-06-19,2335,023332,NA,4,3,5,3705,0,1,1,NA,2,082,I-8 W/B,GREENFIELD DR,1600,E,N,A,-,Y,SD,NA,8,NA,R,19.05,H,NA,L,N,4,0,1,2,A,-,07,21658,A,N,B,C,A,A,H,-,D,D,0,NA,NA,NA,NA,Y,NA,A,07,0,0,1,0,0,0,0,0,0,-,-,32.81550979614258,-116.91423034667967,SAN DIEGO,EL CAJON,-116.91423797607422,32.815513610839844
94747647,2025,2025-07-07,9650,2025-06-30,1550,021359,NA,1,2,9,3700,0,3,5,NA,1,212,COLE GRADE RD,CHRIS DEE DR,528,S,N,A,-,N,NA,NA,NA,NA,NA,NA,NA,NA,NA,Y,4,0,1,2,A,-,03,22350,NA,N,C,2,A,A,H,-,A,D,0,NA,NA,NA,NA,Y,NA,A,01,0,0,1,0,0,0,0,0,0,-,-,33.2973518371582,-117.02181243896484,SAN DIEGO,UNINCORPORATED,-117.02131652832033,33.29775619506836
9474877,2022,2022-12-12,3702,2022-04-25,2100,CV1268,NA,1,5,6,3702,0,0,0,NA,0,023,E PALOMRAR ST,MONSERATE AV,6,S,N,A,-,N,NA,NA,NA,NA,NA,NA,NA,NA,NA,Y,4,0,1,2,A,-,01,23152,A,N,C,E,A,A,H,-,C,D,0,NA,NA,NA,NA,Y,Y,D,22,0,0,1,0,0,0,0,0,0,-,-,NA,NA,SAN DIEGO,CHULA VISTA,-117.046630859375,32.612770080566406
94753097,2025,2025-07-08,9650,2025-07-07,1705,020343,NA,1,2,6,3710,0,1,3,NA,2,015,SR-78 EB FROM JEFFERSON ST,JEFFERSON ST,581,E,N,A,-,Y,SD,NA,78,NA,NA,0.862,H,NA,R,Y,4,0,1,2,A,-,03,22350,NA,N,C,D,A,A,H,-,A,D,0,NA,NA,NA,NA,Y,NA,A,01,0,0,1,0,0,0,0,0,0,-,-,33.18088150024414,-117.3378677368164,SAN DIEGO,OCEANSIDE,-117.3378677368164,33.18108367919922
9475314,2022,2022-07-13,3710,2022-06-06,1603,OC1520,NA,1,5,6,3710,0,0,0,NA,0,027,CAMEO DR,ROSELLE AV,220,E,N,A,-,N,NA,NA,NA,NA,NA,NA,NA,NA,NA,Y,4,0,3,4,A,-,21,22106,NA,N,A,C,A,A,H,-,A,D,0,NA,NA,NA,NA,Y,NA,-,NA,0,0,3,0,0,0,0,0,0,-,-,NA,NA,SAN DIEGO,OCEANSIDE,-117.29864501953124,33.1949577331543
94753907,2025,2025-07-08,9645,2025-06-27,1250,022845,NA,5,1,7,3711,0,1,1,NA,2,011,I-805 N/B,CAMINO DEL RIO S,1531,S,N,A,-,Y,SD,NA,805,NA,NA,17.27,H,NA,R,Y,3,0,2,2,A,-,03,22350,NA,N,C,C,A,A,H,-,A,D,0,NA,NA,NA,NA,Y,NA,A,01,0,2,0,0,0,0,0,0,0,-,-,32.7671012878418,-117.12876129150392,SAN DIEGO,SAN DIEGO,-117.12879943847656,32.767086029052734
94754312,2025,2025-07-08,9680,2025-06-26,1910,023113,NA,4,2,9,3700,0,3,5,NA,2,009,BLACK CANYON RD,PILE ST,843,N,N,A,-,N,NA,NA,NA,NA,NA,NA,NA,NA,NA,Y,3,0,1,1,A,-,03,22350,NA,N,E,8,A,A,H,-,A,A,0,NA,NA,NA,NA,Y,NA,A,01,0,1,0,0,0,0,0,0,0,-,-,33.071659088134766,-116.84542083740234,SAN DIEGO,UNINCORPORATED,-116.84532165527344,33.07162857055664
94757405,2025,2025-07-10,9645,2025-06-30,1423,023922,NA,1,2,7,3711,0,1,1,NA,2,010,I-8 E/B,MISSION CENTER ROAD,1312,E,N,A,-,Y,SD,NA,8,NA,NA,3.293,H,NA,R,Y,3,0,2,2,A,-,03,22350,NA,N,C,C,A,A,H,-,A,D,0,NA,NA,NA,NA,Y,NA,D,22,0,1,1,0,0,0,0,0,0,-,-,32.766319274902344,-117.14949035644533,SAN DIEGO,SAN DIEGO,-117.14949798583984,32.7663459777832
94761237,2025,2025-07-14,9680,2025-04-22,1743,023984,NA,2,2,9,3700,0,3,5,NA,2,003,TAVERN RD,ARNOLD WAY,85,S,N,A,-,N,NA,NA,NA,NA,NA,NA,NA,NA,NA,N,4,0,1,2,A,-,08,22107,NA,F,D,C,A,A,H,-,A,D,0,NA,NA,NA,NA,Y,NA,A,07,0,0,1,0,0,0,0,0,0,-,-,32.834991455078125,-116.77530670166016,SAN DIEGO,UNINCORPORATED,-116.77525329589844,32.83513259887695
9476381,2022,2022-07-15,3711,2022-06-23,1135,SD7884,NA,4,5,7,3711,0,0,0,NA,0,934,MISSION BAY DR,GARNET AV,0,NA,Y,A,-,N,NA,NA,NA,NA,NA,NA,NA,NA,NA,N,4,0,1,2,D,-,00,NA,NA,N,C,C,A,A,H,-,A,A,0,NA,NA,NA,NA,Y,NA,-,-,0,0,1,0,0,0,0,0,0,-,-,NA,NA,SAN DIEGO,SAN DIEGO,-117.2189712524414,32.80615234375
9476388,2022,2022-07-15,3711,2022-06-30,0039,SD7216,NA,4,5,7,3711,0,0,0,NA,0,825,MONROE AV,KENSINGTO DR,0,NA,Y,A,-,N,NA,NA,NA,NA,NA,NA,NA,NA,NA,N,4,0,1,3,A,-,08,22107,NA,M,D,E,A,A,H,-,C,D,0,NA,NA,NA,NA,Y,NA,A,01,0,0,1,0,0,0,0,0,0,-,-,NA,NA,SAN DIEGO,SAN DIEGO,-117.107421875,32.75886535644531
9476613,2022,2022-07-26,3711,2022-07-07,0237,SD7166,NA,4,5,7,3711,0,0,0,NA,0,624,TEXAS ST,HOWARD AV,250,S,N,A,-,N,NA,NA,NA,NA,NA,NA,NA,NA,NA,Y,4,0,1,3,A,-,08,22107,NA,N,C,C,A,A,H,-,C,D,0,NA,NA,NA,NA,Y,NA,A,01,0,0,1,0,0,0,0,0,0,-,-,NA,NA,SAN DIEGO,SAN DIEGO,-117.13880157470705,32.75334548950195
94774295,2025,2025-07-23,9645,2025-07-10,1729,022021,NA,4,2,7,3711,0,1,1,NA,2,015,I-805 S/B,SORRENTO VALLEY BLVD,2275,S,N,A,-,Y,SD,NA,805,NA,NA,27.875,H,NA,L,N,4,0,1,2,A,-,03,22350,NA,N,C,C,A,A,H,-,A,D,0,NA,NA,NA,NA,Y,NA,A,01,0,0,1,0,0,0,0,0,0,-,-,32.89717102050781,-117.21719360351563,SAN DIEGO,SAN DIEGO,-117.21719360351563,32.89716720581055
94776254,2025,2025-07-24,9645,2025-07-13,2025,023923,NA,7,2,7,3711,0,1,1,NA,2,010,I-8 W/B,QUALCOMM WAY,1320,W,N,A,-,Y,SD,NA,8,NA,NA,3.639,H,NA,L,N,3,0,1,1,A,-,03,22350,NA,N,F,A,A,A,H,-,D,D,0,NA,NA,Y,NA,Y,NA,C,02,0,1,0,0,0,0,0,0,1,-,-,32.76853942871094,-117.14394378662108,SAN DIEGO,SAN DIEGO,-117.14393615722656,32.76853942871094
94777133,2025,2025-07-25,9650,2025-07-19,620,022924,NA,6,1,5,3701,0,1,1,NA,2,005,INTERSTATE 5 NORTHBOUND,POINSETTA LANE,500,S,N,B,-,Y,SD,NA,5,NA,R,45.503,H,NA,R,Y,4,0,1,2,A,-,03,22350,NA,N,C,C,A,A,H,-,A,A,0,NA,NA,NA,NA,Y,NA,A,07,0,0,1,0,0,0,0,0,0,-,-,33.10258865356445,-117.30985260009766,SAN DIEGO,CARLSBAD,-117.30988311767578,33.102577209472656
9477777,2022,2022-08-04,3711,2022-07-01,1128,SD6082,NA,5,5,7,3711,0,0,0,NA,0,126,LA JOLLA VILLAGE DR,VILLA LA JOLLA DR,40,E,N,A,-,N,NA,NA,NA,NA,NA,NA,NA,NA,NA,Y,3,0,1,2,A,-,08,22107,NA,N,B,C,A,A,H,-,A,A,0,NA,NA,Y,NA,Y,NA,C,02,0,1,0,0,0,0,0,0,1,-,-,NA,NA,SAN DIEGO,SAN DIEGO,-117.23377227783205,32.87177276611328