CASE_ID,ACCIDENT_YEAR,PROC_DATE,JURIS,COLLISION_DATE,COLLISION_TIME,OFFICER_ID,REPORTING_DISTRICT,DAY_OF_WEEK,CHP_SHIFT,POPULATION,CNTY_CITY_LOC,SPECIAL_COND,BEAT_TYPE,CHP_BEAT_TYPE,CITY_DIVISION_LAPD,CHP_BEAT_CLASS,BEAT_NUMBER,PRIMARY_RD,SECONDARY_RD,DISTANCE,DIRECTION,INTERSECTION,WEATHER_1,WEATHER_2,STATE_HWY_IND,CALTRANS_COUNTY,CALTRANS_DISTRICT,STATE_ROUTE,ROUTE_SUFFIX,POSTMILE_PREFIX,POSTMILE,LOCATION_TYPE,RAMP_INTERSECTION,SIDE_OF_HWY,TOW_AWAY,COLLISION_SEVERITY,NUMBER_KILLED,NUMBER_INJURED,PARTY_COUNT,PRIMARY_COLL_FACTOR,PCF_CODE_OF_VIOL,PCF_VIOL_CATEGORY,PCF_VIOLATION,PCF_VIOL_SUBSECTION,HIT_AND_RUN,TYPE_OF_COLLISION,MVIW,PED_ACTION,ROAD_SURFACE,ROAD_COND_1,ROAD_COND_2,LIGHTING,CONTROL_DEVICE,CHP_ROAD_TYPE,PEDESTRIAN_ACCIDENT,BICYCLE_ACCIDENT,MOTORCYCLE_ACCIDENT,TRUCK_ACCIDENT,NOT_PRIVATE_PROPERTY,ALCOHOL_INVOLVED,STWD_VEHTYPE_AT_FAULT,CHP_VEHTYPE_AT_FAULT,COUNT_SEVERE_INJ,COUNT_VISIBLE_INJ,COUNT_COMPLAINT_PAIN,COUNT_PED_KILLED,COUNT_PED_INJURED,COUNT_BICYCLIST_KILLED,COUNT_BICYCLIST_INJURED,COUNT_MC_KILLED,COUNT_MC_INJURED,PRIMARY_RAMP,SECONDARY_RAMP,LATITUDE,LONGITUDE,COUNTY,CITY,POINT_X,POINT_Y
9598082,2023,2023-08-10,3700,2023-07-07,1646,SH0272,NA,5,5,5,3712,0,0,0,NA,0,358,SAN MARCOS BL,WHITE SANDS DR,0,NA,Y,A,-,N,NA,NA,NA,NA,NA,NA,NA,NA,NA,Y,4,0,1,2,A,-,12,21453,A,N,D,C,A,A,H,-,A,A,0,NA,NA,NA,NA,Y,NA,A,01,0,0,1,0,0,0,0,0,0,-,-,NA,NA,SAN DIEGO,SAN MARCOS,-117.2282485961914,33.13139343261719
9598083,2023,2023-08-10,3700,2023-07-20,934,SH3197,NA,4,5,5,3712,0,0,0,NA,0,373,SOUTH RANCHO SANTA FE RD,VIA ALLONDRA,60,S,N,A,-,N,NA,NA,NA,NA,NA,NA,NA,NA,NA,Y,3,0,1,4,A,-,03,22350,NA,N,C,C,A,A,H,-,A,A,0,NA,NA,NA,NA,Y,NA,A,01,0,1,0,0,0,0,0,0,0,-,-,NA,NA,SAN DIEGO,SAN MARCOS,-117.22382354736328,33.11821746826172
9598169,2023,2023-08-22,3700,2023-07-15,840,SH0169,NA,6,5,2,3704,0,0,0,NA,0,294,CAMINO DEL MAR,15TH ST,210,S,N,B,-,N,NA,NA,NA,NA,NA,NA,NA,NA,NA,N,3,0,1,2,D,-,00,NA,NA,N,H,G,A,A,H,-,A,D,0,NA,Y,NA,NA,Y,NA,-,-,0,1,0,0,0,0,1,0,0,-,-,NA,NA,SAN DIEGO,DEL MAR,-117.26519775390624,32.95903778076172
9599332,2023,2023-08-09,3711,2023-07-13,1625,SD7639,NA,4,5,7,3711,0,0,0,NA,0,433,520 60TH ST,AKINS AV,0,NA,Y,A,-,N,NA,NA,NA,NA,NA,NA,NA,NA,NA,N,4,0,3,3,A,-,03,22350,NA,N,D,C,A,A,H,-,A,D,0,NA,NA,NA,Y,Y,NA,F,26,0,0,3,0,0,0,0,0,0,-,-,NA,NA,SAN DIEGO,SAN DIEGO,-117.06800842285156,32.70968246459961
9599589,2023,2023-07-31,3700,2023-05-06,427,SH5476,NA,6,5,4,3707,0,0,0,NA,0,705,ELM AV,GEORGIA ST,0,NA,Y,A,-,N,NA,NA,NA,NA,NA,NA,NA,NA,NA,Y,3,0,1,2,A,-,21,22106,NA,N,D,C,A,A,H,-,A,D,0,NA,NA,NA,NA,Y,NA,A,01,0,1,0,0,0,0,0,0,0,-,-,NA,NA,SAN DIEGO,IMPERIAL BEACH,-117.10443115234376,32.580657958984375
9599601,2023,2023-08-21,3711,2023-07-03,1330,SD5985,NA,1,5,7,3711,0,0,0,NA,0,312,TIERRASANTA BL,RUEDA DR,300,W,N,A,-,N,NA,NA,NA,NA,NA,NA,NA,NA,NA,N,3,0,1,1,A,-,03,22350,NA,N,F,-,A,A,H,-,A,D,0,NA,Y,NA,NA,Y,NA,L,04,0,1,0,0,0,0,1,0,0,-,-,NA,NA,SAN DIEGO,SAN DIEGO,-117.0947494506836,32.81790542602539
9599611,2023,2023-08-21,3711,2023-07-11,2015,SD1837,NA,2,5,7,3711,0,0,0,NA,0,723,CORONADO AV,27TH ST,250,E,N,A,-,N,NA,NA,NA,NA,NA,NA,NA,NA,NA,N,4,0,1,2,A,-,08,22100,B,N,A,C,A,A,H,-,D,A,0,NA,NA,NA,NA,Y,Y,A,01,0,0,1,0,0,0,0,0,0,-,-,NA,NA,SAN DIEGO,SAN DIEGO,-117.07462310791016,32.576473236083984
9599739,2023,2023-08-22,3711,2023-07-12,1432,SD1864,NA,3,5,7,3711,0,0,0,NA,0,813,KANSAS ST,ADAMS ST,0,NA,N,A,-,N,NA,NA,NA,NA,NA,NA,NA,NA,NA,N,4,0,1,2,A,-,10,21950,A,M,G,B,D,A,-,-,A,D,0,Y,NA,NA,NA,Y,NA,-,NA,0,0,1,0,1,0,0,0,0,-,-,NA,NA,SAN DIEGO,SAN DIEGO,-117.13143920898438,32.76287841796875
9599885,2023,2023-08-10,3711,2023-07-15,1653,SD1202,NA,6,5,7,3711,0,0,0,NA,0,822,BERTING ST,EL CAJON BL,0,NA,Y,A,-,N,NA,NA,NA,NA,NA,NA,NA,NA,NA,Y,3,0,2,2,A,-,08,22107,NA,N,A,C,A,A,H,-,A,A,0,NA,NA,NA,NA,Y,NA,A,01,0,1,1,0,0,0,0,0,0,-,-,NA,NA,SAN DIEGO,SAN DIEGO,-117.07853698730467,32.757965087890625
9600249,2023,2023-10-13,3711,2023-07-29,652,SD1889,NA,6,5,7,3711,0,0,0,NA,0,712,BEYER BL,ALAQUINAS DR,128,E,N,A,-,N,NA,NA,NA,NA,NA,NA,NA,NA,NA,N,3,0,1,2,A,-,05,21651,A,N,D,C,A,A,H,-,A,A,0,NA,NA,Y,NA,Y,NA,D,22,0,1,0,0,0,0,0,0,1,-,-,NA,NA,SAN DIEGO,SAN DIEGO,-117.04412841796876,32.558311462402344
9600622,2023,2023-08-09,3702,2023-06-23,830,CV1473,NA,5,5,6,3702,0,0,0,NA,0,024,BROADWAY,MAIN ST,15,S,N,A,-,N,NA,NA,NA,NA,NA,NA,NA,NA,NA,Y,4,0,1,3,A,-,09,21804,A,N,B,C,A,A,H,-,A,A,0,NA,NA,NA,Y,Y,NA,A,01,0,0,1,0,0,0,0,0,0,-,-,NA,NA,SAN DIEGO,CHULA VISTA,-117.07526397705078,32.59474182128906
9600833,2023,2023-08-02,3711,2023-07-20,1440,SD7615,NA,4,5,7,3711,0,0,0,NA,0,444,GATEWAY CENTER DR,MARKET ST,500,N,N,A,-,N,NA,NA,NA,NA,NA,NA,NA,NA,NA,N,4,0,1,2,A,-,09,21804,A,N,D,C,A,A,H,-,A,D,0,NA,NA,NA,NA,Y,NA,A,01,0,0,1,0,0,0,0,0,0,-,-,NA,NA,SAN DIEGO,SAN DIEGO,-117.11418914794922,32.712890625
9600971,2023,2023-08-04,3702,2023-06-26,1159,CV1252,NA,1,5,6,3702,0,0,0,NA,0,041,MEDICAL CENTER DR,EAST NAPLES ST,0,NA,Y,A,-,N,NA,NA,NA,NA,NA,NA,NA,NA,NA,Y,4,0,1,2,A,-,09,21453,C,N,B,C,A,A,H,-,A,A,0,NA,NA,NA,NA,Y,NA,A,01,0,0,1,0,0,0,0,0,0,-,-,NA,NA,SAN DIEGO,CHULA VISTA,-117.02767944335938,32.621795654296875
9601063,2023,2023-08-08,3711,2023-07-18,1821,SD1605,NA,2,5,7,3711,0,0,0,NA,0,122,GARNET AV,OLNEY ST,0,NA,Y,A,-,N,NA,NA,NA,NA,NA,NA,NA,NA,NA,N,3,0,1,2,A,-,10,21950,A,N,A,B,B,A,H,-,B,A,0,Y,NA,NA,NA,Y,NA,A,01,0,1,0,0,1,0,0,0,0,-,-,NA,NA,SAN DIEGO,SAN DIEGO,-117.2298583984375,32.80221176147461
9601068,2023,2023-08-08,3711,2023-07-28,1610,SD8861,NA,5,5,7,3711,0,0,0,NA,0,521,MARKET ST,19TH ST,173,W,N,A,-,N,NA,NA,NA,NA,NA,NA,NA,NA,NA,Y,3,0,3,5,A,-,08,22107,NA,N,B,E,-,A,H,-,A,D,0,Y,NA,NA,NA,Y,NA,A,01,0,2,1,0,0,0,0,0,0,-,-,NA,NA,SAN DIEGO,SAN DIEGO,-117.14732360839844,32.71154022216797
9601073,2023,2023-08-08,3711,2023-07-30,1330,SD7671,NA,7,5,7,3711,0,0,0,NA,0,243,PRODUCTION AV,MIRAMAR RD,36,S,N,A,-,N,NA,NA,NA,NA,NA,NA,NA,NA,NA,N,3,0,3,2,A,-,12,21453,A,N,D,C,A,A,H,-,A,A,0,NA,NA,NA,NA,Y,NA,A,01,0,2,1,0,0,0,0,0,0,-,-,NA,NA,SAN DIEGO,SAN DIEGO,-117.16487121582033,32.87873077392578
9601147,2023,2023-08-14,3711,2023-07-23,224,SD1309,NA,7,5,7,3711,0,0,0,NA,0,242,GALVIN AV,WESTVIEW PKWY,170,E,N,A,-,N,NA,NA,NA,NA,NA,NA,NA,NA,NA,Y,3,0,1,1,A,-,08,38314,NA,N,E,I,A,A,H,-,C,D,0,NA,NA,NA,NA,Y,Y,A,01,0,1,0,0,0,0,0,0,0,-,-,NA,NA,SAN DIEGO,SAN DIEGO,-117.12001037597656,32.92013168334961
9601658,2023,2023-09-14,3711,2023-08-16,1410,SD5450,NA,3,5,7,3711,0,0,0,NA,0,321,FRIARS RD,RT 15,0,NA,-,A,-,Y,SD,11,15,-,R,6.66,R,4,N,N,3,0,1,2,A,-,07,21658,A,N,B,C,A,A,H,-,A,D,0,NA,NA,NA,NA,Y,NA,-,NA,0,1,0,0,0,0,0,0,0,-,NO,NA,NA,SAN DIEGO,SAN DIEGO,-117.1142578125,32.786048889160156
9602156,2023,2023-08-15,3709,2023-07-26,1522,NC0549,NA,3,5,5,3709,0,0,0,NA,0,020,EAST 8TH ST,C AV,0,NA,Y,A,-,N,NA,NA,NA,NA,NA,NA,NA,NA,NA,Y,4,0,1,2,A,-,09,21800,A,N,D,C,A,A,H,-,A,A,0,NA,NA,NA,NA,Y,NA,A,01,0,0,1,0,0,0,0,0,0,-,-,NA,NA,SAN DIEGO,NATIONAL CITY,-117.10384368896484,32.67668533325195
9603105,2023,2023-08-01,3702,2023-06-27,2231,CV1397,NA,2,5,6,3702,0,0,0,NA,0,032,OTAY LAKES RD,CAMINO ELEVADO,70,N,N,A,-,N,NA,NA,NA,NA,NA,NA,NA,NA,NA,N,3,0,1,2,A,-,11,21954,A,N,G,B,E,A,H,-,C,D,0,Y,NA,NA,NA,Y,NA,N,60,0,1,0,0,1,0,0,0,0,-,-,NA,NA,SAN DIEGO,CHULA VISTA,-117.02984619140624,32.65797424316406
9603347,2023,2023-08-10,3702,2023-07-13,1700,CV1010,NA,4,5,6,3702,0,0,0,NA,0,021,BROADWAY,MOSS ST,35,S,N,A,-,N,NA,NA,NA,NA,NA,NA,NA,NA,NA,N,4,0,1,2,A,-,12,21453,A,N,D,G,A,A,H,-,A,A,0,NA,Y,NA,NA,Y,NA,L,04,0,0,1,0,0,0,1,0,0,-,-,NA,NA,SAN DIEGO,CHULA VISTA,-117.0827407836914,32.613590240478516
9603524,2023,2023-08-10,3702,2023-07-22,450,CV1408,NA,6,5,6,3702,0,0,0,NA,0,021,BROADWAY,L ST,0,NA,Y,A,-,N,NA,NA,NA,NA,NA,NA,NA,NA,NA,Y,4,0,1,2,A,-,12,21453,A,N,D,C,A,A,H,-,C,A,0,NA,NA,NA,NA,Y,NA,A,01,0,0,1,0,0,0,0,0,0,-,-,NA,NA,SAN DIEGO,CHULA VISTA,-117.08407592773438,32.61716079711914
9603605,2023,2023-08-14,3711,2023-07-31,1144,SD1611,NA,1,5,7,3711,0,0,0,NA,0,241,FAIRBROOK RD,CAMINITO MAGNIFICA,63,N,N,A,-,N,NA,NA,NA,NA,NA,NA,NA,NA,NA,Y,4,0,3,2,A,-,08,22107,NA,N,G,C,A,A,H,-,A,D,0,NA,NA,NA,NA,Y,NA,A,01,0,0,3,0,0,0,0,0,0,-,-,NA,NA,SAN DIEGO,SAN DIEGO,-117.07442474365234,32.90605545043945
9603612,2023,2023-10-05,3711,2023-07-25,1700,SD1617,NA,2,5,7,3711,0,0,0,NA,0,124,LA JOLLA SCENIC DR,CARDENO DR,0,NA,Y,A,-,N,NA,NA,NA,NA,NA,NA,NA,NA,NA,N,3,0,1,2,A,-,-,NA,NA,N,A,C,A,A,H,-,A,A,0,NA,NA,NA,NA,Y,NA,A,01,0,1,0,0,0,0,0,0,0,-,-,NA,NA,SAN DIEGO,SAN DIEGO,-117.24929809570313,32.83378982543945
9603891,2023,2023-08-15,3702,2023-05-20,307,CV1392,NA,6,5,6,3702,0,0,0,NA,0,041,HERITAGE RD,PASEO CULTURA,154,S,N,A,-,N,NA,NA,NA,NA,NA,NA,NA,NA,NA,Y,4,0,1,1,A,-,01,23152,B,M,E,I,A,A,H,-,C,A,0,NA,NA,NA,NA,Y,Y,A,01,0,0,1,0,0,0,0,0,0,-,-,NA,NA,SAN DIEGO,CHULA VISTA,NA,NA
9604239,2023,2023-12-08,3710,2023-10-14,2139,OC1551,NA,6,5,6,3710,0,0,0,NA,0,003,COAST HWY,WASHINGTON AV,59,N,N,A,-,N,NA,NA,NA,NA,NA,NA,NA,NA,NA,N,3,0,1,2,A,-,11,21954,A,N,G,B,E,A,H,-,C,D,0,Y,NA,NA,NA,Y,Y,N,60,0,1,0,0,1,0,0,0,0,-,-,NA,NA,SAN DIEGO,OCEANSIDE,-117.37525939941406,33.19081497192383
9604398,2023,2024-02-16,3710,2023-10-15,257,OC1480,NA,7,5,6,3710,0,0,0,NA,0,021,RT 76,DOUGLAS DR,0,NA,Y,B,-,Y,SD,11,76,-,R,3.745,I,5,W,Y,4,0,2,2,A,-,12,21453,A,N,D,C,A,A,H,-,C,A,0,NA,NA,NA,NA,Y,NA,A,01,0,0,2,0,0,0,0,0,0,-,-,NA,NA,SAN DIEGO,OCEANSIDE,-117.32594299316406,33.225799560546875
9604734,2023,2024-02-23,3711,2023-12-24,237,SD6881,NA,7,5,7,3711,0,0,0,NA,0,516,E ST,33RD ST,213,E,N,A,-,N,NA,NA,NA,NA,NA,NA,NA,NA,NA,N,2,0,1,1,A,-,08,22107,NA,N,E,I,A,A,H,-,C,D,0,NA,NA,NA,NA,Y,Y,A,01,1,0,0,0,0,0,0,0,0,-,-,NA,NA,SAN DIEGO,SAN DIEGO,-117.12315368652344,32.71485137939453
9604736,2023,2024-02-23,3711,2023-12-08,1511,SD1807,NA,5,5,7,3711,0,0,0,NA,0,511,BOSTON AV,SOUTH 28TH ST,192,E,N,A,-,N,NA,NA,NA,NA,NA,NA,NA,NA,NA,N,3,0,1,2,A,-,03,22350,NA,N,A,C,A,A,H,-,A,D,0,NA,NA,Y,NA,Y,NA,C,02,0,1,0,0,0,0,0,0,1,-,-,NA,NA,SAN DIEGO,SAN DIEGO,-117.13314819335938,32.693851470947266
9604832,2024,2024-03-29,3711,2024-01-07,117,SD1529,NA,7,5,7,3711,0,0,0,NA,0,122,GRAND AV,DAWES ST,50,E,N,A,-,N,NA,NA,NA,NA,NA,NA,NA,NA,NA,N,3,0,2,2,A,-,08,22100,A,N,C,C,A,A,H,-,E,D,0,NA,NA,NA,NA,Y,Y,A,01,0,2,0,0,0,0,0,0,0,-,-,NA,NA,SAN DIEGO,SAN DIEGO,-117.2492904663086,32.795963287353516
9604885,2023,2024-02-22,3711,2023-12-03,36,SD1674,NA,7,5,7,3711,0,0,0,NA,0,521,F ST,F ST 1600,0,NA,-,A,-,N,NA,NA,NA,NA,NA,NA,NA,NA,NA,Y,4,0,1,2,A,-,12,21453,A,N,D,C,A,A,H,-,C,D,0,NA,NA,NA,NA,Y,Y,A,01,0,0,1,0,0,0,0,0,0,-,-,NA,NA,SAN DIEGO,SAN DIEGO,-117.09922027587892,32.6358642578125
9605076,2023,2024-01-26,3711,2023-12-29,2148,SD6146,NA,5,5,7,3711,0,0,0,NA,0,445,MARKET ST,47TH ST,0,NA,Y,B,-,N,NA,NA,NA,NA,NA,NA,NA,NA,NA,N,4,0,1,2,A,-,08,22100,A,N,B,C,A,A,H,-,C,A,0,NA,NA,NA,NA,Y,NA,A,07,0,0,1,0,0,0,0,0,0,-,-,NA,NA,SAN DIEGO,SAN DIEGO,-117.09359741210938,32.71142578125
9605079,2023,2024-01-26,3711,2023-12-28,2204,SD6200,NA,4,5,7,3711,0,0,0,NA,0,324,NAVAJO RD,COWLES MOUNTAIN BL,66,W,N,A,-,N,NA,NA,NA,NA,NA,NA,NA,NA,NA,N,3,0,1,2,A,-,03,22350,NA,N,C,C,A,A,H,-,C,A,0,NA,NA,NA,NA,Y,NA,A,01,0,1,0,0,0,0,0,0,0,-,-,NA,NA,SAN DIEGO,SAN DIEGO,-117.02556610107422,32.80311965942383
9606390,2023,2023-10-04,3711,2023-08-02,1415,SD7042,NA,3,5,7,3711,0,0,0,NA,0,821,EL CAJON BL,CHOCTAW DR,146,W,N,A,-,N,NA,NA,NA,NA,NA,NA,NA,NA,NA,N,2,0,1,2,A,-,09,21804,A,F,H,G,A,A,H,-,A,D,0,NA,Y,NA,NA,Y,NA,-,NA,1,0,0,0,0,0,1,0,0,-,-,NA,NA,SAN DIEGO,SAN DIEGO,-117.06200408935548,32.7641716003418
9606677,2023,2023-09-05,3711,2023-08-21,1538,SD1578,NA,1,5,7,3711,0,0,0,NA,0,313,MERCURY ST,DAGGET ST,0,NA,Y,A,-,N,NA,NA,NA,NA,NA,NA,NA,NA,NA,Y,4,0,2,2,A,-,08,22107,NA,N,D,C,A,A,H,-,A,D,0,NA,NA,NA,Y,Y,NA,F,26,0,0,2,0,0,0,0,0,0,-,-,NA,NA,SAN DIEGO,SAN DIEGO,-117.1489028930664,32.823612213134766
9606787,2023,2023-10-09,3711,2023-08-20,1940,SD5690,NA,7,5,7,3711,0,0,0,NA,0,233,ADOLPHIA ST,BLACK MOUNTAIN RD,0,NA,Y,C,-,N,NA,NA,NA,NA,NA,NA,NA,NA,NA,N,3,0,2,1,A,-,03,22350,NA,N,E,I,A,-,-,-,C,A,0,NA,NA,NA,NA,Y,NA,A,01,0,1,1,0,0,0,0,0,0,-,-,NA,NA,SAN DIEGO,SAN DIEGO,-117.12986755371094,32.946876525878906
9607073,2023,2023-09-06,3700,2023-06-04,1042,SH0190,NA,7,5,5,3781,0,0,0,NA,0,516,MISSION GORGE RD,RANCHO FANITA DR,0,NA,Y,B,-,N,NA,NA,NA,NA,NA,NA,NA,NA,NA,Y,4,0,2,2,A,-,12,21453,A,N,D,C,A,A,H,-,A,A,0,NA,NA,NA,NA,Y,NA,A,07,0,0,2,0,0,0,0,0,0,-,-,NA,NA,SAN DIEGO,SANTEE,-117.02521514892578,32.836734771728516
9607165,2023,2023-10-02,3711,2023-08-23,1856,SD1510,NA,3,5,7,3711,0,0,0,NA,0,521,10TH AV,MARKET ST,0,NA,Y,A,-,N,NA,NA,NA,NA,NA,NA,NA,NA,NA,N,3,0,1,1,B,-,22,NA,NA,N,F,A,A,A,H,-,A,A,0,NA,Y,NA,NA,Y,NA,L,04,0,1,0,0,0,0,1,0,0,-,-,NA,NA,SAN DIEGO,SAN DIEGO,-117.15557861328124,32.711517333984375
9607176,2023,2023-11-07,3709,2023-08-05,1637,NC0551,NA,6,5,5,3709,0,0,0,NA,0,023,SWEETWATER RD,RT 805,0,NA,Y,A,-,Y,SD,11,805,-,-,8.866,R,4,N,N,4,0,1,2,A,-,01,23153,A,N,D,C,A,A,H,-,A,A,0,NA,NA,NA,NA,Y,NA,A,01,0,0,1,0,0,0,0,0,0,-,NF,NA,NA,SAN DIEGO,NATIONAL CITY,-117.07452392578124,32.6585578918457
9607890,2023,2023-10-26,3711,2023-09-11,1540,SD1778,NA,1,5,7,3711,0,0,0,NA,0,614,NEWPORT AV,NEWPORT AV 4900,0,NA,Y,A,-,N,NA,NA,NA,NA,NA,NA,NA,NA,NA,N,3,0,1,2,A,-,06,21750,NA,N,D,B,A,A,H,-,A,A,0,NA,Y,NA,NA,Y,NA,-,NA,0,1,0,0,0,0,1,0,0,-,-,NA,NA,SAN DIEGO,SAN DIEGO,-117.23526763916016,33.21126174926758
9608072,2023,2023-08-18,3700,2023-07-01,1609,SH0432,NA,6,5,4,3707,0,0,0,NA,0,710,IMPERIAL BEACH BL,FLORENCE ST,0,NA,Y,A,-,N,NA,NA,NA,NA,NA,NA,NA,NA,NA,Y,3,0,3,2,A,-,09,21800,A,N,D,C,A,A,H,-,A,D,0,NA,NA,Y,NA,Y,NA,D,22,0,1,2,0,0,0,0,0,1,-,-,NA,NA,SAN DIEGO,IMPERIAL BEACH,-117.10697174072266,32.5765266418457
9608300,2023,2023-08-24,3700,2023-07-09,2226,SH0295,NA,7,5,5,3713,0,0,0,NA,0,307,CIVIC CENTER DR,S SANTA FE,0,NA,Y,A,-,N,NA,NA,NA,NA,NA,NA,NA,NA,NA,Y,3,0,1,2,A,-,12,21453,A,N,D,C,A,A,H,-,C,A,0,NA,NA,Y,NA,Y,NA,O,05,0,1,0,0,0,0,0,0,1,-,-,NA,NA,SAN DIEGO,VISTA,-117.23434448242188,33.19388198852539
9609046,2023,2023-09-01,3702,2023-07-13,1500,CV1254,NA,4,5,6,3702,0,0,0,NA,0,011,BROADWAY,D ST,0,NA,Y,A,-,N,NA,NA,NA,NA,NA,NA,NA,NA,NA,Y,4,0,1,2,A,-,12,21453,A,N,D,C,A,A,H,-,A,A,0,NA,NA,NA,NA,Y,NA,A,01,0,0,1,0,0,0,0,0,0,-,-,NA,NA,SAN DIEGO,CHULA VISTA,-117.09484100341795,32.6447639465332
9609344,2023,2023-09-05,3705,2023-07-23,1134,EC0452,NA,7,5,5,3705,0,0,0,NA,0,002,BROADWAY ST,N 2ND ST,0,NA,Y,B,-,N,NA,NA,NA,NA,NA,NA,NA,NA,NA,Y,4,0,3,2,A,-,12,21453,A,N,B,C,A,A,H,-,A,A,0,NA,NA,NA,NA,Y,NA,A,01,0,0,3,0,0,0,0,0,0,-,-,NA,NA,SAN DIEGO,EL CAJON,-116.935791015625,32.807708740234375
9609769,2023,2023-08-25,3700,2023-07-27,331,SH0152,NA,4,5,5,3713,0,0,0,NA,0,310,VISTA VILLAGE DR,NORTH SANTA FE AV,0,NA,Y,A,-,N,NA,NA,NA,NA,NA,NA,NA,NA,NA,Y,4,0,2,2,A,-,09,21453,C,N,D,C,A,A,H,-,C,A,0,NA,NA,NA,NA,Y,NA,A,01,0,0,2,0,0,0,0,0,0,-,-,NA,NA,SAN DIEGO,VISTA,-117.243896484375,33.2024040222168
9609776,2023,2023-08-25,3700,2023-07-17,840,SH3684,NA,1,5,5,3713,0,0,0,NA,0,317,SYCAMORE AV,BUSINESS PARK DR,0,NA,Y,A,-,N,NA,NA,NA,NA,NA,NA,NA,NA,NA,Y,4,0,1,2,A,-,12,21453,A,N,D,C,A,A,H,-,A,A,0,NA,NA,NA,NA,Y,NA,A,01,0,0,1,0,0,0,0,0,0,-,-,NA,NA,SAN DIEGO,VISTA,-117.23311614990234,33.14814376831055
9609871,2023,2023-09-11,3703,2023-07-23,1454,1432,1,7,5,3,3703,0,0,0,NA,0,001,ORANGE AV,5TH ST,0,NA,Y,A,-,N,NA,NA,NA,NA,NA,NA,NA,NA,NA,Y,3,0,1,3,A,-,04,21703,NA,N,C,D,A,A,H,-,A,D,0,NA,NA,NA,NA,Y,NA,A,01,0,1,0,0,0,0,0,0,0,-,-,32.69303894042969,-117.17568206787108,SAN DIEGO,CORONADO,-117.17577362060548,32.69306564331055
9609883,2023,2023-08-16,3700,2023-06-19,1722,SH0392,NA,1,5,4,3780,0,0,0,NA,0,415,COMMUNITY RD,CIVIC CENTER DR,448,S,N,A,-,N,NA,NA,NA,NA,NA,NA,NA,NA,NA,N,2,0,1,2,A,-,06,21760,C,F,C,G,A,A,H,-,A,D,0,NA,Y,NA,NA,Y,NA,-,NA,1,0,0,0,0,0,1,0,0,-,-,NA,NA,SAN DIEGO,POWAY,-117.04082489013672,32.95333480834961
9610261,2023,2023-08-31,3705,2023-07-08,1429,EC0410,NA,6,5,5,3705,0,0,0,NA,0,004,CHASE AV,ORANGE AV,50,W,N,A,-,N,NA,NA,NA,NA,NA,NA,NA,NA,NA,Y,3,0,3,2,A,-,01,23153,A,F,C,C,A,A,H,-,A,D,0,NA,NA,NA,NA,Y,Y,A,01,0,1,2,0,0,0,0,0,0,-,-,NA,NA,SAN DIEGO,EL CAJON,-116.964111328125,32.7804069519043
9610467,2023,2023-09-01,3710,2023-08-08,1614,OC1543,NA,2,5,6,3710,0,0,0,NA,0,013,VISTA WY,AVOCADO RD,575,S,N,A,-,N,NA,NA,NA,NA,NA,NA,NA,NA,NA,N,4,0,1,1,C,-,18,NA,NA,N,H,I,A,A,H,-,A,D,0,NA,Y,NA,NA,Y,NA,-,-,0,0,1,0,0,0,1,0,0,-,-,NA,NA,SAN DIEGO,OCEANSIDE,-117.34186553955078,33.18179702758789
9611071,2023,2024-01-24,3711,2023-09-04,1300,SD7722,NA,1,5,7,3711,0,0,0,NA,0,841,COLLEGE BL,PLAZA DR,0,NA,N,-,-,N,NA,NA,NA,NA,NA,NA,NA,NA,NA,N,3,0,1,2,A,-,06,21750,NA,M,-,-,-,A,H,-,A,-,0,Y,NA,NA,NA,Y,NA,-,NA,0,1,0,0,1,0,0,0,0,-,-,NA,NA,SAN DIEGO,SAN DIEGO,-117.29637145996094,33.182037353515625
9611118,2023,2023-09-18,3710,2023-08-14,2100,OC1274,NA,1,5,6,3710,0,0,0,NA,0,017,VANDEGRIFT BL,DOUGLAS DR,15,S,N,A,-,N,NA,NA,NA,NA,NA,NA,NA,NA,NA,Y,4,0,3,2,A,-,17,21657,NA,N,D,C,A,A,H,-,C,A,0,NA,NA,NA,NA,Y,NA,A,01,0,0,3,0,0,0,0,0,0,-,-,NA,NA,SAN DIEGO,OCEANSIDE,-117.29615020751952,33.2734375
9611279,2023,2023-09-21,3708,2023-08-15,1411,LM1293,NA,2,5,5,3708,0,0,0,NA,0,002,GROSSMONT BL,JACKSON DR,0,NA,Y,A,-,N,NA,NA,NA,NA,NA,NA,NA,NA,NA,N,4,0,1,2,A,-,17,21461,A,F,B,C,A,A,H,-,A,A,0,NA,NA,NA,NA,Y,NA,A,01,0,0,1,0,0,0,0,0,0,-,-,NA,NA,SAN DIEGO,LA MESA,-117.01066589355467,32.77341079711914
9611866,2023,2023-09-14,3708,2023-08-12,1032,LM1285,NA,6,5,5,3708,0,0,0,NA,0,002,JACKSON DR,CENTER DR,56,N,N,A,-,N,NA,NA,NA,NA,NA,NA,NA,NA,NA,N,4,0,1,3,A,-,03,22350,NA,N,C,C,A,A,H,-,A,A,0,NA,NA,NA,NA,Y,NA,D,22,0,0,1,0,0,0,0,0,0,-,-,NA,NA,SAN DIEGO,LA MESA,-117.01594543457033,32.77638244628906
9612460,2023,2023-10-06,3700,2023-05-11,1842,SH0876,NA,4,5,5,3713,0,0,0,NA,0,302,EAST VISTA WY,E TAYLOR ST,135,S,N,A,-,N,NA,NA,NA,NA,NA,NA,NA,NA,NA,Y,2,0,3,2,A,-,01,23152,A,N,D,C,A,A,H,-,A,D,0,NA,NA,NA,NA,Y,Y,D,22,2,1,0,0,0,0,0,0,0,-,-,NA,NA,SAN DIEGO,VISTA,-117.22615051269533,33.22671127319336