CASE_ID,ACCIDENT_YEAR,PROC_DATE,JURIS,COLLISION_DATE,COLLISION_TIME,OFFICER_ID,REPORTING_DISTRICT,DAY_OF_WEEK,CHP_SHIFT,POPULATION,CNTY_CITY_LOC,SPECIAL_COND,BEAT_TYPE,CHP_BEAT_TYPE,CITY_DIVISION_LAPD,CHP_BEAT_CLASS,BEAT_NUMBER,PRIMARY_RD,SECONDARY_RD,DISTANCE,DIRECTION,INTERSECTION,WEATHER_1,WEATHER_2,STATE_HWY_IND,CALTRANS_COUNTY,CALTRANS_DISTRICT,STATE_ROUTE,ROUTE_SUFFIX,POSTMILE_PREFIX,POSTMILE,LOCATION_TYPE,RAMP_INTERSECTION,SIDE_OF_HWY,TOW_AWAY,COLLISION_SEVERITY,NUMBER_KILLED,NUMBER_INJURED,PARTY_COUNT,PRIMARY_COLL_FACTOR,PCF_CODE_OF_VIOL,PCF_VIOL_CATEGORY,PCF_VIOLATION,PCF_VIOL_SUBSECTION,HIT_AND_RUN,TYPE_OF_COLLISION,MVIW,PED_ACTION,ROAD_SURFACE,ROAD_COND_1,ROAD_COND_2,LIGHTING,CONTROL_DEVICE,CHP_ROAD_TYPE,PEDESTRIAN_ACCIDENT,BICYCLE_ACCIDENT,MOTORCYCLE_ACCIDENT,TRUCK_ACCIDENT,NOT_PRIVATE_PROPERTY,ALCOHOL_INVOLVED,STWD_VEHTYPE_AT_FAULT,CHP_VEHTYPE_AT_FAULT,COUNT_SEVERE_INJ,COUNT_VISIBLE_INJ,COUNT_COMPLAINT_PAIN,COUNT_PED_KILLED,COUNT_PED_INJURED,COUNT_BICYCLIST_KILLED,COUNT_BICYCLIST_INJURED,COUNT_MC_KILLED,COUNT_MC_INJURED,PRIMARY_RAMP,SECONDARY_RAMP,LATITUDE,LONGITUDE,COUNTY,CITY,POINT_X,POINT_Y
9775105,2024,2025-02-03,3711,2024-12-22,1220,SD7839,NA,7,5,7,3711,0,0,0,NA,0,325,NAVAJO RD,GOLFCREST DR,0,NA,Y,A,-,N,NA,NA,NA,NA,NA,NA,NA,NA,NA,Y,3,0,2,2,A,-,09,21453,C,N,B,C,A,-,H,-,A,A,0,NA,NA,NA,NA,Y,NA,D,22,0,1,1,0,0,0,0,0,0,-,-,NA,NA,SAN DIEGO,SAN DIEGO,-117.03810119628906,32.80415344238281
9775118,2025,2025-02-26,3711,2025-01-15,1906,SD7335,NA,3,5,7,3711,0,0,0,NA,0,115,ARRIBA ST,PALMILLA DR,12,E,N,A,-,N,NA,NA,NA,NA,NA,NA,NA,NA,NA,N,2,0,1,2,A,-,10,21950,A,N,G,B,B,A,H,-,C,A,0,Y,NA,NA,NA,Y,NA,I,20,1,0,0,0,1,0,0,0,0,-,-,NA,NA,SAN DIEGO,SAN DIEGO,-117.22524261474608,32.86181640625
9775205,2025,2025-01-28,3711,2025-01-18,331,SD1641,NA,6,5,7,3711,0,0,0,NA,0,111,CLAIREMONT MESA BL,CLAIREMONT MESA BL 5325,0,NA,N,A,-,N,NA,NA,NA,NA,NA,NA,NA,NA,NA,N,3,0,1,3,A,-,03,22350,NA,N,F,E,A,A,D,-,C,D,0,NA,NA,NA,NA,Y,Y,A,01,0,1,0,0,0,0,0,0,0,-,-,NA,NA,SAN DIEGO,SAN DIEGO,-117.20614624023438,32.82770538330078
9776321,2025,2025-02-11,3711,2025-01-25,1006,SD7247,NA,6,5,7,3711,0,0,0,NA,0,937,PASEO DEL SUR,HAALAND GLEN,0,NA,Y,B,-,N,NA,NA,NA,NA,NA,NA,NA,NA,NA,Y,3,0,1,1,A,-,08,22107,NA,F,E,I,A,A,H,-,A,D,0,NA,NA,NA,NA,Y,NA,A,01,0,1,0,0,0,0,0,0,0,-,-,NA,NA,SAN DIEGO,SAN DIEGO,-117.14476776123048,33.01470184326172
9776327,2025,2025-02-11,3711,2025-01-26,1655,SD7364,NA,7,5,7,3711,0,0,0,NA,0,824,MONTEZUMA RD,COLLWOOD LN,0,NA,Y,B,-,N,NA,NA,NA,NA,NA,NA,NA,NA,NA,N,3,0,2,2,D,-,00,NA,NA,N,E,I,A,B,H,-,B,D,0,NA,NA,NA,NA,Y,NA,-,-,0,1,1,0,0,0,0,0,0,-,-,NA,NA,SAN DIEGO,SAN DIEGO,-117.08600616455078,32.77006912231445
9776340,2025,2025-02-20,3709,2025-01-12,1140,NC8076,NA,7,5,5,3709,0,0,0,NA,0,021,PLAZA BL,EUCLID AV,0,NA,Y,A,-,N,NA,NA,NA,NA,NA,NA,NA,NA,NA,N,3,0,2,2,A,-,07,21658,A,N,B,C,A,A,H,-,A,A,0,NA,NA,NA,NA,Y,NA,A,01,0,1,1,0,0,0,0,0,0,-,-,NA,NA,SAN DIEGO,NATIONAL CITY,-117.08010864257813,32.679901123046875
9776356,2025,2025-02-21,3711,2025-01-22,1939,SD7883,NA,3,5,7,3711,0,0,0,NA,0,241,POMERADO RD,KEARNY MESA RD,1400,E,N,A,-,N,NA,NA,NA,NA,NA,NA,NA,NA,NA,Y,4,0,1,2,A,-,03,22350,NA,M,C,C,A,A,H,-,C,A,0,NA,NA,NA,NA,Y,NA,A,01,0,0,1,0,0,0,0,0,0,-,-,NA,NA,SAN DIEGO,SAN DIEGO,NA,NA
9778661,2024,2025-02-28,3710,2024-12-30,1910,OC1334,NA,1,5,6,3710,0,0,0,NA,0,010,RT 76,CANYON DR,1366,E,N,A,-,Y,SD,11,76,-,R,1.42,H,-,E,N,2,0,1,2,A,-,11,21950,B,N,G,B,E,A,H,-,D,D,0,Y,NA,NA,Y,Y,NA,N,60,1,0,0,0,1,0,0,0,0,-,-,NA,NA,SAN DIEGO,OCEANSIDE,-117.36306762695313,33.21330261230469
9778857,2024,2025-01-27,3700,2024-06-01,1450,SH3606,NA,6,5,5,3712,0,0,0,NA,0,350,MISSION RD,LIBERTY ST,56,E,N,A,-,N,NA,NA,NA,NA,NA,NA,NA,NA,NA,Y,2,0,1,2,A,-,09,21801,A,N,D,C,A,A,H,-,A,D,0,NA,NA,Y,NA,Y,NA,D,22,1,0,0,0,0,0,0,0,1,-,-,NA,NA,SAN DIEGO,SAN MARCOS,-117.17181396484376,33.14491653442383
9779789,2025,2025-02-28,3708,2025-01-23,1120,LM8313,NA,4,5,5,3708,0,0,0,NA,0,004,MASSACHUSETTS AV,WAITE DR,0,NA,Y,A,-,N,NA,NA,NA,NA,NA,NA,NA,NA,NA,Y,4,0,4,3,A,-,04,21703,NA,N,C,C,A,A,H,-,A,A,0,NA,NA,NA,NA,Y,NA,D,22,0,0,4,0,0,0,0,0,0,-,-,NA,NA,SAN DIEGO,LA MESA,-117.04279327392578,32.746238708496094
9782128,2025,2025-02-25,3711,2025-02-05,1100,SD7746,NA,3,5,7,3711,0,0,0,NA,0,242,BLACK MOUNTAIN RD,WESTVIEW PKWY,0,NA,Y,A,-,N,NA,NA,NA,NA,NA,NA,NA,NA,NA,Y,4,0,2,2,A,-,12,21453,A,N,A,C,A,A,H,-,A,A,0,NA,NA,NA,NA,Y,NA,A,01,0,0,2,0,0,0,0,0,0,-,-,NA,NA,SAN DIEGO,SAN DIEGO,-117.12590026855467,32.93324279785156
9782526,2025,2025-02-24,3711,2025-01-24,900,SD1993,480,5,5,7,3711,0,0,0,NA,0,313,CLAIREMONT MESA BL,KEARNY VILLA RD,0,NA,Y,A,-,N,NA,NA,NA,NA,NA,NA,NA,NA,NA,N,4,0,1,2,A,-,12,21453,A,N,D,C,A,A,H,-,A,A,0,NA,NA,NA,NA,Y,NA,A,01,0,0,1,0,0,0,0,0,0,-,-,34.027198791503906,-117.11907196044922,SAN DIEGO,SAN DIEGO,-117.13842010498048,32.8315315246582
9782829,2025,2025-03-06,3710,2025-01-25,1800,OC3239,NA,6,5,6,3710,0,0,0,NA,0,021,RT 76,DOUGLAS DR,70,W,N,C,-,Y,SD,11,76,-,R,3.71,H,-,E,N,4,0,1,2,A,-,03,22350,NA,F,C,C,A,B,H,-,C,A,0,NA,NA,NA,NA,Y,NA,A,07,0,0,1,0,0,0,0,0,0,-,-,NA,NA,SAN DIEGO,OCEANSIDE,-117.32644653320313,33.225433349609375
9783734,2025,2025-06-06,3705,2025-04-14,2127,EC0379,NA,1,5,5,3705,0,0,0,NA,0,004,E CHASE AV,BURNABY ST,142,E,N,A,-,N,NA,NA,NA,NA,NA,NA,NA,NA,NA,Y,4,0,1,2,A,-,03,22350,NA,N,C,E,A,A,H,-,C,D,0,NA,NA,NA,NA,Y,NA,A,07,0,0,1,0,0,0,0,0,0,-,-,NA,NA,SAN DIEGO,EL CAJON,-116.9548568725586,32.780399322509766
9784196,2024,2025-02-19,3705,2024-12-10,1548,EC0413,NA,2,5,5,3705,0,0,0,NA,0,004,3RD ST,MADISON,12,S,N,A,-,N,NA,NA,NA,NA,NA,NA,NA,NA,NA,N,4,0,1,2,A,-,11,21950,B,N,G,B,B,A,H,-,A,A,0,Y,NA,NA,NA,Y,NA,N,60,0,0,1,0,1,0,0,0,0,-,-,NA,NA,SAN DIEGO,EL CAJON,-116.92692565917967,32.800148010253906
9784697,2025,2025-02-27,3710,2025-02-12,1830,OC1575,NA,3,5,6,3710,0,0,0,NA,0,021,MISSON AV,RANCHO DEL ORO DR,95,E,N,C,-,N,NA,NA,NA,NA,NA,NA,NA,NA,NA,N,3,0,1,2,A,-,03,22350,NA,F,C,C,A,B,H,-,C,A,0,NA,NA,NA,NA,Y,NA,A,01,0,1,0,0,0,0,0,0,0,-,-,NA,NA,SAN DIEGO,OCEANSIDE,-117.3184814453125,33.230567932128906
9784824,2024,2025-03-04,3700,2024-12-04,1656,SH0070,NA,3,5,5,3712,0,0,0,NA,0,355,LINDA VISTA DR,VIA VERA CRUZ,0,NA,Y,A,-,N,NA,NA,NA,NA,NA,NA,NA,NA,NA,Y,3,0,1,2,A,-,12,21453,A,N,D,C,A,A,H,-,C,A,0,NA,NA,NA,NA,Y,NA,A,01,0,1,0,0,0,0,0,0,0,-,-,33.13842010498047,-117.18932342529295,SAN DIEGO,SAN MARCOS,-117.18927764892578,33.138423919677734
9785112,2025,2025-03-07,3711,2025-02-22,1910,SD1137,NA,6,5,7,3711,0,0,0,NA,0,112,GENESEE AV,DERRICK DR,0,NA,Y,A,-,N,NA,NA,NA,NA,NA,NA,NA,NA,NA,N,4,0,1,2,A,-,12,21453,A,N,D,C,A,A,H,-,C,A,0,NA,NA,NA,NA,Y,NA,A,01,0,0,1,0,0,0,0,0,0,-,-,NA,NA,SAN DIEGO,SAN DIEGO,-117.18408966064452,32.82289123535156
9785424,2025,2025-02-25,3711,2025-02-10,1806,SD8861,NA,1,5,7,3711,0,0,0,NA,0,514,25TH ST,G ST,12,S,N,A,-,N,NA,NA,NA,NA,NA,NA,NA,NA,NA,Y,3,0,2,2,D,-,00,NA,NA,N,B,C,A,A,H,-,C,A,0,NA,NA,NA,NA,Y,NA,-,-,0,2,0,0,0,0,0,0,0,-,-,NA,NA,SAN DIEGO,SAN DIEGO,-117.14026641845705,32.712677001953125
9785504,2025,2025-02-24,3711,2025-02-12,1338,SD1513,NA,3,5,7,3711,0,0,0,NA,0,826,TROJAN AV,48TH ST,0,NA,Y,C,-,N,NA,NA,NA,NA,NA,NA,NA,NA,NA,Y,3,0,2,2,A,-,08,22107,NA,N,D,C,A,B,H,-,A,D,0,NA,NA,NA,NA,Y,NA,A,01,0,2,0,0,0,0,0,0,0,-,-,NA,NA,SAN DIEGO,SAN DIEGO,-117.09114837646484,32.75495147705078
9786280,2024,2025-06-18,3711,2024-11-11,1806,SD7904,NA,1,5,7,3711,0,0,0,NA,0,241,KEARNY VILLA RD,RT 163,9,S,N,A,-,Y,SD,11,163,-,R,10.504,R,4,N,N,1,1,0,2,A,-,12,21453,A,N,D,C,A,A,H,-,C,A,0,NA,NA,NA,Y,Y,NA,F,26,0,0,0,0,0,0,0,0,0,-,NF,NA,NA,SAN DIEGO,SAN DIEGO,-117.12357330322266,32.852054595947266
9787048,2025,2025-02-28,3700,2025-01-27,1404,SH3319,NA,1,5,5,3712,0,0,0,NA,0,NA,MISSION RD,MARCOS ST,460,E,N,A,-,N,NA,NA,NA,NA,NA,NA,NA,NA,NA,Y,3,0,2,2,A,-,09,21801,A,N,D,C,A,A,H,-,A,D,0,NA,NA,NA,NA,Y,NA,A,01,0,1,1,0,0,0,0,0,0,-,-,NA,NA,SAN DIEGO,SAN MARCOS,-117.16885375976563,33.144187927246094
9790550,2025,2025-04-04,3703,2025-02-24,1606,1454,1,1,5,3,3703,0,0,0,NA,0,001,4TH ST,B AV,0,NA,Y,A,-,Y,SD,11,75,-,R,19.849,I,5,N,N,4,0,2,2,A,-,09,21801,A,N,D,C,A,A,H,-,A,A,0,NA,NA,NA,NA,Y,NA,A,01,0,0,2,0,0,0,0,0,0,-,-,32.69350051879883,-117.17252349853516,SAN DIEGO,CORONADO,-117.17253875732422,32.69350814819336
9790775,2025,2025-04-11,3703,2025-03-23,448,1442,1,7,5,3,3703,0,0,0,NA,0,001,4TH ST,F AV,23,E,N,A,-,Y,SD,11,282,-,-,0.21,H,-,E,Y,4,0,1,3,A,-,01,23152,NA,N,C,E,A,A,H,-,C,D,0,NA,NA,NA,NA,Y,Y,A,01,0,0,1,0,0,0,0,0,0,-,-,32.695899963378906,-117.17825317382813,SAN DIEGO,CORONADO,-117.17721557617188,32.69725799560547
9791726,2025,2025-03-10,3700,2025-01-13,744,SH0373,NA,1,5,4,3780,0,0,0,NA,0,NA,POMERADO RD,ROBERTO WY,0,NA,Y,A,-,N,NA,NA,NA,NA,NA,NA,NA,NA,NA,Y,3,0,2,2,A,-,09,21801,A,N,D,C,A,A,H,-,A,D,0,NA,NA,NA,NA,Y,NA,A,07,0,2,0,0,0,0,0,0,0,-,-,32.99039840698242,-117.05799865722656,SAN DIEGO,POWAY,-117.05817413330078,32.99043655395508
9791758,2024,2025-03-10,3711,2024-10-19,1013,SD1928,NA,6,5,7,3711,0,0,0,NA,0,627,DOVE ST,WEST WASHINGTON ST,0,NA,Y,A,-,N,NA,NA,NA,NA,NA,NA,NA,NA,NA,N,2,0,1,2,A,-,08,22107,NA,N,G,B,B,A,H,-,A,A,0,Y,NA,NA,NA,Y,Y,A,01,1,0,0,0,1,0,0,0,0,-,-,NA,NA,SAN DIEGO,SAN DIEGO,-117.16864776611328,32.74980163574219
9792152,2024,2025-03-17,3700,2024-07-30,1706,SH5543,NA,2,5,3,3783,0,0,0,NA,0,223,LOMAS SANTA FE DR,SOLANA HILLS CT,264,E,N,A,-,N,NA,NA,NA,NA,NA,NA,NA,NA,NA,Y,3,0,1,2,A,-,07,21658,A,M,B,C,A,A,H,-,A,D,0,NA,NA,NA,NA,Y,NA,A,01,0,1,0,0,0,0,0,0,0,-,-,NA,NA,SAN DIEGO,SOLANA BEACH,-117.25826263427734,32.99592971801758
9792371,2025,2025-03-20,3702,2025-02-15,1049,CV1289,NA,6,5,6,3702,0,0,0,NA,0,031,EAST H ST,AVILA WY,0,NA,Y,B,-,N,NA,NA,NA,NA,NA,NA,NA,NA,NA,Y,4,0,2,2,A,-,12,21453,A,N,D,C,A,B,H,-,A,A,0,NA,NA,NA,NA,Y,NA,D,22,0,0,2,0,0,0,0,0,0,-,-,NA,NA,SAN DIEGO,CHULA VISTA,-117.02451324462892,32.635772705078125
9792559,2024,2025-03-12,3705,2024-12-15,1621,EC0438,NA,7,5,5,3705,0,0,0,NA,0,004,AVACADO AV,E CAMDEN AV,0,NA,Y,A,-,N,NA,NA,NA,NA,NA,NA,NA,NA,NA,Y,3,0,1,2,A,-,09,21802,A,N,D,C,A,A,H,-,C,A,0,NA,NA,NA,NA,Y,NA,A,01,0,1,0,0,0,0,0,0,0,-,-,NA,NA,SAN DIEGO,EL CAJON,-116.95761871337892,32.79021453857422
9792588,2025,2025-03-18,3711,2025-02-27,1626,SD1041,NA,4,5,7,3711,0,0,0,NA,0,445,GUYMON ST,ESCUELA ST,9,E,N,A,-,N,NA,NA,NA,NA,NA,NA,NA,NA,NA,N,4,0,1,2,A,-,11,21955,NA,N,-,B,D,A,H,-,A,-,0,Y,NA,NA,NA,Y,NA,N,60,0,0,1,0,1,0,0,0,0,-,-,NA,NA,SAN DIEGO,SAN DIEGO,-117.09280395507813,32.712154388427734
9792678,2025,2025-05-20,3711,2025-03-05,1900,SD1741,NA,3,5,7,3711,0,0,0,NA,0,315,FRIARS RD,RT 15,0,NA,Y,C,-,N,NA,NA,NA,NA,NA,NA,NA,NA,NA,N,3,0,1,2,A,-,08,22107,NA,M,B,C,A,B,H,-,C,D,0,NA,NA,NA,NA,Y,Y,A,01,0,1,0,0,0,0,0,0,0,-,-,NA,NA,SAN DIEGO,SAN DIEGO,NA,NA
9792826,2025,2025-04-11,3711,2025-03-07,2116,SD2065,NA,5,5,7,3711,0,0,0,NA,0,511,RT 15,32ND ST,72,E,N,A,-,Y,SD,11,15,-,R,0.773,R,1,S,Y,3,0,2,3,A,-,03,22350,NA,N,C,D,A,A,H,-,C,D,0,NA,NA,NA,NA,Y,Y,A,01,0,2,0,0,0,0,0,0,0,SF,-,NA,NA,SAN DIEGO,SAN DIEGO,-117.1208038330078,32.703956604003906
9792893,2025,2025-03-27,3711,2025-03-03,1144,SD1706,NA,1,5,7,3711,0,0,0,NA,0,931,SORRENTO VALLEY BL,VISTA SORRENTO PKWY,589,E,N,A,-,N,NA,NA,NA,NA,NA,NA,NA,NA,NA,N,2,0,1,1,A,-,03,22350,NA,N,E,I,A,A,H,-,A,D,0,NA,Y,NA,NA,Y,NA,L,04,1,0,0,0,0,0,1,0,0,-,-,NA,NA,SAN DIEGO,SAN DIEGO,-117.21983337402344,32.90339279174805
9792904,2025,2025-03-27,3711,2025-03-08,1955,SD4310,NA,6,5,7,3711,0,0,0,NA,0,122,PACIFIC BEACH DR,FANUEL ST,30,W,N,A,-,N,NA,NA,NA,NA,NA,NA,NA,NA,NA,N,4,0,2,2,A,-,03,22350,NA,M,C,C,A,A,H,-,C,A,0,NA,NA,NA,NA,Y,NA,-,99,0,0,2,0,0,0,0,0,0,-,-,NA,NA,SAN DIEGO,SAN DIEGO,-117.24472808837892,32.79291915893555
9792927,2025,2025-03-21,3702,2025-02-11,236,CV1546,NA,2,5,6,3702,0,0,0,NA,0,031,BUEN TIEMPO DR,CORTE CERRADA,83,S,N,A,-,N,NA,NA,NA,NA,NA,NA,NA,NA,NA,Y,4,0,1,3,A,-,01,23152,A,M,C,E,A,A,H,-,C,D,0,NA,NA,NA,NA,Y,NA,A,01,0,0,1,0,0,0,0,0,0,-,-,NA,NA,SAN DIEGO,CHULA VISTA,-117.03543090820313,32.633060455322266
9792959,2025,2025-03-27,3711,2025-03-07,1815,SD1328,NA,5,5,7,3711,0,0,0,NA,0,311,MISSION CENTER RD,MISSION CENTER RD 7500,0,NA,-,A,-,N,NA,NA,NA,NA,NA,NA,NA,NA,NA,Y,3,0,4,5,A,-,05,21650,NA,N,B,C,A,A,H,-,D,D,0,NA,NA,NA,NA,Y,Y,A,01,0,4,0,0,0,0,0,0,0,-,-,NA,NA,SAN DIEGO,SAN DIEGO,-117.15416717529295,32.773582458496094
9793075,2025,2025-04-11,3710,2025-02-24,2121,OC1415,NA,1,5,6,3710,0,0,0,NA,0,006,RT 5,MISSION AV,8,N,N,A,-,Y,SD,11,5,-,R,53.433,R,4,S,N,3,0,1,2,D,-,00,NA,NA,N,G,B,B,A,H,-,D,A,0,Y,NA,NA,NA,Y,NA,-,-,0,1,0,0,1,0,0,0,0,SF,-,NA,NA,SAN DIEGO,OCEANSIDE,-117.37564086914063,33.20139694213867
9793564,2025,2025-03-24,3711,2025-02-16,1149,SD1722,NA,7,5,7,3711,0,0,0,NA,0,234,RANCHO BERNARDO RD,CAMINITO CAMPANA,454,E,N,A,-,N,NA,NA,NA,NA,NA,NA,NA,NA,NA,Y,3,0,1,5,A,-,03,22350,NA,M,C,C,A,A,H,-,A,D,0,NA,NA,NA,NA,Y,NA,A,01,0,1,0,0,0,0,0,0,0,-,-,NA,NA,SAN DIEGO,SAN DIEGO,-117.0700225830078,33.02265930175781
9794501,2025,2025-04-09,3711,2025-03-18,200,SD7807,NA,2,5,7,3711,0,0,0,NA,0,124,5330 LA JOLLA BL,LA JOLLA BL,30,E,N,A,-,N,NA,NA,NA,NA,NA,NA,NA,NA,NA,Y,3,0,1,3,A,-,08,22107,NA,N,D,E,A,A,H,-,C,D,0,NA,NA,NA,NA,Y,Y,A,01,0,1,0,0,0,0,0,0,0,-,-,NA,NA,SAN DIEGO,SAN DIEGO,NA,NA
9794603,2025,2025-03-27,3711,2025-01-12,1735,SD1728,NA,7,5,7,3711,0,0,0,NA,0,615,ROSECRANS ST,FARRAGUT RD,0,NA,Y,A,-,N,NA,NA,NA,NA,NA,NA,NA,NA,NA,N,3,0,1,2,A,-,03,22350,NA,N,G,B,B,A,H,-,C,A,0,Y,NA,NA,NA,Y,NA,A,01,0,1,0,0,1,0,0,0,0,-,-,NA,NA,SAN DIEGO,SAN DIEGO,-117.22062683105467,32.73461151123047
9794679,2025,2025-03-28,3700,2025-02-20,1602,SH3197,NA,4,5,5,3712,0,0,0,NA,0,350,TWIN OAKS VALLEY RD,SAN MARCOS BL,10,S,N,A,-,N,NA,NA,NA,NA,NA,NA,NA,NA,NA,N,4,0,1,2,A,-,11,21456,A,N,D,G,A,A,H,-,A,A,0,NA,Y,NA,NA,Y,NA,L,04,0,0,1,0,0,0,1,0,0,-,-,33.14142990112305,-117.1650390625,SAN DIEGO,SAN MARCOS,-117.16391754150392,33.1411018371582
9794705,2025,2025-04-07,3711,2025-03-17,1500,SD1617,NA,1,5,7,3711,0,0,0,NA,0,115,GENESEE AV,CENTURION SQ,0,NA,Y,A,-,N,NA,NA,NA,NA,NA,NA,NA,NA,NA,N,3,0,1,1,C,-,18,NA,NA,N,H,J,A,A,A,-,A,A,0,NA,NA,Y,NA,Y,NA,-,-,0,1,0,0,0,0,0,0,1,-,-,NA,NA,SAN DIEGO,SAN DIEGO,NA,NA
9794815,2024,2025-03-28,3705,2024-12-17,1558,EC0431,NA,2,5,5,3705,0,0,0,NA,0,002,W WASHINGTON AV,MAGNOLIA AV,37,W,N,A,-,N,NA,NA,NA,NA,NA,NA,NA,NA,NA,N,4,0,1,2,A,-,03,22350,NA,N,C,C,A,A,H,-,A,A,0,NA,NA,NA,NA,Y,NA,A,01,0,0,1,0,0,0,0,0,0,-,-,NA,NA,SAN DIEGO,EL CAJON,-116.9624481201172,32.78766632080078
9796330,2025,2025-04-07,3711,2025-03-22,1030,SD1993,NA,6,5,7,3711,0,0,0,NA,0,313,KEARNY MESA RD,CLAIREMONT MESA BL,0,NA,Y,A,-,N,NA,NA,NA,NA,NA,NA,NA,NA,NA,N,3,0,1,2,A,-,10,21950,A,M,A,G,A,A,H,-,A,A,0,NA,Y,NA,NA,Y,NA,-,99,0,1,0,0,0,0,1,0,0,-,-,NA,NA,SAN DIEGO,SAN DIEGO,-117.1435317993164,32.83273696899414
9796546,2025,2025-04-04,3709,2025-03-06,833,NC0563,NA,4,5,5,3709,0,0,0,NA,0,021,PALM AV,PALM AV 301,0,NA,N,B,-,N,NA,NA,NA,NA,NA,NA,NA,NA,NA,Y,4,0,1,2,A,-,09,21801,A,N,D,D,A,B,H,-,A,D,0,NA,NA,NA,NA,Y,NA,A,01,0,0,1,0,0,0,0,0,0,-,-,NA,NA,SAN DIEGO,NATIONAL CITY,-117.1154556274414,32.58388900756836
9796981,2025,2025-04-10,3710,2025-03-19,1714,OC1428,NA,3,5,6,3710,0,0,0,NA,0,009,CASSIDY ST,BROADWAY ST,155,E,N,A,-,N,NA,NA,NA,NA,NA,NA,NA,NA,NA,Y,3,0,2,2,A,-,09,21802,B,N,D,C,A,A,H,-,A,D,0,NA,NA,NA,NA,Y,NA,A,01,0,2,0,0,0,0,0,0,0,-,-,NA,NA,SAN DIEGO,OCEANSIDE,-117.3635025024414,33.17445373535156
9799071,2025,2025-06-24,3708,2025-05-20,1043,LM1316,NA,2,5,5,3708,0,0,0,NA,0,003,70TH ST,ALVARADO RD,0,NA,Y,A,-,N,NA,NA,NA,NA,NA,NA,NA,NA,NA,Y,3,0,1,2,A,-,04,21703,NA,N,C,C,A,A,H,-,A,A,0,NA,NA,NA,NA,Y,NA,A,07,0,1,0,0,0,0,0,0,0,-,-,NA,NA,SAN DIEGO,LA MESA,-117.04660034179688,32.773258209228516
9799188,2025,2025-06-24,3702,2025-05-31,1741,CV1553,NA,6,5,6,3702,0,0,0,NA,0,013,I ST,5TH AV,83,W,N,B,-,N,NA,NA,NA,NA,NA,NA,NA,NA,NA,Y,3,0,1,1,A,-,08,22107,NA,N,E,I,A,A,H,-,A,D,0,NA,NA,NA,NA,Y,NA,A,01,0,1,0,0,0,0,0,0,0,-,-,NA,NA,SAN DIEGO,CHULA VISTA,-117.08423614501952,32.62858581542969
9799479,2024,2025-04-01,3705,2024-11-12,210,EC0372,NA,2,5,5,3705,0,0,0,NA,0,003,JAMACHA RD,GUSTAVO,244,S,N,A,-,N,NA,NA,NA,NA,NA,NA,NA,NA,NA,N,2,0,2,3,A,-,03,22350,NA,N,E,B,F,A,H,-,C,D,0,Y,NA,NA,NA,Y,NA,A,01,1,0,1,0,2,0,0,0,0,-,-,NA,NA,SAN DIEGO,EL CAJON,-116.92772674560548,32.78169250488281
9800154,2024,2025-04-15,3705,2024-12-17,1610,EC0438,NA,2,5,5,3705,0,0,0,NA,0,001,S MAGNOLIA AV,E DOUGLAS AV,0,NA,Y,A,-,N,NA,NA,NA,NA,NA,NA,NA,NA,NA,N,4,0,1,2,D,-,00,NA,NA,N,D,C,A,A,H,-,A,A,0,NA,NA,NA,NA,Y,NA,-,-,0,0,1,0,0,0,0,0,0,-,-,NA,NA,SAN DIEGO,EL CAJON,-116.96234893798828,32.79384994506836
9800407,2025,2025-04-25,3711,2025-03-29,1830,SD1962,NA,6,5,7,3711,0,0,0,NA,0,524,MARKET ST,MARET ST 400,0,NA,N,A,-,N,NA,NA,NA,NA,NA,NA,NA,NA,NA,N,3,0,1,2,A,-,03,22350,NA,M,C,G,A,A,-,-,A,A,0,NA,Y,NA,NA,Y,NA,A,01,0,1,0,0,0,0,1,0,0,-,-,NA,NA,SAN DIEGO,SAN DIEGO,-117.16378784179688,32.71141815185547
9800438,2025,2025-04-25,3711,2025-03-28,1859,SD6927,NA,5,5,7,3711,0,0,0,NA,0,823,COLLEGE AV,UNIVERSITY AV,0,NA,Y,B,-,N,NA,NA,NA,NA,NA,NA,NA,NA,NA,N,3,0,1,2,A,-,00,21456,3,N,D,G,A,A,H,-,B,A,0,NA,Y,NA,NA,Y,NA,L,04,0,1,0,0,0,0,1,0,0,-,-,NA,NA,SAN DIEGO,SAN DIEGO,-117.06448364257813,32.752864837646484
9800554,2025,2025-04-10,3711,2025-01-06,1240,SD7734,NA,1,5,7,3711,0,0,0,NA,0,112,MOUNT ACADIA,ACWORTH AV,0,NA,Y,A,-,N,NA,NA,NA,NA,NA,NA,NA,NA,NA,N,3,0,2,1,C,-,18,NA,NA,N,F,J,A,A,B,-,A,D,0,NA,NA,Y,NA,Y,NA,-,-,0,1,1,0,0,0,0,0,2,-,-,NA,NA,SAN DIEGO,SAN DIEGO,-117.18241119384766,32.8071403503418
9800850,2025,2025-05-20,3711,2025-04-09,700,SD6686,NA,3,5,7,3711,0,0,0,NA,0,931,CARROL RD,CARROL PARK DR,0,NA,Y,A,-,N,NA,NA,NA,NA,NA,NA,NA,NA,NA,Y,2,0,1,1,A,-,08,22107,NA,N,E,I,A,A,H,-,A,D,0,NA,NA,Y,NA,Y,NA,C,03,1,0,0,0,0,0,0,0,1,-,-,NA,NA,SAN DIEGO,SAN DIEGO,-117.1745834350586,32.88646697998047
9801524,2024,2025-04-10,3700,2024-06-06,805,SH0304,NA,4,5,5,3782,0,0,0,NA,0,212,SAXONY DR,SAXONY LN,55,S,N,A,-,N,NA,NA,NA,NA,NA,NA,NA,NA,NA,Y,4,0,2,2,A,-,09,21804,A,N,D,C,A,A,H,-,A,D,0,NA,NA,NA,NA,Y,NA,A,01,0,0,2,0,0,0,0,0,0,-,-,NA,NA,SAN DIEGO,ENCINITAS,-117.28554534912108,33.0546989440918