CASE_ID,ACCIDENT_YEAR,PROC_DATE,JURIS,COLLISION_DATE,COLLISION_TIME,OFFICER_ID,REPORTING_DISTRICT,DAY_OF_WEEK,CHP_SHIFT,POPULATION,CNTY_CITY_LOC,SPECIAL_COND,BEAT_TYPE,CHP_BEAT_TYPE,CITY_DIVISION_LAPD,CHP_BEAT_CLASS,BEAT_NUMBER,PRIMARY_RD,SECONDARY_RD,DISTANCE,DIRECTION,INTERSECTION,WEATHER_1,WEATHER_2,STATE_HWY_IND,CALTRANS_COUNTY,CALTRANS_DISTRICT,STATE_ROUTE,ROUTE_SUFFIX,POSTMILE_PREFIX,POSTMILE,LOCATION_TYPE,RAMP_INTERSECTION,SIDE_OF_HWY,TOW_AWAY,COLLISION_SEVERITY,NUMBER_KILLED,NUMBER_INJURED,PARTY_COUNT,PRIMARY_COLL_FACTOR,PCF_CODE_OF_VIOL,PCF_VIOL_CATEGORY,PCF_VIOLATION,PCF_VIOL_SUBSECTION,HIT_AND_RUN,TYPE_OF_COLLISION,MVIW,PED_ACTION,ROAD_SURFACE,ROAD_COND_1,ROAD_COND_2,LIGHTING,CONTROL_DEVICE,CHP_ROAD_TYPE,PEDESTRIAN_ACCIDENT,BICYCLE_ACCIDENT,MOTORCYCLE_ACCIDENT,TRUCK_ACCIDENT,NOT_PRIVATE_PROPERTY,ALCOHOL_INVOLVED,STWD_VEHTYPE_AT_FAULT,CHP_VEHTYPE_AT_FAULT,COUNT_SEVERE_INJ,COUNT_VISIBLE_INJ,COUNT_COMPLAINT_PAIN,COUNT_PED_KILLED,COUNT_PED_INJURED,COUNT_BICYCLIST_KILLED,COUNT_BICYCLIST_INJURED,COUNT_MC_KILLED,COUNT_MC_INJURED,PRIMARY_RAMP,SECONDARY_RAMP,LATITUDE,LONGITUDE,COUNTY,CITY,POINT_X,POINT_Y
6513940,2014,2014-08-08,3711,2014-06-14,1955,5989,NA,6,5,7,3711,0,0,0,NA,0,122,GARNET AV,NOYES ST,1056,E,N,A,-,N,NA,NA,NA,NA,NA,NA,NA,NA,NA,N,4,0,2,2,A,-,04,21703,NA,N,C,C,A,A,H,-,A,D,0,NA,NA,NA,NA,Y,NA,-,NA,0,0,2,0,0,0,0,0,0,-,-,NA,NA,SAN DIEGO,SAN DIEGO,-117.22837322,32.80253322
6514029,2014,2014-08-15,3711,2014-06-17,0122,5736,NA,2,5,7,3711,0,0,0,NA,0,524,BROADWAY,10TH AV,18,W,N,A,-,N,NA,NA,NA,NA,NA,NA,NA,NA,NA,Y,4,0,2,2,A,-,12,21453,A,N,D,C,A,A,H,-,-,A,0,NA,NA,NA,NA,Y,NA,-,NA,0,0,2,0,0,0,0,0,0,-,-,NA,NA,SAN DIEGO,SAN DIEGO,-117.15566833,32.71572
6514810,2014,2014-08-12,3708,2014-05-18,2145,1210,400,7,5,5,3708,0,0,0,NA,0,003,BALTIMORE DR,FLETCHER PKWY,5,N,N,A,-,N,NA,NA,NA,NA,NA,NA,NA,NA,NA,N,4,0,1,2,A,-,12,21453,A,N,B,C,A,A,H,-,C,A,0,NA,NA,NA,NA,Y,NA,A,01,0,0,1,0,0,0,0,0,0,-,-,NA,NA,SAN DIEGO,LA MESA,-117.02743024,32.77404369
6515717,2014,2014-08-12,3708,2014-06-04,0820,1210,400,3,5,5,3708,0,0,0,NA,0,003,LAKE MURRAY BL,MARYLAND AV,0,NA,Y,A,-,N,NA,NA,NA,NA,NA,NA,NA,NA,NA,Y,3,0,2,2,A,-,12,21453,A,N,A,C,A,A,H,-,A,A,0,NA,NA,NA,NA,Y,NA,-,NA,0,1,1,0,0,0,0,0,0,-,-,NA,NA,SAN DIEGO,LA MESA,-117.03816012,32.77970004
6516082,2014,2014-08-11,3711,2014-06-13,1124,6603,NA,5,5,7,3711,0,0,0,NA,0,245,STONEBRIDGE PKWY,SYCAMORE PARK,9,E,N,A,-,N,NA,NA,NA,NA,NA,NA,NA,NA,NA,Y,4,0,2,3,A,-,04,21703,NA,N,C,C,A,A,H,-,A,D,0,NA,NA,NA,NA,Y,NA,-,NA,0,0,2,0,0,0,0,0,0,-,-,NA,NA,SAN DIEGO,SAN DIEGO,-117.02180922,32.92477616
6516128,2014,2014-08-11,3711,2014-06-08,1456,5046,NA,7,5,7,3711,0,0,0,NA,0,446,IMPERIAL AV,SOUTH 47TH ST,154,E,N,A,-,N,NA,NA,NA,NA,NA,NA,NA,NA,NA,Y,4,0,1,2,A,-,09,21802,A,M,D,C,A,A,H,-,A,D,0,NA,NA,NA,NA,Y,NA,A,01,0,0,1,0,0,0,0,0,0,-,-,NA,NA,SAN DIEGO,SAN DIEGO,-117.09320108,32.70415
6516163,2014,2014-08-08,3700,2014-06-04,1410,SH2439,NA,3,5,5,3713,0,0,0,NA,0,306,EAST BOBIER DR,PANTER WY,60,E,N,A,-,N,NA,NA,NA,NA,NA,NA,NA,NA,NA,Y,4,0,3,3,A,-,04,21703,NA,N,C,C,A,A,H,-,A,A,0,NA,NA,NA,NA,Y,NA,A,01,0,0,3,0,0,0,0,0,0,-,-,NA,NA,SAN DIEGO,VISTA,-117.24141444,33.22134953
6516179,2014,2014-08-08,3700,2014-06-12,1920,SH3060,NA,4,5,5,3713,0,0,0,NA,0,305,W CALIFORNIA AV,CALLE ELEGANTE,0,NA,Y,A,-,N,NA,NA,NA,NA,NA,NA,NA,NA,NA,Y,3,0,1,2,A,-,11,21954,A,N,G,B,E,A,H,-,A,D,0,Y,NA,NA,NA,Y,NA,N,60,0,1,0,0,1,0,0,0,0,-,-,NA,NA,SAN DIEGO,VISTA,-117.25104007,33.21060001
6516369,2014,2014-08-15,3711,2014-06-11,1430,7032,NA,3,5,7,3711,0,0,0,NA,0,1167,CLAIREMONT DR,DENVER ST,2640,W,N,A,-,N,NA,NA,NA,NA,NA,NA,NA,NA,NA,Y,3,0,2,2,A,-,-,NA,NA,N,D,C,A,A,H,-,A,A,0,NA,NA,NA,NA,Y,NA,-,NA,0,1,1,0,0,0,0,0,0,-,-,NA,NA,SAN DIEGO,SAN DIEGO,-117.20596,32.79067
6516389,2014,2014-08-11,3711,2014-06-06,1140,6372,NA,5,5,7,3711,0,0,0,NA,0,827,WIGHTMAN ST,50TH ST,24,E,N,A,-,N,NA,NA,NA,NA,NA,NA,NA,NA,NA,N,4,0,2,4,A,-,17,21461,A,M,B,B,E,A,C,-,A,A,0,Y,NA,NA,NA,Y,NA,-,NA,0,0,2,0,1,0,0,0,0,-,-,NA,NA,SAN DIEGO,SAN DIEGO,-117.08692817,32.74727524
6516393,2014,2014-08-11,3711,2014-06-11,2320,6332,NA,3,5,7,3711,0,0,0,NA,0,823,STREAMVIEW DR,GAYLE ST,0,NA,Y,A,-,N,NA,NA,NA,NA,NA,NA,NA,NA,NA,Y,4,0,1,2,A,-,12,22450,NA,M,-,C,A,A,H,-,C,D,0,NA,NA,NA,NA,Y,NA,-,NA,0,0,1,0,0,0,0,0,0,-,-,NA,NA,SAN DIEGO,SAN DIEGO,-117.06586005,32.74439007
6517134,2014,2016-03-26,9680,2014-06-07,0320,20116,NA,6,3,5,3705,0,1,1,NA,2,082,RT 8,LOS COCHES RD,528,W,N,A,-,Y,SD,11,8,-,R,19.94,H,-,E,Y,3,0,1,2,A,-,01,23152,A,N,B,C,A,A,H,-,D,D,1,NA,NA,NA,NA,Y,Y,A,01,0,1,0,0,0,0,0,0,0,-,-,32.82314,-116.90797,SAN DIEGO,EL CAJON,-116.9046997,32.82539458
6517142,2014,2016-04-09,9680,2014-06-10,1525,18734,NA,2,2,9,3700,0,1,3,NA,1,040,RT 94,OTAY LAKES RD,1584,E,N,A,-,Y,SD,11,94,-,-,25.03,H,-,E,N,4,0,1,2,A,-,03,22350,NA,N,C,C,A,A,H,-,A,D,0,NA,NA,NA,NA,Y,NA,A,07,0,0,1,0,0,0,0,0,0,-,-,32.6644,-116.8205,SAN DIEGO,UNINCORPORATED,-116.82093284,32.66482677
6517146,2014,2016-03-26,9680,2014-06-05,1630,16694,NA,4,2,5,3705,0,1,1,NA,2,082,RT 8,2ND ST,1056,W,N,A,-,Y,SD,11,8,-,-,16.91,H,-,E,Y,4,0,1,2,A,-,03,22350,NA,N,C,C,A,A,H,-,D,D,1,NA,NA,NA,NA,Y,NA,A,01,0,0,1,0,0,0,0,0,0,-,-,32.80291,-116.94299,SAN DIEGO,EL CAJON,-116.94344098,32.80295525
6518675,2014,2014-07-30,9650,2014-05-31,1120,15276,NA,6,1,9,3700,0,3,5,NA,2,213,SOUTH GRADE RD,RT 76,28512,N,N,A,-,N,NA,NA,NA,NA,NA,NA,NA,NA,NA,N,3,0,1,1,A,-,03,22350,NA,N,E,I,A,A,H,-,A,D,0,NA,NA,Y,NA,Y,NA,C,02,0,1,0,0,0,0,0,0,1,-,-,33.30371,-116.86915,SAN DIEGO,UNINCORPORATED,-116.87184186,33.30590605
6519225,2014,2014-08-12,3711,2014-06-01,0247,6010,SANDI,7,5,7,3711,0,0,0,NA,0,114,CLAIREMONT MESA BL,DUBOIS,132,W,N,A,-,N,NA,NA,NA,NA,NA,NA,NA,NA,NA,Y,3,0,1,3,A,-,08,22107,NA,N,-,E,A,A,H,-,C,D,0,NA,NA,NA,NA,Y,Y,-,NA,0,1,0,0,0,0,0,0,0,-,-,NA,NA,SAN DIEGO,SAN DIEGO,-117.19814048,32.83438107
6519353,2014,2014-07-31,3701,2014-05-21,1723,5395,50,3,5,5,3701,0,0,0,NA,0,005,EL CAMINIO REAL,COLLEGE BL,1000,N,N,A,-,N,NA,NA,NA,NA,NA,NA,NA,NA,NA,Y,3,0,1,3,A,-,03,22350,NA,N,C,C,A,A,H,-,A,D,0,NA,NA,NA,NA,Y,NA,A,01,0,1,0,0,0,0,0,0,0,-,-,33.14462,-117.28552,SAN DIEGO,CARLSBAD,-117.28554967,33.14454979
6523504,2014,2016-02-06,9645,2014-04-30,1720,016816,NA,3,2,7,3711,0,1,1,NA,2,003,RT 5,NATIONAL AV,300,S,N,A,-,Y,SD,11,5,-,R,13.43,H,-,S,N,4,0,1,2,A,-,07,21658,A,F,F,A,A,A,H,-,A,D,1,NA,NA,Y,NA,Y,NA,A,01,0,0,1,0,0,0,0,0,1,-,-,32.69445,-117.12849,SAN DIEGO,SAN DIEGO,-117.13453252,32.69534449
6524146,2014,2016-02-12,3711,2014-04-21,1438,4116,NA,1,5,7,3711,0,0,0,NA,0,321,ALVARADO CANYON RD,FAIRMONT AV,6,E,N,A,-,N,NA,NA,NA,NA,NA,NA,NA,NA,NA,N,4,0,1,1,A,-,08,22107,NA,N,E,G,A,A,H,-,A,A,0,NA,Y,NA,NA,Y,Y,L,04,0,0,1,0,0,0,1,0,0,-,-,NA,NA,SAN DIEGO,SAN DIEGO,-117.10153218,32.7801934
6524483,2014,2014-08-06,3710,2014-05-05,1848,OC1404,NA,1,5,6,3710,0,0,0,NA,0,013,VISTA,AVOCADO,0,NA,Y,A,-,N,NA,NA,NA,NA,NA,NA,NA,NA,NA,N,3,0,1,2,D,-,00,NA,NA,N,B,G,A,A,H,-,A,A,0,NA,Y,NA,NA,Y,NA,-,-,0,1,0,0,0,0,1,0,0,-,-,NA,NA,SAN DIEGO,OCEANSIDE,-117.34078011,33.18308002
6524505,2014,2016-03-28,9650,2014-05-25,2115,18931,NA,7,2,6,3710,0,1,3,NA,2,015,RT 78,RT 5,40,W,N,B,-,Y,SD,11,5,-,R,51.129,R,4,S,Y,3,0,1,2,A,-,01,23152,A,M,B,C,A,A,H,-,C,D,1,NA,NA,NA,NA,Y,Y,A,01,0,1,0,0,0,0,0,0,0,-,-,33.17691,-117.35168,SAN DIEGO,OCEANSIDE,-117.35074622,33.17607156
6524810,2014,2016-03-30,3710,2014-05-31,1357,OC1211,NA,6,5,6,3710,0,0,0,NA,0,021,RT 76,DOUGLAS,752,E,N,A,-,Y,SD,11,76,-,R,3.89,H,-,W,Y,4,0,1,2,A,-,04,21703,NA,N,C,C,A,A,H,-,A,A,0,NA,NA,Y,NA,Y,NA,C,02,0,0,1,0,0,0,0,0,1,-,-,NA,NA,SAN DIEGO,OCEANSIDE,-117.32337054,33.22654366
6524997,2014,2014-08-08,3711,2014-06-07,1030,7004,SOUTH,6,5,7,3711,0,0,0,NA,0,722,CORONADO AV,HOLLISTER,0,NA,Y,A,-,N,NA,NA,NA,NA,NA,NA,NA,NA,NA,N,4,0,1,2,A,-,04,21703,NA,N,C,C,A,A,H,-,A,A,0,NA,NA,NA,NA,Y,NA,-,NA,0,0,1,0,0,0,0,0,0,-,-,NA,NA,SAN DIEGO,SAN DIEGO,-117.08408004,32.57648004
6525112,2014,2014-08-07,9680,2014-05-27,0953,15972,NA,2,1,9,3700,0,3,5,NA,2,003,SOUTH GRADE RD,ARNOLD WY,1584,S,N,A,-,N,NA,NA,NA,NA,NA,NA,NA,NA,NA,Y,2,0,1,1,A,-,03,22350,NA,N,E,I,A,A,H,-,A,D,0,NA,NA,Y,NA,Y,NA,C,02,1,0,0,0,0,0,0,0,1,-,-,32.83667,-116.80244,SAN DIEGO,UNINCORPORATED,-116.8033068,32.83760186
6526537,2014,2014-07-18,3702,2014-04-08,0655,CV1090,NA,2,5,6,3702,0,0,0,NA,0,013,H ST,2ND AV,498,W,N,A,-,N,NA,NA,NA,NA,NA,NA,NA,NA,NA,Y,4,0,2,2,A,-,09,21804,A,N,D,C,A,A,H,-,A,D,0,NA,NA,NA,NA,Y,NA,A,01,0,0,2,0,0,0,0,0,0,-,-,NA,NA,SAN DIEGO,CHULA VISTA,-117.07464997,32.63513015
6527312,2014,2014-07-17,3711,2014-04-12,0040,5985,NA,6,5,7,3711,0,0,0,NA,0,821,COLLEGE AV,VIEW PL,0,NA,Y,A,-,N,NA,NA,NA,NA,NA,NA,NA,NA,NA,Y,3,0,2,2,A,-,05,21460,A,N,A,C,A,A,H,-,C,D,0,NA,NA,NA,NA,Y,Y,A,07,0,1,1,0,0,0,0,0,0,-,-,NA,NA,SAN DIEGO,SAN DIEGO,-117.0659301,32.75575004
6530530,2014,2014-08-19,9680,2014-06-16,1215,016372,NA,1,1,9,3700,0,3,5,NA,2,002,JAMACHA BL,PARAISO AV,14,W,N,A,-,N,NA,NA,NA,NA,NA,NA,NA,NA,NA,Y,4,0,1,3,A,-,07,21658,A,N,E,I,F,A,H,-,A,D,0,Y,NA,NA,NA,Y,NA,A,01,0,0,1,0,1,0,0,0,0,-,-,32.70791,-116.99633,SAN DIEGO,UNINCORPORATED,-116.99627534,32.70782106
6533041,2014,2014-07-18,3700,2014-03-14,1510,SH1908,NA,5,5,5,3781,0,0,0,NA,0,518,MISSION GORGE RD,CUYAMACA ST,0,NA,Y,A,-,N,NA,NA,NA,NA,NA,NA,NA,NA,NA,N,4,0,1,2,D,-,00,NA,NA,M,D,C,A,A,H,-,A,A,0,NA,NA,NA,NA,Y,NA,-,-,0,0,1,0,0,0,0,0,0,-,-,NA,NA,SAN DIEGO,SANTEE,-116.98388003,32.83876007
6537767,2014,2014-07-30,3710,2014-05-05,1714,OC1353,NA,1,5,6,3710,0,0,0,NA,0,025,DARWIN,PEACOCK,28,S,N,A,-,N,NA,NA,NA,NA,NA,NA,NA,NA,NA,N,4,0,1,2,A,-,08,22103,NA,N,B,C,A,A,H,-,A,-,0,NA,NA,NA,NA,Y,NA,A,01,0,0,1,0,0,0,0,0,0,-,-,NA,NA,SAN DIEGO,OCEANSIDE,-117.27032151,33.22337362
6538410,2014,2014-08-12,3711,2014-06-28,1118,7009,NA,6,5,7,3711,0,0,0,NA,0,614,EBERS,SARATOGA,0,NA,Y,B,-,N,NA,NA,NA,NA,NA,NA,NA,NA,NA,N,3,0,1,2,A,-,09,21802,A,N,B,C,A,A,H,-,A,D,0,NA,NA,NA,NA,Y,NA,-,NA,0,1,0,0,0,0,0,0,0,-,-,NA,NA,SAN DIEGO,SAN DIEGO,-117.24438008,32.7453501
6538426,2014,2014-08-12,3711,2014-06-13,2005,4491,NA,5,5,7,3711,0,0,0,NA,0,521,J,6TH,0,NA,Y,A,-,N,NA,NA,NA,NA,NA,NA,NA,NA,NA,N,4,0,1,2,A,-,10,21950,A,N,G,B,B,A,H,-,B,A,0,Y,NA,NA,NA,Y,NA,-,NA,0,0,1,0,1,0,0,0,0,-,-,NA,NA,SAN DIEGO,SAN DIEGO,-117.15920004,32.70940006
6539335,2014,2014-07-17,3700,2014-03-24,0955,SH0029,NA,1,5,5,3713,0,0,0,NA,0,303,EAST VISTA WY,FOOTHILL DR,0,NA,Y,B,-,N,NA,NA,NA,NA,NA,NA,NA,NA,NA,Y,2,0,2,2,A,-,01,23152,A,N,D,C,A,A,H,-,A,A,0,NA,NA,NA,NA,Y,NA,A,01,1,1,0,0,0,0,0,0,0,-,-,NA,NA,SAN DIEGO,VISTA,-117.22623012,33.21724008
6539466,2014,2016-03-26,9645,2014-06-16,0825,14692,NA,1,1,7,3711,0,1,1,NA,2,010,RT 8,MISSION CENTER RD,450,W,N,A,-,Y,SD,11,8,-,-,2.95,H,-,W,Y,4,0,2,3,A,-,03,22350,NA,N,C,C,A,A,H,-,A,D,1,NA,NA,NA,NA,Y,NA,A,01,0,0,2,0,0,0,0,0,0,-,-,32.76535,-117.15475,SAN DIEGO,SAN DIEGO,-117.15512904,32.76513556
6539512,2014,2014-08-13,3700,2014-06-25,0939,SH0059,NA,3,5,5,3713,0,0,0,NA,0,308,WEST DR,CEDAR RD,373,E,N,A,-,N,NA,NA,NA,NA,NA,NA,NA,NA,NA,N,3,0,1,2,A,-,11,21954,A,N,G,B,D,A,H,-,A,-,0,Y,NA,NA,NA,Y,NA,N,60,0,1,0,0,1,0,0,0,0,-,-,NA,NA,SAN DIEGO,VISTA,-117.28268486,33.1902592
6544760,2014,2016-03-26,9680,2014-06-26,1715,017928,NA,4,2,9,3700,0,1,3,NA,1,090,RT 67,13TH ST,225,S,N,A,-,Y,SD,11,67,-,-,24.01,H,-,S,N,4,0,1,2,A,-,09,21804,A,N,D,C,A,A,H,-,A,D,0,NA,NA,NA,NA,Y,NA,A,01,0,0,1,0,0,0,0,0,0,-,-,33.03908,-116.87384,SAN DIEGO,UNINCORPORATED,-116.87390358,33.03907813
6544779,2014,2014-08-12,3706,2014-06-17,1421,ES0322,ESPD,2,5,6,3706,0,0,0,NA,0,052,DATE ST,VALLEY PKWY,20,S,N,A,-,N,NA,NA,NA,NA,NA,NA,NA,NA,NA,N,4,0,1,2,A,-,21,22106,NA,N,C,C,A,A,H,-,A,A,0,NA,NA,NA,NA,Y,NA,A,01,0,0,1,0,0,0,0,0,0,-,-,NA,NA,SAN DIEGO,ESCONDIDO,-117.07116421,33.1285097
6545005,2014,2014-08-19,3711,2014-06-30,1230,6009,EASTE,1,5,7,3711,0,0,0,NA,0,321,MISSION GORGE RD,ORCUTT ST,17,S,N,A,-,N,NA,NA,NA,NA,NA,NA,NA,NA,NA,Y,4,0,1,2,A,-,09,21804,A,N,-,-,A,A,H,-,A,-,0,NA,NA,NA,NA,Y,NA,-,NA,0,0,1,0,0,0,0,0,0,-,-,NA,NA,SAN DIEGO,SAN DIEGO,-117.0977,32.79083343
6545056,2014,2014-08-20,3711,2014-06-26,2050,6941,NA,4,5,7,3711,0,0,0,NA,0,712,WEST SAN YSIDRO BL,ISLA DEL CARMEN WY,300,E,N,B,-,N,NA,NA,NA,NA,NA,NA,NA,NA,NA,N,4,0,1,2,A,-,04,21703,NA,N,C,C,A,A,H,-,C,D,0,NA,NA,NA,NA,Y,NA,-,-,0,0,1,0,0,0,0,0,0,-,-,NA,NA,SAN DIEGO,SAN DIEGO,-117.06478797,32.56135061
6548223,2014,2016-02-08,9645,2014-05-27,1517,017401,NA,2,2,6,3702,0,1,1,NA,2,009,RT 805,TELEGRAPH CANYON RD,200,S,N,A,-,Y,SD,11,805,-,-,5.76,H,-,S,Y,4,0,1,2,A,-,03,22350,NA,N,C,A,A,A,H,-,A,A,1,NA,NA,NA,NA,Y,NA,A,08,0,0,1,0,0,0,0,0,0,-,-,32.62452,-117.04204,SAN DIEGO,CHULA VISTA,-117.04195735,32.62455913
6548479,2014,2014-08-22,3700,2014-07-02,1729,SH3054,NA,3,5,5,3712,0,0,0,NA,0,351,WEST MISSION RD,PACIFIC ST,0,NA,Y,A,-,N,NA,NA,NA,NA,NA,NA,NA,NA,NA,Y,4,0,1,2,A,-,01,23152,A,M,C,C,A,A,H,-,B,A,0,NA,NA,NA,Y,Y,Y,F,25,0,0,1,0,0,0,0,0,0,-,-,NA,NA,SAN DIEGO,SAN MARCOS,-117.19285011,33.15081002
6552843,2014,2014-08-11,3706,2014-06-26,0556,ES0374,NA,4,5,6,3706,0,0,0,NA,0,044,N ROSE ST,N ROSE ST 1018,0,NA,N,A,-,N,NA,NA,NA,NA,NA,NA,NA,NA,NA,Y,3,0,1,1,A,-,01,23152,A,N,E,I,A,A,H,-,B,B,0,NA,NA,NA,NA,Y,Y,A,07,0,1,0,0,0,0,0,0,0,-,-,NA,NA,SAN DIEGO,ESCONDIDO,-117.06635892,33.1437319
6553265,2014,2016-05-21,9680,2014-07-03,0110,019946,NA,4,3,9,3700,0,3,5,NA,2,002,AVOCADO BL,RT 94,23,N,N,A,-,Y,SD,11,94,-,R,12.922,R,4,W,Y,4,0,1,2,A,-,03,22350,NA,N,C,C,A,A,H,-,C,A,0,NA,NA,NA,NA,Y,NA,A,01,0,0,1,0,0,0,0,0,0,-,-,32.74521,-116.96418,SAN DIEGO,UNINCORPORATED,-116.97139507,32.74465035
6553854,2014,2014-08-20,3711,2014-07-09,2124,HB5372,NA,3,5,7,3711,0,0,0,NA,0,503,HARBOR ISLAND DR,NORTH HARBOR DR,157,S,N,A,-,N,NA,NA,NA,NA,NA,NA,NA,NA,NA,N,3,0,1,2,A,-,09,21803,A,F,D,G,A,A,H,-,C,A,0,NA,Y,NA,NA,Y,Y,A,01,0,1,0,0,0,0,1,0,0,-,-,NA,NA,SAN DIEGO,SAN DIEGO,-117.19523232,32.72886148
6554516,2014,2015-04-29,9680,2014-07-09,1605,016694,NA,3,2,9,3700,0,3,5,NA,2,003,ARNOLD WY,W VICTORIA DR,1056,W,N,A,-,N,NA,NA,NA,NA,NA,NA,NA,NA,NA,N,3,0,1,2,A,-,11,21954,A,N,G,B,D,A,H,-,A,D,0,Y,NA,NA,NA,Y,NA,N,60,0,1,0,0,1,0,0,0,0,-,-,32.83619,-116.77088,SAN DIEGO,UNINCORPORATED,-116.76980526,32.83579292
6556776,2014,2016-02-06,9645,2014-06-27,2200,020515,NA,5,3,7,3711,0,1,1,NA,2,005,RT 5,CLAIREMONT DR,45,S,N,A,-,Y,SD,11,5,-,R,22.25,H,-,S,Y,4,0,5,2,A,-,04,21703,NA,N,C,C,A,A,H,-,E,D,1,NA,NA,NA,NA,Y,NA,A,01,0,0,5,0,0,0,0,0,0,-,-,32.78897,-117.20729,SAN DIEGO,SAN DIEGO,-117.20722383,32.79046801
6558777,2014,2016-05-25,9650,2014-07-02,2020,015531,NA,3,2,3,3783,0,1,1,NA,2,007,RT 5,LOMAS SANTA FE DR,1135,N,N,A,-,Y,SD,11,5,-,R,37.72,H,-,S,Y,3,0,2,2,A,-,07,21658,A,N,B,C,A,A,H,-,C,D,1,NA,NA,NA,NA,Y,NA,-,-,0,2,0,0,0,0,0,0,0,-,-,32.99372,-117.25612,SAN DIEGO,SOLANA BEACH,-117.25750608,33.00073893
6559327,2014,2016-01-05,3706,2014-07-03,0046,ES0446,NA,4,5,6,3706,0,0,0,NA,0,046,E MISSION AV,PITMAN ST,25,E,N,A,-,N,NA,NA,NA,NA,NA,NA,NA,NA,NA,Y,4,0,2,3,A,-,01,23152,A,N,D,C,A,A,H,-,C,D,0,NA,NA,NA,NA,Y,Y,A,01,0,0,2,0,0,0,0,0,0,-,-,NA,NA,SAN DIEGO,ESCONDIDO,-117.05231413,33.1479798
6559717,2014,2015-09-24,3710,2014-05-30,2045,OC1363,NA,5,5,6,3710,0,0,0,NA,0,026,VISTA WY,ITALIA WY,0,NA,Y,B,-,N,NA,NA,NA,NA,NA,NA,NA,NA,NA,Y,2,0,1,1,A,-,03,22350,NA,N,E,I,A,B,H,-,C,A,0,NA,NA,NA,NA,Y,NA,A,01,1,0,0,0,0,0,0,0,0,-,-,NA,NA,SAN DIEGO,OCEANSIDE,-117.31343,33.18073011
6560089,2014,2014-08-21,3711,2014-07-05,2035,4386,NA,6,5,7,3711,0,0,0,NA,0,627,5TH AV,ROBINSON ST,0,NA,Y,A,-,N,NA,NA,NA,NA,NA,NA,NA,NA,NA,N,3,0,1,2,A,-,08,22107,NA,N,D,G,A,A,H,-,C,A,0,NA,Y,NA,NA,Y,NA,-,NA,0,1,0,0,0,0,1,0,0,-,-,NA,NA,SAN DIEGO,SAN DIEGO,-117.16041009,32.74694012
6560130,2014,2014-08-26,3711,2014-07-05,0159,7024,3711,6,5,7,3711,0,0,0,NA,0,321,AMBROSIA DR,AMBROSIA DR 6500,4,S,N,A,-,N,NA,NA,NA,NA,NA,NA,NA,NA,NA,Y,4,0,1,2,A,-,08,22107,NA,N,C,E,A,A,H,-,C,D,0,NA,NA,NA,NA,Y,NA,A,01,0,0,1,0,0,0,0,0,0,-,-,NA,NA,SAN DIEGO,SAN DIEGO,-117.10892737,32.79352488
6560159,2014,2014-08-26,3711,2014-07-09,1913,5604,NA,3,5,7,3711,0,0,0,NA,0,611,MIDWAY DR,REILY ST,108,W,N,A,-,N,NA,NA,NA,NA,NA,NA,NA,NA,NA,Y,2,0,1,2,A,-,09,21802,A,N,D,C,A,A,H,-,A,D,0,NA,NA,NA,NA,Y,NA,-,NA,1,0,0,0,0,0,0,0,0,-,-,NA,NA,SAN DIEGO,SAN DIEGO,-117.2085,32.75037802
6560186,2014,2014-08-21,3711,2014-07-01,1736,4653,NA,2,5,7,3711,0,0,0,NA,0,313,RUFFNER ST,CLAIREMONT MESA BL,204,N,N,A,-,N,NA,NA,NA,NA,NA,NA,NA,NA,NA,N,4,0,1,2,A,-,09,21801,A,N,D,C,A,A,H,-,A,D,0,NA,NA,NA,NA,Y,NA,A,01,0,0,1,0,0,0,0,0,0,-,-,NA,NA,SAN DIEGO,SAN DIEGO,-117.15923112,32.83325875
6561790,2014,2016-05-21,9645,2014-07-18,1516,18678,NA,5,2,7,3711,0,1,1,NA,2,005,RT 5,WASHINGTON ST,800,NA,N,A,-,Y,SD,11,5,-,R,18.47,H,-,N,Y,4,0,2,4,A,-,04,21703,NA,N,C,C,A,A,H,-,A,D,1,NA,NA,NA,NA,Y,NA,D,22,0,0,2,0,0,0,0,0,0,-,-,32.74293,-117.18362,SAN DIEGO,SAN DIEGO,-117.18490835,32.74374237
6564437,2014,2016-01-05,3711,2014-07-10,2035,5393,NA,4,5,7,3711,0,0,0,NA,0,311,PHYLLIS PL,RT 805,275,W,N,A,-,N,NA,NA,NA,NA,NA,NA,NA,NA,NA,Y,4,0,1,1,A,-,08,22107,NA,N,E,I,A,A,H,-,D,D,0,NA,NA,Y,NA,Y,Y,C,02,0,0,1,0,0,0,0,0,1,-,WO,NA,NA,SAN DIEGO,SAN DIEGO,-117.14662939,32.784292
6566750,2014,2014-08-26,3701,2014-07-03,0748,5449,3701,4,5,5,3701,0,0,0,NA,0,005,EL CAMINO REAL,COLLEGE AV,695,N,N,B,-,N,NA,NA,NA,NA,NA,NA,NA,NA,NA,Y,4,0,2,2,A,-,03,22350,NA,N,C,C,A,A,H,-,A,A,0,NA,NA,NA,NA,Y,NA,A,01,0,0,2,0,0,0,0,0,0,-,-,NA,NA,SAN DIEGO,CARLSBAD,-117.28514582,33.144168380000004
6567125,2014,2014-08-01,3710,2014-06-27,1950,OC1404,NA,5,5,6,3710,0,0,0,NA,0,032,VIA RANCHO,RANCHO DEL ORO,12,E,N,A,-,N,NA,NA,NA,NA,NA,NA,NA,NA,NA,N,3,0,1,1,A,-,03,22350,NA,N,F,J,A,A,H,-,A,A,0,NA,NA,Y,NA,Y,NA,C,02,0,1,0,0,0,0,0,0,1,-,-,NA,NA,SAN DIEGO,OCEANSIDE,-117.31913097,33.21978217
6567856,2014,2016-05-21,9645,2014-07-07,0607,14909,NA,1,1,7,3711,0,1,1,NA,2,013,RT 805,MESA COLLEGE DR,2112,S,N,A,-,Y,SD,11,805,-,-,19.67,H,-,N,Y,3,0,2,2,A,-,08,22107,NA,N,C,C,A,A,H,-,A,D,1,NA,NA,NA,NA,Y,NA,A,01,0,1,1,0,0,0,0,0,0,-,-,32.79584,-117.14932,SAN DIEGO,SAN DIEGO,-117.1495017,32.79578979