CASE_ID,ACCIDENT_YEAR,PROC_DATE,JURIS,COLLISION_DATE,COLLISION_TIME,OFFICER_ID,REPORTING_DISTRICT,DAY_OF_WEEK,CHP_SHIFT,POPULATION,CNTY_CITY_LOC,SPECIAL_COND,BEAT_TYPE,CHP_BEAT_TYPE,CITY_DIVISION_LAPD,CHP_BEAT_CLASS,BEAT_NUMBER,PRIMARY_RD,SECONDARY_RD,DISTANCE,DIRECTION,INTERSECTION,WEATHER_1,WEATHER_2,STATE_HWY_IND,CALTRANS_COUNTY,CALTRANS_DISTRICT,STATE_ROUTE,ROUTE_SUFFIX,POSTMILE_PREFIX,POSTMILE,LOCATION_TYPE,RAMP_INTERSECTION,SIDE_OF_HWY,TOW_AWAY,COLLISION_SEVERITY,NUMBER_KILLED,NUMBER_INJURED,PARTY_COUNT,PRIMARY_COLL_FACTOR,PCF_CODE_OF_VIOL,PCF_VIOL_CATEGORY,PCF_VIOLATION,PCF_VIOL_SUBSECTION,HIT_AND_RUN,TYPE_OF_COLLISION,MVIW,PED_ACTION,ROAD_SURFACE,ROAD_COND_1,ROAD_COND_2,LIGHTING,CONTROL_DEVICE,CHP_ROAD_TYPE,PEDESTRIAN_ACCIDENT,BICYCLE_ACCIDENT,MOTORCYCLE_ACCIDENT,TRUCK_ACCIDENT,NOT_PRIVATE_PROPERTY,ALCOHOL_INVOLVED,STWD_VEHTYPE_AT_FAULT,CHP_VEHTYPE_AT_FAULT,COUNT_SEVERE_INJ,COUNT_VISIBLE_INJ,COUNT_COMPLAINT_PAIN,COUNT_PED_KILLED,COUNT_PED_INJURED,COUNT_BICYCLIST_KILLED,COUNT_BICYCLIST_INJURED,COUNT_MC_KILLED,COUNT_MC_INJURED,PRIMARY_RAMP,SECONDARY_RAMP,LATITUDE,LONGITUDE,COUNTY,CITY,POINT_X,POINT_Y
6567892,2014,2016-05-21,9645,2014-07-08,1255,16864,NA,2,1,7,3711,0,1,1,NA,2,005,RT 5,WASHINGTON ST,1320,N,N,A,-,Y,SD,11,5,-,R,18.57,H,-,N,Y,4,0,1,3,A,-,07,21658,A,N,B,C,A,A,H,-,A,D,1,NA,NA,NA,NA,Y,NA,A,01,0,0,1,0,0,0,0,0,0,-,-,32.74463,-117.18654,SAN DIEGO,SAN DIEGO,-117.18641573,32.74442579
6567904,2014,2016-05-21,9645,2014-07-11,1820,019054,NA,5,2,7,3711,0,1,1,NA,2,005,RT 5,BALBOA AV,528,S,N,A,-,Y,SD,11,5,-,R,23.33,H,-,S,Y,3,0,3,3,A,-,03,22350,NA,N,C,C,A,A,H,-,A,D,1,NA,NA,NA,NA,Y,NA,A,07,0,1,2,0,0,0,0,0,0,-,-,32.80544,-117.21477,SAN DIEGO,SAN DIEGO,-117.21440441,32.80481535
6567928,2014,2014-08-25,3711,2014-07-11,1602,7083,NA,5,5,7,3711,0,0,0,NA,0,821,EL CAJON BL,71ST ST,5,W,N,A,-,N,NA,NA,NA,NA,NA,NA,NA,NA,NA,N,4,0,1,2,A,-,03,22350,NA,N,C,C,A,A,H,-,A,A,0,NA,NA,NA,NA,Y,NA,A,01,0,0,1,0,0,0,0,0,0,-,-,NA,NA,SAN DIEGO,SAN DIEGO,-117.04485621,32.76873977
6567944,2014,2014-08-25,3711,2014-07-10,0923,5498,NA,4,5,7,3711,0,0,0,NA,0,521,IMPERIAL AV,13TH ST,4,W,N,A,-,N,NA,NA,NA,NA,NA,NA,NA,NA,NA,N,3,0,1,2,A,-,03,22350,NA,N,G,-,F,A,H,-,A,D,0,Y,Y,NA,NA,Y,NA,L,04,0,1,0,0,1,0,0,0,0,-,-,NA,NA,SAN DIEGO,SAN DIEGO,-117.15278296,32.70628
6569128,2014,2016-05-21,9645,2014-07-16,2352,016474,SANDI,3,3,7,3711,0,1,1,NA,2,005,RT 5,SEA WORLD DR,700,N,N,A,-,Y,SD,11,5,-,R,20.95,H,-,N,Y,4,0,2,2,A,-,03,22350,NA,N,C,C,A,A,H,-,C,D,1,NA,NA,NA,NA,Y,NA,A,01,0,0,2,0,0,0,0,0,0,-,-,32.77754,-117.20827,SAN DIEGO,SAN DIEGO,-117.20697748,32.77186307
6570586,2014,2016-05-24,3710,2014-07-11,2035,OC1317,NA,5,5,6,3710,0,0,0,NA,0,032,RT 76,OLD GROVE,0,NA,Y,A,-,Y,SD,11,76,-,R,4.62,H,-,E,N,4,0,1,1,A,-,08,22107,NA,N,E,I,A,A,H,-,B,D,0,NA,NA,NA,NA,Y,NA,D,22,0,0,1,0,0,0,0,0,0,-,-,NA,NA,SAN DIEGO,OCEANSIDE,-117.312069,33.23062817
6570802,2014,2014-08-28,3711,2014-07-11,2308,6914,C3,5,5,7,3711,0,0,0,NA,0,516,MARKET ST,30TH ST,0,NA,Y,A,-,N,NA,NA,NA,NA,NA,NA,NA,NA,NA,N,3,0,1,2,A,-,00,20001,NA,F,G,B,B,A,H,-,C,A,0,Y,NA,NA,NA,Y,NA,-,NA,0,1,0,0,1,0,0,0,0,-,-,NA,NA,SAN DIEGO,SAN DIEGO,-117.1302001,32.71165005
6570820,2014,2016-05-24,3703,2014-07-05,1721,1037,NA,6,5,3,3703,0,0,0,NA,0,003,RT 75,POMONA AV,17,N,N,A,-,Y,SD,11,75,-,-,18.49,H,-,N,N,4,0,2,3,A,-,10,21950,A,N,D,B,C,A,H,-,A,A,0,Y,NA,NA,NA,Y,NA,A,01,0,0,2,0,2,0,0,0,0,-,-,NA,NA,SAN DIEGO,CORONADO,-117.17613325,32.68057937
6570823,2014,2014-08-28,3711,2014-07-19,0420,6328,NA,6,5,7,3711,0,0,0,NA,0,444,HILLTOP DR,BOUNDARY ST,6,E,N,A,-,N,NA,NA,NA,NA,NA,NA,NA,NA,NA,Y,3,0,1,1,A,-,06,21755,NA,N,E,I,A,A,H,-,C,D,0,NA,NA,NA,NA,Y,NA,-,NA,0,1,0,0,0,0,0,0,0,-,-,NA,NA,SAN DIEGO,SAN DIEGO,-117.11169,32.71501
6570857,2014,2014-08-28,3711,2014-07-15,1814,6133,NA,2,5,7,3711,0,0,0,NA,0,113,REGENTS RD,LUNA AV,50,N,N,A,-,N,NA,NA,NA,NA,NA,NA,NA,NA,NA,N,4,0,1,2,A,-,03,22350,NA,N,C,C,A,A,H,-,A,A,0,NA,NA,NA,NA,Y,NA,A,01,0,0,1,0,0,0,0,0,0,-,-,NA,NA,SAN DIEGO,SAN DIEGO,-117.21587943,32.83139599
6571206,2014,2014-08-27,3710,2014-07-14,1835,OC1322,NA,1,5,6,3710,0,0,0,NA,0,011,OCEANSIDE,OCEANSIDE 1830,0,NA,N,A,-,N,NA,NA,NA,NA,NA,NA,NA,NA,NA,N,3,0,1,2,D,-,00,NA,NA,F,G,B,F,A,H,-,A,D,0,Y,NA,NA,NA,Y,NA,-,-,0,1,0,0,1,0,0,0,0,-,-,NA,NA,SAN DIEGO,OCEANSIDE,-117.35750288,33.19295764
6571260,2014,2014-08-27,9650,2014-07-06,1720,017905,NA,7,2,9,3700,0,3,5,NA,2,211,WILLOW LN,JESMOND DR,128,N,N,A,-,N,NA,NA,NA,NA,NA,NA,NA,NA,NA,Y,3,0,3,1,A,-,01,23152,A,N,E,I,A,A,H,-,A,D,0,NA,NA,NA,NA,Y,Y,M,96,0,3,0,0,0,0,0,0,0,-,-,NA,NA,SAN DIEGO,UNINCORPORATED,-117.11019938,33.17983543
6571660,2014,2016-05-16,9650,2014-07-22,0040,018675,NA,2,3,9,3700,0,1,1,NA,2,022,RT 15,EAST MISSION RD,3168,N,N,A,-,Y,SD,11,15,-,R,51.19,H,-,S,Y,4,0,2,2,A,-,01,23152,A,F,C,C,A,A,H,-,C,D,1,NA,NA,NA,NA,Y,Y,D,22,0,0,2,0,0,0,0,0,0,-,-,33.39692,-117.17212,SAN DIEGO,UNINCORPORATED,-117.17275704,33.39594956
6573530,2014,2014-09-04,9680,2014-07-13,0025,19946,NA,7,3,9,3700,0,2,4,NA,1,026,CONCEPCION AV,JAMACHA BL,0,NA,Y,A,-,N,NA,NA,NA,NA,NA,NA,NA,NA,NA,Y,3,0,2,2,A,-,01,23152,A,F,D,C,A,A,H,-,C,A,0,NA,NA,NA,NA,Y,Y,A,01,0,1,1,0,0,0,0,0,0,-,-,32.70789,-116.99995,SAN DIEGO,UNINCORPORATED,-117.00001013,32.70791002
6573599,2014,2016-01-05,9680,2014-07-17,0418,019936,NA,4,3,9,3700,0,3,5,NA,2,002,AVOCADO BL,CALLE VERDE,296,S,N,A,-,N,NA,NA,NA,NA,NA,NA,NA,NA,NA,Y,2,0,1,1,A,-,01,23152,A,N,F,A,A,A,H,-,C,D,0,NA,NA,Y,NA,Y,Y,C,02,1,0,0,0,0,0,0,0,1,-,-,32.74729,-116.96234,SAN DIEGO,UNINCORPORATED,-116.96211541,32.74749783
6574725,2014,2016-05-25,9645,2014-07-23,1810,16864,NA,3,2,7,3711,0,1,1,NA,2,017,RT 15,CLAIREMONT MESA BL,600,N,N,A,-,Y,SD,11,15,-,R,10.156,R,1,S,Y,4,0,2,2,A,-,03,22350,NA,N,C,C,A,A,H,-,A,D,1,NA,NA,NA,NA,Y,NA,A,01,0,0,2,0,0,0,0,0,0,TO,-,32.83721,-117.12107,SAN DIEGO,SAN DIEGO,-117.12038263,32.83590712
6575052,2014,2016-05-20,9645,2014-07-27,1120,15698,NA,7,1,9,3700,0,1,1,NA,2,009,RT 805,BONITA RD,80,S,N,B,-,Y,SD,11,805,-,-,7.74,H,-,N,Y,4,0,3,1,A,-,08,22107,NA,N,E,I,A,A,H,-,A,D,1,NA,NA,NA,NA,Y,NA,A,01,0,0,3,0,0,0,0,0,0,-,-,32.64794,-117.06046,SAN DIEGO,UNINCORPORATED,-117.06033193,32.64765268
6576844,2014,2014-08-14,3706,2014-07-23,1036,ES0392,NA,3,5,6,3706,0,0,0,NA,0,052,17TH AV,COUNTRY LN,0,NA,Y,A,-,N,NA,NA,NA,NA,NA,NA,NA,NA,NA,Y,4,0,1,1,A,-,08,22107,NA,N,E,I,A,A,H,-,A,D,0,NA,NA,NA,NA,Y,NA,A,01,0,0,1,0,0,0,0,0,0,-,-,NA,NA,SAN DIEGO,ESCONDIDO,-117.06657012,33.10725012
6577382,2014,2015-01-08,9650,2014-07-25,2115,18386,NA,5,2,9,3700,0,3,5,NA,2,191,HARMONY GROVE RD,COUNTRY CLUB RD,5280,S,N,A,-,N,NA,NA,NA,NA,NA,NA,NA,NA,NA,Y,4,0,1,1,A,-,08,22107,NA,N,E,I,A,A,H,-,D,D,0,NA,NA,NA,NA,Y,Y,D,22,0,0,1,0,0,0,0,0,0,-,-,33.09816,-117.13809,SAN DIEGO,UNINCORPORATED,-117.12088249,33.10827494
6580621,2014,2014-09-02,3711,2014-07-25,1718,6973,NA,5,5,7,3711,0,0,0,NA,0,116,MORENA BL,BALBOA AV,0,NA,Y,A,-,N,NA,NA,NA,NA,NA,NA,NA,NA,NA,Y,4,0,1,2,A,-,08,22107,NA,N,D,C,A,A,H,-,A,D,0,NA,NA,NA,NA,Y,NA,-,NA,0,0,1,0,0,0,0,0,0,-,-,NA,NA,SAN DIEGO,SAN DIEGO,-117.21325004,32.80739003
6580627,2014,2014-09-04,3711,2014-07-25,1510,6403,SANDI,5,5,7,3711,0,0,0,NA,0,243,MIRAMAR RD,EMPIRE ST,1320,W,N,A,-,N,NA,NA,NA,NA,NA,NA,NA,NA,NA,N,4,0,1,2,A,-,04,21703,NA,N,-,C,A,A,H,-,A,D,0,NA,NA,NA,NA,Y,NA,-,-,0,0,1,0,0,0,0,0,0,-,-,NA,NA,SAN DIEGO,SAN DIEGO,-117.15266079,32.88405688
6580703,2014,2014-09-02,3711,2014-07-25,1635,5122,NA,5,5,7,3711,0,0,0,NA,0,434,JAMACHA RD,GLENCO,528,E,N,A,-,N,NA,NA,NA,NA,NA,NA,NA,NA,NA,Y,3,0,3,2,A,-,08,22107,NA,N,-,C,A,A,H,-,A,D,0,NA,NA,NA,NA,Y,NA,-,NA,0,1,2,0,0,0,0,0,0,-,-,NA,NA,SAN DIEGO,SAN DIEGO,-117.03026891,32.71594157
6580712,2014,2014-09-08,3711,2014-07-24,1450,5348,NA,4,5,7,3711,0,0,0,NA,0,511,NATIONAL AV,CESAR CHAVEZ,225,E,N,A,-,N,NA,NA,NA,NA,NA,NA,NA,NA,NA,N,4,0,1,2,A,-,05,21650,1,N,B,G,A,A,-,-,A,D,0,NA,Y,NA,NA,Y,NA,-,-,0,0,1,0,0,0,1,0,0,-,-,NA,NA,SAN DIEGO,SAN DIEGO,-117.1444881,32.70023654
6580715,2014,2014-09-02,3711,2014-07-19,2228,6080,NA,6,5,7,3711,0,0,0,NA,0,515,25TH ST,G ST,0,NA,Y,A,-,N,NA,NA,NA,NA,NA,NA,NA,NA,NA,Y,4,0,1,1,A,-,04,21703,NA,N,H,J,A,A,-,-,C,D,0,NA,NA,NA,NA,Y,NA,-,NA,0,0,1,0,0,0,0,0,0,-,-,NA,NA,SAN DIEGO,SAN DIEGO,-117.14027011,32.71271002
6580719,2014,2014-09-08,3711,2014-07-23,1709,6480,NA,3,5,7,3711,0,0,0,NA,0,524,6TH AV,A ST,0,NA,Y,A,-,N,NA,NA,NA,NA,NA,NA,NA,NA,NA,Y,4,0,1,2,A,-,08,22100,B,N,A,C,A,A,H,-,A,A,0,NA,NA,NA,NA,Y,NA,-,NA,0,0,1,0,0,0,0,0,0,-,-,NA,NA,SAN DIEGO,SAN DIEGO,-117.15928012,32.71884005
6581459,2014,2014-08-20,3701,2014-07-24,2247,S453,3,4,5,5,3701,0,0,0,NA,0,002,OAK AV,HARDING ST,3,E,N,-,-,N,NA,NA,NA,NA,NA,NA,NA,NA,NA,N,4,0,2,2,A,-,03,22350,NA,F,C,C,A,A,H,-,C,D,0,NA,NA,NA,NA,Y,Y,D,22,0,0,2,0,0,0,0,0,0,-,-,33.16101,-117.34394,SAN DIEGO,CARLSBAD,-117.34368187,33.16085456
6582352,2014,2014-08-18,3711,2014-07-30,0829,7050,NA,3,5,7,3711,0,0,0,NA,0,234,BERNARDO CENTER DR,LOMICA DR,0,NA,Y,A,-,N,NA,NA,NA,NA,NA,NA,NA,NA,NA,N,3,0,1,2,A,-,08,22100,A,N,D,G,A,A,H,-,A,A,0,NA,Y,NA,NA,Y,NA,-,NA,0,1,0,0,0,0,1,0,0,-,-,NA,NA,SAN DIEGO,SAN DIEGO,-117.07610009,33.0170401
6582368,2014,2014-08-18,3711,2014-07-27,0725,6628,NA,7,5,7,3711,0,0,0,NA,0,526,1ST AV,BEECH ST,0,NA,Y,A,-,N,NA,NA,NA,NA,NA,NA,NA,NA,NA,N,4,0,1,2,A,-,10,21950,A,N,G,B,B,A,H,-,A,D,0,Y,NA,NA,NA,Y,NA,-,NA,0,0,1,0,1,0,0,0,0,-,-,NA,NA,SAN DIEGO,SAN DIEGO,-117.16386011,32.7209001
6583442,2014,2014-08-19,9680,2014-07-24,0810,015008,NA,4,1,9,3700,0,2,4,NA,1,094,WILDCAT CANYON RD,SAN VICENTE RD,4224,S,N,A,-,N,NA,NA,NA,NA,NA,NA,NA,NA,NA,Y,3,0,1,1,A,-,05,21650,NA,N,E,I,A,A,H,-,A,D,0,NA,NA,NA,NA,Y,NA,A,07,0,1,0,0,0,0,0,0,0,-,-,32.98906,-116.83766,SAN DIEGO,UNINCORPORATED,-116.83675913,32.9891001
6584564,2014,2014-09-08,9680,2014-08-01,2350,019936,NA,5,3,9,3700,0,3,5,NA,2,002,HELIX ST,HARNESS ST,0,NA,Y,A,-,N,NA,NA,NA,NA,NA,NA,NA,NA,NA,Y,3,0,1,3,A,-,01,23152,A,N,D,C,A,A,H,-,C,A,0,NA,NA,NA,NA,Y,Y,A,01,0,1,0,0,0,0,0,0,0,-,-,32.719,-117.0094,SAN DIEGO,UNINCORPORATED,-117.00959003,32.71898007
6585532,2014,2014-09-05,3711,2014-08-01,1314,6082,NA,5,5,7,3711,0,0,0,NA,0,122,LORING ST,PENDLETON ST,65,E,N,A,-,N,NA,NA,NA,NA,NA,NA,NA,NA,NA,Y,3,0,1,2,A,-,08,22107,NA,N,C,E,A,A,H,-,A,D,0,NA,NA,NA,NA,Y,NA,-,NA,0,1,0,0,0,0,0,0,0,-,-,NA,NA,SAN DIEGO,SAN DIEGO,-117.23043547,32.81101335
6585535,2014,2016-05-24,9645,2014-08-02,1540,19054,NA,6,2,7,3711,0,1,3,NA,1,004,RT 75,RT 5,2112,S,N,C,-,Y,SD,11,75,-,R,21.86,H,-,N,N,4,0,1,2,A,-,03,22350,NA,N,C,C,A,B,H,-,A,D,4,NA,NA,NA,NA,Y,NA,A,01,0,0,1,0,0,0,0,0,0,-,-,32.68758,-117.1556,SAN DIEGO,SAN DIEGO,-117.14688404,32.69627692
6585565,2014,2016-05-21,9645,2014-07-31,0820,18697,NA,4,1,7,3711,0,1,3,NA,2,006,RT 94,25TH ST,286,W,N,A,-,Y,SD,11,94,-,-,1.72,H,-,W,Y,4,0,1,2,A,-,03,22350,NA,N,C,C,A,A,H,-,A,D,1,NA,NA,NA,NA,Y,NA,A,01,0,0,1,0,0,0,0,0,0,-,-,32.71334,-117.14288,SAN DIEGO,SAN DIEGO,-117.1424729,32.71325876
6585953,2014,2014-08-18,3702,2014-07-27,1224,CV0652,NA,7,5,6,3702,0,0,0,NA,0,022,4TH AV,ANITA ST,0,NA,Y,A,-,N,NA,NA,NA,NA,NA,NA,NA,NA,NA,Y,4,0,1,2,A,-,09,21800,B,N,D,C,A,A,H,-,A,A,0,NA,NA,NA,NA,Y,NA,A,01,0,0,1,0,0,0,0,0,0,-,-,NA,NA,SAN DIEGO,CHULA VISTA,-117.06907009,32.59846009
6586329,2014,2016-02-10,9645,2014-07-26,0110,019496,NA,6,3,7,3711,0,1,3,NA,2,016,RT 52,SANTO RD,4750,E,N,A,-,Y,SD,11,52,-,-,9.61,H,-,E,Y,3,0,1,1,A,-,08,22107,NA,N,F,A,A,A,H,-,D,D,1,NA,NA,NA,NA,Y,NA,D,22,0,1,0,0,0,0,0,0,0,-,-,32.84413,-117.08219,SAN DIEGO,SAN DIEGO,-117.08255275,32.84407914
6587480,2014,2016-05-24,3711,2014-08-04,0138,5669,NA,1,5,7,3711,0,0,0,NA,0,614,SUNSET CLIFFS BL,RT 8,0,NA,Y,A,-,Y,SD,11,8,-,T,0.54,I,5,W,Y,4,0,1,1,A,-,03,22350,NA,N,E,I,A,A,H,-,C,A,0,NA,NA,NA,NA,Y,Y,-,NA,0,0,1,0,0,0,0,0,0,-,-,NA,NA,SAN DIEGO,SAN DIEGO,-117.23342382,32.75613793
6587930,2014,2016-05-21,9680,2014-08-03,1525,015766,NA,7,2,9,3700,0,1,3,NA,1,040,RT 94,FOREST GATE RD,7392,W,N,B,-,Y,SD,11,94,-,-,49.14,H,-,W,Y,3,0,1,1,A,-,08,22107,NA,N,E,I,A,A,H,-,A,A,0,NA,NA,NA,Y,Y,NA,F,27,0,1,0,0,0,0,0,0,0,-,-,32.59944,-116.49551,SAN DIEGO,UNINCORPORATED,-116.49547948,32.59941812
6588144,2014,2014-09-04,3701,2014-08-06,1854,5417,37,3,5,5,3701,0,0,0,NA,0,002,TAMARACK AV,GARFIELD ST,568,E,N,A,-,N,NA,NA,NA,NA,NA,NA,NA,NA,NA,N,3,0,1,2,A,-,08,22107,NA,N,D,G,A,A,H,-,A,D,0,NA,Y,NA,NA,Y,NA,L,04,0,1,0,0,0,0,1,0,0,-,-,NA,NA,SAN DIEGO,CARLSBAD,-117.34240664,33.14923034
6590173,2014,2015-04-21,3711,2014-07-29,1642,6877,NA,2,5,7,3711,0,0,0,NA,0,722,CORONADO AV,SATURN BL,30,W,N,A,-,N,NA,NA,NA,NA,NA,NA,NA,NA,NA,N,4,0,1,2,A,-,04,21703,NA,N,C,C,A,A,H,-,A,A,0,NA,NA,NA,NA,Y,NA,-,NA,0,0,1,0,0,0,0,0,0,-,-,NA,NA,SAN DIEGO,SAN DIEGO,-117.09282705,32.5765
6591550,2014,2016-05-24,9645,2014-08-06,0850,15676,NA,3,1,7,3711,0,1,1,NA,2,005,RT 5,RT 8,100,S,N,A,-,Y,SD,11,5,-,R,20.04,H,-,N,N,4,0,2,2,A,-,03,22350,NA,M,C,C,A,A,H,-,A,D,1,NA,NA,NA,NA,Y,NA,-,99,0,0,2,0,0,0,0,0,0,-,-,32.75783,-117.20308,SAN DIEGO,SAN DIEGO,-117.20369053,32.75896117
6592203,2014,2014-09-02,3710,2014-07-16,0945,OC1234,NA,3,5,6,3710,0,0,0,NA,0,037,COLLEGE BL,HAYMAR DR,562,S,N,A,-,N,NA,NA,NA,NA,NA,NA,NA,NA,NA,N,2,0,2,3,A,-,11,21956,NA,N,G,B,E,A,H,-,A,A,0,Y,NA,NA,NA,Y,NA,N,60,1,0,1,0,1,0,0,0,0,-,-,NA,NA,SAN DIEGO,OCEANSIDE,-117.29605037,33.18057865
6592482,2014,2016-05-24,9645,2014-08-10,1345,015001,NA,7,1,7,3711,0,1,1,NA,2,019,RT 15,CAMINO DEL NORTE,528,N,N,A,-,Y,SD,11,15,-,M,22.069,R,2,N,Y,4,0,1,2,A,-,03,22350,NA,N,C,C,A,A,H,-,A,D,1,NA,NA,NA,NA,Y,NA,A,01,0,0,1,0,0,0,0,0,0,FR,-,33.00077,-117.08196,SAN DIEGO,SAN DIEGO,-117.0823861,32.99977949
6592490,2014,2016-05-16,9645,2014-08-12,1524,017717,NA,2,2,7,3711,0,1,3,NA,2,023,RT 163,RICHMOND ST,460,S,N,A,-,Y,SD,11,163,-,-,1.71,H,-,N,Y,4,0,2,3,A,-,03,22350,NA,N,C,C,A,A,H,-,A,D,1,NA,NA,NA,NA,Y,NA,A,07,0,0,2,0,0,0,0,0,0,-,-,32.73611,-117.15567,SAN DIEGO,SAN DIEGO,-117.15576149,32.73547165
6592640,2014,2014-09-04,3711,2014-08-05,1800,6774,NA,2,5,7,3711,0,0,0,NA,0,615,CANON ST,ROSECRANS ST,68,W,N,A,-,N,NA,NA,NA,NA,NA,NA,NA,NA,NA,N,4,0,1,2,A,-,08,22107,NA,N,D,G,A,A,H,-,A,D,0,NA,Y,NA,NA,Y,NA,-,NA,0,0,1,0,0,0,1,0,0,-,-,NA,NA,SAN DIEGO,SAN DIEGO,-117.2320707,32.72163664
6592663,2014,2016-05-28,9645,2014-08-06,1515,18250,NA,3,2,7,3711,0,1,1,NA,2,010,RT 8,COLLEGE AV,1000,E,N,A,-,Y,SD,11,8,-,-,8.53,H,-,E,Y,4,0,2,2,A,-,03,22350,NA,N,C,C,A,A,H,-,A,D,1,NA,NA,NA,NA,Y,NA,A,01,0,0,2,0,0,0,0,0,0,-,-,32.77778,-117.05653,SAN DIEGO,SAN DIEGO,-117.06313278,32.77915687
6593412,2014,2014-08-27,3706,2014-06-24,1709,ES0318,ESPD,2,5,6,3706,0,0,0,NA,0,044,VALLEY PKWY,MIDWAY DR,504,W,N,A,-,N,NA,NA,NA,NA,NA,NA,NA,NA,NA,N,3,0,1,2,A,-,05,21650,1,N,D,G,A,A,H,-,A,D,0,NA,Y,NA,NA,Y,NA,L,04,0,1,0,0,0,0,1,0,0,-,-,NA,NA,SAN DIEGO,ESCONDIDO,-117.05324917,33.13684704
6593557,2014,2014-09-03,3705,2014-06-28,1554,EC0279,NA,6,5,5,3705,0,0,0,NA,0,009,JAMACHA,MAIN ST,140,S,N,A,-,N,NA,NA,NA,NA,NA,NA,NA,NA,NA,N,4,0,1,2,A,-,11,21954,A,N,D,B,F,A,H,-,A,A,0,Y,NA,NA,NA,Y,NA,N,60,0,0,1,0,1,0,0,0,0,-,-,NA,NA,SAN DIEGO,EL CAJON,-116.93574,32.79502671
6596056,2014,2016-05-28,9645,2014-08-08,0745,15676,NA,5,1,7,3711,0,1,1,NA,2,010,RT 8,TEXAS ST,350,W,N,A,-,Y,SD,11,8,-,-,3.83,H,-,W,N,4,0,1,3,A,-,03,22350,NA,N,C,C,A,A,H,-,A,D,1,NA,NA,NA,NA,Y,NA,A,01,0,0,1,0,0,0,0,0,0,-,-,32.76896,-117.14337,SAN DIEGO,SAN DIEGO,-117.14097458,32.76967815
6600209,2014,2016-05-28,9680,2014-08-25,0940,17996,NA,1,1,9,3700,0,1,1,NA,2,081,RT 8,EL CAJON BL,250,E,N,A,-,Y,SD,11,8,-,-,13.77,H,-,W,Y,4,0,1,2,A,-,03,22350,NA,N,C,C,A,A,H,-,A,D,1,NA,NA,NA,Y,Y,NA,A,01,0,0,1,0,0,0,0,0,0,-,-,NA,NA,SAN DIEGO,UNINCORPORATED,-116.98055852,32.7839166
6600791,2014,2014-09-08,3711,2014-08-13,1311,6258,NA,3,5,7,3711,0,0,0,NA,0,627,UNIVERSITY AV,RICHMOND ST,0,NA,Y,A,-,N,NA,NA,NA,NA,NA,NA,NA,NA,NA,Y,4,0,1,2,-,-,-,NA,NA,N,D,C,A,A,H,-,A,A,0,NA,NA,NA,NA,Y,NA,-,-,0,0,1,0,0,0,0,0,0,-,-,NA,NA,SAN DIEGO,SAN DIEGO,-117.1512401,32.74856005
6600800,2014,2016-05-21,9650,2014-08-04,1720,16026,NA,1,2,5,3713,0,1,3,NA,2,017,RT 78,SYCAMORE AV,150,E,N,A,-,Y,SD,11,78,-,-,9.233,R,1,W,Y,4,0,2,3,A,-,03,22350,NA,N,C,C,A,A,H,-,A,A,1,NA,NA,NA,NA,Y,NA,A,01,0,0,2,0,0,0,0,0,0,TO,-,33.16637,-117.2137,SAN DIEGO,VISTA,-117.21323673,33.16550586
6601157,2014,2014-09-04,3711,2014-08-15,1916,5122,NA,5,5,7,3711,0,0,0,NA,0,446,LOGAN AV,SOUTH 47TH ST,0,NA,Y,A,-,N,NA,NA,NA,NA,NA,NA,NA,NA,NA,N,4,0,1,2,A,-,09,21453,B,N,D,C,A,A,H,-,B,A,0,NA,NA,NA,NA,Y,NA,-,NA,0,0,1,0,0,0,0,0,0,-,-,NA,NA,SAN DIEGO,SAN DIEGO,-117.0937501,32.69679007
6601165,2014,2014-09-04,3711,2014-08-15,2246,6699,NA,5,5,7,3711,0,0,0,NA,0,832,VAN DYKE AV,POLK,80,S,N,A,-,N,NA,NA,NA,NA,NA,NA,NA,NA,NA,Y,3,0,1,3,A,-,08,22107,NA,M,A,C,A,A,H,-,C,D,0,NA,NA,NA,NA,Y,Y,-,NA,0,1,0,0,0,0,0,0,0,-,-,NA,NA,SAN DIEGO,SAN DIEGO,-117.10320875,32.75119087
6601611,2014,2016-05-21,9680,2014-08-23,0900,15070,NA,6,1,9,3700,0,1,3,NA,1,040,RT 94,OTAY LAKES RD,17952,E,N,A,-,Y,SD,11,94,-,-,28.14,H,-,E,N,4,0,1,1,C,-,18,NA,NA,N,F,A,A,-,B,-,A,D,0,NA,NA,Y,NA,Y,NA,-,-,0,0,1,0,0,0,0,0,1,-,-,32.65307,-116.70926,SAN DIEGO,UNINCORPORATED,-116.78375783,32.64578777
6601719,2014,2014-09-10,3711,2014-08-25,2148,6741,NA,1,5,7,3711,0,0,0,NA,0,524,1ST AV,C ST,36,S,N,A,-,N,NA,NA,NA,NA,NA,NA,NA,NA,NA,Y,4,0,3,2,A,-,04,21703,NA,N,C,C,A,A,H,-,C,A,0,NA,NA,NA,NA,Y,Y,D,22,0,0,3,0,0,0,0,0,0,-,-,NA,NA,SAN DIEGO,SAN DIEGO,-117.16381914,32.71663139
6601741,2014,2014-09-10,3711,2014-08-12,1825,5916,NA,2,5,7,3711,0,0,0,NA,0,123,FIESTA ISLAND RD,FIESTA ISLAND RD 1000,0,NA,Y,B,-,N,NA,NA,NA,NA,NA,NA,NA,NA,NA,Y,2,0,11,12,A,-,17,21657,NA,N,A,G,A,A,H,-,A,D,0,NA,Y,NA,NA,Y,NA,A,01,2,7,2,0,0,0,11,0,0,-,-,NA,NA,SAN DIEGO,SAN DIEGO,-117.22203165,32.78007284
6601756,2014,2014-09-10,3711,2014-08-25,0750,7160,NA,1,5,7,3711,0,0,0,NA,0,242,ARJONS DR,DOWDY DR,0,NA,Y,A,-,N,NA,NA,NA,NA,NA,NA,NA,NA,NA,N,3,0,1,2,A,-,12,22450,A,N,A,C,A,A,H,-,A,A,0,NA,NA,Y,NA,Y,NA,-,NA,0,1,0,0,0,0,0,0,1,-,-,NA,NA,SAN DIEGO,SAN DIEGO,-117.14671009,32.89443008