CASE_ID,ACCIDENT_YEAR,PROC_DATE,JURIS,COLLISION_DATE,COLLISION_TIME,OFFICER_ID,REPORTING_DISTRICT,DAY_OF_WEEK,CHP_SHIFT,POPULATION,CNTY_CITY_LOC,SPECIAL_COND,BEAT_TYPE,CHP_BEAT_TYPE,CITY_DIVISION_LAPD,CHP_BEAT_CLASS,BEAT_NUMBER,PRIMARY_RD,SECONDARY_RD,DISTANCE,DIRECTION,INTERSECTION,WEATHER_1,WEATHER_2,STATE_HWY_IND,CALTRANS_COUNTY,CALTRANS_DISTRICT,STATE_ROUTE,ROUTE_SUFFIX,POSTMILE_PREFIX,POSTMILE,LOCATION_TYPE,RAMP_INTERSECTION,SIDE_OF_HWY,TOW_AWAY,COLLISION_SEVERITY,NUMBER_KILLED,NUMBER_INJURED,PARTY_COUNT,PRIMARY_COLL_FACTOR,PCF_CODE_OF_VIOL,PCF_VIOL_CATEGORY,PCF_VIOLATION,PCF_VIOL_SUBSECTION,HIT_AND_RUN,TYPE_OF_COLLISION,MVIW,PED_ACTION,ROAD_SURFACE,ROAD_COND_1,ROAD_COND_2,LIGHTING,CONTROL_DEVICE,CHP_ROAD_TYPE,PEDESTRIAN_ACCIDENT,BICYCLE_ACCIDENT,MOTORCYCLE_ACCIDENT,TRUCK_ACCIDENT,NOT_PRIVATE_PROPERTY,ALCOHOL_INVOLVED,STWD_VEHTYPE_AT_FAULT,CHP_VEHTYPE_AT_FAULT,COUNT_SEVERE_INJ,COUNT_VISIBLE_INJ,COUNT_COMPLAINT_PAIN,COUNT_PED_KILLED,COUNT_PED_INJURED,COUNT_BICYCLIST_KILLED,COUNT_BICYCLIST_INJURED,COUNT_MC_KILLED,COUNT_MC_INJURED,PRIMARY_RAMP,SECONDARY_RAMP,LATITUDE,LONGITUDE,COUNTY,CITY,POINT_X,POINT_Y
6644867,2014,2016-05-21,3711,2014-09-24,1754,5929,NA,3,5,7,3711,0,0,0,NA,0,115,LA JOLLA VILLAGE DR,RT 805,96,W,N,A,-,Y,SD,11,805,-,-,26.204,R,4,S,N,4,0,1,2,A,-,04,21703,NA,N,C,C,A,A,H,-,A,A,0,NA,NA,NA,NA,Y,NA,-,99,0,0,1,0,0,0,0,0,0,-,WO,NA,NA,SAN DIEGO,SAN DIEGO,-117.20078359,32.87889466
6645526,2014,2014-10-28,9680,2014-09-18,1130,015008,NA,4,1,9,3700,0,2,4,NA,1,095,SAN VICENTE RD,WARNOCK DR,3168,S,N,A,-,N,NA,NA,NA,NA,NA,NA,NA,NA,NA,N,4,0,1,2,A,-,21,22106,NA,N,C,C,A,A,D,-,A,D,0,NA,NA,NA,NA,Y,NA,A,01,0,0,1,0,0,0,0,0,0,-,-,33.00612,-116.86562,SAN DIEGO,UNINCORPORATED,-116.86559402,33.00630351
6646852,2014,2014-10-09,3711,2014-09-26,0300,7051,NA,5,5,7,3711,0,0,0,NA,0,932,NORTH TORREY PINES RD,CARMEL VALLEY RD,10032,S,N,E,-,N,NA,NA,NA,NA,NA,NA,NA,NA,NA,N,3,0,1,1,A,-,03,22350,NA,N,E,-,A,-,H,-,C,D,0,NA,NA,NA,NA,Y,NA,-,NA,0,1,0,0,0,0,0,0,0,-,-,NA,NA,SAN DIEGO,SAN DIEGO,-117.26123,32.93818
6647618,2014,2016-05-21,9645,2014-09-12,0610,017498,NA,5,1,7,3711,0,1,1,NA,2,011,RT 805,EL CAJON BL,1584,S,N,A,-,Y,SD,11,805,-,-,16.13,H,-,N,Y,4,0,1,2,A,-,07,21658,A,N,B,C,A,A,H,-,A,D,1,NA,NA,Y,NA,Y,NA,D,22,0,0,1,0,0,0,0,0,1,-,-,32.75058,-117.12312,SAN DIEGO,SAN DIEGO,-117.12331315,32.75114279
6650421,2014,2016-01-05,3702,2014-08-23,1601,CV0952,NA,6,5,6,3702,0,0,0,NA,0,014,EAST H ST,RT 805,249,W,N,A,-,N,NA,NA,NA,NA,NA,NA,NA,NA,NA,Y,4,0,1,2,A,-,03,22350,NA,N,C,C,A,A,H,-,A,A,0,NA,NA,NA,NA,Y,NA,D,22,0,0,1,0,0,0,0,0,0,-,NO,NA,NA,SAN DIEGO,CHULA VISTA,-117.05645452,32.64032093
6650650,2014,2014-10-21,3702,2014-09-04,1527,CV0984,NA,4,5,6,3702,0,0,0,NA,0,014,H ST,1ST AV,0,NA,Y,A,-,N,NA,NA,NA,NA,NA,NA,NA,NA,NA,Y,4,0,1,2,A,-,03,22350,NA,N,C,C,A,A,H,-,A,A,0,NA,NA,NA,NA,Y,NA,A,01,0,0,1,0,0,0,0,0,0,-,-,NA,NA,SAN DIEGO,CHULA VISTA,-117.06905005,32.63670008
6650793,2014,2014-10-20,3702,2014-09-23,1749,CV0991,NA,2,5,6,3702,0,0,0,NA,0,032,EAST H ST,BARON PL,0,NA,Y,A,-,N,NA,NA,NA,NA,NA,NA,NA,NA,NA,Y,4,0,3,2,A,-,12,21453,A,N,D,C,A,A,H,-,A,A,0,NA,NA,NA,NA,Y,NA,A,07,0,0,3,0,0,0,0,0,0,-,-,NA,NA,SAN DIEGO,CHULA VISTA,NA,NA
6651106,2014,2014-11-05,3705,2014-09-11,1146,EC0304,NA,4,5,5,3705,0,0,0,NA,0,007,N 2ND ST,NARANCA AV,1,S,N,A,-,N,NA,NA,NA,NA,NA,NA,NA,NA,NA,N,4,0,1,2,D,-,00,NA,NA,N,D,G,A,A,H,-,A,D,0,NA,Y,NA,NA,Y,NA,-,-,0,0,1,0,0,0,1,0,0,-,-,NA,NA,SAN DIEGO,EL CAJON,-116.93579022,32.80390727
6653754,2014,2014-10-16,3710,2014-09-28,1104,OC0778,NA,7,5,6,3710,0,0,0,NA,0,011,CANYON DR,FOSTER ST,100,S,N,A,-,N,NA,NA,NA,NA,NA,NA,NA,NA,NA,Y,4,0,1,1,A,-,03,22350,NA,N,A,I,A,A,H,-,A,D,0,NA,NA,NA,NA,Y,NA,A,01,0,0,1,0,0,0,0,0,0,-,-,NA,NA,SAN DIEGO,OCEANSIDE,-117.36158748,33.20262918
6656907,2014,2015-01-12,3711,2014-09-26,1400,6482,NA,5,5,7,3711,0,0,0,NA,0,713,AIRWAY RD,ENRICO FERMI DR,27,E,N,A,-,N,NA,NA,NA,NA,NA,NA,NA,NA,NA,N,4,0,1,2,D,-,00,NA,NA,N,D,C,A,A,H,-,A,A,0,NA,NA,NA,NA,Y,NA,-,-,0,0,1,0,0,0,0,0,0,-,-,NA,NA,SAN DIEGO,SAN DIEGO,-116.92774269,32.56004
6657146,2014,2016-05-25,9650,2014-09-05,1520,015654,NA,5,2,5,3701,0,1,1,NA,2,005,RT 5,LA COSTA AV,531,N,N,A,-,Y,SD,11,5,-,R,44.17,H,-,S,Y,4,0,1,2,A,-,03,22350,NA,N,C,C,A,A,H,-,A,D,1,NA,NA,NA,NA,Y,NA,A,01,0,0,1,0,0,0,0,0,0,-,-,33.08636,-117.29972,SAN DIEGO,CARLSBAD,-117.29903909,33.08547555
6657168,2014,2016-05-16,9650,2014-09-22,0725,015906,NA,1,1,9,3700,0,1,1,NA,2,021,RT 15,WEST LILAC RD,3168,N,N,B,-,Y,SD,11,15,-,R,44.84,H,-,S,Y,4,0,2,3,A,-,03,22350,NA,N,C,C,A,A,H,-,A,D,1,NA,NA,NA,NA,Y,NA,D,22,0,0,2,0,0,0,0,0,0,-,-,33.3095,-117.15118,SAN DIEGO,UNINCORPORATED,-117.15093429,33.30910277
6658053,2014,2016-05-24,3706,2014-09-24,1617,ES0318,NA,3,5,6,3706,0,0,0,NA,0,044,ASH ST,WASHINGTON AV,306,S,N,A,-,Y,SD,11,78,-,T,19.15,H,-,W,N,3,0,1,2,A,-,09,21804,A,N,D,G,A,A,H,-,A,D,0,NA,Y,NA,NA,Y,NA,L,04,0,1,0,0,0,0,1,0,0,-,-,NA,NA,SAN DIEGO,ESCONDIDO,-117.06771526,33.13233049
6658180,2014,2014-12-17,3711,2014-10-10,1125,HB3765,NA,5,5,7,3711,0,0,0,NA,0,503,NORTH HARBOR DR,WINSHIP LN,139,W,N,A,-,N,NA,NA,NA,NA,NA,NA,NA,NA,NA,N,3,0,2,2,A,-,03,22350,NA,N,C,C,A,A,H,-,A,D,0,NA,NA,NA,NA,Y,NA,A,08,0,1,1,0,0,0,0,0,0,-,-,NA,NA,SAN DIEGO,SAN DIEGO,-117.19141775,32.72996388
6658650,2014,2014-12-11,9645,2014-10-07,1954,018697,NA,2,2,6,3702,0,1,1,NA,2,009,RT 805,ORANGE AV,1392,N,N,A,-,Y,NA,NA,805,NA,NA,NA,NA,NA,NA,Y,4,0,1,1,C,-,18,NA,NA,N,E,I,A,A,D,-,D,D,0,NA,NA,NA,NA,Y,NA,-,-,0,0,1,0,0,0,0,0,0,-,-,32.62243,-117.04068,SAN DIEGO,CHULA VISTA,-117.04077063,32.62239437
6658682,2014,2014-12-11,9645,2014-10-04,2145,019393,NA,6,2,7,3711,0,1,1,NA,2,001,RT 5,H ST,11,N,N,A,-,Y,NA,NA,NA,NA,NA,NA,NA,NA,NA,Y,4,0,2,3,A,-,03,22350,NA,N,C,C,A,A,H,-,C,D,0,NA,NA,NA,NA,Y,NA,A,07,0,0,2,0,0,0,0,0,0,TO,-,32.6292,-117.963,SAN DIEGO,SAN DIEGO,-117.09601098,32.62915866
6659054,2014,2014-11-17,3711,2014-10-02,1119,6785,NA,4,5,7,3711,0,0,0,NA,0,242,NEW SALEM ST,REAGAN RD,420,W,N,A,-,N,NA,NA,NA,NA,NA,NA,NA,NA,NA,Y,4,0,1,2,A,-,08,22107,NA,N,C,E,A,A,H,-,A,D,0,NA,NA,NA,NA,Y,NA,A,01,0,0,1,0,0,0,0,0,0,-,-,NA,NA,SAN DIEGO,SAN DIEGO,-117.15067922,32.915829
6659118,2014,2015-01-09,3711,2014-10-01,1226,7167,SANDI,3,5,7,3711,0,0,0,NA,0,242,MIRA MESA BL,CAMINO RUIZ,1584,E,N,A,-,N,NA,NA,NA,NA,NA,NA,NA,NA,NA,Y,4,0,2,3,A,-,03,22350,NA,N,C,C,A,A,H,-,A,D,0,NA,NA,NA,NA,Y,NA,-,NA,0,0,2,0,0,0,0,0,0,-,-,NA,NA,SAN DIEGO,SAN DIEGO,-117.13885815,32.91292554
6659230,2014,2014-11-26,3711,2014-09-28,1931,5972,NA,7,5,7,3711,0,0,0,NA,0,831,ORANGE AV,46TH ST,0,NA,Y,A,-,N,NA,NA,NA,NA,NA,NA,NA,NA,NA,N,3,0,2,3,A,-,10,21950,A,N,G,B,B,A,H,-,E,D,0,Y,NA,NA,NA,Y,Y,A,01,0,2,0,0,2,0,0,0,0,-,-,NA,NA,SAN DIEGO,SAN DIEGO,-117.09546002,32.75312005
6659297,2014,2016-05-24,9645,2014-09-29,0224,20479,NA,1,3,7,3711,0,1,1,NA,2,005,RT 5,SEA WORLD DR,4,N,N,A,-,Y,SD,11,5,-,R,20.974,R,3,N,Y,4,0,1,1,A,-,08,22107,NA,N,A,I,A,A,H,-,C,A,1,NA,NA,NA,NA,Y,NA,A,07,0,0,1,0,0,0,0,0,0,-,-,32.77057,-117.20562,SAN DIEGO,SAN DIEGO,-117.2070636,32.77220215
6659413,2014,2014-11-10,9680,2014-09-20,1658,018672,NA,6,2,9,3700,0,3,5,NA,2,007,BORREGO SPRINGS RD,T ANCHOR DR,0,NA,Y,A,-,N,NA,NA,NA,NA,NA,NA,NA,NA,NA,Y,2,0,4,2,A,-,01,23152,A,N,D,C,A,A,H,-,A,A,0,NA,NA,NA,NA,Y,Y,A,01,2,1,1,0,0,0,0,0,0,-,-,33.24852,-116.37452,SAN DIEGO,UNINCORPORATED,-116.3745901,33.24879006
6659508,2014,2016-06-06,9645,2014-09-24,1740,017297,NA,3,2,7,3711,0,1,1,NA,2,007,RT 5,CARMEL VALLEY RD,1050,S,N,A,-,Y,SD,11,5,-,R,32.63,H,-,N,Y,3,0,2,3,A,-,-,NA,NA,N,C,C,A,A,H,-,A,D,1,NA,NA,Y,NA,Y,NA,C,02,0,2,0,0,0,0,0,0,2,-,-,32.93021,-117.24077,SAN DIEGO,SAN DIEGO,-117.24023447,32.92836023
6659760,2014,2016-05-23,9645,2014-09-24,0815,14804,NA,3,1,7,3711,0,1,1,NA,2,001,RT 5,MAIN,1056,S,N,A,-,Y,SD,11,5,-,R,11.46,H,-,N,Y,4,0,2,4,A,-,04,21703,NA,M,C,C,A,A,H,-,A,D,1,NA,NA,NA,NA,Y,NA,A,01,0,0,2,0,0,0,0,0,0,-,-,32.68402,-117.11151,SAN DIEGO,SAN DIEGO,-117.10984289,32.67943168
6660041,2014,2014-11-06,3711,2014-09-19,2336,17723,NA,5,5,7,3711,0,0,0,NA,0,NA,CAMINO DEL RIO N,THEATER DRIVEWAY,0,NA,Y,B,-,N,NA,NA,NA,NA,NA,NA,NA,NA,NA,Y,4,0,2,2,A,-,01,23152,A,N,D,C,A,A,H,-,C,A,0,NA,NA,NA,NA,Y,Y,A,01,0,0,2,0,0,0,0,0,0,-,-,32.7673,-117.14774,SAN DIEGO,SAN DIEGO,-117.14723008,32.76743007
6661341,2014,2016-02-23,9650,2014-10-04,1205,16275,NA,6,1,9,3700,0,3,5,NA,2,006,SANDIA CREEK RD,DE LUZ RD,2640,E,N,A,-,N,NA,NA,NA,NA,NA,NA,NA,NA,NA,Y,3,0,1,1,A,-,08,22107,NA,N,F,A,A,A,H,-,A,D,0,NA,NA,NA,NA,Y,NA,A,07,0,1,0,0,0,0,0,0,0,-,-,33.40722,-117.2495,SAN DIEGO,UNINCORPORATED,-117.25026,33.40054
6661530,2014,2016-02-10,9645,2014-09-29,0815,16156,NA,1,1,7,3711,0,1,3,NA,2,014,RT 52,RT 805,2000,E,N,A,-,Y,SD,11,52,-,-,4.14,H,-,W,Y,3,0,2,2,A,-,07,21658,A,N,B,C,A,A,H,-,A,D,1,NA,NA,Y,NA,Y,NA,A,01,0,1,1,0,0,0,0,0,1,-,-,32.83842,-117.15927,SAN DIEGO,SAN DIEGO,-117.17162302,32.84659206
6661931,2014,2014-11-12,3711,2014-09-29,1545,6628,NA,1,5,7,3711,0,0,0,NA,0,512,32ND ST,OCEAN VIEW BL,0,NA,Y,A,-,N,NA,NA,NA,NA,NA,NA,NA,NA,NA,N,4,0,1,2,A,-,04,21703,NA,N,C,C,A,A,H,-,A,A,0,NA,NA,NA,NA,Y,NA,-,99,0,0,1,0,0,0,0,0,0,-,-,NA,NA,SAN DIEGO,SAN DIEGO,-117.12519012,32.70119004
6663521,2014,2016-05-21,9650,2014-09-27,0450,018931,NA,6,3,9,3700,0,1,1,NA,2,003,RT 5,COCKLEBURR,5280,N,N,B,-,Y,SD,11,5,-,R,59.13,H,-,S,Y,4,0,1,1,A,-,08,22107,NA,N,E,I,A,A,H,-,D,D,1,NA,NA,NA,NA,Y,NA,A,01,0,0,1,0,0,0,0,0,0,-,-,33.27067,-117.43998,SAN DIEGO,UNINCORPORATED,-117.43310106,33.2654192
6668079,2014,2014-11-07,3701,2014-09-22,0945,5205,68,1,5,5,3701,0,0,0,NA,0,006,CARLSBAD BL,AIRPORT RD,528,N,N,A,-,N,NA,NA,NA,NA,NA,NA,NA,NA,NA,Y,4,0,1,2,A,-,08,22107,NA,N,D,C,A,A,H,-,A,A,0,NA,NA,Y,NA,Y,NA,D,22,0,0,1,0,0,0,0,0,1,-,-,NA,NA,SAN DIEGO,CARLSBAD,NA,NA
6668181,2014,2014-10-27,3701,2014-09-11,1730,5470,67,4,5,5,3701,0,0,0,NA,0,002,AVENIDA ENCINAS,PALOMAR AIRPORT RD,1040,N,N,A,-,N,NA,NA,NA,NA,NA,NA,NA,NA,NA,Y,3,0,1,1,A,-,03,22350,NA,N,E,I,A,A,H,-,A,-,0,NA,NA,Y,NA,Y,NA,C,02,0,1,0,0,0,0,0,0,1,-,-,NA,NA,SAN DIEGO,CARLSBAD,-117.32531,33.12508647
6668184,2014,2015-06-17,3701,2014-09-15,1815,5283,70,1,5,5,3701,0,0,0,NA,0,006,PALOMAR AIRPORT RD,RT 5,0,NA,Y,A,-,Y,SD,11,5,-,R,47.269,R,4,S,Y,4,0,1,2,A,-,12,21453,A,N,D,C,A,A,H,-,A,A,0,NA,NA,NA,NA,Y,NA,A,01,0,0,1,0,0,0,0,0,0,-,SF,NA,NA,SAN DIEGO,CARLSBAD,-117.32409976,33.12525595
6672424,2014,2014-12-16,3711,2014-10-10,2220,5876,WESTE,5,5,7,3711,0,0,0,NA,0,621,ULRIC ST,WATERMAN CT,15,N,N,-,-,N,NA,NA,NA,NA,NA,NA,NA,NA,NA,Y,4,0,3,2,A,-,04,21703,NA,N,C,C,A,A,H,-,C,A,0,NA,NA,NA,NA,Y,Y,-,NA,0,0,3,0,0,0,0,0,0,-,-,NA,NA,SAN DIEGO,SAN DIEGO,-117.17251242,32.79124973
6672440,2014,2014-12-16,3711,2014-10-10,1239,4823,SANDI,5,5,7,3711,0,0,0,NA,0,521,11TH AV,B ST,0,NA,Y,A,-,N,NA,NA,NA,NA,NA,NA,NA,NA,NA,Y,4,0,2,3,A,-,12,21453,A,N,D,C,A,A,H,-,A,A,0,NA,NA,NA,NA,Y,NA,A,01,0,0,2,0,0,0,0,0,0,-,-,NA,NA,SAN DIEGO,SAN DIEGO,-117.15473002,32.71783004
6673715,2014,2015-01-16,9680,2014-12-01,1740,19270,NA,1,2,4,3720,0,1,3,NA,1,023,RT 94,LEMON GROVE AV,800,E,N,A,-,Y,NA,NA,94,NA,NA,NA,NA,NA,NA,Y,3,0,2,4,A,-,03,22350,NA,N,C,C,A,A,H,-,C,D,0,NA,NA,NA,NA,Y,NA,A,01,0,1,1,0,0,0,0,0,0,-,-,32.74667,-117.02896,SAN DIEGO,LEMON GROVE,-117.02897098,32.74674623
6675042,2014,2014-12-26,3711,2014-10-17,2101,3815,NA,5,5,7,3711,0,0,0,NA,0,826,49TH ST,TROJAN AV,0,NA,Y,A,-,N,NA,NA,NA,NA,NA,NA,NA,NA,NA,Y,4,0,1,4,A,-,12,22450,NA,M,D,C,A,A,H,-,C,A,0,NA,NA,NA,NA,Y,NA,A,01,0,0,1,0,0,0,0,0,0,-,-,NA,NA,SAN DIEGO,SAN DIEGO,-117.0890001,32.75493006
6676726,2014,2014-12-15,9680,2014-10-14,1940,17621,NA,2,2,9,3700,0,3,5,NA,2,002,SUMMERFIELD ST,SUMMERFIELD DR,300,E,N,A,-,N,NA,NA,NA,NA,NA,NA,NA,NA,NA,Y,4,0,1,2,C,-,18,NA,NA,N,C,E,A,A,H,-,C,D,0,NA,NA,NA,NA,Y,NA,-,-,0,0,1,0,0,0,0,0,0,-,-,32.74441,-116.992,SAN DIEGO,UNINCORPORATED,-116.99211034,32.74440167
6676796,2014,2014-12-16,9650,2014-10-03,1934,016490,NA,5,2,9,3700,0,1,3,NA,1,028,RT 76,ADAMS DR,8448,W,N,A,-,Y,NA,NA,76,NA,NA,NA,NA,NA,NA,Y,2,0,3,2,A,-,09,21801,A,N,A,C,A,A,H,-,D,D,0,NA,NA,NA,NA,Y,Y,A,01,3,0,0,0,0,0,0,0,0,-,-,33.35502,-117.0318,SAN DIEGO,UNINCORPORATED,-117.03178398,33.35507822
6677694,2014,2014-10-31,3705,2014-08-27,1803,EC0301,NA,3,5,5,3705,0,0,0,NA,0,009,E MADISON,ROSELLE,70,W,N,A,-,N,NA,NA,NA,NA,NA,NA,NA,NA,NA,Y,3,0,1,2,A,-,08,22107,NA,N,D,E,A,A,H,-,A,D,0,NA,NA,NA,NA,Y,NA,A,07,0,1,0,0,0,0,0,0,0,-,-,NA,NA,SAN DIEGO,EL CAJON,-116.94100696,32.80016249
6679085,2014,2014-12-18,3706,2014-10-14,1915,ES0318,NA,2,5,6,3706,0,0,0,NA,0,051,ESCONDIDO BL,FELICITA AV,176,N,N,A,-,N,NA,NA,NA,NA,NA,NA,NA,NA,NA,N,4,0,1,2,A,-,11,21955,NA,N,G,B,D,A,H,-,C,D,0,Y,NA,NA,NA,Y,NA,N,60,0,0,1,0,1,0,0,0,0,-,-,NA,NA,SAN DIEGO,ESCONDIDO,-117.07340751,33.10509194
6679429,2014,2014-12-19,3710,2014-10-18,0200,OC1363,NA,6,5,6,3710,0,0,0,NA,0,007,S COAST,WASHINGTON,0,NA,Y,B,-,N,NA,NA,NA,NA,NA,NA,NA,NA,NA,Y,3,0,1,2,A,-,01,23152,A,F,D,C,A,A,H,-,C,D,0,NA,NA,NA,NA,Y,Y,A,01,0,1,0,0,0,0,0,0,0,-,-,NA,NA,SAN DIEGO,OCEANSIDE,-117.37515011,33.19068008
6679956,2014,2014-12-22,3711,2014-10-23,2039,6800,NA,4,5,7,3711,0,0,0,NA,0,628,INDIA ST,WEST WASHINGTON ST,0,NA,Y,A,-,N,NA,NA,NA,NA,NA,NA,NA,NA,NA,N,3,0,1,2,A,-,-,NA,NA,N,G,B,D,A,H,-,C,D,0,Y,NA,NA,NA,Y,NA,-,NA,0,1,0,0,1,0,0,0,0,-,-,NA,NA,SAN DIEGO,SAN DIEGO,-117.18129013,32.74328006
6680807,2014,2014-12-15,3711,2014-10-18,1603,7039,NA,6,5,7,3711,0,0,0,NA,0,712,SAN YSIDRO BL,OLIVE DR,78,E,N,A,-,N,NA,NA,NA,NA,NA,NA,NA,NA,NA,N,4,0,1,2,A,-,04,21703,NA,N,C,C,A,A,H,-,A,A,0,NA,NA,NA,NA,Y,NA,A,07,0,0,1,0,0,0,0,0,0,-,-,NA,NA,SAN DIEGO,SAN DIEGO,-117.04269933,32.55209613
6680812,2014,2015-01-28,3711,2014-10-07,0840,6461,NA,2,5,7,3711,0,0,0,NA,0,122,INGRAHAM ST,LA CIMA DR,30,N,N,B,-,N,NA,NA,NA,NA,NA,NA,NA,NA,NA,N,3,0,1,2,A,-,03,22350,NA,N,C,-,A,A,H,-,A,A,0,NA,NA,NA,NA,Y,NA,-,NA,0,1,0,0,0,0,0,0,0,-,-,NA,NA,SAN DIEGO,SAN DIEGO,-117.23663267,32.78283087
6680900,2014,2016-02-23,3705,2014-10-05,0840,EC0257,NA,7,5,5,3705,0,0,0,NA,0,008,LESLIE RD,LESLIE RD 909,0,NA,-,A,-,N,NA,NA,NA,NA,NA,NA,NA,NA,NA,N,4,0,1,4,A,-,21,22106,NA,M,G,B,E,A,H,-,A,D,0,Y,NA,NA,NA,Y,NA,-,NA,0,0,1,0,1,0,0,0,0,-,-,NA,NA,SAN DIEGO,EL CAJON,-116.96112514,32.78365158
6681090,2014,2015-06-11,3711,2014-10-16,1100,7065,NA,4,5,7,3711,0,0,0,NA,0,324,LAKE MURRAY BL,SAN CARLOS DR,70,N,N,A,-,N,NA,NA,NA,NA,NA,NA,NA,NA,NA,Y,3,0,1,3,A,-,08,22107,NA,N,C,E,A,A,H,-,A,D,0,NA,NA,NA,NA,Y,NA,A,01,0,1,0,0,0,0,0,0,0,-,-,NA,NA,SAN DIEGO,SAN DIEGO,-117.01327,32.79973
6681357,2014,2014-12-11,3711,2014-10-20,0246,5972,NA,1,5,7,3711,0,0,0,NA,0,722,SERVANDO  AV,DAIRY MART RD,359,W,N,A,-,N,NA,NA,NA,NA,NA,NA,NA,NA,NA,Y,3,0,1,3,A,-,08,22107,NA,N,C,E,A,A,H,-,C,D,0,NA,NA,NA,NA,Y,Y,A,01,0,1,0,0,0,0,0,0,0,-,-,NA,NA,SAN DIEGO,SAN DIEGO,-117.06354403,32.55695589
6682562,2014,2014-12-23,9645,2014-10-28,0548,14909,NA,2,3,7,3711,0,1,1,NA,2,005,RT 5,ROSECRANS ST,528,N,N,A,-,Y,NA,NA,5,NA,NA,NA,NA,NA,NA,Y,3,0,1,1,A,-,08,22107,NA,N,F,A,A,A,H,-,C,D,0,NA,NA,NA,NA,Y,NA,D,22,0,1,0,0,0,0,0,0,0,-,-,32.75545,-117.20179,SAN DIEGO,SAN DIEGO,-117.20195973,32.7552901
6682604,2014,2016-05-25,9645,2014-10-16,1750,18095,NA,4,2,7,3711,0,1,1,NA,2,007,RT 163,FRIARS RD,2300,N,N,A,-,Y,SD,11,163,-,-,4.81,H,-,S,Y,4,0,1,3,A,-,03,22350,NA,N,C,C,A,A,H,-,A,D,1,NA,NA,NA,NA,Y,NA,A,07,0,0,1,0,0,0,0,0,0,-,-,32.78332,-117.16234,SAN DIEGO,SAN DIEGO,-117.16275511,32.77767514
6682612,2014,2016-05-25,9645,2014-10-17,0200,13292,NA,5,3,7,3711,0,1,3,NA,2,023,RT 163,WASHINGTON ST,792,N,N,B,-,Y,SD,11,163,-,-,2.9,H,-,N,Y,4,0,1,1,A,-,01,23152,A,N,E,I,A,A,H,-,C,D,1,NA,NA,NA,NA,Y,Y,A,01,0,0,1,0,0,0,0,0,0,-,-,32.75156,-117.15577,SAN DIEGO,SAN DIEGO,-117.15661902,32.75234126
6682989,2014,2014-12-24,9645,2014-10-25,1325,018344,NA,6,1,7,3711,0,1,1,NA,2,017,RT 15,MIRAMAR WY,1340,S,N,A,-,Y,NA,NA,15,NA,NA,NA,NA,NA,NA,Y,4,0,1,2,A,-,08,22107,NA,N,B,C,A,A,H,-,A,D,0,NA,NA,NA,NA,Y,NA,A,07,0,0,1,0,0,0,0,0,0,-,-,32.87204,-117.10682,SAN DIEGO,SAN DIEGO,-117.10704774,32.87206662
6683540,2014,2014-12-19,3706,2014-10-07,1458,ES0398,NA,2,5,6,3706,0,0,0,NA,0,044,SHERIDAN AV,VISTA VERDE,45,W,N,B,-,N,NA,NA,NA,NA,NA,NA,NA,NA,NA,N,4,0,1,2,A,-,05,21460,A,N,D,G,A,A,H,-,A,A,0,NA,Y,NA,NA,Y,Y,L,04,0,0,1,0,0,0,1,0,0,-,-,NA,NA,SAN DIEGO,ESCONDIDO,-117.0677113,33.15440529
6683543,2014,2016-02-24,3706,2014-10-18,0341,ES0443,NA,6,5,6,3706,0,0,0,NA,0,055,S CENTRE CITY PKWY,W 9TH AV,0,NA,Y,A,-,N,NA,NA,NA,NA,NA,NA,NA,NA,NA,Y,4,0,2,2,A,-,12,21453,A,N,D,C,A,A,H,-,C,A,0,NA,NA,NA,NA,Y,Y,A,01,0,0,2,0,0,0,0,0,0,-,-,NA,NA,SAN DIEGO,ESCONDIDO,-117.08166005,33.11182003
6686621,2014,2016-02-29,9680,2014-10-28,0610,015972,NA,2,1,9,3700,0,3,5,NA,2,001,RT 8,E LAKEVIEW RD,265,W,N,A,-,N,NA,NA,NA,NA,NA,NA,NA,NA,NA,Y,4,0,1,2,A,-,08,22107,NA,N,D,C,A,A,H,-,C,D,0,NA,NA,Y,NA,Y,NA,D,22,0,0,1,0,0,0,0,0,1,-,-,32.84014,-116.89365,SAN DIEGO,UNINCORPORATED,-116.893659,32.840225
6687732,2014,2014-12-02,3706,2014-10-21,1822,ES0424,NA,2,5,6,3706,0,0,0,NA,0,041,W EL NORTE PKWY,N BROADWAY,0,NA,Y,A,-,N,NA,NA,NA,NA,NA,NA,NA,NA,NA,Y,4,0,2,3,A,-,03,22350,NA,N,C,C,A,A,H,-,B,A,0,NA,NA,NA,NA,Y,NA,A,01,0,0,2,0,0,0,0,0,0,-,-,NA,NA,SAN DIEGO,ESCONDIDO,-117.0895,33.13977009
6688991,2014,2014-12-23,3711,2014-10-21,1320,7192,NA,2,5,7,3711,0,0,0,NA,0,242,GOLD COAST DR,WESTONHILL DR,3,E,N,A,-,N,NA,NA,NA,NA,NA,NA,NA,NA,NA,N,3,0,1,2,A,-,12,22450,A,N,D,G,A,A,H,-,A,A,0,NA,Y,NA,NA,Y,NA,-,NA,0,1,0,0,0,0,1,0,0,-,-,NA,NA,SAN DIEGO,SAN DIEGO,-117.13552035,32.90575884
6689199,2014,2014-12-22,3711,2014-10-23,1249,7165,NA,4,5,7,3711,0,0,0,NA,0,813,EL CAJON BL,OREGON ST,200,E,N,A,-,N,NA,NA,NA,NA,NA,NA,NA,NA,NA,N,4,0,1,2,A,-,17,22517,NA,N,H,G,A,A,H,-,A,D,0,NA,Y,NA,NA,Y,NA,-,NA,0,0,1,0,0,0,1,0,0,-,-,NA,NA,SAN DIEGO,SAN DIEGO,-117.13448167,32.75538519
6690185,2014,2014-11-17,3711,2014-10-22,1029,4823,SANDI,3,5,7,3711,0,0,0,NA,0,822,54TH ST,UNIVERSITY AV,0,NA,Y,A,-,N,NA,NA,NA,NA,NA,NA,NA,NA,NA,Y,2,0,3,2,A,-,12,21453,A,N,D,C,A,A,H,-,A,A,0,NA,NA,NA,NA,Y,Y,D,22,1,0,2,0,0,0,0,0,0,-,-,NA,NA,SAN DIEGO,SAN DIEGO,-117.07948003,32.74879005