CASE_ID,ACCIDENT_YEAR,PROC_DATE,JURIS,COLLISION_DATE,COLLISION_TIME,OFFICER_ID,REPORTING_DISTRICT,DAY_OF_WEEK,CHP_SHIFT,POPULATION,CNTY_CITY_LOC,SPECIAL_COND,BEAT_TYPE,CHP_BEAT_TYPE,CITY_DIVISION_LAPD,CHP_BEAT_CLASS,BEAT_NUMBER,PRIMARY_RD,SECONDARY_RD,DISTANCE,DIRECTION,INTERSECTION,WEATHER_1,WEATHER_2,STATE_HWY_IND,CALTRANS_COUNTY,CALTRANS_DISTRICT,STATE_ROUTE,ROUTE_SUFFIX,POSTMILE_PREFIX,POSTMILE,LOCATION_TYPE,RAMP_INTERSECTION,SIDE_OF_HWY,TOW_AWAY,COLLISION_SEVERITY,NUMBER_KILLED,NUMBER_INJURED,PARTY_COUNT,PRIMARY_COLL_FACTOR,PCF_CODE_OF_VIOL,PCF_VIOL_CATEGORY,PCF_VIOLATION,PCF_VIOL_SUBSECTION,HIT_AND_RUN,TYPE_OF_COLLISION,MVIW,PED_ACTION,ROAD_SURFACE,ROAD_COND_1,ROAD_COND_2,LIGHTING,CONTROL_DEVICE,CHP_ROAD_TYPE,PEDESTRIAN_ACCIDENT,BICYCLE_ACCIDENT,MOTORCYCLE_ACCIDENT,TRUCK_ACCIDENT,NOT_PRIVATE_PROPERTY,ALCOHOL_INVOLVED,STWD_VEHTYPE_AT_FAULT,CHP_VEHTYPE_AT_FAULT,COUNT_SEVERE_INJ,COUNT_VISIBLE_INJ,COUNT_COMPLAINT_PAIN,COUNT_PED_KILLED,COUNT_PED_INJURED,COUNT_BICYCLIST_KILLED,COUNT_BICYCLIST_INJURED,COUNT_MC_KILLED,COUNT_MC_INJURED,PRIMARY_RAMP,SECONDARY_RAMP,LATITUDE,LONGITUDE,COUNTY,CITY,POINT_X,POINT_Y
6893225,2015,2015-05-01,3700,2015-03-28,1051,SH7552,NA,6,5,4,3707,0,0,0,NA,0,703,PALM AV,4TH ST,0,NA,Y,A,-,N,NA,NA,NA,NA,NA,NA,NA,NA,NA,N,4,0,1,2,A,-,09,21802,A,N,A,G,A,A,H,-,A,A,0,NA,Y,NA,NA,Y,NA,A,01,0,0,1,0,0,0,1,0,0,-,-,NA,NA,SAN DIEGO,IMPERIAL BEACH,-117.12526993,32.58393006
6894555,2015,2015-05-11,3711,2015-04-16,1814,6866,NA,4,5,7,3711,0,0,0,NA,0,121,MISSION BL,BRIGHTON CT,44,S,N,A,-,N,NA,NA,NA,NA,NA,NA,NA,NA,NA,N,3,0,1,2,A,-,17,22517,NA,N,-,G,A,A,H,-,A,D,0,NA,Y,NA,NA,Y,NA,-,NA,0,1,0,0,0,0,1,0,0,-,-,NA,NA,SAN DIEGO,SAN DIEGO,-117.25108761,32.7629126
6894610,2015,2015-05-26,3711,2015-04-17,1918,6344,NA,5,5,7,3711,0,0,0,NA,0,437,SKYLINE  DR,BRANDYWOOD,100,E,N,A,-,N,NA,NA,NA,NA,NA,NA,NA,NA,NA,Y,3,0,1,1,A,-,08,22107,NA,N,F,J,A,A,H,-,B,D,0,NA,NA,NA,NA,Y,Y,-,NA,0,1,0,0,0,0,0,0,0,-,-,NA,NA,SAN DIEGO,SAN DIEGO,-117.05098397,32.7023602
6895824,2015,2015-05-18,3702,2015-04-06,1016,CV1042,NA,1,5,6,3702,0,0,0,NA,0,032,OTAY LAKES RD,RIDGEVIEW,0,NA,Y,A,-,N,NA,NA,NA,NA,NA,NA,NA,NA,NA,Y,4,0,1,2,A,-,12,21453,A,N,D,C,A,A,H,-,A,A,0,NA,NA,NA,NA,Y,NA,A,01,0,0,1,0,0,0,0,0,0,-,-,NA,NA,SAN DIEGO,CHULA VISTA,-117.01461007,32.65202007
6897039,2015,2016-11-17,9645,2015-04-25,0202,019497,NA,6,3,7,3711,0,1,1,NA,2,003,RT 5,COMMERCIAL ST,150,S,N,B,-,Y,SD,11,5,-,R,14.4,H,-,N,Y,4,0,1,1,A,-,08,22107,NA,N,E,I,A,A,H,-,E,D,1,NA,NA,NA,NA,Y,NA,A,01,0,0,1,0,0,0,0,0,0,-,-,32.70534,-117.14742,SAN DIEGO,SAN DIEGO,-117.1469849,32.70459158
6899948,2015,2015-05-13,3711,2015-04-28,1505,6799,NA,2,5,7,3711,0,0,0,NA,0,111,CLAIREMONT MESA BL,LONGFORD ST,0,NA,Y,A,-,N,NA,NA,NA,NA,NA,NA,NA,NA,NA,Y,3,0,3,3,A,-,08,22107,NA,N,A,C,A,A,H,-,A,B,0,NA,NA,NA,NA,Y,NA,A,01,0,2,1,0,0,0,0,0,0,-,-,NA,NA,SAN DIEGO,SAN DIEGO,-117.18270002,32.83450004
6902559,2015,2016-06-06,3711,2015-04-25,1902,3696,NA,6,5,7,3711,0,0,0,NA,0,112,BALBOA AV,MOUNT EVEREST BL,0,NA,Y,B,-,N,NA,NA,NA,NA,NA,NA,NA,NA,NA,Y,4,0,2,2,A,-,12,21453,A,N,-,C,A,B,H,-,B,-,0,NA,NA,NA,NA,Y,NA,-,NA,0,0,2,0,0,0,0,0,0,-,-,NA,NA,SAN DIEGO,SAN DIEGO,-117.18544008,32.81810008
6902678,2015,2015-05-06,3711,2015-04-27,2030,6552,NA,1,5,7,3711,0,0,0,NA,0,529,WEST LAUREL ST,CALIFORNIA ST,0,NA,Y,A,-,N,NA,NA,NA,NA,NA,NA,NA,NA,NA,N,4,0,1,2,A,-,21,22106,NA,M,C,C,A,A,H,-,C,A,0,NA,NA,NA,NA,Y,NA,-,NA,0,0,1,0,0,0,0,0,0,-,-,NA,NA,SAN DIEGO,SAN DIEGO,-117.17288009,32.7297801
6902681,2015,2015-05-22,3711,2015-04-24,1630,6842,NA,5,5,7,3711,0,0,0,NA,0,111,CLAIREMONT MESA BL,LONGFORD ST,0,NA,Y,A,-,N,NA,NA,NA,NA,NA,NA,NA,NA,NA,N,4,0,1,2,A,-,12,21453,A,M,A,C,A,A,H,-,A,A,0,NA,NA,NA,NA,Y,NA,-,NA,0,0,1,0,0,0,0,0,0,-,-,NA,NA,SAN DIEGO,SAN DIEGO,-117.18270002,32.83450004
6902693,2015,2015-05-06,3711,2015-04-01,1103,5313,NA,3,5,7,3711,0,0,0,NA,0,712,BEYER BL,BOYSENBERRY CT,0,NA,Y,A,-,N,NA,NA,NA,NA,NA,NA,NA,NA,NA,Y,4,0,1,2,A,-,09,21801,A,N,B,C,A,A,H,-,A,D,0,NA,NA,NA,NA,Y,NA,A,01,0,0,1,0,0,0,0,0,0,-,-,NA,NA,SAN DIEGO,SAN DIEGO,-117.05269754,32.56086177
6902702,2015,2015-05-18,3711,2015-04-24,0900,7187,NA,5,5,7,3711,0,0,0,NA,0,839,UNIVERSITY AV,CHEROKEE,0,NA,Y,B,-,N,NA,NA,NA,NA,NA,NA,NA,NA,NA,NA,4,0,3,2,A,-,09,21804,A,N,D,C,A,B,H,-,A,D,0,NA,NA,NA,NA,Y,NA,-,NA,0,0,3,0,0,0,0,0,0,-,-,NA,NA,SAN DIEGO,SAN DIEGO,-117.11434003,32.74972005
6903007,2015,2015-05-11,3711,2015-04-27,1115,6960,NA,1,5,7,3711,0,0,0,NA,0,114,CLAIREMONT MESA BL,DIANE AV,528,W,N,A,-,N,NA,NA,NA,NA,NA,NA,NA,NA,NA,Y,3,0,2,2,A,-,09,21801,A,N,D,C,A,A,H,-,A,D,0,NA,NA,NA,NA,Y,NA,A,01,0,2,0,0,0,0,0,0,0,-,-,NA,NA,SAN DIEGO,SAN DIEGO,-117.18876295,32.83455
6903011,2015,2015-05-11,3711,2015-04-18,1222,3661,TRAFF,6,5,7,3711,0,0,0,NA,0,124,VIA CAPRI,RUE ADRIANE,73,N,N,A,-,N,NA,NA,NA,NA,NA,NA,NA,NA,NA,Y,4,0,1,1,A,-,08,22107,NA,N,E,I,A,A,H,-,A,D,0,NA,NA,NA,NA,Y,NA,A,01,0,0,1,0,0,0,0,0,0,-,-,NA,NA,SAN DIEGO,SAN DIEGO,-117.25234594,32.84237768
6903018,2015,2015-05-20,3711,2015-04-24,1800,6366,NA,5,5,7,3711,0,0,0,NA,0,521,J ST,16TH ST,21,W,N,B,-,N,NA,NA,NA,NA,NA,NA,NA,NA,NA,N,4,0,2,2,A,-,04,21703,NA,N,C,C,A,B,H,-,A,D,0,NA,NA,NA,NA,Y,NA,A,01,0,0,2,0,0,0,0,0,0,-,-,NA,NA,SAN DIEGO,SAN DIEGO,-117.14950804,32.70941
6903038,2015,2015-05-20,3711,2015-04-26,1124,63228,NA,7,5,7,3711,0,0,0,NA,0,437,PARADISE VALLEY RD,MEADOWBROOK DR,20,S,N,A,-,N,NA,NA,NA,NA,NA,NA,NA,NA,NA,Y,4,0,1,2,A,-,09,21804,A,N,D,C,A,A,H,-,A,A,0,NA,NA,NA,NA,Y,NA,-,NA,0,0,1,0,0,0,0,0,0,-,-,NA,NA,SAN DIEGO,SAN DIEGO,-117.02590314,32.69747866
6903433,2015,2015-09-26,3709,2015-04-20,1745,0440,NC,1,5,5,3709,0,0,0,NA,0,210,PALM AV,E 15TH ST,17,S,N,A,-,N,NA,NA,NA,NA,NA,NA,NA,NA,NA,Y,4,0,2,2,A,-,09,21801,A,N,D,C,A,A,H,-,A,D,0,NA,NA,NA,NA,Y,NA,A,01,0,0,2,0,0,0,0,0,0,-,-,NA,NA,SAN DIEGO,NATIONAL CITY,-117.08816254,32.67432584
6905135,2015,2015-06-24,3711,2015-05-31,1613,5046,NA,7,5,7,3711,0,0,0,NA,0,627,4TH AV,WASHINGTON ST,29,S,N,A,-,N,NA,NA,NA,NA,NA,NA,NA,NA,NA,Y,4,0,2,4,A,-,03,22350,NA,N,C,C,A,A,H,-,A,D,0,NA,NA,NA,NA,Y,NA,J,48,0,0,2,0,0,0,0,0,0,-,-,NA,NA,SAN DIEGO,SAN DIEGO,-117.16161201,32.74991203
6906817,2015,2017-01-06,9680,2015-04-20,1115,015877,NA,1,1,5,3705,0,1,1,NA,2,082,RT 8,BROADWAY,75,S,N,A,-,Y,SD,11,8,-,-,15.493,R,2,E,N,4,0,1,1,A,-,03,22350,NA,N,E,J,A,A,H,-,A,D,1,NA,NA,NA,NA,Y,NA,A,07,0,0,1,0,0,0,0,0,0,TO,-,32.80584,-116.96204,SAN DIEGO,EL CAJON,-116.96863117,32.80295814
6907160,2015,2015-05-26,3711,2015-04-29,1930,6824,NA,3,5,7,3711,0,0,0,NA,0,521,F ST,11TH AV,10,E,N,A,-,N,NA,NA,NA,NA,NA,NA,NA,NA,NA,N,3,0,1,2,A,-,09,21804,A,N,D,C,A,A,H,-,B,A,0,NA,NA,NA,NA,Y,NA,-,NA,0,1,0,0,0,0,0,0,0,-,-,NA,NA,SAN DIEGO,SAN DIEGO,-117.1546576,32.71364
6907168,2015,2015-06-04,3711,2015-04-28,1325,6571,NA,2,5,7,3711,0,0,0,NA,0,327,MARY LANE DR,63RD ST,200,E,N,A,-,N,NA,NA,NA,NA,NA,NA,NA,NA,NA,N,3,0,1,2,A,-,06,21754,NA,N,B,C,A,A,H,-,A,-,0,NA,NA,NA,NA,Y,NA,-,NA,0,1,0,0,0,0,0,0,0,-,-,NA,NA,SAN DIEGO,SAN DIEGO,-117.06472,32.76991
6907176,2015,2015-05-26,3711,2015-04-28,1820,6880,NA,2,5,7,3711,0,0,0,NA,0,431,EUCLID AV,GUYMON ST,12,S,N,A,-,N,NA,NA,NA,NA,NA,NA,NA,NA,NA,Y,3,0,2,2,A,-,03,22350,NA,N,C,C,A,A,H,-,A,A,0,NA,NA,NA,NA,Y,NA,-,NA,0,1,1,0,0,0,0,0,0,-,-,NA,NA,SAN DIEGO,SAN DIEGO,-117.08504966,32.71235713
6907272,2015,2015-05-14,3711,2015-04-29,0330,6112,NA,3,5,7,3711,0,0,0,NA,0,114,KLEEFELD AV,VALLEJO AV,36,N,N,A,-,N,NA,NA,NA,NA,NA,NA,NA,NA,NA,Y,4,0,1,4,A,-,08,22107,NA,N,B,E,A,A,H,-,C,D,0,NA,NA,NA,NA,Y,Y,-,NA,0,0,1,0,0,0,0,0,0,-,-,NA,NA,SAN DIEGO,SAN DIEGO,-117.1976403,32.82851524
6907645,2015,2015-05-08,3700,2015-04-19,1630,SH2619,NA,7,5,5,3712,0,0,0,NA,0,360,WEST SAN MARCOS BL,GRAND AV,0,NA,Y,A,-,N,NA,NA,NA,NA,NA,NA,NA,NA,NA,Y,4,0,3,3,A,-,12,21453,A,N,D,C,A,A,H,-,A,A,0,NA,NA,NA,NA,Y,NA,A,01,0,0,3,0,0,0,0,0,0,-,-,NA,NA,SAN DIEGO,SAN MARCOS,-117.1790901,33.13723008
6909194,2015,2015-05-26,3701,2015-04-22,0757,5471,118,3,5,5,3701,0,0,0,NA,0,008,RANCHO SANTA FE,LA COSTA AV,135,N,N,A,-,N,NA,NA,NA,NA,NA,NA,NA,NA,NA,Y,4,0,2,2,A,-,03,22350,NA,N,C,C,A,A,H,-,A,A,0,NA,NA,NA,NA,Y,NA,A,01,0,0,2,0,0,0,0,0,0,-,-,33.08183,-117.2367,SAN DIEGO,CARLSBAD,-117.23669079,33.08187544
6910057,2015,2016-06-06,3706,2015-04-14,1004,ES0453,NA,2,5,6,3706,0,0,0,NA,0,043,COUNTRY CLUB LN,NUTMEG ST,33,E,N,A,-,N,NA,NA,NA,NA,NA,NA,NA,NA,NA,N,4,0,1,2,A,-,03,22350,NA,N,C,C,A,A,H,-,A,A,0,NA,NA,NA,NA,Y,NA,A,07,0,0,1,0,0,0,0,0,0,-,-,NA,NA,SAN DIEGO,ESCONDIDO,-117.10918414,33.15729443
6911046,2015,2015-05-19,9650,2015-03-08,2010,17994,NA,7,2,9,3700,0,2,4,NA,2,061,SOUTH MISSION RD,CLEMMENS LN,697,S,N,A,-,N,NA,NA,NA,NA,NA,NA,NA,NA,NA,Y,3,0,3,2,A,-,03,22350,NA,N,D,C,A,A,H,-,D,D,0,NA,NA,NA,NA,Y,Y,A,01,0,3,0,0,0,0,0,0,0,-,-,33.36777,-117.25038,SAN DIEGO,UNINCORPORATED,-117.25035823,33.36750861
6911339,2015,2015-05-16,3711,2015-04-18,1300,3661,TRAFF,6,5,7,3711,0,0,0,NA,0,122,MISSION BAY DR,ROSEWOOD DR,0,NA,Y,A,-,N,NA,NA,NA,NA,NA,NA,NA,NA,NA,N,3,0,1,2,A,-,07,21658,A,M,C,C,A,A,H,-,A,D,0,NA,NA,Y,NA,Y,NA,-,99,0,1,0,0,0,0,0,0,1,-,-,NA,NA,SAN DIEGO,SAN DIEGO,-117.21370006,32.8005701
6911345,2015,2015-05-16,3711,2015-04-30,1019,7024,NA,4,5,7,3711,0,0,0,NA,0,313,LIGHTWAVE AV,KEARNY VILLA RD,3,E,N,A,-,N,NA,NA,NA,NA,NA,NA,NA,NA,NA,N,3,0,1,2,A,-,10,21950,A,N,G,B,B,A,H,-,A,A,0,Y,NA,NA,NA,Y,NA,A,01,0,1,0,0,1,0,0,0,0,-,-,NA,NA,SAN DIEGO,SAN DIEGO,-117.14206182,32.82903554
6911435,2015,2015-05-14,3700,2015-04-10,2139,SH1521,NA,5,5,5,3713,0,0,0,NA,0,315,SOUTH MELROSE DR,BUENA VISTA DR,0,NA,Y,A,-,N,NA,NA,NA,NA,NA,NA,NA,NA,NA,Y,4,0,2,2,A,-,12,21453,A,N,D,C,A,A,H,-,C,A,0,NA,NA,NA,NA,Y,NA,A,01,0,0,2,0,0,0,0,0,0,-,-,NA,NA,SAN DIEGO,VISTA,-117.24737,33.16701007
6917710,2015,2015-05-21,3700,2015-03-24,1932,SH0059,NA,2,5,5,3713,0,0,0,NA,0,308,OLIVE AV,NORTH EMERALD DR,38,E,N,A,-,N,NA,NA,NA,NA,NA,NA,NA,NA,NA,Y,2,0,3,3,A,-,12,21453,A,N,C,C,A,A,H,-,C,A,0,NA,NA,NA,NA,Y,NA,A,01,1,0,2,0,0,0,0,0,0,-,-,NA,NA,SAN DIEGO,VISTA,-117.2793462,33.20480731
6918115,2015,2016-12-10,9650,2015-05-04,0237,16275,NA,1,3,5,3713,0,1,3,NA,2,017,RT 78,VISTA VILLAGE DR,105,W,N,C,-,Y,SD,11,78,-,-,6.18,H,-,W,Y,4,0,1,1,A,-,01,23152,A,N,E,I,A,B,H,-,D,D,1,NA,NA,NA,NA,Y,Y,D,22,0,0,1,0,0,0,0,0,0,-,-,33.19508,-117.25059,SAN DIEGO,VISTA,-117.25037346,33.19501658
6918150,2015,2015-05-29,9650,2015-05-06,0205,19126,NA,3,3,9,3700,0,3,5,NA,2,170,SOUTH SANTA FE AV,POINSETTA AV,45,W,N,A,-,N,NA,NA,NA,NA,NA,NA,NA,NA,NA,Y,3,0,1,1,A,-,01,23152,A,N,E,I,A,A,H,-,D,D,0,NA,NA,NA,NA,Y,Y,D,22,0,1,0,0,0,0,0,0,0,-,-,33.16641,-117.20536,SAN DIEGO,UNINCORPORATED,-117.20553456,33.16612067
6920138,2014,2015-05-28,3700,2014-12-07,1603,SH2405,NA,7,5,5,3781,0,0,0,NA,0,511,MAST BL,CANEJO RD,5,E,N,A,-,N,NA,NA,NA,NA,NA,NA,NA,NA,NA,N,4,0,1,2,A,-,05,21650,1,N,A,G,A,A,H,-,A,D,0,NA,Y,NA,NA,Y,NA,L,04,0,0,1,0,0,0,1,0,0,-,-,NA,NA,SAN DIEGO,SANTEE,-116.97753378,32.85516025
6920730,2015,2016-11-18,9645,2015-04-12,0220,20500,NA,7,3,7,3711,0,1,3,NA,1,004,RT 75,RT 5,528,W,N,A,-,Y,SD,11,75,-,R,22.04,H,-,S,Y,3,0,3,1,A,-,08,22107,NA,F,E,I,A,A,H,-,C,D,4,NA,NA,NA,NA,Y,NA,A,01,0,3,0,0,0,0,0,0,0,-,-,32.69939,-117.14396,SAN DIEGO,SAN DIEGO,-117.14493748,32.69845151
6921377,2015,2015-06-03,3705,2015-05-06,1630,EC0295,NA,3,5,5,3705,0,0,0,NA,0,007,MOLLISON,MADISON,276,N,N,B,-,N,NA,NA,NA,NA,NA,NA,NA,NA,NA,N,3,0,1,2,A,-,08,22107,NA,N,B,G,A,A,H,-,A,D,0,NA,Y,NA,NA,Y,NA,A,01,0,1,0,0,0,0,1,0,0,-,-,NA,NA,SAN DIEGO,EL CAJON,-116.9509761,32.80090585
6921382,2015,2015-06-03,3705,2015-05-01,1242,EC0338,NA,5,5,5,3705,0,0,0,NA,0,009,N 2ND,E MAIN,165,N,N,A,-,N,NA,NA,NA,NA,NA,NA,NA,NA,NA,N,4,0,1,1,A,-,08,22107,NA,N,H,A,A,A,H,-,A,D,0,NA,NA,Y,NA,Y,NA,C,02,0,0,1,0,0,0,0,0,1,-,-,NA,NA,SAN DIEGO,EL CAJON,-116.93575,32.79602187
6921548,2015,2015-06-12,3711,2015-05-02,2034,7112,NA,6,5,7,3711,0,0,0,NA,0,712,BEYER BL,3700 BEYER BL,8,N,N,A,-,N,NA,NA,NA,NA,NA,NA,NA,NA,NA,Y,4,0,1,4,A,-,08,22107,NA,N,B,E,A,A,H,-,C,D,0,NA,NA,NA,NA,Y,Y,-,NA,0,0,1,0,0,0,0,0,0,-,-,NA,NA,SAN DIEGO,SAN DIEGO,NA,NA
6921554,2015,2016-11-10,9645,2015-05-04,0840,15698,NA,1,1,7,3711,0,1,1,NA,2,001,RT 5,RT 15,0,NA,N,B,-,Y,SD,11,5,-,R,12.294,R,2,N,Y,4,0,1,1,A,-,08,22107,NA,N,E,I,A,A,H,-,A,D,1,NA,NA,NA,NA,Y,NA,A,01,0,0,1,0,0,0,0,0,0,TO,-,32.69293,-117.1201,SAN DIEGO,SAN DIEGO,-117.11693486,32.68966862
6922291,2015,2015-06-16,3711,2015-05-04,2110,7276,NA,1,5,7,3711,0,0,0,NA,0,313,CLAIREMONT MESA BL,RUFFNER ST,39,W,N,A,-,N,NA,NA,NA,NA,NA,NA,NA,NA,NA,N,4,0,1,2,A,-,08,22107,NA,N,-,C,A,A,H,-,C,-,0,NA,NA,NA,NA,Y,NA,A,01,0,0,1,0,0,0,0,0,0,-,-,NA,NA,SAN DIEGO,SAN DIEGO,-117.15934653,32.83269819
6922430,2015,2015-06-10,3711,2015-05-02,1104,7288,NA,6,5,7,3711,0,0,0,NA,0,521,IMPERIAL AV,17TH ST,0,NA,Y,-,-,N,NA,NA,NA,NA,NA,NA,NA,NA,NA,Y,4,0,1,2,A,-,09,21801,A,N,A,C,A,-,-,-,-,A,0,NA,NA,NA,NA,Y,NA,-,NA,0,0,1,0,0,0,0,0,0,-,-,NA,NA,SAN DIEGO,SAN DIEGO,-117.14851006,32.70627004
6923539,2015,2017-01-14,9645,2015-09-18,1723,20066,NA,5,2,7,3711,0,1,1,NA,2,027,RT 15,CLAIREMONT MESA BL,1000,S,N,A,-,Y,SD,11,15,-,R,9.73,H,-,N,N,4,0,1,2,A,-,07,21658,A,N,C,C,A,A,H,-,A,D,1,NA,NA,Y,NA,Y,NA,A,01,0,0,1,0,0,0,0,0,1,-,-,32.83221,-117.11905,SAN DIEGO,SAN DIEGO,-117.11782878,32.82999963
6924819,2015,2015-06-03,3702,2015-05-09,1647,CV0982,NA,6,5,6,3702,0,0,0,NA,0,023,EAST NAPLES ST,PACIFIC HILL ST,24,E,N,A,-,N,NA,NA,NA,NA,NA,NA,NA,NA,NA,N,3,0,3,2,A,-,03,22350,NA,N,C,A,A,A,D,H,A,C,0,NA,NA,NA,NA,Y,NA,A,07,0,1,2,0,0,0,0,0,0,-,-,NA,NA,SAN DIEGO,CHULA VISTA,-117.03201341,32.62395906
6924859,2015,2015-06-03,3702,2015-05-08,1715,CV0928,NA,5,5,6,3702,0,0,0,NA,0,042,OLYMPIC PKWY,EAST PALOMAR ST,75,W,N,C,-,N,NA,NA,NA,NA,NA,NA,NA,NA,NA,N,4,0,4,2,A,-,03,22350,NA,N,C,C,A,B,H,-,A,A,0,NA,NA,NA,NA,Y,NA,A,08,0,0,4,0,0,0,0,0,0,-,-,NA,NA,SAN DIEGO,CHULA VISTA,-116.97971164,32.62943392
6924924,2015,2015-06-05,3700,2015-04-12,1126,SH7168,NA,7,5,4,3780,0,0,0,NA,0,415,COMMUNITY RD,CIVIC CENTER DR,0,NA,Y,A,-,N,NA,NA,NA,NA,NA,NA,NA,NA,NA,N,4,0,1,2,A,-,12,21453,A,N,D,C,A,A,H,-,A,A,0,NA,NA,NA,NA,Y,NA,A,01,0,0,1,0,0,0,0,0,0,-,-,NA,NA,SAN DIEGO,POWAY,-117.04076004,32.95456001
6925036,2015,2015-06-04,3711,2015-05-19,2006,6415,NA,2,5,7,3711,0,0,0,NA,0,321,FRIARS RD,SANTO RD,20,E,N,A,-,N,NA,NA,NA,NA,NA,NA,NA,NA,NA,Y,4,0,1,1,A,-,08,22107,NA,N,E,I,A,A,H,-,D,A,0,NA,NA,NA,NA,Y,Y,A,01,0,0,1,0,0,0,0,0,0,-,-,NA,NA,SAN DIEGO,SAN DIEGO,-117.10505917,32.79034099
6925932,2015,2015-06-02,3711,2015-05-01,1815,6252,NA,5,5,7,3711,0,0,0,NA,0,627,5TH AV,WASHINGTON ST,3,N,N,A,-,N,NA,NA,NA,NA,NA,NA,NA,NA,NA,N,4,0,1,2,A,-,10,21950,C,N,G,B,B,A,H,-,A,D,0,Y,NA,NA,NA,Y,NA,A,01,0,0,1,0,1,0,0,0,0,-,-,NA,NA,SAN DIEGO,SAN DIEGO,-117.16083477,32.75000716
6928304,2015,2015-06-03,9680,2015-05-08,0830,015008,NA,5,1,9,3700,0,2,4,NA,1,096,HIGHLAND VALLEY RD,BANDY CANYON RD,8976,E,N,C,-,N,NA,NA,NA,NA,NA,NA,NA,NA,NA,Y,4,0,1,1,A,-,08,22107,NA,N,E,I,A,B,H,-,A,D,0,NA,NA,NA,NA,Y,NA,D,22,0,0,1,0,0,0,0,0,0,-,-,33.06544,-116.98238,SAN DIEGO,UNINCORPORATED,-116.98297137,33.06596209
6928443,2015,2015-06-10,9680,2015-05-09,1405,019490,NA,6,2,9,3700,0,2,4,NA,1,021,MEDINA DR,WILLOW GLEN DR,0,NA,Y,A,-,N,NA,NA,NA,NA,NA,NA,NA,NA,NA,Y,3,0,2,2,A,-,12,21453,A,N,D,C,A,A,H,-,A,A,0,NA,NA,NA,NA,Y,NA,A,01,0,1,1,0,0,0,0,0,0,-,-,32.74558,-116.91688,SAN DIEGO,UNINCORPORATED,-116.91741,32.74535
6928948,2015,2015-06-17,3711,2015-05-13,1645,7056,NA,3,5,7,3711,0,0,0,NA,0,452,SKYLINE  DR,S 65TH ST,0,NA,Y,A,-,N,NA,NA,NA,NA,NA,NA,NA,NA,NA,N,4,0,1,2,A,-,09,21802,A,N,D,C,A,A,H,-,A,D,0,NA,NA,NA,NA,Y,NA,-,NA,0,0,1,0,0,0,0,0,0,-,-,NA,NA,SAN DIEGO,SAN DIEGO,-117.05807006,32.70131011
6929498,2015,2016-12-10,9650,2015-04-25,1640,17263,NA,6,2,5,3712,0,1,3,NA,2,019,RT 78,TWIN OAKS VALLEY RD,500,E,N,C,-,Y,SD,11,78,-,-,13.153,R,2,W,Y,4,0,1,1,A,-,03,22350,NA,N,F,A,A,B,H,-,A,D,1,NA,NA,NA,NA,Y,NA,D,22,0,0,1,0,0,0,0,0,0,TO,-,33.13815,-117.1621,SAN DIEGO,SAN MARCOS,-117.15945967,33.13773781
6932953,2015,2015-06-10,3700,2015-05-06,1640,SH0535,NA,3,5,5,3713,0,0,0,NA,0,305,NORTH MELROSE DR,NORTH DR,100,N,N,B,-,N,NA,NA,NA,NA,NA,NA,NA,NA,NA,Y,4,0,1,2,A,-,09,21801,A,N,D,C,A,A,H,-,A,D,0,NA,NA,NA,NA,Y,NA,A,01,0,0,1,0,0,0,0,0,0,-,-,NA,NA,SAN DIEGO,VISTA,-117.25604779,33.21586211
6932959,2015,2015-06-10,3700,2015-05-09,2353,SH1325,NA,6,5,5,3713,0,0,0,NA,0,314,CIVIC CENTER DR,SOUTH SANTA FE AV,350,N,N,A,-,N,NA,NA,NA,NA,NA,NA,NA,NA,NA,Y,4,0,1,2,A,-,01,23152,A,N,B,C,A,A,H,-,C,A,0,NA,NA,NA,NA,Y,Y,-,NA,0,0,1,0,0,0,0,0,0,-,-,NA,NA,SAN DIEGO,VISTA,-117.2339318,33.19477293
6933010,2015,2015-06-10,3702,2015-04-25,0737,CV0787,NA,6,5,6,3702,0,0,0,NA,0,022,PALOMAR ST,3RD AV,42,E,N,B,-,N,NA,NA,NA,NA,NA,NA,NA,NA,NA,Y,3,0,2,2,A,-,01,23152,A,F,C,C,A,B,H,-,A,A,0,NA,NA,NA,NA,Y,Y,D,22,0,1,1,0,0,0,0,0,0,-,-,NA,NA,SAN DIEGO,CHULA VISTA,-117.06626098,32.60683619
6933025,2015,2015-06-10,3702,2015-04-20,1555,CV1106,NA,1,5,6,3702,0,0,0,NA,0,014,4TH AV,D ST,530,N,N,A,-,N,NA,NA,NA,NA,NA,NA,NA,NA,NA,Y,4,0,1,2,A,-,09,21804,A,N,D,C,A,A,H,-,A,D,0,NA,NA,NA,NA,Y,NA,D,22,0,0,1,0,0,0,0,0,0,-,-,NA,NA,SAN DIEGO,CHULA VISTA,-117.08717314,32.648429899999996
6933788,2015,2016-11-22,9645,2015-05-07,0620,14461,NA,4,1,7,3711,0,1,1,NA,2,007,RT 5,CARMEL MOUNTAIN RD,2112,S,N,A,-,Y,SD,11,5,-,R,31.43,H,-,S,Y,3,0,1,2,A,-,07,21658,A,N,B,C,A,A,H,-,B,D,1,NA,NA,NA,NA,Y,NA,-,-,0,1,0,0,0,0,0,0,0,-,-,32.91501,-117.23086,SAN DIEGO,SAN DIEGO,-117.23022716,32.91395357
6934268,2015,2015-06-17,3711,2015-05-10,1432,6621,SD,7,5,7,3711,0,0,0,NA,0,123,WEST MISSION BAY DR,SEA WORLD DR,550,S,N,A,-,N,NA,NA,NA,NA,NA,NA,NA,NA,NA,Y,3,0,1,2,A,-,03,22350,NA,N,C,C,A,A,-,-,A,A,0,NA,NA,NA,NA,Y,NA,-,NA,0,1,0,0,0,0,0,0,0,-,-,NA,NA,SAN DIEGO,SAN DIEGO,-117.23021,32.76131
6935279,2015,2015-07-23,3711,2015-06-20,1544,6621,SD,6,5,7,3711,0,0,0,NA,0,122,GRAND AV,HAINES ST,4,W,N,A,-,N,NA,NA,NA,NA,NA,NA,NA,NA,NA,NA,4,0,1,3,A,-,03,22350,NA,N,C,C,A,A,H,-,A,A,0,NA,NA,NA,NA,Y,NA,-,NA,0,0,1,0,0,0,0,0,0,-,-,NA,NA,SAN DIEGO,SAN DIEGO,-117.24214257,32.79751729
6935714,2015,2015-06-02,3700,2015-05-06,1503,SH0029,NA,3,5,5,3713,0,0,0,NA,0,308,NORTH EMERALD DR,RAVINE RD,15,S,N,A,-,N,NA,NA,NA,NA,NA,NA,NA,NA,NA,Y,4,0,1,2,A,-,09,21802,A,N,D,C,A,A,H,-,A,D,0,NA,NA,NA,NA,Y,NA,A,01,0,0,1,0,0,0,0,0,0,-,-,NA,NA,SAN DIEGO,VISTA,-117.27954921,33.20217891