CASE_ID,ACCIDENT_YEAR,PROC_DATE,JURIS,COLLISION_DATE,COLLISION_TIME,OFFICER_ID,REPORTING_DISTRICT,DAY_OF_WEEK,CHP_SHIFT,POPULATION,CNTY_CITY_LOC,SPECIAL_COND,BEAT_TYPE,CHP_BEAT_TYPE,CITY_DIVISION_LAPD,CHP_BEAT_CLASS,BEAT_NUMBER,PRIMARY_RD,SECONDARY_RD,DISTANCE,DIRECTION,INTERSECTION,WEATHER_1,WEATHER_2,STATE_HWY_IND,CALTRANS_COUNTY,CALTRANS_DISTRICT,STATE_ROUTE,ROUTE_SUFFIX,POSTMILE_PREFIX,POSTMILE,LOCATION_TYPE,RAMP_INTERSECTION,SIDE_OF_HWY,TOW_AWAY,COLLISION_SEVERITY,NUMBER_KILLED,NUMBER_INJURED,PARTY_COUNT,PRIMARY_COLL_FACTOR,PCF_CODE_OF_VIOL,PCF_VIOL_CATEGORY,PCF_VIOLATION,PCF_VIOL_SUBSECTION,HIT_AND_RUN,TYPE_OF_COLLISION,MVIW,PED_ACTION,ROAD_SURFACE,ROAD_COND_1,ROAD_COND_2,LIGHTING,CONTROL_DEVICE,CHP_ROAD_TYPE,PEDESTRIAN_ACCIDENT,BICYCLE_ACCIDENT,MOTORCYCLE_ACCIDENT,TRUCK_ACCIDENT,NOT_PRIVATE_PROPERTY,ALCOHOL_INVOLVED,STWD_VEHTYPE_AT_FAULT,CHP_VEHTYPE_AT_FAULT,COUNT_SEVERE_INJ,COUNT_VISIBLE_INJ,COUNT_COMPLAINT_PAIN,COUNT_PED_KILLED,COUNT_PED_INJURED,COUNT_BICYCLIST_KILLED,COUNT_BICYCLIST_INJURED,COUNT_MC_KILLED,COUNT_MC_INJURED,PRIMARY_RAMP,SECONDARY_RAMP,LATITUDE,LONGITUDE,COUNTY,CITY,POINT_X,POINT_Y
7133443,2015,2015-12-11,3700,2015-10-18,0111,SH2573,NA,7,5,2,3704,0,0,0,NA,0,293,LUNETA DR,15TH ST,0,NA,Y,C,-,N,NA,NA,NA,NA,NA,NA,NA,NA,NA,N,2,0,1,1,A,-,01,23152,B,N,H,J,A,B,H,-,D,A,0,NA,NA,NA,NA,Y,Y,M,96,1,0,0,0,0,0,0,0,0,-,-,NA,NA,SAN DIEGO,DEL MAR,-117.26414008,32.95994008
7133504,2015,2015-12-11,3700,2015-10-08,1952,SH4791,NA,4,5,5,3782,0,0,0,NA,0,223,N RANCHO SANTA FE RD,EL CAMINIO DEL NORTE,0,NA,Y,A,-,N,NA,NA,NA,NA,NA,NA,NA,NA,NA,Y,4,0,2,2,A,-,12,22450,A,N,D,D,A,A,H,-,C,C,0,NA,NA,NA,NA,Y,NA,A,01,0,0,2,0,0,0,0,0,0,-,-,NA,NA,SAN DIEGO,ENCINITAS,-117.23334003,33.05002006
7133725,2015,2017-02-03,3710,2015-11-26,1630,OC1185,NA,4,5,6,3710,0,0,0,NA,0,009,VISTA WY,RT 78,0,NA,Y,A,-,Y,SD,11,5,-,-,51.061,R,4,S,Y,4,0,2,2,A,-,09,21453,C,N,D,C,A,A,H,-,A,A,0,NA,NA,NA,NA,Y,NA,A,01,0,0,2,0,0,0,0,0,0,-,-,NA,NA,SAN DIEGO,OCEANSIDE,-117.35087642,33.17624288
7135247,2015,2016-01-06,3711,2015-12-23,1915,7343,NA,3,5,7,3711,0,0,0,NA,0,611,ROSECRANS ST,N EVERGREEN ST,400,N,N,A,-,N,NA,NA,NA,NA,NA,NA,NA,NA,NA,N,3,0,1,1,C,-,18,NA,NA,N,E,J,A,A,C,-,C,D,0,NA,NA,NA,NA,Y,NA,-,-,0,1,0,0,0,0,0,0,0,-,-,NA,NA,SAN DIEGO,SAN DIEGO,-117.20828448,32.74780416
7135279,2015,2016-01-06,3711,2015-12-23,0700,6929,NORTH,3,5,7,3711,0,0,0,NA,0,122,GRAND,FANUEL,0,NA,Y,B,-,N,NA,NA,NA,NA,NA,NA,NA,NA,NA,Y,3,0,1,3,A,-,03,22350,NA,N,-,C,A,B,H,-,A,A,0,NA,NA,NA,NA,Y,NA,-,NA,0,1,0,0,0,0,0,0,0,-,-,NA,NA,SAN DIEGO,SAN DIEGO,-117.24580012,32.79672012
7135773,2015,2015-12-14,3701,2015-11-26,1503,5291,57,4,5,5,3701,0,0,0,NA,0,005,COLLEGE BL,FARADAY AV,0,NA,Y,A,-,N,NA,NA,NA,NA,NA,NA,NA,NA,NA,Y,3,0,3,2,A,-,12,21453,A,N,D,C,A,A,H,-,A,A,0,NA,NA,NA,NA,Y,NA,A,07,0,1,2,0,0,0,0,0,0,-,-,33.13552,-117.28499,SAN DIEGO,CARLSBAD,-117.28600002,33.13549004
7137154,2015,2015-12-21,3711,2015-12-07,1541,6532,NA,1,5,7,3711,0,0,0,NA,0,614,EBERS ST,MUIR AV,0,NA,Y,A,-,N,NA,NA,NA,NA,NA,NA,NA,NA,NA,N,4,0,1,2,A,-,09,21801,A,N,A,G,A,A,H,-,A,D,0,NA,Y,NA,NA,Y,NA,-,NA,0,0,1,0,0,0,1,0,0,-,-,NA,NA,SAN DIEGO,SAN DIEGO,-117.24193002,32.74821004
7137165,2015,2016-08-10,3711,2015-12-04,0610,7348,NA,5,5,7,3711,0,0,0,NA,0,934,EL CAMINIO RD,CAMINO REAL,93,W,N,A,-,N,NA,NA,NA,NA,NA,NA,NA,NA,NA,Y,4,0,1,2,A,-,04,21703,NA,N,C,C,A,A,H,-,B,A,0,NA,NA,NA,NA,Y,NA,-,NA,0,0,1,0,0,0,0,0,0,-,-,NA,NA,SAN DIEGO,SAN DIEGO,NA,NA
7138534,2015,2015-12-24,3709,2015-12-12,0653,418,NA,6,5,5,3709,0,0,0,NA,0,024,MILE OF CARS WY,WILSON AV,120,W,N,A,-,N,NA,NA,NA,NA,NA,NA,NA,NA,NA,N,3,0,1,1,A,-,08,22107,NA,N,E,I,A,B,H,-,A,-,0,NA,NA,Y,NA,Y,NA,C,02,0,1,0,0,0,0,0,0,1,-,-,NA,NA,SAN DIEGO,NATIONAL CITY,-117.10687459,32.66040034
7139378,2015,2017-02-03,3700,2015-12-19,2131,SH1725,NA,6,5,5,3712,0,0,0,NA,0,350,WEST SAN MARCOS BL,KNOLL RD,0,NA,Y,C,-,Y,SD,11,78,-,-,12.297,R,4,W,Y,2,0,3,3,A,-,01,23152,A,F,D,C,A,B,H,-,C,A,0,NA,NA,NA,NA,Y,Y,A,07,2,0,1,0,0,0,0,0,0,-,-,NA,NA,SAN DIEGO,SAN MARCOS,-117.1739912,33.13707538
7140494,2015,2015-12-21,3706,2015-12-11,0938,ES0465,NA,5,5,6,3706,0,0,0,NA,0,045,WEST VALLEY PKWY,LA TERRAZA BL,0,NA,Y,C,-,N,NA,NA,NA,NA,NA,NA,NA,NA,NA,Y,4,0,1,2,A,-,03,22350,NA,N,C,C,A,B,H,-,A,A,0,NA,NA,NA,NA,Y,NA,A,01,0,0,1,0,0,0,0,0,0,-,-,NA,NA,SAN DIEGO,ESCONDIDO,-117.09635001,33.11694006
7140502,2015,2015-12-21,3706,2015-12-11,1600,ES0318,NA,5,5,6,3706,0,0,0,NA,0,044,ASH ST,SHERIDAN AV,0,NA,Y,C,-,N,NA,NA,NA,NA,NA,NA,NA,NA,NA,Y,4,0,1,2,A,-,12,22450,A,N,D,C,A,B,H,-,A,A,0,NA,NA,NA,NA,Y,NA,A,01,0,0,1,0,0,0,0,0,0,-,-,NA,NA,SAN DIEGO,ESCONDIDO,-117.08034005,33.14704011
7141607,2015,2016-01-05,3711,2015-12-19,0808,7057,NA,6,5,7,3711,0,0,0,NA,0,437,SOUTH WOODMAN ST,ALCONA ST,2,S,N,A,-,N,NA,NA,NA,NA,NA,NA,NA,NA,NA,Y,4,0,1,5,A,-,08,22107,NA,N,C,E,A,A,H,-,A,D,0,NA,NA,NA,NA,Y,Y,-,NA,0,0,1,0,0,0,0,0,0,-,-,NA,NA,SAN DIEGO,SAN DIEGO,-117.04486629,32.68645551
7141841,2015,2015-12-30,3711,2015-12-14,0117,5600,NA,1,5,7,3711,0,0,0,NA,0,123,MISSION BAY DR,MISSION BAY PARK,247,N,N,A,F,N,NA,NA,NA,NA,NA,NA,NA,NA,NA,Y,2,0,1,1,A,-,08,22107,NA,N,E,I,A,A,H,-,C,D,0,NA,NA,NA,NA,Y,Y,A,01,1,0,0,0,0,0,0,0,0,-,-,NA,NA,SAN DIEGO,SAN DIEGO,-117.21985457,32.81018228
7142108,2015,2015-12-28,3711,2015-12-09,2342,5972,NA,3,5,7,3711,0,0,0,NA,0,524,10TH AV,A ST,192,S,N,A,-,N,NA,NA,NA,NA,NA,NA,NA,NA,NA,Y,3,0,1,2,A,-,08,22107,NA,N,C,E,A,A,H,-,C,D,0,NA,NA,NA,NA,Y,NA,A,01,0,1,0,0,0,0,0,0,0,-,-,NA,NA,SAN DIEGO,SAN DIEGO,-117.15562,32.71833404
7144601,2015,2016-01-05,3711,2015-12-20,2240,7283,SOUTH,7,5,7,3711,0,0,0,NA,0,725,OCEAN VIEW HILLS PKWY,LYNDHURST TER,1056,E,N,A,F,N,NA,NA,NA,NA,NA,NA,NA,NA,NA,Y,3,0,1,2,A,-,03,22350,NA,N,C,C,A,A,H,-,C,A,0,NA,NA,NA,NA,Y,NA,-,NA,0,1,0,0,0,0,0,0,0,-,-,NA,NA,SAN DIEGO,SAN DIEGO,-117.02458367,32.58135954
7144899,2015,2016-01-05,3706,2015-12-19,1829,ES0480,NA,6,5,6,3706,0,0,0,NA,0,041,EL NORTE PKWY,ESCONDIDO BL,0,NA,Y,A,-,N,NA,NA,NA,NA,NA,NA,NA,NA,NA,N,4,0,1,2,A,-,09,21801,A,N,D,C,A,A,H,-,C,D,0,NA,NA,Y,NA,Y,NA,A,01,0,0,1,0,0,0,0,0,1,-,-,NA,NA,SAN DIEGO,ESCONDIDO,-117.09239002,33.13934006
7145014,2015,2016-01-05,3700,2015-11-02,1805,SH7478,NA,1,5,4,3780,0,0,0,NA,0,410,POWAY RD,BOWRON RD,150,E,N,A,-,N,NA,NA,NA,NA,NA,NA,NA,NA,NA,N,3,0,1,2,A,-,03,22350,NA,N,C,C,A,A,H,-,C,A,0,NA,NA,Y,NA,Y,NA,C,02,0,1,0,0,0,0,0,0,1,-,-,NA,NA,SAN DIEGO,POWAY,-117.04461273,32.95655434
7145443,2015,2015-12-30,3706,2015-12-03,0715,ES0380,NA,4,5,6,3706,0,0,0,NA,0,045,CITRACADO PKWY,SCENIC TRAIL WY,1085,W,N,A,-,N,NA,NA,NA,NA,NA,NA,NA,NA,NA,Y,3,0,1,1,A,-,08,22107,NA,N,E,I,A,A,H,-,A,D,0,NA,NA,NA,NA,Y,NA,A,01,0,1,0,0,0,0,0,0,0,-,-,NA,NA,SAN DIEGO,ESCONDIDO,-117.10699413,33.09648473
7146014,2015,2016-01-05,9645,2015-11-21,0123,20867,NA,6,3,7,3711,0,1,1,NA,2,011,RT 805,HOME AV,300,N,N,A,-,Y,NA,NA,805,NA,NA,NA,NA,NA,NA,Y,2,0,2,2,A,-,01,23152,A,N,C,C,A,A,H,-,C,D,0,NA,NA,NA,NA,Y,Y,D,22,1,0,1,0,0,0,0,0,0,-,-,32.72969,-117.10762,SAN DIEGO,SAN DIEGO,-117.10762005,32.72968991
7146502,2015,2016-01-05,3711,2015-12-20,2004,5611,NA,7,5,7,3711,0,0,0,NA,0,243,MIRAMAR RD,KEARNY MESA RD,27,W,N,B,-,N,NA,NA,NA,NA,NA,NA,NA,NA,NA,N,4,0,2,2,A,-,03,22350,NA,M,C,C,A,A,H,-,C,A,0,NA,NA,NA,NA,Y,Y,A,01,0,0,2,0,0,0,0,0,0,-,-,NA,NA,SAN DIEGO,SAN DIEGO,-117.11848643,32.89375235
7146617,2015,2015-12-30,3700,2015-11-21,1718,SH7236,NA,6,5,5,3782,0,0,0,NA,0,211,NORTH VULCAN AV,ANDREW AV,230,S,N,A,-,N,NA,NA,NA,NA,NA,NA,NA,NA,NA,Y,3,0,1,2,A,-,01,23153,B,N,C,C,A,A,H,-,C,D,0,NA,NA,NA,NA,Y,Y,A,01,0,1,0,0,0,0,0,0,0,-,-,NA,NA,SAN DIEGO,ENCINITAS,-117.30700488,33.08039397
7149363,2015,2016-01-06,3711,2015-12-21,1355,7008,SANDI,1,5,7,3711,0,0,0,NA,0,836,MAPLE AV,FAIRMOUNT AV,0,NA,Y,A,-,N,NA,NA,NA,NA,NA,NA,NA,NA,NA,N,4,0,1,2,A,-,10,21950,A,N,G,B,B,A,H,-,A,A,0,Y,NA,NA,NA,Y,NA,-,NA,0,0,1,0,1,0,0,0,0,-,-,NA,NA,SAN DIEGO,SAN DIEGO,-117.10106,32.73336004
7149469,2015,2017-02-03,3703,2015-12-21,1528,1309,NA,1,5,3,3703,0,0,0,NA,0,003,ORANGE AV,9TH ST,0,NA,Y,A,-,Y,SD,11,75,-,-,19.05,I,5,N,N,3,0,1,2,A,-,12,22450,A,N,D,C,A,A,H,-,A,A,0,NA,NA,Y,NA,Y,NA,A,01,0,1,0,0,0,0,0,0,1,-,-,NA,NA,SAN DIEGO,CORONADO,-117.1789561,32.68729714
7149473,2015,2017-02-03,3703,2015-12-27,1020,1309,NA,7,5,3,3703,0,0,0,NA,0,002,ORANGE AV,9TH ST,0,N,N,A,-,Y,SD,11,75,-,-,19.07,H,-,S,N,4,0,1,2,A,-,03,22350,NA,N,C,C,A,A,H,-,A,A,0,NA,NA,NA,NA,Y,NA,A,01,0,0,1,0,0,0,0,0,0,-,-,NA,NA,SAN DIEGO,CORONADO,-117.17898613,32.68763859
7151260,2015,2016-01-14,3711,2015-12-29,1200,7400,DD,2,5,7,3711,0,0,0,NA,0,526,1ST AV,W CEDAR,225,N,N,A,-,N,NA,NA,NA,NA,NA,NA,NA,NA,NA,N,4,0,2,2,A,-,07,21658,A,N,B,C,A,A,H,-,A,A,0,NA,NA,NA,NA,Y,NA,-,NA,0,0,2,0,0,0,0,0,0,-,-,NA,NA,SAN DIEGO,SAN DIEGO,-117.16388956,32.72262583
7156200,2015,2016-01-19,3711,2015-12-28,2050,6394,NA,1,5,7,3711,0,0,0,NA,0,315,QUALCOMM WY,CAMINO DEL RIO N,160,S,N,C,-,N,NA,NA,NA,NA,NA,NA,NA,NA,NA,Y,4,0,1,1,A,-,03,22350,NA,N,F,I,A,B,H,-,C,D,0,NA,NA,NA,NA,Y,NA,D,22,0,0,1,0,0,0,0,0,0,-,-,NA,NA,SAN DIEGO,SAN DIEGO,-117.14009696,32.77158883
7156632,2016,2016-01-20,3706,2016-01-06,2308,ES0476,NA,3,5,6,3706,0,0,0,NA,0,041,NORTH BROADWAY,DOUBLE EAGLE GLEN,130,N,N,C,-,N,NA,NA,NA,NA,NA,NA,NA,NA,NA,Y,4,0,1,1,A,-,01,23152,E,F,E,I,A,B,H,-,C,D,0,NA,NA,NA,NA,Y,NA,A,01,0,0,1,0,0,0,0,0,0,-,-,NA,NA,SAN DIEGO,ESCONDIDO,-117.09128409,33.16610247
7156876,2016,2016-01-20,3709,2016-01-03,1516,479,NATIO,7,5,5,3709,0,0,0,NA,0,024,NATIONAL CITY BL,E 25TH ST,0,NA,N,A,-,N,NA,NA,NA,NA,NA,NA,NA,NA,NA,N,4,0,1,1,A,-,03,22350,NA,N,H,A,A,A,H,-,A,D,0,NA,NA,Y,NA,Y,NA,C,02,0,0,1,0,0,0,0,0,1,-,-,NA,NA,SAN DIEGO,NATIONAL CITY,-117.10121004,32.66114007
7157010,2016,2016-01-22,3711,2016-01-09,0855,6995,NA,6,5,7,3711,0,0,0,NA,0,822,EL CAJON BL,58TH ST,45,E,N,A,-,N,NA,NA,NA,NA,NA,NA,NA,NA,NA,Y,4,0,1,2,A,-,09,21801,A,N,A,C,A,A,H,-,A,D,0,NA,NA,NA,NA,Y,NA,-,NA,0,0,1,0,0,0,0,0,0,-,-,NA,NA,SAN DIEGO,SAN DIEGO,-117.07272776,32.75878735
7157056,2016,2016-01-22,3711,2016-01-08,1920,7104,NA,5,5,7,3711,0,0,0,NA,0,234,BERNARDO HEIGHTS PKWY,BERNARDO HEIGHTS PKWY 15900,0,NA,Y,B,-,N,NA,NA,NA,NA,NA,NA,NA,NA,NA,Y,4,0,1,1,A,-,03,22350,NA,N,A,I,A,A,H,-,C,D,0,NA,NA,NA,NA,Y,NA,A,01,0,0,1,0,0,0,0,0,0,-,-,33.00291,-117.06658,SAN DIEGO,SAN DIEGO,-117.06660032,33.00288568
7157087,2016,2016-01-22,3711,2016-01-10,2000,4892,NA,7,5,7,3711,0,0,0,NA,0,613,CLOVIS ST,MENTONE ST,113,E,N,-,-,N,NA,NA,NA,NA,NA,NA,NA,NA,NA,Y,4,0,1,3,A,-,08,22107,NA,N,-,E,A,A,H,-,C,D,0,NA,NA,NA,NA,Y,Y,-,NA,0,0,1,0,0,0,0,0,0,-,-,NA,NA,SAN DIEGO,SAN DIEGO,-117.23185023,32.75116769
7157440,2016,2016-01-20,3711,2016-01-04,0551,6037,NA,1,5,7,3711,0,0,0,NA,0,443,DIVISION ST,S 40TH ST,24,E,N,B,-,N,NA,NA,NA,NA,NA,NA,NA,NA,NA,Y,3,0,2,2,A,-,00,22801,A,N,D,C,A,B,H,-,C,D,0,NA,NA,NA,NA,Y,NA,-,NA,0,1,1,0,0,0,0,0,0,-,-,NA,NA,SAN DIEGO,SAN DIEGO,-117.10644618,32.6836106
7158451,2016,2016-01-27,3711,2016-01-12,1523,4495,NA,2,5,7,3711,0,0,0,NA,0,529,LAUREL ST,3RD AV,0,NA,Y,A,-,N,NA,NA,NA,NA,NA,NA,NA,NA,NA,N,2,0,1,2,A,-,10,21950,A,N,G,B,B,A,H,-,A,D,0,Y,NA,NA,NA,Y,NA,A,01,1,0,0,0,1,0,0,0,0,-,-,NA,NA,SAN DIEGO,SAN DIEGO,-117.16210006,32.73137002
7158538,2016,2016-01-28,3711,2016-01-17,1525,7390,NA,7,5,7,3711,0,0,0,NA,0,315,FRIARS RD,FRAZEE RD,84,E,N,B,-,N,NA,NA,NA,NA,NA,NA,NA,NA,NA,Y,4,0,1,2,A,-,04,21703,NA,N,C,C,A,A,H,-,C,A,0,NA,NA,Y,NA,Y,NA,A,01,0,0,1,0,0,0,0,0,1,-,-,NA,NA,SAN DIEGO,SAN DIEGO,-117.1571905,32.77275267
7165622,2016,2016-01-25,3711,2016-01-11,1630,3711,EASTE,1,5,7,3711,0,0,0,NA,0,312,SANTO RD,AERO DR,10300,NA,N,A,-,N,NA,NA,NA,NA,NA,NA,NA,NA,NA,Y,4,0,1,2,A,-,12,21453,A,N,D,A,A,A,H,-,B,A,0,NA,NA,NA,NA,Y,NA,-,NA,0,0,1,0,0,0,0,0,0,-,-,NA,NA,SAN DIEGO,SAN DIEGO,-117.10538008,32.80973003
7165629,2016,2016-02-08,3711,2016-01-08,1735,7385,SDPD,5,5,7,3711,0,0,0,NA,0,528,INDIA ST,INDIA ST 2355,0,NA,-,A,-,N,NA,NA,NA,NA,NA,NA,NA,NA,NA,N,3,0,1,1,A,-,00,12500,A,N,H,A,A,A,H,-,C,D,0,NA,NA,NA,NA,Y,NA,-,NA,0,1,0,0,0,0,0,0,0,-,-,NA,NA,SAN DIEGO,SAN DIEGO,-117.17060387,32.72907463
7165634,2016,2016-01-25,3711,2016-01-11,1558,7256,W2,1,5,7,3711,0,0,0,NA,0,614,WEST POINT LOMA BL,W POINT LOMA BL 5150,0,NA,-,B,-,N,NA,NA,NA,NA,NA,NA,NA,NA,NA,N,4,0,1,2,A,-,05,21460,A,N,D,G,A,A,H,-,A,D,0,NA,Y,NA,NA,Y,NA,-,-,0,0,1,0,0,0,1,0,0,-,-,NA,NA,SAN DIEGO,SAN DIEGO,-117.24944562,32.75363937
7165637,2016,2016-01-26,3711,2016-01-12,0556,6963,SD,2,5,7,3711,0,0,0,NA,0,834,UNIVERSITY AV,MARLBOROUGH AV,0,NA,Y,A,-,N,NA,NA,NA,NA,NA,NA,NA,NA,NA,Y,3,0,1,2,A,-,12,21453,A,M,D,C,A,A,H,-,C,A,0,NA,NA,NA,NA,Y,NA,-,NA,0,1,0,0,0,0,0,0,0,-,-,NA,NA,SAN DIEGO,SAN DIEGO,-117.10569,32.74968003
7166005,2015,2016-01-25,3710,2015-12-17,1350,1351,NA,4,5,6,3710,0,0,0,NA,0,006,NORTH COAST HWY,SURFRIDER,68,N,N,A,-,N,NA,NA,NA,NA,NA,NA,NA,NA,NA,N,4,0,2,2,A,-,03,22350,NA,N,C,C,A,A,H,-,A,A,0,NA,NA,NA,NA,Y,NA,A,01,0,0,2,0,0,0,0,0,0,-,-,NA,NA,SAN DIEGO,OCEANSIDE,-117.38251775,33.19944225
7167264,2015,2016-02-02,3702,2015-12-14,1501,CV1031,NA,1,5,6,3702,0,0,0,NA,0,042,EAGLE VALLEY DR,SAN MARINO PL,0,NA,Y,A,-,N,NA,NA,NA,NA,NA,NA,NA,NA,NA,Y,4,0,1,2,A,-,09,21801,A,N,A,D,A,A,H,-,A,D,0,NA,NA,NA,NA,Y,NA,A,07,0,0,1,0,0,0,0,0,0,-,-,NA,NA,SAN DIEGO,CHULA VISTA,-116.96388001,32.66065004
7168311,2016,2016-08-26,3711,2016-01-07,1701,7247,NA,4,5,7,3711,0,0,0,NA,0,311,MURPHY CANYON RD,MURPHY CANYON RD 3366,0,E,N,B,C,N,NA,NA,NA,NA,NA,NA,NA,NA,NA,Y,4,0,1,2,A,-,12,22450,A,N,D,C,A,B,H,-,B,A,0,NA,NA,NA,NA,Y,NA,A,01,0,0,1,0,0,0,0,0,0,-,-,NA,NA,SAN DIEGO,SAN DIEGO,-117.11402893,32.80501129
7170592,2016,2016-01-29,3706,2016-01-22,1720,454,ESCON,5,5,6,3706,0,0,0,NA,0,045,AUTO PARK WY,ROSS DR,85,N,N,A,-,N,NA,NA,NA,NA,NA,NA,NA,NA,NA,N,4,0,1,2,A,-,08,22107,NA,N,B,C,A,A,H,-,C,D,0,NA,NA,Y,NA,Y,Y,A,07,0,0,1,0,0,0,0,0,1,-,-,NA,NA,SAN DIEGO,ESCONDIDO,-117.12193741,33.12685958
7171088,2015,2016-02-05,3702,2015-09-30,1810,CV0986,NA,3,5,6,3702,0,0,0,NA,0,021,BROADWAY AV,CRESTED BUTTE ST,118,N,N,A,-,N,NA,NA,NA,NA,NA,NA,NA,NA,NA,N,2,0,1,2,A,-,05,21650,NA,N,D,G,A,A,H,-,A,D,0,NA,Y,NA,NA,Y,NA,L,04,1,0,0,0,0,0,1,0,0,-,-,NA,NA,SAN DIEGO,CHULA VISTA,-117.08222055,32.61225669
7177232,2016,2016-02-09,3701,2016-01-25,1303,5191,71,1,5,5,3701,0,0,0,NA,0,006,AVENIDA ENCINAS,EMBARCADERO LN S,629,N,N,A,-,N,NA,NA,NA,NA,NA,NA,NA,NA,NA,Y,3,0,2,2,A,-,08,22102,NA,N,D,C,A,A,H,-,A,D,0,NA,NA,NA,NA,Y,NA,A,01,0,1,1,0,0,0,0,0,0,-,-,33.11,-117.31634,SAN DIEGO,CARLSBAD,-117.32015543,33.11175228
7178110,2016,2016-03-04,3711,2016-01-27,1134,5611,NA,3,5,7,3711,0,0,0,NA,0,243,MIRAMAR RD,MIRAMAR RD 9500,26,S,N,B,-,N,NA,NA,NA,NA,NA,NA,NA,NA,NA,Y,4,0,2,3,A,-,08,22107,NA,N,B,C,A,A,H,-,A,D,0,NA,NA,NA,Y,Y,NA,A,01,0,0,2,0,0,0,0,0,0,-,-,NA,NA,SAN DIEGO,SAN DIEGO,NA,NA
7178170,2016,2016-02-11,3711,2016-01-26,1850,3708,NA,2,5,7,3711,0,0,0,NA,0,311,RUFFIN RD,AERO DR,28,S,N,A,-,N,NA,NA,NA,NA,NA,NA,NA,NA,NA,Y,4,0,2,2,A,-,04,21703,NA,N,C,C,A,A,H,-,C,A,0,NA,NA,NA,NA,Y,Y,A,01,0,0,2,0,0,0,0,0,0,-,-,NA,NA,SAN DIEGO,SAN DIEGO,-117.12972912,32.80980385
7178201,2016,2016-02-11,3711,2016-01-26,1457,6318,NA,2,5,7,3711,0,0,0,NA,0,438,PARKSIDE,REDFORD PL,165,E,N,A,-,N,NA,NA,NA,NA,NA,NA,NA,NA,NA,Y,3,0,3,2,A,-,08,22107,NA,N,A,C,A,A,H,-,A,D,0,NA,NA,NA,NA,Y,NA,-,NA,0,1,2,0,0,0,0,0,0,-,-,NA,NA,SAN DIEGO,SAN DIEGO,-117.0568531,32.6661477
7182924,2016,2016-03-28,3711,2016-03-13,1418,7375,NA,7,5,7,3711,0,0,0,NA,0,611,ROSECRANS ST,JARVIS ST,90,N,N,A,-,N,NA,NA,NA,NA,NA,NA,NA,NA,NA,N,4,0,1,2,A,-,08,22100,B,N,D,C,A,A,H,-,A,D,0,NA,NA,NA,NA,Y,NA,-,NA,0,0,1,0,0,0,0,0,0,-,-,NA,NA,SAN DIEGO,SAN DIEGO,-117.2266959,32.72758784
7183436,2015,2016-02-16,3705,2015-10-31,1743,EC0344,NA,6,5,5,3705,0,0,0,NA,0,007,OAKDALE,MAHALO,30,E,N,A,-,N,NA,NA,NA,NA,NA,NA,NA,NA,NA,N,3,0,1,2,A,-,11,21954,A,N,G,B,D,A,H,-,A,D,0,Y,NA,NA,NA,Y,NA,N,60,0,1,0,0,1,0,0,0,0,-,-,NA,NA,SAN DIEGO,EL CAJON,-116.93269014,32.80205866
7184037,2016,2016-02-16,3709,2016-01-29,1619,437,3709,5,5,5,3709,0,0,0,NA,0,023,EAST 18TH ST,K AV,50,W,N,A,-,N,NA,NA,NA,NA,NA,NA,NA,NA,NA,Y,4,0,1,2,A,-,03,22350,NA,N,B,E,A,A,H,-,A,D,0,NA,NA,NA,NA,Y,NA,A,01,0,0,1,0,0,0,0,0,0,-,-,NA,NA,SAN DIEGO,NATIONAL CITY,-117.09243294,32.67030502
7184041,2016,2017-02-10,3709,2016-01-06,1137,458,NA,3,5,5,3709,0,0,0,NA,0,NA,EAST PLAZA BL,RT 805,0,NA,Y,B,-,Y,SD,11,805,-,-,10.456,R,4,N,Y,4,0,1,2,A,-,12,21453,A,N,D,D,A,B,H,-,A,A,0,NA,NA,NA,NA,Y,NA,A,01,0,0,1,0,0,0,0,0,0,-,-,NA,NA,SAN DIEGO,NATIONAL CITY,-117.08562509,32.67944525
7184466,2016,2016-02-18,3711,2016-01-16,1658,6070,NA,6,5,7,3711,0,0,0,NA,0,122,FANUEL ST,EMERALD ST,0,NA,Y,A,-,N,NA,NA,NA,NA,NA,NA,NA,NA,NA,Y,4,0,1,3,A,-,09,21802,A,N,-,C,A,A,H,-,B,D,0,NA,NA,NA,NA,Y,Y,-,NA,0,0,1,0,0,0,0,0,0,-,-,NA,NA,SAN DIEGO,SAN DIEGO,-117.24692013,32.80040005
7184495,2016,2016-02-19,3711,2016-02-09,0656,6379,SANDI,2,5,7,3711,0,0,0,NA,0,115,GENESEE AV,CENTURION SQ,300,N,N,A,-,N,NA,NA,NA,NA,NA,NA,NA,NA,NA,Y,3,0,1,3,A,-,06,21755,NA,N,B,C,A,A,H,-,A,D,0,NA,NA,NA,NA,Y,NA,-,NA,0,1,0,0,0,0,0,0,0,-,-,NA,NA,SAN DIEGO,SAN DIEGO,-117.21032828,32.86162799
7184776,2016,2016-02-23,3710,2016-01-27,1900,OC1185,NA,3,5,6,3710,0,0,0,NA,0,016,MISSION AV,EL CAMINIO REAL BL,0,NA,N,A,-,N,NA,NA,NA,NA,NA,NA,NA,NA,NA,N,4,0,1,2,A,-,21,22106,NA,N,C,C,A,A,H,-,C,A,0,NA,NA,NA,NA,Y,NA,A,07,0,0,1,0,0,0,0,0,0,-,-,NA,NA,SAN DIEGO,OCEANSIDE,-117.33102003,33.22586001
7185639,2016,2016-02-18,3710,2016-01-28,0128,OC1095,NA,4,5,6,3710,0,0,0,NA,0,033,COLLEGE BL,VIA CUPENO,150,S,N,A,-,N,NA,NA,NA,NA,NA,NA,NA,NA,NA,N,4,0,1,2,A,-,07,21658,A,F,B,D,A,A,H,-,C,A,0,NA,NA,NA,NA,Y,NA,A,01,0,0,1,0,0,0,0,0,0,-,-,NA,NA,SAN DIEGO,OCEANSIDE,-117.29094174,33.2465324
7185780,2016,2017-02-10,3710,2016-02-09,0845,OC1059,NA,2,5,6,3710,0,0,0,NA,0,026,EL CAMINO REAL,RT 78,30,N,N,A,-,Y,SD,11,78,-,-,1.637,R,4,W,Y,4,0,1,2,A,-,09,21453,B,N,D,C,A,A,H,-,A,A,0,NA,NA,NA,NA,Y,NA,A,01,0,0,1,0,0,0,0,0,0,-,WF,NA,NA,SAN DIEGO,OCEANSIDE,-117.32460378,33.1822605