CASE_ID,ACCIDENT_YEAR,PROC_DATE,JURIS,COLLISION_DATE,COLLISION_TIME,OFFICER_ID,REPORTING_DISTRICT,DAY_OF_WEEK,CHP_SHIFT,POPULATION,CNTY_CITY_LOC,SPECIAL_COND,BEAT_TYPE,CHP_BEAT_TYPE,CITY_DIVISION_LAPD,CHP_BEAT_CLASS,BEAT_NUMBER,PRIMARY_RD,SECONDARY_RD,DISTANCE,DIRECTION,INTERSECTION,WEATHER_1,WEATHER_2,STATE_HWY_IND,CALTRANS_COUNTY,CALTRANS_DISTRICT,STATE_ROUTE,ROUTE_SUFFIX,POSTMILE_PREFIX,POSTMILE,LOCATION_TYPE,RAMP_INTERSECTION,SIDE_OF_HWY,TOW_AWAY,COLLISION_SEVERITY,NUMBER_KILLED,NUMBER_INJURED,PARTY_COUNT,PRIMARY_COLL_FACTOR,PCF_CODE_OF_VIOL,PCF_VIOL_CATEGORY,PCF_VIOLATION,PCF_VIOL_SUBSECTION,HIT_AND_RUN,TYPE_OF_COLLISION,MVIW,PED_ACTION,ROAD_SURFACE,ROAD_COND_1,ROAD_COND_2,LIGHTING,CONTROL_DEVICE,CHP_ROAD_TYPE,PEDESTRIAN_ACCIDENT,BICYCLE_ACCIDENT,MOTORCYCLE_ACCIDENT,TRUCK_ACCIDENT,NOT_PRIVATE_PROPERTY,ALCOHOL_INVOLVED,STWD_VEHTYPE_AT_FAULT,CHP_VEHTYPE_AT_FAULT,COUNT_SEVERE_INJ,COUNT_VISIBLE_INJ,COUNT_COMPLAINT_PAIN,COUNT_PED_KILLED,COUNT_PED_INJURED,COUNT_BICYCLIST_KILLED,COUNT_BICYCLIST_INJURED,COUNT_MC_KILLED,COUNT_MC_INJURED,PRIMARY_RAMP,SECONDARY_RAMP,LATITUDE,LONGITUDE,COUNTY,CITY,POINT_X,POINT_Y
8764601,2018,2019-02-02,3711,2018-12-17,2030,7612,SD,1,5,7,3711,0,0,0,NA,0,824,EL CAJON BL,ALTADENA,125,W,N,A,-,N,NA,NA,NA,NA,NA,NA,NA,NA,NA,Y,4,0,2,3,A,-,09,21804,A,N,A,C,A,A,H,-,C,D,0,NA,NA,NA,NA,Y,NA,D,22,0,0,2,0,0,0,0,0,0,-,-,NA,NA,SAN DIEGO,SAN DIEGO,-117.08615112304688,32.75688934326172
8764610,2018,2019-01-09,3702,2018-11-18,1156,CV0967,NA,7,5,6,3702,0,0,0,NA,0,031,OTAY LAKES RD,GOTHAM ST,0,NA,Y,A,-,N,NA,NA,NA,NA,NA,NA,NA,NA,NA,Y,2,0,2,2,A,-,12,21453,A,N,D,C,A,A,H,-,A,A,0,NA,NA,Y,NA,Y,NA,A,01,1,0,1,0,0,0,0,0,1,-,-,NA,NA,SAN DIEGO,CHULA VISTA,-116.99420166015624,32.6421012878418
8765477,2018,2019-01-04,3710,2018-10-14,1529,OC1311,003,7,5,6,3710,0,0,0,NA,0,002,SOUTH COAST HWY,MISSOURI AV,0,NA,Y,A,-,N,NA,NA,NA,NA,NA,NA,NA,NA,NA,N,4,0,1,2,A,-,09,21802,A,N,D,C,A,A,H,-,A,A,0,NA,NA,NA,NA,Y,NA,A,01,0,0,1,0,0,0,0,0,0,-,-,NA,NA,SAN DIEGO,OCEANSIDE,-117.37605285644533,33.1917610168457
8765761,2018,2019-01-29,3710,2018-12-06,0423,OC1459,020,4,5,6,3710,0,0,0,NA,0,010,NORTH RIVER RD,HOLLY LN,88,W,N,C,-,N,NA,NA,NA,NA,NA,NA,NA,NA,NA,Y,3,0,2,2,A,-,03,22350,NA,N,A,C,A,B,H,-,C,D,0,NA,NA,NA,NA,Y,NA,A,01,0,1,1,0,0,0,0,0,0,-,-,33.26346969604492,-117.24466705322266,SAN DIEGO,OCEANSIDE,-117.2453842163086,33.263427734375
8769223,2018,2019-02-02,3703,2018-12-26,1609,1120,NA,3,5,3,3703,0,0,0,NA,0,001,1ST ST,E AV,10,W,N,A,-,N,NA,NA,NA,NA,NA,NA,NA,NA,NA,N,4,0,1,2,A,-,03,22350,NA,N,C,C,A,A,H,-,A,A,0,NA,NA,NA,NA,Y,NA,A,07,0,0,1,0,0,0,0,0,0,-,-,NA,NA,SAN DIEGO,CORONADO,-117.17466735839844,32.69974136352539
8769238,2018,2019-01-26,3711,2018-12-23,0914,4323,SDSC,7,5,7,3711,0,0,0,NA,0,503,NORTH HARBOR DR,LEE CT,37,E,N,A,-,N,NA,NA,NA,NA,NA,NA,NA,NA,NA,Y,4,0,1,2,A,-,03,22350,NA,N,C,C,A,A,H,-,A,A,0,NA,NA,NA,NA,Y,NA,A,07,0,0,1,0,0,0,0,0,0,-,-,32.72888946533203,-117.21150207519533,SAN DIEGO,SAN DIEGO,-117.21151733398438,32.728851318359375
8769310,2018,2019-02-01,3702,2018-12-10,2003,CV0935,NA,1,5,6,3702,0,0,0,NA,0,031,EAST H ST,PASEO DEL REY,120,W,N,A,-,N,NA,NA,NA,NA,NA,NA,NA,NA,NA,N,4,0,1,2,A,-,03,22350,NA,N,C,C,A,A,H,-,C,A,0,NA,NA,NA,NA,Y,NA,A,01,0,0,1,0,0,0,0,0,0,-,-,NA,NA,SAN DIEGO,CHULA VISTA,-117.0296630859375,32.63605499267578
8769776,2018,2019-02-15,3711,2018-12-18,0600,7419,CENTR,2,5,7,3711,0,0,0,NA,0,521,16TH AV,IMPERIAL AV,11,N,N,A,-,N,NA,NA,NA,NA,NA,NA,NA,NA,NA,N,3,0,3,2,A,-,12,21453,A,N,D,C,A,A,H,-,B,A,0,NA,NA,NA,NA,Y,NA,A,01,0,2,1,0,0,0,0,0,0,-,-,NA,NA,SAN DIEGO,SAN DIEGO,-117.14945220947266,32.7063102722168
8769866,2018,2019-01-12,3705,2018-11-07,1117,EC0337,NA,3,5,5,3705,0,0,0,NA,0,002,N 1ST,E MADISON,209,N,N,A,-,N,NA,NA,NA,NA,NA,NA,NA,NA,NA,Y,3,0,3,3,A,-,03,22350,NA,N,C,C,A,A,H,-,A,D,0,NA,NA,NA,NA,Y,NA,D,22,0,1,2,0,0,0,0,0,0,-,-,NA,NA,SAN DIEGO,EL CAJON,-116.9446029663086,32.80071258544922
8771683,2018,2019-03-11,3711,2018-12-15,2030,7785,NA,6,5,7,3711,0,0,0,NA,0,624,LOUISIANA ST,MONROE AV,237,N,N,A,-,N,NA,NA,NA,NA,NA,NA,NA,NA,NA,NA,4,0,1,2,A,-,08,22107,NA,N,B,C,A,A,H,-,D,D,0,NA,NA,NA,NA,Y,Y,A,01,0,0,1,0,0,0,0,0,0,-,-,NA,NA,SAN DIEGO,SAN DIEGO,-117.14008331298828,32.75975799560547
8771740,2018,2019-01-29,3711,2018-12-15,1218,6584,SD,6,5,7,3711,0,0,0,NA,0,232,TED WILLIAMS PKWY,ESPRIT AV,42,N,N,A,-,N,NA,NA,NA,NA,NA,NA,NA,NA,NA,Y,3,0,2,3,A,-,12,21453,NA,N,D,C,A,A,H,-,A,A,0,NA,NA,NA,NA,Y,NA,-,NA,0,2,0,0,0,0,0,0,0,-,-,NA,NA,SAN DIEGO,SAN DIEGO,-117.06803131103516,32.97370910644531
8772033,2018,2019-01-11,3700,2018-03-01,0635,SH7477,NA,4,5,4,3720,0,0,0,NA,0,606,SKYLINE DR,DAYTON DR,195,S,N,A,-,N,NA,NA,NA,NA,NA,NA,NA,NA,NA,Y,3,0,1,2,A,-,01,23152,A,N,C,E,A,A,H,-,C,D,0,NA,NA,NA,NA,Y,Y,A,08,0,1,0,0,0,0,0,0,0,-,-,NA,NA,SAN DIEGO,LEMON GROVE,-117.02690887451172,32.72822952270508
8772507,2018,2019-01-16,3711,2018-12-20,1356,7666,SAN D,4,5,7,3711,0,0,0,NA,0,124,TORREY PINES RD,PROSPECT PL,0,NA,Y,A,-,N,NA,NA,NA,NA,NA,NA,NA,NA,NA,N,4,0,1,2,A,-,09,21801,A,N,-,G,A,A,H,-,A,A,0,NA,Y,NA,NA,Y,NA,A,01,0,0,1,0,0,0,1,0,0,-,-,NA,NA,SAN DIEGO,SAN DIEGO,-117.26740264892578,32.84720993041992
8773838,2018,2019-01-22,3702,2018-12-21,0855,CV1172,NA,5,5,6,3702,0,0,0,NA,0,041,OLYMPIC PKWY,BRANDYWINE AV,600,E,N,A,-,N,NA,NA,NA,NA,NA,NA,NA,NA,NA,Y,4,0,1,4,A,-,03,22350,NA,N,C,C,A,A,H,-,A,D,0,NA,NA,NA,Y,Y,NA,F,26,0,0,1,0,0,0,0,0,0,-,-,NA,NA,SAN DIEGO,CHULA VISTA,-117.02613067626952,32.608734130859375
8774337,2018,2019-01-28,3700,2018-12-10,2232,SH1725,NA,1,5,5,3712,0,0,0,NA,0,357,NORTH TWIN OAKS VALLEY DR,E SAN MARCOS BL,0,NA,Y,B,-,N,NA,NA,NA,NA,NA,NA,NA,NA,NA,Y,4,0,3,2,A,-,12,21453,A,N,A,C,A,A,H,-,C,A,0,NA,NA,NA,NA,Y,NA,A,01,0,0,3,0,0,0,0,0,0,-,-,NA,NA,SAN DIEGO,SAN MARCOS,-117.16378784179688,33.14094924926758
8775859,2018,2019-01-26,3705,2018-12-20,2306,EC0365,NA,4,5,5,3705,0,0,0,NA,0,001,JOE CROSSEN,DENNY WY,1150,N,N,A,-,N,NA,NA,NA,NA,NA,NA,NA,NA,NA,Y,4,0,1,1,A,-,03,22350,NA,F,A,I,A,A,H,-,C,D,0,NA,NA,NA,NA,Y,NA,A,01,0,0,1,0,0,0,0,0,0,-,-,NA,NA,SAN DIEGO,EL CAJON,-116.96975827,32.8237017
8775862,2018,2019-01-28,3711,2018-12-26,1835,7192,NA,3,5,7,3711,0,0,0,NA,0,511,NEWTON AV,S EVANS ST,100,W,N,A,-,N,NA,NA,NA,NA,NA,NA,NA,NA,NA,N,3,0,1,2,A,-,21,22106,NA,N,G,B,D,A,H,-,C,D,0,Y,NA,NA,NA,Y,NA,-,NA,0,1,0,0,1,0,0,0,0,-,-,NA,NA,SAN DIEGO,SAN DIEGO,-117.1427993774414,32.69771957397461
8775891,2018,2019-02-14,3711,2018-12-25,1315,7818,NA,2,5,7,3711,0,0,0,NA,0,451,SOUTH 47TH ST,T ST,125,S,N,B,C,N,NA,NA,NA,NA,NA,NA,NA,NA,NA,N,4,0,1,2,A,-,03,22350,NA,M,C,C,A,B,H,-,A,D,0,NA,NA,NA,NA,Y,NA,-,NA,0,0,1,0,0,0,0,0,0,-,-,NA,NA,SAN DIEGO,SAN DIEGO,-117.09371948242188,32.69826889038086
8777435,2018,2019-01-23,3701,2018-11-21,2142,CB5505,NA,3,5,5,3701,0,0,0,NA,0,NA,LA COSTA AV,RANCHO SANTA FE RD,0,NA,N,A,-,N,NA,NA,NA,NA,NA,NA,NA,NA,NA,Y,3,0,1,2,A,-,03,22350,NA,N,C,C,A,A,H,-,C,A,0,NA,NA,NA,NA,Y,NA,A,01,0,1,0,0,0,0,0,0,0,-,-,NA,NA,SAN DIEGO,CARLSBAD,-117.23696899414063,33.08158874511719
8777841,2019,2019-02-07,3711,2019-01-02,1854,8192,NA,3,5,7,3711,0,0,0,NA,0,832,ORANGE AV,43RD ST,0,NA,Y,B,-,N,NA,NA,NA,NA,NA,NA,NA,NA,NA,N,4,0,2,2,A,-,12,21453,A,N,D,C,A,A,H,-,C,A,0,NA,NA,NA,NA,Y,NA,A,07,0,0,2,0,0,0,0,0,0,-,-,NA,NA,SAN DIEGO,SAN DIEGO,-117.1019287109375,32.753170013427734
8777853,2019,2019-02-07,3711,2019-01-08,1425,6834,NA,2,5,7,3711,0,0,0,NA,0,931,MIRAMAR RD,MIRAMAR RD  6000,0,NA,Y,A,-,N,NA,NA,NA,NA,NA,NA,NA,NA,NA,Y,4,0,2,3,A,-,03,22350,NA,N,C,C,A,A,H,-,A,A,0,NA,NA,NA,NA,Y,NA,-,NA,0,0,2,0,0,0,0,0,0,-,-,NA,NA,SAN DIEGO,SAN DIEGO,NA,NA
8778005,2019,2019-02-05,3711,2019-01-14,0645,5662,NA,1,5,7,3711,0,0,0,NA,0,931,MIRAMAR RD,MIRAMAR PL,615,E,N,B,-,N,NA,NA,NA,NA,NA,NA,NA,NA,NA,Y,4,0,1,2,A,-,03,22350,NA,N,C,C,A,A,H,-,A,D,0,NA,NA,NA,NA,Y,NA,I,11,0,0,1,0,0,0,0,0,0,-,-,NA,NA,SAN DIEGO,SAN DIEGO,-117.17642211914063,32.877925872802734
8778178,2019,2019-04-03,3711,2019-01-10,1556,5923,SDPD,4,5,7,3711,0,0,0,NA,0,627,1ST AV,W MONTECITO WY,0,NA,Y,A,-,N,NA,NA,NA,NA,NA,NA,NA,NA,NA,N,4,0,1,2,A,-,21,22106,NA,N,D,C,A,A,H,-,A,D,0,NA,NA,NA,NA,Y,NA,-,NA,0,0,1,0,0,0,0,0,0,-,-,NA,NA,SAN DIEGO,SAN DIEGO,-117.16414642333984,32.75284957885742
8778580,2019,2019-02-04,3711,2019-01-15,0658,7628,NA,2,5,7,3711,0,0,0,NA,0,444,41ST ST,F ST,10,S,N,C,-,N,NA,NA,NA,NA,NA,NA,NA,NA,NA,Y,4,0,2,2,A,-,09,21803,A,N,D,C,A,B,H,-,A,A,0,NA,NA,NA,Y,Y,NA,F,21,0,0,2,0,0,0,0,0,0,-,-,NA,NA,SAN DIEGO,SAN DIEGO,-117.10652923583984,32.71341323852539
8779293,2019,2019-02-15,3709,2019-01-23,0723,NC0510,NA,3,5,5,3709,0,0,0,NA,0,024,D AV,EAST 24TH ST,0,NA,Y,A,-,N,NA,NA,NA,NA,NA,NA,NA,NA,NA,N,4,0,2,3,A,-,10,21950,A,N,G,B,B,A,H,-,A,A,0,Y,NA,NA,NA,Y,NA,D,22,0,0,2,0,2,0,0,0,0,-,-,NA,NA,SAN DIEGO,NATIONAL CITY,-117.09744262695313,32.66318893432617
8779751,2017,2019-01-11,3700,2017-11-06,1010,SH3324,NA,1,5,4,3720,0,0,0,NA,0,602,MASSACHUSETTS AV,BROADWAY,100,S,N,A,-,N,NA,NA,NA,NA,NA,NA,NA,NA,NA,N,4,0,1,2,A,-,08,22107,NA,N,B,C,A,A,H,-,A,D,0,NA,NA,NA,NA,Y,NA,A,01,0,0,1,0,0,0,0,0,0,-,-,NA,NA,SAN DIEGO,LEMON GROVE,-117.04286,32.7423461
8779953,2018,2019-01-31,3705,2018-12-17,0533,EC0361,NA,1,5,5,3705,0,0,0,NA,0,004,MOLLISON AV,MAIN ST,0,NA,Y,A,-,N,NA,NA,NA,NA,NA,NA,NA,NA,NA,Y,4,0,2,2,A,-,12,21453,A,N,D,C,A,A,H,-,B,A,0,NA,NA,NA,NA,Y,NA,A,01,0,0,2,0,0,0,0,0,0,-,-,NA,NA,SAN DIEGO,EL CAJON,-116.95098114013672,32.79494857788086
8780490,2018,2019-01-30,3711,2018-12-27,1725,7770,SD,4,5,7,3711,0,0,0,NA,0,833,UNIVERSITY AV,CHAMOUNE AV,0,NA,Y,A,-,N,NA,NA,NA,NA,NA,NA,NA,NA,NA,N,3,0,1,2,A,-,00,21235,D,N,D,C,A,A,H,-,C,D,0,NA,NA,Y,NA,Y,NA,C,03,0,1,0,0,0,0,0,0,1,-,-,NA,NA,SAN DIEGO,SAN DIEGO,-117.09658050537108,32.74959945678711
8783781,2019,2019-02-02,3711,2019-01-10,1510,7595,NA,4,5,7,3711,0,0,0,NA,0,813,ADAMS AV,30TH ST,40,E,N,A,-,N,NA,NA,NA,NA,NA,NA,NA,NA,NA,Y,4,0,1,2,A,-,09,21801,A,N,A,C,A,A,B,-,A,A,0,NA,NA,NA,NA,Y,Y,A,01,0,0,1,0,0,0,0,0,0,-,-,NA,NA,SAN DIEGO,SAN DIEGO,-117.13007354736328,32.76287841796875
8784353,2019,2019-02-26,3711,2019-01-27,2127,SD4310,NA,7,5,7,3711,0,0,0,NA,0,242,MONTONGO ST,MONTONGO ST 11100,1584,S,N,A,-,N,NA,NA,NA,NA,NA,NA,NA,NA,NA,Y,4,0,1,2,A,-,08,22107,NA,N,E,J,A,A,H,-,D,D,0,NA,NA,NA,NA,Y,NA,A,01,0,0,1,0,0,0,0,0,0,-,-,NA,NA,SAN DIEGO,SAN DIEGO,NA,NA
8784957,2019,2019-04-16,3711,2019-02-02,1717,SD4310,NA,6,5,7,3711,0,0,0,NA,0,524,11TH AV,B ST,0,NA,Y,C,-,N,NA,NA,NA,NA,NA,NA,NA,NA,NA,N,3,0,1,2,A,-,10,21950,A,M,G,B,B,B,H,-,C,A,0,Y,NA,NA,NA,Y,NA,-,99,0,1,0,0,1,0,0,0,0,-,-,NA,NA,SAN DIEGO,SAN DIEGO,-117.15473175048828,32.717830657958984
8785636,2019,2019-02-01,3706,2019-01-01,2328,515,ESCON,2,5,6,3706,0,0,0,NA,0,045,CENTRE CITY PKWY,VALLEY PKWY,0,NA,Y,A,-,N,NA,NA,NA,NA,NA,NA,NA,NA,NA,Y,3,0,1,1,A,-,01,23152,A,N,E,I,A,A,H,-,C,D,0,NA,NA,NA,NA,Y,Y,A,01,0,1,0,0,0,0,0,0,0,-,-,33.12004852294922,-117.08724975585938,SAN DIEGO,ESCONDIDO,-117.08737182617188,33.11996078491211
8786600,2018,2019-02-07,3700,2018-11-03,1829,SH0601,NA,6,5,5,3782,0,0,0,NA,0,224,ENCINITAS BL,TURNER AV,0,NA,Y,A,-,N,NA,NA,NA,NA,NA,NA,NA,NA,NA,Y,4,0,1,1,A,-,08,22107,NA,N,E,I,A,A,H,-,C,D,0,NA,NA,NA,NA,Y,NA,A,01,0,0,1,0,0,0,0,0,0,-,-,NA,NA,SAN DIEGO,ENCINITAS,-117.25499725341795,33.04574966430664
8787508,2018,2019-02-15,3710,2018-12-17,1445,OC1001,3710,1,5,6,3710,0,0,0,NA,0,004,RT 76,RT 5,185,E,N,A,-,Y,SD,11,76,-,R,0.04,H,-,W,Y,4,0,2,3,A,-,21,22106,NA,N,D,C,A,A,H,-,A,A,0,NA,NA,NA,NA,Y,NA,A,01,0,0,2,0,0,0,0,0,0,-,NO,NA,NA,SAN DIEGO,OCEANSIDE,-117.38309478759766,33.2054443359375
8787585,2019,2019-03-05,3709,2019-01-02,1657,NC0495,NA,3,5,5,3709,0,0,0,NA,0,021,PARADISE VALLEY RD,EAST 8TH ST,0,NA,Y,A,-,N,NA,NA,NA,NA,NA,NA,NA,NA,NA,Y,4,0,2,2,A,-,12,21453,A,N,D,C,A,A,H,-,B,A,0,NA,NA,NA,NA,Y,NA,A,01,0,0,2,0,0,0,0,0,0,-,-,NA,NA,SAN DIEGO,NATIONAL CITY,-117.07076263427734,32.68600845336914
8787888,2019,2019-02-02,3702,2019-01-07,0925,CV1231,NA,1,5,6,3702,0,0,0,NA,0,013,K ST,3RD AV,88,W,N,A,-,N,NA,NA,NA,NA,NA,NA,NA,NA,NA,Y,4,0,1,2,A,-,08,22107,NA,N,D,E,A,A,H,-,A,D,0,NA,NA,NA,NA,Y,NA,A,01,0,0,1,0,0,0,0,0,0,-,-,NA,NA,SAN DIEGO,CHULA VISTA,-117.07341003417967,32.623966217041016
8787915,2018,2019-01-28,3702,2018-12-31,2005,CV1166,NA,1,5,6,3702,0,0,0,NA,0,022,TOBIAS DR,PLYMOUTH CT,48,N,N,C,-,N,NA,NA,NA,NA,NA,NA,NA,NA,NA,Y,4,0,1,2,A,-,01,23152,A,N,B,E,A,B,H,-,C,D,0,NA,NA,NA,NA,Y,Y,A,08,0,0,1,0,0,0,0,0,0,-,-,NA,NA,SAN DIEGO,CHULA VISTA,-117.05543518066406,32.60771179199219
8788552,2019,2019-02-02,3710,2019-01-04,0638,OC1358,18,5,5,6,3710,0,0,0,NA,0,010,REDONDO DR,LUNA,120,S,N,A,-,N,NA,NA,NA,NA,NA,NA,NA,NA,NA,Y,4,0,1,2,A,-,03,22350,NA,N,B,E,A,A,H,-,A,D,0,NA,NA,NA,NA,Y,NA,A,01,0,0,1,0,0,0,0,0,0,-,-,NA,NA,SAN DIEGO,OCEANSIDE,-117.3020477294922,33.24992752075195
8789067,2019,2019-02-05,3711,2019-01-14,0151,7233,NA,1,5,7,3711,0,0,0,NA,0,835,FAIRMOUNT AV,LAUREL ST,200,N,N,B,-,N,NA,NA,NA,NA,NA,NA,NA,NA,NA,N,4,0,1,4,A,-,08,22107,NA,N,C,E,A,A,H,-,C,D,0,NA,NA,NA,NA,Y,NA,A,07,0,0,1,0,0,0,0,0,0,-,-,NA,NA,SAN DIEGO,SAN DIEGO,-117.10108184814452,32.73198699951172
8789113,2019,2019-02-04,3700,2019-01-15,1855,SH3079,NA,2,5,5,3713,0,0,0,NA,0,306,EAST BOBIER DR,GOODWIN DR,0,NA,Y,C,-,N,NA,NA,NA,NA,NA,NA,NA,NA,NA,Y,4,0,3,2,A,-,09,21801,A,N,D,C,A,B,H,-,C,D,0,NA,NA,NA,NA,Y,NA,A,01,0,0,3,0,0,0,0,0,0,-,-,NA,NA,SAN DIEGO,VISTA,-117.24256134033205,33.22135925292969
8789286,2019,2019-02-08,3711,2019-01-04,0902,5700,NA,5,5,7,3711,0,0,0,NA,0,437,S MEADOWBROOK DR,S MEADOWBROOK DR 400,0,NA,-,A,-,N,NA,NA,NA,NA,NA,NA,NA,NA,NA,Y,4,0,1,3,A,-,08,22107,NA,N,B,E,A,A,H,-,A,D,0,NA,NA,NA,NA,Y,NA,A,07,0,0,1,0,0,0,0,0,0,-,-,NA,NA,SAN DIEGO,SAN DIEGO,NA,NA
8789396,2019,2019-02-04,3710,2019-01-19,1430,OC1203,001,6,5,6,3710,0,0,0,NA,0,001,S HARBOR DR,NORTH PACIFIC ST,0,NA,Y,A,-,N,NA,NA,NA,NA,NA,NA,NA,NA,NA,N,3,0,1,2,A,-,10,21950,A,N,G,B,B,A,H,-,A,A,0,Y,NA,NA,NA,Y,NA,A,01,0,1,0,0,1,0,0,0,0,-,-,33.20412063598633,-117.39019012451172,SAN DIEGO,OCEANSIDE,-117.3915786743164,33.20322036743164
8789468,2019,2019-02-12,3711,2019-01-24,2105,7478,NA,4,5,7,3711,0,0,0,NA,0,621,LINDA VISTA RD,VIA LOS CUMBRES,324,N,N,A,-,N,NA,NA,NA,NA,NA,NA,NA,NA,NA,N,3,0,1,2,A,-,08,22107,NA,N,D,G,A,A,H,-,D,A,0,NA,Y,NA,NA,Y,NA,L,04,0,1,0,0,0,0,1,0,0,-,-,NA,NA,SAN DIEGO,SAN DIEGO,-117.18141174316406,32.772483825683594
8789564,2019,2019-02-07,3711,2019-01-11,1300,7680,NA,5,5,7,3711,0,0,0,NA,0,931,WAPLES ST,SEQUENCE DR,0,NA,Y,A,-,N,NA,NA,NA,NA,NA,NA,NA,NA,NA,NA,3,0,1,2,A,-,03,22350,NA,N,F,E,A,A,H,-,A,A,0,NA,NA,NA,NA,Y,NA,-,-,0,1,0,0,0,0,0,0,0,-,-,NA,NA,SAN DIEGO,SAN DIEGO,NA,NA
8789739,2018,2019-02-08,3700,2018-12-19,1123,SH7690,NA,3,5,4,3780,0,0,0,NA,0,406,FIDDLETOWN RD,DERRINGER RD,95,W,N,A,-,N,NA,NA,NA,NA,NA,NA,NA,NA,NA,N,3,0,1,2,A,-,08,22107,NA,N,B,E,A,A,H,-,A,D,0,NA,NA,NA,NA,Y,NA,A,01,0,1,0,0,0,0,0,0,0,-,-,NA,NA,SAN DIEGO,POWAY,-117.02667236328124,32.982357025146484
8791045,2019,2019-02-06,3706,2019-01-20,1004,322,ESCON,7,5,6,3706,0,0,0,NA,0,042,FIG ST,MISSION AV,196,S,N,B,-,N,NA,NA,NA,NA,NA,NA,NA,NA,NA,N,4,0,2,2,A,-,09,21804,A,N,D,C,A,A,H,-,A,D,0,NA,NA,NA,NA,Y,NA,D,22,0,0,2,0,0,0,0,0,0,-,-,33.13291931152344,-117.07733154296876,SAN DIEGO,ESCONDIDO,-117.07703399658205,33.13237762451172
8791174,2019,2019-02-04,3706,2019-01-22,0703,424,ESCON,2,5,6,3706,0,0,0,NA,0,042,MISSION AV,CEDAR ST,477,W,N,A,-,N,NA,NA,NA,NA,NA,NA,NA,NA,NA,N,3,0,1,1,A,-,03,22350,NA,N,H,A,A,A,H,-,A,D,0,NA,NA,Y,NA,Y,NA,C,02,0,1,0,0,0,0,0,0,1,-,-,33.13473129272461,-117.07340240478516,SAN DIEGO,ESCONDIDO,-117.07466888427734,33.134056091308594
8793659,2019,2019-03-05,3711,2019-02-06,0846,SD5654,NA,3,5,7,3711,0,0,0,NA,0,614,EBERS ST,DEL MAR AV,27,S,N,A,-,N,NA,NA,NA,NA,NA,NA,NA,NA,NA,N,4,0,1,2,A,-,12,22450,A,N,D,C,A,A,H,-,A,A,0,NA,NA,NA,NA,Y,NA,A,01,0,0,1,0,0,0,0,0,0,-,-,NA,NA,SAN DIEGO,SAN DIEGO,-117.25025939941406,32.73855209350586
8793667,2019,2019-03-19,3711,2019-02-01,0714,6334,NA,5,5,7,3711,0,0,0,NA,0,445,47TH ST,MARKET ST,40,S,N,A,-,N,NA,NA,NA,NA,NA,NA,NA,NA,NA,N,4,0,1,2,A,-,04,21703,NA,N,C,C,A,B,H,-,A,D,0,NA,NA,NA,NA,Y,NA,I,20,0,0,1,0,0,0,0,0,0,-,-,NA,NA,SAN DIEGO,SAN DIEGO,-117.09360504150392,32.71131896972656
8793675,2019,2019-03-05,3711,2019-02-08,1306,SD7815,NA,5,5,7,3711,0,0,0,NA,0,526,1ST AV,W BEACH,0,NA,Y,A,-,N,NA,NA,NA,NA,NA,NA,NA,NA,NA,N,4,0,1,2,A,-,12,21453,A,N,D,C,A,A,H,-,A,A,0,NA,NA,NA,NA,Y,NA,D,22,0,0,1,0,0,0,0,0,0,-,-,NA,NA,SAN DIEGO,SAN DIEGO,-117.16385650634766,32.72090148925781
8794238,2019,2019-03-08,3700,2019-01-26,2030,SH1725,NA,6,5,5,3712,0,0,0,NA,0,356,N RANCHO SANTA FE RD,RT 78,0,NA,Y,A,-,Y,SD,11,78,-,-,10.451,R,4,E,Y,4,0,2,2,A,-,12,21453,A,N,D,C,A,A,H,-,C,A,0,NA,NA,NA,NA,Y,NA,-,-,0,0,2,0,0,0,0,0,0,-,EF,NA,NA,SAN DIEGO,SAN MARCOS,-117.20021057128906,33.15162658691406
8794275,2018,2019-02-15,3705,2018-12-21,1246,EC0337,NA,5,5,5,3705,0,0,0,NA,0,001,N JOHNSON,RT 8,0,NA,Y,A,-,Y,SD,11,8,-,-,15.14,R,4,E,Y,4,0,1,2,A,-,12,21453,A,N,D,C,A,A,H,-,A,A,0,NA,NA,NA,NA,Y,NA,A,01,0,0,1,0,0,0,0,0,0,-,EF,NA,NA,SAN DIEGO,EL CAJON,-116.97335815429688,32.8018913269043
8794555,2018,2019-02-14,3700,2018-06-16,1759,SH7790,NA,6,5,5,3781,0,0,0,NA,0,511,MAST BL,PARK CENTER DR,0,NA,Y,A,-,N,NA,NA,NA,NA,NA,NA,NA,NA,NA,Y,3,0,1,2,A,-,03,22350,NA,N,C,C,A,A,H,-,A,A,0,NA,NA,Y,NA,Y,NA,C,02,0,1,0,0,0,0,0,0,1,-,-,NA,NA,SAN DIEGO,SANTEE,-116.97534942626952,32.85512161254883
8794870,2019,2019-02-06,3711,2019-01-26,1158,SD7669,NA,6,5,7,3711,0,0,0,NA,0,311,MONARCH ST,FAIRBANKS AV,0,NA,Y,A,-,N,NA,NA,NA,NA,NA,NA,NA,NA,NA,N,3,0,1,1,A,-,08,22107,NA,N,A,I,A,A,H,-,A,D,0,NA,NA,NA,NA,Y,Y,A,01,0,1,0,0,0,0,0,0,0,-,-,NA,NA,SAN DIEGO,SAN DIEGO,-117.1245574951172,32.80044937133789
8796633,2018,2019-03-06,3708,2018-11-20,1241,LM1266,NA,2,5,5,3708,0,0,0,NA,0,003,LAKE MURRAY BL,CONNECTICUT AV,378,N,N,A,-,N,NA,NA,NA,NA,NA,NA,NA,NA,NA,N,4,0,1,2,A,-,09,21804,A,N,D,C,A,A,H,-,A,D,0,NA,NA,NA,NA,Y,NA,A,07,0,0,1,0,0,0,0,0,0,-,-,NA,NA,SAN DIEGO,LA MESA,-117.044677734375,32.77598190307617