CASE_ID,ACCIDENT_YEAR,PROC_DATE,JURIS,COLLISION_DATE,COLLISION_TIME,OFFICER_ID,REPORTING_DISTRICT,DAY_OF_WEEK,CHP_SHIFT,POPULATION,CNTY_CITY_LOC,SPECIAL_COND,BEAT_TYPE,CHP_BEAT_TYPE,CITY_DIVISION_LAPD,CHP_BEAT_CLASS,BEAT_NUMBER,PRIMARY_RD,SECONDARY_RD,DISTANCE,DIRECTION,INTERSECTION,WEATHER_1,WEATHER_2,STATE_HWY_IND,CALTRANS_COUNTY,CALTRANS_DISTRICT,STATE_ROUTE,ROUTE_SUFFIX,POSTMILE_PREFIX,POSTMILE,LOCATION_TYPE,RAMP_INTERSECTION,SIDE_OF_HWY,TOW_AWAY,COLLISION_SEVERITY,NUMBER_KILLED,NUMBER_INJURED,PARTY_COUNT,PRIMARY_COLL_FACTOR,PCF_CODE_OF_VIOL,PCF_VIOL_CATEGORY,PCF_VIOLATION,PCF_VIOL_SUBSECTION,HIT_AND_RUN,TYPE_OF_COLLISION,MVIW,PED_ACTION,ROAD_SURFACE,ROAD_COND_1,ROAD_COND_2,LIGHTING,CONTROL_DEVICE,CHP_ROAD_TYPE,PEDESTRIAN_ACCIDENT,BICYCLE_ACCIDENT,MOTORCYCLE_ACCIDENT,TRUCK_ACCIDENT,NOT_PRIVATE_PROPERTY,ALCOHOL_INVOLVED,STWD_VEHTYPE_AT_FAULT,CHP_VEHTYPE_AT_FAULT,COUNT_SEVERE_INJ,COUNT_VISIBLE_INJ,COUNT_COMPLAINT_PAIN,COUNT_PED_KILLED,COUNT_PED_INJURED,COUNT_BICYCLIST_KILLED,COUNT_BICYCLIST_INJURED,COUNT_MC_KILLED,COUNT_MC_INJURED,PRIMARY_RAMP,SECONDARY_RAMP,LATITUDE,LONGITUDE,COUNTY,CITY,POINT_X,POINT_Y
8797444,2018,2019-02-08,3705,2018-12-21,1745,EC0337,NA,5,5,5,3705,0,0,0,NA,0,003,E MAIN,SHADY LN,1,E,N,A,-,N,NA,NA,NA,NA,NA,NA,NA,NA,NA,N,3,0,1,2,A,-,09,21804,A,N,D,G,A,A,H,-,C,D,0,NA,Y,NA,NA,Y,NA,L,04,0,1,0,0,0,0,1,0,0,-,-,NA,NA,SAN DIEGO,EL CAJON,-116.93797302246094,32.79494094848633
8797765,2019,2019-02-11,3705,2019-01-21,1658,EC0324,NA,1,5,5,3705,0,0,0,NA,0,003,MAIN,OAKDALE,51,S,N,A,-,N,NA,NA,NA,NA,NA,NA,NA,NA,NA,N,4,0,1,2,A,-,22,23123,A,N,C,C,A,A,H,-,A,A,0,NA,NA,NA,NA,Y,NA,A,01,0,0,1,0,0,0,0,0,0,-,-,NA,NA,SAN DIEGO,EL CAJON,-116.92867279052734,32.80195617675781
8798536,2019,2019-05-23,3700,2019-01-22,0730,SH7790,NA,2,5,5,3781,0,0,0,NA,0,516,MISSION GORGE RD,RT 125,0,NA,Y,A,-,Y,SD,11,125,-,-,22.301,I,5,N,N,4,0,1,2,A,-,08,22107,NA,N,D,C,A,A,H,-,A,A,0,NA,NA,NA,NA,Y,NA,A,01,0,0,1,0,0,0,0,0,0,-,-,NA,NA,SAN DIEGO,SANTEE,-117.00318145751952,32.83859634399414
8799168,2018,2019-02-22,3700,2018-05-14,1233,SH5656,NA,1,5,5,3781,0,0,0,NA,0,518,CUYAMACA ST,MISSION GORGE RD,0,NA,Y,A,-,N,NA,NA,NA,NA,NA,NA,NA,NA,NA,N,4,0,1,2,A,-,09,21453,C,N,D,C,A,A,H,-,A,A,0,NA,NA,NA,NA,Y,NA,A,01,0,0,1,0,0,0,0,0,0,-,-,NA,NA,SAN DIEGO,SANTEE,-116.98387908935548,32.83876037597656
8800080,2019,2019-02-19,3705,2019-01-04,1731,EC0337,NA,5,5,5,3705,0,0,0,NA,0,001,W WASHINGTON,LEMON,0,NA,Y,A,-,N,NA,NA,NA,NA,NA,NA,NA,NA,NA,Y,3,0,2,2,A,-,09,21801,A,N,D,C,A,A,H,-,C,D,0,NA,NA,NA,NA,Y,NA,A,01,0,1,1,0,0,0,0,0,0,-,-,NA,NA,SAN DIEGO,EL CAJON,-116.97303009033205,32.78765869140625
8800106,2019,2019-03-28,3711,2019-01-20,0200,7540,NA,7,5,7,3711,0,0,0,NA,0,825,KENSINGTON DR,MADISON AV,126,S,N,A,-,N,NA,NA,NA,NA,NA,NA,NA,NA,NA,Y,3,0,1,2,A,-,01,23152,NA,N,B,E,A,A,H,-,C,D,0,NA,NA,NA,NA,Y,Y,A,01,0,1,0,0,0,0,0,0,0,-,-,NA,NA,SAN DIEGO,SAN DIEGO,-117.10739135742188,32.76051330566406
8800390,2019,2019-03-06,3711,2019-01-20,2000,7609,SDPD,7,5,7,3711,0,0,0,NA,0,522,G ST,2ND AV,1,E,N,A,-,N,NA,NA,NA,NA,NA,NA,NA,NA,NA,N,3,0,1,2,A,-,10,21950,A,M,B,B,B,A,H,-,C,A,0,Y,NA,NA,NA,Y,NA,-,NA,0,1,0,0,1,0,0,0,0,-,-,NA,NA,SAN DIEGO,SAN DIEGO,-117.1628875732422,32.71257019042969
8801268,2019,2019-02-25,3706,2019-02-12,0730,374,ESCON,2,5,6,3706,0,0,0,NA,0,044,MISSION AV,HARDING ST E,0,NA,Y,A,-,N,NA,NA,NA,NA,NA,NA,NA,NA,NA,Y,3,0,3,2,A,-,09,21802,A,N,D,C,A,A,H,-,A,D,0,NA,NA,NA,NA,Y,NA,A,01,0,1,2,0,0,0,0,0,0,-,-,33.13753890991211,-117.06800842285156,SAN DIEGO,ESCONDIDO,-117.06818389892578,33.13740921020508
8802333,2019,2019-03-11,3711,2019-02-23,1412,7274,NA,6,5,7,3711,0,0,0,NA,0,626,HERMOSA WY,MONTECITO WY,30,N,N,A,-,N,NA,NA,NA,NA,NA,NA,NA,NA,NA,N,3,0,1,2,A,-,04,21703,NA,N,C,E,A,A,G,-,A,D,0,NA,Y,NA,NA,Y,NA,L,04,0,1,0,0,0,0,1,0,0,-,-,NA,NA,SAN DIEGO,SAN DIEGO,-117.18029022216795,32.752830505371094
8802784,2019,2019-03-29,3711,2019-02-02,1707,7833,NA,6,5,7,3711,0,0,0,NA,0,931,CALLE CRISTOBAL,TALONCREST WY,338,E,N,C,-,N,NA,NA,NA,NA,NA,NA,NA,NA,NA,Y,4,0,1,1,A,-,03,22350,NA,N,B,I,A,B,H,-,C,D,0,NA,NA,NA,NA,Y,NA,A,01,0,0,1,0,0,0,0,0,0,-,-,NA,NA,SAN DIEGO,SAN DIEGO,-117.17391204833984,32.91818618774414
8802788,2019,2019-02-19,3711,2019-02-03,1819,7633,NA,7,5,7,3711,0,0,0,NA,0,115,GENESEE AV,GOVERNOR DR,0,NA,Y,A,-,N,NA,NA,NA,NA,NA,NA,NA,NA,NA,Y,4,0,1,2,A,-,03,22350,NA,N,C,C,A,A,H,-,C,A,0,NA,NA,NA,NA,Y,Y,A,01,0,0,1,0,0,0,0,0,0,-,-,NA,NA,SAN DIEGO,SAN DIEGO,-117.20468139648438,32.854610443115234
8802971,2019,2019-02-26,3710,2019-01-31,1638,OC1455,021,4,5,6,3710,0,0,0,NA,0,008,MISSION AV,DOUGLAS DR,186,E,N,C,-,N,NA,NA,NA,NA,NA,NA,NA,NA,NA,Y,4,0,1,2,A,-,03,22350,NA,N,C,C,A,B,H,-,B,A,0,NA,NA,NA,NA,Y,NA,A,01,0,0,1,0,0,0,0,0,0,-,-,33.22792053222656,-117.3261489868164,SAN DIEGO,OCEANSIDE,-117.32546997070313,33.22796630859375
8802987,2019,2019-02-26,3706,2019-01-31,0614,380,ESCON,4,5,6,3706,0,0,0,NA,0,045,ROCK SPRINGS RD,MISSION AV,0,NA,Y,A,-,N,NA,NA,NA,NA,NA,NA,NA,NA,NA,Y,4,0,1,2,A,-,09,21801,A,N,D,C,A,A,H,-,B,A,0,NA,NA,NA,NA,Y,NA,A,01,0,0,1,0,0,0,0,0,0,-,-,33.12649917602539,-117.09739685058594,SAN DIEGO,ESCONDIDO,-117.09745025634766,33.12657165527344
8803280,2019,2019-02-22,3700,2019-01-30,2153,SH0029,NA,3,5,5,3713,0,0,0,NA,0,315,LIVE OAK RD,DAWES CT,0,NA,Y,A,-,N,NA,NA,NA,NA,NA,NA,NA,NA,NA,Y,3,0,1,1,A,-,01,23152,A,N,E,I,A,A,H,-,C,D,0,NA,NA,NA,NA,Y,Y,A,01,0,1,0,0,0,0,0,0,0,-,-,NA,NA,SAN DIEGO,VISTA,-117.23809814453124,33.16484069824219
8803319,2019,2019-03-19,3705,2019-02-01,0753,EC0219,NA,5,5,5,3705,0,0,0,NA,0,003,2ND ST,PERSIMMON AV,127,S,N,A,-,N,NA,NA,NA,NA,NA,NA,NA,NA,NA,N,4,0,1,2,A,-,08,22107,NA,F,B,C,A,A,H,-,A,D,0,NA,NA,NA,Y,Y,NA,A,08,0,0,1,0,0,0,0,0,0,-,-,NA,NA,SAN DIEGO,EL CAJON,-116.93580627441406,32.81118392944336
8804177,2018,2019-03-01,3705,2018-12-25,0225,EC0357,NA,2,5,5,3705,0,0,0,NA,0,004,MAIN,MOLLISON,0,NA,Y,C,-,N,NA,NA,NA,NA,NA,NA,NA,NA,NA,Y,4,0,1,2,A,-,12,21453,A,N,B,C,A,B,H,-,C,A,0,NA,NA,NA,NA,Y,NA,A,01,0,0,1,0,0,0,0,0,0,-,-,NA,NA,SAN DIEGO,EL CAJON,-116.95098114013672,32.79494857788086
8804656,2019,2019-03-21,3711,2019-01-07,1635,SD5300,NA,1,5,7,3711,0,0,0,NA,0,313,CAMINO DEL RIO S,TEXAS ST,0,NA,Y,A,-,N,NA,NA,NA,NA,NA,NA,NA,NA,NA,N,4,0,1,2,-,-,-,NA,NA,N,D,C,A,-,-,-,-,-,0,NA,NA,NA,NA,Y,NA,-,-,0,0,1,0,0,0,0,0,0,-,-,NA,NA,SAN DIEGO,SAN DIEGO,-117.13926696777344,32.76729965209961
8804790,2018,2019-03-11,3700,2018-12-03,2118,SH3079,NA,1,5,5,3713,0,0,0,NA,0,318,SYCAMORE AV,SHADOWRIDGE DR,297,S,N,A,-,N,NA,NA,NA,NA,NA,NA,NA,NA,NA,N,2,0,1,2,A,-,03,22350,NA,N,C,G,A,A,H,-,E,D,0,NA,Y,NA,NA,Y,NA,A,01,1,0,0,0,0,0,1,0,0,-,-,NA,NA,SAN DIEGO,VISTA,-117.21737670898438,33.163917541503906
8807082,2019,2019-03-05,3711,2019-02-08,1705,7470,NA,5,5,7,3711,0,0,0,NA,0,931,CARROLL CANYON RD,YOUNGSTOWN WY,0,NA,Y,C,-,N,NA,NA,NA,NA,NA,NA,NA,NA,NA,Y,3,0,2,2,A,-,03,22350,NA,N,C,C,A,B,H,-,B,A,0,NA,NA,NA,NA,Y,NA,-,NA,0,1,1,0,0,0,0,0,0,-,-,NA,NA,SAN DIEGO,SAN DIEGO,-117.19490051269533,32.891029357910156
8809373,2019,2019-03-25,3711,2019-02-24,1220,7387,NA,7,5,7,3711,0,0,0,NA,0,813,UNIVERSITY AV,UNIVERSITY AV 3000,0,NA,Y,A,-,N,NA,NA,NA,NA,NA,NA,NA,NA,NA,N,3,0,1,3,A,-,08,22107,NA,M,B,B,E,A,H,-,A,D,0,Y,NA,NA,NA,Y,NA,-,NA,0,1,0,0,1,0,0,0,0,-,-,NA,NA,SAN DIEGO,SAN DIEGO,NA,NA
8811200,2019,2019-04-08,3711,2019-02-16,0716,SD6799,NA,6,5,7,3711,0,0,0,NA,0,126,NORTH TORREY PINES RD,LA JOLLA VILLAGE DR,20,N,N,B,-,N,NA,NA,NA,NA,NA,NA,NA,NA,NA,Y,4,0,2,2,A,-,12,21453,A,N,A,C,A,A,H,-,A,A,0,NA,NA,NA,NA,Y,Y,D,22,0,0,2,0,0,0,0,0,0,-,-,NA,NA,SAN DIEGO,SAN DIEGO,-117.24225616455078,32.87019348144531
8811355,2018,2019-03-13,3700,2018-12-11,0728,SH3284,NA,2,5,5,3782,0,0,0,NA,0,206,OLIVENHAIN RD,NORTH EL CAMINO REAL,67,E,N,B,-,N,NA,NA,NA,NA,NA,NA,NA,NA,NA,Y,3,0,2,2,A,-,08,22107,NA,N,C,C,A,A,H,-,A,A,0,NA,NA,NA,NA,Y,NA,A,01,0,2,0,0,0,0,0,0,0,-,-,NA,NA,SAN DIEGO,ENCINITAS,-117.26189422607422,33.067474365234375
8811455,2019,2019-04-03,3711,2019-03-01,0023,7569,NA,5,5,7,3711,0,0,0,NA,0,438,CUMBERLAND ST,CALLE TREPADORA,5,W,N,A,-,N,NA,NA,NA,NA,NA,NA,NA,NA,NA,Y,3,0,2,5,A,-,07,21658,A,N,C,E,A,A,H,-,C,D,0,NA,NA,NA,NA,Y,NA,-,NA,0,1,1,0,0,0,0,0,0,-,-,NA,NA,SAN DIEGO,SAN DIEGO,-117.05774688720705,32.677677154541016
8812813,2019,2019-03-15,3711,2019-02-15,0853,7755,NA,5,5,7,3711,0,0,0,NA,0,NA,EASTGATE MALL,EASTGATE MALL 4300,34,N,N,A,-,N,NA,NA,NA,NA,NA,NA,NA,NA,NA,Y,3,0,1,2,A,-,09,21804,A,N,D,C,A,A,H,-,A,A,0,NA,NA,NA,NA,Y,NA,-,NA,0,1,0,0,0,0,0,0,0,-,-,NA,NA,SAN DIEGO,SAN DIEGO,NA,NA
8813740,2019,2019-03-07,3711,2019-02-07,1605,7533,NA,4,5,7,3711,0,0,0,NA,0,623,HOTEL CIRCLE SOUTH,HOTEL CIRCLE NORTH,200,E,N,A,-,N,NA,NA,NA,NA,NA,NA,NA,NA,NA,NA,3,0,1,1,A,-,03,22350,NA,N,B,I,A,A,H,-,A,D,0,NA,NA,NA,NA,Y,NA,A,01,0,1,0,0,0,0,0,0,0,-,-,NA,NA,SAN DIEGO,SAN DIEGO,-117.16629791259766,32.76129913330078
8814550,2019,2019-03-19,3709,2019-02-25,1814,NC0515,NA,1,5,5,3709,0,0,0,NA,0,023,SWEETWATER RD,PROSPECT AV,0,W,N,A,-,N,NA,NA,NA,NA,NA,NA,NA,NA,NA,N,4,0,2,2,A,-,09,21804,A,N,D,C,A,A,H,-,A,D,0,NA,NA,NA,NA,Y,NA,A,01,0,0,2,0,0,0,0,0,0,-,-,NA,NA,SAN DIEGO,NATIONAL CITY,-117.08052825927734,32.66154098510742
8815641,2019,2019-03-12,3711,2019-02-23,0952,7776,NA,6,5,7,3711,0,0,0,NA,0,624,ADAMS AV,FLORIDA ST,9,W,N,A,-,N,NA,NA,NA,NA,NA,NA,NA,NA,NA,Y,3,0,1,2,A,-,09,21801,A,N,D,C,A,A,H,-,A,A,0,NA,NA,Y,NA,Y,NA,A,01,0,1,0,0,0,0,0,0,1,-,-,NA,NA,SAN DIEGO,SAN DIEGO,-117.1438217163086,32.76245880126953
8815965,2019,2019-03-15,3711,2019-02-23,0836,SD6259,NA,6,5,7,3711,0,0,0,NA,0,444,36TH ST,ISLAND,0,NA,Y,A,-,N,NA,NA,NA,NA,NA,NA,NA,NA,NA,Y,3,0,1,2,A,-,08,22100,B,N,A,C,A,A,H,-,A,D,0,NA,NA,NA,NA,Y,NA,A,01,0,1,0,0,0,0,0,0,0,-,-,NA,NA,SAN DIEGO,SAN DIEGO,-117.11656188964844,32.71052169799805
8817275,2019,2019-03-15,3700,2019-01-09,1603,SH0601,NA,3,5,5,3782,0,0,0,NA,0,223,ENCINITAS BL,MCCAIN LN,306,S,N,B,-,N,NA,NA,NA,NA,NA,NA,NA,NA,NA,Y,3,0,1,1,A,-,08,22107,NA,N,A,I,A,A,H,-,A,A,0,NA,NA,NA,NA,Y,NA,A,01,0,1,0,0,0,0,0,0,0,-,-,NA,NA,SAN DIEGO,ENCINITAS,-117.23893737792967,33.037349700927734
8819332,2019,2019-08-21,3710,2019-02-19,1350,OC1470,014,2,5,6,3710,0,0,0,NA,0,004,RT 76,AIRPORT,650,W,N,A,-,Y,SD,11,76,-,R,2.03,H,-,W,Y,4,0,2,4,A,-,03,22350,NA,N,C,C,A,A,H,-,A,A,0,NA,NA,NA,NA,Y,NA,A,01,0,0,2,0,0,0,0,0,0,-,-,33.21644973754883,-117.35099792480467,SAN DIEGO,OCEANSIDE,-117.3530044555664,33.21604537963867
8819708,2019,2019-03-18,3711,2019-02-25,0915,7641,SAN D,1,5,7,3711,0,0,0,NA,0,233,CARMEL MOUNTAIN RD,VIA SAN MARCO,0,NA,Y,A,-,N,NA,NA,NA,NA,NA,NA,NA,NA,NA,Y,3,0,1,2,A,-,09,21800,A,N,D,C,A,A,H,-,A,D,0,NA,NA,NA,NA,Y,NA,-,NA,0,1,0,0,0,0,0,0,0,-,-,NA,NA,SAN DIEGO,SAN DIEGO,-117.0968780517578,32.968711853027344
8819740,2019,2019-03-15,3711,2019-02-18,2035,SD8377,NA,1,5,7,3711,0,0,0,NA,0,437,PARADISE VALLEY RD,PARKWOOD DR,225,E,N,B,-,N,NA,NA,NA,NA,NA,NA,NA,NA,NA,N,3,0,1,2,A,-,11,21954,A,N,G,B,E,A,H,-,C,D,0,Y,NA,NA,NA,Y,NA,N,60,0,1,0,0,1,0,0,0,0,-,-,NA,NA,SAN DIEGO,SAN DIEGO,-117.03246307373048,32.69355773925781
8819846,2018,2019-04-03,3700,2018-08-29,2005,SH5656,NA,3,5,5,3781,0,0,0,NA,0,503,MOLINO RD,SHOREDALE DR,121,N,N,A,-,N,NA,NA,NA,NA,NA,NA,NA,NA,NA,Y,2,0,2,3,A,-,05,21650,NA,F,G,B,F,A,H,-,C,D,0,Y,NA,NA,NA,Y,Y,A,01,1,0,1,0,2,0,0,0,0,-,-,NA,NA,SAN DIEGO,SANTEE,-116.98013305664063,32.863040924072266
8820344,2019,2019-03-21,3711,2019-03-02,2011,SD4310,NA,6,5,7,3711,0,0,0,NA,0,121,OCEAN FRONT WALK,SAN LUIS OBISPO PL,55,S,N,B,-,N,NA,NA,NA,NA,NA,NA,NA,NA,NA,N,2,0,1,1,A,-,03,22350,NA,N,F,A,A,A,H,-,C,D,0,NA,NA,Y,NA,Y,Y,C,03,1,0,0,0,0,0,0,0,1,-,-,NA,NA,SAN DIEGO,SAN DIEGO,-117.2531280517578,32.77606964111328
8820403,2019,2019-03-21,3711,2019-02-26,1844,SD6252,NA,2,5,7,3711,0,0,0,NA,0,826,WINONA AV,ORANGE AV,223,S,N,A,-,N,NA,NA,NA,NA,NA,NA,NA,NA,NA,N,3,0,1,2,A,-,03,22350,NA,N,G,B,E,A,H,-,C,D,0,Y,NA,NA,NA,Y,NA,A,01,0,1,0,0,1,0,0,0,0,-,-,NA,NA,SAN DIEGO,SAN DIEGO,-117.0879364013672,32.752437591552734
8820800,2019,2019-03-22,3706,2019-02-26,1914,450,ESCON,2,5,6,3706,0,0,0,NA,0,056,CITRUS AV,VALLEY PKWY,0,NA,Y,A,-,N,NA,NA,NA,NA,NA,NA,NA,NA,NA,NA,3,0,1,2,D,-,00,NA,NA,N,D,C,A,A,H,-,C,A,0,NA,NA,NA,NA,Y,NA,-,-,0,1,0,0,0,0,0,0,0,-,-,NA,NA,SAN DIEGO,ESCONDIDO,-117.04425048828124,33.14099884033203
8821294,2019,2019-03-20,3706,2019-03-07,1334,1846,ESCON,4,5,6,3706,0,0,0,NA,0,045,AUTO PARK WY,MISSION RD,314,S,N,A,-,N,NA,NA,NA,NA,NA,NA,NA,NA,NA,NA,4,0,2,2,A,-,03,22350,NA,N,C,C,A,A,H,-,A,D,0,NA,NA,NA,NA,Y,Y,A,01,0,0,2,0,0,0,0,0,0,-,-,NA,NA,SAN DIEGO,ESCONDIDO,-117.12310791015624,33.12969207763672
8825881,2019,2019-03-29,3702,2019-02-27,1025,CV1060,NA,3,5,6,3702,0,0,0,NA,0,022,4TH AV,NAPLES ST,0,NA,Y,A,-,N,NA,NA,NA,NA,NA,NA,NA,NA,NA,Y,4,0,2,2,A,-,12,21453,A,N,D,C,A,A,H,-,A,A,0,NA,NA,NA,NA,Y,NA,A,01,0,0,2,0,0,0,0,0,0,-,-,NA,NA,SAN DIEGO,CHULA VISTA,-117.07317352294922,32.612510681152344
8826335,2019,2019-08-21,3711,2019-03-15,2125,7898,NA,5,5,7,3711,0,0,0,NA,0,934,CARMEL COUNTRY RD,CARMEL COUNTRY RD 11600,97,W,N,A,-,Y,SD,11,56,-,-,1.976,R,4,W,Y,4,0,1,1,A,-,08,22107,NA,N,E,I,A,A,H,-,C,A,0,NA,NA,NA,NA,Y,Y,D,22,0,0,1,0,0,0,0,0,0,-,-,NA,NA,SAN DIEGO,SAN DIEGO,-117.21183013916016,32.94522476196289
8826484,2019,2019-06-21,3710,2019-02-28,1911,OC1177,009,4,5,6,3710,0,0,0,NA,0,003,VISTA,MORENO,80,E,N,A,-,Y,SD,11,5,-,R,51.061,R,4,S,N,4,0,2,2,A,-,01,23152,A,N,C,C,A,A,H,-,C,A,0,NA,NA,NA,NA,Y,Y,A,07,0,0,2,0,0,0,0,0,0,-,-,33.17626953125,-117.35243225097656,SAN DIEGO,OCEANSIDE,-117.3501205444336,33.17524719238281
8827848,2019,2019-04-05,3706,2019-03-24,1930,488,ESCON,7,5,6,3706,0,0,0,NA,0,045,VALLEY PKWY,W TULIP ST,0,NA,Y,A,-,N,NA,NA,NA,NA,NA,NA,NA,NA,NA,Y,3,0,2,2,A,-,01,23152,A,N,C,C,A,A,H,-,C,A,0,NA,NA,NA,NA,Y,Y,A,01,0,2,0,0,0,0,0,0,0,-,-,NA,NA,SAN DIEGO,ESCONDIDO,-117.09491729736328,33.117591857910156
8828767,2019,2019-04-11,3710,2019-03-22,0957,OC1471,NA,5,5,6,3710,0,0,0,NA,0,004,CROUCH ST,EAST ST,309,S,N,A,-,N,NA,NA,NA,NA,NA,NA,NA,NA,NA,N,3,0,1,1,A,-,03,22350,NA,N,H,A,A,A,H,-,A,D,0,NA,Y,NA,NA,Y,NA,L,04,0,1,0,0,0,0,1,0,0,-,-,33.20058822631836,-117.35285949707033,SAN DIEGO,OCEANSIDE,-117.35304260253906,33.199825286865234
8829111,2019,2019-04-16,3711,2019-03-27,2055,4824,NA,3,5,7,3711,0,0,0,NA,0,242,WESTONHILL DR,CAPRICORN WY,81,S,N,A,-,N,NA,NA,NA,NA,NA,NA,NA,NA,NA,N,4,0,1,2,A,-,11,21954,A,N,G,B,D,A,H,-,C,D,0,Y,NA,NA,NA,Y,NA,N,60,0,0,1,0,1,0,0,0,0,-,-,NA,NA,SAN DIEGO,SAN DIEGO,-117.13565063476563,32.92396926879883
8829562,2019,2019-04-05,3711,2019-03-21,1506,5679,NA,4,5,7,3711,0,0,0,NA,0,233,PASEO CARDIEL,PASEO MONTALBAN,84,S,N,C,-,N,NA,NA,NA,NA,NA,NA,NA,NA,NA,Y,3,0,2,2,A,-,08,22107,NA,N,C,E,A,B,H,-,A,D,0,NA,NA,NA,NA,Y,NA,A,01,0,1,1,0,0,0,0,0,0,-,-,NA,NA,SAN DIEGO,SAN DIEGO,-117.11412048339844,32.9639778137207
8833151,2019,2019-04-12,3710,2019-03-27,2038,OC1462,006,3,5,6,3710,0,0,0,NA,0,001,MISSION AV,PIRATES COVE WY,0,NA,Y,A,-,N,NA,NA,NA,NA,NA,NA,NA,NA,NA,N,4,0,1,4,A,-,00,20001,NA,F,G,B,B,A,H,-,C,A,0,Y,NA,NA,NA,Y,NA,A,01,0,0,1,0,1,0,0,0,0,-,-,33.19926071166992,-117.37371063232422,SAN DIEGO,OCEANSIDE,-117.37362670898438,33.19934844970703
8833578,2019,2019-04-15,3701,2019-03-24,0034,CB5516,002,7,5,5,3701,0,0,0,NA,0,001,CARLSBAD BL,EATON ST,2152,S,N,A,-,N,NA,NA,NA,NA,NA,NA,NA,NA,NA,Y,4,0,1,1,A,-,01,23152,A,N,E,I,A,A,H,-,C,D,0,NA,NA,NA,NA,Y,Y,D,22,0,0,1,0,0,0,0,0,0,-,-,NA,NA,SAN DIEGO,CARLSBAD,-117.3543701171875,33.165687561035156
8833812,2019,2019-04-17,3706,2019-03-17,0001,508,ESCON,7,5,6,3706,0,0,0,NA,0,046,MIDWAY DR,MISSION AV,0,NA,Y,-,-,N,NA,NA,NA,NA,NA,NA,NA,NA,NA,NA,3,0,2,2,A,-,17,21451,A,N,B,C,A,A,H,-,C,A,0,NA,NA,NA,NA,Y,NA,A,01,0,2,0,0,0,0,0,0,0,-,-,NA,NA,SAN DIEGO,ESCONDIDO,-117.05635833740234,33.14442825317383
8834330,2019,2019-04-25,3711,2019-03-31,2355,7300,MIDCI,7,5,7,3711,0,0,0,NA,0,811,ADAMS AV,36TH ST,0,NA,Y,-,-,N,NA,NA,NA,NA,NA,NA,NA,NA,NA,Y,4,0,1,2,A,-,09,21802,A,N,D,C,A,A,H,-,C,D,0,NA,NA,NA,NA,Y,Y,-,NA,0,0,1,0,0,0,0,0,0,-,-,NA,NA,SAN DIEGO,SAN DIEGO,-117.11518096923828,32.763328552246094
8834832,2019,2019-04-17,3711,2019-04-04,1533,7449,NA,4,5,7,3711,0,0,0,NA,0,122,CARDENO DR,KAIMALINO LN,0,NA,Y,A,-,N,NA,NA,NA,NA,NA,NA,NA,NA,NA,Y,4,0,1,2,A,-,09,21801,A,N,D,C,A,A,H,-,A,D,0,NA,NA,NA,NA,Y,NA,-,NA,0,0,1,0,0,0,0,0,0,-,-,NA,NA,SAN DIEGO,SAN DIEGO,-117.24993133544922,32.81378936767578
8834836,2019,2019-04-17,3711,2019-04-03,0746,8192,NA,3,5,7,3711,0,0,0,NA,0,813,30TH ST,REDWOOD ST,0,NA,Y,B,-,N,NA,NA,NA,NA,NA,NA,NA,NA,NA,Y,4,0,1,3,A,-,09,21801,A,N,A,C,A,A,H,-,A,A,0,NA,NA,NA,NA,Y,NA,A,01,0,0,1,0,0,0,0,0,0,-,-,NA,NA,SAN DIEGO,SAN DIEGO,-117.12931823730467,32.73741912841797
8834872,2019,2019-04-17,3711,2019-04-02,1615,7824,NA,2,5,7,3711,0,0,0,NA,0,122,PACIFIC BEACH DR,RIVIERA DR,0,NA,Y,A,-,N,NA,NA,NA,NA,NA,NA,NA,NA,NA,N,3,0,1,2,A,-,12,22450,A,N,D,G,A,A,H,-,A,A,0,NA,Y,NA,NA,Y,NA,L,04,0,1,0,0,0,0,1,0,0,-,-,NA,NA,SAN DIEGO,SAN DIEGO,-117.24182891845705,32.793418884277344
8834988,2019,2019-04-18,3711,2019-03-28,0301,SD6837,NA,4,5,7,3711,0,0,0,NA,0,523,6TH AV,6TH AV 600,0,NA,Y,A,-,N,NA,NA,NA,NA,NA,NA,NA,NA,NA,N,4,0,1,1,D,-,00,NA,NA,N,-,-,A,-,-,-,C,-,0,NA,NA,NA,NA,Y,NA,-,-,0,0,1,0,0,0,0,0,0,-,-,NA,NA,SAN DIEGO,SAN DIEGO,-117.15931,32.711569
8835027,2019,2019-05-01,3711,2019-03-30,1636,7498,NA,6,5,7,3711,0,0,0,NA,0,121,OCEAN FRONT WALK,SANTA BARBARA PL,131,NA,N,A,-,N,NA,NA,NA,NA,NA,NA,NA,NA,NA,NA,4,0,1,1,A,-,08,22107,NA,N,H,A,A,A,H,-,A,D,0,NA,NA,Y,NA,Y,NA,C,06,0,0,1,0,0,0,0,0,1,-,-,NA,NA,SAN DIEGO,SAN DIEGO,-117.25302124023438,32.774139404296875
8835654,2019,2019-04-10,3711,2019-03-13,1800,7204,SANDI,3,5,7,3711,0,0,0,NA,0,115,REGENTS RD,MAHAILA AV,45,S,N,A,-,N,NA,NA,NA,NA,NA,NA,NA,NA,NA,N,3,0,1,2,A,-,10,21950,A,N,G,B,B,A,H,-,A,A,0,Y,NA,NA,NA,Y,NA,-,NA,0,1,0,0,1,0,0,0,0,-,-,NA,NA,SAN DIEGO,SAN DIEGO,-117.21841430664063,32.86949920654297
8835662,2019,2019-04-10,3711,2019-03-12,2211,5968,NA,2,5,7,3711,0,0,0,NA,0,451,54TH ST,52ND ST,18,S,N,B,-,N,NA,NA,NA,NA,NA,NA,NA,NA,NA,NA,3,0,2,2,A,-,12,21453,A,N,D,C,A,A,H,-,C,A,0,NA,NA,NA,NA,Y,Y,-,NA,0,1,1,0,0,0,0,0,0,-,-,NA,NA,SAN DIEGO,SAN DIEGO,-117.07971954345705,32.7428092956543