CASE_ID,ACCIDENT_YEAR,PROC_DATE,JURIS,COLLISION_DATE,COLLISION_TIME,OFFICER_ID,REPORTING_DISTRICT,DAY_OF_WEEK,CHP_SHIFT,POPULATION,CNTY_CITY_LOC,SPECIAL_COND,BEAT_TYPE,CHP_BEAT_TYPE,CITY_DIVISION_LAPD,CHP_BEAT_CLASS,BEAT_NUMBER,PRIMARY_RD,SECONDARY_RD,DISTANCE,DIRECTION,INTERSECTION,WEATHER_1,WEATHER_2,STATE_HWY_IND,CALTRANS_COUNTY,CALTRANS_DISTRICT,STATE_ROUTE,ROUTE_SUFFIX,POSTMILE_PREFIX,POSTMILE,LOCATION_TYPE,RAMP_INTERSECTION,SIDE_OF_HWY,TOW_AWAY,COLLISION_SEVERITY,NUMBER_KILLED,NUMBER_INJURED,PARTY_COUNT,PRIMARY_COLL_FACTOR,PCF_CODE_OF_VIOL,PCF_VIOL_CATEGORY,PCF_VIOLATION,PCF_VIOL_SUBSECTION,HIT_AND_RUN,TYPE_OF_COLLISION,MVIW,PED_ACTION,ROAD_SURFACE,ROAD_COND_1,ROAD_COND_2,LIGHTING,CONTROL_DEVICE,CHP_ROAD_TYPE,PEDESTRIAN_ACCIDENT,BICYCLE_ACCIDENT,MOTORCYCLE_ACCIDENT,TRUCK_ACCIDENT,NOT_PRIVATE_PROPERTY,ALCOHOL_INVOLVED,STWD_VEHTYPE_AT_FAULT,CHP_VEHTYPE_AT_FAULT,COUNT_SEVERE_INJ,COUNT_VISIBLE_INJ,COUNT_COMPLAINT_PAIN,COUNT_PED_KILLED,COUNT_PED_INJURED,COUNT_BICYCLIST_KILLED,COUNT_BICYCLIST_INJURED,COUNT_MC_KILLED,COUNT_MC_INJURED,PRIMARY_RAMP,SECONDARY_RAMP,LATITUDE,LONGITUDE,COUNTY,CITY,POINT_X,POINT_Y
8871564,2019,2019-06-24,3702,2019-04-27,1931,CV1212,NA,6,5,6,3702,0,0,0,NA,0,041,OLYMPIC PKWY,BRANDYWINE AV,1865,E,N,A,-,N,NA,NA,NA,NA,NA,NA,NA,NA,NA,Y,4,0,1,2,A,-,08,22107,NA,N,D,C,A,A,H,-,B,D,0,NA,NA,NA,NA,Y,NA,A,01,0,0,1,0,0,0,0,0,0,-,-,NA,NA,SAN DIEGO,CHULA VISTA,-117.0220947265625,32.60927963256836
8871568,2019,2019-06-24,3702,2019-04-29,1516,CV1165,NA,1,5,6,3702,0,0,0,NA,0,032,BONITA RD,WILLOW ST,350,W,N,A,-,N,NA,NA,NA,NA,NA,NA,NA,NA,NA,Y,4,0,1,2,A,-,09,21804,A,N,D,C,A,A,H,-,A,D,0,NA,NA,NA,NA,Y,NA,A,01,0,0,1,0,0,0,0,0,0,-,-,NA,NA,SAN DIEGO,CHULA VISTA,-117.04173278808594,32.65746307373047
8871918,2019,2019-06-25,3702,2019-05-06,1505,CV1133,NA,1,5,6,3702,0,0,0,NA,0,042,EASTLAKE PKWY,OTAY LAKES RD,414,S,N,B,-,N,NA,NA,NA,NA,NA,NA,NA,NA,NA,Y,3,0,1,2,A,-,08,22107,NA,M,D,G,A,A,H,-,A,D,0,NA,Y,NA,NA,Y,NA,-,99,0,1,0,0,0,0,1,0,0,-,-,NA,NA,SAN DIEGO,CHULA VISTA,-116.96520233154295,32.64717483520508
8872473,2019,2019-06-11,3711,2019-05-14,0243,SD6210,NA,2,5,7,3711,0,0,0,NA,0,234,BERNARDO OAKS DR,RANCHO BERNARDO RD,0,NA,Y,A,-,N,NA,NA,NA,NA,NA,NA,NA,NA,NA,Y,3,0,1,4,A,-,03,22350,NA,M,B,E,A,A,H,-,C,A,0,NA,NA,NA,NA,Y,Y,A,01,0,1,0,0,0,0,0,0,0,-,-,NA,NA,SAN DIEGO,SAN DIEGO,-117.06527709960938,33.01924133300781
8872484,2019,2019-06-07,3711,2019-05-29,0046,6037,NA,3,5,7,3711,0,0,0,NA,0,441,LOGAN AV,S 36TH ST,45,E,N,A,-,N,NA,NA,NA,NA,NA,NA,NA,NA,NA,Y,3,0,1,3,A,-,03,22350,NA,N,C,E,A,A,H,-,C,D,0,NA,NA,NA,NA,Y,Y,-,NA,0,1,0,0,0,0,0,0,0,-,-,NA,NA,SAN DIEGO,SAN DIEGO,-117.11661529541016,32.69706726074219
8872571,2019,2019-06-07,3711,2019-04-01,0503,HB5938,NA,1,5,7,3711,0,0,0,NA,0,503,HARBOR DR,`HARBOR ISLAND DR,263,W,N,A,-,N,NA,NA,NA,NA,NA,NA,NA,NA,NA,Y,4,0,1,2,A,-,03,22350,NA,N,C,C,A,A,H,-,B,A,0,NA,NA,NA,NA,Y,NA,A,01,0,0,1,0,0,0,0,0,0,-,-,NA,NA,SAN DIEGO,SAN DIEGO,-117.19606018066406,32.72949981689453
8874572,2019,2019-06-18,3705,2019-04-24,1843,EC0380,NA,3,5,5,3705,0,0,0,NA,0,001,WEST MAIN ST,SUNSHINE AV,126,E,N,A,-,N,NA,NA,NA,NA,NA,NA,NA,NA,NA,N,4,0,1,2,D,-,00,NA,NA,N,G,B,E,A,H,-,A,A,0,Y,NA,NA,NA,Y,NA,-,-,0,0,1,0,1,0,0,0,0,-,-,NA,NA,SAN DIEGO,EL CAJON,-116.96436309814452,32.794960021972656
8875636,2019,2019-07-02,3705,2019-05-05,2120,EC0371,NA,7,5,5,3705,0,0,0,NA,0,002,E MADISON AV,JEFFREE ST,188,W,N,A,-,N,NA,NA,NA,NA,NA,NA,NA,NA,NA,Y,4,0,3,2,A,-,03,22350,NA,N,C,C,A,A,H,-,C,D,0,NA,NA,NA,NA,Y,NA,A,01,0,0,3,0,0,0,0,0,0,-,-,NA,NA,SAN DIEGO,EL CAJON,-116.95376586914063,32.80057907104492
8876137,2019,2019-06-17,3711,2019-05-20,1348,SD4656,NA,1,5,7,3711,0,0,0,NA,0,451,COLLEGE GROVE DR,CAMINITO CHOLLAS,0,NA,Y,A,-,N,NA,NA,NA,NA,NA,NA,NA,NA,NA,Y,3,0,1,2,A,-,12,21453,A,N,D,C,A,A,H,-,A,A,0,NA,NA,NA,Y,Y,NA,A,01,0,1,0,0,0,0,0,0,0,-,-,NA,NA,SAN DIEGO,SAN DIEGO,-117.07150268554688,32.735679626464844
8876192,2019,2019-06-12,3711,2019-05-22,1640,SD7205,NA,3,5,7,3711,0,0,0,NA,0,313,ARMOUR ST,PEPSI DR,0,NA,Y,C,-,N,NA,NA,NA,NA,NA,NA,NA,NA,NA,N,3,0,1,2,A,-,06,21750,NA,N,B,C,A,B,H,-,A,A,0,NA,NA,Y,NA,Y,NA,C,02,0,1,0,0,0,0,0,0,1,-,-,NA,NA,SAN DIEGO,SAN DIEGO,-117.15308380126952,32.81998062133789
8876205,2019,2019-06-17,3700,2019-04-20,1514,SH2659,NA,6,5,5,3782,0,0,0,NA,0,210,COAST HIGHWAY 101,W GLAUCUS ST,476,S,N,A,-,N,NA,NA,NA,NA,NA,NA,NA,NA,NA,N,3,0,1,2,A,-,09,21801,A,N,E,I,A,A,H,-,A,A,0,NA,NA,Y,NA,Y,NA,A,01,0,1,0,0,0,0,0,0,1,-,-,NA,NA,SAN DIEGO,ENCINITAS,-117.30314636230467,33.066864013671875
8876236,2019,2019-06-12,3711,2019-05-26,1545,7490,NA,7,5,7,3711,0,0,0,NA,0,113,RT 52,REGENTS RD,0,NA,Y,B,-,N,NA,NA,NA,NA,NA,NA,NA,NA,NA,N,4,0,1,2,A,-,17,21461,A,N,C,C,A,A,H,-,A,A,0,NA,NA,NA,NA,Y,NA,A,01,0,0,1,0,0,0,0,0,0,-,-,NA,NA,SAN DIEGO,SAN DIEGO,-117.21782684326172,32.842010498046875
8876241,2019,2019-06-13,3711,2019-05-02,1206,SD6252,NA,4,5,7,3711,0,0,0,NA,0,312,TIERRASANTA BL,TAMBOR RD,0,NA,Y,A,-,N,NA,NA,NA,NA,NA,NA,NA,NA,NA,Y,2,0,3,2,A,-,09,21802,A,N,D,C,A,A,H,-,A,A,0,NA,NA,NA,NA,Y,NA,A,01,1,1,1,0,0,0,0,0,0,-,-,NA,NA,SAN DIEGO,SAN DIEGO,-117.09082794189452,32.817630767822266
8877010,2019,2019-06-17,3711,2019-05-25,1357,SD7859,NA,6,5,7,3711,0,0,0,NA,0,525,FRONT ST,WEST BROADWAY,0,NA,Y,A,-,N,NA,NA,NA,NA,NA,NA,NA,NA,NA,N,3,0,1,2,A,-,10,21950,A,N,G,B,B,A,H,-,A,A,0,Y,NA,NA,NA,Y,NA,A,01,0,1,0,0,1,0,0,0,0,-,-,NA,NA,SAN DIEGO,SAN DIEGO,-117.16472625732422,32.71577072143555
8877018,2019,2019-06-17,3711,2019-05-25,1100,SD5472,NA,6,5,7,3711,0,0,0,NA,0,235,SAN PASQUAL RD,MILEPOST #28,7920,S,N,A,-,N,NA,NA,NA,NA,NA,NA,NA,NA,NA,N,4,0,1,1,A,-,03,22350,NA,N,F,I,A,A,H,-,A,D,0,NA,NA,NA,NA,Y,NA,A,01,0,0,1,0,0,0,0,0,0,-,-,NA,NA,SAN DIEGO,SAN DIEGO,NA,NA
8877299,2019,2019-06-13,3711,2019-06-02,1255,6857,NA,7,5,7,3711,0,0,0,NA,0,813,ADAMS AV,30TH ST,250,W,N,B,-,N,NA,NA,NA,NA,NA,NA,NA,NA,NA,N,3,0,1,2,A,-,08,22107,NA,M,B,B,E,A,H,-,A,D,0,Y,NA,NA,NA,Y,NA,A,01,0,1,0,0,1,0,0,0,0,-,-,NA,NA,SAN DIEGO,SAN DIEGO,-117.13101196289063,32.76287841796875
8878975,2019,2019-06-20,3700,2019-05-28,0753,SH0113,NA,2,5,5,3713,0,0,0,NA,0,312,SOUTH MELROSE DR,SUNSET DR,458,S,N,A,-,N,NA,NA,NA,NA,NA,NA,NA,NA,NA,N,3,0,2,3,A,-,03,22350,NA,N,H,C,A,A,H,-,A,D,0,NA,NA,NA,NA,Y,NA,A,01,0,1,1,0,0,0,0,0,0,-,-,NA,NA,SAN DIEGO,VISTA,-117.25365447998048,33.17652893066406
8879632,2019,2019-07-02,3705,2019-03-29,0949,EC0219,NA,5,5,5,3705,0,0,0,NA,0,002,N MAGNOLIA AV,WELLS AV,0,NA,Y,A,-,N,NA,NA,NA,NA,NA,NA,NA,NA,NA,Y,3,0,1,2,A,-,12,21453,A,N,D,C,A,A,H,-,A,A,0,NA,NA,NA,NA,Y,NA,A,01,0,1,0,0,0,0,0,0,0,-,-,NA,NA,SAN DIEGO,EL CAJON,-116.96234130859376,32.799129486083984
8882604,2019,2019-07-18,3711,2019-06-15,1614,SD5672,NA,6,5,7,3711,0,0,0,NA,0,311,AFTON RD,FENSMUIR ST,25,N,N,B,-,N,NA,NA,NA,NA,NA,NA,NA,NA,NA,Y,3,0,1,1,A,-,03,22350,NA,N,E,I,A,A,H,-,A,A,0,NA,NA,NA,NA,Y,NA,A,01,0,1,0,0,0,0,0,0,0,-,-,NA,NA,SAN DIEGO,SAN DIEGO,-117.1444854736328,32.80637741088867
8882620,2019,2019-07-18,3711,2019-06-15,1510,7931,NA,6,5,7,3711,0,0,0,NA,0,723,30TH ST,IRIS AV,1056,N,N,A,-,N,NA,NA,NA,NA,NA,NA,NA,NA,NA,Y,4,0,1,2,A,-,08,22107,NA,N,D,C,A,A,H,-,A,D,0,NA,NA,NA,NA,Y,NA,-,NA,0,0,1,0,0,0,0,0,0,-,-,NA,NA,SAN DIEGO,SAN DIEGO,-117.06731414794922,32.57114028930664
8883779,2019,2019-07-05,3705,2019-05-16,0826,EC5356,NA,4,5,5,3705,0,0,0,NA,0,003,WASHINGTON,3RD ST,39,E,N,A,-,N,NA,NA,NA,NA,NA,NA,NA,NA,NA,Y,4,0,1,2,A,-,03,22350,NA,N,C,C,A,A,H,-,A,D,0,NA,NA,NA,NA,Y,NA,A,07,0,0,1,0,0,0,0,0,0,-,-,NA,NA,SAN DIEGO,EL CAJON,-116.92690277099608,32.78745651245117
8884284,2019,2019-06-26,3711,2019-06-03,1753,SD7504,NA,1,5,7,3711,0,0,0,NA,0,931,MIRAMAR RD,NOBEL DR,0,NA,Y,A,-,N,NA,NA,NA,NA,NA,NA,NA,NA,NA,N,3,0,1,1,B,-,22,NA,NA,N,B,I,A,A,H,-,A,D,0,NA,Y,NA,NA,Y,NA,L,04,0,1,0,0,0,0,1,0,0,-,-,NA,NA,SAN DIEGO,SAN DIEGO,-117.19114685058594,32.87651062011719
8884292,2019,2019-06-26,3711,2019-06-04,1418,SD6104,NA,2,5,7,3711,0,0,0,NA,0,832,43RD ST,EL CAJON BL,0,NA,Y,B,-,N,NA,NA,NA,NA,NA,NA,NA,NA,NA,N,4,0,1,2,A,-,04,21703,NA,N,C,C,A,A,H,-,A,A,0,NA,NA,NA,NA,Y,NA,A,08,0,0,1,0,0,0,0,0,0,-,-,NA,NA,SAN DIEGO,SAN DIEGO,-117.10191345214844,32.755218505859375
8884888,2019,2019-07-25,3700,2019-06-09,1601,SH3079,NA,7,5,5,3713,0,0,0,NA,0,306,EAST CALIFORNIA AV,MASSACHUSETTS AV,0,NA,Y,A,-,N,NA,NA,NA,NA,NA,NA,NA,NA,NA,Y,4,0,2,2,A,-,09,21802,A,N,A,C,A,A,H,-,A,D,0,NA,NA,Y,NA,Y,NA,D,22,0,0,2,0,0,0,0,0,2,-,-,NA,NA,SAN DIEGO,VISTA,-117.24372100830078,33.20745086669922
8886003,2019,2019-07-03,3711,2019-06-15,1900,7351,NA,6,5,7,3711,0,0,0,NA,0,813,UTAH ST,POLK AV,5,E,N,A,-,N,NA,NA,NA,NA,NA,NA,NA,NA,NA,N,3,0,1,2,A,-,08,22107,NA,N,E,E,A,A,H,-,A,D,0,NA,NA,NA,NA,Y,Y,-,NA,0,1,0,0,0,0,0,0,0,-,-,NA,NA,SAN DIEGO,SAN DIEGO,-117.13262939453124,32.75217819213867
8886334,2019,2019-07-24,3711,2019-06-10,0836,SD6849,NA,1,5,7,3711,0,0,0,NA,0,246,SCIPPS POWAY PARKWAY,SCRIPPS HIGHLAND DR,0,NA,Y,A,-,N,NA,NA,NA,NA,NA,NA,NA,NA,NA,N,4,0,1,2,B,-,22,NA,NA,N,D,C,A,A,H,-,A,A,0,NA,NA,NA,NA,Y,NA,-,NA,0,0,1,0,0,0,0,0,0,-,-,NA,NA,SAN DIEGO,SAN DIEGO,-117.10765075683594,32.93653106689453
8886684,2019,2019-07-18,3711,2019-06-10,0843,SD6532,NA,1,5,7,3711,0,0,0,NA,0,611,BARNET AV,MIDWAY DR,184,W,N,A,-,N,NA,NA,NA,NA,NA,NA,NA,NA,NA,N,4,0,1,2,A,-,03,22350,NA,M,C,C,A,A,H,-,A,D,0,NA,NA,NA,NA,Y,NA,-,99,0,0,1,0,0,0,0,0,0,-,-,NA,NA,SAN DIEGO,SAN DIEGO,-117.19933319091795,32.74493408203125
8886688,2019,2019-08-23,3711,2019-06-11,2155,SD7335,NA,2,5,7,3711,0,0,0,NA,0,315,MISSION CENTER RD,HAZARD CENTER DR,0,NA,Y,A,-,N,NA,NA,NA,NA,NA,NA,NA,NA,NA,N,3,0,1,1,A,-,17,21235,G,N,H,A,A,A,H,-,C,A,0,NA,NA,Y,NA,Y,Y,C,03,0,1,0,0,0,0,0,0,1,-,-,NA,NA,SAN DIEGO,SAN DIEGO,-117.15482330322266,32.770809173583984
8889258,2019,2019-08-29,3711,2019-06-27,0854,REYES,NA,4,5,7,3711,0,0,0,NA,0,713,SANYO  AV,SANYO  AV 2001,2,E,N,A,-,N,NA,NA,NA,NA,NA,NA,NA,NA,NA,NA,4,0,1,2,A,-,08,22107,NA,N,D,C,A,A,H,-,A,D,0,NA,NA,Y,NA,Y,NA,-,NA,0,0,1,0,0,0,0,0,1,-,-,NA,NA,SAN DIEGO,SAN DIEGO,NA,NA
8889262,2019,2019-07-15,3711,2019-06-29,2018,6743,NA,6,5,7,3711,0,0,0,NA,0,723,TWINING AV,COLEMAN AV,15,S,N,B,-,N,NA,NA,NA,NA,NA,NA,NA,NA,NA,Y,4,0,1,4,A,-,08,22107,NA,N,B,E,A,A,H,-,D,D,0,NA,NA,NA,NA,Y,NA,A,01,0,0,1,0,0,0,0,0,0,-,-,NA,NA,SAN DIEGO,SAN DIEGO,-117.0454330444336,32.582889556884766
8889653,2019,2019-07-22,3705,2019-06-10,0624,EC0382,NA,1,5,5,3705,0,0,0,NA,0,001,FLETCHER PKWY,JOHNSON AV,0,NA,Y,A,-,N,NA,NA,NA,NA,NA,NA,NA,NA,NA,Y,4,0,2,2,A,-,09,21453,C,N,F,C,A,A,H,-,A,A,0,NA,NA,NA,NA,Y,NA,A,07,0,0,2,0,0,0,0,0,0,-,-,NA,NA,SAN DIEGO,EL CAJON,-116.97100830078124,32.80778121948242
8889941,2019,2019-07-09,3706,2019-05-07,1246,1834,ESCON,2,5,6,3706,0,0,0,NA,0,052,CENTRE CITY PKWY,FELICITA AV,0,NA,Y,A,-,N,NA,NA,NA,NA,NA,NA,NA,NA,NA,Y,3,0,1,3,A,-,03,22350,NA,N,C,C,A,A,H,-,A,A,0,NA,NA,NA,NA,Y,NA,A,01,0,1,0,0,0,0,0,0,0,-,-,33.10337829589844,-117.07559967041016,SAN DIEGO,ESCONDIDO,-117.07566833496094,33.10334014892578
8891019,2019,2019-07-17,3700,2019-06-20,1425,SH2659,NA,4,5,5,3712,0,0,0,NA,0,350,SOUTH RANCHO SANTA FE RD,GRAND AV,213,N,N,A,-,N,NA,NA,NA,NA,NA,NA,NA,NA,NA,N,4,0,2,2,A,-,03,22350,NA,N,C,C,A,A,H,-,A,A,0,NA,NA,NA,NA,Y,NA,A,01,0,0,2,0,0,0,0,0,0,-,-,NA,NA,SAN DIEGO,SAN MARCOS,-117.20015716552734,33.1466178894043
8892634,2019,2019-07-24,3710,2019-06-25,0055,OC1419,NA,2,5,6,3710,0,0,0,NA,0,011,MISSION AV,BUTLER ST,415,E,N,A,-,N,NA,NA,NA,NA,NA,NA,NA,NA,NA,Y,4,0,3,2,A,-,01,23152,A,N,A,C,A,A,H,-,C,D,0,NA,NA,NA,NA,Y,Y,A,01,0,0,3,0,0,0,0,0,0,-,-,NA,NA,SAN DIEGO,OCEANSIDE,-117.34992980957033,33.21221923828125
8893470,2019,2019-08-01,3711,2019-07-02,1625,SD8861,NA,2,5,7,3711,0,0,0,NA,0,511,MAIN ST,SOUTH 28TH ST,3,E,N,A,-,N,NA,NA,NA,NA,NA,NA,NA,NA,NA,N,4,0,1,2,A,-,10,21950,A,N,G,B,B,A,H,-,A,A,0,Y,NA,NA,NA,Y,NA,A,01,0,0,1,0,1,0,0,0,0,-,-,NA,NA,SAN DIEGO,SAN DIEGO,-117.13372039794922,32.69279861450195
8893601,2019,2019-07-31,3705,2019-06-11,1308,ECO324,NA,2,5,5,3705,0,0,0,NA,0,002,MAGNOLIA,LEXINGTON,0,NA,Y,A,-,N,NA,NA,NA,NA,NA,NA,NA,NA,NA,Y,4,0,1,3,A,-,12,21453,A,N,D,C,A,A,H,-,A,A,0,NA,NA,NA,NA,Y,NA,D,22,0,0,1,0,0,0,0,0,0,-,-,NA,NA,SAN DIEGO,EL CAJON,-116.96228790283205,32.79270935058594
8895324,2019,2019-08-14,3710,2019-03-20,2058,OC1429,027,3,5,6,3710,0,0,0,NA,0,006,COLLEGE BL,OLIVE DR,666,N,N,A,-,N,NA,NA,NA,NA,NA,NA,NA,NA,NA,N,4,0,1,2,A,-,03,22350,NA,N,C,C,A,A,H,-,C,D,0,NA,NA,NA,NA,Y,NA,D,22,0,0,1,0,0,0,0,0,0,-,-,33.20399856567383,-117.28497314453124,SAN DIEGO,OCEANSIDE,-117.2850341796875,33.205875396728516
8895908,2019,2019-07-19,3708,2019-06-07,0951,LM1259,NA,5,5,5,3708,0,0,0,NA,0,004,CENTER DR,GROSSMONT CENTER DR,0,NA,Y,A,-,N,NA,NA,NA,NA,NA,NA,NA,NA,NA,N,4,0,1,2,A,-,03,22350,NA,F,C,C,A,A,H,-,A,A,0,NA,NA,NA,NA,Y,NA,-,NA,0,0,1,0,0,0,0,0,0,-,-,NA,NA,SAN DIEGO,LA MESA,-117.0107192993164,32.78097152709961
8896055,2019,2019-08-01,3711,2019-07-03,1444,SD6552,NA,3,5,7,3711,0,0,0,NA,0,937,SAN DIEGUITO RD,SAN DIEGUITO RD 17900,0,NA,Y,-,-,N,NA,NA,NA,NA,NA,NA,NA,NA,NA,Y,3,0,1,1,A,-,08,22107,NA,N,F,J,A,A,H,-,A,-,0,NA,NA,NA,NA,Y,NA,A,07,0,1,0,0,0,0,0,0,0,-,-,NA,NA,SAN DIEGO,SAN DIEGO,NA,NA
8898514,2019,2019-07-17,3711,2019-06-28,1148,SD572,NA,5,5,7,3711,0,0,0,NA,0,233,CARMEL MOUNTAIN RD,CAMINITO BOLSA,516,S,N,A,-,N,NA,NA,NA,NA,NA,NA,NA,NA,NA,N,2,0,1,2,A,-,05,21650,1,N,D,G,A,A,H,-,A,D,0,NA,Y,NA,NA,Y,NA,L,04,1,0,0,0,0,0,1,0,0,-,-,NA,NA,SAN DIEGO,SAN DIEGO,-117.11618041992188,32.95988464355469
8898545,2019,2019-07-18,3711,2019-06-25,1410,SD5700,NA,2,5,7,3711,0,0,0,NA,0,242,CAMINO RUIZ,FLANDERS DR,0,NA,Y,B,-,N,NA,NA,NA,NA,NA,NA,NA,NA,NA,Y,3,0,2,2,A,-,12,21453,A,N,D,C,A,A,H,-,A,A,0,NA,NA,NA,NA,Y,NA,A,01,0,1,1,0,0,0,0,0,0,-,-,NA,NA,SAN DIEGO,SAN DIEGO,-117.14589691162108,32.90681076049805
8899998,2019,2019-07-30,3711,2019-07-09,1039,SD7642,NA,2,5,7,3711,0,0,0,NA,0,122,PACIFIC BEACH DR,DAWES ST,40,E,N,A,-,N,NA,NA,NA,NA,NA,NA,NA,NA,NA,N,3,0,1,1,A,-,08,22107,NA,N,A,I,A,A,H,-,A,D,0,NA,Y,NA,NA,Y,NA,L,04,0,1,0,0,0,0,1,0,0,-,-,NA,NA,SAN DIEGO,SAN DIEGO,-117.24813079833984,32.792179107666016
8900567,2019,2019-07-26,3709,2019-06-27,0015,NC0517,NA,4,5,5,3709,0,0,0,NA,0,023,SWEETWATER RD,CYPRESS ST,173,W,N,A,-,N,NA,NA,NA,NA,NA,NA,NA,NA,NA,N,4,0,1,2,A,-,09,21804,A,M,D,C,A,A,H,-,C,D,0,NA,NA,NA,NA,Y,NA,A,01,0,0,1,0,0,0,0,0,0,-,-,NA,NA,SAN DIEGO,NATIONAL CITY,-117.07274627685548,32.65991973876953
8902981,2019,2019-08-21,3700,2019-04-09,1725,SH7554,NA,2,5,4,3707,0,0,0,NA,0,704,9TH ST,DONAX AV,0,NA,Y,A,-,N,NA,NA,NA,NA,NA,NA,NA,NA,NA,N,3,0,1,2,A,-,05,21650,A,N,G,B,B,A,H,-,A,D,0,Y,NA,NA,NA,Y,NA,A,07,0,1,0,0,1,0,0,0,0,-,-,NA,NA,SAN DIEGO,IMPERIAL BEACH,-117.11431121826172,32.582279205322266
8903095,2019,2019-08-02,3710,2019-07-06,1228,OC1203,NA,6,5,6,3710,0,0,0,NA,0,001,NORTH HARBOR DR,HARBOR DR,1500,N,N,A,-,N,NA,NA,NA,NA,NA,NA,NA,NA,NA,N,3,0,1,3,A,-,06,21750,NA,N,C,G,A,A,H,-,A,D,0,NA,Y,NA,NA,Y,NA,L,04,0,1,0,0,0,0,1,0,0,-,-,NA,NA,SAN DIEGO,OCEANSIDE,-117.38748168945313,33.210350036621094
8903169,2019,2019-10-21,3706,2019-07-06,1825,527,ESCON,6,5,6,3706,0,0,0,NA,0,054,E GRAND AV,MIDWAY DR,123,E,N,A,-,N,NA,NA,NA,NA,NA,NA,NA,NA,NA,Y,4,0,1,2,A,-,01,23152,A,N,A,C,A,A,H,-,A,D,0,NA,NA,NA,NA,Y,Y,A,07,0,0,1,0,0,0,0,0,0,-,-,NA,NA,SAN DIEGO,ESCONDIDO,-117.04936981201172,33.1345100402832
8903448,2019,2019-07-30,3711,2019-07-13,1614,SD7685,NA,6,5,7,3711,0,0,0,NA,0,121,MISSION BL,SAN FERNANDO PL,200,N,N,A,-,N,NA,NA,NA,NA,NA,NA,NA,NA,NA,N,4,0,1,2,A,-,11,21950,B,M,G,B,E,A,H,-,A,D,0,Y,NA,NA,NA,Y,NA,N,60,0,0,1,0,1,0,0,0,0,-,-,NA,NA,SAN DIEGO,SAN DIEGO,-117.25096893310548,32.76826858520508
8904192,2019,2019-08-09,3711,2019-07-02,0023,SD4759,NA,2,5,7,3711,0,0,0,NA,0,122,GARNET AV,MISSION BL,50,E,N,A,-,N,NA,NA,NA,NA,NA,NA,NA,NA,NA,N,3,0,1,1,C,-,18,NA,NA,N,H,J,A,A,A,-,C,D,0,NA,NA,NA,NA,Y,Y,-,-,0,1,0,0,0,0,0,0,0,-,-,NA,NA,SAN DIEGO,SAN DIEGO,-117.25533294677734,32.7966194152832
8905554,2019,2019-08-06,3711,2019-07-09,1750,SD7663,NA,2,5,7,3711,0,0,0,NA,0,112,MOUNT ACADIA,MOUNT ACADIA 3600,0,NA,-,A,-,N,NA,NA,NA,NA,NA,NA,NA,NA,NA,N,4,0,1,2,D,-,00,NA,NA,N,A,C,A,A,H,-,A,D,0,NA,NA,NA,NA,Y,Y,-,-,0,0,1,0,0,0,0,0,0,-,-,NA,NA,SAN DIEGO,SAN DIEGO,NA,NA
8905589,2019,2019-08-01,3711,2019-07-12,2217,SD7702,NA,5,5,7,3711,0,0,0,NA,0,614,ABBOTT ST,N ALY MUIR AV,0,NA,Y,A,-,N,NA,NA,NA,NA,NA,NA,NA,NA,NA,N,3,0,1,1,A,-,08,38314,NA,N,H,A,A,A,H,-,C,D,0,NA,NA,Y,NA,Y,Y,C,03,0,1,0,0,0,0,0,0,1,-,-,NA,NA,SAN DIEGO,SAN DIEGO,NA,NA
8906658,2019,2019-08-05,3705,2019-07-12,0738,EC0344,NA,5,5,5,3705,0,0,0,NA,0,002,WELLS AV,GRAVES AV,0,NA,Y,A,-,N,NA,NA,NA,NA,NA,NA,NA,NA,NA,Y,4,0,2,2,A,-,09,21802,A,N,D,C,A,A,H,-,A,D,0,NA,NA,NA,NA,Y,NA,A,01,0,0,2,0,0,0,0,0,0,-,-,NA,NA,SAN DIEGO,EL CAJON,-116.9603271484375,32.799110412597656
8907385,2019,2019-08-12,3700,2019-07-19,1145,SH2439,NA,5,5,5,3713,0,0,0,NA,0,303,WARMLANDS AV,MONTE MAR RD,15,S,N,A,-,N,NA,NA,NA,NA,NA,NA,NA,NA,NA,N,4,0,1,2,A,-,11,21956,A,N,G,B,E,A,H,-,A,D,0,Y,NA,NA,NA,Y,NA,N,60,0,0,1,0,1,0,0,0,0,-,-,NA,NA,SAN DIEGO,VISTA,-117.21224975585938,33.21929168701172
8908519,2019,2019-08-06,3702,2019-06-08,1833,CV1247,NA,6,5,6,3702,0,0,0,NA,0,012,J ST,5TH AV,26,E,N,A,-,N,NA,NA,NA,NA,NA,NA,NA,NA,NA,N,4,0,3,2,A,-,03,22350,NA,N,C,C,A,A,H,-,A,A,0,NA,NA,NA,NA,Y,NA,A,07,0,0,3,0,0,0,0,0,0,-,-,NA,NA,SAN DIEGO,CHULA VISTA,-117.08255004882813,32.625213623046875
8908679,2019,2019-08-06,3702,2019-05-07,1740,CV1289,NA,2,5,6,3702,0,0,0,NA,0,013,BROADWAY,G ST,0,NA,Y,A,-,N,NA,NA,NA,NA,NA,NA,NA,NA,NA,N,4,0,1,2,A,-,05,21202,A,N,D,G,A,A,H,-,B,A,0,NA,Y,NA,NA,Y,NA,L,04,0,0,1,0,0,0,1,0,0,-,-,NA,NA,SAN DIEGO,CHULA VISTA,-117.09081268310548,32.6344108581543
8908683,2019,2019-08-06,3702,2019-05-16,1122,CV0777,NA,4,5,6,3702,0,0,0,NA,0,022,3RD AV,MOSS ST,448,S,N,C,-,N,NA,NA,NA,NA,NA,NA,NA,NA,NA,Y,4,0,3,2,A,-,09,21804,A,N,D,C,A,B,H,-,A,D,0,NA,NA,NA,NA,Y,NA,A,07,0,0,3,0,0,0,0,0,0,-,-,NA,NA,SAN DIEGO,CHULA VISTA,-117.06997680664063,32.6159553527832