CASE_ID,ACCIDENT_YEAR,PROC_DATE,JURIS,COLLISION_DATE,COLLISION_TIME,OFFICER_ID,REPORTING_DISTRICT,DAY_OF_WEEK,CHP_SHIFT,POPULATION,CNTY_CITY_LOC,SPECIAL_COND,BEAT_TYPE,CHP_BEAT_TYPE,CITY_DIVISION_LAPD,CHP_BEAT_CLASS,BEAT_NUMBER,PRIMARY_RD,SECONDARY_RD,DISTANCE,DIRECTION,INTERSECTION,WEATHER_1,WEATHER_2,STATE_HWY_IND,CALTRANS_COUNTY,CALTRANS_DISTRICT,STATE_ROUTE,ROUTE_SUFFIX,POSTMILE_PREFIX,POSTMILE,LOCATION_TYPE,RAMP_INTERSECTION,SIDE_OF_HWY,TOW_AWAY,COLLISION_SEVERITY,NUMBER_KILLED,NUMBER_INJURED,PARTY_COUNT,PRIMARY_COLL_FACTOR,PCF_CODE_OF_VIOL,PCF_VIOL_CATEGORY,PCF_VIOLATION,PCF_VIOL_SUBSECTION,HIT_AND_RUN,TYPE_OF_COLLISION,MVIW,PED_ACTION,ROAD_SURFACE,ROAD_COND_1,ROAD_COND_2,LIGHTING,CONTROL_DEVICE,CHP_ROAD_TYPE,PEDESTRIAN_ACCIDENT,BICYCLE_ACCIDENT,MOTORCYCLE_ACCIDENT,TRUCK_ACCIDENT,NOT_PRIVATE_PROPERTY,ALCOHOL_INVOLVED,STWD_VEHTYPE_AT_FAULT,CHP_VEHTYPE_AT_FAULT,COUNT_SEVERE_INJ,COUNT_VISIBLE_INJ,COUNT_COMPLAINT_PAIN,COUNT_PED_KILLED,COUNT_PED_INJURED,COUNT_BICYCLIST_KILLED,COUNT_BICYCLIST_INJURED,COUNT_MC_KILLED,COUNT_MC_INJURED,PRIMARY_RAMP,SECONDARY_RAMP,LATITUDE,LONGITUDE,COUNTY,CITY,POINT_X,POINT_Y
8946602,2019,2019-10-02,3711,2019-04-12,1231,SD4656,NA,5,5,7,3711,0,0,0,NA,0,243,MIRAMAR RD,CARROLL RD,400,W,N,A,-,N,NA,NA,NA,NA,NA,NA,NA,NA,NA,Y,2,0,2,3,A,-,03,22350,NA,N,A,C,A,A,H,-,A,D,0,NA,NA,NA,NA,Y,Y,A,01,1,0,1,0,0,0,0,0,0,-,-,NA,NA,SAN DIEGO,SAN DIEGO,-117.1572723388672,32.88138198852539
8947380,2019,2019-10-07,3710,2019-05-13,1430,OC1065,NA,1,5,6,3710,0,0,0,NA,0,010,CANYON DR,CAREY RD,0,NA,Y,A,-,N,NA,NA,NA,NA,NA,NA,NA,NA,NA,N,3,0,1,1,A,-,-,NA,NA,N,H,-,A,A,H,-,A,D,0,NA,Y,NA,NA,Y,NA,L,04,0,1,0,0,0,0,1,0,0,-,-,NA,NA,SAN DIEGO,OCEANSIDE,-117.35939025878906,33.203269958496094
8947488,2019,2019-10-10,3711,2019-09-16,2113,SD7950,NA,1,5,7,3711,0,0,0,NA,0,512,IMPERIAL AV,24TH ST,0,NA,Y,A,-,N,NA,NA,NA,NA,NA,NA,NA,NA,NA,N,3,0,1,2,A,-,12,22450,A,M,G,B,B,A,H,-,C,D,0,Y,NA,NA,NA,Y,NA,D,22,0,1,0,0,1,0,0,0,0,-,-,NA,NA,SAN DIEGO,SAN DIEGO,-117.14243316650392,32.7063102722168
8950228,2019,2019-10-08,3711,2019-09-26,0213,6513,NA,4,5,7,3711,0,0,0,NA,0,122,GARNET AV,HAINES ST,211,W,N,B,-,N,NA,NA,NA,NA,NA,NA,NA,NA,NA,Y,3,0,1,2,A,-,08,22107,NA,N,C,E,A,A,H,-,C,D,0,NA,NA,NA,NA,Y,Y,A,01,0,1,0,0,0,0,0,0,0,-,-,NA,NA,SAN DIEGO,SAN DIEGO,-117.24337005615234,32.79922866821289
8950631,2019,2019-10-16,3711,2019-09-17,1549,SD6173,NA,2,5,7,3711,0,0,0,NA,0,114,CHATEAU DR,GENESEE AV,200,E,N,A,-,N,NA,NA,NA,NA,NA,NA,NA,NA,NA,N,4,0,1,2,A,-,11,21950,B,N,G,B,D,A,H,-,A,D,0,Y,NA,NA,NA,Y,NA,N,60,0,0,1,0,1,0,0,0,0,-,-,NA,NA,SAN DIEGO,SAN DIEGO,-117.19274139404295,32.82883071899414
8951190,2019,2019-11-13,3701,2019-09-15,0707,CB5434,81,7,5,5,3701,0,0,0,NA,0,006,PALOMAR AIRPORT RD,EL FUERTE ST,0,NA,Y,A,-,N,NA,NA,NA,NA,NA,NA,NA,NA,NA,Y,3,0,2,2,A,-,12,21453,A,N,D,C,A,A,H,-,A,A,0,NA,NA,NA,NA,Y,NA,-,-,0,2,0,0,0,0,0,0,0,-,-,33.12984085083008,-117.25270080566406,SAN DIEGO,CARLSBAD,-117.25272369384766,33.12968826293945
8951496,2019,2019-10-24,3705,2019-09-23,1252,EC0324,NA,1,5,5,3705,0,0,0,NA,0,001,MARSHALL,VERNON,0,NA,Y,A,-,N,NA,NA,NA,NA,NA,NA,NA,NA,NA,Y,4,0,1,2,A,-,09,21800,A,N,D,C,A,A,H,-,A,D,0,NA,NA,NA,NA,Y,NA,A,07,0,0,1,0,0,0,0,0,0,-,-,NA,NA,SAN DIEGO,EL CAJON,-116.97576141357422,32.811981201171875
8951500,2019,2019-11-06,3705,2019-09-18,1726,EC5368,NA,3,5,5,3705,0,0,0,NA,0,002,SHADY LN,E MADISON AV,0,NA,Y,A,-,N,NA,NA,NA,NA,NA,NA,NA,NA,NA,N,3,0,1,2,A,-,09,21802,A,N,D,G,A,A,H,-,A,A,0,NA,Y,NA,NA,Y,NA,A,01,0,1,0,0,0,0,1,0,0,-,-,NA,NA,SAN DIEGO,EL CAJON,-116.93801879882813,32.80012893676758
8951508,2019,2019-10-24,3705,2019-09-24,1017,EC0324,NA,2,5,5,3705,0,0,0,NA,0,002,FIRST,MAIN,166,N,N,A,-,N,NA,NA,NA,NA,NA,NA,NA,NA,NA,N,2,0,1,2,A,-,08,22100,A,N,D,G,A,A,H,-,A,D,0,NA,Y,NA,NA,Y,NA,L,04,1,0,0,0,0,0,1,0,0,-,-,NA,NA,SAN DIEGO,EL CAJON,-116.9446029663086,32.79539489746094
8952993,2019,2019-10-18,3702,2019-09-26,1639,CV0927,2,4,5,6,3702,0,0,0,NA,0,002,4TH AV,J ST,0,NA,Y,A,-,N,NA,NA,NA,NA,NA,NA,NA,NA,NA,N,4,0,2,2,A,-,09,21801,A,N,D,C,A,A,H,-,A,A,0,NA,NA,NA,NA,Y,NA,A,01,0,0,2,0,0,0,0,0,0,-,-,NA,NA,SAN DIEGO,CHULA VISTA,-117.07858276367188,32.6263313293457
8953033,2019,2019-11-20,3702,2019-09-10,1425,CV1270,NA,2,5,6,3702,0,0,0,NA,0,032,EAST H ST,CORRAL CANYON RD,0,NA,Y,A,-,N,NA,NA,NA,NA,NA,NA,NA,NA,NA,Y,4,0,1,2,A,-,09,21801,A,N,A,C,A,A,H,-,A,A,0,NA,NA,NA,NA,Y,NA,A,01,0,0,1,0,0,0,0,0,0,-,-,NA,NA,SAN DIEGO,CHULA VISTA,-116.9878387451172,32.64830017089844
8953589,2019,2019-10-17,3711,2019-09-17,0718,SD7478,NA,2,5,7,3711,0,0,0,NA,0,451,COLLEGE GROVE DR,GEORGE STEVENS WY,330,W,N,A,-,N,NA,NA,NA,NA,NA,NA,NA,NA,NA,Y,4,0,1,1,A,-,05,21651,A,N,F,J,A,A,H,-,A,D,0,NA,NA,NA,NA,Y,NA,A,01,0,0,1,0,0,0,0,0,0,-,-,NA,NA,SAN DIEGO,SAN DIEGO,-117.05670166015624,32.741024017333984
8953702,2019,2019-10-09,3702,2019-08-04,0354,CV1218,NA,7,5,6,3702,0,0,0,NA,0,042,OLYMPIC PKWY,LA MEDIA,0,NA,Y,A,-,N,NA,NA,NA,NA,NA,NA,NA,NA,NA,Y,3,0,2,2,A,-,01,23152,A,N,D,C,A,A,H,-,C,A,0,NA,NA,NA,NA,Y,Y,A,01,0,1,1,0,0,0,0,0,0,-,-,NA,NA,SAN DIEGO,CHULA VISTA,-116.98622131347656,32.62504959106445
8954251,2019,2019-10-10,3702,2019-08-09,1150,CV1111,NA,5,5,6,3702,0,0,0,NA,0,023,TELEGRAPH CANYON RD,NACION AV,518,E,N,A,-,N,NA,NA,NA,NA,NA,NA,NA,NA,NA,Y,4,0,1,2,A,-,03,22350,NA,N,D,C,A,A,H,-,A,A,0,NA,NA,NA,NA,Y,NA,A,01,0,0,1,0,0,0,0,0,0,-,-,NA,NA,SAN DIEGO,CHULA VISTA,-117.04589080810548,32.6286735534668
8954317,2019,2019-10-16,3702,2019-08-12,0038,CV1170,NA,1,5,6,3702,0,0,0,NA,0,011,4TH AV,DAVIDSON ST,175,S,N,A,-,N,NA,NA,NA,NA,NA,NA,NA,NA,NA,Y,3,0,1,1,A,-,01,23152,A,N,E,I,A,A,H,-,C,D,0,NA,NA,NA,NA,Y,Y,A,01,0,1,0,0,0,0,0,0,0,-,-,NA,NA,SAN DIEGO,CHULA VISTA,-117.08445739746094,32.64137268066406
8955123,2019,2019-10-14,3708,2019-09-17,1352,LM8287,NA,2,5,5,3708,0,0,0,NA,0,001,UNIVERSITY AV,PARKS AV,0,NA,Y,A,-,N,NA,NA,NA,NA,NA,NA,NA,NA,NA,Y,4,0,1,3,A,-,12,21453,A,N,D,C,A,A,H,-,A,A,0,NA,NA,NA,NA,Y,NA,A,01,0,0,1,0,0,0,0,0,0,-,-,NA,NA,SAN DIEGO,LA MESA,-117.03327941894533,32.76042175292969
8955460,2019,2019-10-21,3711,2019-09-24,1737,SD7711,NA,2,5,7,3711,0,0,0,NA,0,442,NATIONAL AV,37TH ST,48,W,N,A,-,N,NA,NA,NA,NA,NA,NA,NA,NA,NA,N,3,0,1,2,C,-,18,NA,NA,N,E,G,A,A,H,-,A,D,0,NA,Y,NA,NA,Y,NA,-,-,0,1,0,0,0,0,1,0,0,-,-,NA,NA,SAN DIEGO,SAN DIEGO,-117.1147689819336,32.69602966308594
8955960,2019,2019-10-18,3706,2019-09-30,1900,455,ESCON,1,5,6,3706,0,0,0,NA,0,052,GRAND AV,BEECH ST,0,NA,Y,A,-,N,NA,NA,NA,NA,NA,NA,NA,NA,NA,Y,4,0,2,2,A,-,00,22540,A,N,D,C,A,A,H,-,C,D,0,NA,NA,NA,NA,Y,NA,A,01,0,0,2,0,0,0,0,0,0,-,-,33.126461029052734,-117.06728363037108,SAN DIEGO,ESCONDIDO,-117.06700134277344,33.12675094604492
8956295,2019,2019-10-21,3711,2019-09-24,0740,SD7685,NA,2,5,7,3711,0,0,0,NA,0,122,INGRAHAM ST,PACIFIC BEACH DR,0,NA,Y,A,-,N,NA,NA,NA,NA,NA,NA,NA,NA,NA,N,4,0,1,2,A,-,10,21950,A,M,D,G,A,A,H,-,A,A,0,NA,Y,NA,NA,Y,NA,-,NA,0,0,1,0,0,0,1,0,0,-,-,NA,NA,SAN DIEGO,SAN DIEGO,-117.23909759521484,32.793941497802734
8956362,2019,2019-12-14,3706,2019-10-07,0819,342,ESCON,1,5,6,3706,0,0,0,NA,0,045,9TH AV,ORANGE ST,25,E,N,A,-,N,NA,NA,NA,NA,NA,NA,NA,NA,NA,Y,4,0,1,2,A,-,03,22350,NA,N,C,C,A,A,H,-,A,D,0,NA,NA,NA,NA,Y,NA,A,01,0,0,1,0,0,0,0,0,0,-,-,33.112430572509766,-117.08049774169922,SAN DIEGO,ESCONDIDO,-117.0803680419922,33.11247634887695
8956694,2019,2019-10-11,3702,2019-09-10,1615,CV1266,NA,2,5,6,3702,0,0,0,NA,0,022,3RD AV,NAPLES ST,390,N,N,A,-,N,NA,NA,NA,NA,NA,NA,NA,NA,NA,N,4,0,2,2,A,-,08,22107,NA,N,D,C,A,A,H,-,A,D,0,NA,NA,NA,NA,Y,NA,A,01,0,0,2,0,0,0,0,0,0,-,-,NA,NA,SAN DIEGO,CHULA VISTA,-117.06948852539063,32.61469268798828
8959258,2019,2019-11-05,3711,2019-10-12,0813,SD7849,NA,6,5,7,3711,0,0,0,NA,0,821,EL CAJON BL,72ND ST,180,E,N,-,-,N,NA,NA,NA,NA,NA,NA,NA,NA,NA,N,3,0,1,3,A,-,08,22107,NA,N,C,E,A,A,H,-,A,D,0,NA,NA,NA,NA,Y,Y,A,01,0,1,0,0,0,0,0,0,0,-,-,NA,NA,SAN DIEGO,SAN DIEGO,-117.04204559326172,32.76879119873047
8960726,2019,2019-12-10,3711,2019-10-01,1441,SD4243,NA,2,5,7,3711,0,0,0,NA,0,122,MISSION BL,GARNET AV,37,N,N,A,-,N,NA,NA,NA,NA,NA,NA,NA,NA,NA,N,4,0,2,2,A,-,21,22106,NA,N,C,C,A,A,H,-,A,A,0,NA,NA,NA,NA,Y,NA,J,48,0,0,2,0,0,0,0,0,0,-,-,NA,NA,SAN DIEGO,SAN DIEGO,-117.25551605224608,32.79667663574219
8961576,2019,2019-11-12,3711,2019-09-27,1414,7526,NA,5,5,7,3711,0,0,0,NA,0,126,VILLA LA JOLLA DR,VILLA LA JOLLA DR 8880,0,NA,-,A,-,N,NA,NA,NA,NA,NA,NA,NA,NA,NA,N,4,0,1,2,A,-,04,21703,NA,N,C,C,A,A,H,-,A,D,0,NA,NA,NA,Y,Y,NA,F,26,0,0,1,0,0,0,0,0,0,-,-,NA,NA,SAN DIEGO,SAN DIEGO,NA,NA
8961748,2019,2019-11-07,3711,2019-09-27,1555,SD7673,NA,5,5,7,3711,0,0,0,NA,0,611,PACIFIC HWY,KURTZ ST,183,S,N,A,-,N,NA,NA,NA,NA,NA,NA,NA,NA,NA,Y,4,0,2,2,A,-,05,21651,A,N,D,C,A,A,H,-,A,D,0,NA,NA,NA,NA,Y,NA,A,01,0,0,2,0,0,0,0,0,0,-,-,NA,NA,SAN DIEGO,SAN DIEGO,-117.1996841430664,32.74948501586914
8962059,2019,2019-11-12,3711,2019-10-01,1950,SD4884,NA,2,5,7,3711,0,0,0,NA,0,232,CARMEL MOUNTAIN RD,RANCHO CARMEL DR,20,W,N,A,-,N,NA,NA,NA,NA,NA,NA,NA,NA,NA,N,4,0,3,2,A,-,04,21703,NA,N,C,C,A,A,H,-,C,A,0,NA,NA,NA,NA,Y,NA,A,07,0,0,3,0,0,0,0,0,0,-,-,NA,NA,SAN DIEGO,SAN DIEGO,-117.08213043212892,32.97898864746094
8962600,2019,2019-11-05,3711,2019-10-02,2224,SD7840,NA,3,5,7,3711,0,0,0,NA,0,813,HAMILTON ST,HAMILTON ST 3942,0,NA,N,A,-,N,NA,NA,NA,NA,NA,NA,NA,NA,NA,N,3,0,1,1,A,-,-,NA,NA,N,A,I,A,A,H,-,D,D,0,NA,NA,NA,NA,Y,NA,-,NA,0,1,0,0,0,0,0,0,0,-,-,NA,NA,SAN DIEGO,SAN DIEGO,-117.136343,32.749312
8963764,2019,2019-10-30,3702,2019-08-15,0746,CV1253,NA,4,5,6,3702,0,0,0,NA,0,023,EAST L ST,MELROSE AV,0,NA,Y,A,-,N,NA,NA,NA,NA,NA,NA,NA,NA,NA,Y,3,0,2,2,A,-,09,21802,A,M,D,C,A,A,H,-,A,D,0,NA,NA,NA,NA,Y,Y,A,01,0,1,1,0,0,0,0,0,0,-,-,NA,NA,SAN DIEGO,CHULA VISTA,-117.04937744140624,32.626949310302734
8964138,2019,2019-11-21,3706,2019-09-10,1320,1834,ESCON,2,5,6,3706,0,0,0,NA,0,044,MISSION AV,HARDING ST,42,N,Y,A,-,N,NA,NA,NA,NA,NA,NA,NA,NA,NA,N,4,0,1,2,A,-,09,21802,A,N,D,C,A,A,H,-,A,D,0,NA,NA,NA,NA,Y,NA,A,01,0,0,1,0,0,0,0,0,0,-,-,33.13753890991211,-117.06800842285156,SAN DIEGO,ESCONDIDO,-117.0680694580078,33.13747787475586
8964152,2019,2020-05-19,3706,2019-09-29,2004,483,ESCON,7,5,6,3706,0,0,0,NA,0,042,WASHINGTON AV,FIG ST,0,NA,Y,A,-,Y,SD,11,78,-,T,18.577,I,5,W,Y,4,0,2,2,-,-,-,NA,NA,N,D,C,A,A,H,-,C,A,0,NA,NA,NA,NA,Y,NA,-,-,0,0,2,0,0,0,0,0,0,-,-,33.12928009033203,-117.07585144042967,SAN DIEGO,ESCONDIDO,-117.07562255859376,33.12952423095703
8964159,2019,2020-09-29,3701,2019-09-08,0841,CB5521,067,7,5,5,3701,0,0,0,NA,0,002,PALOMAR AIRPORT RD,RT 5,0,NA,Y,A,-,Y,SD,11,5,NA,R,47.269,R,4,S,N,4,0,1,2,A,-,12,21453,A,N,D,C,A,A,H,-,A,A,0,NA,NA,NA,NA,Y,NA,A,01,0,0,1,0,0,0,0,0,0,-,SF,NA,NA,SAN DIEGO,CARLSBAD,-117.32225036621094,33.1221809387207
8964172,2019,2019-11-06,3700,2019-08-07,1642,SH1126,NA,3,5,4,3720,0,0,0,NA,0,602,VISTA AV,BROADWAY,0,NA,Y,A,-,N,NA,NA,NA,NA,NA,NA,NA,NA,NA,N,4,0,1,2,C,-,18,NA,NA,F,G,B,E,A,H,-,A,D,0,Y,NA,NA,NA,Y,NA,-,-,0,0,1,0,1,0,0,0,0,-,-,NA,NA,SAN DIEGO,LEMON GROVE,-117.041748046875,32.74264144897461
8966557,2019,2019-11-18,3711,2019-09-29,0606,HB5730,NA,7,5,7,3711,0,0,0,NA,0,503,NORTH HARBOR DR,AIRPORT TERMINAL SIGN,91,E,N,A,-,N,NA,NA,NA,NA,NA,NA,NA,NA,NA,Y,4,0,1,3,A,-,04,21703,NA,N,C,C,A,A,H,-,B,A,0,NA,NA,NA,NA,Y,NA,D,22,0,0,1,0,0,0,0,0,0,-,-,NA,NA,SAN DIEGO,SAN DIEGO,NA,NA
8966741,2019,2019-11-12,3711,2019-10-02,0817,SD7231,NA,3,5,7,3711,0,0,0,NA,0,442,NATIONAL AV,S 41ST ST,0,NA,Y,A,-,N,NA,NA,NA,NA,NA,NA,NA,NA,NA,N,4,0,1,2,A,-,10,21950,A,N,G,B,B,A,H,-,A,A,0,Y,NA,NA,NA,Y,NA,A,07,0,0,1,0,1,0,0,0,0,-,-,NA,NA,SAN DIEGO,SAN DIEGO,-117.10603332519533,32.69609069824219
8967163,2019,2019-11-06,3705,2019-08-28,1358,0219,NA,3,5,5,3705,0,0,0,NA,0,002,N MAGNOLIA AV,W PARK AV,0,NA,Y,A,-,N,NA,NA,NA,NA,NA,NA,NA,NA,NA,Y,3,0,2,2,A,-,09,21801,A,N,D,C,A,A,H,-,A,A,0,NA,NA,NA,NA,Y,NA,A,01,0,1,1,0,0,0,0,0,0,-,-,NA,NA,SAN DIEGO,EL CAJON,-116.96234893798828,32.797489166259766
8967276,2019,2019-11-05,3711,2019-10-20,2148,SD7565,NA,7,5,7,3711,0,0,0,NA,0,621,EASTMAN ST,ULRIC ST,205,E,N,A,-,N,NA,NA,NA,NA,NA,NA,NA,NA,NA,Y,3,0,1,5,A,-,01,23152,A,N,A,C,A,A,H,-,C,-,0,NA,NA,NA,NA,Y,Y,A,01,0,1,0,0,0,0,0,0,0,-,-,NA,NA,SAN DIEGO,SAN DIEGO,-117.17086029052734,32.78776931762695
8967862,2019,2019-11-08,3711,2019-10-26,2215,SD7864,NA,6,5,7,3711,0,0,0,NA,0,614,LOMA BL,SUNSET CLIFF,0,NA,Y,A,-,N,NA,NA,NA,NA,NA,NA,NA,NA,NA,Y,3,0,1,2,A,-,-,NA,NA,N,D,C,A,A,H,-,C,A,0,NA,NA,NA,Y,Y,Y,F,26,0,1,0,0,0,0,0,0,0,-,-,NA,NA,SAN DIEGO,SAN DIEGO,-117.18489074707033,32.751220703125
8968496,2019,2019-11-13,3711,2019-10-14,0615,SD6629,NA,1,5,7,3711,0,0,0,NA,0,433,IMPERIAL AV,IMPERIAL AV 6600,3,S,N,A,-,N,NA,NA,NA,NA,NA,NA,NA,NA,NA,N,4,0,1,2,A,-,10,21950,A,M,G,B,B,A,H,-,A,A,0,Y,NA,NA,NA,Y,NA,-,NA,0,0,1,0,1,0,0,0,0,-,-,NA,NA,SAN DIEGO,SAN DIEGO,NA,NA
8968536,2019,2019-11-13,3711,2019-10-14,1400,SD7978,NA,1,5,7,3711,0,0,0,NA,0,524,WEST LAUREL ST,W LAUREL ST 600,0,NA,Y,A,-,N,NA,NA,NA,NA,NA,NA,NA,NA,NA,N,3,0,1,1,A,-,03,22350,NA,N,H,J,A,A,H,-,A,D,0,NA,NA,NA,NA,Y,NA,-,NA,0,1,0,0,0,0,0,0,0,-,-,NA,NA,SAN DIEGO,SAN DIEGO,NA,NA
8969717,2019,2019-11-15,3708,2019-09-20,1929,LM8288,NA,5,5,5,3708,0,0,0,NA,0,001,FLETCHER PKWY,BALTIMORE DR,0,NA,Y,A,-,N,NA,NA,NA,NA,NA,NA,NA,NA,NA,N,4,0,1,3,A,-,09,21453,B,N,G,B,B,A,H,-,C,A,0,Y,NA,NA,NA,Y,NA,A,01,0,0,1,0,1,0,0,0,0,-,-,NA,NA,SAN DIEGO,LA MESA,-117.02742767333984,32.77402877807617
8970879,2019,2019-11-08,3700,2019-09-20,1551,SH7085,NA,5,5,5,3713,0,0,0,NA,0,302,EAST VISTA WY,BARSBY ST,182,N,N,A,-,N,NA,NA,NA,NA,NA,NA,NA,NA,NA,N,4,0,2,2,A,-,03,22350,NA,N,C,C,A,A,H,-,A,D,0,NA,NA,NA,NA,Y,NA,A,01,0,0,2,0,0,0,0,0,0,-,-,NA,NA,SAN DIEGO,VISTA,-117.22622680664063,33.234928131103516
8970934,2019,2020-10-06,3711,2019-10-16,1440,SD6000,NA,3,5,7,3711,0,0,0,NA,0,313,CONVOY ST,RT 52,0,NA,Y,A,-,Y,SD,11,52,-,-,5.28,R,4,E,Y,3,0,2,3,A,-,12,21453,A,N,D,C,A,A,H,-,A,A,0,NA,NA,NA,Y,Y,NA,A,01,0,1,1,0,0,0,0,0,0,-,EF,NA,NA,SAN DIEGO,SAN DIEGO,-117.15570068359376,32.8372917175293
8972994,2019,2019-11-19,3711,2019-10-24,0818,SD6104,NA,4,5,7,3711,0,0,0,NA,0,838,UNIVERSITY AV,39TH ST,0,NA,Y,A,-,N,NA,NA,NA,NA,NA,NA,NA,NA,NA,Y,4,0,4,3,A,-,12,21453,A,N,D,C,A,A,H,-,A,A,0,NA,NA,NA,NA,Y,NA,A,01,0,0,4,0,0,0,0,0,0,-,-,NA,NA,SAN DIEGO,SAN DIEGO,-117.11064910888672,32.749691009521484
8973461,2019,2019-12-17,3711,2019-10-09,1626,SD7614,NA,3,5,7,3711,0,0,0,NA,0,625,MORENA BL,MORENA BL  800,0,NA,Y,-,-,N,NA,NA,NA,NA,NA,NA,NA,NA,NA,Y,3,0,4,4,A,-,03,22350,NA,N,C,C,A,-,-,-,A,-,0,NA,NA,NA,NA,Y,NA,A,01,0,1,3,0,0,0,0,0,0,-,-,NA,NA,SAN DIEGO,SAN DIEGO,NA,NA
8974404,2019,2019-12-10,3711,2019-10-13,1050,SD7348,NA,7,5,7,3711,0,0,0,NA,0,611,PACIFIC HWY,KURTZ ST,0,NA,Y,A,-,N,NA,NA,NA,NA,NA,NA,NA,NA,NA,N,4,0,1,1,A,-,03,22350,NA,N,E,J,A,A,B,-,A,A,0,NA,Y,NA,NA,Y,NA,L,04,0,0,1,0,0,0,1,0,0,-,-,NA,NA,SAN DIEGO,SAN DIEGO,-117.19991302490234,32.74995040893555
8975280,2019,2019-12-16,3711,2019-10-17,1052,SD7939,NA,4,5,7,3711,0,0,0,NA,0,712,BEYER BL,W PARK AV,0,NA,Y,A,-,N,NA,NA,NA,NA,NA,NA,NA,NA,NA,N,4,0,2,2,A,-,09,21804,A,N,D,D,A,A,H,-,A,A,0,NA,NA,NA,NA,Y,NA,A,01,0,0,2,0,0,0,0,0,0,-,-,NA,NA,SAN DIEGO,SAN DIEGO,-117.04454040527344,32.558319091796875
8976661,2019,2020-02-26,3702,2019-10-19,1642,CV1147,NA,6,5,6,3702,0,0,0,NA,0,032,PROCTOR VALLEY RD,HUNTE PKWY,0,NA,Y,A,-,N,NA,NA,NA,NA,NA,NA,NA,NA,NA,Y,4,0,2,2,A,-,12,21453,A,N,D,C,A,A,H,-,A,A,0,NA,NA,NA,NA,Y,NA,A,01,0,0,2,0,0,0,0,0,0,-,-,NA,NA,SAN DIEGO,CHULA VISTA,-116.95535278320313,32.6616096496582
8976670,2019,2020-01-14,3702,2019-10-28,1540,CV1242,NA,1,5,6,3702,0,0,0,NA,0,041,OLYMPIC PKWY,HERITAGE RD,854,E,N,A,-,N,NA,NA,NA,NA,NA,NA,NA,NA,NA,Y,4,0,2,2,A,-,03,22350,NA,N,C,C,A,A,H,-,A,D,0,NA,NA,NA,NA,Y,NA,A,01,0,0,2,0,0,0,0,0,0,-,-,NA,NA,SAN DIEGO,CHULA VISTA,-116.99947357177734,32.61764144897461
8976697,2019,2019-12-23,3702,2019-10-15,1520,CV0410,NA,2,5,6,3702,0,0,0,NA,0,014,EAST J ST,CLAIRE AV,12,E,N,A,-,N,NA,NA,NA,NA,NA,NA,NA,NA,NA,N,3,0,1,2,A,-,03,22350,NA,N,C,C,A,A,H,-,A,D,0,NA,NA,Y,NA,Y,NA,C,02,0,1,0,0,0,0,0,0,1,-,-,NA,NA,SAN DIEGO,CHULA VISTA,-117.05951690673828,32.63167190551758
8978259,2019,2019-12-05,3711,2019-10-29,1230,4691,NA,2,5,7,3711,0,0,0,NA,0,245,BEELER CANYON RD,CREEK RD,0,NA,-,A,-,N,NA,NA,NA,NA,NA,NA,NA,NA,NA,Y,4,0,1,1,A,-,08,22107,NA,N,H,A,A,A,H,-,A,B,0,NA,NA,NA,NA,Y,NA,A,01,0,0,1,0,0,0,0,0,0,-,-,NA,NA,SAN DIEGO,SAN DIEGO,-117.0541534423828,32.928749084472656
8978260,2019,2019-12-05,3711,2019-10-30,0955,5300,NA,3,5,7,3711,0,0,0,NA,0,116,CLAIREMONT DR,BURGENER BL,470,W,N,A,-,N,NA,NA,NA,NA,NA,NA,NA,NA,NA,N,3,0,2,3,A,-,09,21804,A,N,D,C,A,A,H,-,A,D,0,NA,NA,NA,NA,Y,NA,A,01,0,2,0,0,0,0,0,0,0,-,-,NA,NA,SAN DIEGO,SAN DIEGO,-117.1955108642578,32.793724060058594
8979761,2019,2019-11-25,3711,2019-10-23,2316,SD7734,NA,3,5,7,3711,0,0,0,NA,0,111,ASHFORD,ASHFORD 3574,0,NA,Y,A,-,N,NA,NA,NA,NA,NA,NA,NA,NA,NA,Y,3,0,1,3,A,-,08,22107,NA,N,B,C,A,A,H,-,C,D,0,NA,NA,NA,NA,Y,NA,A,07,0,1,0,0,0,0,0,0,0,-,-,NA,NA,SAN DIEGO,SAN DIEGO,-117.159917,32.809203
8980183,2019,2019-11-21,3706,2019-10-28,1737,318,ESCON,1,5,6,3706,0,0,0,NA,0,061,ESCONDIDO BL,CENTRE CITY PKWY,0,NA,Y,A,-,N,NA,NA,NA,NA,NA,NA,NA,NA,NA,NA,4,0,1,2,A,-,09,21802,A,N,D,C,A,A,H,-,A,A,0,NA,NA,NA,NA,Y,NA,A,01,0,0,1,0,0,0,0,0,0,-,-,33.09701919555664,-117.07147216796876,SAN DIEGO,ESCONDIDO,-117.07135009765624,33.08671188354492
8981696,2019,2019-12-04,3711,2019-10-08,1200,SD7451,NA,2,5,7,3711,0,0,0,NA,0,611,SPORTS ARENA BL,SPORTS ARENA BL 3100,0,NA,N,-,-,N,NA,NA,NA,NA,NA,NA,NA,NA,NA,N,4,0,1,2,A,-,08,22107,NA,N,-,-,A,-,-,-,-,-,0,NA,Y,NA,NA,Y,NA,A,01,0,0,1,0,0,0,1,0,0,-,-,NA,NA,SAN DIEGO,SAN DIEGO,NA,NA
8984318,2019,2019-12-24,3706,2019-11-22,1734,531,ESCON,5,5,6,3706,0,0,0,NA,0,044,WASHINGTON AV,ROSE ST,0,NA,Y,A,-,N,NA,NA,NA,NA,NA,NA,NA,NA,NA,N,4,0,3,3,A,-,01,23152,A,F,D,C,A,A,H,-,C,A,0,NA,NA,NA,NA,Y,Y,A,01,0,0,3,0,0,0,0,0,0,-,-,33.13697814941406,-117.0610809326172,SAN DIEGO,ESCONDIDO,-117.06089782714844,33.137290954589844