CASE_ID,ACCIDENT_YEAR,PROC_DATE,JURIS,COLLISION_DATE,COLLISION_TIME,OFFICER_ID,REPORTING_DISTRICT,DAY_OF_WEEK,CHP_SHIFT,POPULATION,CNTY_CITY_LOC,SPECIAL_COND,BEAT_TYPE,CHP_BEAT_TYPE,CITY_DIVISION_LAPD,CHP_BEAT_CLASS,BEAT_NUMBER,PRIMARY_RD,SECONDARY_RD,DISTANCE,DIRECTION,INTERSECTION,WEATHER_1,WEATHER_2,STATE_HWY_IND,CALTRANS_COUNTY,CALTRANS_DISTRICT,STATE_ROUTE,ROUTE_SUFFIX,POSTMILE_PREFIX,POSTMILE,LOCATION_TYPE,RAMP_INTERSECTION,SIDE_OF_HWY,TOW_AWAY,COLLISION_SEVERITY,NUMBER_KILLED,NUMBER_INJURED,PARTY_COUNT,PRIMARY_COLL_FACTOR,PCF_CODE_OF_VIOL,PCF_VIOL_CATEGORY,PCF_VIOLATION,PCF_VIOL_SUBSECTION,HIT_AND_RUN,TYPE_OF_COLLISION,MVIW,PED_ACTION,ROAD_SURFACE,ROAD_COND_1,ROAD_COND_2,LIGHTING,CONTROL_DEVICE,CHP_ROAD_TYPE,PEDESTRIAN_ACCIDENT,BICYCLE_ACCIDENT,MOTORCYCLE_ACCIDENT,TRUCK_ACCIDENT,NOT_PRIVATE_PROPERTY,ALCOHOL_INVOLVED,STWD_VEHTYPE_AT_FAULT,CHP_VEHTYPE_AT_FAULT,COUNT_SEVERE_INJ,COUNT_VISIBLE_INJ,COUNT_COMPLAINT_PAIN,COUNT_PED_KILLED,COUNT_PED_INJURED,COUNT_BICYCLIST_KILLED,COUNT_BICYCLIST_INJURED,COUNT_MC_KILLED,COUNT_MC_INJURED,PRIMARY_RAMP,SECONDARY_RAMP,LATITUDE,LONGITUDE,COUNTY,CITY,POINT_X,POINT_Y
8984880,2019,2019-12-31,3706,2019-11-14,0245,513,ESCON,4,5,6,3706,0,0,0,NA,0,056,BEAR VALLEY PKWY,GLEN RIDGE RD S,182,S,N,A,E,N,NA,NA,NA,NA,NA,NA,NA,NA,NA,Y,4,0,2,2,A,-,01,23152,A,N,D,C,A,A,H,-,-,D,0,NA,NA,NA,NA,Y,Y,A,01,0,0,2,0,0,0,0,0,0,-,-,33.12575912475586,-117.04598236083984,SAN DIEGO,ESCONDIDO,-117.04598999023438,33.12527084350586
8985112,2019,2020-02-27,3706,2019-10-05,1127,507,ESCON,6,5,6,3706,0,0,0,NA,0,042,ASH ST,WASHINGTONIA DR,0,NA,Y,A,-,N,NA,NA,NA,NA,NA,NA,NA,NA,NA,N,4,0,1,2,A,-,12,21453,A,N,D,C,A,A,H,-,A,A,0,NA,NA,NA,NA,Y,NA,A,01,0,0,1,0,0,0,0,0,0,-,-,NA,NA,SAN DIEGO,ESCONDIDO,-117.06800079345705,33.13311004638672
8985727,2019,2020-01-10,3701,2019-11-17,1810,CB5492,072,7,5,5,3701,0,0,0,NA,0,006,PALOMAR AIRPORT RD,PASEO DEL NORTE,95,E,N,A,-,N,NA,NA,NA,NA,NA,NA,NA,NA,NA,Y,4,0,3,3,A,-,03,22350,NA,N,C,C,A,A,H,-,C,A,0,NA,NA,NA,NA,Y,NA,A,01,0,0,3,0,0,0,0,0,0,-,-,NA,NA,SAN DIEGO,CARLSBAD,-117.31886291503906,33.1219596862793
8985735,2019,2021-06-23,3701,2019-11-16,2317,CB5363,68,6,5,5,3701,0,0,0,NA,0,002,CARLSBAD BL,SEQUOIA  AV,1864,S,N,A,-,N,NA,NA,NA,NA,NA,NA,NA,NA,NA,Y,2,0,4,2,A,-,01,23153,B,N,C,C,A,A,H,-,A,D,0,NA,NA,NA,NA,Y,Y,A,01,1,1,2,0,0,0,0,0,0,-,-,NA,NA,SAN DIEGO,CARLSBAD,-117.34131622314452,33.14262771606445
8986333,2019,2019-12-02,3711,2019-10-31,1640,SD7907,NA,4,5,7,3711,0,0,0,NA,0,313,BALBOA AV,KEARNY VILLA RD,0,NA,Y,A,-,N,NA,NA,NA,NA,NA,NA,NA,NA,NA,Y,3,0,3,3,A,-,09,21453,C,N,A,C,A,A,H,-,A,A,0,NA,NA,NA,NA,Y,NA,A,01,0,1,2,0,0,0,0,0,0,-,-,NA,NA,SAN DIEGO,SAN DIEGO,-117.14431762695313,32.82170867919922
8986507,2019,2019-12-11,3700,2019-09-17,1315,SH7709,NA,2,5,2,3704,0,0,0,NA,0,292,CAMINO DEL MAR,VIA DE LA VALLE,929,S,N,A,-,N,NA,NA,NA,NA,NA,NA,NA,NA,NA,N,3,0,1,2,A,-,08,22107,NA,N,C,G,A,A,H,-,A,D,0,NA,Y,NA,NA,Y,NA,A,07,0,1,0,0,0,0,1,0,0,-,-,NA,NA,SAN DIEGO,DEL MAR,-117.26921081542967,32.97770309448242
8987541,2019,2019-11-22,3711,2019-09-02,1201,SD6753,NA,1,5,7,3711,0,0,0,NA,0,627,ROBINSON ST,ROBINSON ST 800,0,NA,-,A,-,N,NA,NA,NA,NA,NA,NA,NA,NA,NA,N,4,0,1,2,A,-,03,22350,NA,N,C,C,A,A,H,-,A,D,0,NA,NA,NA,NA,Y,NA,A,01,0,0,1,0,0,0,0,0,0,-,-,NA,NA,SAN DIEGO,SAN DIEGO,NA,NA
8987945,2019,2019-12-03,3702,2019-07-31,1758,CV1245,NA,3,5,6,3702,0,0,0,NA,0,042,OLYMPIC PKWY,TOWN CENTER DR,0,NA,Y,A,-,N,NA,NA,NA,NA,NA,NA,NA,NA,NA,N,4,0,1,2,A,-,08,22107,NA,N,B,C,A,A,H,-,A,A,0,NA,NA,NA,NA,Y,NA,A,01,0,0,1,0,0,0,0,0,0,-,-,NA,NA,SAN DIEGO,CHULA VISTA,-116.96746063232422,32.628578186035156
8989277,2019,2020-01-14,3700,2019-11-14,1805,SH0817,NA,4,5,5,3712,0,0,0,NA,0,361,SOUTH TWIN OAKS VALLEY RD,BARHAM DR,680,S,N,A,-,N,NA,NA,NA,NA,NA,NA,NA,NA,NA,N,4,0,1,2,A,-,04,21703,NA,N,C,C,A,A,H,-,C,D,0,NA,NA,NA,NA,Y,NA,A,01,0,0,1,0,0,0,0,0,0,-,-,NA,NA,SAN DIEGO,SAN MARCOS,-117.16492462158205,33.13026428222656
8990541,2019,2020-10-06,3703,2019-11-22,0732,1170,NA,5,5,3,3703,0,0,0,NA,0,001,4TH ST,D AV,50,E,N,A,-,Y,SD,11,282,-,-,0.07,H,-,E,Y,4,0,1,2,A,-,03,22350,NA,N,C,C,A,A,H,-,A,D,0,NA,NA,NA,NA,Y,NA,A,01,0,0,1,0,0,0,0,0,0,-,-,NA,NA,SAN DIEGO,CORONADO,-117.17591857910156,32.69492721557617
8992202,2019,2020-01-16,3711,2019-11-09,2230,SD5556,NA,6,5,7,3711,0,0,0,NA,0,315,FRIARS RD,FRIARS RD  9500,0,NA,Y,A,-,N,NA,NA,NA,NA,NA,NA,NA,NA,NA,N,4,0,1,2,A,-,03,22350,NA,M,C,C,A,-,G,-,C,-,0,NA,NA,NA,NA,Y,NA,-,99,0,0,1,0,0,0,0,0,0,-,-,NA,NA,SAN DIEGO,SAN DIEGO,NA,NA
8992360,2019,2020-01-09,3711,2019-10-30,1213,SD6686,NA,3,5,7,3711,0,0,0,NA,0,122,MISSION BAY DR,ROSEWOOD ST,0,NA,Y,A,-,N,NA,NA,NA,NA,NA,NA,NA,NA,NA,N,2,0,1,2,A,-,03,22350,NA,N,B,C,A,A,G,-,A,B,0,NA,NA,Y,Y,Y,NA,C,02,1,0,0,0,0,0,0,0,1,-,-,NA,NA,SAN DIEGO,SAN DIEGO,-117.21369934082033,32.80057144165039
8992422,2019,2020-01-15,3711,2019-11-16,0145,SD7972,NA,6,5,7,3711,0,0,0,NA,0,522,PACIFIC HWY,W F ST,19,N,N,A,-,N,NA,NA,NA,NA,NA,NA,NA,NA,NA,N,3,0,1,1,A,-,17,21208,B,N,A,A,A,A,D,-,C,D,0,NA,NA,NA,NA,Y,Y,-,NA,0,1,0,0,0,0,0,0,0,-,-,NA,NA,SAN DIEGO,SAN DIEGO,-117.17108154296876,32.7136116027832
8992781,2019,2020-01-06,3700,2019-10-10,1525,SG7217,NA,4,5,4,3780,0,0,0,NA,0,411,ESPOLA RD,TWIN PEAKS RD,327,N,N,A,-,N,NA,NA,NA,NA,NA,NA,NA,NA,NA,Y,3,0,1,2,A,-,03,22350,NA,N,C,C,A,A,H,-,A,A,0,NA,NA,NA,NA,Y,NA,A,01,0,1,0,0,0,0,0,0,0,-,-,NA,NA,SAN DIEGO,POWAY,-117.02330017089844,32.9790153503418
8992841,2019,2019-12-03,3711,2019-09-19,0703,SD8192,NA,4,5,7,3711,0,0,0,NA,0,824,EL CAJON BL,47TH ST,50,E,N,A,-,N,NA,NA,NA,NA,NA,NA,NA,NA,NA,N,3,0,1,2,A,-,17,22517,NA,N,E,G,A,A,H,-,A,A,0,NA,Y,NA,NA,Y,NA,A,01,0,1,0,0,0,0,1,0,0,-,-,NA,NA,SAN DIEGO,SAN DIEGO,-117.09310913085938,32.755924224853516
8993500,2019,2020-01-14,3711,2019-11-07,1317,SD7659,NA,4,5,7,3711,0,0,0,NA,0,834,UNIVERSITY AV,43RD ST,5,E,N,A,-,N,NA,NA,NA,NA,NA,NA,NA,NA,NA,Y,4,0,1,2,A,-,12,21453,A,N,D,C,A,A,H,-,A,A,0,NA,NA,NA,NA,Y,NA,A,01,0,0,1,0,0,0,0,0,0,-,-,NA,NA,SAN DIEGO,SAN DIEGO,-117.1020050048828,32.74961853027344
8995949,2019,2020-01-07,3711,2019-11-24,1206,SD6771,NA,7,5,7,3711,0,0,0,NA,0,834,UNIVERSITY AV,FAIRMOUNT AV,9,W,N,A,-,N,NA,NA,NA,NA,NA,NA,NA,NA,NA,N,4,0,1,2,A,-,03,22350,NA,N,C,C,A,A,H,-,A,A,0,NA,NA,NA,NA,Y,NA,A,08,0,0,1,0,0,0,0,0,0,-,-,NA,NA,SAN DIEGO,SAN DIEGO,-117.10092926025392,32.74959945678711
8997434,2019,2020-01-29,3711,2019-09-22,0012,SD6045,NA,7,5,7,3711,0,0,0,NA,0,327,SARANAC ST,MANCHESTER RD,0,NA,N,A,-,N,NA,NA,NA,NA,NA,NA,NA,NA,NA,N,4,0,1,2,C,-,18,NA,NA,N,G,B,E,A,H,-,A,D,0,Y,NA,NA,NA,Y,NA,-,-,0,0,1,0,1,0,0,0,0,-,-,NA,NA,SAN DIEGO,SAN DIEGO,-117.04802703857422,32.77080154418945
8998002,2019,2020-01-15,3711,2019-11-06,0920,SD5589,NA,3,5,7,3711,0,0,0,NA,0,521,16TH ST,F ST,0,NA,-,A,-,N,NA,NA,NA,NA,NA,NA,NA,NA,NA,N,4,0,2,2,A,-,12,21453,A,N,D,C,A,A,H,-,A,A,0,NA,NA,NA,NA,Y,NA,A,01,0,0,2,0,0,0,0,0,0,-,-,NA,NA,SAN DIEGO,SAN DIEGO,-117.14942932128906,32.71366882324219
8998077,2019,2020-01-15,3711,2019-11-27,0705,SD7600,NA,3,5,7,3711,0,0,0,NA,0,115,REGENTS RD,LA JOLLA VILLAGE DR,0,NA,Y,A,-,N,NA,NA,NA,NA,NA,NA,NA,NA,NA,Y,4,0,1,1,A,-,08,22100,B,N,E,I,A,A,H,-,A,A,0,NA,NA,NA,NA,Y,Y,A,01,0,0,1,0,0,0,0,0,0,-,-,NA,NA,SAN DIEGO,SAN DIEGO,-117.2183837890625,32.871360778808594
8998082,2019,2019-12-17,3711,2019-10-28,1145,SD7008,NA,1,5,7,3711,0,0,0,NA,0,451,54TH ST,NUTMEG ST,105,S,N,A,-,N,NA,NA,NA,NA,NA,NA,NA,NA,NA,N,2,0,1,2,A,-,11,21954,A,N,D,B,D,A,H,-,A,A,0,Y,NA,NA,NA,Y,NA,N,60,1,0,0,0,1,0,0,0,0,-,-,NA,NA,SAN DIEGO,SAN DIEGO,-117.0798568725586,32.73362350463867
8998204,2019,2020-03-02,3711,2019-11-16,0723,SD7710,NA,6,5,7,3711,0,0,0,NA,0,431,IMPERIAL AV,54TH ST,0,NA,Y,A,-,N,NA,NA,NA,NA,NA,NA,NA,NA,NA,N,3,0,1,3,A,-,10,21950,A,N,G,B,B,A,H,-,A,A,0,Y,NA,NA,NA,Y,NA,-,NA,0,1,0,0,1,0,0,0,0,-,-,NA,NA,SAN DIEGO,SAN DIEGO,-117.07878112792967,32.70708084106445
8998280,2019,2019-12-12,3702,2019-10-25,1722,1268,NA,5,5,6,3702,0,0,0,NA,0,023,PALOMAR ST,HILLTOP DR,92,W,N,A,-,N,NA,NA,NA,NA,NA,NA,NA,NA,NA,Y,2,0,2,2,A,-,08,22100,B,N,D,C,A,A,H,-,A,D,0,NA,NA,NA,NA,Y,NA,A,01,1,1,0,0,0,0,0,0,0,-,-,NA,NA,SAN DIEGO,CHULA VISTA,-117.0544662475586,32.61012268066406
8998468,2019,2020-01-24,3711,2019-11-13,1648,SD7815,NA,3,5,7,3711,0,0,0,NA,0,529,4TH AV,DATE ST,0,NA,Y,A,-,N,NA,NA,NA,NA,NA,NA,NA,NA,NA,N,3,0,1,3,A,-,03,22350,NA,N,D,C,A,A,H,-,A,A,0,NA,NA,Y,NA,Y,NA,C,02,0,1,0,0,0,0,0,0,1,-,-,NA,NA,SAN DIEGO,SAN DIEGO,-117.16114044189452,32.72303009033203
9000724,2019,2020-02-06,3709,2019-12-22,0237,NC0490,NA,7,5,5,3709,0,0,0,NA,0,021,EUCLID AV,EAST 4TH ST,0,NA,Y,A,-,N,NA,NA,NA,NA,NA,NA,NA,NA,NA,Y,3,0,1,2,A,-,09,21801,A,N,D,C,A,A,H,-,A,A,0,NA,NA,NA,NA,Y,NA,A,01,0,1,0,0,0,0,0,0,0,-,-,NA,NA,SAN DIEGO,NATIONAL CITY,-117.08368682861328,32.68619155883789
9001205,2019,2020-01-23,3711,2019-11-19,2048,SD7702,NA,2,5,7,3711,0,0,0,NA,0,622,W MORENA BL,BUENOS AV,30,S,N,C,-,N,NA,NA,NA,NA,NA,NA,NA,NA,NA,N,4,0,1,2,A,-,03,22350,NA,N,C,G,A,B,H,-,C,A,0,NA,Y,NA,NA,Y,NA,A,01,0,0,1,0,0,0,1,0,0,-,-,NA,NA,SAN DIEGO,SAN DIEGO,-117.20109558105467,32.768089294433594
90024239,2015,2015-10-19,9650,2015-09-25,0215,015738,NA,5,3,5,3713,0,1,3,NA,2,017,SR-78 E/B,MELROSE DR.,100,W,N,A,-,Y,NA,NA,78,NA,NA,NA,NA,NA,E,Y,2,0,1,1,A,-,08,22107,NA,N,E,I,A,A,H,-,D,D,0,NA,NA,NA,NA,Y,NA,A,01,1,0,0,0,0,0,0,0,0,-,-,33.19485,-117.25281,SAN DIEGO,VISTA,-117.25279553,33.19476156
90025592,2015,2015-10-19,9650,2015-10-01,0900,013636,NA,4,1,5,3782,0,1,1,NA,2,007,I-5 S/B,ENCINITAS BLVD,2640,N,N,A,-,Y,NA,NA,NA,NA,NA,NA,NA,NA,NA,N,4,0,4,3,A,-,03,22350,NA,N,C,C,A,A,H,-,A,D,0,NA,NA,NA,NA,Y,NA,A,08,0,0,4,0,0,0,0,0,0,-,-,NA,NA,SAN DIEGO,ENCINITAS,-117.28947287,33.05541061
90026326,2015,2015-10-19,9680,2015-09-27,2030,020343,NA,7,2,9,3700,0,1,3,NA,1,022,SR-54 W/B,CHASE AVE,200,W,N,A,-,Y,NA,NA,54,NA,NA,NA,NA,NA,W,Y,4,0,1,2,A,-,09,21804,A,N,D,C,A,A,H,-,C,D,0,NA,NA,NA,NA,Y,NA,A,01,0,0,1,0,0,0,0,0,0,-,-,32.7682,-116.92802,SAN DIEGO,UNINCORPORATED,-116.92789692,32.76819983
90027542,2015,2015-10-19,9650,2015-09-25,1355,015276,NA,5,1,5,3712,0,1,3,NA,2,019,SR-78 W/B,LAS POSAS RD,1584,E,N,A,-,Y,NA,NA,78,NA,NA,NA,NA,NA,W,Y,4,0,1,1,A,-,08,22107,NA,N,E,I,A,A,H,-,A,D,0,NA,NA,NA,NA,Y,NA,A,01,0,0,1,0,0,0,0,0,0,-,-,33.1417,-117.18761,SAN DIEGO,SAN MARCOS,-117.18751293,33.1419704
90028030,2015,2015-10-19,9650,2015-10-01,0930,013636,NA,4,1,5,3701,0,1,1,NA,2,005,I-5 S/B,LA COSTA AVE,1056,N,N,A,-,Y,NA,NA,NA,NA,NA,NA,NA,NA,NA,N,4,0,3,3,A,-,03,22350,NA,N,C,C,A,A,H,-,A,D,0,NA,NA,NA,NA,Y,NA,A,01,0,0,3,0,0,0,0,0,0,-,-,NA,NA,SAN DIEGO,CARLSBAD,-117.29984522,33.08672352
90029087,2015,2015-10-19,9645,2015-09-29,0730,016766,NA,2,1,7,3711,0,1,1,NA,2,010,I-8 E/B,WARING ROAD,50,W,N,A,-,Y,NA,NA,8,NA,NA,NA,NA,NA,E,Y,3,0,1,2,A,-,03,22350,NA,N,C,C,A,A,H,-,A,D,0,NA,NA,Y,NA,Y,NA,C,02,0,1,0,0,0,0,0,0,1,-,-,32.78066,-117.08848,SAN DIEGO,SAN DIEGO,-117.08847754,32.78060223
90031040,2015,2015-10-19,9650,2015-10-07,1130,015027,NA,3,1,9,3700,0,1,3,NA,1,028,SR-76,RICE CANYON RD,1584,W,N,A,-,Y,NA,NA,76,NA,NA,NA,NA,NA,NA,Y,3,0,1,1,A,-,17,21711,NA,N,F,A,A,A,H,-,A,D,0,NA,NA,NA,NA,Y,NA,E,22,0,1,0,0,0,0,0,0,0,-,-,33.33902,-117.13414,SAN DIEGO,UNINCORPORATED,-117.13414419,33.33900358
90035852,2015,2015-10-21,9680,2015-10-14,0850,013283,NA,3,1,5,3708,0,1,1,NA,2,081,I-8 W/B,JACKSON DR.,200,W,N,A,-,Y,NA,NA,8,NA,NA,NA,NA,NA,W,N,3,0,1,2,A,-,03,22350,NA,N,C,C,A,A,H,-,A,D,0,NA,NA,NA,NA,Y,NA,A,08,0,1,0,0,0,0,0,0,0,-,-,32.77434,-117.01281,SAN DIEGO,LA MESA,-117.01284103,32.77442585
90035892,2015,2015-10-21,9645,2015-09-24,0650,014909,NA,4,1,7,3711,0,1,1,NA,2,013,I-805 NB TO KEARNY VILLA ROAD,KEARNY VILLA RD,528,S,N,A,-,Y,NA,NA,805,NA,NA,NA,R,NA,N,Y,4,0,1,3,A,-,01,23152,A,N,C,C,A,A,H,-,A,D,0,NA,NA,NA,NA,Y,Y,A,01,0,0,1,0,0,0,0,0,0,-,-,32.8032,-117.1498,SAN DIEGO,SAN DIEGO,-117.1498,32.8032
90035936,2015,2015-10-22,9650,2015-10-17,1525,017328,NA,6,2,6,3710,0,1,1,NA,2,005,I-5 S/B,OCEANSIDE BLVD.,285,S,N,A,-,Y,NA,NA,5,NA,NA,NA,NA,NA,S,Y,4,0,1,2,A,-,03,22350,NA,N,C,C,A,A,H,-,A,D,0,NA,NA,NA,NA,Y,NA,A,01,0,0,1,0,0,0,0,0,0,-,-,33.19094,-117.36316,SAN DIEGO,OCEANSIDE,-117.36306964,33.1910148
90036886,2015,2015-10-23,9650,2015-10-12,1645,017994,NA,1,2,9,3700,0,3,5,NA,2,211,LILAC RD,ANTHONY RD,3168,W,N,B,-,N,NA,NA,NA,NA,NA,NA,NA,NA,NA,Y,3,0,1,1,A,-,08,22107,NA,N,E,I,A,A,H,-,A,D,0,NA,NA,NA,NA,Y,NA,A,01,0,1,0,0,0,0,0,0,0,-,-,33.24713,-117.05449,SAN DIEGO,UNINCORPORATED,-117.05441596,33.24711328
90037548,2015,2015-10-26,9645,2015-10-04,0735,018118,NA,7,1,6,3702,0,1,1,NA,2,009,I-805 NORTHBOUND,MAIN STREET O/C,300,N,N,C,-,Y,NA,NA,805,NA,NA,NA,NA,NA,N,Y,4,0,2,1,A,-,03,22350,NA,N,F,A,A,B,H,-,A,D,0,NA,NA,NA,NA,Y,NA,D,22,0,0,2,0,0,0,0,0,0,-,-,32.59618,-117.03574,SAN DIEGO,CHULA VISTA,-117.03612435,32.59617699
90037861,2015,2015-10-26,9650,2015-10-17,0015,017331,NA,6,3,9,3700,0,3,5,NA,2,170,S. SANTA FE AVE.,ROBELINI DR,640,W,N,B,-,N,NA,NA,NA,NA,NA,NA,NA,NA,NA,N,2,0,1,2,A,-,11,21954,A,N,G,B,D,A,H,-,C,D,0,Y,NA,NA,NA,Y,Y,N,60,1,0,0,0,1,0,0,0,0,-,-,33.17438,-117.21014,SAN DIEGO,UNINCORPORATED,-117.21110724,33.17479521
9003886,2021,2021-10-18,3710,2021-09-06,1645,OC1382,NA,1,5,6,3710,0,0,0,NA,0,021,RT 76,OLD GROVE,0,NA,Y,A,-,Y,SD,11,76,-,R,4.92,H,-,W,N,4,0,1,2,A,-,03,22350,NA,F,C,C,A,A,H,-,A,A,0,NA,NA,NA,NA,Y,NA,A,01,0,0,1,0,0,0,0,0,0,-,-,NA,NA,SAN DIEGO,OCEANSIDE,-117.30780792236328,33.23316192626953
90039219,2015,2015-10-27,9680,2015-10-14,1135,013741,NA,3,1,5,3708,0,1,3,NA,2,027,SR-94 W/B,COLLEGE GROVE WAY,1056,W,N,A,-,Y,NA,NA,NA,NA,NA,NA,NA,NA,NA,Y,3,0,3,1,A,-,01,23152,F,N,E,I,A,A,H,-,A,D,0,NA,NA,NA,NA,Y,Y,A,01,0,2,1,0,0,0,0,0,0,-,-,32.73189,-117.06113,SAN DIEGO,LA MESA,-117.05321521,32.73996096
90040721,2015,2015-10-29,9645,2015-10-08,1040,017270,NA,4,1,7,3711,0,1,1,NA,2,001,I-5 N/B,1ST AVENUE O/C,75,S,N,A,-,Y,NA,NA,NA,NA,NA,NA,NA,NA,NA,Y,4,0,1,3,A,-,07,21658,NA,N,B,C,A,A,H,-,A,D,0,NA,NA,NA,NA,Y,NA,A,01,0,0,1,0,0,0,0,0,0,-,-,NA,NA,SAN DIEGO,SAN DIEGO,-117.16367389,32.72333111
90040831,2015,2015-10-29,9680,2015-10-10,1150,015733,NA,6,1,9,3700,0,1,3,NA,1,052,OLD JULIAN HWY,VISTA RAMONA RD,34320,E,N,A,-,N,NA,NA,NA,NA,NA,NA,NA,NA,NA,N,3,0,1,1,A,-,08,22107,NA,N,F,A,A,A,H,-,A,D,0,NA,NA,Y,NA,Y,NA,C,02,0,1,0,0,0,0,0,0,1,-,-,33.05739,-116.73519,SAN DIEGO,UNINCORPORATED,-116.74665,33.06545
90041229,2015,2015-10-29,9680,2015-10-19,2045,016519,NA,1,2,9,3700,0,1,3,NA,1,017,SR-67 N/B,FOSTER TRUCK TRAIL,2112,S,N,B,-,Y,NA,NA,67,NA,NA,NA,NA,NA,N,Y,3,0,1,1,C,-,18,NA,NA,N,H,H,A,A,H,-,D,D,0,NA,NA,Y,NA,Y,NA,-,-,0,1,0,0,0,0,0,0,1,-,-,32.93311,-116.95321,SAN DIEGO,UNINCORPORATED,-116.95307881,32.93314138
90041580,2015,2015-10-30,9680,2015-10-19,0735,018166,NA,1,1,9,3700,0,1,3,NA,1,040,SR-94 W/B,MELODY RD,2112,E,N,A,-,Y,NA,NA,NA,NA,NA,NA,NA,NA,NA,N,4,0,3,2,A,-,21,22106,NA,N,C,C,A,A,D,-,A,A,0,NA,NA,NA,NA,Y,NA,A,01,0,0,3,0,0,0,0,0,0,-,-,32.71264,-116.86641,SAN DIEGO,UNINCORPORATED,NA,NA
90041723,2015,2015-10-30,9645,2015-10-14,0740,016542,NA,3,1,5,3709,0,1,1,NA,2,009,SR 43 FROM I-805 N/B,SOUTH 43RD STREET,200,E,N,A,-,Y,NA,NA,NA,NA,NA,NA,NA,NA,NA,N,4,0,1,2,A,-,07,21658,A,N,C,C,A,A,H,-,A,D,0,NA,NA,Y,NA,Y,NA,D,22,0,0,1,0,0,0,0,0,1,-,-,NA,NA,SAN DIEGO,NATIONAL CITY,-117.10247,32.68896
90041971,2015,2015-10-30,9645,2015-10-19,0725,016156,NA,1,1,7,3711,0,1,1,NA,2,010,I-8 W/B,PRESIDIO PARK O/C,400,W,N,B,-,Y,NA,NA,8,NA,NA,NA,NA,NA,W,Y,4,0,1,3,A,-,03,22350,NA,N,C,C,A,A,H,-,A,D,0,NA,NA,NA,NA,Y,NA,D,22,0,0,1,0,0,0,0,0,0,-,-,32.76017,-117.18955,SAN DIEGO,SAN DIEGO,-117.1895681,32.7600431
90044781,2015,2016-09-08,9645,2015-10-09,1320,015698,9645,5,1,5,3709,0,1,1,NA,2,001,I-5 SB,SR-54,1500,N,N,A,-,Y,NA,NA,NA,NA,NA,NA,NA,NA,NA,Y,4,0,1,2,A,-,03,22350,NA,N,C,C,A,A,H,-,A,D,0,NA,NA,NA,NA,Y,NA,A,01,0,0,1,0,0,0,0,0,0,-,-,32.5622,-117.14324,SAN DIEGO,NATIONAL CITY,NA,NA
90045543,2015,2015-11-05,9680,2015-10-24,2220,018672,NA,6,3,9,3700,0,1,3,NA,1,071,SR-78,SAN FELIPE ROAD,7920,E,N,A,-,Y,NA,NA,78,NA,NA,NA,NA,NA,NA,Y,3,0,1,1,A,-,03,22350,NA,N,F,A,A,A,H,-,D,A,0,NA,NA,Y,NA,Y,NA,C,02,0,1,0,0,0,0,0,0,1,-,-,33.11066,-116.44905,SAN DIEGO,UNINCORPORATED,-116.44903537,33.11064119
90045997,2015,2015-11-06,9645,2015-10-16,1600,013756,NA,5,2,7,3711,0,1,1,NA,2,007,DEL MAR HEIGHTS ON-RAMP TO S/B I-5,DEL MAR HEIGHTS ROAD,280,S,N,B,-,Y,NA,NA,NA,NA,NA,NA,NA,NA,NA,Y,4,0,1,2,A,-,03,22350,NA,N,C,C,A,B,H,-,A,A,0,NA,NA,NA,NA,Y,NA,A,07,0,0,1,0,0,0,0,0,0,-,-,32.94744,-117.2438,SAN DIEGO,SAN DIEGO,-117.2437191,32.94748018
90046385,2015,2015-11-09,9645,2015-10-08,0750,014669,NA,4,1,7,3711,0,1,1,NA,2,027,I-15 N/B,FRIARS ROAD,220,N,N,A,-,Y,NA,NA,15,NA,NA,NA,NA,NA,N,Y,4,0,1,3,A,-,03,22350,NA,N,C,C,A,A,H,-,A,D,0,NA,NA,NA,NA,Y,NA,A,01,0,0,1,0,0,0,0,0,0,-,-,32.78982,-117.11312,SAN DIEGO,SAN DIEGO,-117.11325259,32.78987284
90046503,2015,2015-11-09,9650,2015-11-03,0755,015758,NA,2,1,6,3706,0,1,1,NA,2,023,I-15 S/B,ROCK SPRINGS RD,83,N,N,B,-,Y,NA,NA,15,NA,NA,NA,NA,NA,S,Y,4,0,3,3,A,-,03,22350,NA,N,B,C,A,A,H,-,A,D,0,NA,NA,NA,NA,Y,NA,A,01,0,0,3,0,0,0,0,0,0,-,-,33.1343,-117.10522,SAN DIEGO,ESCONDIDO,-117.10529165,33.13430361
90047289,2015,2015-11-09,9645,2015-09-24,2128,020301,NA,4,2,9,3700,0,3,5,NA,2,018,BONITA RD E/B (3400 BLOCK),GLEN ABBEY BLVD.,600,W,N,A,-,N,NA,NA,NA,NA,NA,NA,NA,NA,NA,Y,2,0,1,3,A,-,03,22350,NA,N,G,B,E,A,H,-,C,D,0,Y,NA,NA,NA,Y,NA,D,22,1,0,0,0,1,0,0,0,0,-,-,32.65114,-117.05081,SAN DIEGO,UNINCORPORATED,-117.0515186,32.65075001
90047669,2015,2015-11-10,9680,2015-10-29,0750,015733,NA,4,1,9,3700,0,1,3,NA,1,090,SR-67 (MAIN ST.),16TH ST,85,N,N,B,-,Y,NA,NA,67,NA,NA,NA,NA,NA,NA,Y,3,0,1,2,A,-,08,22107,NA,N,B,C,A,A,H,-,A,D,0,NA,NA,NA,NA,Y,NA,A,01,0,1,0,0,0,0,0,0,0,-,-,33.03715,-116.87756,SAN DIEGO,UNINCORPORATED,-116.87753892,33.03711069
90048651,2015,2015-11-11,9650,2015-11-03,1509,012835,NA,2,2,5,3782,0,1,1,NA,2,007,I-5 N/B,ENCINITAS BLVD,2112,N,N,B,-,Y,NA,NA,5,NA,NA,NA,NA,NA,N,Y,4,0,2,4,A,-,03,22350,NA,N,C,C,A,A,H,-,A,D,0,NA,NA,NA,NA,Y,NA,A,07,0,0,2,0,0,0,0,0,0,-,-,33.05366,-117.28872,SAN DIEGO,ENCINITAS,-117.28867378,33.05367405