CASE_ID,ACCIDENT_YEAR,PROC_DATE,JURIS,COLLISION_DATE,COLLISION_TIME,OFFICER_ID,REPORTING_DISTRICT,DAY_OF_WEEK,CHP_SHIFT,POPULATION,CNTY_CITY_LOC,SPECIAL_COND,BEAT_TYPE,CHP_BEAT_TYPE,CITY_DIVISION_LAPD,CHP_BEAT_CLASS,BEAT_NUMBER,PRIMARY_RD,SECONDARY_RD,DISTANCE,DIRECTION,INTERSECTION,WEATHER_1,WEATHER_2,STATE_HWY_IND,CALTRANS_COUNTY,CALTRANS_DISTRICT,STATE_ROUTE,ROUTE_SUFFIX,POSTMILE_PREFIX,POSTMILE,LOCATION_TYPE,RAMP_INTERSECTION,SIDE_OF_HWY,TOW_AWAY,COLLISION_SEVERITY,NUMBER_KILLED,NUMBER_INJURED,PARTY_COUNT,PRIMARY_COLL_FACTOR,PCF_CODE_OF_VIOL,PCF_VIOL_CATEGORY,PCF_VIOLATION,PCF_VIOL_SUBSECTION,HIT_AND_RUN,TYPE_OF_COLLISION,MVIW,PED_ACTION,ROAD_SURFACE,ROAD_COND_1,ROAD_COND_2,LIGHTING,CONTROL_DEVICE,CHP_ROAD_TYPE,PEDESTRIAN_ACCIDENT,BICYCLE_ACCIDENT,MOTORCYCLE_ACCIDENT,TRUCK_ACCIDENT,NOT_PRIVATE_PROPERTY,ALCOHOL_INVOLVED,STWD_VEHTYPE_AT_FAULT,CHP_VEHTYPE_AT_FAULT,COUNT_SEVERE_INJ,COUNT_VISIBLE_INJ,COUNT_COMPLAINT_PAIN,COUNT_PED_KILLED,COUNT_PED_INJURED,COUNT_BICYCLIST_KILLED,COUNT_BICYCLIST_INJURED,COUNT_MC_KILLED,COUNT_MC_INJURED,PRIMARY_RAMP,SECONDARY_RAMP,LATITUDE,LONGITUDE,COUNTY,CITY,POINT_X,POINT_Y
9010186,2019,2019-12-20,3711,2019-10-05,0218,SD6146,NA,6,5,7,3711,0,0,0,NA,0,522,MARKET ST,1ST ST,0,NA,Y,A,-,N,NA,NA,NA,NA,NA,NA,NA,NA,NA,Y,3,0,1,2,A,-,09,21801,A,F,D,C,A,A,H,-,C,A,0,NA,NA,Y,NA,Y,NA,-,99,0,1,0,0,0,0,0,0,1,-,-,NA,NA,SAN DIEGO,SAN DIEGO,-117.16378784179688,32.711509704589844
90102132,2016,2016-01-25,9645,2016-01-11,1745,020541,NA,1,2,7,3711,0,1,1,NA,2,021,SR-15 S/B TO I-5 S/B,RIGEL ST.,270,S,N,A,-,Y,NA,NA,15,NA,NA,NA,R,NA,S,N,4,0,1,2,A,-,03,22350,NA,N,C,C,A,A,H,-,D,D,0,NA,NA,NA,NA,Y,NA,A,07,0,0,1,0,0,0,0,0,0,-,-,32.69149,-117.12017,SAN DIEGO,SAN DIEGO,-117.12017,32.69149
90103340,2016,2016-01-27,9650,2016-01-16,1150,015788,NA,6,1,9,3700,0,1,1,NA,2,003,I-5 S/B,COCKLEBURR,1801,S,N,A,-,Y,NA,NA,5,NA,NA,NA,NA,NA,S,Y,3,0,2,2,A,-,03,22350,NA,N,C,C,A,A,H,-,A,D,0,NA,NA,NA,NA,Y,NA,A,07,0,1,1,0,0,0,0,0,0,-,-,33.24895,-117.41934,SAN DIEGO,UNINCORPORATED,-117.41940585,33.24889743
90104400,2016,2016-01-28,9645,2016-01-17,1000,017723,NA,7,1,7,3711,0,1,1,NA,2,007,I-5 N/B,SORRENTO VALLEY RD.,575,S,N,A,-,Y,NA,NA,5,NA,NA,NA,NA,NA,N,Y,4,0,1,2,A,-,07,21658,A,F,E,I,A,A,H,-,A,D,0,NA,NA,NA,NA,Y,NA,-,99,0,0,1,0,0,0,0,0,0,-,-,32.8946,-117.2265,SAN DIEGO,SAN DIEGO,-117.22662211,32.89464574
90104463,2016,2016-01-28,9645,2016-01-26,0809,013383,NA,2,1,7,3711,0,1,1,NA,2,030,I-15 S/B CARPOOL LANES,TED WILLIAMS PKWY,557,N,N,A,-,Y,NA,NA,15,NA,NA,NA,NA,NA,S,Y,4,0,1,3,A,-,03,22350,NA,N,C,C,A,A,H,-,A,D,0,NA,NA,NA,NA,Y,NA,A,01,0,0,1,0,0,0,0,0,0,-,-,32.967,-117.09444,SAN DIEGO,SAN DIEGO,-117.09420348,32.9668506
90105556,2016,2016-01-29,9650,2016-01-28,1155,014615,NA,4,1,9,3700,0,1,1,NA,2,003,I-5 S/B (SAN DIEGO FREEWAY),COOK O/C,5280,N,N,A,-,Y,NA,NA,NA,NA,NA,NA,NA,NA,NA,Y,4,0,1,1,A,-,08,22107,NA,N,E,I,A,A,H,-,A,D,0,NA,NA,NA,NA,Y,NA,A,01,0,0,1,0,0,0,0,0,0,-,-,NA,NA,SAN DIEGO,UNINCORPORATED,NA,NA
90107691,2016,2016-02-02,9650,2016-01-29,1820,014886,NA,5,2,5,3701,0,1,1,NA,2,005,I-5 N/B,TAMARACK AVE,1584,S,N,A,-,Y,NA,NA,5,NA,NA,NA,NA,NA,N,Y,4,0,2,2,A,-,01,23152,A,N,C,C,A,A,H,-,D,D,0,NA,NA,NA,NA,Y,Y,D,22,0,0,2,0,0,0,0,0,0,-,-,33.14889,-117.33428,SAN DIEGO,CARLSBAD,-117.33436204,33.14884275
90107979,2016,2016-02-03,9650,2016-01-28,0105,019126,NA,4,3,9,3700,0,1,3,NA,1,028,SR-76,RICE CANYON RD,1056,W,N,A,-,Y,NA,NA,76,NA,NA,NA,NA,NA,NA,Y,3,0,1,1,A,-,01,23152,A,N,E,I,A,A,H,-,D,A,0,NA,NA,NA,NA,Y,Y,A,01,0,1,0,0,0,0,0,0,0,-,-,33.33826,-117.1336,SAN DIEGO,UNINCORPORATED,-117.13380694,33.33900884
90109576,2016,2016-02-04,9680,2016-01-30,1202,016598,NA,6,1,9,3700,0,1,1,NA,2,084,INTERSTATE 8 E/B,STATE ROUTE 79,8448,W,N,A,-,Y,NA,NA,8,NA,NA,NA,NA,NA,E,Y,3,0,1,1,A,-,03,22350,NA,N,F,A,A,A,H,-,A,D,0,NA,NA,Y,NA,Y,NA,C,02,0,1,0,0,0,0,0,0,1,-,-,32.8384,-116.65467,SAN DIEGO,UNINCORPORATED,-116.65462951,32.838067
90109645,2016,2016-02-04,9645,2016-01-26,1806,016594,NA,2,2,7,3711,0,1,3,NA,2,014,SR-52 E/B TO I-15,KEARNY VILLA ROAD,800,W,N,A,-,Y,NA,NA,52,NA,NA,NA,R,NA,E,N,4,0,2,3,A,-,03,22350,NA,N,C,C,A,A,H,-,C,D,0,NA,NA,NA,NA,Y,NA,A,01,0,0,2,0,0,0,0,0,0,-,-,32.84093,-117.133,SAN DIEGO,SAN DIEGO,-117.133,32.84093
90110522,2016,2016-02-08,9650,2016-01-23,1657,016121,NA,6,2,5,3701,0,1,1,NA,2,005,I-5 N/B,TAMARACK AVE,100,N,N,B,-,Y,NA,NA,5,NA,NA,NA,NA,NA,N,N,4,0,1,2,A,-,03,22350,NA,F,C,C,A,A,H,-,A,D,0,NA,NA,NA,NA,Y,NA,A,01,0,0,1,0,0,0,0,0,0,-,-,33.15311,-117.33687,SAN DIEGO,CARLSBAD,-117.33682477,33.15313478
90113224,2016,2016-02-11,9650,2016-02-05,1735,014886,NA,5,2,6,3710,0,1,1,NA,2,005,I-5 S/B FROM MISSION AVE E/B,I-5 S/B,200,W,N,A,-,Y,NA,NA,5,NA,NA,NA,R,NA,S,Y,4,0,1,2,A,-,03,22350,NA,N,C,C,A,A,H,-,D,D,0,NA,NA,NA,NA,Y,NA,A,07,0,0,1,0,0,0,0,0,0,-,-,33.19953,-117.3723,SAN DIEGO,OCEANSIDE,-117.3723,33.19953
90113471,2016,2016-02-11,9680,2016-02-02,1810,020249,NA,2,2,9,3700,0,1,3,NA,1,052,STATE ROUTE 78,PAYSON DRIVE,163,W,N,A,-,Y,NA,NA,78,NA,NA,NA,NA,NA,NA,Y,3,0,2,1,A,-,01,23152,A,N,E,I,A,A,H,-,D,D,0,NA,NA,NA,NA,Y,Y,A,01,0,1,1,0,0,0,0,0,0,-,-,33.07801,-116.61065,SAN DIEGO,UNINCORPORATED,-116.61064866,33.07802025
90114130,2016,2016-02-12,9645,2016-01-31,1426,017953,NA,7,2,7,3711,0,1,1,NA,2,019,I-15 N/B,BERNARDO CENTER DR. U/C,3168,S,N,C,-,Y,NA,NA,15,NA,NA,NA,NA,NA,N,Y,4,0,2,2,A,-,03,22350,NA,N,C,C,A,B,G,-,A,D,0,NA,NA,NA,NA,Y,NA,A,07,0,0,2,0,0,0,0,0,0,-,-,33.00315,-117.08148,SAN DIEGO,SAN DIEGO,-117.08128303,33.00308783
90114610,2016,2016-02-12,9680,2016-02-03,2306,013686,NA,3,3,9,3700,0,3,5,NA,2,003,TAVERN RD,ARNOLD WAY,187,S,N,A,-,N,NA,NA,NA,NA,NA,NA,NA,NA,NA,Y,3,0,1,1,A,-,01,23152,A,M,E,I,A,A,H,-,C,D,0,NA,NA,NA,NA,Y,Y,D,22,0,1,0,0,0,0,0,0,0,-,-,32.83489,-116.77518,SAN DIEGO,UNINCORPORATED,-116.77523707,32.83485377
9011564,2019,2019-12-26,3706,2019-10-29,1450,342,ESCON,2,5,6,3706,0,0,0,NA,0,041,LINCOLN AV,BEECH ST,0,NA,Y,A,-,N,NA,NA,NA,NA,NA,NA,NA,NA,NA,Y,4,0,1,2,A,-,03,22350,NA,N,C,C,A,A,H,-,A,D,0,NA,NA,NA,NA,Y,NA,A,01,0,0,1,0,0,0,0,0,0,-,-,33.138221740722656,-117.0747299194336,SAN DIEGO,ESCONDIDO,-117.07472229003906,33.13819885253906
90115721,2016,2016-02-16,9650,2016-02-07,0205,018675,NA,7,3,9,3700,0,3,5,NA,1,212,COLE GRADE RD,SR-76,488,S,N,A,-,N,NA,NA,NA,NA,NA,NA,NA,NA,NA,Y,3,0,1,1,A,-,08,22107,NA,N,E,I,A,A,H,-,D,D,0,NA,NA,NA,NA,Y,NA,D,22,0,1,0,0,0,0,0,0,0,-,-,33.31843,-116.99376,SAN DIEGO,UNINCORPORATED,-116.99422309,33.31820596
90116918,2016,2016-02-17,9680,2016-01-31,1430,019270,NA,7,2,9,3700,0,1,1,NA,2,084,I-8 E/B,W WILLOWS,6336,E,N,B,C,Y,NA,NA,8,NA,NA,NA,NA,NA,E,Y,3,0,1,1,A,-,01,23152,A,N,E,I,A,B,H,-,A,D,0,NA,NA,NA,NA,Y,Y,A,07,0,1,0,0,0,0,0,0,0,-,-,32.83833,-116.70317,SAN DIEGO,UNINCORPORATED,-116.70317928,32.83839813
90119948,2016,2016-02-22,9680,2016-02-09,2030,019270,NA,2,2,9,3700,0,3,5,NA,2,002,HARNESS ST,PRESIOCA ST,0,NA,Y,A,-,N,NA,NA,NA,NA,NA,NA,NA,NA,NA,N,3,0,3,2,A,-,09,21802,A,N,D,C,A,A,H,-,D,A,0,NA,NA,NA,NA,Y,NA,A,01,0,2,1,0,0,0,0,0,0,-,-,32.71864,-117.00134,SAN DIEGO,UNINCORPORATED,-117.00146,32.71854009
90119983,2016,2016-02-22,9645,2016-01-17,0005,020401,NA,7,3,7,3711,0,1,3,NA,2,016,SR-52 E/B,MAST BLVD,10560,W,N,A,-,Y,NA,NA,52,NA,NA,NA,NA,NA,E,Y,2,0,1,1,A,-,01,23152,A,N,F,A,A,A,H,-,D,D,0,NA,NA,NA,NA,Y,Y,A,07,1,0,0,0,0,0,0,0,0,-,-,32.85361,-117.05492,SAN DIEGO,SAN DIEGO,-117.05490709,32.85369894
90120801,2016,2016-02-22,9645,2016-02-17,1620,014625,NA,3,2,7,3711,0,1,1,NA,2,019,I-15 NORTHBOUND,CAMINO DEL NORTE,2640,S,N,B,-,Y,NA,NA,15,NA,NA,NA,NA,NA,N,Y,4,0,2,3,A,-,03,22350,NA,N,C,C,A,A,H,-,A,D,0,NA,NA,NA,Y,Y,NA,F,55,0,0,2,0,0,0,0,0,0,-,-,32.99058,-117.08276,SAN DIEGO,SAN DIEGO,-117.08290152,32.99055408
90121888,2016,2016-02-23,9680,2016-02-12,2010,019519,NA,5,2,9,3700,0,1,1,NA,2,084,I-8 W/B,E. WILLOWS RD,6336,E,N,A,-,Y,NA,NA,8,NA,NA,NA,NA,NA,W,Y,4,0,1,1,A,-,01,23152,A,N,F,A,A,A,H,-,D,D,0,NA,NA,NA,NA,Y,Y,A,01,0,0,1,0,0,0,0,0,0,-,-,32.83769,-116.6602,SAN DIEGO,UNINCORPORATED,-116.66019758,32.83759963
90125570,2016,2016-02-29,9645,2016-02-07,0358,019445,NA,7,3,7,3711,0,1,1,NA,2,007,I-5 N/B,GENESEE AVE O/C,250,S,N,A,-,Y,NA,NA,5,NA,NA,NA,NA,NA,N,Y,4,0,2,2,A,-,03,22350,NA,N,C,C,A,A,H,-,C,D,0,NA,NA,NA,NA,Y,NA,A,01,0,0,2,0,0,0,0,0,0,-,-,32.88626,-117.22774,SAN DIEGO,SAN DIEGO,-117.22771237,32.88625707
90126023,2016,2016-02-29,9650,2016-02-21,0001,020254,NA,7,3,9,3700,0,1,1,NA,2,001,I-5 S/B,LAS PULGAS RD,5715,N,N,A,-,Y,NA,NA,5,NA,NA,NA,NA,NA,S,Y,3,0,1,1,A,-,01,23152,A,N,F,A,A,A,H,-,D,D,0,NA,NA,NA,NA,Y,Y,A,01,0,1,0,0,0,0,0,0,0,-,-,33.30966,-117.47815,SAN DIEGO,UNINCORPORATED,-117.47808859,33.30973497
9012626,2019,2020-07-10,3701,2019-12-08,0820,CB5434,70,7,5,5,3701,0,0,0,NA,0,006,PALOMAR AIRPORT RD,RT 5,0,NA,Y,C,-,Y,SD,11,5,-,R,47.269,R,4,S,Y,4,0,1,2,A,-,12,21453,A,N,D,C,A,B,H,-,A,A,0,NA,NA,NA,NA,Y,NA,A,01,0,0,1,0,0,0,0,0,0,-,-,33.12221908569336,-117.32391357421876,SAN DIEGO,CARLSBAD,-117.3240966796875,33.1252555847168
90126310,2016,2016-03-28,9680,2016-02-17,1420,015081,NA,3,2,9,3700,0,1,3,NA,1,051,STATE ROUTE 79,WOLAHI ROAD,5808,S,N,B,-,Y,NA,NA,79,NA,NA,NA,NA,NA,NA,Y,4,0,2,2,A,-,04,21703,NA,N,C,C,A,A,H,-,A,D,0,NA,NA,Y,NA,Y,NA,C,02,0,0,2,0,0,0,0,0,2,-,-,32.97658,-116.5813,SAN DIEGO,UNINCORPORATED,-116.58129818,32.9765067
90126414,2016,2016-03-01,9645,2016-02-18,0518,013292,NA,4,3,7,3711,0,1,1,NA,2,021,SR-15 N/B S. OF I-805 O/C,I-805 OVERCROSSING,120,S,N,B,C,Y,NA,NA,15,NA,NA,NA,R,NA,N,Y,3,0,1,1,A,-,01,23152,NA,N,E,I,A,B,H,-,C,D,0,NA,NA,NA,NA,Y,Y,A,01,0,1,0,0,0,0,0,0,0,-,-,32.73119,-117.11137,SAN DIEGO,SAN DIEGO,-117.11137,32.73119
90128692,2016,2016-03-03,9650,2016-02-27,1745,015803,NA,6,2,9,3700,0,3,5,NA,2,006,DISNEY LN,GOPHER CANYON RD,2640,N,N,A,-,N,NA,NA,NA,NA,NA,NA,NA,NA,NA,N,4,0,1,2,A,-,05,21650,NA,N,B,C,A,A,H,-,A,D,0,NA,NA,NA,NA,Y,NA,-,-,0,0,1,0,0,0,0,0,0,-,-,33.15319,-117.10598,SAN DIEGO,UNINCORPORATED,-117.18244468,33.25986753
90131301,2016,2016-03-08,9680,2016-02-26,1420,019910,NA,5,2,9,3700,0,1,3,NA,1,022,JAMACHA RD (SR-54),FUERTE HEIGHTS LN,0,NA,Y,A,-,Y,NA,NA,54,NA,NA,NA,NA,NA,NA,Y,4,0,2,2,A,-,09,21802,A,N,D,C,A,A,H,-,A,A,0,NA,NA,NA,NA,Y,NA,A,01,0,0,2,0,0,0,0,0,0,-,-,32.76321,-116.92801,SAN DIEGO,UNINCORPORATED,-116.92790829,32.76321177
90132306,2016,2016-03-09,9680,2016-02-27,0138,019946,NA,6,3,9,3700,0,2,4,NA,1,013,WILDCAT CANYON RD,MUTH VALLEY RD,528,S,N,A,-,N,NA,NA,NA,NA,NA,NA,NA,NA,NA,Y,4,0,1,1,A,-,01,23152,A,N,E,I,A,A,H,-,D,D,0,NA,NA,Y,NA,Y,Y,C,02,0,0,1,0,0,0,0,0,1,-,-,32.89654,-116.88972,SAN DIEGO,UNINCORPORATED,-116.88905535,32.89795442
90133077,2016,2016-03-09,9680,2016-02-29,1350,019822,NA,1,1,9,3700,0,3,5,NA,2,002,APPLE ST,BUENA VISTA AVE,0,NA,Y,A,-,N,NA,NA,NA,NA,NA,NA,NA,NA,NA,Y,4,0,2,2,A,-,05,21460,A,N,A,C,A,A,H,-,A,A,0,NA,NA,NA,NA,Y,NA,A,01,0,0,2,0,0,0,0,0,0,-,-,32.71483,-116.99323,SAN DIEGO,UNINCORPORATED,-116.99333012,32.71485003
90134279,2016,2016-03-11,9650,2016-02-29,1530,016485,NA,1,2,6,3710,0,1,3,NA,2,015,SR-78 E/B,I-5 N/B,1451,E,N,A,-,Y,NA,NA,NA,NA,NA,NA,NA,NA,NA,Y,4,0,3,2,A,-,08,22107,NA,N,C,C,A,A,H,-,A,D,0,NA,NA,NA,NA,Y,NA,A,01,0,0,3,0,0,0,0,0,0,-,-,33.1076,-117.2084,SAN DIEGO,OCEANSIDE,NA,NA
90134978,2016,2016-03-11,9650,2016-03-06,0900,016275,NA,7,1,9,3700,0,3,5,NA,2,006,STAGE COACH LN,FALLBROOK ST,0,NA,Y,C,-,N,NA,NA,NA,NA,NA,NA,NA,NA,NA,Y,4,0,2,3,A,-,12,22450,A,N,D,C,A,B,H,-,A,A,0,NA,NA,NA,NA,Y,NA,A,01,0,0,2,0,0,0,0,0,0,-,-,33.37646,-117.22764,SAN DIEGO,UNINCORPORATED,-117.22777007,33.37654008
90135518,2016,2016-03-14,9645,2016-02-23,2241,019010,NA,2,3,7,3711,0,1,1,NA,2,021,SR-15 NORTHBOUND,SR-94,300,N,N,A,-,Y,NA,NA,15,NA,NA,NA,NA,NA,N,Y,3,0,1,2,A,-,01,23152,A,N,C,C,A,A,D,-,C,A,0,NA,NA,NA,NA,Y,Y,A,01,0,1,0,0,0,0,0,0,0,-,-,32.71946,-117.11757,SAN DIEGO,SAN DIEGO,-117.11752273,32.71944828
90136101,2016,2016-03-14,9650,2016-03-05,0825,012168,NA,6,1,9,3700,0,3,5,NA,2,230,BIRCH AVE,CITRUS AVE,0,NA,Y,B,-,N,NA,NA,NA,NA,NA,NA,NA,NA,NA,Y,4,0,3,2,A,-,09,21802,A,N,D,C,A,A,H,-,A,A,0,NA,NA,NA,NA,Y,NA,A,07,0,0,3,0,0,0,0,0,0,-,-,33.11855,-117.04284,SAN DIEGO,UNINCORPORATED,-117.04284009,33.11853005
90136158,2016,2016-03-14,9645,2016-02-14,1315,017139,NA,7,1,7,3711,0,1,3,NA,2,012,SR-52 E/B,I-805,1000,W,N,A,-,Y,NA,NA,52,NA,NA,NA,NA,NA,E,Y,2,0,1,2,A,-,08,22107,NA,N,B,C,A,A,H,-,A,D,0,NA,NA,NA,NA,Y,NA,D,22,1,0,0,0,0,0,0,0,0,-,-,32.8469,-117.1828,SAN DIEGO,SAN DIEGO,-117.18280878,32.84696619
90136305,2016,2016-03-14,9645,2016-03-03,0545,014804,NA,4,3,7,3711,0,1,3,NA,1,004,SR-75 (N/B),GLORIETTA BOULEVARD,1584,S,N,B,-,Y,NA,NA,NA,NA,NA,NA,NA,NA,NA,Y,3,0,1,2,A,-,03,22350,NA,N,B,C,A,A,H,-,B,D,0,NA,NA,Y,NA,Y,NA,C,02,0,1,0,0,0,0,0,0,1,-,-,32.68682,-117.161,SAN DIEGO,SAN DIEGO,NA,NA
90136717,2016,2016-03-15,9645,2016-03-03,1620,019344,NA,4,2,7,3711,0,1,3,NA,2,016,SR-52 E/B,SR-163 O/C,300,E,N,A,-,Y,NA,NA,52,NA,NA,NA,NA,NA,E,N,4,0,1,2,A,-,03,22350,NA,N,C,C,A,A,H,-,A,D,0,NA,NA,NA,NA,Y,NA,A,01,0,0,1,0,0,0,0,0,0,-,-,32.8415,-117.1087,SAN DIEGO,SAN DIEGO,-117.10869566,32.84161093
90137915,2016,2016-03-16,9680,2016-03-07,2155,018268,NA,1,2,9,3700,0,1,1,NA,2,085,I-8 E/B,PINE VALLEY RD,14784,W,N,C,D,Y,NA,NA,8,NA,NA,NA,NA,NA,E,Y,4,0,1,1,A,-,03,22350,NA,N,E,I,A,C,H,-,D,D,0,NA,NA,NA,NA,Y,NA,A,01,0,0,1,0,0,0,0,0,0,-,-,32.81906,-116.57823,SAN DIEGO,UNINCORPORATED,-116.57821064,32.81895519
90140356,2016,2016-03-21,9680,2016-03-13,1200,017996,NA,7,1,9,3700,0,2,4,NA,1,026,JAMACH BOULEVARD,SWEETWATER ROAD,275,E,N,A,-,N,NA,NA,NA,NA,NA,NA,NA,NA,NA,Y,4,0,1,2,A,-,09,21801,A,N,D,C,A,A,H,-,A,D,0,NA,NA,NA,NA,Y,NA,A,01,0,0,1,0,0,0,0,0,0,-,-,32.70646,-117.00898,SAN DIEGO,UNINCORPORATED,-117.00964529,32.70571824
90140634,2015,2016-03-21,9650,2015-10-02,2211,017056,NA,5,3,9,3700,0,3,5,NA,2,170,S. SANTA FE AVE.,PALMYRA DR,145,N,N,A,-,N,NA,NA,NA,NA,NA,NA,NA,NA,NA,N,1,1,0,2,A,-,03,22350,NA,F,G,B,D,A,H,-,C,D,0,Y,NA,NA,NA,Y,Y,A,01,0,0,0,1,0,0,0,0,0,-,-,33.17144,-117.2073,SAN DIEGO,UNINCORPORATED,-117.2071645,33.17121818
90142414,2016,2016-03-23,9680,2016-03-16,1825,015070,NA,3,2,9,3700,0,3,5,NA,2,003,WEST VICTORIA DR.,VICTORIA CIR,528,N,N,A,-,N,NA,NA,NA,NA,NA,NA,NA,NA,NA,Y,3,0,1,1,A,-,03,22350,NA,N,E,I,A,A,H,-,A,D,0,NA,NA,NA,NA,Y,NA,A,01,0,1,0,0,0,0,0,0,0,-,-,NA,NA,SAN DIEGO,UNINCORPORATED,-116.76720385,32.84556077
90146641,2016,2016-03-29,9645,2016-03-17,1736,020066,NA,4,2,7,3711,0,1,1,NA,2,003,I-15 S/B,MIRAMAR WAY,300,S,N,A,-,Y,NA,NA,15,NA,NA,NA,NA,NA,S,Y,4,0,1,2,A,-,03,22350,NA,N,C,C,A,A,H,-,A,D,0,NA,NA,Y,NA,Y,NA,C,02,0,0,1,0,0,0,0,0,1,-,-,32.87971,-117.10872,SAN DIEGO,SAN DIEGO,-117.10864761,32.87972905
90147324,2016,2016-03-29,9645,2016-03-23,2040,017529,NA,3,2,7,3711,0,1,1,NA,2,010,I-8 EASTBOUND,I-15,2500,W,N,A,-,Y,NA,NA,8,NA,NA,NA,NA,NA,E,Y,3,0,1,1,A,-,08,22107,NA,N,F,I,A,A,H,-,C,D,0,NA,NA,NA,NA,Y,NA,A,01,0,1,0,0,0,0,0,0,0,-,-,32.77826,-117.11556,SAN DIEGO,SAN DIEGO,-117.11557138,32.77841548
90148673,2016,2016-04-01,9650,2016-03-11,1908,016516,NA,5,2,6,3706,0,1,1,NA,2,023,I-15 S/B,MISSION AVE,300,N,N,C,-,Y,NA,NA,15,NA,NA,NA,NA,NA,S,Y,3,0,4,5,A,-,03,22350,NA,N,A,C,A,B,H,-,D,D,0,NA,NA,NA,Y,Y,NA,D,22,0,1,3,0,0,0,0,0,0,-,-,33.127,-117.10459,SAN DIEGO,ESCONDIDO,-117.10490129,33.1269294
90149361,2016,2016-04-04,9645,2016-03-30,1050,014804,NA,3,1,7,3711,0,1,1,NA,2,011,I-805 (S/B),UNIVERSITY AVENUE O/C,1056,N,N,C,-,Y,NA,NA,NA,NA,NA,NA,NA,NA,NA,Y,4,0,2,3,A,-,03,22350,NA,N,E,I,A,B,H,-,A,D,0,NA,NA,NA,NA,Y,NA,A,01,0,0,2,0,0,0,0,0,0,-,-,32.77815,-117.11014,SAN DIEGO,SAN DIEGO,-117.12338,32.75035
90149378,2016,2016-04-04,9645,2016-03-14,1720,017953,NA,1,2,7,3711,0,1,1,NA,2,010,I-8 E/B,MISSION CITY PKWY O/C,400,W,N,A,-,Y,NA,NA,8,NA,NA,NA,NA,NA,E,N,4,0,1,2,A,-,03,22350,NA,N,C,C,A,A,H,-,A,D,0,NA,NA,NA,NA,Y,NA,A,01,0,0,1,0,0,0,0,0,0,-,-,32.7741,-117.12618,SAN DIEGO,SAN DIEGO,-117.12613267,32.7740128
90150133,2016,2016-04-04,9650,2016-03-29,0930,015758,NA,2,1,5,3712,0,1,3,NA,2,019,SR-78 W/B,SAN MARCOS BLVD,1869,E,N,A,-,Y,NA,NA,78,NA,NA,NA,NA,NA,W,Y,2,0,1,1,A,-,08,22107,NA,N,E,I,A,A,H,-,A,D,0,NA,NA,Y,NA,Y,NA,C,02,1,0,0,0,0,0,0,0,1,-,-,33.13696,-117.16994,SAN DIEGO,SAN MARCOS,-117.16993414,33.13686496
90152455,2016,2016-04-06,9650,2016-03-14,1043,015758,NA,1,1,5,3701,0,1,1,NA,2,005,I-5 N/B,CHINQUAPIN AVE,1056,S,N,B,C,Y,NA,NA,5,NA,NA,NA,NA,NA,N,Y,4,0,1,3,A,-,07,21658,A,N,B,C,A,B,H,-,A,D,0,NA,NA,NA,NA,Y,NA,-,-,0,0,1,0,0,0,0,0,0,-,-,33.14462,-117.33338,SAN DIEGO,CARLSBAD,-117.33345365,33.14461512
90152667,2016,2016-04-07,9645,2016-04-01,0025,020515,NA,5,3,7,3711,0,1,1,NA,2,021,SR-15 S/B,SR-94 O/C,2506,N,N,A,-,Y,NA,NA,15,NA,NA,NA,NA,NA,S,Y,3,0,1,2,A,-,01,23152,A,N,E,I,A,A,H,-,D,D,0,NA,NA,NA,NA,Y,Y,A,01,0,1,0,0,0,0,0,0,0,-,-,32.7238,-117.1154,SAN DIEGO,SAN DIEGO,-117.11521869,32.72368212
90153341,2016,2016-04-07,9650,2016-03-25,2355,017028,NA,5,3,5,3712,0,1,3,NA,2,019,SR-78 WB,RANCHO SANTA FE RD.,2640,W,N,A,-,Y,NA,NA,78,NA,NA,NA,NA,NA,W,Y,3,0,2,2,A,-,03,22350,NA,N,C,C,A,A,H,-,D,D,0,NA,NA,NA,NA,Y,NA,A,08,0,1,1,0,0,0,0,0,0,-,-,33.15718,-117.2062,SAN DIEGO,SAN MARCOS,-117.20623357,33.15714644
90153419,2016,2016-04-08,9650,2016-03-30,1140,012168,NA,3,1,6,3706,0,1,1,NA,2,023,I-15 S/B,HALE AVE,200,N,N,A,B,Y,NA,NA,15,NA,NA,NA,NA,NA,S,Y,4,0,1,2,A,-,07,21658,NA,F,E,I,A,A,H,-,A,D,0,NA,NA,NA,NA,Y,NA,D,22,0,0,1,0,0,0,0,0,0,-,-,33.12014,-117.10206,SAN DIEGO,ESCONDIDO,-117.10196481,33.12019419
90153556,2016,2016-04-08,9680,2016-03-15,1845,015619,NA,2,2,9,3700,0,3,5,NA,2,001,EL NOPAL,MARJEAN LN,1500,W,N,A,-,N,NA,NA,NA,NA,NA,NA,NA,NA,NA,Y,2,0,1,2,A,-,03,22350,NA,N,F,A,A,A,H,-,B,A,0,NA,NA,Y,NA,Y,NA,C,02,1,0,0,0,0,0,0,0,1,-,-,32.86113,-116.95475,SAN DIEGO,UNINCORPORATED,-116.95464829,32.86106829
90153954,2016,2016-04-08,9645,2016-03-30,1700,013648,NA,3,2,7,3711,0,1,3,NA,2,014,SR-52 EASTBOUND,CONVOY ST O/C,1320,E,N,A,-,Y,NA,NA,52,NA,NA,NA,NA,NA,E,N,3,0,1,2,A,-,03,22350,NA,N,B,C,A,A,A,-,A,D,0,NA,NA,Y,NA,Y,NA,C,02,0,1,0,0,0,0,0,0,1,-,-,32.84759,-117.17485,SAN DIEGO,SAN DIEGO,-117.17492697,32.84702147