CASE_ID,ACCIDENT_YEAR,PROC_DATE,JURIS,COLLISION_DATE,COLLISION_TIME,OFFICER_ID,REPORTING_DISTRICT,DAY_OF_WEEK,CHP_SHIFT,POPULATION,CNTY_CITY_LOC,SPECIAL_COND,BEAT_TYPE,CHP_BEAT_TYPE,CITY_DIVISION_LAPD,CHP_BEAT_CLASS,BEAT_NUMBER,PRIMARY_RD,SECONDARY_RD,DISTANCE,DIRECTION,INTERSECTION,WEATHER_1,WEATHER_2,STATE_HWY_IND,CALTRANS_COUNTY,CALTRANS_DISTRICT,STATE_ROUTE,ROUTE_SUFFIX,POSTMILE_PREFIX,POSTMILE,LOCATION_TYPE,RAMP_INTERSECTION,SIDE_OF_HWY,TOW_AWAY,COLLISION_SEVERITY,NUMBER_KILLED,NUMBER_INJURED,PARTY_COUNT,PRIMARY_COLL_FACTOR,PCF_CODE_OF_VIOL,PCF_VIOL_CATEGORY,PCF_VIOLATION,PCF_VIOL_SUBSECTION,HIT_AND_RUN,TYPE_OF_COLLISION,MVIW,PED_ACTION,ROAD_SURFACE,ROAD_COND_1,ROAD_COND_2,LIGHTING,CONTROL_DEVICE,CHP_ROAD_TYPE,PEDESTRIAN_ACCIDENT,BICYCLE_ACCIDENT,MOTORCYCLE_ACCIDENT,TRUCK_ACCIDENT,NOT_PRIVATE_PROPERTY,ALCOHOL_INVOLVED,STWD_VEHTYPE_AT_FAULT,CHP_VEHTYPE_AT_FAULT,COUNT_SEVERE_INJ,COUNT_VISIBLE_INJ,COUNT_COMPLAINT_PAIN,COUNT_PED_KILLED,COUNT_PED_INJURED,COUNT_BICYCLIST_KILLED,COUNT_BICYCLIST_INJURED,COUNT_MC_KILLED,COUNT_MC_INJURED,PRIMARY_RAMP,SECONDARY_RAMP,LATITUDE,LONGITUDE,COUNTY,CITY,POINT_X,POINT_Y
90241151,2016,2016-08-09,9645,2016-08-01,1705,013648,NA,1,2,7,3711,0,1,1,NA,2,011,I-805 SOUTHBOUND,EL CAJON BLVD O/C,100,N,N,A,-,Y,NA,NA,805,NA,NA,NA,NA,NA,S,Y,3,0,1,1,A,-,03,22350,NA,N,F,A,A,A,H,-,A,D,0,NA,NA,Y,NA,Y,NA,C,02,0,1,0,0,0,0,0,0,1,-,-,32.76649,-117.1287,SAN DIEGO,SAN DIEGO,-117.12880429,32.76644147
90241418,2016,2016-08-10,9680,2016-07-31,1250,019998,NA,7,1,9,3700,0,1,3,NA,1,022,SR-54 (JAMACHA RD.) W/B,BRABHAM ST,30,E,N,A,-,Y,NA,NA,54,NA,NA,NA,NA,NA,W,N,4,0,4,2,A,-,03,22350,NA,N,C,C,A,A,H,-,A,A,0,NA,NA,NA,NA,Y,NA,A,01,0,0,4,0,0,0,0,0,0,-,-,32.7501,-116.92756,SAN DIEGO,UNINCORPORATED,-116.9272886,32.75009548
90241935,2016,2016-08-10,9645,2016-07-29,1445,019054,NA,5,2,7,3711,0,1,3,NA,2,020,SR-56 E/B,RANCHO SANTE FE FARMS RD. O/C,1200,W,N,A,-,Y,NA,NA,56,NA,NA,NA,NA,NA,E,Y,4,0,1,3,A,-,03,22350,NA,N,C,C,A,A,H,-,A,D,0,NA,NA,NA,NA,Y,NA,A,01,0,0,1,0,0,0,0,0,0,-,-,32.96384,-117.18077,SAN DIEGO,SAN DIEGO,-117.1807456,32.96381722
90242367,2016,2016-08-10,9645,2016-07-29,1720,019054,NA,5,2,7,3711,0,1,3,NA,2,022,SR-56 E/B,I-15,650,W,N,A,-,Y,NA,NA,56,NA,NA,NA,NA,NA,E,Y,4,0,2,4,A,-,03,22350,NA,N,C,C,A,A,H,-,A,D,0,NA,NA,NA,NA,Y,NA,A,01,0,0,2,0,0,0,0,0,0,-,-,32.96231,-117.10174,SAN DIEGO,SAN DIEGO,-117.10175955,32.96236812
90242761,2016,2016-08-11,9680,2016-07-24,2250,015081,NA,7,3,9,3700,0,1,3,NA,1,051,STATE ROUTE 79,FINK ROAD,12672,N,N,A,-,Y,NA,NA,79,NA,NA,NA,NA,NA,NA,Y,3,0,1,1,A,-,05,21650,NA,N,E,I,A,A,H,-,D,D,0,NA,NA,NA,NA,Y,NA,A,07,0,1,0,0,0,0,0,0,0,-,-,33.33779,-116.71825,SAN DIEGO,UNINCORPORATED,-116.71822672,33.33779797
90243743,2016,2016-08-12,9645,2016-08-02,1545,019352,NA,2,2,6,3702,0,1,1,NA,2,009,I-805 S/B,PALM AVE.,578,S,N,A,-,Y,NA,NA,NA,NA,NA,NA,NA,NA,NA,N,4,0,1,2,A,-,03,22350,NA,N,C,C,A,A,H,-,A,D,0,NA,NA,NA,NA,Y,NA,D,22,0,0,1,0,0,0,0,0,0,-,-,32.58277,-117.03738,SAN DIEGO,CHULA VISTA,-117.03752875,32.58221003
90244195,2016,2016-08-15,9645,2016-08-11,1725,017270,NA,4,2,7,3711,0,1,1,NA,2,015,I-805 S/B,NOBEL DRIVE,350,S,N,A,-,Y,NA,NA,805,NA,NA,NA,NA,NA,S,N,4,0,1,2,A,-,03,22350,NA,N,C,C,A,A,H,-,A,D,0,NA,NA,NA,Y,Y,NA,G,25,0,0,1,0,0,0,0,0,0,-,-,32.8684,-117.1939,SAN DIEGO,SAN DIEGO,-117.19382935,32.86847001
90244915,2016,2016-08-15,9650,2016-06-14,0440,017194,NA,2,3,9,3700,0,1,3,NA,1,028,SR-76,PALA MISSION ROAD (WEST),0,NA,Y,B,-,Y,NA,NA,76,NA,NA,NA,NA,NA,NA,N,3,0,1,2,A,-,03,22350,NA,F,G,B,D,A,H,-,C,A,0,Y,NA,NA,NA,Y,Y,A,01,0,1,0,0,1,0,0,0,0,-,-,33.36461,-117.09091,SAN DIEGO,UNINCORPORATED,-117.09090894,33.36464493
90248124,2016,2016-08-19,9650,2016-08-08,1846,016485,NA,1,2,9,3700,0,3,5,NA,2,211,N. CENTRE CITY PKWY,JESMOND DENE RD,2100,S,N,A,-,N,NA,NA,NA,NA,NA,NA,NA,NA,NA,Y,4,0,2,4,A,-,03,22350,NA,N,C,C,A,A,H,-,A,D,0,NA,NA,NA,NA,Y,NA,A,07,0,0,2,0,0,0,0,0,0,-,-,33.11089,-117.0708,SAN DIEGO,UNINCORPORATED,-117.11828813,33.18531296
90248466,2016,2016-08-19,9680,2016-08-10,1745,015619,NA,3,2,5,3705,0,1,1,NA,2,082,I-8 E/B,SECOND ST,800,W,N,A,-,Y,NA,NA,8,NA,NA,NA,NA,NA,E,Y,4,0,2,3,A,-,03,22350,NA,N,C,C,A,A,H,-,A,D,0,NA,NA,NA,NA,Y,NA,A,07,0,0,2,0,0,0,0,0,0,-,-,32.80293,-116.94016,SAN DIEGO,EL CAJON,-116.94016002,32.80293666
90248851,2016,2016-08-22,9650,2016-08-12,1515,015276,NA,5,2,6,3706,0,1,1,NA,2,023,I-15 N/B,CITRACADO PKY,4224,S,N,A,-,Y,NA,NA,NA,NA,NA,NA,NA,NA,NA,Y,4,0,1,2,A,-,03,22350,NA,N,C,C,A,A,H,-,A,D,0,NA,NA,NA,NA,Y,NA,I,11,0,0,1,0,0,0,0,0,0,-,-,33.10467,-117.09412,SAN DIEGO,ESCONDIDO,-117.0736037,33.08357385
90248890,2016,2016-08-22,9650,2016-08-15,1505,016485,NA,1,2,9,3700,0,3,5,NA,2,210,DEER SPRINGS RD,MESA ROCK RD,53,W,N,A,-,N,NA,NA,NA,NA,NA,NA,NA,NA,NA,N,4,0,1,2,A,-,07,21658,A,N,B,C,A,A,H,-,A,D,0,NA,NA,Y,NA,Y,NA,A,07,0,0,1,0,0,0,0,0,1,-,-,33.11759,-117.07666,SAN DIEGO,UNINCORPORATED,-117.12772994,33.19603806
9024897,2019,2020-07-10,3710,2019-11-13,2000,OC1476,NA,3,5,6,3710,0,0,0,NA,0,033,RT 76,FRAZEE RD,452,W,N,A,-,Y,SD,11,76,-,R,5.51,H,-,E,Y,3,0,2,1,D,-,00,NA,NA,N,F,J,A,A,H,-,D,D,0,NA,NA,NA,NA,Y,NA,-,-,0,1,1,0,0,0,0,0,0,-,-,NA,NA,SAN DIEGO,OCEANSIDE,-117.2995376586914,33.23817443847656
90256639,2016,2016-08-30,9645,2016-08-29,1110,013111,NA,1,1,7,3711,0,1,3,NA,2,014,SR-52 WESTBOUND,I-15,265,W,N,A,-,Y,NA,NA,52,NA,NA,NA,NA,NA,W,Y,3,0,1,1,A,-,08,22107,NA,N,E,I,A,A,H,-,A,D,0,NA,NA,NA,NA,Y,NA,A,01,0,1,0,0,0,0,0,0,0,-,-,32.84184,-117.1234,SAN DIEGO,SAN DIEGO,-117.12340111,32.84192155
90257878,2016,2016-08-31,9645,2016-08-23,2305,013784,NA,2,3,9,3700,0,3,5,NA,2,024,RANCHO BERNARDO ROAD,CAMINO DEL NORTE,0,NA,Y,A,-,N,NA,NA,NA,NA,NA,NA,NA,NA,NA,Y,4,0,1,2,A,-,12,21453,A,N,D,C,A,A,H,-,C,A,0,NA,NA,NA,NA,Y,NA,-,-,0,0,1,0,0,0,0,0,0,-,-,33.01927,-117.1201,SAN DIEGO,UNINCORPORATED,-117.12005,33.01916007
90258279,2016,2016-08-31,9680,2016-08-22,1505,018427,NA,1,2,9,3700,0,3,5,NA,2,001,ASHWOOD ST,MAPLEVIEW ST,20,N,N,A,-,N,NA,NA,NA,NA,NA,NA,NA,NA,NA,N,4,0,1,2,A,-,03,22350,NA,N,C,C,A,A,H,-,A,A,0,NA,NA,NA,NA,Y,NA,A,01,0,0,1,0,0,0,0,0,0,-,-,32.86383,-116.91793,SAN DIEGO,UNINCORPORATED,-116.91782014,32.8636441
90259978,2016,2016-09-02,9680,2016-08-23,1648,016519,NA,2,2,5,3705,0,1,3,NA,2,028,SR-125 S/B,GROSSMONT COLLEGE DR.,1639,S,N,A,-,Y,NA,NA,125,NA,NA,NA,NA,NA,S,Y,4,0,2,2,A,-,08,22107,NA,N,E,I,A,A,H,-,A,D,0,NA,NA,NA,NA,Y,NA,A,01,0,0,2,0,0,0,0,0,0,-,-,32.80727,-117.00584,SAN DIEGO,EL CAJON,-117.00568637,32.80725976
90260179,2016,2016-09-02,9680,2016-08-24,0756,015061,NA,3,1,5,3708,0,1,3,NA,2,028,SR-125 N/B,NAVAJO RD.,1872,S,N,A,-,Y,NA,NA,125,NA,NA,NA,NA,NA,N,Y,4,0,1,2,A,-,01,23152,F,N,C,C,A,A,H,-,A,D,0,NA,NA,NA,NA,Y,Y,A,07,0,0,1,0,0,0,0,0,0,-,-,32.79738,-117.00582,SAN DIEGO,LA MESA,-117.00536788,32.79738
90262423,2016,2016-09-07,9650,2016-08-26,2340,016103,NA,5,3,9,3700,0,3,5,NA,2,070,LA ORILLA,RAMBLA DE LAS FLORES,100,W,N,A,-,N,NA,NA,NA,NA,NA,NA,NA,NA,NA,Y,4,0,1,1,A,-,08,22107,NA,N,E,I,A,A,H,-,D,D,0,NA,NA,NA,NA,Y,NA,A,01,0,0,1,0,0,0,0,0,0,-,-,33.01501,-117.23064,SAN DIEGO,UNINCORPORATED,-117.23025203,33.01518852
90262958,2016,2016-09-07,9680,2016-08-28,0950,018104,NA,7,1,9,3700,0,2,4,NA,1,013,WILDCAT CANYON RD,FOUNDERS WAY,4752,N,N,A,-,N,NA,NA,NA,NA,NA,NA,NA,NA,NA,Y,3,0,1,1,A,-,08,22107,NA,N,F,A,A,A,H,-,A,D,0,NA,NA,Y,NA,Y,NA,C,02,0,1,0,0,0,0,0,0,1,-,-,32.81895,-116.95996,SAN DIEGO,UNINCORPORATED,-116.858949,32.941923
90263403,2016,2016-09-07,9680,2016-08-30,2255,013686,NA,2,3,9,3700,0,2,4,NA,1,013,WILDCAT CANYON RD,MUTH VALLEY RD,331,N,N,A,-,Y,NA,NA,NA,NA,NA,NA,NA,NA,NA,Y,2,0,1,1,A,-,01,23152,A,N,F,A,A,A,H,-,D,D,0,NA,NA,Y,NA,Y,Y,C,02,1,0,0,0,0,0,0,0,1,-,-,32.90034,-116.88712,SAN DIEGO,UNINCORPORATED,-116.8875348,32.89990166
90264095,2016,2016-09-08,9645,2016-08-27,2155,020165,NA,6,2,7,3711,0,1,1,NA,2,005,I-5 N/B TO MORENA BOULEVARD,I-8,220,S,N,A,-,Y,NA,NA,NA,NA,NA,NA,NA,NA,NA,N,4,0,1,2,A,-,03,22350,NA,N,C,C,A,A,H,-,C,A,0,NA,NA,NA,NA,Y,NA,A,01,0,0,1,0,0,0,0,0,0,-,-,32.75928,-117.19764,SAN DIEGO,SAN DIEGO,-117.2035108,32.75921992
90264449,2016,2016-09-09,9645,2016-08-28,1628,020541,NA,7,2,7,3711,0,1,1,NA,2,010,I-8 E/B,TEXAS ST.,2851,W,N,A,-,Y,NA,NA,NA,NA,NA,NA,NA,NA,NA,Y,4,0,1,3,A,-,01,23152,A,F,C,C,A,A,H,-,A,D,0,NA,NA,NA,NA,Y,Y,A,07,0,0,1,0,0,0,0,0,0,-,-,32.77064,-117.12723,SAN DIEGO,SAN DIEGO,NA,NA
90265151,2016,2016-09-12,9650,2016-09-07,0810,013570,NA,3,1,9,3700,0,1,3,NA,2,065,SR-76 W/B,OLIVE HILL RD,100,W,N,A,-,Y,NA,NA,76,NA,NA,NA,NA,NA,W,Y,4,0,1,2,A,-,03,22350,NA,N,C,C,A,A,H,-,A,D,0,NA,NA,NA,NA,Y,NA,A,01,0,0,1,0,0,0,0,0,0,-,-,33.28838,-117.22564,SAN DIEGO,UNINCORPORATED,-117.22542946,33.28847883
90266045,2016,2016-09-12,9680,2016-08-31,2040,018801,NA,3,2,9,3700,0,1,3,NA,2,028,SR-125 N/B FROM GROSSMONT COLLEGE DRIVE,GROSSMONT COLLEGE DR,229,N,N,A,-,Y,NA,NA,NA,NA,NA,NA,NA,NA,NA,Y,3,0,2,1,A,-,03,22350,NA,N,F,A,A,A,H,-,C,D,0,NA,NA,NA,NA,Y,NA,A,07,0,2,0,0,0,0,0,0,0,-,-,32.81157,-117.00234,SAN DIEGO,UNINCORPORATED,-117.00342315,32.81212528
90266397,2016,2016-09-13,9680,2016-09-01,2018,018583,NA,4,2,9,3700,0,1,3,NA,2,028,SR-125 S/B,JAMACHA RD,1056,N,N,A,-,Y,NA,NA,125,NA,NA,NA,NA,NA,S,N,4,0,1,2,A,-,03,22350,NA,N,C,C,A,A,H,-,D,D,0,NA,NA,NA,NA,Y,NA,A,01,0,0,1,0,0,0,0,0,0,-,-,32.71986,-117.01488,SAN DIEGO,UNINCORPORATED,-117.01485732,32.71986041
90267034,2016,2016-09-13,9680,2016-09-03,1005,017330,NA,6,1,9,3700,0,3,5,NA,2,001,SR-94,LYONS VALLEY RD,0,NA,Y,A,-,Y,NA,NA,94,NA,NA,NA,NA,NA,NA,Y,3,0,1,2,A,-,09,21801,A,N,H,G,A,A,H,-,A,A,0,NA,Y,NA,NA,Y,NA,A,07,0,1,0,0,0,0,1,0,0,-,-,32.71992,-116.88023,SAN DIEGO,UNINCORPORATED,-116.88024406,32.71989876
90267061,2016,2016-09-13,9650,2016-09-04,1645,019126,NA,7,2,9,3700,0,1,1,NA,2,021,I-15 S/B,SR-76,2112,S,N,A,-,Y,NA,NA,NA,NA,NA,NA,NA,NA,NA,Y,4,0,1,2,A,-,08,22107,NA,N,E,I,A,A,H,-,A,D,0,NA,NA,NA,NA,Y,NA,A,01,0,0,1,0,0,0,0,0,0,-,-,33.19299,-117.09319,SAN DIEGO,UNINCORPORATED,NA,NA
90267975,2016,2016-09-15,9645,2016-09-05,1555,019344,NA,1,2,7,3711,0,1,3,NA,2,006,"SR-94 E/B FROM G"" STREET""",I-5 N/B (E/ EDGE),195,E,N,A,-,Y,NA,NA,94,NA,NA,NA,R,NA,E,Y,4,0,1,2,A,-,03,22350,NA,N,C,C,A,A,H,-,A,A,0,NA,NA,NA,NA,Y,NA,A,01,0,0,1,0,0,0,0,0,0,-,-,32.7129,-117.1468,SAN DIEGO,SAN DIEGO,-117.1468,32.7129
90269865,2016,2016-09-19,9645,2016-09-02,2258,020301,NA,5,3,6,3702,0,1,1,NA,2,009,I-805 N/B,BONITA RD,600,S,N,A,-,Y,NA,NA,805,NA,NA,NA,NA,NA,N,N,4,0,1,2,A,-,03,22350,NA,N,C,C,A,A,H,-,C,D,0,NA,NA,NA,NA,Y,NA,A,01,0,0,1,0,0,0,0,0,0,-,-,32.64314,-117.05736,SAN DIEGO,CHULA VISTA,-117.05712075,32.64327098
90270988,2016,2016-09-19,9680,2016-09-09,1253,017330,NA,5,1,9,3700,0,2,4,NA,1,010,WOODSIDE AVE.,EMERALD HILLS LN,40,E,N,A,-,N,NA,NA,NA,NA,NA,NA,NA,NA,NA,N,4,0,1,2,A,-,21,22106,NA,N,H,C,A,A,H,-,A,D,0,NA,NA,NA,NA,Y,NA,I,11,0,0,1,0,0,0,0,0,0,-,-,32.85646,-116.92751,SAN DIEGO,UNINCORPORATED,-116.92758188,32.85653747
90272659,2016,2016-09-21,9650,2016-09-11,2204,016103,NA,7,3,9,3700,0,3,5,NA,2,006,S. PASADENA AVE,ALVARADO ST,64,S,N,A,-,N,NA,NA,NA,NA,NA,NA,NA,NA,NA,N,2,0,1,2,A,-,21,22106,NA,N,C,E,A,A,H,-,D,D,0,NA,NA,NA,NA,Y,NA,A,01,1,0,0,0,0,0,0,0,0,-,-,33.38185,-117.25472,SAN DIEGO,UNINCORPORATED,-117.2546439,33.3819047
90273738,2016,2016-09-22,9650,2016-09-20,0745,013636,NA,2,1,5,3713,0,1,3,NA,2,017,SR-78 E/B,MELROSE DR,20,W,N,B,-,Y,NA,NA,NA,NA,NA,NA,NA,NA,NA,Y,4,0,1,2,A,-,07,21658,A,N,B,C,A,A,H,-,A,D,0,NA,NA,Y,NA,Y,NA,A,01,0,0,1,0,0,0,0,0,1,-,-,NA,NA,SAN DIEGO,VISTA,-117.2542842,33.19456058
90274623,2016,2016-09-23,9680,2016-09-15,1645,018583,NA,4,2,9,3700,0,1,3,NA,1,023,SR-94 W/B,SPRING ST,725,E,N,A,-,Y,NA,NA,94,NA,NA,NA,NA,NA,W,Y,3,0,1,2,A,-,08,22107,NA,N,D,C,A,A,H,-,A,D,0,NA,NA,NA,NA,Y,NA,D,22,0,1,0,0,0,0,0,0,0,-,-,32.75387,-117.00968,SAN DIEGO,UNINCORPORATED,-117.00968,32.75402577
90276233,2016,2016-09-26,9645,2016-08-11,1547,017401,NA,4,2,7,3711,0,1,1,NA,2,005,I-5 NORTHBOUND,OLD TOWN AVE.,528,N,N,A,-,Y,NA,NA,5,NA,NA,NA,NA,NA,N,Y,4,0,1,3,A,-,03,22350,NA,N,C,C,A,A,H,-,A,A,0,NA,NA,NA,NA,Y,NA,A,01,0,0,1,0,0,0,0,0,0,-,-,32.7487,-117.19468,SAN DIEGO,SAN DIEGO,-117.19468041,32.74869956
90277223,2016,2016-09-27,9680,2016-09-18,1630,019822,NA,7,2,5,3708,0,1,3,NA,2,028,SR-125 S/B,LEMON AVE,500,S,N,A,-,Y,NA,NA,125,NA,NA,NA,NA,NA,S,Y,3,0,2,2,A,-,01,23152,A,N,C,C,A,A,H,-,A,D,0,NA,NA,Y,NA,Y,Y,A,01,0,2,0,0,0,0,0,0,2,-,-,32.76732,-117.00226,SAN DIEGO,LA MESA,-117.00238092,32.76731583
90277594,2016,2016-09-28,9645,2016-09-15,1345,018393,NA,4,1,6,3702,0,1,1,NA,2,009,I-805 NB TO ORANGE AVE,ORANGE AVE,50,S,N,A,-,Y,NA,NA,805,NA,NA,NA,R,NA,N,N,4,0,2,3,A,-,21,22106,NA,N,C,C,A,A,H,-,A,D,0,NA,NA,NA,NA,Y,NA,D,22,0,0,2,0,0,0,0,0,0,-,-,32.60588,-117.0354,SAN DIEGO,CHULA VISTA,-117.0354,32.60588
90278391,2016,2016-09-28,9645,2016-09-15,1602,019496,NA,4,2,7,3711,0,1,1,NA,2,017,I-15 S/B,I-15 S/B TO SR-163 HOV,100,N,N,A,-,Y,NA,NA,15,NA,NA,NA,NA,NA,S,Y,3,0,1,3,D,-,00,NA,NA,N,B,C,A,A,H,-,A,D,0,NA,NA,Y,NA,Y,NA,-,-,0,1,0,0,0,0,0,0,1,-,-,32.8621,-117.11164,SAN DIEGO,SAN DIEGO,-117.11177276,32.86218166
90279652,2016,2016-09-29,9645,2016-09-16,2315,020500,NA,5,3,6,3702,0,1,1,NA,2,001,I-5 S/B OFF-RAMP TO H ST,H ST O/C,100,N,N,A,-,Y,NA,NA,NA,NA,NA,NA,NA,NA,NA,N,4,0,1,3,A,-,03,22350,NA,F,C,C,A,A,H,-,D,D,0,NA,NA,NA,NA,Y,NA,-,99,0,0,1,0,0,0,0,0,0,-,-,32.85277,-117.18097,SAN DIEGO,CHULA VISTA,-117.09610909,32.62939263
9028309,2019,2020-01-16,3705,2019-11-30,0903,EC0219,NA,6,5,5,3705,0,0,0,NA,0,003,BROADWAY,EAST MAIN ST,0,NA,Y,A,-,N,NA,NA,NA,NA,NA,NA,NA,NA,NA,Y,3,0,1,2,A,-,12,21453,A,N,D,C,A,A,H,-,A,A,0,NA,NA,NA,NA,Y,NA,A,01,0,1,0,0,0,0,0,0,0,-,-,NA,NA,SAN DIEGO,EL CAJON,-116.92208099365234,32.80772018432617
90284117,2016,2016-10-05,9645,2016-09-20,1225,015790,NA,2,1,7,3711,0,1,3,NA,2,014,SR-52 (EB),I-5 (SB) U/C,75,W,N,B,C,Y,NA,NA,NA,NA,NA,NA,NA,NA,NA,Y,4,0,1,1,A,-,03,22350,NA,N,E,I,A,B,H,-,A,D,0,NA,NA,NA,NA,Y,NA,A,01,0,0,1,0,0,0,0,0,0,-,-,32.9367,-117.11125,SAN DIEGO,SAN DIEGO,-117.15816206,32.83770188
90284782,2016,2016-10-05,9680,2016-09-26,1940,015070,NA,1,2,9,3700,0,1,1,NA,2,084,I-8 W/B FROM EAST WILLOWS RD.,EAST WILLOWS RD.,29,W,N,B,-,Y,NA,NA,8,NA,NA,NA,R,NA,W,Y,3,0,1,1,A,-,01,23152,A,N,E,I,A,A,H,-,C,A,0,NA,NA,NA,NA,Y,Y,D,22,0,1,0,0,0,0,0,0,0,-,-,32.83881,-116.68182,SAN DIEGO,UNINCORPORATED,-116.68182,32.83881
90285104,2016,2016-10-06,9650,2016-07-21,1850,019227,NA,4,2,9,3700,0,3,5,NA,2,211,N. LAKE WOHLFORD RD.,WOODS VALLEY RD.,2851,S,N,A,-,N,NA,NA,NA,NA,NA,NA,NA,NA,NA,Y,2,0,3,1,A,-,01,23152,A,F,F,A,A,A,H,-,A,D,0,NA,NA,NA,NA,Y,Y,A,01,2,0,1,0,0,0,0,0,0,-,-,33.19402,-116.97251,SAN DIEGO,UNINCORPORATED,-116.97303322,33.19459661
90286254,2016,2016-10-07,9650,2016-10-03,2220,017743,NA,1,3,9,3700,0,1,1,NA,2,001,I-5 N/B,US BORDER PATROL CK POINT,2112,S,N,A,-,Y,NA,NA,5,NA,NA,NA,NA,NA,N,N,4,0,3,2,A,-,03,22350,NA,N,C,C,A,A,H,-,C,D,0,NA,NA,NA,NA,Y,NA,A,07,0,0,3,0,0,0,0,0,0,-,-,33.34896,-117.51991,SAN DIEGO,UNINCORPORATED,-117.5199489,33.348904160000004
90286316,2016,2016-10-07,9650,2016-10-02,0220,015080,NA,7,3,5,3713,0,1,3,NA,2,017,SR-78 E/B,SYCAMORE AVE,2000,E,N,A,-,Y,NA,NA,78,NA,NA,NA,NA,NA,E,Y,2,0,1,1,A,-,08,22107,NA,N,E,I,A,A,H,-,C,D,0,NA,NA,NA,NA,Y,NA,A,01,1,0,0,0,0,0,0,0,0,-,-,33.16359,-117.21159,SAN DIEGO,VISTA,-117.21177593,33.16344095
90286714,2016,2016-10-07,9645,2016-10-06,0310,016138,NA,4,3,7,3711,0,1,1,NA,2,015,I-805 NORTHBOUND,EASTGATE MALL O/C,79,N,N,A,-,Y,NA,NA,NA,NA,NA,NA,NA,NA,NA,Y,2,0,1,1,A,-,01,23152,A,N,E,I,A,A,H,-,D,D,0,NA,NA,NA,NA,Y,Y,A,01,1,0,0,0,0,0,0,0,0,-,-,32.52986,-117.12113,SAN DIEGO,SAN DIEGO,-117.20117235,32.88113763
90288937,2016,2016-11-08,9645,2016-10-05,1155,014669,NA,3,1,7,3711,0,1,1,NA,2,019,I-15 S/B,BERNARDO CENTER DRIVE,1650,N,N,A,-,Y,NA,NA,NA,NA,NA,NA,NA,NA,NA,Y,4,0,1,2,A,-,08,22107,NA,N,D,C,A,A,D,-,A,D,0,NA,NA,NA,NA,Y,NA,A,01,0,0,1,0,0,0,0,0,0,-,-,33.01328,-117.08284,SAN DIEGO,SAN DIEGO,-117.08019,33.01227
90288948,2016,2016-10-11,9645,2016-10-05,0855,014669,NA,3,1,9,3700,1,4,S,NA,2,901,VALLE VERDE ROAD (16000 BLOCK),ESPOLA ROAD,0,NA,N,A,-,Y,NA,NA,NA,NA,NA,NA,NA,NA,NA,N,4,0,1,1,C,-,18,NA,NA,N,H,A,A,A,H,-,A,D,0,NA,NA,NA,NA,Y,NA,-,-,0,0,1,0,0,0,0,0,0,-,-,33.01892,-117.04504,SAN DIEGO,UNINCORPORATED,-117.04524,33.01868007
90288957,2016,2016-10-11,9650,2016-09-14,1108,015295,NA,3,1,9,3700,0,1,1,NA,2,022,INTERSTATE 15 SOUTHBOUND,RAINBOW VALLEY BOULEVARD,233,S,N,A,-,Y,NA,NA,15,NA,NA,NA,NA,NA,S,Y,2,0,1,1,A,-,08,22107,NA,N,F,A,A,A,H,-,A,D,0,NA,NA,NA,NA,Y,NA,A,01,1,0,0,0,0,0,0,0,0,-,-,33.43014,-117.14643,SAN DIEGO,UNINCORPORATED,-117.14639919,33.43010443
9028978,2019,2020-02-05,3711,2019-12-28,1131,SD7579,NA,6,5,7,3711,0,0,0,NA,0,325,NAVAJO RD,NAVAJO RD  6600,0,NA,Y,A,-,N,NA,NA,NA,NA,NA,NA,NA,NA,NA,N,4,0,1,2,A,-,05,21651,B,N,B,C,A,A,H,-,D,D,0,NA,NA,Y,NA,Y,NA,-,NA,0,0,1,0,0,0,0,0,1,-,-,NA,NA,SAN DIEGO,SAN DIEGO,NA,NA
90289957,2016,2016-10-12,9645,2016-09-21,0845,015790,NA,3,1,7,3711,0,1,1,NA,2,009,I-805 (NB) FROM H STREET (WB),I-805 (NB),525,E,N,B,-,Y,NA,NA,NA,NA,NA,NA,NA,NA,NA,Y,4,0,2,2,A,-,03,22350,NA,N,C,C,A,A,H,-,A,A,0,NA,NA,NA,NA,Y,NA,A,01,0,0,2,0,0,0,0,0,0,-,-,32.64109,-117.85431,SAN DIEGO,SAN DIEGO,NA,NA
90291694,2016,2016-10-21,9680,2016-10-12,0700,015708,NA,3,1,9,3700,0,1,1,NA,2,083,I-8 W/B FROM TAVERN ROAD,TAVERN ROAD,542,W,N,B,-,Y,NA,NA,8,NA,NA,NA,R,NA,W,Y,3,0,2,3,A,-,03,22350,NA,N,C,C,A,A,D,-,A,A,0,NA,NA,NA,NA,Y,NA,A,07,0,1,1,0,0,0,0,0,0,-,-,32.84008,-116.78247,SAN DIEGO,UNINCORPORATED,-116.78247,32.84008
90291874,2016,2016-10-14,9645,2016-10-11,0704,014804,NA,2,1,7,3711,0,1,1,NA,2,010,I-8 (W/B),PRESIDIO PARK O/C,1056,W,N,B,-,Y,NA,NA,8,NA,NA,NA,NA,NA,NA,Y,4,0,1,3,A,-,03,22350,NA,N,C,C,A,A,H,-,A,D,0,NA,NA,NA,NA,Y,NA,A,01,0,0,1,0,0,0,0,0,0,-,-,32.75978,-117.19983,SAN DIEGO,SAN DIEGO,-117.19983448,32.7598057
90292542,2016,2016-10-17,9650,2016-10-13,1735,016984,NA,4,2,5,3712,0,1,3,NA,2,019,SR-78 E/B,SAN MARCOS BLVD,1000,E,N,A,-,Y,NA,NA,78,NA,NA,NA,NA,NA,E,Y,4,0,2,2,A,-,03,22350,NA,N,C,C,A,A,H,-,A,D,0,NA,NA,NA,NA,Y,NA,A,01,0,0,2,0,0,0,0,0,0,-,-,33.13669,-117.17286,SAN DIEGO,SAN MARCOS,-117.17286591,33.13665132