CASE_ID,ACCIDENT_YEAR,PROC_DATE,JURIS,COLLISION_DATE,COLLISION_TIME,OFFICER_ID,REPORTING_DISTRICT,DAY_OF_WEEK,CHP_SHIFT,POPULATION,CNTY_CITY_LOC,SPECIAL_COND,BEAT_TYPE,CHP_BEAT_TYPE,CITY_DIVISION_LAPD,CHP_BEAT_CLASS,BEAT_NUMBER,PRIMARY_RD,SECONDARY_RD,DISTANCE,DIRECTION,INTERSECTION,WEATHER_1,WEATHER_2,STATE_HWY_IND,CALTRANS_COUNTY,CALTRANS_DISTRICT,STATE_ROUTE,ROUTE_SUFFIX,POSTMILE_PREFIX,POSTMILE,LOCATION_TYPE,RAMP_INTERSECTION,SIDE_OF_HWY,TOW_AWAY,COLLISION_SEVERITY,NUMBER_KILLED,NUMBER_INJURED,PARTY_COUNT,PRIMARY_COLL_FACTOR,PCF_CODE_OF_VIOL,PCF_VIOL_CATEGORY,PCF_VIOLATION,PCF_VIOL_SUBSECTION,HIT_AND_RUN,TYPE_OF_COLLISION,MVIW,PED_ACTION,ROAD_SURFACE,ROAD_COND_1,ROAD_COND_2,LIGHTING,CONTROL_DEVICE,CHP_ROAD_TYPE,PEDESTRIAN_ACCIDENT,BICYCLE_ACCIDENT,MOTORCYCLE_ACCIDENT,TRUCK_ACCIDENT,NOT_PRIVATE_PROPERTY,ALCOHOL_INVOLVED,STWD_VEHTYPE_AT_FAULT,CHP_VEHTYPE_AT_FAULT,COUNT_SEVERE_INJ,COUNT_VISIBLE_INJ,COUNT_COMPLAINT_PAIN,COUNT_PED_KILLED,COUNT_PED_INJURED,COUNT_BICYCLIST_KILLED,COUNT_BICYCLIST_INJURED,COUNT_MC_KILLED,COUNT_MC_INJURED,PRIMARY_RAMP,SECONDARY_RAMP,LATITUDE,LONGITUDE,COUNTY,CITY,POINT_X,POINT_Y
90292631,2016,2016-10-17,9650,2016-10-14,1948,016516,NA,5,2,6,3706,0,1,3,NA,2,019,SR-78 W/B,NORDAHL RD,1000,E,N,A,-,Y,NA,NA,78,NA,NA,NA,NA,NA,W,Y,4,0,1,2,A,-,03,22350,NA,N,C,C,A,A,H,-,D,D,0,NA,NA,NA,NA,Y,NA,D,22,0,0,1,0,0,0,0,0,0,-,-,33.13072,-117.11765,SAN DIEGO,ESCONDIDO,-117.11770397,33.13059524
90293131,2016,2016-10-17,9645,2016-10-06,0754,014922,NA,4,1,9,3700,0,1,3,NA,2,008,SR-54 WESTBOUND,BRIARWOOD ROAD OVERCROSSING,100,E,N,A,-,Y,NA,NA,NA,NA,NA,NA,NA,NA,NA,Y,4,0,1,3,A,-,03,22350,NA,N,C,C,A,A,H,-,A,D,0,NA,NA,NA,NA,Y,NA,A,01,0,0,1,0,0,0,0,0,0,-,-,32.77376,-117.11209,SAN DIEGO,UNINCORPORATED,-117.03001353,32.68185769
9029350,2019,2020-01-31,3702,2019-12-23,1159,CV0967,NA,1,5,6,3702,0,0,0,NA,0,031,BONITA RD,ALLEN SCHOOL RD,25,W,N,C,-,N,NA,NA,NA,NA,NA,NA,NA,NA,NA,Y,4,0,1,2,A,-,03,22350,NA,N,C,C,A,B,H,-,A,A,0,NA,NA,NA,NA,Y,NA,A,01,0,0,1,0,0,0,0,0,0,-,-,NA,NA,SAN DIEGO,CHULA VISTA,-117.03663635253906,32.66046142578125
90293673,2016,2016-10-17,9645,2016-10-16,1440,019496,NA,7,2,7,3711,0,1,1,NA,2,009,I-805 N/B,PALM AVE.,1320,N,N,A,-,Y,NA,NA,805,NA,NA,NA,NA,NA,N,Y,4,0,1,3,A,-,07,21658,A,F,B,C,A,A,H,-,A,D,0,NA,NA,NA,NA,Y,NA,D,22,0,0,1,0,0,0,0,0,0,-,-,32.59125,-117.03606,SAN DIEGO,SAN DIEGO,-117.03620956,32.59125397
90294210,2016,2016-10-18,9650,2016-10-10,0320,020997,NA,1,3,9,3700,0,1,1,NA,2,003,I-5 N/B,HARBOR DRIVE,1000,N,N,A,-,Y,NA,NA,5,NA,NA,NA,NA,NA,N,Y,4,0,1,1,A,-,08,22107,NA,N,F,A,A,A,H,-,D,D,0,NA,NA,NA,NA,Y,NA,A,01,0,0,1,0,0,0,0,0,0,-,-,33.2188,-117.39074,SAN DIEGO,UNINCORPORATED,-117.39091518,33.21874892
9029489,2020,2020-03-12,3711,2020-01-06,1610,SD5813,NA,1,5,7,3711,0,0,0,NA,0,111,CLAIREMONT MESA BL,DIANE AV,360,E,N,A,-,N,NA,NA,NA,NA,NA,NA,NA,NA,NA,Y,4,0,1,5,A,-,08,22107,NA,N,B,E,A,A,H,-,A,D,0,NA,NA,NA,NA,Y,NA,A,01,0,0,1,0,0,0,0,0,0,-,-,NA,NA,SAN DIEGO,SAN DIEGO,-117.18588256835938,32.83451461791992
90295907,2016,2016-10-26,9645,2016-10-11,1620,017524,NA,2,2,7,3711,0,1,1,NA,2,013,I-805 S/B,MESA COLLEGE DR. O/C,528,S,N,A,-,Y,NA,NA,805,NA,NA,NA,NA,NA,S,N,4,0,1,2,A,-,03,22350,NA,F,C,C,A,A,H,-,A,D,0,NA,NA,NA,NA,Y,NA,A,07,0,0,1,0,0,0,0,0,0,-,-,32.79633,-117.14995,SAN DIEGO,SAN DIEGO,-117.14972873,32.79631609
90297066,2016,2016-10-20,9645,2016-10-12,0755,015270,NA,3,1,9,3700,0,3,5,NA,2,018,PROCTOR VALLEY ROAD,AQUA VISTA DRIVE,10560,W,N,B,-,N,NA,NA,NA,NA,NA,NA,NA,NA,NA,Y,2,0,1,1,A,-,03,22350,NA,N,E,I,A,A,G,-,A,D,0,NA,NA,NA,NA,Y,NA,D,22,1,0,0,0,0,0,0,0,0,-,-,32.67385,-116.9216,SAN DIEGO,UNINCORPORATED,-116.9216,32.67385
90297415,2016,2016-10-20,9645,2016-09-21,0945,016156,NA,3,1,7,3711,0,1,1,NA,2,021,SR-15 S/B TO I-5 N/B,NATIONAL AVENUE U/C,120,N,N,B,-,Y,NA,NA,15,NA,NA,NA,R,NA,S,Y,4,0,2,2,A,-,03,22350,NA,N,C,C,A,A,H,-,A,D,0,NA,NA,NA,NA,Y,NA,A,07,0,0,2,0,0,0,0,0,0,-,-,32.69626,-117.12111,SAN DIEGO,SAN DIEGO,-117.12111,32.69626
90298223,2016,2016-10-21,9680,2016-10-15,0605,016598,NA,6,1,9,3700,0,3,5,NA,2,002,GRANITE HILLS DRIVE (1700 BLOCK),LEXINGTON AVE,320,S,N,A,-,N,NA,NA,NA,NA,NA,NA,NA,NA,NA,Y,4,0,1,1,A,-,01,23152,A,N,E,I,A,A,H,-,D,D,0,NA,NA,NA,NA,Y,Y,D,22,0,0,1,0,0,0,0,0,0,-,-,32.79183,-116.92047,SAN DIEGO,UNINCORPORATED,-116.92036856,32.79191941
90298510,2016,2016-10-24,9650,2016-10-15,1155,019126,NA,6,1,9,3700,0,3,5,NA,2,213,SOUTH GRADE RD,CANFIELD RD,24288,S,N,A,-,N,NA,NA,NA,NA,NA,NA,NA,NA,NA,Y,4,0,1,1,A,-,08,22107,NA,N,E,I,A,A,H,-,A,D,0,NA,NA,Y,NA,Y,NA,C,02,0,0,1,0,0,0,0,0,1,-,-,33.30325,-116.87176,SAN DIEGO,UNINCORPORATED,-116.8830056,33.30050726
90298910,2016,2016-10-24,9645,2016-10-09,1925,020673,NA,7,2,7,3711,0,1,1,NA,2,010,I-8 E/B,SR-163,845,W,N,A,-,Y,NA,NA,8,NA,NA,NA,NA,NA,E,Y,3,0,2,5,A,-,03,22350,NA,N,C,C,E,A,H,-,C,D,0,Y,NA,NA,NA,Y,NA,D,22,0,2,0,0,2,0,0,0,0,-,-,32.76105,-117.16742,SAN DIEGO,SAN DIEGO,-117.16740444,32.7609875
90302747,2016,2016-10-27,9650,2016-10-20,1900,014772,NA,4,2,5,3701,0,1,3,NA,2,015,I-5 S/B FROM SR-78,I-5,300,W,N,A,-,Y,NA,NA,5,NA,NA,NA,R,NA,S,Y,3,0,1,1,A,-,08,22107,NA,N,F,A,A,A,H,-,D,D,0,NA,NA,Y,NA,Y,NA,C,02,0,1,0,0,0,0,0,0,1,-,-,33.17521,-117.35131,SAN DIEGO,CARLSBAD,-117.35131,33.17521
90302855,2016,2016-10-27,9650,2016-10-16,0130,019549,NA,7,3,9,3700,0,2,4,NA,2,061,E. MISSION RD,BRANDON RD,50,E,N,A,-,N,NA,NA,NA,NA,NA,NA,NA,NA,NA,Y,3,0,1,1,A,-,01,23152,F,N,E,I,A,A,H,-,C,A,0,NA,NA,NA,NA,Y,Y,A,07,0,1,0,0,0,0,0,0,0,-,-,33.38467,-117.24315,SAN DIEGO,UNINCORPORATED,-117.24312595,33.38473756
90305560,2016,2016-10-28,9650,2016-10-22,2220,018383,NA,6,3,5,3701,0,1,1,NA,2,005,I-5 N/B,POINSETTIA LN,2640,S,N,A,-,Y,NA,NA,NA,NA,NA,NA,NA,NA,NA,Y,4,0,1,3,A,-,03,22350,NA,N,C,C,A,A,H,-,C,D,0,NA,NA,NA,NA,Y,NA,A,01,0,0,1,0,0,0,0,0,0,-,-,33.09704,-117.09704,SAN DIEGO,CARLSBAD,-117.30628808,33.09709258
90308919,2016,2016-11-01,9645,2016-10-19,2300,018987,NA,3,3,3,3703,0,1,3,NA,1,004,SR-75 SOUTHBOUND,GLORIETTA BL,838,E,N,A,-,Y,NA,NA,75,NA,NA,NA,NA,NA,S,Y,3,0,1,1,A,-,01,23152,E,N,E,I,A,A,H,-,C,D,0,NA,NA,NA,NA,Y,NA,A,07,0,1,0,0,0,0,0,0,0,-,-,32.6907,-117.1664,SAN DIEGO,CORONADO,-117.16640494,32.6906931
90312017,2016,2016-11-07,9650,2016-11-04,0750,016275,NA,5,1,9,3700,0,1,1,NA,2,021,I-15 S/B TO GOPHER CANYON RD,GOPHER CANYON RD,5,N,N,A,-,Y,NA,NA,NA,NA,NA,NA,NA,NA,NA,N,4,0,1,2,A,-,21,22106,NA,N,C,C,A,A,H,-,A,A,0,NA,NA,NA,NA,Y,NA,A,01,0,0,1,0,0,0,0,0,0,-,-,33.1511,-117.0925,SAN DIEGO,UNINCORPORATED,NA,NA
90315884,2016,2016-11-10,9650,2016-11-04,1548,016516,NA,5,2,9,3700,0,1,1,NA,2,022,I-15 N/B,RAINBOW GLEN RD,500,S,N,A,-,Y,NA,NA,15,NA,NA,NA,NA,NA,N,N,3,0,1,1,A,-,03,22350,NA,N,F,A,A,A,H,-,A,D,0,NA,NA,Y,NA,Y,NA,C,02,0,1,0,0,0,0,0,0,1,-,-,33.40888,-117.16279,SAN DIEGO,UNINCORPORATED,-117.16289295,33.4089547
90317106,2016,2016-11-11,9650,2016-11-03,1305,015803,NA,4,1,5,3712,0,1,3,NA,2,019,SR-78 E/B,LAS POSAS RD,1400,E,N,A,-,Y,NA,NA,NA,NA,NA,NA,NA,NA,NA,Y,3,0,1,2,A,-,07,21658,A,N,E,I,A,A,H,-,A,D,0,NA,NA,NA,NA,Y,NA,A,01,0,1,0,0,0,0,0,0,0,-,-,33.83078,-117.11157,SAN DIEGO,SAN MARCOS,-117.19105,33.14384
90317526,2016,2016-11-14,9650,2016-10-31,0300,017392,NA,1,3,9,3700,0,3,5,NA,2,070,DEL DIOS HIGHWAY,CALLE AMBIENTE,1584,E,N,A,-,N,NA,NA,NA,NA,NA,NA,NA,NA,NA,Y,4,0,1,1,A,-,01,23152,A,N,F,A,A,A,H,-,D,D,0,NA,NA,NA,NA,Y,Y,A,07,0,0,1,0,0,0,0,0,0,-,-,33.04527,-117.13185,SAN DIEGO,UNINCORPORATED,-117.15452259,33.04279103
90317542,2016,2016-11-14,9645,2016-11-04,0755,013393,NA,5,1,7,3711,0,1,3,NA,2,014,SR-52 W/B,I-805 O/C,1056,E,N,A,-,Y,NA,NA,NA,NA,NA,NA,NA,NA,NA,Y,4,0,1,2,A,-,03,22350,NA,N,C,C,A,A,H,-,A,D,0,NA,NA,Y,NA,Y,NA,C,02,0,0,1,0,0,0,0,0,1,-,-,32.5041,-117.1005,SAN DIEGO,SAN DIEGO,-117.1749466,32.8472976
90317627,2016,2016-11-14,9645,2016-10-26,0900,014922,NA,3,1,7,3711,0,1,1,NA,2,009,I-805 NORTHBOUND,47TH ST. UNDERCROSSING,700,N,N,A,-,Y,NA,NA,805,NA,NA,NA,NA,NA,N,Y,4,0,1,2,A,-,03,22350,NA,N,C,C,A,A,H,-,A,D,0,NA,NA,NA,NA,Y,NA,A,01,0,0,1,0,0,0,0,0,0,-,-,32.69366,-117.09461,SAN DIEGO,SAN DIEGO,-117.09474337,32.6936571
90317640,2016,2016-11-14,9645,2016-11-01,0750,014922,NA,2,1,7,3711,0,1,1,NA,2,009,I-805 NORTHBOUND,MARKET ST. OVERCROSSING,50,S,N,A,-,Y,NA,NA,NA,NA,NA,NA,NA,NA,NA,Y,4,0,1,2,A,-,07,21658,A,N,C,C,A,A,H,-,A,D,0,NA,NA,Y,NA,Y,NA,A,01,0,0,1,0,0,0,0,0,1,-,-,NA,NA,SAN DIEGO,SAN DIEGO,-117.10049541,32.71137541
90325182,2016,2016-11-18,9650,2016-11-15,1615,015446,NA,2,2,9,3700,0,1,1,NA,2,021,I-15 FWY NORTHBOUND,MESA ROCK ROAD U/C,1000,S,N,A,-,Y,NA,NA,15,NA,NA,NA,NA,NA,N,N,4,0,2,2,A,-,03,22350,NA,N,C,C,A,A,H,-,A,D,0,NA,NA,NA,NA,Y,NA,A,07,0,0,2,0,0,0,0,0,0,-,-,33.16739,-117.10846,SAN DIEGO,UNINCORPORATED,-117.10833271,33.16746566
90325591,2016,2016-11-21,9650,2016-11-13,1230,017780,NA,7,1,9,3700,0,3,5,NA,1,212,WEST LILAC RD.,CIRCLE R DR,2640,N,N,A,-,N,NA,NA,NA,NA,NA,NA,NA,NA,NA,N,4,0,2,2,A,-,08,22107,NA,F,B,C,A,A,H,-,A,D,0,NA,NA,NA,NA,Y,NA,A,01,0,0,2,0,0,0,0,0,0,-,-,33.27659,-117.11302,SAN DIEGO,UNINCORPORATED,-117.10635474,33.26996329
90329528,2016,2016-11-25,9645,2016-09-27,0540,017498,NA,2,3,5,3709,0,1,3,NA,2,008,SR-54 WESTBOUND,HIGHLAND AVENUE O/C,792,W,N,A,-,Y,NA,NA,54,NA,NA,NA,NA,NA,W,N,4,0,2,2,A,-,03,22350,NA,N,C,C,A,A,H,-,D,D,0,NA,NA,NA,NA,Y,NA,A,01,0,0,2,0,0,0,0,0,0,-,-,32.65526,-117.09176,SAN DIEGO,NATIONAL CITY,-117.09179035,32.65531823
90329647,2016,2016-11-28,9650,2016-11-19,1642,015027,NA,6,2,9,3700,0,3,5,NA,2,213,RICE CANYON RD,SR-76,8448,N,N,A,-,N,NA,NA,NA,NA,NA,NA,NA,NA,NA,Y,3,0,1,1,A,-,01,23152,A,M,F,I,A,A,H,-,D,D,0,NA,NA,NA,NA,Y,Y,D,22,0,1,0,0,0,0,0,0,0,-,-,33.36749,-117.13925,SAN DIEGO,UNINCORPORATED,-117.13811311,33.36477867
90329858,2016,2016-11-28,9645,2016-11-16,0450,015664,NA,3,3,7,3711,0,1,1,NA,2,021,I-15 S/B,SAN DIEGO MISSION RD.,1056,S,N,B,-,Y,NA,NA,15,NA,NA,NA,NA,NA,S,Y,4,0,2,1,A,-,08,22107,NA,N,E,I,A,A,H,-,C,D,0,NA,NA,NA,NA,Y,NA,A,01,0,0,2,0,0,0,0,0,0,-,-,32.78387,-117.11429,SAN DIEGO,SAN DIEGO,-117.11426966,32.78388033
9033023,2020,2020-03-12,3706,2020-01-09,1335,374,ESCON,4,5,6,3706,0,0,0,NA,0,042,ASH ST,JEFFERSON AV,125,N,N,B,-,N,NA,NA,NA,NA,NA,NA,NA,NA,NA,Y,3,0,2,2,A,-,03,22350,NA,N,C,C,A,A,H,-,A,A,0,NA,NA,NA,NA,Y,NA,D,22,0,1,1,0,0,0,0,0,0,-,-,33.133880615234375,-117.06867980957033,SAN DIEGO,ESCONDIDO,-117.06881713867188,33.13412094116211
90331303,2016,2016-11-28,9680,2016-11-16,1420,018801,NA,3,2,9,3700,0,1,3,NA,1,023,SR-94 W/B,KENWOOD DR. U/C,1584,E,N,A,-,Y,NA,NA,94,NA,NA,NA,NA,NA,W,Y,3,0,1,1,A,-,08,22107,NA,N,E,I,A,A,H,-,A,D,0,NA,NA,NA,NA,Y,NA,D,22,0,1,0,0,0,0,0,0,0,-,-,32.7447,-116.98421,SAN DIEGO,UNINCORPORATED,-116.98418824,32.74483117
90332056,2016,2016-11-29,9645,2016-10-26,1210,014909,NA,3,1,7,3711,0,1,3,NA,2,016,SR-52 W/B,MAST BLVD,2640,W,N,A,-,Y,NA,NA,52,NA,NA,NA,NA,NA,W,Y,3,0,3,2,A,-,08,22107,NA,N,B,C,A,A,H,-,A,D,0,NA,NA,NA,NA,Y,NA,A,01,0,2,1,0,0,0,0,0,0,-,-,32.851,-117.0353,SAN DIEGO,SAN DIEGO,-117.03529409,32.85103049
90335100,2016,2016-12-01,9680,2016-11-19,1410,020738,NA,6,2,9,3700,0,3,5,NA,2,003,OLDE HIGHWAY 80,PECAN PARK LN,750,E,N,B,-,N,NA,NA,NA,NA,NA,NA,NA,NA,NA,Y,3,0,3,2,A,-,09,21804,A,N,D,C,A,A,H,-,A,D,0,NA,NA,NA,NA,Y,NA,A,01,0,1,2,0,0,0,0,0,0,-,-,32.84613,-116.87369,SAN DIEGO,UNINCORPORATED,-116.873685,32.846102
90335457,2016,2016-12-02,9650,2016-11-21,0710,015273,NA,1,1,9,3700,0,3,5,NA,1,160,CAMINO DEL REY (7500 BLOCK),OLD HIGHWAY 395,4224,W,N,B,C,N,NA,NA,NA,NA,NA,NA,NA,NA,NA,Y,4,0,1,3,A,-,03,22350,NA,N,A,C,A,B,H,-,A,D,0,NA,NA,NA,NA,Y,NA,A,01,0,0,1,0,0,0,0,0,0,-,-,33.26801,-117.1698,SAN DIEGO,UNINCORPORATED,-117.15812,33.26666
90336117,2016,2016-12-05,9680,2016-11-19,2055,020105,NA,6,2,5,3705,0,1,1,NA,2,082,I-8 E/B TO 2ND ST,2ND ST,5,W,N,A,-,Y,NA,NA,8,NA,NA,NA,R,NA,E,N,3,0,1,2,A,-,05,21650,NA,N,H,G,A,A,H,-,C,A,0,NA,Y,NA,NA,Y,NA,L,04,0,1,0,0,0,0,1,0,0,-,-,32.80269,-116.93584,SAN DIEGO,EL CAJON,-116.93584,32.80269
90337346,2016,2016-12-06,9650,2016-11-27,2247,013890,NA,7,3,9,3700,0,1,1,NA,2,001,I-5 S/B,LAS PULGAS RD,7392,N,N,B,-,Y,NA,NA,5,NA,NA,NA,NA,NA,S,Y,3,0,1,1,A,-,08,22107,NA,N,F,A,A,A,H,-,D,D,0,NA,NA,NA,NA,Y,NA,A,01,0,1,0,0,0,0,0,0,0,-,-,33.31349,-117.48192,SAN DIEGO,UNINCORPORATED,-117.48173941,33.31357507
9033794,2020,2020-03-11,3702,2020-01-17,0730,CV0767,NA,5,5,6,3702,0,0,0,NA,0,042,N GREENSVIEW DR,MASTERS RIDGE RD,37,W,N,C,-,N,NA,NA,NA,NA,NA,NA,NA,NA,NA,Y,3,0,3,4,A,-,03,22350,NA,N,C,C,A,B,H,-,A,D,0,NA,NA,NA,NA,Y,NA,D,22,0,1,2,0,0,0,0,0,0,-,-,NA,NA,SAN DIEGO,CHULA VISTA,-116.95995330810548,32.646644592285156
90338598,2016,2016-12-07,9645,2016-11-22,2005,017529,NA,2,2,7,3711,0,1,3,NA,2,023,SR-163 SOUTHBOUND,ROBINSON AVE,600,S,N,A,-,Y,NA,NA,163,NA,NA,NA,NA,NA,S,Y,3,0,1,2,A,-,03,22350,NA,N,C,C,A,A,H,-,C,D,0,NA,NA,Y,NA,Y,NA,C,02,0,1,0,0,0,0,0,0,1,-,-,32.74462,-117.1564,SAN DIEGO,SAN DIEGO,-117.15642514,32.74461665
9033899,2020,2020-02-25,3705,2020-01-30,0754,EC0219,NA,4,5,5,3705,0,0,0,NA,0,004,S LINCOLN AV,E LEXINGTON AV,148,S,N,A,-,N,NA,NA,NA,NA,NA,NA,NA,NA,NA,Y,3,0,1,3,A,-,07,21658,A,N,F,E,A,A,H,-,A,D,0,NA,NA,NA,NA,Y,NA,A,01,0,1,0,0,0,0,0,0,0,-,-,NA,NA,SAN DIEGO,EL CAJON,-116.95368957519533,32.79231643676758
90342589,2016,2016-12-12,9650,2016-12-05,0830,015295,NA,1,1,9,3700,0,1,3,NA,2,065,STATE ROUTE 76 WESTBOUND,SAN LUIS REY RIVER BRIDGE,240,W,N,A,-,Y,NA,NA,76,NA,NA,NA,NA,NA,W,Y,4,0,1,1,A,-,08,22107,NA,N,E,I,A,A,H,-,A,D,0,NA,NA,NA,NA,Y,NA,A,01,0,0,1,0,0,0,0,0,0,-,-,33.26236,-117.23684,SAN DIEGO,UNINCORPORATED,-117.23681397,33.26236716
90343426,2016,2016-12-13,9680,2016-12-04,0800,018979,NA,7,1,9,3700,0,2,4,NA,1,026,JAMACHA BLVD,SR-94,497,S,N,A,-,N,NA,NA,NA,NA,NA,NA,NA,NA,NA,Y,4,0,1,1,A,-,08,22107,NA,N,E,I,A,A,H,-,A,D,0,NA,NA,NA,NA,Y,NA,A,01,0,0,1,0,0,0,0,0,0,-,-,32.73949,-116.95279,SAN DIEGO,UNINCORPORATED,-116.952828,32.739345
90343496,2016,2016-12-13,9680,2016-12-05,0550,019910,NA,1,3,9,3700,0,2,4,NA,1,013,WILDCAT CANYON RD,MUTH VALLEY RD,629,N,N,A,-,N,NA,NA,NA,NA,NA,NA,NA,NA,NA,Y,3,0,1,1,A,-,03,22350,NA,N,F,A,A,A,H,-,D,D,0,NA,NA,Y,NA,Y,NA,C,02,0,1,0,0,0,0,0,0,1,-,-,32.90037,-116.88712,SAN DIEGO,UNINCORPORATED,-116.88697757,32.90056819
90343812,2016,2016-12-13,9680,2016-11-29,1820,017555,NA,2,2,9,3700,0,3,5,NA,2,003,FRANCES DRIVE,ROSALIE WAY,96,W,N,A,-,N,NA,NA,NA,NA,NA,NA,NA,NA,NA,N,3,0,2,1,C,-,18,NA,NA,N,F,A,A,A,B,-,D,A,0,NA,NA,Y,NA,Y,NA,-,-,0,1,1,0,0,0,0,0,2,-,-,32.82055,-116.83079,SAN DIEGO,UNINCORPORATED,-116.83088267,32.82074267
90344975,2016,2016-12-14,9680,2016-12-07,1910,015619,NA,3,2,9,3700,0,3,5,NA,2,001,OLD HIGHWAY 80,FLINN CREST ST,300,W,N,A,-,N,NA,NA,NA,NA,NA,NA,NA,NA,NA,Y,3,0,1,3,A,-,08,22107,NA,N,D,E,A,A,H,-,C,D,0,NA,NA,NA,NA,Y,NA,A,07,0,1,0,0,0,0,0,0,0,-,-,32.84787,-116.86497,SAN DIEGO,UNINCORPORATED,-116.865011,32.84796
9034599,2019,2020-02-10,3711,2019-12-19,1740,SD7925,NA,4,5,7,3711,0,0,0,NA,0,317,CARDINAL DR,2393 CARDINAL DR,0,NA,-,A,-,N,NA,NA,NA,NA,NA,NA,NA,NA,NA,N,4,0,2,2,A,-,03,22350,NA,N,C,C,A,A,H,-,C,D,0,NA,NA,NA,NA,Y,NA,A,01,0,0,2,0,0,0,0,0,0,-,-,NA,NA,SAN DIEGO,SAN DIEGO,-117.157503,32.788222
90346147,2016,2016-12-15,9680,2016-12-07,1525,016822,NA,3,2,9,3700,0,3,5,NA,2,009,OLD JULIAN HIGHWAY,VISTA RAMONA ROAD,1584,E,N,A,-,N,NA,NA,NA,NA,NA,NA,NA,NA,NA,Y,4,0,1,1,A,-,05,21650,NA,N,E,I,A,A,H,-,A,D,0,NA,NA,NA,NA,Y,NA,A,07,0,0,1,0,0,0,0,0,0,-,-,33.0411,-116.8238,SAN DIEGO,UNINCORPORATED,-116.82787019,33.04054802
90347137,2016,2017-02-02,9645,2016-12-07,1735,017524,NA,3,2,7,3711,0,1,1,NA,2,015,I-805 S/B,MIRA MESA BLVD. U/C,1056,N,N,A,-,Y,NA,NA,805,NA,NA,NA,NA,NA,S,Y,4,0,1,3,A,-,03,22350,NA,F,C,C,A,A,H,-,D,D,0,NA,NA,NA,NA,Y,NA,A,01,0,0,1,0,0,0,0,0,0,-,-,32.89477,-117.21488,SAN DIEGO,SAN DIEGO,-117.21478201,32.89489755
90347171,2016,2016-12-19,9645,2016-12-01,1715,018428,NA,4,2,7,3711,0,1,3,NA,2,020,SR-15 S/B,ADAMS AVE. O/C,70,N,N,A,-,N,NA,NA,NA,NA,NA,NA,NA,NA,NA,N,4,0,1,2,A,-,03,22350,NA,N,C,C,A,A,H,-,C,D,0,NA,NA,NA,NA,Y,NA,A,01,0,0,1,0,0,0,0,0,0,-,-,32.77447,-117.11455,SAN DIEGO,SAN DIEGO,-117.10942121,32.76347091
90348035,2016,2016-12-19,9650,2016-12-06,1504,019126,NA,2,2,9,3700,0,3,5,NA,2,231,IDAHO AVE,BEAR VALLEY PKWY,0,NA,Y,A,-,N,NA,NA,NA,NA,NA,NA,NA,NA,NA,Y,4,0,1,2,A,-,09,21801,A,N,A,C,A,A,H,-,A,A,0,NA,NA,NA,NA,Y,NA,A,07,0,0,1,0,0,0,0,0,0,-,-,33.06573,-117.03012,SAN DIEGO,UNINCORPORATED,-117.05033005,33.11596008
90348273,2016,2016-12-19,9645,2016-10-05,0127,015698,NA,3,3,7,3711,0,1,1,NA,2,010,INTERSTATE 8 (I-8) EASTBOUND (E/B),I-15 S/B TO CAMINO DEL RIO SOUTH O/C,1292,W,N,B,-,Y,NA,NA,8,NA,NA,NA,NA,NA,E,Y,1,1,0,1,A,-,01,23152,A,N,E,I,A,A,H,-,D,D,0,NA,NA,NA,NA,Y,Y,D,22,0,0,0,0,0,0,0,0,0,-,-,32.77813,-117.11722,SAN DIEGO,SAN DIEGO,-117.11723554,32.77822826
90348799,2016,2016-12-20,9680,2016-12-12,0910,015962,NA,1,1,5,3705,0,1,1,NA,2,082,I-8 W/B,MOLLISION AVE,250,W,N,A,-,Y,NA,NA,8,NA,NA,NA,NA,NA,W,Y,4,0,2,4,A,-,07,21658,A,N,B,C,A,A,H,-,A,D,0,NA,NA,NA,NA,Y,NA,D,22,0,0,2,0,0,0,0,0,0,-,-,32.80323,-116.95556,SAN DIEGO,EL CAJON,-116.95555912,32.80314411
9034995,2019,2020-07-10,3710,2019-09-03,1705,OC1157,NA,2,5,6,3710,0,0,0,NA,0,016,RT 76,DOUGLAS DR,45,E,N,A,-,Y,SD,11,76,-,R,3.76,H,-,W,Y,4,0,1,2,A,-,03,22350,NA,N,C,C,A,A,H,-,A,A,0,NA,NA,NA,NA,Y,NA,A,01,0,0,1,0,0,0,0,0,0,-,-,NA,NA,SAN DIEGO,OCEANSIDE,-117.32543182373048,33.2259521484375
90353345,2016,2016-12-27,9680,2016-12-16,1755,020049,NA,5,2,9,3700,0,2,4,NA,1,026,BANCROFT DR,CAMPO RD,215,N,N,B,C,N,NA,NA,NA,NA,NA,NA,NA,NA,NA,N,4,0,1,2,A,-,05,21460,A,N,D,C,A,B,H,-,C,D,0,NA,NA,NA,NA,Y,NA,D,22,0,0,1,0,0,0,0,0,0,-,-,32.75208,-117.00143,SAN DIEGO,UNINCORPORATED,-117.00145,32.75197885
90354471,2016,2016-12-27,9645,2016-10-16,0325,020301,NA,7,3,7,3711,0,1,1,NA,2,019,I-15 S/B,WEST BERNARDO DR,1000,S,N,A,-,Y,NA,NA,15,NA,NA,NA,NA,NA,S,Y,4,0,1,2,A,-,03,22350,NA,F,C,C,A,A,H,-,C,D,0,NA,NA,NA,NA,Y,Y,A,01,0,0,1,0,0,0,0,0,0,-,-,33.04723,-117.0729,SAN DIEGO,SAN DIEGO,-117.07301962,33.04721972