CASE_ID,ACCIDENT_YEAR,PROC_DATE,JURIS,COLLISION_DATE,COLLISION_TIME,OFFICER_ID,REPORTING_DISTRICT,DAY_OF_WEEK,CHP_SHIFT,POPULATION,CNTY_CITY_LOC,SPECIAL_COND,BEAT_TYPE,CHP_BEAT_TYPE,CITY_DIVISION_LAPD,CHP_BEAT_CLASS,BEAT_NUMBER,PRIMARY_RD,SECONDARY_RD,DISTANCE,DIRECTION,INTERSECTION,WEATHER_1,WEATHER_2,STATE_HWY_IND,CALTRANS_COUNTY,CALTRANS_DISTRICT,STATE_ROUTE,ROUTE_SUFFIX,POSTMILE_PREFIX,POSTMILE,LOCATION_TYPE,RAMP_INTERSECTION,SIDE_OF_HWY,TOW_AWAY,COLLISION_SEVERITY,NUMBER_KILLED,NUMBER_INJURED,PARTY_COUNT,PRIMARY_COLL_FACTOR,PCF_CODE_OF_VIOL,PCF_VIOL_CATEGORY,PCF_VIOLATION,PCF_VIOL_SUBSECTION,HIT_AND_RUN,TYPE_OF_COLLISION,MVIW,PED_ACTION,ROAD_SURFACE,ROAD_COND_1,ROAD_COND_2,LIGHTING,CONTROL_DEVICE,CHP_ROAD_TYPE,PEDESTRIAN_ACCIDENT,BICYCLE_ACCIDENT,MOTORCYCLE_ACCIDENT,TRUCK_ACCIDENT,NOT_PRIVATE_PROPERTY,ALCOHOL_INVOLVED,STWD_VEHTYPE_AT_FAULT,CHP_VEHTYPE_AT_FAULT,COUNT_SEVERE_INJ,COUNT_VISIBLE_INJ,COUNT_COMPLAINT_PAIN,COUNT_PED_KILLED,COUNT_PED_INJURED,COUNT_BICYCLIST_KILLED,COUNT_BICYCLIST_INJURED,COUNT_MC_KILLED,COUNT_MC_INJURED,PRIMARY_RAMP,SECONDARY_RAMP,LATITUDE,LONGITUDE,COUNTY,CITY,POINT_X,POINT_Y
90354901,2016,2016-12-27,9650,2016-12-22,0834,015027,NA,4,1,9,3700,0,3,5,NA,2,213,PALA TEMECULA RD,PALA MISSION RD,16896,N,N,C,-,N,NA,NA,NA,NA,NA,NA,NA,NA,NA,Y,2,0,1,1,A,-,01,23152,A,N,F,A,A,B,H,-,A,D,0,NA,NA,NA,NA,Y,Y,A,01,1,0,0,0,0,0,0,0,0,-,-,33.40315,-117.08386,SAN DIEGO,UNINCORPORATED,-117.09114015,33.3981562
90356947,2016,2016-12-29,9645,2016-12-15,1045,014909,NA,4,1,7,3711,0,1,3,NA,2,023,SR-163 N/B,FRIARS ROAD O/C,200,S,N,B,-,Y,NA,NA,163,NA,NA,NA,NA,NA,N,Y,4,0,1,1,A,-,08,22107,NA,N,E,I,A,A,H,-,A,D,0,NA,NA,NA,NA,Y,NA,A,01,0,0,1,0,0,0,0,0,0,-,-,32.77066,-117.16115,SAN DIEGO,SAN DIEGO,-117.16143297,32.77073131
90357829,2016,2016-12-29,9645,2016-12-16,0240,020720,NA,5,3,6,3702,0,1,1,NA,2,001,I-5 N/B,J ST  UC,1460,S,N,C,-,Y,NA,NA,5,NA,NA,NA,NA,NA,N,Y,2,0,1,1,A,-,08,22107,NA,N,E,I,A,B,H,-,D,D,0,NA,NA,NA,NA,Y,NA,A,07,1,0,0,0,0,0,0,0,0,-,-,32.6184,-117.09147,SAN DIEGO,CHULA VISTA,-117.09162117,32.61835003
90358291,2016,2016-12-30,9680,2016-12-21,1830,015983,NA,3,2,9,3700,0,2,4,NA,1,025,SWEETWATER ROAD,ORVILLE STREET,110,S,N,C,-,N,NA,NA,NA,NA,NA,NA,NA,NA,NA,Y,4,0,1,2,A,-,09,21804,A,F,D,C,A,B,H,-,D,D,0,NA,NA,NA,NA,Y,NA,A,01,0,0,1,0,0,0,0,0,0,-,-,32.70842,-117.01142,SAN DIEGO,UNINCORPORATED,-117.01150584,32.7086346
90358382,2016,2016-12-30,9650,2016-12-10,0715,016275,NA,6,1,9,3700,0,1,1,NA,2,021,I-15 N/B,SAN LUIS REY RIVER,105,S,N,B,-,Y,NA,NA,NA,NA,NA,NA,NA,NA,NA,Y,2,0,3,1,A,-,08,22107,NA,N,E,I,A,A,H,-,A,D,0,NA,NA,NA,NA,Y,NA,D,23,1,2,0,0,0,0,0,0,0,-,-,33.1921,-117.0926,SAN DIEGO,UNINCORPORATED,NA,NA
90358404,2016,2016-12-30,9680,2016-12-23,0938,015877,NA,5,1,5,3705,0,1,1,NA,2,082,I-8 W/B,SECOND ST.,1584,E,N,A,-,Y,NA,NA,8,NA,NA,NA,NA,NA,W,Y,4,0,1,2,A,-,07,21658,A,N,B,C,A,A,H,-,A,D,0,NA,NA,NA,NA,Y,NA,A,01,0,0,1,0,0,0,0,0,0,-,-,32.80269,-116.93106,SAN DIEGO,EL CAJON,-116.93106955,32.80317583
90359908,2016,2017-01-03,9650,2016-12-14,0818,015295,NA,3,1,9,3700,0,1,3,NA,2,065,STATE ROUTE 76,OLD HIGHWAY 395,1407,W,N,A,-,Y,NA,NA,76,NA,NA,NA,NA,NA,NA,Y,3,0,2,2,A,-,09,21801,A,N,D,C,A,A,H,-,A,D,0,NA,NA,NA,NA,Y,NA,A,01,0,2,0,0,0,0,0,0,0,-,-,33.32466,-117.16548,SAN DIEGO,UNINCORPORATED,-117.16573811,33.32486409
90360819,2016,2017-01-04,9645,2016-12-21,1930,018950,NA,3,2,7,3711,0,1,1,NA,2,007,I-5 N/B,CARMEL MOUNTAIN RD U/C,1584,S,N,C,-,Y,NA,NA,5,NA,NA,NA,NA,NA,N,Y,4,0,1,2,A,-,03,22350,NA,N,B,C,A,B,H,-,C,D,0,NA,NA,NA,NA,Y,NA,A,01,0,0,1,0,0,0,0,0,0,-,-,32.91444,-117.22949,SAN DIEGO,SAN DIEGO,-117.229884,32.91418379
90362941,2016,2017-01-06,9650,2016-12-31,0840,019398,NA,6,1,6,3706,0,1,1,NA,2,023,I-15 N/B,9TH AVENUE,800,S,N,C,-,Y,NA,NA,15,NA,NA,NA,NA,NA,N,Y,4,0,1,3,A,-,03,22350,NA,N,C,C,A,B,H,-,A,D,0,NA,NA,NA,NA,Y,NA,A,01,0,0,1,0,0,0,0,0,0,-,-,33.10542,-117.09296,SAN DIEGO,ESCONDIDO,-117.09297842,33.10540919
90363254,2016,2017-03-13,9645,2016-12-28,1500,018393,NA,3,2,9,3700,0,1,1,NA,2,001,I-805 NB TO SR-54 EB,SR-54 E/B,150,S,N,A,-,Y,NA,NA,805,NA,NA,NA,R,NA,N,Y,4,0,1,2,A,-,03,22350,NA,N,C,C,A,A,H,-,A,D,0,NA,NA,NA,NA,Y,NA,A,01,0,0,1,0,0,0,0,0,0,-,-,32.65815,-117.07176,SAN DIEGO,UNINCORPORATED,-117.07176,32.65815
90363852,2017,2017-01-09,9650,2017-01-03,1250,016275,NA,2,1,9,3700,0,2,4,NA,2,061,EAST MISSION RD,MINNESOTA ST,120,W,N,B,-,N,NA,NA,NA,NA,NA,NA,NA,NA,NA,Y,4,0,2,3,A,-,03,22350,NA,N,C,C,A,A,H,-,A,D,0,NA,NA,NA,NA,Y,NA,A,01,0,0,2,0,0,0,0,0,0,-,-,33.2305,-117.1444,SAN DIEGO,UNINCORPORATED,-117.24634182,33.38457519
90364700,2017,2017-01-09,9680,2017-01-03,1137,015578,NA,2,1,9,3700,0,1,3,NA,1,024,SR-94 E/B,MILLAR RANCH RD.,38,W,N,A,-,Y,NA,NA,94,NA,NA,NA,NA,NA,E,N,3,0,1,1,A,-,08,22107,NA,N,F,A,A,A,H,-,A,D,0,NA,NA,Y,NA,Y,NA,C,02,0,1,0,0,0,0,0,0,1,-,-,32.73111,-116.9382,SAN DIEGO,UNINCORPORATED,-116.93817266,32.73118226
9036492,2020,2020-03-18,3711,2020-01-03,1601,SD7487,NA,5,5,7,3711,0,0,0,NA,0,124,LA JOLLA BL,FORWARD ST,354,N,N,A,-,N,NA,NA,NA,NA,NA,NA,NA,NA,NA,N,3,0,1,2,A,-,-,NA,NA,N,G,G,A,A,H,-,A,D,0,NA,Y,NA,NA,Y,NA,A,01,0,1,0,0,0,0,1,0,0,-,-,NA,NA,SAN DIEGO,SAN DIEGO,-117.27008819580078,32.814762115478516
90366427,2017,2017-01-11,9645,2017-01-08,1745,019496,NA,7,2,7,3711,0,1,1,NA,2,001,I-5 N/B,CORONADO AVE.,1000,S,N,A,-,Y,NA,NA,5,NA,NA,NA,NA,NA,N,Y,4,0,2,4,A,-,03,22350,NA,N,C,C,A,A,H,-,D,D,0,NA,NA,NA,NA,Y,NA,A,07,0,0,2,0,0,0,0,0,0,-,-,32.57216,-117.0787,SAN DIEGO,SAN DIEGO,-117.07880723,32.57208221
90366529,2016,2017-01-11,9645,2016-11-10,1510,018223,NA,4,2,7,3711,0,1,1,NA,2,005,I-5 N/B,PACIFIC HWY,500,S,N,A,-,Y,NA,NA,5,NA,NA,NA,NA,NA,N,Y,3,0,1,2,A,-,03,22350,NA,N,C,C,A,A,H,-,A,D,0,NA,NA,NA,NA,Y,NA,D,22,0,1,0,0,0,0,0,0,0,-,-,32.75374,-117.19983,SAN DIEGO,SAN DIEGO,-117.19986844,32.7536874
90366664,2017,2017-01-11,9645,2017-01-06,1755,020541,NA,5,2,7,3711,0,1,1,NA,2,010,I-8 E/B TO MISSION GORGE RD,MISSION GORGE RD,1056,W,N,A,-,Y,NA,NA,8,NA,NA,NA,R,NA,E,Y,4,0,1,3,A,-,03,22350,NA,N,C,C,A,A,H,-,D,D,0,NA,NA,NA,NA,Y,NA,D,22,0,0,1,0,0,0,0,0,0,-,-,32.77843,-117.10548,SAN DIEGO,SAN DIEGO,-117.10548,32.77843
9036674,2019,2020-02-04,3702,2019-12-12,1600,CV1281,NA,4,5,6,3702,0,0,0,NA,0,011,E ST,BROADWAY,70,W,N,A,-,N,NA,NA,NA,NA,NA,NA,NA,NA,NA,N,4,0,1,3,A,-,03,22350,NA,M,C,C,A,A,H,-,B,A,0,NA,NA,NA,NA,Y,NA,A,01,0,0,1,0,0,0,0,0,0,-,-,NA,NA,SAN DIEGO,CHULA VISTA,-117.0937271118164,32.64126205444336
9036691,2019,2020-02-07,3702,2019-12-12,1520,CV1245,NA,4,5,6,3702,0,0,0,NA,0,024,MAIN ST,MACE ST,66,E,N,A,-,N,NA,NA,NA,NA,NA,NA,NA,NA,NA,Y,4,0,2,2,A,-,03,22350,NA,N,C,C,A,A,H,-,A,A,0,NA,NA,NA,NA,Y,NA,A,01,0,0,2,0,0,0,0,0,0,-,-,NA,NA,SAN DIEGO,CHULA VISTA,-117.0534896850586,32.59471893310547
90367007,2016,2017-01-11,9645,2016-12-09,1703,019291,NA,5,2,7,3711,0,1,1,NA,2,009,SR-94 W/B,SR-15,1320,W,N,A,-,Y,NA,NA,94,NA,NA,NA,NA,NA,W,Y,4,0,1,4,A,-,03,22350,NA,N,C,C,A,A,H,-,C,D,0,NA,NA,NA,NA,Y,NA,A,07,0,0,1,0,0,0,0,0,0,-,-,32.71506,-117.12671,SAN DIEGO,SAN DIEGO,-117.12656894,32.71466246
90368051,2016,2017-01-12,9645,2016-12-26,1520,019496,NA,1,2,7,3711,0,1,1,NA,2,001,I-5 S/B TO PALM AVE.,PALM AVE.,100,N,N,A,-,Y,NA,NA,5,NA,NA,NA,R,NA,S,Y,3,0,1,1,A,-,08,22107,NA,N,F,A,A,A,H,-,A,D,0,NA,NA,Y,NA,Y,NA,C,02,0,1,0,0,0,0,0,0,1,-,-,32.58449,-117.08878,SAN DIEGO,SAN DIEGO,-117.08878,32.58449
90369055,2016,2017-01-13,9645,2016-12-26,1035,018223,NA,1,1,7,3711,0,1,3,NA,2,006,SR-94 TO HOME AVE,SR-94 EB TO I-15 SB,0,NA,N,A,-,Y,NA,NA,94,NA,NA,NA,R,NA,NA,Y,2,0,1,2,A,-,07,21658,A,N,C,C,A,A,H,-,A,D,0,NA,NA,NA,NA,Y,NA,A,07,1,0,0,0,0,0,0,0,0,-,-,32.71592,-117.11956,SAN DIEGO,SAN DIEGO,-117.11956,32.71592
90369092,2016,2017-01-13,9645,2016-11-14,1833,017953,NA,1,2,7,3711,0,1,1,NA,2,019,I-15 S/B,TED WILLIAMS PKWY W/B O/C,1426,N,N,A,-,Y,NA,NA,15,NA,NA,NA,NA,NA,S,Y,3,0,3,3,A,-,08,22107,NA,N,B,C,A,A,H,-,D,D,0,NA,NA,NA,Y,Y,NA,A,01,0,3,0,0,0,0,0,0,0,-,-,32.9682,-117.09342,SAN DIEGO,SAN DIEGO,-117.09337101,32.96816913
90370860,2017,2017-01-17,9680,2017-01-07,1915,020049,NA,6,2,9,3700,0,3,5,NA,2,002,ELKELTON BLVD,CRESTMORE AVE,27,N,N,A,-,N,NA,NA,NA,NA,NA,NA,NA,NA,NA,N,2,0,1,2,A,-,11,21956,NA,N,G,B,E,A,H,-,C,D,0,Y,NA,NA,NA,Y,Y,N,60,1,0,0,0,1,0,0,0,0,-,-,32.71297,-117.0168,SAN DIEGO,UNINCORPORATED,-117.01680441,32.71299799
90371257,2017,2017-01-18,9645,2017-01-09,1730,020479,NA,1,2,6,3702,0,1,1,NA,2,009,I-805 NB,MAIN ST,150,N,N,A,-,Y,NA,NA,805,NA,NA,NA,NA,NA,N,Y,4,0,1,2,A,-,03,22350,NA,F,C,C,A,A,H,-,C,D,0,NA,NA,NA,NA,Y,NA,-,99,0,0,1,0,0,0,0,0,0,-,-,32.59641,-117.03612,SAN DIEGO,CHULA VISTA,-117.03612618,32.59640995
90372605,2017,2017-01-19,9650,2017-01-04,1022,019126,NA,3,1,9,3700,0,2,4,NA,1,027,VALLEY CENTER RD,SR-76,240,S,N,A,-,N,NA,NA,NA,NA,NA,NA,NA,NA,NA,Y,3,0,1,2,C,-,18,NA,NA,N,E,J,A,A,H,-,A,D,0,NA,NA,NA,Y,Y,NA,-,-,0,1,0,0,0,0,0,0,0,-,-,33.28262,-116.95634,SAN DIEGO,UNINCORPORATED,-116.95834718,33.28788017
90374028,2017,2017-01-20,9680,2017-01-13,1818,019998,NA,5,2,5,3705,0,1,1,NA,2,081,I-8 E/B TO CHASE AVENUE,CHASE AVE,176,W,N,C,-,Y,NA,NA,8,NA,NA,NA,R,NA,E,Y,4,0,2,2,A,-,01,23152,A,N,C,E,A,B,H,-,C,D,0,NA,NA,NA,NA,Y,Y,A,01,0,0,2,0,0,0,0,0,0,-,-,32.78264,-116.97962,SAN DIEGO,EL CAJON,-116.97962,32.78264
90376178,2017,2017-01-24,9650,2017-01-22,0210,013890,NA,7,3,9,3700,0,3,5,NA,2,070,DEL DIOS HWY E/B,PASEO DELICIAS,12144,E,N,B,-,N,NA,NA,NA,NA,NA,NA,NA,NA,NA,Y,3,0,1,1,A,-,01,23152,A,N,E,I,A,A,H,-,D,D,0,NA,NA,NA,NA,Y,Y,A,07,0,1,0,0,0,0,0,0,0,-,-,33.0423,-117.14677,SAN DIEGO,UNINCORPORATED,-117.14787341,33.04234134
90376198,2016,2017-01-24,9645,2016-12-22,1925,019054,NA,4,2,7,3711,0,1,1,NA,2,011,I-8 S/B TO I-8,I-8,100,N,N,C,-,Y,NA,NA,NA,NA,NA,NA,NA,NA,NA,Y,4,0,2,3,A,-,03,22350,NA,N,C,C,A,B,H,-,D,D,0,NA,NA,NA,NA,Y,NA,A,01,0,0,2,0,0,0,0,0,0,-,-,32.7756,-117.13511,SAN DIEGO,SAN DIEGO,NA,NA
9037721,2020,2020-03-18,3711,2020-01-08,2128,SD7682,NA,3,5,7,3711,0,0,0,NA,0,621,LINDA VISTA RD,ULRIC ST,0,NA,Y,A,-,N,NA,NA,NA,NA,NA,NA,NA,NA,NA,N,4,0,1,2,C,-,18,NA,NA,N,G,B,B,A,H,-,C,A,0,Y,NA,NA,NA,Y,NA,-,-,0,0,1,0,1,0,0,0,0,-,-,NA,NA,SAN DIEGO,SAN DIEGO,-117.1702880859375,32.7864990234375
9037780,2020,2020-03-17,3711,2020-01-08,1302,SD7538,NA,3,5,7,3711,0,0,0,NA,0,826,UNIVERSITY AV,52ND ST,243,W,N,B,-,N,NA,NA,NA,NA,NA,NA,NA,NA,NA,N,3,0,1,1,A,-,08,22107,NA,N,E,I,A,A,H,-,A,D,0,NA,NA,NA,NA,Y,NA,A,08,0,1,0,0,0,0,0,0,0,-,-,NA,NA,SAN DIEGO,SAN DIEGO,-117.08438110351563,32.74910354614258
9037792,2020,2020-03-17,3711,2020-01-08,1235,SD6999,NA,3,5,7,3711,0,0,0,NA,0,838,EL CAJON BL,35TH ST,0,NA,Y,B,-,N,NA,NA,NA,NA,NA,NA,NA,NA,NA,Y,4,0,1,2,A,-,12,21453,A,N,D,C,A,A,H,-,A,A,0,NA,NA,NA,NA,Y,NA,A,01,0,0,1,0,0,0,0,0,0,-,-,NA,NA,SAN DIEGO,SAN DIEGO,-117.117919921875,32.75529861450195
90378228,2017,2017-01-26,9680,2017-01-25,1355,017224,NA,3,1,5,3708,0,1,1,NA,2,081,I-8 W/B,SEVERIN DR,300,W,N,A,-,Y,NA,NA,8,NA,NA,NA,NA,NA,W,Y,4,0,2,1,A,-,08,22107,NA,N,E,I,A,A,H,-,A,D,0,NA,NA,NA,NA,Y,NA,A,01,0,0,2,0,0,0,0,0,0,-,-,32.77927,-116.99914,SAN DIEGO,LA MESA,-116.99915114,32.77943073
90378470,2017,2017-01-26,9650,2017-01-24,0950,013636,NA,2,1,5,3782,0,1,1,NA,2,007,I-5 S/B,LEUCADIA BLVD,200,S,N,B,-,Y,NA,NA,NA,NA,NA,NA,NA,NA,NA,Y,3,0,1,2,A,-,07,21658,A,N,B,C,A,A,H,-,A,D,0,NA,NA,NA,NA,Y,NA,A,01,0,1,0,0,0,0,0,0,0,-,-,NA,NA,SAN DIEGO,ENCINITAS,-117.29223197,33.06457845
90379941,2016,2017-01-27,9645,2016-12-19,0835,018223,NA,1,1,5,3709,0,1,1,NA,2,009,I-805 NB FROM PLAZA BLVD,PLAZA BLVD,600,N,N,A,-,Y,NA,NA,805,NA,NA,NA,R,NA,N,Y,4,0,2,3,A,-,03,22350,NA,N,C,C,A,A,H,-,A,A,0,NA,NA,NA,NA,Y,NA,A,01,0,0,2,0,0,0,0,0,0,-,-,32.67902,-117.08508,SAN DIEGO,NATIONAL CITY,-117.08508,32.67902
90380793,2016,2017-01-30,9645,2016-12-12,1735,017499,NA,1,2,9,3700,0,1,1,NA,2,010,SWEETWATER RD. (3800 BLOCK),VALLEY RD.,0,NA,Y,A,-,N,NA,NA,NA,NA,NA,NA,NA,NA,NA,Y,4,0,2,2,A,-,09,21801,A,N,D,C,A,A,H,-,C,A,0,NA,NA,NA,NA,Y,NA,A,01,0,0,2,0,0,0,0,0,0,-,-,32.66091,-117.0485,SAN DIEGO,UNINCORPORATED,-117.07012008,32.66049009
90380796,2017,2017-01-30,9645,2017-01-25,1707,018393,NA,3,2,7,3711,0,1,1,NA,2,009,I-805 S/B,GREENWOOD RAIL ROAD O/C,100,N,N,A,-,Y,NA,NA,805,NA,NA,NA,NA,NA,S,Y,4,0,1,3,A,-,03,22350,NA,N,C,C,A,A,H,-,B,D,0,NA,NA,NA,NA,Y,NA,A,07,0,0,1,0,0,0,0,0,0,-,-,32.70832,-117.09778,SAN DIEGO,SAN DIEGO,-117.09784461,32.70825605
90382011,2017,2017-01-31,9645,2017-01-18,0815,015494,NA,3,1,7,3711,0,1,3,NA,2,023,SR-163 S/B,FRIARS RD,800,N,N,A,-,Y,NA,NA,163,NA,NA,NA,NA,NA,S,Y,4,0,2,4,A,-,03,22350,NA,F,C,C,A,A,H,-,A,D,0,NA,NA,NA,NA,Y,NA,A,01,0,0,2,0,0,0,0,0,0,-,-,32.77549,-117.16172,SAN DIEGO,SAN DIEGO,-117.16178134,32.77546713
90383550,2017,2017-02-01,9645,2017-01-22,0255,020857,NA,7,3,7,3711,0,1,1,NA,2,013,I-805 S/B TO I-8,I-8,1320,N,N,A,-,Y,NA,NA,805,NA,NA,NA,R,NA,S,Y,4,0,1,1,A,-,01,23152,A,N,E,I,A,A,H,-,C,D,0,NA,NA,NA,NA,Y,Y,A,01,0,0,1,0,0,0,0,0,0,-,-,32.7761,-117.1354,SAN DIEGO,SAN DIEGO,-117.1354,32.7761
90385677,2017,2017-02-03,9680,2017-01-28,1805,020105,NA,6,2,9,3700,0,3,5,NA,2,002,STEELE CANYON RD,WILLOW GLEN DR,340,S,N,A,-,N,NA,NA,NA,NA,NA,NA,NA,NA,NA,Y,4,0,8,5,A,-,01,23152,A,N,C,C,A,A,H,-,C,A,0,NA,NA,NA,NA,Y,Y,D,22,0,0,8,0,0,0,0,0,0,-,-,32.7448,-116.91695,SAN DIEGO,UNINCORPORATED,-116.91685043,32.74456086
90385909,2017,2017-02-06,9650,2017-01-26,2158,017194,NA,4,2,6,3710,0,1,3,NA,2,015,SR-78 W/B,I-5 S/B,20,W,N,A,-,Y,NA,NA,78,NA,NA,NA,NA,NA,W,Y,4,0,1,2,A,-,03,22350,NA,F,C,C,A,A,H,-,C,A,0,NA,NA,NA,NA,Y,NA,A,01,0,0,1,0,0,0,0,0,0,-,-,33.17684,-117.35166,SAN DIEGO,OCEANSIDE,-117.35136119,33.17705512
90388094,2017,2017-02-07,9645,2017-02-02,0810,014922,NA,4,1,7,3711,0,1,1,NA,2,009,I-805 NORTHBOUND,LOGAN AVE. OVERCROSSING,50,N,N,A,-,Y,NA,NA,805,NA,NA,NA,NA,NA,N,N,4,0,1,4,A,-,03,22350,NA,N,C,C,A,A,H,-,A,D,0,NA,NA,NA,NA,Y,NA,A,01,0,0,1,0,0,0,0,0,0,-,-,32.69741,-117.09464,SAN DIEGO,SAN DIEGO,-117.09480561,32.69741236
90388137,2017,2017-02-08,9645,2017-01-30,1552,020479,NA,1,2,6,3702,0,1,1,NA,2,009,I-805 NB TO MAIN ST,MAIN ST,450,S,N,A,-,Y,NA,NA,805,NA,NA,NA,R,NA,N,Y,4,0,1,2,A,-,03,22350,NA,N,C,C,A,A,H,-,A,D,0,NA,NA,NA,NA,Y,NA,A,01,0,0,1,0,0,0,0,0,0,-,-,32.59312,-117.03594,SAN DIEGO,CHULA VISTA,-117.03594,32.59312
90388390,2017,2017-02-08,9680,2017-01-30,0830,018136,NA,1,1,5,3705,0,1,1,NA,2,081,I-8 W/B,W. MAIN ST.,50,W,N,A,-,Y,NA,NA,8,NA,NA,NA,NA,NA,W,N,4,0,1,3,A,-,03,22350,NA,N,C,C,A,A,H,-,A,D,0,NA,NA,NA,NA,Y,NA,A,01,0,0,1,0,0,0,0,0,0,-,-,32.79473,-116.97728,SAN DIEGO,EL CAJON,-116.97734988,32.7947396
90388535,2017,2017-02-08,9645,2017-01-25,2142,019010,NA,3,2,7,3711,0,1,1,NA,2,019,I-15 SOUTHBOUND,DUENDA RD.,1000,N,N,A,-,Y,NA,NA,15,NA,NA,NA,NA,NA,S,Y,4,0,1,2,A,-,03,22350,NA,N,C,C,A,A,H,-,C,D,0,NA,NA,NA,NA,Y,NA,A,07,0,0,1,0,0,0,0,0,0,-,-,33.0383,-117.07591,SAN DIEGO,SAN DIEGO,-117.07593201,33.03830937
90389110,2016,2017-02-09,9645,2016-12-07,1755,020541,NA,3,2,7,3711,0,1,1,NA,2,003,I-5 S/B TO SR-94 E/B,PARK BLVD O/C,950,S,N,A,-,Y,NA,NA,5,NA,NA,NA,R,NA,S,Y,4,0,1,3,A,-,03,22350,NA,N,C,C,A,A,H,-,C,D,0,NA,NA,NA,NA,Y,NA,A,07,0,0,1,0,0,0,0,0,0,-,-,32.7221,-117.14935,SAN DIEGO,SAN DIEGO,-117.14935,32.7221
9039010,2020,2020-03-03,3711,2020-01-10,0012,SD7516,NA,5,5,7,3711,0,0,0,NA,0,523,5TH AV,G ST,0,NA,-,A,-,N,NA,NA,NA,NA,NA,NA,NA,NA,NA,N,3,0,1,2,A,-,17,21657,NA,N,D,G,A,A,H,-,C,A,0,NA,Y,NA,NA,Y,NA,L,04,0,1,0,0,0,0,1,0,0,-,-,NA,NA,SAN DIEGO,SAN DIEGO,-117.16014099121094,32.71257019042969
90390766,2017,2017-02-13,9645,2017-02-03,1515,020479,NA,5,2,9,3700,0,1,3,NA,2,008,SR-54 E/B FROM REO DR,REO DR,479,E,N,A,-,Y,NA,NA,54,NA,NA,NA,R,NA,E,Y,4,0,1,2,A,-,03,22350,NA,N,C,C,A,A,H,-,A,A,0,NA,NA,NA,NA,Y,NA,A,01,0,0,1,0,0,0,0,0,0,-,-,32.66422,-117.0555,SAN DIEGO,UNINCORPORATED,-117.0555,32.66422
90393012,2017,2017-02-14,9680,2017-02-03,1800,018427,NA,5,2,9,3700,0,3,5,NA,2,001,VALLE VISTA RD,VISTA CAMINO,530,S,N,A,-,N,NA,NA,NA,NA,NA,NA,NA,NA,NA,Y,3,0,1,2,A,-,14,25803,A,N,C,C,A,A,H,-,D,D,0,NA,NA,NA,NA,Y,NA,M,57,0,1,0,0,0,0,0,0,0,-,-,32.87558,-116.93637,SAN DIEGO,UNINCORPORATED,-116.93656621,32.87585047
90395556,2017,2017-02-17,9650,2017-02-17,0615,013636,NA,5,1,5,3701,0,1,1,NA,2,005,I-5 S/B,TAMARACK AVE,25,N,N,B,-,Y,NA,NA,NA,NA,NA,NA,NA,NA,NA,Y,3,0,3,3,A,-,03,22350,NA,F,C,C,A,A,H,-,B,D,0,NA,NA,NA,NA,Y,NA,-,99,0,3,0,0,0,0,0,0,0,-,-,NA,NA,SAN DIEGO,CARLSBAD,-117.33658448,33.15215206
90395574,2017,2017-02-17,9650,2017-02-16,0655,012168,NA,4,1,6,3710,0,1,3,NA,2,015,SR-78 W/B,JEFFERSON ST,1584,E,N,A,-,Y,NA,NA,78,NA,NA,NA,NA,NA,W,Y,4,0,1,2,A,-,08,22107,NA,N,E,I,A,A,H,-,A,D,0,NA,NA,NA,NA,Y,NA,A,01,0,0,1,0,0,0,0,0,0,-,-,33.18113,-117.33335,SAN DIEGO,OCEANSIDE,-117.33335168,33.18127595
90395619,2017,2017-02-17,9680,2017-02-10,1425,020105,NA,5,2,9,3700,0,1,3,NA,1,022,SR-54,HILLSDALE RD,300,W,N,A,-,Y,NA,NA,54,NA,NA,NA,NA,NA,NA,Y,4,0,1,3,A,-,03,22350,NA,N,C,C,A,A,H,-,A,D,0,NA,NA,NA,NA,Y,NA,A,01,0,0,1,0,0,0,0,0,0,-,-,32.76111,-116.92796,SAN DIEGO,UNINCORPORATED,-116.92787136,32.76111193
90396992,2017,2017-02-21,9680,2017-02-13,0318,020682,NA,1,3,9,3700,0,2,4,NA,1,026,JAMACHA BLVD,TRACE RD,115,W,N,A,-,N,NA,NA,NA,NA,NA,NA,NA,NA,NA,Y,3,0,1,5,A,-,01,23152,A,N,B,C,A,A,H,-,C,D,0,NA,NA,NA,NA,Y,Y,A,07,0,1,0,0,0,0,0,0,0,-,-,32.73283,-116.95874,SAN DIEGO,UNINCORPORATED,-116.95862994,32.73284423
90397288,2017,2017-02-21,9650,2017-02-12,1015,015295,NA,7,1,9,3700,0,1,3,NA,1,028,STATE ROUTE 76,PANKEY ROAD,0,NA,Y,A,-,Y,NA,NA,76,NA,NA,NA,NA,NA,NA,Y,3,0,6,3,A,-,09,21802,A,N,D,C,A,A,H,-,A,A,0,NA,NA,NA,NA,Y,NA,A,07,0,5,1,0,0,0,0,0,0,-,-,33.33585,-117.1514,SAN DIEGO,UNINCORPORATED,-117.15141298,33.33590686
90398852,2017,2017-02-23,9680,2017-02-23,0235,014420,NA,4,3,9,3700,0,1,1,NA,2,084,I-8 E/B,SR-79,5280,W,N,A,-,Y,NA,NA,8,NA,NA,NA,NA,NA,E,Y,3,0,1,2,A,-,03,22350,NA,N,C,C,A,A,H,-,D,D,0,NA,NA,NA,Y,Y,NA,A,01,0,1,0,0,0,0,0,0,0,-,-,32.83547,-116.63777,SAN DIEGO,UNINCORPORATED,-116.63787437,32.83516733
9040008,2020,2020-03-03,3711,2020-01-14,1000,SD7854,NA,2,5,7,3711,0,0,0,NA,0,438,RANCHO HILLS DR,REO DR,0,NA,Y,A,-,N,NA,NA,NA,NA,NA,NA,NA,NA,NA,N,4,0,1,2,A,-,03,22350,NA,M,C,C,A,A,H,-,A,A,0,NA,NA,NA,NA,Y,NA,-,NA,0,0,1,0,0,0,0,0,0,-,-,NA,NA,SAN DIEGO,SAN DIEGO,-117.06160736083984,32.67229080200195