CASE_ID,ACCIDENT_YEAR,PROC_DATE,JURIS,COLLISION_DATE,COLLISION_TIME,OFFICER_ID,REPORTING_DISTRICT,DAY_OF_WEEK,CHP_SHIFT,POPULATION,CNTY_CITY_LOC,SPECIAL_COND,BEAT_TYPE,CHP_BEAT_TYPE,CITY_DIVISION_LAPD,CHP_BEAT_CLASS,BEAT_NUMBER,PRIMARY_RD,SECONDARY_RD,DISTANCE,DIRECTION,INTERSECTION,WEATHER_1,WEATHER_2,STATE_HWY_IND,CALTRANS_COUNTY,CALTRANS_DISTRICT,STATE_ROUTE,ROUTE_SUFFIX,POSTMILE_PREFIX,POSTMILE,LOCATION_TYPE,RAMP_INTERSECTION,SIDE_OF_HWY,TOW_AWAY,COLLISION_SEVERITY,NUMBER_KILLED,NUMBER_INJURED,PARTY_COUNT,PRIMARY_COLL_FACTOR,PCF_CODE_OF_VIOL,PCF_VIOL_CATEGORY,PCF_VIOLATION,PCF_VIOL_SUBSECTION,HIT_AND_RUN,TYPE_OF_COLLISION,MVIW,PED_ACTION,ROAD_SURFACE,ROAD_COND_1,ROAD_COND_2,LIGHTING,CONTROL_DEVICE,CHP_ROAD_TYPE,PEDESTRIAN_ACCIDENT,BICYCLE_ACCIDENT,MOTORCYCLE_ACCIDENT,TRUCK_ACCIDENT,NOT_PRIVATE_PROPERTY,ALCOHOL_INVOLVED,STWD_VEHTYPE_AT_FAULT,CHP_VEHTYPE_AT_FAULT,COUNT_SEVERE_INJ,COUNT_VISIBLE_INJ,COUNT_COMPLAINT_PAIN,COUNT_PED_KILLED,COUNT_PED_INJURED,COUNT_BICYCLIST_KILLED,COUNT_BICYCLIST_INJURED,COUNT_MC_KILLED,COUNT_MC_INJURED,PRIMARY_RAMP,SECONDARY_RAMP,LATITUDE,LONGITUDE,COUNTY,CITY,POINT_X,POINT_Y
90401113,2017,2017-02-27,9650,2017-02-21,0710,015276,NA,2,1,9,3700,0,1,1,NA,2,021,I-15 S/B,NUTMEG ST,528,N,N,A,-,Y,NA,NA,15,NA,NA,NA,NA,NA,S,Y,4,0,1,5,C,-,18,NA,NA,N,B,C,A,A,H,-,A,D,0,NA,NA,NA,NA,Y,NA,-,-,0,0,1,0,0,0,0,0,0,-,-,33.16702,-117.10802,SAN DIEGO,UNINCORPORATED,-117.10841042,33.16682329
90401378,2017,2017-02-28,9645,2017-01-23,1950,018652,NA,1,2,7,3711,0,1,3,NA,2,006,SR-94 E/B,22ND ST. O/C,100,W,N,C,-,Y,NA,NA,94,NA,NA,NA,NA,NA,E,Y,4,0,2,2,A,-,08,22107,NA,F,B,C,A,B,H,-,C,D,0,NA,NA,NA,NA,Y,NA,D,22,0,0,2,0,0,0,0,0,0,-,-,32.71307,-117.14413,SAN DIEGO,SAN DIEGO,-117.14413081,32.71304002
90401827,2017,2017-02-28,9650,2017-02-24,1950,014886,NA,5,2,9,3700,0,1,1,NA,2,001,I-5 N/B,USBP CHECKPOINT,5280,S,N,A,-,Y,NA,NA,5,NA,NA,NA,NA,NA,N,Y,3,0,1,3,A,-,03,22350,NA,N,C,C,A,A,H,-,D,D,0,NA,NA,NA,NA,Y,NA,I,11,0,1,0,0,0,0,0,0,0,-,-,33.33616,-117.50236,SAN DIEGO,UNINCORPORATED,-117.5023437,33.33618235
90403223,2017,2017-03-01,9645,2017-02-25,0202,020480,NA,6,3,7,3711,0,1,1,NA,2,011,I-805 S/B,UNIVERSITY AVE OC,215,S,N,A,-,Y,NA,NA,805,NA,NA,NA,NA,NA,S,Y,3,0,1,1,A,-,01,23152,A,N,E,I,A,A,H,-,C,D,0,NA,NA,NA,NA,Y,Y,D,22,0,1,0,0,0,0,0,0,0,-,-,32.74274,-117.118,SAN DIEGO,SAN DIEGO,-117.11787097,32.74284074
90404101,2017,2017-03-02,9645,2017-02-27,1155,016061,NA,1,1,6,3702,0,1,1,NA,2,001,I-5 N/B,J ST.,500,S,N,B,C,Y,NA,NA,5,NA,NA,NA,NA,NA,N,Y,4,0,1,2,A,-,03,22350,NA,N,C,C,A,B,H,-,A,D,0,NA,NA,NA,NA,Y,NA,D,22,0,0,1,0,0,0,0,0,0,-,-,32.62142,-117.0928,SAN DIEGO,CHULA VISTA,-117.09274977,32.62143873
90404351,2017,2017-03-07,9680,2017-02-24,2350,020625,NA,5,3,9,3700,0,2,4,NA,1,026,BANCROFT DR,VALENCIA ST,0,NA,Y,A,-,N,NA,NA,NA,NA,NA,NA,NA,NA,NA,Y,2,0,1,2,A,-,12,22450,A,N,D,C,A,A,H,-,C,A,0,NA,NA,NA,NA,Y,NA,A,01,1,0,0,0,0,0,0,0,0,-,-,32.73466,-117.00644,SAN DIEGO,UNINCORPORATED,-117.00643009,32.73462007
90405405,2017,2017-03-03,9645,2017-03-02,0540,017804,NA,4,3,6,3702,0,1,1,NA,2,001,I-5 N/B,E STREET,700,N,N,A,-,Y,NA,NA,5,NA,NA,NA,NA,NA,N,N,4,0,2,3,A,-,03,22350,NA,N,C,C,A,A,H,-,B,D,0,NA,NA,NA,NA,Y,NA,D,22,0,0,2,0,0,0,0,0,0,-,-,32.64303,-117.10106,SAN DIEGO,CHULA VISTA,-117.10113695,32.64300544
90406665,2017,2017-03-06,9650,2017-02-13,0750,015758,NA,1,1,5,3701,0,1,1,NA,2,005,I-5 N/B,PALOMAR AIRPORT RD,2640,S,N,A,-,Y,NA,NA,NA,NA,NA,NA,NA,NA,NA,Y,3,0,3,4,A,-,03,22350,NA,N,C,C,A,A,H,-,A,D,0,NA,NA,NA,Y,Y,NA,F,26,0,1,2,0,0,0,0,0,0,-,-,33.65493,-117.19384,SAN DIEGO,CARLSBAD,-117.31805767,33.11572145
90406683,2017,2017-03-06,9680,2017-02-28,1310,019270,NA,2,1,5,3708,0,1,1,NA,2,081,I-8 W/B,LAKE MURRAY BLVD,800,W,N,A,-,Y,NA,NA,8,NA,NA,NA,NA,NA,W,Y,4,0,1,3,A,-,03,22350,NA,N,B,C,A,A,H,-,A,D,0,NA,NA,Y,NA,Y,NA,C,02,0,0,1,0,0,0,0,0,1,-,-,32.7755,-117.0482,SAN DIEGO,LA MESA,-117.04824589,32.77539968
90406909,2017,2017-03-07,9645,2017-02-21,1205,020474,NA,2,1,7,3711,0,1,3,NA,2,023,I-5 N/B FROM SR-163 N/B,I-5 NB TO 6TH AVE. OFFRAMP O/C,0,NA,N,A,-,Y,NA,NA,5,NA,NA,NA,R,NA,N,Y,2,0,2,1,A,-,08,22107,NA,N,F,I,A,A,H,-,A,D,0,NA,NA,Y,NA,Y,NA,C,02,1,1,0,0,0,0,0,0,2,-,-,32.72426,-117.1573,SAN DIEGO,SAN DIEGO,-117.1573,32.72426
90407021,2016,2017-03-07,9645,2016-11-02,1045,014692,NA,3,1,7,3711,0,1,1,NA,2,010,INTERSTATE 8  E/B,MISSION CITY PARKWAY,145,E,N,A,-,Y,NA,NA,8,NA,NA,NA,NA,NA,E,Y,1,1,1,3,A,-,03,22350,NA,N,C,C,A,A,H,-,A,D,0,NA,NA,Y,NA,Y,NA,A,01,0,0,1,0,0,0,0,1,0,-,-,32.775,-117.1238,SAN DIEGO,SAN DIEGO,-117.12391531,32.77521387
9040825,2019,2020-02-06,3702,2019-12-25,2330,CV1241,NA,3,5,6,3702,0,0,0,NA,0,041,BRANDYWINE AV,OLYMPIC PKWY,0,NA,Y,A,-,N,NA,NA,NA,NA,NA,NA,NA,NA,NA,Y,3,0,2,2,A,-,12,21453,A,N,D,C,A,A,H,-,C,A,0,NA,NA,NA,NA,Y,NA,A,01,0,1,1,0,0,0,0,0,0,-,-,NA,NA,SAN DIEGO,CHULA VISTA,-117.02802276611328,32.608360290527344
9040833,2019,2020-02-06,3702,2019-12-28,1852,CV1232,NA,6,5,6,3702,0,0,0,NA,0,041,EAST PALOMAR ST,MEDICAL CENTER CT,0,NA,Y,A,-,N,NA,NA,NA,NA,NA,NA,NA,NA,NA,Y,4,0,1,2,D,-,00,NA,NA,N,D,C,A,A,H,-,C,A,0,NA,NA,NA,NA,Y,NA,-,-,0,0,1,0,0,0,0,0,0,-,-,NA,NA,SAN DIEGO,CHULA VISTA,-117.0205078125,32.61540985107422
90409558,2017,2017-03-09,9680,2017-01-01,0130,019867,NA,7,3,9,3700,0,1,3,NA,2,027,SR-94 E/B,KENWOOD DR,1234,E,N,B,-,Y,NA,NA,94,NA,NA,NA,NA,NA,E,N,1,1,0,2,A,-,11,21956,A,F,G,B,E,B,H,-,C,D,0,Y,NA,NA,NA,Y,Y,N,60,0,0,0,1,0,0,0,0,0,-,-,32.74502,-116.98629,SAN DIEGO,UNINCORPORATED,-116.98629373,32.74500972
90409975,2017,2017-03-10,9680,2017-03-09,0714,015070,NA,4,1,9,3700,0,3,5,NA,2,002,HILLSDALE RD,LA VALHALLA PL,180,E,N,A,-,N,NA,NA,NA,NA,NA,NA,NA,NA,NA,Y,4,0,2,2,A,-,09,21804,A,N,D,C,A,A,H,-,A,D,0,NA,NA,NA,NA,Y,NA,A,01,0,0,2,0,0,0,0,0,0,-,-,32.76206,-116.92232,SAN DIEGO,UNINCORPORATED,-116.92239659,32.7621
90410947,2017,2017-03-13,9680,2017-03-05,1341,019998,NA,7,1,9,3700,0,2,4,NA,1,026,JAMACHA RD,HELIX ST,254,E,N,A,-,N,NA,NA,NA,NA,NA,NA,NA,NA,NA,Y,3,0,1,2,D,-,00,NA,NA,N,D,C,A,A,H,-,A,D,0,NA,NA,NA,Y,Y,NA,-,-,0,1,0,0,0,0,0,0,0,-,-,32.71473,-117.00856,SAN DIEGO,UNINCORPORATED,-117.00866712,32.71480576
9041108,2020,2020-03-10,3700,2020-01-15,2101,SH3183,NA,3,5,5,3713,0,0,0,NA,0,313,HACIENDA DR,SOUTH MELROSE DR,12,E,N,A,-,N,NA,NA,NA,NA,NA,NA,NA,NA,NA,N,4,0,2,3,A,-,10,21950,A,N,G,B,B,A,H,-,C,A,0,Y,NA,NA,NA,Y,NA,A,07,0,0,2,0,2,0,0,0,0,-,-,NA,NA,SAN DIEGO,VISTA,-117.25357818603516,33.19370651245117
90412912,2017,2017-03-15,9645,2017-03-07,0955,014909,NA,2,1,7,3711,0,1,1,NA,2,010,I-5 S/B,VOIGHT DRIVE O/C,1056,S,N,A,-,Y,NA,NA,5,NA,NA,NA,NA,NA,S,Y,4,0,1,4,A,-,03,22350,NA,N,C,C,A,A,D,-,A,D,0,NA,NA,NA,NA,Y,NA,A,07,0,0,1,0,0,0,0,0,0,-,-,32.8784,-117.2288,SAN DIEGO,SAN DIEGO,-117.22873899,32.87839426
90413778,2017,2017-03-16,9680,2017-02-26,0459,015081,NA,7,3,9,3700,0,1,3,NA,1,071,STATE ROUTE 78,S-2,8448,E,N,B,-,Y,NA,NA,NA,NA,NA,NA,NA,NA,NA,Y,2,0,3,1,A,-,03,22350,NA,N,E,I,A,A,H,-,D,A,0,NA,NA,NA,NA,Y,NA,D,22,1,0,2,0,0,0,0,0,0,-,-,33.06302,-116.27008,SAN DIEGO,UNINCORPORATED,-117.30445699,33.18111767
90416542,2017,2017-03-22,9645,2017-03-09,0805,016766,NA,4,1,7,3711,0,1,3,NA,2,008,SR-54 W/B FROM REO DR,REO DR,500,W,N,A,-,Y,NA,NA,NA,NA,NA,NA,NA,NA,NA,N,4,0,1,1,A,-,16,34506,F,N,H,A,A,A,H,-,A,A,0,NA,NA,NA,NA,Y,NA,A,07,0,0,1,0,0,0,0,0,0,-,-,NA,NA,SAN DIEGO,SAN DIEGO,NA,NA
90416977,2017,2017-03-22,9645,2017-03-13,0040,020515,NA,1,3,7,3711,0,1,1,NA,2,010,I-8 E/B,MISSION GORGE RD. U/C,300,E,N,A,-,Y,NA,NA,8,NA,NA,NA,NA,NA,E,Y,3,0,1,1,A,-,01,23152,A,N,E,I,A,A,H,-,D,D,0,NA,NA,NA,NA,Y,Y,A,01,0,1,0,0,0,0,0,0,0,-,-,32.77924,-117.1001,SAN DIEGO,SAN DIEGO,-117.10009032,32.77917835
90418056,2017,2017-03-22,9680,2017-03-11,1505,019270,NA,6,2,9,3700,0,2,4,NA,1,031,SUNRISE HIGHWAY,LAGUNA MEADOW ROAD,2376,N,N,A,-,N,NA,NA,NA,NA,NA,NA,NA,NA,NA,Y,1,1,0,1,A,-,03,22350,NA,N,E,I,A,A,H,-,A,D,0,NA,NA,Y,NA,Y,NA,C,02,0,0,0,0,0,0,0,1,0,-,-,32.89812,-116.45279,SAN DIEGO,UNINCORPORATED,-116.45185435,32.89786259
90420582,2017,2017-03-24,9645,2017-03-22,1455,017953,NA,3,2,7,3711,0,1,1,NA,2,011,I-805 S/B,HOME AVENUE U/C,1160,N,N,A,-,Y,NA,NA,805,NA,NA,NA,NA,NA,S,Y,4,0,1,4,A,-,03,22350,NA,N,C,C,A,A,H,-,A,D,0,NA,NA,NA,NA,Y,NA,A,01,0,0,1,0,0,0,0,0,0,-,-,32.72833,-117.10512,SAN DIEGO,SAN DIEGO,-117.10529315,32.72811246
90421934,2017,2017-04-24,9650,2017-03-20,0036,019191,NA,1,3,9,3700,0,1,1,NA,2,022,I-15 S/B,RAINBOW CREEK,450,N,N,A,-,Y,NA,NA,15,NA,NA,NA,NA,NA,S,Y,4,0,1,2,A,-,03,22350,NA,N,C,C,A,A,H,-,D,D,0,NA,NA,NA,NA,Y,NA,D,22,0,0,1,0,0,0,0,0,0,-,-,33.4135,-117.16007,SAN DIEGO,UNINCORPORATED,-117.16004726,33.41348331
90422362,2017,2017-03-28,9680,2017-03-20,2210,020884,NA,1,3,9,3700,0,1,3,NA,1,024,SR-94,JEFFERSON RD,337,W,N,A,-,Y,NA,NA,94,NA,NA,NA,NA,NA,NA,Y,4,0,3,2,A,-,08,22107,NA,N,D,C,A,A,H,-,C,D,0,NA,NA,NA,NA,Y,NA,A,01,0,0,3,0,0,0,0,0,0,-,-,32.71738,-116.877,SAN DIEGO,UNINCORPORATED,-116.87703854,32.71731696
90422791,2017,2017-03-28,9645,2017-03-06,1345,018950,NA,1,1,7,3711,0,1,1,NA,2,017,I-15 N/B,MERCY ROAD U/C,970,N,N,A,-,Y,NA,NA,15,NA,NA,NA,NA,NA,N,Y,3,0,4,4,A,-,07,21658,A,N,B,C,A,A,H,-,A,D,0,NA,NA,NA,NA,Y,NA,A,08,0,2,2,0,0,0,0,0,0,-,-,32.94251,-117.10915,SAN DIEGO,SAN DIEGO,-117.10903127,32.94245075
9042306,2020,2020-03-17,3711,2020-01-10,1234,SD7780,NA,5,5,7,3711,0,0,0,NA,0,451,55TH ST,65TH ST 2565,0,NA,-,A,-,N,NA,NA,NA,NA,NA,NA,NA,NA,NA,N,4,0,1,1,B,-,22,NA,NA,N,E,I,A,A,H,-,A,-,0,NA,NA,NA,NA,Y,NA,A,01,0,0,1,0,0,0,0,0,0,-,-,NA,NA,SAN DIEGO,SAN DIEGO,NA,NA
90425118,2017,2017-03-31,9650,2017-03-27,1725,013452,NA,1,2,9,3700,0,1,1,NA,2,003,I-5 S/B,CAMP DEL MAR,17424,N,N,A,-,Y,NA,NA,5,NA,NA,NA,NA,NA,S,Y,3,0,2,1,A,-,08,22107,NA,N,F,A,A,A,H,-,A,D,0,NA,NA,NA,NA,Y,NA,A,07,0,2,0,0,0,0,0,0,0,-,-,33.24601,-117.41752,SAN DIEGO,UNINCORPORATED,-117.41765188,33.24595075
90425189,2017,2017-03-31,9650,2017-03-29,0640,012168,NA,3,1,6,3706,0,1,1,NA,2,023,I-15 N/B,W MISSION AVE,300,S,N,A,-,Y,NA,NA,15,NA,NA,NA,NA,NA,N,Y,4,0,1,2,A,-,03,22350,NA,N,C,C,A,A,H,-,A,D,0,NA,NA,NA,NA,Y,NA,D,22,0,0,1,0,0,0,0,0,0,-,-,33.12162,-117.10248,SAN DIEGO,ESCONDIDO,-117.10246265,33.12162988
90425315,2017,2017-04-03,9650,2017-03-24,1402,017392,NA,5,2,9,3700,0,1,1,NA,2,021,I-15 N/B,SR-76,2500,S,N,A,-,Y,NA,NA,15,NA,NA,NA,NA,NA,N,Y,4,0,1,3,A,-,03,22350,NA,N,C,C,A,A,H,-,A,D,0,NA,NA,NA,NA,Y,NA,A,08,0,0,1,0,0,0,0,0,0,-,-,33.32401,-117.15801,SAN DIEGO,UNINCORPORATED,-117.15807148,33.32399234
90425489,2017,2017-04-03,9650,2017-03-28,0739,015273,NA,2,1,5,3713,0,1,3,NA,2,017,SR-78 E/B,MAR VISTA DR,500,E,N,A,-,Y,NA,NA,78,NA,NA,NA,NA,NA,E,N,4,0,1,2,A,-,03,22350,NA,N,C,C,A,A,H,-,A,D,0,NA,NA,Y,NA,Y,NA,C,02,0,0,1,0,0,0,0,0,1,-,-,33.18057,-117.23006,SAN DIEGO,VISTA,-117.23010444,33.18054013
90425585,2017,2017-04-03,9645,2017-03-28,1150,015847,NA,2,1,7,3711,0,1,1,NA,2,011,I-805 S/B,ADAMS AVE.,150,S,N,A,-,Y,NA,NA,805,NA,NA,NA,NA,NA,S,Y,3,0,1,2,A,-,08,22107,NA,N,B,C,A,A,H,-,A,D,0,NA,NA,Y,NA,Y,NA,A,01,0,1,0,0,0,0,0,0,1,-,-,32.76242,-117.1272,SAN DIEGO,SAN DIEGO,-117.12733635,32.76238462
90426067,2017,2017-04-03,9680,2017-03-24,1610,020105,NA,5,2,9,3700,0,3,5,NA,2,002,AUSTIN DR,LEDGEVIEW AVE,100,W,N,A,-,N,NA,NA,NA,NA,NA,NA,NA,NA,NA,Y,3,0,2,2,A,-,08,22107,NA,N,D,C,A,A,H,-,A,D,0,NA,NA,NA,NA,Y,NA,A,01,0,2,0,0,0,0,0,0,0,-,-,32.7313,-116.97953,SAN DIEGO,UNINCORPORATED,-116.97940098,32.73136306
90426292,2017,2017-04-03,9645,2017-03-08,1520,018095,NA,3,2,7,3711,0,1,1,NA,2,005,I-5 S/B,NOELL ST. U/C,203,N,N,A,-,Y,NA,NA,5,NA,NA,NA,NA,NA,S,Y,3,0,1,3,A,-,03,22350,NA,N,C,C,A,A,H,-,A,D,0,NA,NA,Y,NA,Y,NA,C,02,0,1,0,0,0,0,0,0,1,-,-,32.74438,-117.18671,SAN DIEGO,SAN DIEGO,-117.18672222,32.74435477
90428599,2017,2017-04-06,9650,2017-03-26,1840,015788,NA,7,2,9,3700,0,1,1,NA,2,001,I-5 N/B,LAS PULGAS RD,6864,N,N,A,-,Y,NA,NA,5,NA,NA,NA,NA,NA,N,N,4,0,1,3,A,-,17,21658,NA,N,C,C,A,A,H,-,A,D,0,NA,NA,Y,NA,Y,NA,A,07,0,0,1,0,0,0,0,0,1,-,-,33.31299,-117.48083,SAN DIEGO,UNINCORPORATED,-117.48100387,33.31287015
90428697,2017,2017-06-07,9645,2017-03-20,1644,018678,NA,1,2,6,3702,0,1,1,NA,2,009,I-805 S/B,EAST H STREET O/C,1900,N,N,A,-,Y,NA,NA,805,NA,NA,NA,NA,NA,S,Y,3,0,1,4,A,-,08,22107,NA,N,B,C,A,A,H,-,A,D,0,NA,NA,NA,NA,Y,NA,B,07,0,1,0,0,0,0,0,0,0,-,-,32.64455,-117.05819,SAN DIEGO,CHULA VISTA,-117.05827611,32.64450019
90428850,2017,2017-08-09,9645,2017-03-21,1947,017524,NA,2,2,7,3711,0,1,1,NA,2,013,I-805 S/B,MURRAY RIDGE RD. O/C,1056,N,N,B,-,Y,NA,NA,805,NA,NA,NA,NA,NA,S,Y,4,0,1,3,A,-,07,21658,A,F,D,C,A,A,H,-,D,D,0,NA,NA,NA,NA,Y,NA,A,01,0,0,1,0,0,0,0,0,0,-,-,32.78846,-117.14843,SAN DIEGO,SAN DIEGO,-117.14833875,32.78851514
90430982,2017,2017-04-10,9680,2017-04-02,0945,017389,NA,7,1,9,3700,0,3,5,NA,2,002,JAMACHA RD,ELKELTON BLVD,150,E,N,A,-,N,NA,NA,NA,NA,NA,NA,NA,NA,NA,N,4,0,1,2,A,-,03,22350,NA,N,C,C,A,A,H,-,A,D,0,NA,NA,NA,NA,Y,NA,A,01,0,0,1,0,0,0,0,0,0,-,-,32.71472,-117.01689,SAN DIEGO,UNINCORPORATED,-117.01714957,32.71480872
90431708,2017,2017-04-11,9680,2017-04-10,0855,017996,NA,1,1,9,3700,0,1,3,NA,2,027,SR-94 WESTBOUND,LEMON GROVE AVENUE,528,W,N,A,-,Y,NA,NA,NA,NA,NA,NA,NA,NA,NA,Y,4,0,1,1,A,-,08,22107,NA,N,E,I,A,A,H,-,A,D,0,NA,NA,NA,NA,Y,NA,A,01,0,0,1,0,0,0,0,0,0,-,-,32.7455,-117.0343,SAN DIEGO,UNINCORPORATED,-117.03279511,32.74600696
90433932,2017,2017-04-13,9645,2017-04-06,1545,016864,NA,4,2,7,3711,0,1,1,NA,2,007,I-5 N/B,VIA DE LA VALLE,900,S,N,A,-,Y,NA,NA,5,NA,NA,NA,NA,NA,N,Y,4,0,1,4,A,-,03,22350,NA,N,C,C,A,A,H,-,A,D,0,NA,NA,NA,NA,Y,NA,A,01,0,0,1,0,0,0,0,0,0,-,-,32.97797,-117.25214,SAN DIEGO,SAN DIEGO,-117.25220637,32.97794414
90434743,2017,2017-04-17,9650,2017-04-01,1850,017392,NA,6,2,9,3700,0,3,5,NA,2,070,LAKE DR,ASH ST,400,E,N,A,-,N,NA,NA,NA,NA,NA,NA,NA,NA,NA,Y,3,0,1,1,A,-,01,23152,A,N,E,I,A,A,H,-,A,D,0,NA,NA,NA,NA,Y,Y,A,01,0,1,0,0,0,0,0,0,0,-,-,33.0799,-117.115,SAN DIEGO,UNINCORPORATED,-117.11547703,33.07929408
90435101,2017,2017-04-17,9650,2017-04-12,1545,015531,NA,3,2,9,3700,0,3,5,NA,2,231,BIRCH AVE,S. CITRUS AVE,0,NA,Y,A,-,N,NA,NA,NA,NA,NA,NA,NA,NA,NA,Y,3,0,1,2,A,-,09,21802,A,N,D,C,A,A,H,-,A,D,0,NA,NA,NA,NA,Y,NA,A,01,0,1,0,0,0,0,0,0,0,-,-,33.76593,-117.2342,SAN DIEGO,UNINCORPORATED,-117.04284009,33.11853005
9043550,2020,2020-05-27,3711,2020-02-07,1856,SD7556,NA,5,5,7,3711,0,0,0,NA,0,531,UPAS ST,TEXAS ST,7,W,N,B,-,N,NA,NA,NA,NA,NA,NA,NA,NA,NA,N,4,0,1,2,A,-,04,21703,NA,M,C,C,A,A,H,-,D,D,0,NA,NA,NA,NA,Y,NA,-,99,0,0,1,0,0,0,0,0,0,-,-,NA,NA,SAN DIEGO,SAN DIEGO,-117.13908386230467,32.74102020263672
9043608,2020,2020-06-04,3700,2020-02-01,2159,SH0029,NA,6,5,5,3713,0,0,0,NA,0,312,SOUTH MELROSE DR,BREEZE HILL RD,348,S,N,A,-,N,NA,NA,NA,NA,NA,NA,NA,NA,NA,Y,3,0,1,1,A,-,01,23152,A,N,E,I,A,A,H,-,C,D,0,NA,NA,Y,NA,Y,NA,C,03,0,1,0,0,0,0,0,0,1,-,-,NA,NA,SAN DIEGO,VISTA,-117.25348663330078,33.18694305419922
90436152,2017,2017-04-17,9680,2017-04-09,1555,017928,NA,7,2,9,3700,0,1,3,NA,1,051,SR-79,MILE MARKER 52,121,S,N,A,-,Y,NA,NA,79,NA,NA,NA,NA,NA,NA,Y,2,0,1,1,A,-,05,21650,NA,N,F,A,A,A,H,-,A,A,0,NA,NA,Y,NA,Y,NA,C,02,1,0,0,0,0,0,0,0,1,-,-,33.41615,-116.82524,SAN DIEGO,UNINCORPORATED,-116.82525601,33.41601939
90436534,2017,2017-04-18,9645,2017-04-06,0920,015847,NA,4,1,7,3711,0,1,1,NA,2,010,I-8 E/B,COLLEGE AVE.,2640,W,N,A,-,Y,NA,NA,8,NA,NA,NA,NA,NA,E,N,4,0,2,2,A,-,03,22350,NA,N,C,C,A,A,H,-,A,D,0,NA,NA,NA,NA,Y,NA,A,01,0,0,2,0,0,0,0,0,0,-,-,32.77937,-117.07694,SAN DIEGO,SAN DIEGO,-117.07692995,32.77944925
90437030,2017,2017-06-02,9650,2017-04-02,1620,015788,NA,7,2,6,3710,0,1,1,NA,2,005,I-5 S/B,OCEANSIDE BLVD,1056,S,N,A,-,Y,NA,NA,5,NA,NA,NA,NA,NA,S,Y,2,0,2,3,A,-,03,22350,NA,N,C,C,A,A,H,-,A,D,0,NA,NA,NA,NA,Y,NA,D,22,1,1,0,0,0,0,0,0,0,-,-,33.18753,-117.36027,SAN DIEGO,OCEANSIDE,-117.36021631,33.1875738
90438112,2017,2017-04-19,9650,2017-04-14,1005,014615,NA,5,1,9,3700,0,3,5,NA,2,190,ROCK SPRINGS RD,VIDA'S CIR,200,W,N,A,-,N,NA,NA,NA,NA,NA,NA,NA,NA,NA,Y,4,0,1,1,A,-,08,22107,NA,N,E,I,A,A,H,-,A,D,0,NA,NA,NA,NA,Y,NA,A,01,0,0,1,0,0,0,0,0,0,-,-,NA,NA,SAN DIEGO,UNINCORPORATED,-117.11490772,33.14278631
90438959,2017,2017-04-20,9650,2017-04-13,2350,020254,NA,4,3,9,3700,0,3,5,NA,2,006,GIRD RD,RECHE RD,1240,S,N,A,-,N,NA,NA,NA,NA,NA,NA,NA,NA,NA,Y,3,0,1,1,A,-,01,23152,A,N,E,I,A,A,H,-,D,D,0,NA,NA,NA,NA,Y,Y,A,01,0,1,0,0,0,0,0,0,0,-,-,33.35554,-117.19866,SAN DIEGO,UNINCORPORATED,-117.20303292,33.35854226
90439873,2017,2017-04-24,9645,2017-04-07,1935,019054,NA,5,2,7,3711,0,1,1,NA,2,019,I-15 S/B,CARMEL MOUNTAIN ROAD,1584,N,N,A,-,Y,NA,NA,15,NA,NA,NA,NA,NA,S,Y,3,0,1,3,A,-,08,22107,NA,N,B,C,A,A,H,-,D,D,0,NA,NA,NA,NA,Y,NA,A,01,0,1,0,0,0,0,0,0,0,-,-,32.98382,-117.08387,SAN DIEGO,SAN DIEGO,-117.08371789,32.983753
90441452,2017,2017-04-25,9680,2017-04-14,1320,017928,NA,5,1,9,3700,0,2,4,NA,1,093,VISTA RAMONA RD,TIMBER PASSAGE,24,N,N,A,-,N,NA,NA,NA,NA,NA,NA,NA,NA,NA,N,4,0,2,2,A,-,03,22350,NA,N,C,C,A,A,H,-,A,D,0,NA,NA,NA,NA,Y,NA,D,22,0,0,2,0,0,0,0,0,0,-,-,33.02974,-116.82248,SAN DIEGO,UNINCORPORATED,-116.82249546,33.02970555
9044245,2020,2020-07-22,3711,2020-01-21,1740,7914,NA,2,5,7,3711,0,0,0,NA,0,713,PASEO DE LAS AMERICAS,SIEMPRE VIVA RD,0,NA,Y,A,-,N,NA,NA,NA,NA,NA,NA,NA,NA,NA,N,3,0,1,2,A,-,00,21930,A,N,G,B,B,A,H,-,C,A,0,Y,NA,NA,Y,Y,NA,F,25,0,1,0,0,1,0,0,0,0,-,-,NA,NA,SAN DIEGO,SAN DIEGO,-116.93592071533205,32.556888580322266
90443582,2017,2017-04-27,9680,2017-04-18,1815,017011,NA,2,2,9,3700,0,2,4,NA,1,021,WILLOW GLEN DR,DEHESA ROAD,25,S,N,A,-,N,NA,NA,NA,NA,NA,NA,NA,NA,NA,Y,3,0,1,2,A,-,08,22107,NA,N,B,C,A,A,H,-,A,A,0,NA,NA,Y,NA,Y,NA,I,10,0,1,0,0,0,0,0,0,1,-,-,32.78837,-116.8883,SAN DIEGO,UNINCORPORATED,-116.88828,32.78844154
90443616,2017,2017-04-27,9680,2017-04-21,1540,020049,NA,5,2,9,3700,0,1,3,NA,2,027,SR-94 E/B,LEMON GROVE AVE,40,E,N,A,-,Y,NA,NA,NA,NA,NA,NA,NA,NA,NA,N,4,0,1,3,A,-,03,22350,NA,N,C,C,A,A,H,-,A,D,0,NA,NA,NA,NA,Y,NA,A,08,0,0,1,0,0,0,0,0,0,-,-,32.74629,-117.03082,SAN DIEGO,UNINCORPORATED,-117.03103678,32.74629405