CASE_ID,ACCIDENT_YEAR,PROC_DATE,JURIS,COLLISION_DATE,COLLISION_TIME,OFFICER_ID,REPORTING_DISTRICT,DAY_OF_WEEK,CHP_SHIFT,POPULATION,CNTY_CITY_LOC,SPECIAL_COND,BEAT_TYPE,CHP_BEAT_TYPE,CITY_DIVISION_LAPD,CHP_BEAT_CLASS,BEAT_NUMBER,PRIMARY_RD,SECONDARY_RD,DISTANCE,DIRECTION,INTERSECTION,WEATHER_1,WEATHER_2,STATE_HWY_IND,CALTRANS_COUNTY,CALTRANS_DISTRICT,STATE_ROUTE,ROUTE_SUFFIX,POSTMILE_PREFIX,POSTMILE,LOCATION_TYPE,RAMP_INTERSECTION,SIDE_OF_HWY,TOW_AWAY,COLLISION_SEVERITY,NUMBER_KILLED,NUMBER_INJURED,PARTY_COUNT,PRIMARY_COLL_FACTOR,PCF_CODE_OF_VIOL,PCF_VIOL_CATEGORY,PCF_VIOLATION,PCF_VIOL_SUBSECTION,HIT_AND_RUN,TYPE_OF_COLLISION,MVIW,PED_ACTION,ROAD_SURFACE,ROAD_COND_1,ROAD_COND_2,LIGHTING,CONTROL_DEVICE,CHP_ROAD_TYPE,PEDESTRIAN_ACCIDENT,BICYCLE_ACCIDENT,MOTORCYCLE_ACCIDENT,TRUCK_ACCIDENT,NOT_PRIVATE_PROPERTY,ALCOHOL_INVOLVED,STWD_VEHTYPE_AT_FAULT,CHP_VEHTYPE_AT_FAULT,COUNT_SEVERE_INJ,COUNT_VISIBLE_INJ,COUNT_COMPLAINT_PAIN,COUNT_PED_KILLED,COUNT_PED_INJURED,COUNT_BICYCLIST_KILLED,COUNT_BICYCLIST_INJURED,COUNT_MC_KILLED,COUNT_MC_INJURED,PRIMARY_RAMP,SECONDARY_RAMP,LATITUDE,LONGITUDE,COUNTY,CITY,POINT_X,POINT_Y
90499756,2017,2017-07-13,9645,2017-07-10,1350,016864,NA,1,1,7,3711,0,1,1,NA,2,007,I-5 N/B,VIA DE LA VALLE,2112,S,N,A,-,Y,NA,NA,5,NA,NA,NA,NA,NA,N,Y,4,0,2,4,A,-,03,22350,NA,N,C,C,A,A,H,-,A,D,0,NA,NA,NA,NA,Y,NA,A,01,0,0,2,0,0,0,0,0,0,-,-,32.97506,-117.25114,SAN DIEGO,SAN DIEGO,-117.25112478,32.97506556
90500507,2017,2017-07-14,9650,2017-07-09,1239,016485,NA,7,1,5,3782,0,1,1,NA,2,007,I-5 N/B,REQUEZA ST,680,S,N,A,-,Y,NA,NA,5,NA,NA,NA,NA,NA,N,Y,4,0,2,3,A,-,03,22350,NA,N,C,C,A,A,H,-,A,D,0,NA,NA,NA,NA,Y,NA,A,01,0,0,2,0,0,0,0,0,0,-,-,33.04096,-117.28462,SAN DIEGO,ENCINITAS,-117.28450964,33.04102784
90500655,2017,2017-07-14,9645,2017-07-13,1212,014804,NA,4,1,7,3711,0,1,1,NA,2,015,I-805 (N/B) TO CLAIREMONT MESA BLVD. EB,CLAIREMONT MESA BLVD.,275,S,N,A,-,Y,NA,NA,NA,NA,NA,NA,NA,NA,NA,Y,4,0,1,1,A,-,08,22107,NA,N,E,I,A,A,H,-,A,A,0,NA,NA,NA,NA,Y,NA,A,07,0,0,1,0,0,0,0,0,0,-,-,32.83113,-117.14003,SAN DIEGO,SAN DIEGO,-117.16924149,32.83278025
90501278,2017,2017-07-17,9645,2017-07-01,2252,020301,NA,6,3,6,3702,0,1,1,NA,2,009,I-805 N/B,H STREET,800,S,N,A,-,Y,NA,NA,805,NA,NA,NA,NA,NA,N,Y,4,0,1,2,A,-,08,22107,NA,N,C,C,A,A,H,-,C,D,0,NA,NA,NA,NA,Y,NA,A,01,0,0,1,0,0,0,0,0,0,-,-,32.63848,-117.05231,SAN DIEGO,CHULA VISTA,-117.05225685,32.63856704
90501463,2017,2017-07-17,9650,2017-07-05,0539,015081,NA,3,3,5,3701,0,1,1,NA,2,005,I-5 N/B,PALOMAR AIRPORT RD,1584,S,N,A,-,Y,NA,NA,5,NA,NA,NA,NA,NA,N,Y,3,0,1,2,A,-,03,22350,NA,N,C,C,A,A,H,-,A,D,0,NA,NA,NA,NA,Y,NA,A,01,0,1,0,0,0,0,0,0,0,-,-,33.11799,-117.31931,SAN DIEGO,CARLSBAD,-117.31940961,33.11793025
90502133,2017,2017-07-17,9650,2017-07-08,0313,016984,NA,6,3,9,3700,0,1,1,NA,2,021,I-15 S/B,LAWRENCE WELK LN,1075,N,N,A,-,Y,NA,NA,15,NA,NA,NA,NA,NA,S,Y,4,0,1,2,A,-,03,22350,NA,N,C,C,A,A,H,-,D,D,0,NA,NA,NA,NA,Y,NA,A,01,0,0,1,0,0,0,0,0,0,-,-,33.23535,-117.14859,SAN DIEGO,UNINCORPORATED,-117.14858395,33.23535259
9050218,2020,2020-06-04,3702,2020-02-03,0752,CV0673,NA,1,5,6,3702,0,0,0,NA,0,023,TELEGRAPH CANYON RD,OLEANDER AV,22,W,N,A,-,N,NA,NA,NA,NA,NA,NA,NA,NA,NA,Y,4,0,1,2,A,-,03,22350,NA,N,C,D,A,A,H,-,A,A,0,NA,NA,NA,NA,Y,NA,A,01,0,0,1,0,0,0,0,0,0,-,-,NA,NA,SAN DIEGO,CHULA VISTA,-117.03678131103516,32.62787628173828
9050226,2020,2020-03-10,3702,2020-02-10,1025,CV1305,NA,1,5,6,3702,0,0,0,NA,0,031,RANCHO DEL REY PKWY,RIDGEBACK RD,342,N,N,C,-,N,NA,NA,NA,NA,NA,NA,NA,NA,NA,Y,4,0,3,2,A,-,01,23152,A,N,A,C,A,B,H,-,A,D,0,NA,NA,NA,NA,Y,Y,D,22,0,0,3,0,0,0,0,0,0,-,-,NA,NA,SAN DIEGO,CHULA VISTA,-117.0116958618164,32.6469612121582
90502401,2017,2017-07-17,9650,2017-07-10,1730,019490,NA,1,2,9,3700,0,2,4,NA,2,061,EAST MISSION RD,WILLOW GLEN RD,2112,E,N,B,-,N,NA,NA,NA,NA,NA,NA,NA,NA,NA,Y,3,0,3,3,A,-,05,21460,A,N,B,C,A,A,H,-,A,D,0,NA,NA,NA,NA,Y,NA,A,01,0,1,2,0,0,0,0,0,0,-,-,33.39219,-117.19361,SAN DIEGO,UNINCORPORATED,-117.19429246,33.39195677
90505592,2017,2017-07-21,9680,2017-07-11,1440,019822,NA,2,2,9,3700,0,1,3,NA,1,040,SR-94,ROMA RD,408,E,N,A,-,Y,NA,NA,NA,NA,NA,NA,NA,NA,NA,Y,2,0,1,1,A,-,03,22350,NA,N,F,A,A,A,H,-,A,D,0,NA,NA,Y,NA,Y,NA,C,02,1,0,0,0,0,0,0,0,1,-,-,32.61961,-116.74843,SAN DIEGO,UNINCORPORATED,-116.74630463,32.62145773
90505596,2017,2017-07-21,9650,2017-07-16,0300,019308,NA,7,3,9,3700,0,3,5,NA,2,191,HARMONY GROVE RD,COUNTRY CLUB DR,6336,W,N,A,-,N,NA,NA,NA,NA,NA,NA,NA,NA,NA,Y,3,0,1,1,A,-,08,22107,NA,N,E,I,A,A,H,-,D,D,0,NA,NA,NA,NA,Y,NA,A,01,0,1,0,0,0,0,0,0,0,-,-,33.089,-117.13943,SAN DIEGO,UNINCORPORATED,-117.13858116,33.08879591
90508574,2017,2017-07-26,9645,2017-06-15,1655,017953,NA,4,2,7,3711,0,1,1,NA,2,007,I-5 S/B,GENESEE AVENUE O/C,3432,N,N,A,-,Y,NA,NA,5,NA,NA,NA,NA,NA,S,N,4,0,1,2,A,-,03,22350,NA,N,C,C,A,A,H,-,A,D,0,NA,NA,NA,NA,Y,NA,D,22,0,0,1,0,0,0,0,0,0,-,-,32.89712,-117.22541,SAN DIEGO,SAN DIEGO,-117.22587097,32.8972897
90508842,2017,2017-07-26,9650,2017-07-19,1202,015081,NA,3,1,9,3700,0,2,4,NA,2,061,S. MISSION RD.,FALLBROOK ST,300,S,N,B,-,N,NA,NA,NA,NA,NA,NA,NA,NA,NA,N,4,0,1,2,A,-,03,22350,NA,N,C,C,A,A,H,-,A,A,0,NA,NA,NA,NA,Y,NA,D,22,0,0,1,0,0,0,0,0,0,-,-,33.37574,-117.25355,SAN DIEGO,UNINCORPORATED,-117.25366,33.37584813
90509252,2017,2017-07-26,9650,2017-07-18,1245,019126,NA,2,1,9,3700,0,2,4,NA,2,061,S. MISSION RD.,AIR PARK RD,0,NA,Y,A,-,N,NA,NA,NA,NA,NA,NA,NA,NA,NA,Y,3,0,1,2,A,-,09,21802,A,N,D,C,A,A,H,-,A,D,0,NA,NA,NA,NA,Y,NA,A,01,0,1,0,0,0,0,0,0,0,-,-,33.35331,-117.24629,SAN DIEGO,UNINCORPORATED,-117.24629,33.35331
90509855,2017,2017-07-27,9650,2017-07-24,1405,016275,NA,1,2,9,3700,0,2,4,NA,1,027,VALLEY CENTER RD S/B,COLE GRADE RD,528,S,N,A,-,N,NA,NA,NA,NA,NA,NA,NA,NA,NA,N,4,0,1,2,A,-,07,21658,A,N,B,C,A,A,H,-,A,D,0,NA,NA,NA,NA,Y,NA,D,22,0,0,1,0,0,0,0,0,0,-,-,33.23091,-117.02636,SAN DIEGO,UNINCORPORATED,-117.02596923,33.2311602
90511904,2017,2017-07-28,9645,2017-07-03,1230,019054,NA,1,1,7,3711,0,1,1,NA,2,005,I-5 N/B,CLAIREMONT DR. O/C,1740,S,N,A,-,Y,NA,NA,5,NA,NA,NA,NA,NA,N,Y,4,0,2,6,A,-,03,22350,NA,N,C,C,A,A,H,-,A,D,0,NA,NA,NA,NA,Y,NA,A,01,0,0,2,0,0,0,0,0,0,-,-,32.78574,-117.20712,SAN DIEGO,SAN DIEGO,-117.20721979,32.7857578
90517724,2017,2017-08-07,9645,2017-07-12,0942,021731,NA,3,1,7,3711,0,1,3,NA,2,006,SR-94 W/B,25TH ST,528,E,N,A,-,Y,NA,NA,94,NA,NA,NA,NA,NA,W,Y,4,0,3,3,A,-,03,22350,NA,N,C,C,A,A,H,-,A,D,0,NA,NA,NA,NA,Y,NA,A,01,0,0,3,0,0,0,0,0,0,-,-,32.71337,-117.13722,SAN DIEGO,SAN DIEGO,-117.13721923,32.71329007
90518262,2017,2017-08-07,9650,2017-07-26,1138,015081,NA,3,1,5,3782,0,1,1,NA,2,007,I-5 N/B,SANTA FE DR,600,N,N,A,-,Y,NA,NA,5,NA,NA,NA,NA,NA,N,Y,4,0,2,4,A,-,03,22350,NA,N,C,C,A,A,H,-,A,D,0,NA,NA,NA,NA,Y,NA,D,22,0,0,2,0,0,0,0,0,0,-,-,33.03834,-117.28282,SAN DIEGO,ENCINITAS,-117.28274158,33.03839302
90518654,2017,2017-08-08,9645,2017-07-24,0650,020474,NA,1,1,7,3711,0,1,1,NA,2,021,SR-15 N/B,UNIVERSITY AVE.,528,S,N,A,-,Y,NA,NA,NA,NA,NA,NA,NA,NA,NA,Y,3,0,1,1,A,-,03,22350,NA,N,F,A,A,A,H,-,A,D,0,NA,NA,Y,NA,Y,NA,C,02,0,1,0,0,0,0,0,0,1,-,-,32.74587,-117.11998,SAN DIEGO,SAN DIEGO,-117.10865755,32.74823392
90518974,2017,2017-08-08,9650,2017-07-26,1801,016936,NA,3,2,5,3713,0,1,3,NA,2,017,SR-78 E/B FROM MAR VISTA DRIVE,MAR VISTA DRIVE,539,E,N,A,-,Y,NA,NA,78,NA,NA,NA,R,NA,E,Y,3,0,2,2,A,-,03,22350,NA,N,C,C,A,A,H,-,A,A,0,NA,NA,NA,Y,Y,NA,F,27,0,1,1,0,0,0,0,0,0,-,-,33.18001,-117.22997,SAN DIEGO,VISTA,-117.22997,33.18001
90519054,2017,2017-08-08,9650,2017-08-02,0920,013696,NA,3,1,9,3700,0,1,1,NA,2,001,I-5 N/B,BASILONE RD,12144,S,N,B,C,Y,NA,NA,5,NA,NA,NA,NA,NA,N,Y,4,0,2,1,A,-,08,22107,NA,N,E,I,A,B,H,-,A,D,0,NA,NA,NA,NA,Y,NA,A,07,0,0,2,0,0,0,0,0,0,-,-,33.36813,-117.54834,SAN DIEGO,UNINCORPORATED,-117.54830667,33.36819108
90520184,2017,2017-08-09,9680,2017-07-31,1230,017996,NA,1,1,9,3700,0,1,3,NA,2,027,SR-94 WESTBOUND,MASSACHUSETTS AVENUE,232,E,N,A,-,Y,NA,NA,NA,NA,NA,NA,NA,NA,NA,N,3,0,1,2,A,-,11,21954,A,N,G,B,D,A,H,-,A,D,0,Y,NA,NA,NA,Y,NA,N,60,0,1,0,0,1,0,0,0,0,-,-,32.7449,-117.0417,SAN DIEGO,UNINCORPORATED,-117.04205811,32.74493477
90520874,2017,2017-08-10,9645,2017-08-02,0215,016138,NA,3,3,7,3711,0,1,3,NA,2,012,SR-52 EASTBOUND,GENESEE AVE U/C,1860,W,N,B,-,Y,NA,NA,52,NA,NA,NA,NA,NA,E,Y,3,0,1,1,A,-,01,23152,A,N,E,I,A,A,H,-,D,D,0,NA,NA,NA,NA,Y,Y,A,01,0,1,0,0,0,0,0,0,0,-,-,32.84638,-117.20716,SAN DIEGO,SAN DIEGO,-117.20714804,32.84633941
90521623,2017,2017-08-11,9650,2017-08-09,0935,013570,NA,3,1,5,3712,0,1,3,NA,2,019,SR-78 W/B,WOODLAND PKY,500,W,N,A,-,Y,NA,NA,NA,NA,NA,NA,NA,NA,NA,Y,4,0,1,2,A,-,03,22350,NA,N,C,C,A,A,H,-,A,D,0,NA,NA,NA,NA,Y,NA,A,01,0,0,1,0,0,0,0,0,0,-,-,NA,NA,SAN DIEGO,SAN MARCOS,-117.14253831,33.13925708
90523361,2017,2017-08-15,9645,2017-07-27,2330,020515,NA,4,3,7,3711,0,1,1,NA,2,030,I-15 S/B (HOV),WEST BERNARDO DR.,4790,S,N,A,-,Y,NA,NA,15,NA,NA,NA,NA,NA,S,N,3,0,1,1,A,-,03,22350,NA,N,E,J,A,A,H,-,D,D,0,NA,NA,Y,NA,Y,NA,C,02,0,1,0,0,0,0,0,0,1,-,-,33.04442,-117.0732,SAN DIEGO,SAN DIEGO,-117.07332689,33.04446397
90523623,2017,2017-08-15,9680,2017-08-08,1830,020249,NA,2,2,9,3700,0,3,5,NA,2,004,LYONS VALLEY ROAD,SKYLINE TRUCK TRAIL,2112,W,N,A,-,N,NA,NA,NA,NA,NA,NA,NA,NA,NA,Y,4,0,1,2,A,-,09,21801,A,N,A,C,A,A,H,-,A,D,0,NA,NA,NA,NA,Y,NA,A,01,0,0,1,0,0,0,0,0,0,-,-,32.71474,-116.76279,SAN DIEGO,UNINCORPORATED,-116.86262581,32.72916731
90523729,2017,2017-08-15,9680,2017-08-08,2118,021756,NA,2,2,5,3708,0,1,3,NA,2,028,SR-125 S/B TO SPRING STREET,SPRING STREET,400,N,N,A,-,Y,NA,NA,125,NA,NA,NA,R,NA,S,Y,4,0,1,3,A,-,03,22350,NA,N,C,C,A,A,H,-,C,A,0,NA,NA,NA,NA,Y,NA,A,01,0,0,1,0,0,0,0,0,0,-,-,32.75464,-117.01146,SAN DIEGO,LA MESA,-117.01146,32.75464
90524361,2017,2017-08-16,9680,2017-08-10,1920,016981,NA,4,2,9,3700,0,1,3,NA,2,028,SR-125 N/B,LEMON AVE,20,S,N,A,-,Y,NA,NA,125,NA,NA,NA,NA,NA,N,Y,3,0,1,1,A,-,08,22107,NA,N,E,I,A,A,H,-,B,D,0,NA,NA,NA,NA,Y,NA,A,01,0,1,0,0,0,0,0,0,0,-,-,32.76854,-117.00184,SAN DIEGO,UNINCORPORATED,-117.00204288,32.76856888
90525445,2017,2017-08-17,9650,2017-08-09,1200,013452,NA,3,1,9,3700,0,3,5,NA,2,006,DE LUZ ROAD,DE LUZ MURRIETA RD,5280,N,N,A,-,N,NA,NA,NA,NA,NA,NA,NA,NA,NA,Y,4,0,1,1,A,-,08,22107,NA,N,E,I,A,A,H,-,A,D,0,NA,NA,NA,NA,Y,NA,A,07,0,0,1,0,0,0,0,0,0,-,-,33.33796,-117.3266,SAN DIEGO,UNINCORPORATED,-117.32716538,33.45315531
90525536,2017,2017-08-17,9650,2017-08-11,0646,016485,NA,5,1,6,3706,0,1,1,NA,2,023,I-15 S/B,VALLEY PKWY,140,S,N,A,-,Y,NA,NA,15,NA,NA,NA,NA,NA,S,Y,3,0,1,5,A,-,03,22350,NA,N,C,C,A,A,H,-,A,D,0,NA,NA,NA,NA,Y,NA,D,22,0,1,0,0,0,0,0,0,0,-,-,33.11499,-117.09888,SAN DIEGO,ESCONDIDO,-117.09889161,33.11498327
9052891,2020,2020-02-27,3711,2020-01-29,1255,SD7641,NA,3,5,7,3711,0,0,0,NA,0,517,20TH ST,B ST,12,E,N,A,-,N,NA,NA,NA,NA,NA,NA,NA,NA,NA,N,4,0,1,2,A,-,10,21950,A,N,G,B,B,A,A,D,A,D,0,Y,NA,NA,NA,Y,NA,A,01,0,0,1,0,1,0,0,0,0,-,-,NA,NA,SAN DIEGO,SAN DIEGO,-117.14586639404295,32.71788024902344
9052927,2020,2020-02-27,3711,2020-01-30,1750,SD8861,NA,4,5,7,3711,0,0,0,NA,0,523,MARKET ST,6TH AV,7,E,N,A,-,N,NA,NA,NA,NA,NA,NA,NA,NA,NA,N,4,0,1,2,A,-,10,21950,A,N,G,B,B,A,H,-,C,A,0,Y,NA,NA,NA,Y,NA,A,01,0,0,1,0,1,0,0,0,0,-,-,NA,NA,SAN DIEGO,SAN DIEGO,-117.15924835205078,32.711509704589844
90529354,2017,2017-08-23,9645,2017-07-27,1650,015790,NA,4,2,7,3711,0,1,1,NA,2,017,I-15 (SB),MIRAMAR WAY  O/C,50,N,N,A,-,Y,NA,NA,NA,NA,NA,NA,NA,NA,NA,Y,4,0,1,2,A,-,03,22350,NA,N,C,C,A,A,H,-,A,D,0,NA,NA,NA,NA,Y,NA,D,22,0,0,1,0,0,0,0,0,0,-,-,33.07156,-117.06981,SAN DIEGO,SAN DIEGO,-117.10896375,32.88070923
9052948,2020,2020-02-27,3711,2020-01-28,1655,SD7818,NA,2,5,7,3711,0,0,0,NA,0,833,CHAMOUNE AV,WIGHTMAN ST,0,NA,Y,A,-,N,NA,NA,NA,NA,NA,NA,NA,NA,NA,N,4,0,2,2,D,-,00,NA,NA,N,D,C,A,A,H,-,A,A,0,NA,NA,NA,NA,Y,NA,-,-,0,0,2,0,0,0,0,0,0,-,-,NA,NA,SAN DIEGO,SAN DIEGO,-117.09660339355467,32.747711181640625
90530165,2017,2017-08-24,9680,2017-08-17,0725,015578,NA,4,1,9,3700,0,1,3,NA,1,023,SR-94 WESTBOUND,BANCROFT DR.,30,E,N,A,-,Y,NA,NA,94,NA,NA,NA,NA,NA,W,Y,4,0,3,2,A,-,03,22350,NA,N,C,C,A,A,H,-,A,D,0,NA,NA,NA,NA,Y,NA,A,01,0,0,3,0,0,0,0,0,0,-,-,32.75041,-117.00134,SAN DIEGO,UNINCORPORATED,-117.00133292,32.75044257
9053124,2020,2020-11-04,3706,2020-01-29,1725,406,NA,3,5,6,3706,0,0,0,NA,0,045,HALE AV,RT 15,0,NA,Y,A,-,Y,SD,11,15,S,-,30.855,R,4,S,NA,4,0,1,2,A,-,12,21453,A,F,D,G,A,A,H,-,B,A,0,NA,Y,NA,NA,Y,NA,L,04,0,0,1,0,0,0,1,0,0,-,-,33.11994934082031,-117.10150909423828,SAN DIEGO,ESCONDIDO,-117.100341796875,33.11752700805664
9053183,2020,2020-09-29,3706,2020-01-15,1800,471,ESCON,3,5,6,3706,0,0,0,NA,0,042,WASHINGTON AV,ASH ST,35,W,N,A,-,Y,SD,11,78,-,T,19.08,H,-,E,NA,4,0,2,2,A,-,03,22350,NA,N,C,C,A,A,H,-,C,A,0,NA,NA,NA,NA,Y,NA,A,07,0,0,2,0,0,0,0,0,0,-,-,33.13309097290039,-117.06803894042967,SAN DIEGO,ESCONDIDO,-117.06817626953124,33.13299560546875
90534470,2017,2017-08-28,9650,2017-08-17,2334,019191,NA,4,3,5,3782,0,1,1,NA,2,007,I-5 N/B,BIRMINGHAM DR,500,N,N,A,-,Y,NA,NA,5,NA,NA,NA,NA,NA,N,Y,2,0,1,1,A,-,01,23152,A,N,F,A,A,A,H,-,D,D,0,NA,NA,NA,NA,Y,Y,A,01,1,0,0,0,0,0,0,0,0,-,-,33.02694,-117.2751,SAN DIEGO,ENCINITAS,-117.27506657,33.02696238
90534475,2017,2017-08-28,9650,2017-08-17,1624,017743,NA,4,2,6,3706,0,1,1,NA,2,023,I-15 N/B,VALLEY PARKWAY,1200,S,N,A,-,Y,NA,NA,15,NA,NA,NA,NA,NA,N,Y,4,0,2,3,A,-,03,22350,NA,N,C,C,A,A,H,-,A,D,0,NA,NA,NA,NA,Y,NA,A,07,0,0,2,0,0,0,0,0,0,-,-,33.11237,-117.09705,SAN DIEGO,ESCONDIDO,-117.09704169,33.112375
90535969,2017,2017-08-29,9645,2017-08-17,0139,019291,NA,4,3,7,3711,0,1,1,NA,2,011,I-805 S/B,HOME AVE,25,S,N,A,-,Y,NA,NA,805,NA,NA,NA,NA,NA,S,Y,3,0,1,1,A,-,01,23152,A,N,E,I,A,A,H,-,C,D,0,NA,NA,NA,NA,Y,Y,A,01,0,1,0,0,0,0,0,0,0,-,-,32.72527,-117.10315,SAN DIEGO,SAN DIEGO,-117.10333167,32.72518136
90536923,2017,2017-08-30,9645,2017-07-10,1620,015790,NA,1,2,7,3711,0,1,1,NA,2,030,I-15 (HOV LANES) SB,MIRAMAR WAY O/C,750,S,N,A,-,Y,NA,NA,NA,NA,NA,NA,NA,NA,NA,Y,4,0,1,1,A,-,08,22107,NA,N,E,I,A,A,H,-,A,D,0,NA,NA,NA,NA,Y,NA,A,07,0,0,1,0,0,0,0,0,0,-,-,33.61126,-116.93477,SAN DIEGO,SAN DIEGO,-117.10823638,32.87860742
90537532,2017,2017-08-30,9645,2017-08-15,1600,017401,NA,2,2,7,3711,0,1,3,NA,1,004,SR-75 NORTHBOUND,I-5,1056,S,N,B,-,Y,NA,NA,75,NA,NA,NA,NA,NA,N,N,3,0,1,3,A,-,03,22350,NA,N,C,A,A,A,H,-,A,A,0,NA,NA,NA,NA,Y,NA,A,01,0,1,0,0,0,0,0,0,0,-,-,32.6942,-117.1486,SAN DIEGO,SAN DIEGO,-117.14876439,32.69436258
90537565,2017,2017-08-31,9645,2017-08-16,1520,020180,NA,3,2,7,3711,0,1,1,NA,2,005,WASHINGTON ST ON TO I-5 N/B,WASHINGTON ST,0,NA,N,A,-,Y,NA,NA,NA,NA,NA,NA,NA,NA,NA,Y,4,0,1,2,A,-,03,22350,NA,N,C,C,A,A,H,-,A,A,0,NA,NA,NA,NA,Y,NA,A,01,0,0,1,0,0,0,0,0,0,-,-,32.74377,-117.18459,SAN DIEGO,SAN DIEGO,NA,NA
90538870,2017,2017-09-01,9645,2017-08-04,1740,018428,NA,5,2,7,3711,0,1,1,NA,2,013,I-805 S/B,I-8 U/C,600,N,N,A,-,Y,NA,NA,805,NA,NA,NA,NA,NA,S,N,4,0,3,2,A,-,03,22350,NA,N,C,C,A,A,H,-,A,D,0,NA,NA,NA,NA,Y,NA,A,01,0,0,3,0,0,0,0,0,0,-,-,32.77937,-117.13784,SAN DIEGO,SAN DIEGO,-117.13767563,32.77948814
90539016,2017,2017-09-01,9680,2017-08-23,1555,018801,NA,3,2,9,3700,0,3,5,NA,2,002,AUSTIN DR,MONTEMAR DR.,0,NA,Y,A,-,N,NA,NA,NA,NA,NA,NA,NA,NA,NA,N,2,0,1,2,A,-,11,21954,A,N,A,B,E,A,H,-,A,A,0,Y,NA,NA,NA,Y,NA,N,60,1,0,0,0,1,0,0,0,0,-,-,32.73329,-116.9893,SAN DIEGO,UNINCORPORATED,-116.98926007,32.73328008
90539252,2017,2017-09-04,9645,2017-08-06,0444,019291,NA,7,3,7,3711,0,1,1,NA,2,017,I-15 S/B N OF SR-163 N/B TO I-15 N/B,SR-163 N/B TO I-15 N/B,1056,N,N,A,-,Y,NA,NA,15,NA,NA,NA,R,NA,S,Y,4,0,2,1,A,-,08,22107,NA,N,E,J,A,A,H,-,C,D,0,NA,NA,NA,NA,Y,NA,A,01,0,0,2,0,0,0,0,0,0,-,-,32.85956,-117.11317,SAN DIEGO,SAN DIEGO,-117.11317,32.85956
90539510,2017,2017-09-04,9650,2017-08-29,0545,019126,NA,2,3,9,3700,0,2,4,NA,1,027,VALLEY CENTER RD,ROCK HILL RANCH RD,1056,E,N,A,-,N,NA,NA,NA,NA,NA,NA,NA,NA,NA,Y,3,0,1,1,A,-,03,22350,NA,N,E,I,A,A,H,-,D,D,0,NA,NA,NA,NA,Y,NA,A,01,0,1,0,0,0,0,0,0,0,-,-,33.22828,-117.00283,SAN DIEGO,UNINCORPORATED,-117.00258904,33.2282738
90541496,2017,2017-09-06,9680,2017-08-25,1740,018801,NA,5,2,5,3708,0,1,1,NA,2,081,I-8 W/B,SEVERIN DRIVE OVERCROSSING,15,W,N,A,-,Y,NA,NA,8,NA,NA,NA,NA,NA,W,Y,4,0,2,4,A,-,03,22350,NA,N,C,C,A,A,H,-,A,D,0,NA,NA,NA,NA,Y,NA,D,22,0,0,2,0,0,0,0,0,0,-,-,32.779560000000004,-116.99715,SAN DIEGO,LA MESA,-116.99715629,32.77942755
90541520,2017,2017-09-06,9645,2017-08-24,1150,020020,NA,4,1,7,3711,0,1,3,NA,2,023,SR-163 S/B,WASHINGTON ST,1584,N,N,A,-,Y,NA,NA,163,NA,NA,NA,NA,NA,S,Y,4,0,1,2,A,-,03,22350,NA,N,C,C,A,A,H,-,A,D,0,NA,NA,NA,NA,Y,NA,A,08,0,0,1,0,0,0,0,0,0,-,-,32.75517,-117.15884,SAN DIEGO,SAN DIEGO,-117.15887901,32.75515856
90542111,2017,2017-09-06,9650,2017-09-04,1655,014886,NA,1,2,9,3700,0,1,1,NA,2,001,I-5 N/B,USBP CHECKPOINT O/C,960,N,N,B,-,Y,NA,NA,5,NA,NA,NA,NA,NA,N,Y,3,0,2,2,A,-,03,22350,NA,N,C,C,A,A,H,-,A,D,0,NA,NA,Y,NA,Y,NA,C,02,0,2,0,0,0,0,0,0,2,-,-,33.35476,-117.52849,SAN DIEGO,UNINCORPORATED,-117.52849562,33.35475148
90543806,2017,2017-09-08,9645,2017-08-29,0015,019445,NA,2,3,7,3711,0,1,1,NA,2,019,I-15 S/B (HOV) TO GEORGE COOKE W/B,I-15 HOV,15,W,N,A,-,Y,NA,NA,15,NA,NA,NA,R,NA,S,Y,4,0,2,1,A,-,12,22450,A,N,E,I,A,A,H,-,C,A,0,NA,NA,NA,NA,Y,NA,A,01,0,0,2,0,0,0,0,0,0,-,-,33.0164,-117.07973,SAN DIEGO,SAN DIEGO,-117.07973,33.0164
90544090,2017,2017-09-11,9650,2017-09-07,0900,019352,NA,4,1,6,3706,0,1,1,NA,2,023,I-15 S/B,FELICITA RD. U/C,5280,N,N,A,-,Y,NA,NA,15,NA,NA,NA,NA,NA,S,Y,4,0,1,2,A,-,03,22350,NA,N,C,C,A,A,H,-,A,D,0,NA,NA,NA,NA,Y,NA,A,07,0,0,1,0,0,0,0,0,0,-,-,33.09919,-117.08951,SAN DIEGO,ESCONDIDO,-117.08946199,33.09922639
90544486,2017,2017-09-11,9645,2017-08-29,1145,015494,NA,2,1,7,3711,0,1,1,NA,2,011,I-805 S/B,HOME AVE,500,N,N,A,-,Y,NA,NA,805,NA,NA,NA,NA,NA,S,N,2,0,1,1,A,-,08,22107,NA,N,F,A,A,A,H,-,A,D,0,NA,NA,Y,NA,Y,NA,C,02,1,0,0,0,0,0,0,0,1,-,-,32.726,-117.10379,SAN DIEGO,SAN DIEGO,-117.1037227,32.72603005