CASE_ID,ACCIDENT_YEAR,PROC_DATE,JURIS,COLLISION_DATE,COLLISION_TIME,OFFICER_ID,REPORTING_DISTRICT,DAY_OF_WEEK,CHP_SHIFT,POPULATION,CNTY_CITY_LOC,SPECIAL_COND,BEAT_TYPE,CHP_BEAT_TYPE,CITY_DIVISION_LAPD,CHP_BEAT_CLASS,BEAT_NUMBER,PRIMARY_RD,SECONDARY_RD,DISTANCE,DIRECTION,INTERSECTION,WEATHER_1,WEATHER_2,STATE_HWY_IND,CALTRANS_COUNTY,CALTRANS_DISTRICT,STATE_ROUTE,ROUTE_SUFFIX,POSTMILE_PREFIX,POSTMILE,LOCATION_TYPE,RAMP_INTERSECTION,SIDE_OF_HWY,TOW_AWAY,COLLISION_SEVERITY,NUMBER_KILLED,NUMBER_INJURED,PARTY_COUNT,PRIMARY_COLL_FACTOR,PCF_CODE_OF_VIOL,PCF_VIOL_CATEGORY,PCF_VIOLATION,PCF_VIOL_SUBSECTION,HIT_AND_RUN,TYPE_OF_COLLISION,MVIW,PED_ACTION,ROAD_SURFACE,ROAD_COND_1,ROAD_COND_2,LIGHTING,CONTROL_DEVICE,CHP_ROAD_TYPE,PEDESTRIAN_ACCIDENT,BICYCLE_ACCIDENT,MOTORCYCLE_ACCIDENT,TRUCK_ACCIDENT,NOT_PRIVATE_PROPERTY,ALCOHOL_INVOLVED,STWD_VEHTYPE_AT_FAULT,CHP_VEHTYPE_AT_FAULT,COUNT_SEVERE_INJ,COUNT_VISIBLE_INJ,COUNT_COMPLAINT_PAIN,COUNT_PED_KILLED,COUNT_PED_INJURED,COUNT_BICYCLIST_KILLED,COUNT_BICYCLIST_INJURED,COUNT_MC_KILLED,COUNT_MC_INJURED,PRIMARY_RAMP,SECONDARY_RAMP,LATITUDE,LONGITUDE,COUNTY,CITY,POINT_X,POINT_Y
9054461,2020,2020-05-28,3711,2020-02-08,2255,SD7470,NA,6,5,7,3711,0,0,0,NA,0,121,MISSION BL,SAN JUAN PL,0,NA,Y,B,-,N,NA,NA,NA,NA,NA,NA,NA,NA,NA,N,3,0,1,1,A,-,08,22107,NA,N,E,I,A,A,H,-,C,D,0,NA,NA,NA,NA,Y,Y,-,NA,0,1,0,0,0,0,0,0,0,-,-,NA,NA,SAN DIEGO,SAN DIEGO,-117.25260925292967,32.78041076660156
90544673,2017,2017-09-11,9680,2017-08-11,1225,020500,NA,5,1,9,3700,0,1,3,NA,1,051,STATE ROUTE 79,LOOKOUT ROAD,2112,N,N,A,-,Y,NA,NA,79,NA,NA,NA,NA,NA,NA,Y,1,1,0,1,A,-,03,22350,NA,N,E,I,A,A,H,-,A,A,0,NA,NA,Y,NA,Y,NA,C,02,0,0,0,0,0,0,0,1,0,-,-,32.96456,-116.57961,SAN DIEGO,UNINCORPORATED,-116.57968822,32.96456
90544698,2017,2017-09-11,9645,2017-07-17,2248,019410,NA,1,3,7,3711,0,1,3,NA,2,006,SR-94 E/B,25TH O/C,350,E,N,A,-,Y,NA,NA,94,NA,NA,NA,NA,NA,E,Y,3,0,2,3,A,-,03,22350,NA,N,C,C,A,A,H,-,C,D,0,NA,NA,NA,NA,Y,NA,A,07,0,1,1,0,0,0,0,0,0,-,-,32.71301,-117.13757,SAN DIEGO,SAN DIEGO,-117.13757045,32.71304887
90545336,2017,2017-09-12,9645,2017-08-30,1505,017524,NA,3,2,7,3711,0,1,3,NA,2,012,I-5 S/B FROM LA JOLLA PARKWAY,SR-52 O/C,528,S,N,A,-,Y,NA,NA,5,NA,NA,NA,R,NA,S,Y,4,0,1,2,A,-,03,22350,NA,N,C,C,A,A,H,-,A,A,0,NA,NA,NA,NA,Y,NA,A,01,0,0,1,0,0,0,0,0,0,-,-,32.83579,-117.23438,SAN DIEGO,SAN DIEGO,-117.23438,32.83579
90545835,2017,2017-09-12,9680,2017-09-05,1110,016102,NA,2,1,9,3700,0,1,1,NA,2,086,INTERSTATE 8 EASTBOUND (I-8 E/B),CARRIZO GORGE ROAD,3696,W,N,A,-,Y,NA,NA,8,NA,NA,NA,NA,NA,E,Y,3,0,1,1,A,-,08,22107,NA,N,E,I,A,A,H,-,A,A,0,NA,NA,NA,NA,Y,NA,D,23,0,1,0,0,0,0,0,0,0,-,-,32.64222,-116.17579,SAN DIEGO,UNINCORPORATED,-116.17579215,32.64221677
90546125,2017,2017-09-12,9650,2017-09-12,0530,013636,NA,2,3,5,3782,0,1,1,NA,2,007,I-5 N/B,SANTA FE DR,1320,S,N,A,-,Y,NA,NA,NA,NA,NA,NA,NA,NA,NA,Y,4,0,1,2,A,-,03,22350,NA,N,C,C,A,A,H,-,D,D,0,NA,NA,NA,NA,Y,NA,A,01,0,0,1,0,0,0,0,0,0,-,-,NA,NA,SAN DIEGO,ENCINITAS,-117.27916001,33.03309001
90546305,2017,2017-09-13,9650,2017-09-03,2359,021267,NA,7,3,9,3700,0,2,4,NA,2,061,SOUTH MISSION RD,LA CANADA RD,497,S,N,A,-,N,NA,NA,NA,NA,NA,NA,NA,NA,NA,Y,3,0,1,1,A,-,01,23152,F,N,E,I,A,A,H,-,D,D,0,NA,NA,NA,NA,Y,NA,A,01,0,1,0,0,0,0,0,0,0,-,-,33.30592,-117.22717,SAN DIEGO,UNINCORPORATED,-117.22743294,33.30721893
90548344,2017,2017-09-15,9645,2017-08-22,0815,016156,NA,2,1,7,3711,0,1,1,NA,2,010,I-8 W/B,MISSION CITY PARKWAY O/C,100,E,N,B,-,Y,NA,NA,8,NA,NA,NA,NA,NA,W,Y,4,0,1,2,A,-,03,22350,NA,N,C,C,A,A,H,-,A,D,0,NA,NA,NA,NA,Y,NA,D,22,0,0,1,0,0,0,0,0,0,-,-,32.77534,-117.12447,SAN DIEGO,SAN DIEGO,-117.12437939,32.77517648
90548386,2017,2017-09-15,9650,2017-09-07,2200,019549,NA,4,3,5,3712,0,1,3,NA,2,019,SR-78 E/B,SAN MARCOS BLVD,30,W,N,A,-,Y,NA,NA,78,NA,NA,NA,NA,NA,E,N,4,0,1,2,D,-,00,NA,NA,N,C,C,A,A,H,-,D,D,0,NA,NA,NA,NA,Y,NA,-,-,0,0,1,0,0,0,0,0,0,-,-,33.1379,-117.17677,SAN DIEGO,SAN MARCOS,-117.17677528,33.1378854
90548689,2017,2017-09-15,9645,2017-09-05,1819,017953,NA,2,2,7,3711,0,1,1,NA,2,007,I-5 N/B,CARMEL VALLEY ROAD U/C,1901,S,N,B,-,Y,NA,NA,5,NA,NA,NA,NA,NA,N,N,4,0,1,2,A,-,07,21658,A,N,B,C,A,A,H,-,A,D,0,NA,NA,NA,Y,Y,NA,G,25,0,0,1,0,0,0,0,0,0,-,-,32.92728,-117.23984,SAN DIEGO,SAN DIEGO,-117.23987573,32.92726821
90549873,2017,2017-09-18,9645,2017-07-02,1550,021651,NA,7,2,7,3711,0,1,1,NA,2,027,I-8 WB TO I-15 N/B,I-8,800,N,N,A,-,Y,NA,NA,8,NA,NA,NA,R,NA,W,Y,3,0,1,1,A,-,08,22107,NA,N,F,A,A,A,H,-,A,D,0,NA,NA,Y,NA,Y,NA,C,02,0,1,0,0,0,0,0,0,1,-,-,32.78079,-117.11279,SAN DIEGO,SAN DIEGO,-117.11279,32.78079
90550410,2017,2017-09-18,9680,2017-09-11,1100,015070,NA,1,1,9,3700,0,1,1,NA,2,083,I-8 E/B,LAKE JENNINGS PARK RD,1584,E,N,A,-,Y,NA,NA,8,NA,NA,NA,NA,NA,E,N,4,0,1,2,A,-,07,21658,A,N,C,C,A,A,H,-,A,D,0,NA,NA,NA,NA,Y,NA,D,22,0,0,1,0,0,0,0,0,0,-,-,32.84792,-116.87317,SAN DIEGO,UNINCORPORATED,-116.873124,32.84787354
90551531,2017,2017-09-19,9650,2017-09-15,1615,017328,NA,5,2,9,3700,0,1,1,NA,2,021,I-15 N/B,DULIN RD. U/C,1800,S,N,A,-,Y,NA,NA,15,NA,NA,NA,NA,NA,N,Y,4,0,2,3,A,-,03,22350,NA,N,C,C,A,A,H,-,A,D,0,NA,NA,NA,NA,Y,NA,A,01,0,0,2,0,0,0,0,0,0,-,-,33.31884,-117.15534,SAN DIEGO,UNINCORPORATED,-117.15535307,33.31883165
90551632,2017,2017-09-19,9645,2017-09-10,0815,019563,NA,7,1,7,3711,0,1,1,NA,2,010,I-8 E/B TO SR-163 N/B,I-8,535,N,N,A,-,Y,NA,NA,8,NA,NA,NA,R,NA,E,Y,2,0,1,1,A,-,03,22350,NA,N,F,A,A,A,H,-,A,D,0,NA,NA,Y,NA,Y,NA,C,02,1,0,0,0,0,0,0,0,1,-,-,32.76488,-117.16189,SAN DIEGO,SAN DIEGO,-117.16189,32.76488
90551941,2017,2017-09-20,9645,2017-07-12,1520,018950,NA,3,2,7,3711,0,1,1,NA,2,003,I-5 S/B,28TH STREET O/C,1056,N,N,A,-,Y,NA,NA,5,NA,NA,NA,NA,NA,S,Y,4,0,1,2,A,-,03,22350,NA,N,C,C,A,A,H,-,A,D,0,NA,NA,NA,NA,Y,NA,A,01,0,0,1,0,0,0,0,0,0,-,-,32.69764,-117.13799,SAN DIEGO,SAN DIEGO,-117.1379041,32.69776057
90553331,2017,2017-09-21,9645,2017-07-22,2040,021617,NA,6,2,7,3711,0,1,1,NA,2,009,I-805 TO 43RD STREET,43RD STREET PROLONGATION,1900,E,N,A,-,Y,NA,NA,805,NA,NA,NA,R,NA,NA,Y,3,0,1,1,A,-,08,22107,NA,N,F,A,A,A,H,-,D,D,0,NA,NA,NA,NA,Y,NA,A,01,0,1,0,0,0,0,0,0,0,-,-,32.69091,-117.09621,SAN DIEGO,SAN DIEGO,-117.09621,32.69091
90553367,2017,2017-09-21,9650,2017-09-10,0220,016103,NA,7,3,6,3710,0,1,1,NA,2,005,I-5 S/B,SR-78,1056,S,N,A,-,Y,NA,NA,5,NA,NA,NA,NA,NA,S,Y,4,0,1,1,A,-,01,23152,A,N,E,J,A,A,H,-,C,D,0,NA,NA,NA,NA,Y,Y,A,01,0,0,1,0,0,0,0,0,0,-,-,33.17458,-117.34972,SAN DIEGO,OCEANSIDE,-117.34965218,33.1746315
90553549,2017,2017-09-22,9650,2017-09-20,0740,013636,NA,3,1,9,3700,0,3,5,NA,2,070,PASEO DELICIAS,EL CAMINO DEL NORTE,0,NA,Y,B,-,N,NA,NA,NA,NA,NA,NA,NA,NA,NA,N,3,0,1,2,A,-,09,21801,A,N,D,G,A,A,H,-,A,A,0,NA,Y,NA,NA,Y,NA,A,01,0,1,0,0,0,0,1,0,0,-,-,NA,NA,SAN DIEGO,UNINCORPORATED,-117.18384001,33.03560001
90558151,2017,2017-09-28,9650,2017-09-21,1802,016936,NA,4,2,5,3701,0,1,1,NA,2,005,I-5 N/B,POINSETTIA LN,2640,S,N,B,-,Y,NA,NA,5,NA,NA,NA,NA,NA,N,Y,4,0,1,3,A,-,03,22350,NA,N,C,C,A,A,H,-,A,D,0,NA,NA,Y,NA,Y,NA,C,02,0,0,1,0,0,0,0,0,1,-,-,33.09617,-117.30575,SAN DIEGO,CARLSBAD,-117.3057076,33.09619782
9055900,2020,2020-03-24,3705,2020-02-22,1312,EC0219,NA,6,5,5,3705,0,0,0,NA,0,002,BROADWAY,N  MOLLISON AV,135,E,N,C,-,N,NA,NA,NA,NA,NA,NA,NA,NA,NA,Y,4,0,1,1,A,-,08,22107,NA,M,E,I,A,B,H,-,A,D,0,NA,NA,NA,NA,Y,NA,D,22,0,0,1,0,0,0,0,0,0,-,-,NA,NA,SAN DIEGO,EL CAJON,-116.95053100585938,32.807701110839844
90560430,2017,2017-10-02,9650,2017-09-23,1740,017328,NA,6,2,9,3700,0,3,5,NA,2,150,E. VISTA WAY,SR-76,200,S,N,A,-,N,NA,NA,NA,NA,NA,NA,NA,NA,NA,N,4,0,1,2,A,-,03,22350,NA,N,C,C,A,A,H,-,A,D,0,NA,NA,NA,NA,Y,NA,A,01,0,0,1,0,0,0,0,0,0,-,-,33.2575,-117.2367,SAN DIEGO,UNINCORPORATED,-117.2367,33.2575
90561641,2017,2017-10-03,9650,2017-09-25,1620,015446,NA,1,2,5,3712,0,1,3,NA,2,019,SR-78 EASTBOUND,RANCHO SANTA FE AVE,1000,W,N,A,-,Y,NA,NA,78,NA,NA,NA,NA,NA,E,N,4,0,1,2,A,-,03,22350,NA,N,C,C,A,A,H,-,A,D,0,NA,NA,NA,NA,Y,NA,A,01,0,0,1,0,0,0,0,0,0,-,-,33.15286,-117.2017,SAN DIEGO,SAN MARCOS,-117.20168655,33.15287586
9056321,2019,2020-03-17,3700,2019-12-28,1557,1126,NA,6,5,4,3720,0,0,0,NA,0,602,BROADWAY,MASSACHUSETTS AV,0,NA,Y,A,-,N,NA,NA,NA,NA,NA,NA,NA,NA,NA,N,4,0,1,2,D,-,00,NA,NA,N,D,C,A,A,H,-,A,A,0,NA,NA,NA,NA,Y,NA,-,-,0,0,1,0,0,0,0,0,0,-,-,NA,NA,SAN DIEGO,LEMON GROVE,-117.04286193847656,32.742618560791016
90565100,2017,2017-10-06,9650,2017-10-02,0740,015273,NA,1,1,6,3706,0,1,1,NA,2,023,I-15 S/B,VALLEY PKY,500,S,N,A,-,Y,NA,NA,15,NA,NA,NA,NA,NA,S,Y,4,0,1,2,A,-,03,22350,NA,N,C,C,A,A,H,-,A,D,0,NA,NA,NA,NA,Y,NA,A,01,0,0,1,0,0,0,0,0,0,-,-,33.11461,-117.0988,SAN DIEGO,ESCONDIDO,-117.09870661,33.11466414
90565282,2017,2017-10-09,9650,2017-10-04,1500,020673,NA,3,2,9,3700,0,3,5,NA,2,170,POINSETTIA AVE.,S. SANTA FE AVE,0,NA,Y,A,-,N,NA,NA,NA,NA,NA,NA,NA,NA,NA,Y,4,0,1,2,A,-,09,21802,A,N,D,C,A,A,H,-,A,A,0,NA,NA,NA,NA,Y,NA,A,01,0,0,1,0,0,0,0,0,0,-,-,33.16603,-117.2055,SAN DIEGO,UNINCORPORATED,-117.20547003,33.16601004
90566352,2017,2017-10-10,9645,2017-09-22,1955,018250,NA,5,2,7,3711,0,1,1,NA,2,010,I-8 W/B,TEXAS STREET,100,W,N,A,-,Y,NA,NA,8,NA,NA,NA,NA,NA,W,N,4,0,2,2,A,-,03,22350,NA,N,C,C,A,A,H,-,D,D,0,NA,NA,NA,NA,Y,NA,A,01,0,0,2,0,0,0,0,0,0,-,-,32.76945,-117.14185,SAN DIEGO,SAN DIEGO,-117.14183022,32.76939758
90566804,2017,2017-10-10,9680,2017-10-02,1805,020116,NA,1,2,9,3700,0,2,4,NA,1,026,JAMACHA RD,SWEETWATER RD,70,E,N,A,-,N,NA,NA,NA,NA,NA,NA,NA,NA,NA,N,4,0,1,2,A,-,03,22350,NA,N,C,C,A,A,H,-,A,A,0,NA,NA,NA,NA,Y,NA,A,07,0,0,1,0,0,0,0,0,0,-,-,32.71452,-117.01174,SAN DIEGO,UNINCORPORATED,-117.01249327,32.71476405
90566984,2017,2017-10-10,9680,2017-10-02,1530,019270,NA,1,2,5,3705,0,1,1,NA,2,081,I-8 E/B,MAGNOLIA AVE,200,W,N,A,-,Y,NA,NA,8,NA,NA,NA,NA,NA,E,Y,4,0,1,3,A,-,03,22350,NA,N,C,C,A,A,H,-,A,D,0,NA,NA,NA,NA,Y,NA,A,01,0,0,1,0,0,0,0,0,0,-,-,32.8031,-116.96302,SAN DIEGO,EL CAJON,-116.96304116,32.80289039
90566985,2017,2017-10-10,9680,2017-10-02,2020,021501,NA,1,2,9,3700,0,1,3,NA,1,051,SR-79,STAGE ROAD,2640,N,N,A,-,Y,NA,NA,79,NA,NA,NA,NA,NA,NA,Y,4,0,1,1,A,-,08,22107,NA,N,F,A,A,A,H,-,D,D,0,NA,NA,NA,NA,Y,NA,D,22,0,0,1,0,0,0,0,0,0,-,-,33.28674,-116.64384,SAN DIEGO,UNINCORPORATED,-116.64384127,33.28669288
90567990,2017,2017-10-11,9680,2017-10-03,0615,015070,NA,2,1,9,3700,0,3,5,NA,2,003,ARNOLD WAY,ALPINE VILLAGE DR,0,NA,Y,B,-,N,NA,NA,NA,NA,NA,NA,NA,NA,NA,N,4,0,1,2,A,-,10,21950,A,N,G,B,B,A,H,-,C,D,0,Y,NA,NA,NA,Y,NA,A,01,0,0,1,0,1,0,0,0,0,-,-,32.83604,-116.77031,SAN DIEGO,UNINCORPORATED,-116.77041999,32.83606011
90570002,2017,2017-10-13,9650,2017-10-03,0758,013452,NA,2,1,9,3700,0,1,1,NA,2,021,I-15 S/B,OLD HIGHWAY 395,4224,S,N,A,-,Y,NA,NA,NA,NA,NA,NA,NA,NA,NA,Y,4,0,1,2,A,-,07,21658,A,N,B,C,A,A,H,-,A,D,0,NA,NA,Y,NA,Y,NA,A,01,0,0,1,0,0,0,0,0,1,-,-,33.1634,-117.91635,SAN DIEGO,UNINCORPORATED,-117.1711903,33.37612105
90571383,2017,2017-10-16,9680,2017-10-07,0730,019729,NA,6,1,9,3700,0,2,4,NA,1,095,SAN VICENTE RD,DEVINEY LN,1584,E,N,A,-,N,NA,NA,NA,NA,NA,NA,NA,NA,NA,N,3,0,1,2,A,-,08,22107,NA,N,B,G,A,A,H,-,A,D,0,NA,Y,NA,NA,Y,NA,A,01,0,1,0,0,0,0,1,0,0,-,-,33.00021,-116.86223,SAN DIEGO,UNINCORPORATED,-116.85965247,32.99853269
90574013,2017,2017-10-19,9645,2017-10-09,0410,020301,NA,1,3,7,3711,0,1,3,NA,2,016,SR-52 W/B,SANTO RD,500,W,N,A,-,Y,NA,NA,52,NA,NA,NA,NA,NA,W,Y,3,0,1,2,A,-,03,22350,NA,N,C,C,A,A,H,-,D,D,0,NA,NA,NA,NA,Y,NA,A,07,0,1,0,0,0,0,0,0,0,-,-,32.84104,-117.10357,SAN DIEGO,SAN DIEGO,-117.10354604,32.84165035
90574458,2017,2017-10-19,9680,2017-10-11,0643,015877,NA,3,1,5,3708,0,1,1,NA,2,081,I-8 W/B,SPRING ST.,1056,E,N,A,-,Y,NA,NA,8,NA,NA,NA,NA,NA,W,N,4,0,1,2,A,-,03,22350,NA,N,C,C,A,A,H,-,A,D,0,NA,NA,NA,NA,Y,NA,A,07,0,0,1,0,0,0,0,0,0,-,-,32.77135,-117.01959,SAN DIEGO,LA MESA,-117.01961862,32.77143417
90575122,2017,2017-10-20,9680,2017-10-12,1145,015070,NA,4,1,9,3700,0,3,5,NA,2,002,JAMUL DR,COTTONWOOD SPRINGS LN,754,W,N,A,-,N,NA,NA,NA,NA,NA,NA,NA,NA,NA,N,3,0,1,1,A,-,08,22107,NA,N,E,I,A,A,H,-,A,D,0,NA,NA,NA,NA,Y,NA,A,01,0,1,0,0,0,0,0,0,0,-,-,32.74039,-116.90595,SAN DIEGO,UNINCORPORATED,-116.91115304,32.74060565
90575425,2017,2017-10-23,9645,2017-05-29,1810,021680,NA,1,2,7,3711,0,1,1,NA,2,001,I-5 SOUTHBOUND,US MEXICO BORDERLINE,615,N,N,A,-,Y,NA,NA,NA,NA,NA,NA,NA,NA,NA,Y,2,0,1,1,A,-,03,22350,NA,N,E,I,A,A,H,-,A,D,0,NA,NA,NA,NA,Y,NA,A,01,1,0,0,0,0,0,0,0,0,-,-,32.54314,-117.03085,SAN DIEGO,SAN DIEGO,NA,NA
90575445,2017,2017-10-23,9645,2017-09-16,1745,020541,NA,6,2,7,3711,0,1,1,NA,2,021,I-15 N/B,FRIARS RD,130,S,N,A,-,Y,NA,NA,15,NA,NA,NA,NA,NA,N,Y,3,0,3,2,A,-,03,22350,NA,N,C,C,A,A,H,-,A,D,0,NA,NA,NA,NA,Y,NA,A,01,0,1,2,0,0,0,0,0,0,-,-,32.78863,-117.11362,SAN DIEGO,SAN DIEGO,-117.11373036,32.78867398
90575449,2017,2017-10-23,9645,2017-09-20,1320,017723,NA,3,1,7,3711,0,1,1,NA,2,009,SR-905 EB,SMYTHE AVE.,430,W,N,A,-,Y,NA,NA,905,NA,NA,NA,NA,NA,E,Y,4,0,1,2,A,-,01,23152,A,N,D,C,A,A,H,-,A,D,0,NA,NA,NA,Y,Y,Y,A,01,0,0,1,0,0,0,0,0,0,-,-,32.5681,-117.0517,SAN DIEGO,SAN DIEGO,-117.05169997,32.56810966
90575916,2017,2017-10-23,9645,2017-10-11,1650,018428,NA,3,2,7,3711,0,1,1,NA,2,003,I-5 N/B,PACIFIC HIGHWAY O/C,600,S,N,A,-,Y,NA,NA,5,NA,NA,NA,NA,NA,N,N,4,0,1,2,A,-,03,22350,NA,N,C,C,A,A,H,-,A,D,0,NA,NA,NA,NA,Y,NA,A,01,0,0,1,0,0,0,0,0,0,-,-,32.73057,-117.1704,SAN DIEGO,SAN DIEGO,-117.17046825,32.73050979
90576231,2017,2017-10-23,9650,2017-10-12,0625,013570,NA,4,1,6,3706,0,1,3,NA,2,019,SR-78 E/B,NORDAHL RD,1000,E,N,A,-,Y,NA,NA,78,NA,NA,NA,NA,NA,E,N,3,0,1,5,A,-,03,22350,NA,M,C,C,A,A,H,-,D,D,0,NA,NA,NA,NA,Y,NA,A,01,0,1,0,0,0,0,0,0,0,-,-,33.12931,-117.11544,SAN DIEGO,ESCONDIDO,-117.11542389,33.129347
90577001,2017,2017-10-24,9645,2017-10-12,2135,019577,NA,4,2,7,3711,0,1,1,NA,2,015,I-805 N/B TO SR-52 E/B,SR-52,180,S,N,B,-,Y,NA,NA,NA,NA,NA,NA,NA,NA,NA,Y,3,0,1,1,A,-,08,22107,NA,N,F,A,A,A,H,-,D,D,0,NA,NA,Y,NA,Y,NA,C,02,0,1,0,0,0,0,0,0,1,-,-,32.5047,-117.1029,SAN DIEGO,SAN DIEGO,-117.17779,32.84736
90581037,2017,2017-10-27,9680,2017-10-17,1734,021756,NA,2,2,9,3700,0,1,1,NA,2,082,I-8 E/B,GREENFIELD DR,2640,E,N,A,-,Y,NA,NA,8,NA,NA,NA,NA,NA,E,Y,4,0,2,2,A,-,03,22350,NA,N,C,C,A,A,H,-,A,D,0,NA,NA,NA,NA,Y,NA,A,01,0,0,2,0,0,0,0,0,0,-,-,32.81752,-116.91163,SAN DIEGO,UNINCORPORATED,-116.91167446,32.81756383
90581633,2017,2017-10-30,9645,2017-10-20,0915,018223,NA,5,1,7,3711,0,1,3,NA,2,022,SR-56 WB,I-15,1400,W,N,B,-,Y,NA,NA,56,NA,NA,NA,NA,NA,W,Y,2,0,1,1,A,-,08,22107,NA,N,E,I,A,B,H,-,A,D,0,NA,NA,NA,NA,Y,NA,A,01,1,0,0,0,0,0,0,0,0,-,-,32.96334,-117.1003,SAN DIEGO,SAN DIEGO,-117.10026105,32.96323826
90581654,2017,2017-10-30,9650,2017-10-21,0045,018406,NA,6,3,9,3700,0,3,5,NA,2,070,EL CAMINO DEL NORTE,LAGO LINDO,780,W,N,A,-,N,NA,NA,NA,NA,NA,NA,NA,NA,NA,Y,3,0,2,1,A,-,01,23152,F,N,E,I,A,A,H,-,D,D,0,NA,NA,NA,NA,Y,NA,A,01,0,2,0,0,0,0,0,0,0,-,-,33.04286,-117.19272,SAN DIEGO,UNINCORPORATED,-117.19155444,33.04355755
90581805,2017,2017-10-30,9650,2017-10-25,1515,019227,NA,3,2,9,3700,0,3,5,NA,1,212,FRUITVALE RD,FOX RUN LN,265,E,N,A,-,N,NA,NA,NA,NA,NA,NA,NA,NA,NA,Y,2,0,3,2,A,-,09,21804,A,N,D,C,A,A,H,-,A,D,0,NA,NA,NA,NA,Y,NA,A,08,2,0,1,0,0,0,0,0,0,-,-,33.24251,-116.99896,SAN DIEGO,UNINCORPORATED,-116.99904688,33.24249639
90582012,2017,2017-10-30,9650,2017-10-23,0415,019191,NA,1,3,5,3782,0,1,1,NA,2,007,I-5 N/B,LEUCADIA BLVD,2000,S,N,A,-,Y,NA,NA,5,NA,NA,NA,NA,NA,N,Y,4,0,1,2,A,-,03,22350,NA,F,C,D,A,A,H,-,D,D,0,NA,NA,NA,NA,Y,NA,-,99,0,0,1,0,0,0,0,0,0,-,-,33.06026,-117.29069,SAN DIEGO,ENCINITAS,-117.29066083,33.06026873
90582969,2017,2017-10-30,9680,2017-10-20,1635,018583,NA,5,2,5,3705,0,1,1,NA,2,082,I-8 E/B,E. MAIN ST,1056,E,N,A,-,Y,NA,NA,8,NA,NA,NA,NA,NA,E,N,4,0,1,2,A,-,03,22350,NA,N,C,C,A,A,H,-,A,D,0,NA,NA,NA,NA,Y,NA,A,01,0,0,1,0,0,0,0,0,0,-,-,32.80428,-116.92302,SAN DIEGO,EL CAJON,-116.92299041,32.80422602
90583652,2017,2017-10-31,9680,2017-10-12,1530,014949,NA,4,2,9,3700,0,3,5,NA,2,006,BUCKMAN SPRINGS RD,LAKE MORENA DR,300,S,N,A,-,N,NA,NA,NA,NA,NA,NA,NA,NA,NA,Y,1,1,0,1,A,-,08,22107,NA,N,F,A,A,A,H,-,A,D,0,NA,NA,NA,NA,Y,NA,A,01,0,0,0,0,0,0,0,0,0,-,-,32.645,-116.48693,SAN DIEGO,UNINCORPORATED,-116.48682467,32.64492515
90584810,2017,2017-11-01,9645,2017-07-15,2345,020939,NA,6,3,7,3711,0,1,1,NA,2,021,STATE ROUTE 15 SOUTHBOUND,INTERSTATE 805 (O/C),62,N,N,A,-,Y,NA,NA,15,NA,NA,NA,NA,NA,S,Y,1,1,0,1,A,-,01,23152,A,N,E,I,A,A,H,-,D,D,0,NA,NA,NA,NA,Y,Y,D,22,0,0,0,0,0,0,0,0,0,-,-,32.7329,-117.1119,SAN DIEGO,SAN DIEGO,-117.11195821,32.73288572
90585659,2017,2017-11-02,9645,2017-11-01,0126,019291,NA,3,3,7,3711,0,1,1,NA,2,005,I-5 S/B,OLD TOWN AVE,250,S,N,A,-,Y,NA,NA,5,NA,NA,NA,NA,NA,S,Y,3,0,1,2,A,-,03,22350,NA,N,C,C,A,A,H,-,C,D,0,NA,NA,NA,NA,Y,NA,A,01,0,1,0,0,0,0,0,0,0,-,-,32.7473,-117.19303,SAN DIEGO,SAN DIEGO,-117.19300657,32.74734303
9058636,2020,2020-06-12,3706,2020-02-15,1719,0532,ESCON,6,5,6,3706,0,0,0,NA,0,041,CONWAY DR,STANLEY AV,0,NA,Y,A,-,N,NA,NA,NA,NA,NA,NA,NA,NA,NA,Y,3,0,3,2,A,-,08,22107,NA,N,D,C,A,A,H,-,A,D,0,NA,NA,NA,NA,Y,NA,A,01,0,2,1,0,0,0,0,0,0,-,-,33.16106033325195,-117.0810775756836,SAN DIEGO,ESCONDIDO,-117.0719985961914,33.14445877075195
90586443,2017,2017-11-03,9645,2017-10-13,1615,020997,NA,5,2,5,3709,0,1,3,NA,2,008,SR-54 E/B,HIGHLAND AVENUE,1000,W,N,A,-,Y,NA,NA,54,NA,NA,NA,NA,NA,E,Y,4,0,1,2,A,-,03,22350,NA,N,C,C,A,A,H,-,A,D,0,NA,NA,NA,NA,Y,NA,A,07,0,0,1,0,0,0,0,0,0,-,-,32.65298,-117.09356,SAN DIEGO,NATIONAL CITY,-117.09357714,32.65303904
9058766,2020,2020-05-14,3705,2020-02-03,1509,0404,NA,1,5,5,3705,0,0,0,NA,0,002,E MADISON,N MAGNOLIA,0,NA,Y,A,-,N,NA,NA,NA,NA,NA,NA,NA,NA,NA,NA,4,0,1,2,A,-,12,21453,A,N,D,C,A,A,H,-,A,A,0,NA,NA,NA,NA,Y,NA,A,01,0,0,1,0,0,0,0,0,0,-,-,NA,NA,SAN DIEGO,EL CAJON,-116.96237182617188,32.80086898803711
9058790,2020,2020-05-14,3700,2020-02-27,1230,2439,NA,4,5,5,3713,0,0,0,NA,0,3030,E BOBLER DR,EAST VISTA WY,270,W,N,A,-,N,NA,NA,NA,NA,NA,NA,NA,NA,NA,N,4,0,1,2,A,-,09,21804,A,N,D,C,A,A,H,-,A,D,0,NA,NA,NA,NA,Y,NA,A,01,0,0,1,0,0,0,0,0,0,-,-,NA,NA,SAN DIEGO,VISTA,-117.2270965576172,33.217193603515625