CASE_ID,ACCIDENT_YEAR,PROC_DATE,JURIS,COLLISION_DATE,COLLISION_TIME,OFFICER_ID,REPORTING_DISTRICT,DAY_OF_WEEK,CHP_SHIFT,POPULATION,CNTY_CITY_LOC,SPECIAL_COND,BEAT_TYPE,CHP_BEAT_TYPE,CITY_DIVISION_LAPD,CHP_BEAT_CLASS,BEAT_NUMBER,PRIMARY_RD,SECONDARY_RD,DISTANCE,DIRECTION,INTERSECTION,WEATHER_1,WEATHER_2,STATE_HWY_IND,CALTRANS_COUNTY,CALTRANS_DISTRICT,STATE_ROUTE,ROUTE_SUFFIX,POSTMILE_PREFIX,POSTMILE,LOCATION_TYPE,RAMP_INTERSECTION,SIDE_OF_HWY,TOW_AWAY,COLLISION_SEVERITY,NUMBER_KILLED,NUMBER_INJURED,PARTY_COUNT,PRIMARY_COLL_FACTOR,PCF_CODE_OF_VIOL,PCF_VIOL_CATEGORY,PCF_VIOLATION,PCF_VIOL_SUBSECTION,HIT_AND_RUN,TYPE_OF_COLLISION,MVIW,PED_ACTION,ROAD_SURFACE,ROAD_COND_1,ROAD_COND_2,LIGHTING,CONTROL_DEVICE,CHP_ROAD_TYPE,PEDESTRIAN_ACCIDENT,BICYCLE_ACCIDENT,MOTORCYCLE_ACCIDENT,TRUCK_ACCIDENT,NOT_PRIVATE_PROPERTY,ALCOHOL_INVOLVED,STWD_VEHTYPE_AT_FAULT,CHP_VEHTYPE_AT_FAULT,COUNT_SEVERE_INJ,COUNT_VISIBLE_INJ,COUNT_COMPLAINT_PAIN,COUNT_PED_KILLED,COUNT_PED_INJURED,COUNT_BICYCLIST_KILLED,COUNT_BICYCLIST_INJURED,COUNT_MC_KILLED,COUNT_MC_INJURED,PRIMARY_RAMP,SECONDARY_RAMP,LATITUDE,LONGITUDE,COUNTY,CITY,POINT_X,POINT_Y
91074198,2019,2019-09-13,9650,2019-09-08,1020,017328,NA,7,1,6,3706,0,1,1,NA,2,023,I-15 S/B,9TH AVE.,20,S,N,A,-,Y,NA,NA,15,NA,NA,NA,NA,NA,S,Y,3,0,3,2,A,-,03,22350,NA,N,C,C,A,A,H,-,A,D,0,NA,NA,NA,NA,Y,NA,A,01,0,1,2,0,0,0,0,0,0,-,-,33.10824966430664,-117.09487152099608,SAN DIEGO,ESCONDIDO,-117.09493255615234,33.10821533203125
91074542,2019,2019-09-13,9645,2019-09-04,0800,016838,NA,3,1,7,3711,0,1,3,NA,2,006,SR-94 W/B,EUCLID AVE,600,W,N,A,-,Y,NA,NA,94,NA,NA,NA,NA,NA,W,N,4,0,1,2,A,-,03,22350,NA,N,C,C,A,A,H,-,A,D,0,NA,NA,Y,NA,Y,NA,C,02,0,0,1,0,0,0,0,0,1,-,-,32.717899322509766,-117.08808135986328,SAN DIEGO,SAN DIEGO,-117.08808135986328,32.717899322509766
91075737,2019,2019-09-16,9680,2019-09-05,1720,020780,NA,4,2,9,3700,0,1,3,NA,1,017,SR-67 S/B,FOSTER TRUCK TRAIL,400,S,N,A,-,Y,NA,NA,67,NA,NA,NA,NA,NA,S,Y,4,0,3,3,A,-,03,22350,NA,N,C,C,A,A,H,-,A,D,0,NA,NA,NA,NA,Y,NA,A,01,0,0,3,0,0,0,0,0,0,-,-,32.93968963623047,-116.95545196533205,SAN DIEGO,UNINCORPORATED,-116.95539855957033,32.939701080322266
91077225,2019,2019-09-18,9680,2019-09-06,0940,018356,NA,5,1,9,3700,0,3,5,NA,2,002,SKYLINE TRUCK TRAIL,WISECARVER TRUCK TRAIL,154,W,N,A,-,N,NA,NA,NA,NA,NA,NA,NA,NA,NA,Y,3,0,1,2,A,-,03,22350,NA,N,C,C,A,A,H,-,A,D,0,NA,NA,Y,NA,Y,NA,C,02,0,1,0,0,0,0,0,0,1,-,-,32.72544860839844,-116.764892578125,SAN DIEGO,UNINCORPORATED,-116.76495361328124,32.72543716430664
91079148,2019,2019-09-20,9645,2019-07-07,1226,021873,NA,7,1,5,3709,0,1,1,NA,2,001,I-5 NB,MILE OF CARS WAY,1584,S,N,A,-,Y,NA,NA,5,NA,NA,NA,NA,NA,N,Y,3,0,2,3,A,-,03,22350,NA,N,E,J,A,A,H,-,A,D,0,NA,NA,NA,NA,Y,NA,D,22,0,1,1,0,0,0,0,0,0,-,-,32.65591049194336,-117.1060028076172,SAN DIEGO,NATIONAL CITY,-117.10610198974608,32.65586471557617
91079264,2019,2019-09-20,9645,2019-09-11,0959,015698,NA,3,1,7,3711,0,1,1,NA,2,009,I-805 NB,OCEANVIEW BLVD.,160,S,N,A,-,Y,NA,NA,805,NA,NA,NA,NA,NA,N,Y,3,0,1,3,A,-,03,22350,NA,N,C,C,A,A,H,-,A,D,0,NA,NA,NA,NA,Y,NA,A,08,0,1,0,0,0,0,0,0,0,-,-,32.69953155517578,-117.0947036743164,SAN DIEGO,SAN DIEGO,-117.0947723388672,32.69953155517578
9108181,2020,2020-08-28,3711,2020-06-06,2200,SD7285,NA,6,5,7,3711,0,0,0,NA,0,832,UNIVERSITY AV,41ST ST,0,NA,Y,B,-,N,NA,NA,NA,NA,NA,NA,NA,NA,NA,Y,4,0,1,2,A,-,09,21801,A,N,D,C,A,A,H,-,C,A,0,NA,NA,NA,NA,Y,Y,A,07,0,0,1,0,0,0,0,0,0,-,-,NA,NA,SAN DIEGO,SAN DIEGO,-117.10694122314452,32.749691009521484
91087031,2019,2019-09-30,9650,2019-04-25,0457,017328,NA,4,3,9,3700,0,3,5,NA,2,070,LOMAS SANTA FE DR,LA FLORESTA,82,W,N,A,-,N,NA,NA,NA,NA,NA,NA,NA,NA,NA,Y,3,0,1,1,A,-,03,22350,NA,M,E,I,A,A,H,-,D,D,0,NA,NA,NA,NA,Y,NA,A,01,0,1,0,0,0,0,0,0,0,-,-,33.9959716796875,-117.22988128662108,SAN DIEGO,UNINCORPORATED,-117.2298583984375,32.996036529541016
91087996,2019,2019-10-01,9645,2019-09-07,1136,018223,NA,6,1,7,3711,0,1,1,NA,2,011,I-805 NB,FEDERAL BLVD,100,S,N,A,-,Y,NA,NA,805,NA,NA,NA,NA,NA,N,Y,2,0,1,3,A,-,03,22350,NA,N,C,C,A,A,H,-,A,D,0,NA,NA,Y,NA,Y,NA,E,22,1,0,0,0,0,0,0,0,1,-,-,32.72611999511719,-117.10328674316406,SAN DIEGO,SAN DIEGO,-117.10341644287108,32.72606658935547
91088534,2019,2019-10-02,9680,2019-09-20,1115,015410,NA,5,1,9,3700,0,1,3,NA,1,017,SR-67 S/B,WILLOW RD.,150,N,N,A,-,Y,NA,NA,67,NA,NA,NA,NA,NA,S,Y,4,0,2,3,A,-,03,22350,NA,N,C,C,A,A,H,-,A,A,0,NA,NA,NA,NA,Y,NA,D,22,0,0,2,0,0,0,0,0,0,-,-,32.874149322509766,-116.92442321777344,SAN DIEGO,UNINCORPORATED,-116.92445373535156,32.874141693115234
91094891,2019,2019-10-10,9650,2019-10-06,1750,017780,NA,7,2,9,3700,0,3,5,NA,2,070,"EL CAMINO DEL NORTE, 6400 BLOCK",VIA ROSWITHA,1584,E,N,A,-,N,NA,NA,NA,NA,NA,NA,NA,NA,NA,Y,2,0,2,2,A,-,01,23152,A,N,A,C,A,A,H,-,A,A,0,NA,NA,NA,NA,Y,Y,A,01,1,1,0,0,0,0,0,0,0,-,-,33.04164123535156,-117.19683074951172,SAN DIEGO,UNINCORPORATED,-117.1972198486328,33.042057037353516
91095326,2019,2019-10-11,9680,2019-10-01,0803,015972,NA,2,1,9,3700,0,1,3,NA,2,015,SR-52 W/B,OLIVE LANE,80,E,N,A,-,Y,NA,NA,NA,NA,NA,NA,NA,NA,NA,N,4,0,1,2,A,-,07,21658,A,N,B,C,A,A,H,-,A,A,0,NA,NA,NA,NA,Y,NA,A,01,0,0,1,0,0,0,0,0,0,-,-,32.834678649902344,-116.98835754394533,SAN DIEGO,UNINCORPORATED,-116.98847198486328,32.83467483520508
91096050,2019,2019-10-14,9650,2019-10-12,1540,022031,NA,6,2,9,3700,0,1,3,NA,1,028,SR-76,RED GATE RD,645,E,N,A,-,Y,NA,NA,76,NA,NA,NA,NA,NA,NA,Y,3,0,2,2,A,-,08,22107,NA,N,E,I,A,A,H,-,A,D,0,NA,NA,Y,NA,Y,NA,C,02,0,1,1,0,0,0,0,0,2,-,-,33.30194091796875,-116.91380310058594,SAN DIEGO,UNINCORPORATED,-116.91375732421876,33.301937103271484
91096484,2019,2019-10-14,9680,2019-10-02,1030,016102,NA,3,1,9,3700,0,3,5,NA,2,006,POTRERO VALLEY ROAD,ROUND POTRERO ROAD,528,N,N,A,-,N,NA,NA,NA,NA,NA,NA,NA,NA,NA,Y,3,0,1,1,A,-,01,23152,A,N,E,I,A,A,H,-,A,A,0,NA,NA,NA,NA,Y,Y,A,01,0,1,0,0,0,0,0,0,0,-,-,32.625160217285156,-116.6135482788086,SAN DIEGO,UNINCORPORATED,-116.61353302001952,32.62452697753906
91096977,2019,2019-10-14,9650,2019-09-01,1203,016103,NA,7,1,9,3700,0,3,5,NA,2,006,BURMA RD.,BURMA SPUR (PRIVATE ROAD),0,NA,Y,A,-,N,NA,NA,NA,NA,NA,NA,NA,NA,NA,Y,3,0,2,2,A,-,03,22350,NA,F,C,C,A,A,H,-,A,D,0,NA,NA,NA,NA,Y,NA,A,01,0,2,0,0,0,0,0,0,0,-,-,33.321868896484375,-117.2580108642578,SAN DIEGO,UNINCORPORATED,-117.25791931152344,33.32183837890625
91097054,2019,2019-11-18,9645,2019-10-03,1450,015790,NA,4,2,9,3700,0,3,5,NA,2,024,CAMINO DEL NORTE (EB),4S RANCH PARKWAY,570,W,N,A,-,N,NA,NA,NA,NA,NA,NA,NA,NA,NA,Y,3,0,2,2,A,-,03,22350,NA,N,C,C,A,A,H,-,A,D,0,NA,NA,NA,NA,Y,NA,A,01,0,2,0,0,0,0,0,0,0,-,-,33.02185821533203,-117.27313995361328,SAN DIEGO,UNINCORPORATED,-117.11713409423828,33.018497467041016
9110032,2020,2020-08-24,3711,2020-06-08,0940,SD7087,NA,1,5,7,3711,0,0,0,NA,0,122,GARNET AV,MISSION BL,0,NA,Y,A,-,N,NA,NA,NA,NA,NA,NA,NA,NA,NA,N,4,0,2,3,A,-,17,21451,A,N,G,B,B,A,H,-,A,A,0,Y,NA,NA,NA,Y,NA,A,01,0,0,2,0,2,0,0,0,0,-,-,NA,NA,SAN DIEGO,SAN DIEGO,-117.2554931640625,32.79658126831055
91102190,2019,2019-10-21,9680,2019-10-20,1638,021441,NA,7,2,9,3700,0,1,3,NA,1,040,SR-94,BARRETT SMITH RD,4224,E,N,A,-,Y,NA,NA,94,NA,NA,NA,NA,NA,NA,Y,2,0,1,1,A,-,08,22107,NA,N,E,I,A,A,H,-,A,A,0,NA,NA,Y,NA,Y,NA,C,02,1,0,0,0,0,0,0,0,1,-,-,32.594181060791016,-116.66895294189452,SAN DIEGO,UNINCORPORATED,-116.66896057128906,32.59419631958008
91102210,2019,2019-10-21,9680,2019-10-10,0730,022106,NA,4,1,9,3700,0,1,1,NA,2,086,I-8 W/B,RIBBONWOOD RD,4224,E,N,A,-,Y,NA,NA,8,NA,NA,NA,NA,NA,W,Y,3,0,1,2,A,-,03,22350,NA,N,C,C,A,A,H,-,A,D,0,NA,NA,NA,Y,Y,NA,F,25,0,1,0,0,0,0,0,0,0,-,-,32.673248291015625,-116.27777862548828,SAN DIEGO,UNINCORPORATED,-116.27779388427734,32.67319869995117
9110433,2020,2020-09-02,3711,2020-06-23,1809,8377,NA,2,5,7,3711,0,0,0,NA,0,514,25TH ST,ISLA\ND,25,N,N,A,-,N,NA,NA,NA,NA,NA,NA,NA,NA,NA,N,4,0,1,1,A,-,03,22350,NA,M,F,A,A,-,H,-,A,D,0,NA,NA,Y,NA,Y,NA,C,02,0,0,1,0,0,0,0,0,1,-,-,NA,NA,SAN DIEGO,SAN DIEGO,-117.1402587890625,32.71062088012695
91106956,2019,2019-10-25,9650,2019-10-15,1650,017743,NA,2,2,9,3700,0,1,1,NA,2,022,I-15 N/B,MISSION RD,4224,S,N,A,-,Y,NA,NA,15,NA,NA,NA,NA,NA,N,Y,4,0,1,2,A,-,03,22350,NA,N,C,C,A,A,H,-,A,D,0,NA,NA,NA,NA,Y,NA,A,08,0,0,1,0,0,0,0,0,0,-,-,33.37638854980469,-117.17075347900392,SAN DIEGO,UNINCORPORATED,-117.17091369628906,33.37627029418945
91108046,2019,2019-10-28,9650,2019-10-16,0155,021077,NA,3,3,5,3782,0,1,1,NA,2,007,I-5 S/B,ENCINITAS BLVD,690,N,N,A,-,Y,NA,NA,5,NA,NA,NA,NA,NA,S,Y,2,0,1,1,A,-,01,23152,A,N,E,I,A,A,D,-,C,A,0,NA,NA,NA,NA,Y,Y,A,01,1,0,0,0,0,0,0,0,0,-,-,33.0531005859375,-117.28875732421876,SAN DIEGO,ENCINITAS,-117.28878021240234,33.05309295654297
91108827,2019,2019-10-29,9680,2019-10-19,1155,019910,NA,6,1,9,3700,0,3,5,NA,2,002,CALLE VERDE,AVOCADO BLVD,270,E,N,A,-,N,NA,NA,NA,NA,NA,NA,NA,NA,NA,Y,3,0,1,2,A,-,09,21804,A,N,F,A,A,A,H,-,A,A,0,NA,NA,Y,NA,Y,NA,A,01,0,1,0,0,0,0,0,0,1,-,-,32.748199462890625,-116.96099853515624,SAN DIEGO,UNINCORPORATED,-116.96112823486328,32.748291015625
91108965,2019,2019-10-29,9650,2019-10-25,1400,016516,NA,5,2,9,3700,0,1,1,NA,2,022,I-15 N/B,STEWART CANYON RD,5280,S,N,A,-,Y,NA,NA,15,NA,NA,NA,NA,NA,N,N,4,0,1,2,A,-,03,22350,NA,N,C,C,A,A,H,-,A,D,0,NA,NA,NA,NA,Y,NA,A,07,0,0,1,0,0,0,0,0,0,-,-,33.36404037475586,-117.1605987548828,SAN DIEGO,UNINCORPORATED,-117.1605987548828,33.36404037475586
91109157,2019,2020-04-27,9650,2019-09-24,1925,018294,NA,2,2,9,3700,0,3,5,NA,2,230,VIA RANCHO PARKWAY,PURER RD.,304,E,N,A,-,N,NA,NA,NA,NA,NA,NA,NA,NA,NA,Y,1,1,0,2,A,-,11,21954,A,N,G,B,D,A,H,-,D,D,0,Y,NA,NA,NA,Y,NA,N,60,0,0,0,1,0,0,0,0,0,-,-,33.078121185302734,-117.09850311279295,SAN DIEGO,UNINCORPORATED,-117.0986099243164,33.07817077636719
91110254,2019,2019-10-30,9645,2019-10-22,1829,020992,NA,2,2,7,3711,0,1,1,NA,2,005,I-5 SOUTHBOUND,WASHINGTON STREET,200,N,N,A,-,Y,NA,NA,NA,NA,NA,NA,NA,NA,NA,Y,4,0,1,3,A,-,03,22350,NA,N,C,C,A,A,H,-,D,D,0,NA,NA,NA,NA,Y,NA,A,01,0,0,1,0,0,0,0,0,0,-,-,32.78921127319336,-117.89279174804688,SAN DIEGO,SAN DIEGO,-117.18310546875,32.742671966552734
91111595,2019,2019-11-01,9645,2019-10-29,0740,017717,NA,2,1,7,3711,0,1,1,NA,2,005,I-5 S/B,PALM ST PEDESTRIAN O/C,260,N,N,A,-,Y,NA,NA,5,NA,NA,NA,NA,NA,S,Y,4,0,1,2,A,-,03,22350,NA,N,C,C,A,A,H,-,A,D,0,NA,NA,NA,NA,Y,NA,A,07,0,0,1,0,0,0,0,0,0,-,-,32.7341194152832,-117.17414855957033,SAN DIEGO,SAN DIEGO,-117.17401885986328,32.73423767089844
9111173,2020,2020-11-03,3706,2020-05-27,1439,1861,NA,3,5,6,3706,0,0,0,NA,0,045,WASHINGTON AV,QUINCE ST,0,NA,Y,A,-,N,NA,NA,NA,NA,NA,NA,NA,NA,NA,N,4,0,2,2,A,-,09,21801,A,N,A,C,A,A,H,-,A,A,0,NA,NA,NA,NA,Y,NA,A,01,0,0,2,0,0,0,0,0,0,-,-,33.12432098388672,-117.09224700927734,SAN DIEGO,ESCONDIDO,-117.09195709228516,33.12443923950195
91112143,2019,2019-11-04,9650,2019-10-26,0633,018840,NA,6,1,9,3700,0,1,1,NA,2,003,I-5 S/B,DONALD COOK RD O/C,160,N,N,A,-,Y,NA,NA,5,NA,NA,NA,NA,NA,S,Y,3,0,1,2,A,-,07,21658,A,N,B,C,A,A,H,-,A,D,0,NA,NA,NA,NA,Y,NA,D,22,0,1,0,0,0,0,0,0,0,-,-,33.256561279296875,-117.42559051513672,SAN DIEGO,UNINCORPORATED,-117.425537109375,33.25659942626953
91112982,2019,2019-11-04,9650,2019-10-27,1840,021154,NA,7,2,9,3700,0,3,5,NA,2,170,S. SANTA FE AVE. S/B (1900 BLOCK),YORK DR,1320,N,N,F,-,N,NA,NA,NA,NA,NA,NA,NA,NA,NA,Y,3,0,2,1,A,-,01,23152,A,N,E,I,A,A,H,-,D,D,0,NA,NA,Y,NA,Y,Y,C,02,0,2,0,0,0,0,0,0,2,-,-,33.18064880371094,-117.21666717529295,SAN DIEGO,UNINCORPORATED,-117.21556854248048,33.17882537841797
91113048,2019,2019-11-04,9680,2019-10-18,0637,015578,NA,5,1,9,3700,0,2,4,NA,1,021,WILLOW GLEN DR.,SR-54 (JAMACHA RD.),480,E,N,A,-,N,NA,NA,NA,NA,NA,NA,NA,NA,NA,Y,4,0,1,2,A,-,07,21658,A,N,B,C,A,A,H,-,B,D,0,NA,NA,NA,NA,Y,NA,A,07,0,0,1,0,0,0,0,0,0,-,-,32.743858337402344,-116.92806243896484,SAN DIEGO,UNINCORPORATED,-116.92806243896484,32.743858337402344
91114106,2019,2019-11-05,9680,2019-10-20,1335,020116,NA,7,1,5,3705,0,1,1,NA,2,081,I-8 W/B,EL CAJON BLVD,20,E,N,A,-,Y,NA,NA,8,NA,NA,NA,NA,NA,W,Y,3,0,3,3,A,-,08,22107,NA,N,B,C,A,A,H,-,A,D,0,NA,NA,NA,NA,Y,NA,A,01,0,1,2,0,0,0,0,0,0,-,-,32.7828483581543,-116.98084259033205,SAN DIEGO,EL CAJON,-116.98108673095705,32.78299331665039
91114169,2019,2019-11-05,9680,2019-10-27,0235,021945,NA,7,3,9,3700,0,3,5,NA,2,002,WIEGHORST WAY,FURY LN,300,E,N,A,-,N,NA,NA,NA,NA,NA,NA,NA,NA,NA,Y,3,0,1,1,A,-,08,22107,NA,N,E,I,A,A,H,-,C,D,0,NA,NA,NA,NA,Y,Y,A,07,0,1,0,0,0,0,0,0,0,-,-,32.75175094604492,-116.94123840332033,SAN DIEGO,UNINCORPORATED,-116.94139099121094,32.7516975402832
91114622,2019,2019-11-06,9645,2019-10-26,0810,017139,NA,6,1,9,3700,0,3,5,NA,2,018,SWEETWATER RD E/B,BONITA RD,1500,W,N,A,-,Y,NA,NA,NA,NA,NA,NA,NA,NA,NA,Y,4,0,1,1,A,-,08,22107,NA,N,E,I,A,A,H,-,A,D,0,NA,NA,NA,NA,Y,NA,A,01,0,0,1,0,0,0,0,0,0,-,-,32.67829132080078,-117.01895904541016,SAN DIEGO,UNINCORPORATED,-117.02200317382813,32.676204681396484
91115447,2019,2019-11-07,9645,2019-10-28,1442,020265,NA,1,2,6,3702,0,1,1,NA,2,009,I-805 N/B TO MAIN ST. OFF RAMP,MAIN ST.,120,S,N,A,-,Y,NA,NA,805,NA,NA,NA,R,NA,N,Y,3,0,1,1,A,-,08,22107,NA,N,E,J,A,A,H,-,A,D,0,NA,NA,NA,NA,Y,NA,D,22,0,1,0,0,0,0,0,0,0,-,-,32.59400177001953,-117.03579711914063,SAN DIEGO,CHULA VISTA,-117.03579711914063,32.59400177001953
91115932,2019,2019-11-07,9645,2019-10-30,1550,016864,NA,3,2,7,3711,0,1,1,NA,2,015,I-805 S/B,NOBEL DRIVE O/C,30,S,N,A,-,Y,NA,NA,805,NA,NA,NA,NA,NA,S,Y,3,0,1,2,A,-,03,22350,NA,N,C,C,A,A,H,-,A,D,0,NA,NA,Y,NA,Y,NA,C,02,0,1,0,0,0,0,0,0,1,-,-,32.86956024169922,-117.19470977783205,SAN DIEGO,SAN DIEGO,-117.19480895996094,32.86946105957031
91117015,2019,2019-11-11,9650,2019-11-03,1455,021435,NA,7,2,9,3700,0,3,5,NA,1,212,COUSER CYN RD,CALLE ORO VERDE,323,N,N,A,-,N,NA,NA,NA,NA,NA,NA,NA,NA,NA,Y,3,0,1,1,A,-,03,22350,NA,N,F,A,A,A,H,-,A,D,0,NA,NA,Y,NA,Y,NA,C,02,0,1,0,0,0,0,0,0,1,-,-,33.300411224365234,-117.086669921875,SAN DIEGO,UNINCORPORATED,-117.08660125732422,33.300540924072266
9111855,2020,2020-08-12,3702,2020-05-11,1257,CV1277,NA,1,5,6,3702,0,0,0,NA,0,013,4TH AV,H ST,140,N,N,A,-,N,NA,NA,NA,NA,NA,NA,NA,NA,NA,Y,4,0,2,2,A,-,08,22107,NA,N,B,C,A,A,H,-,A,A,0,NA,NA,NA,NA,Y,NA,-,NA,0,0,2,0,0,0,0,0,0,-,-,NA,NA,SAN DIEGO,CHULA VISTA,-117.08145141601563,32.63361358642578
91119188,2019,2019-11-13,9645,2019-11-01,0052,021097,NA,5,3,7,3711,0,1,1,NA,2,007,I-5 N/B TO DEL MAR HEIGHTS RD,DEL MAR HEIGHTS RD,258,S,N,A,-,Y,NA,NA,5,NA,NA,NA,R,NA,N,Y,3,0,5,2,A,-,01,23152,A,N,C,C,A,A,H,-,C,D,0,NA,NA,NA,NA,Y,Y,A,01,0,5,0,0,0,0,0,0,0,-,-,32.94961929321289,-117.2426300048828,SAN DIEGO,SAN DIEGO,-117.2426300048828,32.94961929321289
91120817,2019,2019-11-15,9650,2019-11-05,2230,018386,NA,2,3,9,3700,0,1,1,NA,2,003,I-5 S/B,LAS PULGAS RD,11616,S,N,A,-,Y,NA,NA,NA,NA,NA,NA,NA,NA,NA,Y,4,0,1,1,A,-,08,22107,NA,N,F,I,A,A,H,-,D,D,0,NA,NA,NA,NA,Y,NA,A,01,0,0,1,0,0,0,0,0,0,-,-,33.21710968017578,-117.44100189208984,SAN DIEGO,UNINCORPORATED,NA,NA
91121213,2019,2019-11-15,9645,2019-11-05,1735,017104,NA,2,2,7,3711,0,1,3,NA,2,023,SR-163 N/B,WASHINGTON ST,500,N,N,A,-,Y,NA,NA,NA,NA,NA,NA,NA,NA,NA,N,4,0,1,2,A,-,03,22350,NA,N,C,C,A,A,H,-,C,D,0,NA,NA,NA,NA,Y,NA,A,07,0,0,1,0,0,0,0,0,0,-,-,NA,NA,SAN DIEGO,SAN DIEGO,-117.1557846069336,32.75160598754883
91121512,2019,2019-11-15,9645,2019-11-12,0705,015331,NA,2,1,7,3711,0,1,3,NA,2,022,SR-56 WESTBOUND,CAMINO DEL SUR,2112,W,N,B,E,Y,NA,NA,56,NA,NA,NA,NA,NA,W,Y,3,0,1,2,A,-,07,21658,A,N,B,C,A,A,H,-,A,D,0,NA,NA,Y,NA,Y,NA,A,07,0,1,0,0,0,0,0,0,1,-,-,32.962528228759766,-117.15949249267578,SAN DIEGO,SAN DIEGO,-117.15948486328124,32.96254348754883
91121812,2019,2019-11-18,9650,2019-11-06,0957,015446,NA,3,1,6,3706,0,1,1,NA,2,023,I-15 NORTHBOUND,VALLEY PARKWAY U/C,760,S,N,A,-,Y,NA,NA,15,NA,NA,NA,NA,NA,N,Y,4,0,3,3,A,-,03,22350,NA,N,C,C,A,A,H,-,A,D,0,NA,NA,NA,NA,Y,NA,A,01,0,0,3,0,0,0,0,0,0,-,-,33.11336135864258,-117.09764099121094,SAN DIEGO,ESCONDIDO,-117.0976333618164,33.11336135864258
91121858,2019,2019-11-18,9650,2019-11-08,1405,021933,NA,5,2,9,3700,0,1,3,NA,1,028,SR-76,MAGEE RD,6019,E,N,A,-,Y,NA,NA,76,NA,NA,NA,NA,NA,NA,Y,2,0,2,2,A,-,08,22107,NA,N,A,C,A,A,H,-,A,D,0,NA,NA,NA,NA,Y,NA,D,22,2,0,0,0,0,0,0,0,0,-,-,33.35768127441406,-117.03897857666016,SAN DIEGO,UNINCORPORATED,-117.03900909423828,33.35764694213867
9112236,2020,2020-12-01,3709,2020-05-26,1346,NC0496,NA,2,5,5,3709,0,0,0,NA,0,020,WEST 8TH ST,RT 5,60,E,N,A,-,Y,SD,11,5,-,R,11.264,R,4,N,Y,3,0,1,2,A,-,09,21801,A,N,D,C,A,A,H,-,A,D,0,NA,NA,NA,NA,Y,NA,A,01,0,1,0,0,0,0,0,0,0,-,-,NA,NA,SAN DIEGO,NATIONAL CITY,-117.10916900634766,32.676719665527344
9112451,2020,2020-09-08,3701,2020-06-06,1615,CB5484,087,6,5,5,3701,0,0,0,NA,0,007,EL FUERTE ST,POINSETTIA LN,29,N,N,A,-,N,NA,NA,NA,NA,NA,NA,NA,NA,NA,Y,2,0,3,2,A,-,12,21453,A,N,A,C,A,A,H,-,A,A,0,NA,NA,NA,NA,Y,Y,A,07,1,1,1,0,0,0,0,0,0,-,-,NA,NA,SAN DIEGO,CARLSBAD,-117.24941253662108,33.11835479736328
91127846,2019,2019-11-22,9680,2019-11-12,1555,021353,NA,2,2,9,3700,0,2,4,NA,1,025,SWEETWATER RD,TROY ST,230,N,N,A,-,N,NA,NA,NA,NA,NA,NA,NA,NA,NA,Y,4,0,2,2,A,-,09,21804,A,N,D,C,A,A,H,-,A,D,0,NA,NA,NA,NA,Y,NA,A,01,0,0,2,0,0,0,0,0,0,-,-,32.73741912841797,-117.0144500732422,SAN DIEGO,UNINCORPORATED,-117.01447296142578,32.737308502197266
9112986,2020,2020-09-02,3702,2020-06-13,0737,CV1147,NA,6,5,6,3702,0,0,0,NA,0,031,EAST J ST,CAMINO ATAJO,110,W,N,A,-,N,NA,NA,NA,NA,NA,NA,NA,NA,NA,Y,4,0,2,4,C,-,18,NA,NA,N,G,B,E,A,H,-,A,D,0,Y,NA,NA,NA,Y,NA,-,-,0,0,2,0,1,0,0,0,0,-,-,NA,NA,SAN DIEGO,CHULA VISTA,-117.0153350830078,32.62989044189453
91130992,2019,2019-11-27,9680,2019-11-23,0645,015733,NA,6,1,9,3700,0,1,3,NA,1,090,SR-67,ARCHIE MOORE RD,0,NA,Y,A,-,Y,NA,NA,67,NA,NA,NA,NA,NA,NA,Y,3,0,4,2,A,-,01,23152,A,F,D,C,A,A,H,-,A,A,0,NA,NA,NA,NA,Y,Y,A,01,0,3,1,0,0,0,0,0,0,-,-,33.012428283691406,-116.95282745361328,SAN DIEGO,UNINCORPORATED,-116.95280456542967,33.012351989746094
91131325,2019,2019-11-27,9645,2019-11-16,1718,019241,NA,6,2,7,3711,0,1,1,NA,2,019,I-15 NORTHBOUND,RANCHO BERNARDO RD,1056,S,N,A,-,Y,NA,NA,15,NA,NA,NA,NA,NA,N,Y,4,0,1,2,A,-,03,22350,NA,N,C,C,A,A,H,-,B,A,0,NA,NA,NA,NA,Y,NA,D,22,0,0,1,0,0,0,0,0,0,-,-,33.02001190185547,-117.07862091064452,SAN DIEGO,SAN DIEGO,-117.0788803100586,33.020042419433594