CASE_ID,ACCIDENT_YEAR,PROC_DATE,JURIS,COLLISION_DATE,COLLISION_TIME,OFFICER_ID,REPORTING_DISTRICT,DAY_OF_WEEK,CHP_SHIFT,POPULATION,CNTY_CITY_LOC,SPECIAL_COND,BEAT_TYPE,CHP_BEAT_TYPE,CITY_DIVISION_LAPD,CHP_BEAT_CLASS,BEAT_NUMBER,PRIMARY_RD,SECONDARY_RD,DISTANCE,DIRECTION,INTERSECTION,WEATHER_1,WEATHER_2,STATE_HWY_IND,CALTRANS_COUNTY,CALTRANS_DISTRICT,STATE_ROUTE,ROUTE_SUFFIX,POSTMILE_PREFIX,POSTMILE,LOCATION_TYPE,RAMP_INTERSECTION,SIDE_OF_HWY,TOW_AWAY,COLLISION_SEVERITY,NUMBER_KILLED,NUMBER_INJURED,PARTY_COUNT,PRIMARY_COLL_FACTOR,PCF_CODE_OF_VIOL,PCF_VIOL_CATEGORY,PCF_VIOLATION,PCF_VIOL_SUBSECTION,HIT_AND_RUN,TYPE_OF_COLLISION,MVIW,PED_ACTION,ROAD_SURFACE,ROAD_COND_1,ROAD_COND_2,LIGHTING,CONTROL_DEVICE,CHP_ROAD_TYPE,PEDESTRIAN_ACCIDENT,BICYCLE_ACCIDENT,MOTORCYCLE_ACCIDENT,TRUCK_ACCIDENT,NOT_PRIVATE_PROPERTY,ALCOHOL_INVOLVED,STWD_VEHTYPE_AT_FAULT,CHP_VEHTYPE_AT_FAULT,COUNT_SEVERE_INJ,COUNT_VISIBLE_INJ,COUNT_COMPLAINT_PAIN,COUNT_PED_KILLED,COUNT_PED_INJURED,COUNT_BICYCLIST_KILLED,COUNT_BICYCLIST_INJURED,COUNT_MC_KILLED,COUNT_MC_INJURED,PRIMARY_RAMP,SECONDARY_RAMP,LATITUDE,LONGITUDE,COUNTY,CITY,POINT_X,POINT_Y
91132107,2019,2019-12-02,9650,2019-11-27,0955,018840,NA,3,1,9,3700,0,3,5,NA,2,150,OSBORNE ST,HUTCHISON ST,35,E,N,B,-,Y,NA,NA,NA,NA,NA,NA,NA,NA,NA,Y,4,0,1,2,A,-,03,22350,NA,N,C,C,A,A,H,-,A,A,0,NA,NA,NA,NA,Y,NA,A,01,0,0,1,0,0,0,0,0,0,-,-,33.23786163330078,-117.24107360839844,SAN DIEGO,UNINCORPORATED,-117.24110412597656,33.23783493041992
9113354,2020,2020-08-11,3702,2020-05-13,0125,CV1311,NA,3,5,6,3702,0,0,0,NA,0,032,LANE AV,OTAY LAKES RD,4,S,N,A,-,N,NA,NA,NA,NA,NA,NA,NA,NA,NA,Y,4,0,1,2,A,-,08,22100,A,N,D,C,A,A,H,-,A,A,0,NA,NA,NA,NA,Y,NA,A,01,0,0,1,0,0,0,0,0,0,-,-,NA,NA,SAN DIEGO,CHULA VISTA,-116.96116638183594,32.64965057373047
9113361,2020,2020-08-11,3702,2020-05-24,0555,CV1269,NA,7,5,6,3702,0,0,0,NA,0,042,LA MEDIA RD,TELEGRAPH CANYON RD,15,S,N,A,-,N,NA,NA,NA,NA,NA,NA,NA,NA,NA,N,3,0,1,2,A,-,10,21950,A,N,G,B,B,A,H,-,A,A,0,Y,NA,NA,NA,Y,NA,A,01,0,1,0,0,1,0,0,0,0,-,-,NA,NA,SAN DIEGO,CHULA VISTA,-116.99037933349608,32.638607025146484
91134299,2019,2019-12-03,9645,2019-11-21,1717,019241,NA,4,2,7,3711,0,1,1,NA,2,019,I-15 SB FROM RANCHO PENASQUITOS BLVD.,RANCHO PENASQUITOS BLVD.,355,S,N,B,-,Y,NA,NA,15,NA,NA,NA,R,NA,S,Y,4,0,1,2,A,-,03,22350,NA,N,C,C,A,B,H,-,C,A,0,NA,NA,NA,NA,Y,NA,D,22,0,0,1,0,0,0,0,0,0,-,-,32.94765090942383,-117.10704040527344,SAN DIEGO,SAN DIEGO,-117.10704040527344,32.94765090942383
91134427,2019,2019-12-03,9645,2019-11-21,0715,015494,NA,4,1,7,3711,0,1,1,NA,2,011,I-805 S/B TO SR-94 E/B,SR-94,1000,N,N,B,-,Y,NA,NA,805,NA,NA,NA,R,NA,S,Y,4,0,1,2,A,-,03,22350,NA,N,C,C,A,B,H,-,A,D,0,NA,NA,NA,NA,Y,NA,A,01,0,0,1,0,0,0,0,0,0,-,-,32.72163009643555,-117.10346221923828,SAN DIEGO,SAN DIEGO,-117.10346221923828,32.72163009643555
91135004,2019,2019-12-04,9650,2019-11-24,1225,018950,NA,7,1,6,3710,0,1,3,NA,2,015,SR-78 E/B,JEFFERSON STREET O/C,540,W,N,A,-,Y,NA,NA,78,NA,NA,NA,NA,NA,E,Y,4,0,3,2,A,-,08,22107,NA,N,E,C,A,A,H,-,A,D,0,NA,NA,NA,NA,Y,NA,A,01,0,0,3,0,0,0,0,0,0,-,-,33.181251525878906,-117.34261322021484,SAN DIEGO,OCEANSIDE,-117.34258270263672,33.18100357055664
91135008,2019,2019-12-04,9650,2019-11-27,1330,016516,NA,3,1,9,3700,0,1,1,NA,2,021,I-15 S/B,GOPHER CANYON RD,400,N,N,C,-,Y,NA,NA,15,NA,NA,NA,NA,NA,S,Y,4,0,1,2,A,-,08,22107,NA,F,B,C,A,B,H,-,A,D,0,NA,NA,NA,NA,Y,NA,-,99,0,0,1,0,0,0,0,0,0,-,-,33.25379943847656,-117.15666961669922,SAN DIEGO,UNINCORPORATED,-117.15657043457033,33.253841400146484
91136048,2019,2019-12-04,9680,2019-11-20,0855,015983,NA,3,1,9,3700,1,3,5,NA,2,001,HIGHWAY 8 BUSINESS,AURORA DRIVE,220,S,N,B,-,N,NA,NA,NA,NA,NA,NA,NA,NA,NA,Y,2,0,2,3,A,-,05,21460,A,N,A,C,A,B,H,-,A,D,0,NA,NA,NA,NA,Y,NA,D,22,1,0,1,0,0,0,0,0,0,-,-,32.82474899291992,-116.91240692138672,SAN DIEGO,UNINCORPORATED,-116.91244506835938,32.82476043701172
91139730,2019,2019-12-10,9645,2019-11-28,1423,017667,NA,4,2,7,3711,0,1,3,NA,2,023,SR-163 S/B,FRIARS RD.,700,N,N,B,C,Y,NA,NA,163,NA,NA,NA,NA,NA,S,Y,3,0,1,1,A,-,03,22350,NA,N,E,I,A,B,H,-,A,D,0,NA,NA,NA,NA,Y,NA,A,01,0,1,0,0,0,0,0,0,0,-,-,32.7781982421875,-117.16284942626952,SAN DIEGO,SAN DIEGO,-117.16291046142578,32.7781867980957
91140203,2019,2019-12-10,9645,2019-11-28,1200,016409,NA,4,1,7,3711,0,1,1,NA,2,007,I-5 S/B,VIA DE LA VALLE,145,N,N,B,C,Y,NA,NA,5,NA,NA,NA,NA,NA,S,Y,2,0,5,1,A,-,03,22350,NA,N,E,I,A,B,H,-,A,D,0,NA,NA,NA,NA,Y,NA,A,08,2,0,3,0,0,0,0,0,0,-,-,32.98040008544922,-117.25338745117188,SAN DIEGO,SAN DIEGO,-117.25343322753906,32.980384826660156
91140563,2019,2019-12-11,9650,2019-11-29,2035,021327,NA,5,2,9,3700,0,1,3,NA,1,028,SR-76,BODIE BLVD,2220,W,N,B,C,Y,NA,NA,NA,NA,NA,NA,NA,NA,NA,Y,3,0,4,2,A,-,01,23152,A,N,B,C,A,B,H,-,D,D,0,NA,NA,NA,NA,Y,Y,A,07,0,1,3,0,0,0,0,0,0,-,-,33.21778106689453,-117.13272857666016,SAN DIEGO,UNINCORPORATED,NA,NA
91141024,2019,2019-12-11,9680,2019-11-28,1605,021944,NA,4,2,9,3700,0,2,4,NA,1,032,LA CRESTA RD,MOUNTAIN VIEW RD,4224,W,N,B,C,N,NA,NA,NA,NA,NA,NA,NA,NA,NA,Y,3,0,1,2,A,-,08,22107,NA,N,E,I,A,B,H,-,A,D,0,NA,NA,NA,NA,Y,NA,A,01,0,1,0,0,0,0,0,0,0,-,-,32.81216049194336,-116.87483215332033,SAN DIEGO,UNINCORPORATED,-116.87503051757813,32.81207275390625
91141606,2019,2019-12-12,9645,2019-11-22,1730,016779,NA,5,2,7,3711,0,1,1,NA,2,021,I-15 (S/B),I-8,539,N,N,A,-,Y,NA,NA,15,NA,NA,NA,NA,NA,NA,Y,2,0,1,2,A,-,07,21658,A,N,B,C,A,A,H,-,C,D,0,NA,NA,Y,NA,Y,NA,A,01,1,0,0,0,0,0,0,0,1,-,-,32.780120849609375,-117.11309051513672,SAN DIEGO,SAN DIEGO,-117.11296844482422,32.7801628112793
91141932,2019,2019-12-12,9680,2019-12-02,2202,022021,NA,1,3,9,3700,0,3,5,NA,2,002,CHASE AVE,BRAYTON WAY,10,E,N,A,-,N,NA,NA,NA,NA,NA,NA,NA,NA,NA,Y,3,0,1,1,A,-,08,22107,NA,N,E,I,A,A,H,-,D,D,0,NA,NA,NA,NA,Y,NA,A,01,0,1,0,0,0,0,0,0,0,-,-,32.76900100708008,-116.93170928955078,SAN DIEGO,UNINCORPORATED,-116.93171691894533,32.769065856933594
91141992,2019,2019-12-12,9645,2019-12-02,2307,021077,NA,1,3,7,3711,0,1,1,NA,2,015,I-805 N/B,CLAIREMONT MESA BLVD,2877,N,N,A,-,Y,NA,NA,805,NA,NA,NA,NA,NA,N,Y,3,0,1,2,A,-,07,21658,A,N,C,C,A,A,H,-,C,D,0,NA,NA,NA,NA,Y,NA,A,01,0,1,0,0,0,0,0,0,0,-,-,32.8407096862793,-117.17375946044922,SAN DIEGO,SAN DIEGO,-117.173828125,32.840667724609375
91142855,2019,2019-12-13,9680,2019-11-10,0418,021764,NA,7,3,9,3700,0,1,1,NA,2,081,I-8 E/B,LAKE MURRAY BLVD,1056,E,N,A,-,Y,NA,NA,NA,NA,NA,NA,NA,NA,NA,Y,3,0,1,1,A,-,08,22107,NA,F,F,A,A,A,H,-,D,D,0,NA,NA,NA,NA,Y,NA,A,07,0,1,0,0,0,0,0,0,0,-,-,32.77254104614258,-117.04197692871094,SAN DIEGO,UNINCORPORATED,-117.04302215576172,32.77277374267578
91143643,2019,2019-12-16,9650,2019-12-04,1140,018550,NA,3,1,5,3712,0,1,3,NA,2,019,SR-78 E/B,NORDAHL RD,800,E,N,C,-,Y,NA,NA,78,NA,NA,NA,NA,NA,E,Y,4,0,1,3,A,-,03,22350,NA,N,C,C,A,B,H,-,A,D,0,NA,NA,NA,NA,Y,NA,A,01,0,0,1,0,0,0,0,0,0,-,-,33.1308708190918,-117.1189193725586,SAN DIEGO,SAN MARCOS,-117.11892700195313,33.130863189697266
91145336,2019,2019-12-17,9680,2019-11-16,2215,021646,NA,6,3,9,3700,0,1,3,NA,1,017,SR-67 N/B,COSTALOT LN,90,S,N,A,-,N,NA,NA,67,NA,NA,NA,NA,NA,N,Y,2,0,1,1,A,-,08,22107,NA,N,F,A,A,A,H,-,D,D,0,NA,NA,Y,NA,Y,NA,C,02,1,0,0,0,0,0,0,0,1,-,-,32.895938873291016,-116.93289184570313,SAN DIEGO,UNINCORPORATED,-116.93292236328124,32.89592361450195
91147546,2019,2019-12-19,9680,2019-12-09,2250,022233,NA,1,3,4,3720,0,1,3,NA,2,027,SR-94 E/B,SR-125 N/B TO SR-94 W/B CONNECTOR ROAD,80,W,N,A,-,Y,NA,NA,94,NA,NA,NA,NA,NA,E,Y,2,0,2,2,A,-,01,23152,A,N,E,I,A,A,H,-,C,A,0,NA,NA,NA,NA,Y,Y,A,01,1,0,1,0,0,0,0,0,0,-,-,32.74679946899414,-117.02050018310548,SAN DIEGO,LEMON GROVE,-117.02050018310548,32.74681854248047
91149240,2019,2019-12-20,9650,2019-12-04,0850,018550,NA,3,1,6,3706,0,1,3,NA,2,019,SR-78 W/B,ROCK SPRINGS RD,500,E,N,C,-,Y,NA,NA,78,NA,NA,NA,NA,NA,W,Y,4,0,1,4,A,-,03,22350,NA,N,C,C,A,B,H,-,A,D,0,NA,NA,NA,NA,Y,NA,A,07,0,0,1,0,0,0,0,0,0,-,-,33.12953186035156,-117.09691619873048,SAN DIEGO,ESCONDIDO,-117.09693145751952,33.12957000732422
91149608,2019,2019-12-23,9645,2019-12-10,0632,013784,NA,2,1,7,3711,0,1,1,NA,2,015,I-805 N/B,LINDA VISTA ROAD,20,S,N,A,-,Y,NA,NA,805,NA,NA,NA,NA,NA,N,N,3,0,1,2,A,-,07,21658,A,N,B,C,A,A,H,-,A,D,0,NA,NA,Y,NA,Y,NA,A,01,0,1,0,0,0,0,0,0,1,-,-,32.809791564941406,-117.15352630615234,SAN DIEGO,SAN DIEGO,-117.15352630615234,32.80979537963867
91153043,2019,2019-12-26,9645,2019-12-17,1803,018428,NA,2,2,7,3711,0,1,1,NA,2,017,I-15 S/B,RANCHO PENASQUITOS BLVD. O/C,900,S,N,A,-,Y,NA,NA,15,NA,NA,NA,NA,NA,S,Y,4,0,3,3,A,-,03,22350,NA,N,C,C,A,A,C,-,C,D,0,NA,NA,NA,NA,Y,NA,A,01,0,0,3,0,0,0,0,0,0,-,-,32.94464111328125,-117.10874176025392,SAN DIEGO,SAN DIEGO,-117.10849761962892,32.944496154785156
91154746,2019,2019-12-30,9650,2019-12-19,1305,017328,NA,4,1,9,3700,1,3,5,NA,1,212,COLE GRADE RD.,OAK MEADOW RD.,65,N,N,A,-,N,NA,NA,NA,NA,NA,NA,NA,NA,NA,Y,4,0,1,2,A,-,09,21801,A,N,E,I,A,A,H,-,A,D,0,NA,NA,NA,NA,Y,NA,H,18,0,0,1,0,0,0,0,0,0,-,-,33.27851104736328,-117.02366638183594,SAN DIEGO,UNINCORPORATED,-117.02351379394533,33.278438568115234
91154919,2019,2019-12-30,9645,2019-12-19,1020,013784,NA,4,1,7,3711,0,1,1,NA,2,007,I-5 N/B,VIA DE LA VALL,1425,S,N,A,-,Y,NA,NA,5,NA,NA,NA,NA,NA,N,Y,4,0,1,3,A,-,03,22350,NA,N,C,C,A,A,H,-,A,D,0,NA,NA,NA,NA,Y,NA,A,01,0,0,1,0,0,0,0,0,0,-,-,32.97602081298828,-117.25161743164063,SAN DIEGO,SAN DIEGO,-117.25150299072266,32.9760627746582
91154988,2019,2019-12-30,9645,2019-12-26,0614,016138,NA,4,1,7,3711,0,1,1,NA,2,013,I-805 SOUTHBOUND TO I-8,I-8,1584,N,N,C,-,Y,NA,NA,805,NA,NA,NA,R,NA,S,Y,3,0,1,1,A,-,08,22107,NA,N,E,I,A,B,H,-,C,D,0,NA,NA,NA,NA,Y,NA,A,07,0,1,0,0,0,0,0,0,0,-,-,32.77593994140625,-117.13524627685548,SAN DIEGO,SAN DIEGO,-117.13524627685548,32.77593994140625
91155207,2019,2019-12-30,9680,2019-12-17,1025,015733,NA,2,1,9,3700,0,1,3,NA,1,090,SR-67,JULIAN ST,130,N,N,A,-,Y,NA,NA,67,NA,NA,NA,NA,NA,NA,Y,4,0,1,3,A,-,03,22350,NA,N,C,C,A,A,H,-,A,D,0,NA,NA,NA,NA,Y,NA,A,01,0,0,1,0,0,0,0,0,0,-,-,33.031341552734375,-116.88538360595705,SAN DIEGO,UNINCORPORATED,-116.88539886474608,33.031368255615234
91155309,2019,2019-12-30,9650,2019-12-21,1450,021992,NA,6,2,5,3701,0,1,1,NA,2,005,I-5 S/B,LA COSTA AVE,1056,N,N,A,-,Y,NA,NA,5,NA,NA,NA,NA,NA,S,N,4,0,1,3,A,-,03,22350,NA,N,C,C,A,A,H,-,A,D,0,NA,NA,NA,NA,Y,NA,A,01,0,0,1,0,0,0,0,0,0,-,-,33.08824157714844,-117.30088043212892,SAN DIEGO,CARLSBAD,-117.30086517333984,33.08824920654297
91155765,2019,2019-12-30,9650,2019-12-23,0625,018840,NA,1,1,3,3783,0,1,1,NA,2,007,I-5 S/B,VIA DE LA VALLE,1056,N,N,B,C,Y,NA,NA,NA,NA,NA,NA,NA,NA,NA,Y,4,0,1,3,A,-,08,22107,NA,N,E,C,A,B,H,-,D,D,0,NA,NA,NA,NA,Y,NA,A,01,0,0,1,0,0,0,0,0,0,-,-,33.98262023925781,-117.25430297851563,SAN DIEGO,SOLANA BEACH,NA,NA
91156821,2019,2019-12-31,9650,2019-12-20,1825,021933,NA,5,2,9,3700,0,3,5,NA,1,212,LILAC ROAD,OLD CASTLE RD,25,N,N,A,-,N,NA,NA,NA,NA,NA,NA,NA,NA,NA,Y,4,0,1,1,A,-,08,22107,NA,N,E,I,A,A,H,-,D,D,0,NA,NA,NA,NA,Y,NA,A,08,0,0,1,0,0,0,0,0,0,-,-,33.25621032714844,-117.0684814453125,SAN DIEGO,UNINCORPORATED,-117.06832885742188,33.256103515625
91159029,2019,2020-01-03,9645,2019-08-11,0145,020561,NA,7,3,7,3711,0,1,1,NA,2,003,I-5 S/B,CESAR E. CHAVEZ PKWY. U/C,1118,N,N,B,-,Y,NA,NA,5,NA,NA,NA,NA,NA,S,Y,2,0,2,2,A,-,08,22107,NA,F,B,C,A,A,H,-,C,D,0,NA,NA,NA,NA,Y,NA,A,01,1,0,1,0,0,0,0,0,0,-,-,32.7041015625,-117.14655303955078,SAN DIEGO,SAN DIEGO,-117.14672088623048,32.703948974609375
91159044,2019,2020-01-03,9680,2019-12-22,1035,021584,NA,7,1,9,3700,0,1,3,NA,1,051,STATE ROUTE 79,YAQUI DRIVE,350,N,N,A,-,Y,NA,NA,79,NA,NA,NA,NA,NA,NA,Y,3,0,1,1,A,-,08,22107,NA,N,F,A,A,A,H,-,A,A,0,NA,NA,Y,NA,Y,NA,C,02,0,1,0,0,0,0,0,0,1,-,-,32.99076843261719,-116.57913970947266,SAN DIEGO,UNINCORPORATED,-116.57915496826172,32.99078369140625
91159937,2019,2020-01-06,9680,2019-12-23,1530,021476,NA,1,2,5,3708,0,1,1,NA,2,081,I-8 WESTBOUND TO SR-125 NORTHBOUND,MURRAY DRIVE,135,N,N,B,-,Y,NA,NA,8,NA,NA,NA,R,NA,W,Y,4,0,1,1,A,-,08,22107,NA,N,E,I,A,B,H,-,A,D,0,NA,NA,NA,NA,Y,NA,A,01,0,0,1,0,0,0,0,0,0,-,-,32.78047180175781,-117.00402069091795,SAN DIEGO,LA MESA,-117.00402069091795,32.78047180175781
91159996,2019,2020-01-06,9680,2019-12-23,1502,019739,NA,1,2,5,3705,0,1,1,NA,2,083,I-8 E/B,LOS COCHES RD,159,E,N,B,-,Y,NA,NA,NA,NA,NA,NA,NA,NA,NA,Y,4,0,1,2,A,-,03,22350,NA,F,C,C,A,A,H,-,C,D,0,NA,NA,NA,NA,Y,NA,D,22,0,0,1,0,0,0,0,0,0,-,-,32.82680892944336,-116.9033432006836,SAN DIEGO,EL CAJON,-116.90283203125,32.82679748535156
91160201,2020,2020-01-06,9650,2020-01-03,1543,016516,NA,5,2,9,3700,0,1,1,NA,2,022,I-15 N/B,PALA MESA DR,500,N,N,A,-,Y,NA,NA,15,NA,NA,NA,NA,NA,N,Y,3,0,4,3,A,-,03,22350,NA,N,C,C,A,A,H,-,B,D,0,NA,NA,NA,NA,Y,NA,D,22,0,2,2,0,0,0,0,0,0,-,-,33.34328842163086,-117.15904235839844,SAN DIEGO,UNINCORPORATED,-117.158935546875,33.34328842163086
91160247,2019,2020-01-06,9645,2019-12-26,0043,021731,NA,4,3,5,3709,0,1,1,NA,2,009,I-805 S/B,EAST 18TH ST,500,S,N,B,-,Y,NA,NA,805,NA,NA,NA,NA,NA,S,Y,3,0,1,2,A,-,08,22107,NA,N,C,C,A,A,H,-,D,D,0,NA,NA,NA,NA,Y,NA,A,07,0,1,0,0,0,0,0,0,0,-,-,32.67163848876953,-117.08223724365234,SAN DIEGO,NATIONAL CITY,-117.0822982788086,32.67161560058594
91161163,2019,2020-01-07,9645,2019-12-03,1457,017104,NA,2,2,7,3711,0,1,3,NA,2,022,SR-56 W/B TO CARMEL VALLEY ROAD,CARMEL VALLEY ROAD,6,E,N,B,-,Y,NA,NA,NA,NA,NA,NA,NA,NA,NA,N,3,0,1,2,A,-,09,21453,B,N,H,G,A,A,H,-,A,A,0,NA,Y,NA,NA,Y,NA,A,01,0,1,0,0,0,0,1,0,0,-,-,32.57109832763672,-117.11399841308594,SAN DIEGO,SAN DIEGO,NA,NA
91161536,2019,2020-01-08,9645,2019-12-27,0310,021731,NA,5,3,6,3702,0,1,1,NA,2,001,SR-54 E/B TO REO DR,REO DR,26,W,N,A,-,Y,NA,NA,NA,NA,NA,NA,NA,NA,NA,N,4,0,3,2,A,-,03,22350,NA,N,C,C,A,A,H,-,C,A,0,NA,NA,NA,NA,Y,NA,A,08,0,0,3,0,0,0,0,0,0,-,-,32.66371154785156,-117.05753326416016,SAN DIEGO,CHULA VISTA,-117.05753326416016,32.66371154785156
91161988,2019,2020-01-08,9680,2019-12-27,0639,015877,NA,5,1,9,3700,0,1,1,NA,2,085,I-8 E/B,SR-79,227,E,N,A,-,Y,NA,NA,8,NA,NA,NA,NA,NA,E,Y,3,0,1,1,A,-,03,22350,NA,N,E,I,A,C,G,-,B,D,0,NA,NA,NA,NA,Y,NA,D,22,0,1,0,0,0,0,0,0,0,-,-,32.82583999633789,-116.62503814697266,SAN DIEGO,UNINCORPORATED,-116.62472534179688,32.826210021972656
91162679,2019,2020-01-09,9680,2019-12-27,1230,020500,NA,5,1,9,3700,0,1,3,NA,1,052,SR-78,SLAUGHTERHOUSE RD,692,W,N,A,-,Y,NA,NA,78,NA,NA,NA,NA,NA,NA,Y,3,0,1,1,A,-,03,22350,NA,N,E,I,A,A,H,-,A,D,0,NA,NA,NA,Y,Y,NA,G,25,0,1,0,0,0,0,0,0,0,-,-,33.08168029785156,-116.7144775390625,SAN DIEGO,UNINCORPORATED,-116.71448516845705,33.081687927246094
91163987,2020,2020-01-13,9680,2020-01-01,1645,020500,NA,3,2,9,3700,0,1,3,NA,1,090,SR-67 S/B,SHADY OAKS DR,0,NA,Y,A,-,Y,NA,NA,67,NA,NA,NA,NA,NA,S,Y,3,0,1,2,A,-,09,21804,A,N,D,C,A,A,H,-,B,A,0,NA,NA,NA,NA,Y,NA,A,01,0,1,0,0,0,0,0,0,0,-,-,33.01116943359375,-116.94476318359376,SAN DIEGO,UNINCORPORATED,-116.94476318359376,33.01115036010742
91164318,2020,2020-01-13,9650,2020-01-09,2235,019822,NA,4,3,9,3700,0,3,5,NA,2,170,BUENA CREEK RD,COUNTRY CREEK RD,16,E,N,B,-,N,NA,NA,NA,NA,NA,NA,NA,NA,NA,Y,4,0,2,2,A,-,04,21703,NA,N,C,C,A,B,H,-,C,D,0,NA,NA,NA,NA,Y,NA,D,22,0,0,2,0,0,0,0,0,0,-,-,33.18312072753906,-117.15962982177734,SAN DIEGO,UNINCORPORATED,-117.15972137451172,33.183109283447266
91164558,2020,2020-01-13,9650,2020-01-11,1258,018840,NA,6,1,5,3782,0,1,1,NA,2,007,I-5 N/B,LEUCADIA BLVD,2640,N,N,A,-,Y,NA,NA,5,NA,NA,NA,NA,NA,N,Y,4,0,2,2,A,-,03,22350,NA,N,C,C,A,A,D,-,A,D,0,NA,NA,NA,NA,Y,NA,A,01,0,0,2,0,0,0,0,0,0,-,-,33.072879791259766,-117.29441833496094,SAN DIEGO,ENCINITAS,-117.29446411132813,33.0728645324707
91165038,2019,2020-01-14,9645,2019-12-27,1255,017139,NA,5,1,6,3702,0,1,1,NA,2,009,I-805 N/B,BONITA RD U/C,50,N,N,A,-,Y,NA,NA,805,NA,NA,NA,NA,NA,N,Y,4,0,1,4,A,-,03,22350,NA,N,C,C,A,A,H,-,A,D,0,NA,NA,NA,NA,Y,NA,D,22,0,0,1,0,0,0,0,0,0,-,-,32.65449905395508,-117.07038879394533,SAN DIEGO,CHULA VISTA,-117.07067108154295,32.65425109863281
91165058,2020,2020-01-14,9650,2020-01-07,0750,013133,NA,2,1,6,3710,0,1,1,NA,2,003,I-5 NORTHBOUND,HARBOR DRIVE,1056,S,N,A,-,Y,NA,NA,5,NA,NA,NA,NA,NA,N,Y,3,0,2,2,A,-,03,22350,NA,N,C,C,A,A,H,-,A,D,0,NA,NA,NA,NA,Y,NA,A,01,0,1,1,0,0,0,0,0,0,-,-,33.2097282409668,-117.38670349121094,SAN DIEGO,OCEANSIDE,-117.38668060302734,33.209739685058594
91165963,2020,2020-01-15,9680,2020-01-05,2300,017996,NA,7,3,5,3705,0,1,1,NA,2,082,I-8 WESTBOUND,JOHNSON AVENUE,25,W,N,A,-,Y,NA,NA,8,NA,NA,NA,NA,NA,W,Y,3,0,3,2,A,-,01,23152,A,F,C,C,A,A,H,-,C,D,0,NA,NA,NA,NA,Y,Y,A,01,0,3,0,0,0,0,0,0,0,-,-,32.80289840698242,-116.97129821777344,SAN DIEGO,EL CAJON,-116.97129821777344,32.802894592285156
91165986,2020,2020-01-15,9645,2020-01-06,0905,017717,NA,1,1,7,3711,0,1,1,NA,2,003,I-5 N/B,SECOND AVE,10,S,N,A,-,Y,NA,NA,5,NA,NA,NA,NA,NA,N,N,4,0,2,2,A,-,03,22350,NA,N,C,C,A,A,H,-,A,D,0,NA,NA,NA,NA,Y,NA,D,22,0,0,2,0,0,0,0,0,0,-,-,32.72309112548828,-117.16294097900392,SAN DIEGO,SAN DIEGO,-117.16295623779295,32.72304153442383
91166206,2019,2020-01-15,9645,2019-11-10,2225,021359,NA,7,3,7,3711,0,3,5,NA,2,018,SWEETWATER RD E/B,BONITA RD,849,W,N,A,-,N,NA,NA,NA,NA,NA,NA,NA,NA,NA,Y,3,0,1,1,A,-,01,23152,A,N,E,I,A,A,H,-,D,D,0,NA,NA,NA,NA,Y,Y,D,22,0,1,0,0,0,0,0,0,0,-,-,32.676910400390625,-117.02027130126952,SAN DIEGO,SAN DIEGO,-117.02013397216795,32.677001953125
91167086,2020,2020-01-16,9650,2020-01-12,1034,020966,NA,7,1,9,3700,0,3,5,NA,1,212,LILAC ROAD,WEST LILAC ROAD,700,E,N,A,-,Y,NA,NA,NA,NA,NA,NA,NA,NA,NA,Y,4,0,1,2,A,-,08,22107,NA,N,B,C,A,A,H,-,A,D,0,NA,NA,Y,NA,Y,NA,C,02,0,0,1,0,0,0,0,0,1,-,-,33.270999908447266,-117.08262634277344,SAN DIEGO,UNINCORPORATED,-117.08267211914063,33.27100372314453
91167616,2019,2020-01-17,9645,2019-11-18,1800,020474,NA,1,2,7,3711,0,1,1,NA,2,005,I-5 S/B,SEAWORLD DRIVE,1056,N,N,A,-,Y,NA,NA,5,NA,NA,NA,NA,NA,S,Y,4,0,1,2,A,-,03,22350,NA,N,C,C,A,A,H,-,D,D,0,NA,NA,NA,NA,Y,NA,A,01,0,0,1,0,0,0,0,0,0,-,-,32.764801025390625,-117.20549774169922,SAN DIEGO,SAN DIEGO,-117.20545196533205,32.76481246948242