CASE_ID,ACCIDENT_YEAR,PROC_DATE,JURIS,COLLISION_DATE,COLLISION_TIME,OFFICER_ID,REPORTING_DISTRICT,DAY_OF_WEEK,CHP_SHIFT,POPULATION,CNTY_CITY_LOC,SPECIAL_COND,BEAT_TYPE,CHP_BEAT_TYPE,CITY_DIVISION_LAPD,CHP_BEAT_CLASS,BEAT_NUMBER,PRIMARY_RD,SECONDARY_RD,DISTANCE,DIRECTION,INTERSECTION,WEATHER_1,WEATHER_2,STATE_HWY_IND,CALTRANS_COUNTY,CALTRANS_DISTRICT,STATE_ROUTE,ROUTE_SUFFIX,POSTMILE_PREFIX,POSTMILE,LOCATION_TYPE,RAMP_INTERSECTION,SIDE_OF_HWY,TOW_AWAY,COLLISION_SEVERITY,NUMBER_KILLED,NUMBER_INJURED,PARTY_COUNT,PRIMARY_COLL_FACTOR,PCF_CODE_OF_VIOL,PCF_VIOL_CATEGORY,PCF_VIOLATION,PCF_VIOL_SUBSECTION,HIT_AND_RUN,TYPE_OF_COLLISION,MVIW,PED_ACTION,ROAD_SURFACE,ROAD_COND_1,ROAD_COND_2,LIGHTING,CONTROL_DEVICE,CHP_ROAD_TYPE,PEDESTRIAN_ACCIDENT,BICYCLE_ACCIDENT,MOTORCYCLE_ACCIDENT,TRUCK_ACCIDENT,NOT_PRIVATE_PROPERTY,ALCOHOL_INVOLVED,STWD_VEHTYPE_AT_FAULT,CHP_VEHTYPE_AT_FAULT,COUNT_SEVERE_INJ,COUNT_VISIBLE_INJ,COUNT_COMPLAINT_PAIN,COUNT_PED_KILLED,COUNT_PED_INJURED,COUNT_BICYCLIST_KILLED,COUNT_BICYCLIST_INJURED,COUNT_MC_KILLED,COUNT_MC_INJURED,PRIMARY_RAMP,SECONDARY_RAMP,LATITUDE,LONGITUDE,COUNTY,CITY,POINT_X,POINT_Y
91167634,2020,2020-01-17,9650,2020-01-11,2130,021805,NA,6,2,9,3700,0,1,3,NA,2,065,SR-76 W/B,NORTH RIVER RD,180,E,N,A,-,Y,NA,NA,76,NA,NA,NA,NA,NA,W,Y,4,0,1,2,A,-,03,22350,NA,F,C,C,A,A,H,-,D,A,0,NA,NA,NA,NA,Y,Y,A,01,0,0,1,0,0,0,0,0,0,-,-,33.26789855957031,-117.23683166503906,SAN DIEGO,UNINCORPORATED,-117.23655700683594,33.26786422729492
91167919,2020,2020-01-17,9650,2020-01-15,1440,017780,NA,3,2,9,3700,0,3,5,NA,2,070,LA NORIA,LA BAJADA,0,NA,Y,A,-,N,NA,NA,NA,NA,NA,NA,NA,NA,NA,N,4,0,2,2,A,-,01,23152,A,N,D,C,A,A,H,-,A,A,0,NA,NA,NA,NA,Y,Y,A,01,0,0,2,0,0,0,0,0,0,-,-,33.030269622802734,-117.23259735107422,SAN DIEGO,UNINCORPORATED,-117.23261260986328,33.030330657958984
91168533,2019,2020-01-20,9645,2019-12-07,1305,016474,NA,6,1,7,3711,0,1,3,NA,2,023,SR-163 SOUTHBOUND,WASHINGTON STREET,400,S,N,B,C,Y,NA,NA,163,NA,NA,NA,NA,NA,S,Y,4,0,1,1,A,-,03,22350,NA,N,E,I,A,B,H,-,A,A,0,NA,NA,NA,NA,Y,NA,A,01,0,0,1,0,0,0,0,0,0,-,-,32.74872970581055,-117.15570831298828,SAN DIEGO,SAN DIEGO,-117.15586090087892,32.7487907409668
91168549,2020,2020-01-20,9645,2020-01-09,1533,020479,NA,4,2,7,3711,0,1,3,NA,2,023,SR-163 S/B,FRIARS RD.,1600,S,N,B,-,Y,NA,NA,163,NA,NA,NA,NA,NA,S,Y,4,0,2,8,A,-,03,22350,NA,N,C,C,A,A,H,-,A,D,0,NA,NA,NA,NA,Y,Y,A,07,0,0,2,0,0,0,0,0,0,-,-,32.76715850830078,-117.16248321533205,SAN DIEGO,SAN DIEGO,-117.16267395019533,32.7672004699707
9116953,2020,2020-09-10,3711,2020-05-07,1740,SD7292,NA,4,5,7,3711,0,0,0,NA,0,234,PASEO LUCIDO,BERNARDO HEIGHTS PKWY,230,E,N,A,-,N,NA,NA,NA,NA,NA,NA,NA,NA,NA,N,3,0,1,4,A,-,08,38314,NA,N,C,E,A,A,H,-,B,D,0,NA,NA,NA,NA,Y,Y,A,07,0,1,0,0,0,0,0,0,0,-,-,NA,NA,SAN DIEGO,SAN DIEGO,-117.07487487792967,33.01333236694336
91169667,2019,2020-01-21,9680,2019-08-02,0525,013686,NA,5,3,9,3700,0,1,3,NA,1,017,STATE ROUTE 67 (SOUTHBOUND),LAKESIDE AVENUE,0,NA,Y,A,-,Y,NA,NA,67,NA,NA,NA,NA,NA,NA,Y,1,1,0,2,A,-,09,21802,A,F,F,A,A,A,H,-,B,A,0,NA,NA,Y,NA,Y,NA,A,01,0,0,0,0,0,0,0,1,0,-,-,32.871971130371094,-116.9238510131836,SAN DIEGO,UNINCORPORATED,-116.92379760742188,32.871986389160156
91170445,2019,2020-01-22,9645,2019-12-08,2055,020997,NA,7,2,5,3709,0,1,1,NA,2,001,I-5 S/B,SR-54 W/B TO I-5 OVERCROSSING,500,N,N,C,-,Y,NA,NA,5,NA,NA,NA,NA,NA,S,Y,3,0,3,3,A,-,03,22350,NA,N,B,C,A,B,H,-,D,D,0,NA,NA,NA,NA,Y,NA,A,01,0,1,2,0,0,0,0,0,0,-,-,32.6532096862793,-117.10517120361328,SAN DIEGO,NATIONAL CITY,-117.10526275634766,32.653167724609375
91171353,2019,2020-01-23,9645,2019-12-21,1005,017139,NA,6,1,9,3700,0,3,5,NA,2,018,SAN MIGUEL RD E/B,LOMA DEL SOL DR.,528,W,N,A,-,N,NA,NA,NA,NA,NA,NA,NA,NA,NA,N,4,0,1,2,A,-,08,22107,NA,N,B,G,A,A,H,-,A,D,0,NA,Y,NA,NA,Y,NA,A,07,0,0,1,0,0,0,1,0,0,-,-,32.676509857177734,-117.00869750976563,SAN DIEGO,UNINCORPORATED,-117.00936889648438,32.67631530761719
91171525,2020,2020-01-23,9650,2020-01-20,1613,021327,NA,1,2,9,3700,0,1,3,NA,1,028,SR-76,PALA MISSION RD.,80,E,N,A,-,Y,NA,NA,NA,NA,NA,NA,NA,NA,NA,Y,4,0,2,3,A,-,03,22350,NA,N,C,C,A,A,H,-,C,D,0,NA,NA,NA,NA,Y,NA,A,01,0,0,2,0,0,0,0,0,0,-,-,33.2152099609375,-117.55709075927734,SAN DIEGO,UNINCORPORATED,-117.08507537841795,33.36444091796875
9117199,2020,2020-08-28,3711,2020-06-26,0734,SD7632,NA,5,5,7,3711,0,0,0,NA,0,321,TWAIN AV,MISSION GORGE RD,400,W,N,A,-,N,NA,NA,NA,NA,NA,NA,NA,NA,NA,N,4,0,2,2,A,-,08,22107,NA,N,A,C,A,A,H,-,A,D,0,NA,NA,NA,NA,Y,Y,A,01,0,0,2,0,0,0,0,0,0,-,-,NA,NA,SAN DIEGO,SAN DIEGO,-117.09904479980467,32.78499984741211
91173239,2020,2020-01-24,9680,2020-01-14,0642,015578,NA,2,1,5,3708,0,1,3,NA,2,028,SR-125 SOUTHBOUND,PANORAMA DR.,307,N,N,A,-,Y,NA,NA,125,NA,NA,NA,NA,NA,S,Y,4,0,1,3,A,-,03,22350,NA,N,C,C,A,A,H,-,A,D,0,NA,NA,NA,NA,Y,NA,A,01,0,0,1,0,0,0,0,0,0,-,-,32.757469177246094,-117.00718688964844,SAN DIEGO,LA MESA,-117.00716400146484,32.757442474365234
91173568,2020,2020-01-27,9650,2020-01-21,1010,019352,NA,2,1,9,3700,0,3,5,NA,2,150,OSBORNE ST.,OSBORNE TER,0,NA,Y,B,-,N,NA,NA,NA,NA,NA,NA,NA,NA,NA,Y,4,0,1,2,A,-,09,21804,A,N,D,C,A,A,H,-,A,D,0,NA,NA,NA,NA,Y,NA,A,01,0,0,1,0,0,0,0,0,0,-,-,33.23773956298828,-117.23377990722656,SAN DIEGO,UNINCORPORATED,-117.23326110839844,33.237709045410156
91175073,2019,2020-01-28,9650,2019-11-23,1253,020422,NA,6,1,9,3700,0,3,5,NA,1,212,LILAC RD.,HIDEAWAY LAKE RD,449,N,N,A,-,N,NA,NA,NA,NA,NA,NA,NA,NA,NA,N,2,0,1,2,A,-,06,21750,A,F,H,G,A,A,H,-,A,D,0,NA,Y,NA,NA,Y,NA,A,07,1,0,0,0,0,0,1,0,0,-,-,33.234920501708984,-117.0500030517578,SAN DIEGO,UNINCORPORATED,-117.05206298828124,33.23675537109375
91175173,2020,2020-01-28,9650,2020-01-16,0630,016103,NA,4,1,9,3700,0,2,4,NA,2,061,S MISSION RD.,SR-76,528,N,N,A,-,N,NA,NA,NA,NA,NA,NA,NA,NA,NA,Y,4,0,2,3,A,-,03,22350,NA,N,C,C,A,A,H,-,C,D,0,NA,NA,NA,NA,Y,NA,D,22,0,0,2,0,0,0,0,0,0,-,-,33.2948112487793,-117.22265625,SAN DIEGO,UNINCORPORATED,-117.23429870605467,33.276790618896484
91175179,2020,2020-01-28,9645,2020-01-24,1909,021651,NA,5,2,6,3702,0,1,1,NA,2,009,I-805 N/B,ORANGE AVE O/C,500,S,N,A,-,Y,NA,NA,805,NA,NA,NA,NA,NA,N,Y,4,0,1,2,A,-,03,22350,NA,N,C,C,A,A,H,-,D,D,0,NA,NA,NA,NA,Y,NA,A,01,0,0,1,0,0,0,0,0,0,-,-,32.60438919067383,-117.03617095947266,SAN DIEGO,CHULA VISTA,-117.0361328125,32.60438919067383
91175199,2020,2020-01-28,9680,2020-01-16,0907,015578,NA,4,1,4,3720,0,1,3,NA,2,027,SR-94 EASTBOUND,COLLEGE AVE.,2112,W,N,A,-,Y,NA,NA,94,NA,NA,NA,NA,NA,E,N,3,0,1,1,A,-,08,22107,NA,N,F,A,A,A,H,-,A,D,0,NA,NA,Y,NA,Y,NA,C,02,0,1,0,0,0,0,0,0,1,-,-,32.736751556396484,-117.0557098388672,SAN DIEGO,LEMON GROVE,-117.05577850341795,32.736812591552734
91176428,2019,2020-01-29,9680,2019-11-09,0300,021828,Baron,6,3,9,3700,0,2,4,NA,1,013,WILDCAT CANYON ROAD,FOUNDERS WAY,13,S,N,A,-,N,NA,NA,NA,NA,NA,NA,NA,NA,NA,Y,2,0,3,1,A,-,08,22107,NA,F,E,I,A,A,H,-,C,D,0,NA,NA,NA,NA,Y,NA,A,01,2,0,1,0,0,0,0,0,0,-,-,32.93455123901367,-116.86871337890624,SAN DIEGO,UNINCORPORATED,-116.86859130859376,32.93454360961914
91177258,2020,2020-01-30,9645,2020-01-27,1810,017499,NA,1,2,5,3709,0,1,1,NA,2,009,I-805 SOUTHBOUND,PLAZA BLVD U/C,800,S,N,A,-,Y,NA,NA,805,NA,NA,NA,NA,NA,S,Y,4,0,4,3,A,-,03,22350,NA,N,C,C,A,A,H,-,C,D,0,NA,NA,NA,NA,Y,NA,D,22,0,0,4,0,0,0,0,0,0,-,-,32.67163848876953,-117.08226776123048,SAN DIEGO,NATIONAL CITY,-117.08230590820313,32.671627044677734
91181403,2020,2020-02-06,9680,2020-01-28,1700,018801,NA,2,2,5,3708,0,1,3,NA,2,028,SR-125 S/B,LEMON AVE,580,S,N,A,-,Y,NA,NA,125,NA,NA,NA,NA,NA,S,Y,4,0,1,2,A,-,03,22350,NA,N,C,C,A,A,H,-,A,D,0,NA,NA,NA,NA,Y,Y,A,01,0,0,1,0,0,0,0,0,0,-,-,32.76654815673828,-117.00238037109376,SAN DIEGO,LA MESA,-117.00234222412108,32.76655197143555
91181572,2020,2020-02-06,9650,2020-02-05,1115,017012,NA,3,1,9,3700,0,3,5,NA,2,211,CHAMPAGNE BLVD,DEER SPRINGS RD,35,N,N,A,-,Y,NA,NA,NA,NA,NA,NA,NA,NA,NA,N,4,0,1,2,A,-,03,22350,NA,N,C,C,A,A,H,-,A,D,0,NA,NA,NA,Y,Y,NA,F,26,0,0,1,0,0,0,0,0,0,-,-,33.198570251464844,-117.12374877929688,SAN DIEGO,UNINCORPORATED,-117.12368011474608,33.19846725463867
91181897,2020,2020-02-06,9680,2020-01-27,1850,020500,NA,1,2,9,3700,0,3,5,NA,2,009,3RD ST,H ST,260,S,N,A,-,N,NA,NA,NA,NA,NA,NA,NA,NA,NA,Y,4,0,3,2,A,-,09,21804,A,N,D,C,A,A,H,-,D,D,0,NA,NA,NA,NA,Y,NA,A,07,0,0,3,0,0,0,0,0,0,-,-,33.04310989379883,-116.85365295410156,SAN DIEGO,UNINCORPORATED,-116.8536376953125,33.04312515258789
91183609,2020,2020-02-10,9645,2020-02-07,1240,016779,NA,5,1,6,3702,0,1,1,NA,2,009,I-805 (N/B),BONITA RD,600,N,N,A,-,Y,NA,NA,805,NA,NA,NA,NA,NA,NA,Y,3,0,1,3,A,-,03,22350,NA,N,C,C,A,A,H,-,A,D,0,NA,NA,NA,NA,Y,NA,A,01,0,1,0,0,0,0,0,0,0,-,-,32.64936065673828,-117.06439971923828,SAN DIEGO,CHULA VISTA,-117.06437683105467,32.64942169189453
91184339,2020,2020-02-11,9645,2020-02-10,1605,017667,NA,1,2,7,3711,0,1,1,NA,2,011,I-805 S/B,UNIVERSITY AVE.,300,N,N,B,-,Y,NA,NA,805,NA,NA,NA,NA,NA,S,Y,4,0,1,2,A,-,03,22350,NA,N,C,C,A,A,H,-,A,D,0,NA,NA,NA,NA,Y,NA,D,22,0,0,1,0,0,0,0,0,0,-,-,32.75093078613281,-117.12338256835938,SAN DIEGO,SAN DIEGO,-117.1235122680664,32.750877380371094
91184418,2020,2020-02-11,9680,2020-02-01,2015,022233,NA,6,2,9,3700,0,2,4,NA,1,029,CALLE MARINERO,SWEETWATER SPRINGS BLVD,0,NA,Y,A,-,N,NA,NA,NA,NA,NA,NA,NA,NA,NA,Y,4,0,4,2,A,-,09,21802,A,N,D,C,A,A,H,-,C,A,0,NA,NA,NA,NA,Y,NA,A,01,0,0,4,0,0,0,0,0,0,-,-,32.72808074951172,-116.97100067138672,SAN DIEGO,UNINCORPORATED,-116.97087860107422,32.728111267089844
91185086,2020,2020-02-12,9645,2020-02-11,1510,015790,NA,2,2,7,3711,0,1,3,NA,2,023,SR-163 (SB),NB SR-163 (O/C) TO NB I-5,60,N,N,A,-,Y,NA,NA,163,NA,NA,NA,NA,NA,NA,Y,3,0,1,2,A,-,03,22350,NA,N,C,C,A,A,H,-,A,D,0,NA,NA,NA,NA,Y,NA,A,01,0,1,0,0,0,0,0,0,0,-,-,32.7515983581543,-117.1558837890625,SAN DIEGO,SAN DIEGO,-117.15589904785156,32.7515754699707
9118587,2020,2020-12-03,3711,2020-06-20,1201,SD7763,NA,6,5,7,3711,0,0,0,NA,0,111,STALMER ST,ATLAS ST,25,E,N,B,-,N,NA,NA,NA,NA,NA,NA,NA,NA,NA,Y,4,0,1,2,C,-,18,NA,NA,N,C,E,A,A,H,-,A,D,0,NA,NA,NA,NA,Y,NA,-,-,0,0,1,0,0,0,0,0,0,-,-,NA,NA,SAN DIEGO,SAN DIEGO,-117.15811920166016,32.80772018432617
9118595,2020,2020-09-09,3711,2020-06-20,2045,SD7759,NA,6,5,7,3711,0,0,0,NA,0,122,INGRAHAM ST,YOSEMITE ST,0,NA,Y,A,-,N,NA,NA,NA,NA,NA,NA,NA,NA,NA,N,4,0,1,3,A,-,08,22107,NA,N,B,E,A,A,H,-,C,D,0,NA,NA,NA,NA,Y,Y,A,01,0,0,1,0,0,0,0,0,0,-,-,NA,NA,SAN DIEGO,SAN DIEGO,-117.23657989501952,32.78123092651367
9118597,2020,2020-09-14,3711,2020-06-13,2025,SD6366,NA,6,5,7,3711,0,0,0,NA,0,822,EL CAJON BL,60TH ST,235,E,N,A,-,N,NA,NA,NA,NA,NA,NA,NA,NA,NA,N,2,0,1,2,-,-,-,NA,A,N,G,B,E,A,H,-,C,D,0,Y,NA,NA,NA,Y,NA,N,60,1,0,0,0,1,0,0,0,0,-,-,NA,NA,SAN DIEGO,SAN DIEGO,-117.06807708740234,32.7608528137207
91188388,2020,2020-02-18,9650,2020-02-13,1745,016516,NA,4,2,9,3700,0,1,1,NA,2,022,I-15 N/B,RAINBOW VALLEY BLVD,3000,S,N,A,-,Y,NA,NA,15,NA,NA,NA,NA,NA,N,N,4,0,1,3,A,-,07,21658,A,F,B,C,A,A,H,-,D,D,0,NA,NA,Y,NA,Y,NA,A,01,0,0,1,0,0,0,0,0,1,-,-,33.42390060424805,-117.15225219726563,SAN DIEGO,UNINCORPORATED,-117.15213012695313,33.4238166809082
91188643,2020,2021-09-28,9680,2020-02-05,1045,021501,NA,3,1,9,3700,0,1,3,NA,1,051,SR-79,JULIAN ESTATES RD,2112,N,N,A,-,Y,NA,NA,79,NA,NA,NA,NA,NA,NA,Y,4,0,1,1,A,-,08,22107,NA,N,E,I,A,A,H,-,A,D,0,NA,NA,NA,NA,Y,NA,A,01,0,0,1,0,0,0,0,0,0,-,-,33.04512023925781,-116.56674194335938,SAN DIEGO,UNINCORPORATED,-116.56673431396484,33.04512405395508
9119098,2020,2020-09-15,3711,2020-06-29,1640,SD7219,NA,1,5,7,3711,0,0,0,NA,0,315,CAMINO DEL RIO S,AUTO CIR,1320,E,N,A,-,N,NA,NA,NA,NA,NA,NA,NA,NA,NA,Y,4,0,1,2,A,-,09,21801,A,N,D,C,A,A,H,-,A,D,0,NA,NA,Y,NA,Y,NA,A,01,0,0,1,0,0,0,0,0,1,-,-,NA,NA,SAN DIEGO,SAN DIEGO,-117.15052795410156,32.76592254638672
9119101,2020,2020-09-18,3711,2020-06-29,2036,SD5923,NA,1,5,7,3711,0,0,0,NA,0,614,SUNSET CLIFFS BL,NIMITZ BL,0,NA,Y,A,-,N,NA,NA,NA,NA,NA,NA,NA,NA,NA,N,3,0,1,2,-,-,-,NA,NA,N,B,C,A,A,H,-,C,A,0,NA,NA,Y,NA,Y,Y,-,-,0,1,0,0,0,0,0,0,1,-,-,NA,NA,SAN DIEGO,SAN DIEGO,-117.23729705810548,32.754119873046875
91191163,2020,2020-06-22,9650,2020-02-15,0950,018550,NA,6,1,9,3700,0,1,1,NA,2,003,I-5 S/B,WIRE MOUNTAIN RD,300,N,N,A,-,Y,NA,NA,5,NA,NA,NA,NA,NA,S,Y,4,0,4,3,A,-,03,22350,NA,N,C,C,A,A,H,-,A,D,0,NA,NA,NA,NA,Y,NA,A,01,0,0,4,0,0,0,0,0,0,-,-,33.21651840209961,-117.3905029296875,SAN DIEGO,UNINCORPORATED,-117.39054107666016,33.21650695800781
9119203,2020,2020-09-29,3711,2020-07-04,1800,SD7119,NA,6,5,7,3711,0,0,0,NA,0,515,IMPERIAL AV,S 30TH ST,7,N,N,A,-,N,NA,NA,NA,NA,NA,NA,NA,NA,NA,N,4,0,5,2,A,-,12,21453,A,N,D,C,A,A,H,-,A,A,0,NA,NA,NA,NA,Y,NA,A,01,0,0,5,0,0,0,0,0,0,-,-,NA,NA,SAN DIEGO,SAN DIEGO,-117.1295166015625,32.70640182495117
9119215,2020,2020-09-23,3711,2020-07-01,1238,SD7863,NA,3,5,7,3711,0,0,0,NA,0,451,COLLEGE AV,COLLEGE GROVE DR,0,NA,Y,A,-,N,NA,NA,NA,NA,NA,NA,NA,NA,NA,N,4,0,1,3,A,-,12,21453,A,N,D,D,A,A,H,-,A,A,0,NA,NA,NA,NA,Y,Y,A,01,0,0,1,0,0,0,0,0,0,-,-,NA,NA,SAN DIEGO,SAN DIEGO,-117.05364227294922,32.744361877441406
91193107,2020,2020-02-25,9650,2020-02-22,1930,021406,NA,6,2,9,3700,0,3,5,NA,1,160,WEST LILAC ROAD,CAMINO DEL REY,1320,E,N,B,-,N,NA,NA,NA,NA,NA,NA,NA,NA,NA,Y,3,0,1,1,A,-,01,23152,A,N,E,I,A,A,H,-,D,D,0,NA,NA,NA,NA,Y,Y,A,01,0,1,0,0,0,0,0,0,0,-,-,33.29393005371094,-117.2155303955078,SAN DIEGO,UNINCORPORATED,-117.21646881103516,33.290138244628906
91193129,2020,2020-02-25,9645,2020-02-14,1025,019054,NA,5,1,7,3711,0,1,1,NA,2,010,I-8 E/B,I-15 O/C,100,W,N,A,-,Y,NA,NA,8,NA,NA,NA,NA,NA,E,Y,4,0,1,2,A,-,17,22109,NA,F,E,I,A,A,H,-,A,D,0,NA,NA,NA,NA,Y,NA,A,01,0,0,1,0,0,0,0,0,0,-,-,32.77859115600586,-117.11277770996094,SAN DIEGO,SAN DIEGO,-117.11277770996094,32.778499603271484
91193538,2020,2020-02-25,9680,2020-02-12,1107,015578,NA,3,1,5,3708,0,1,3,NA,2,028,SR-125 SOUTHBOUND,LEMON AVE.,1056,S,N,A,-,Y,NA,NA,125,NA,NA,NA,NA,NA,S,Y,4,0,3,5,A,-,03,22350,NA,N,C,C,A,A,H,-,A,D,0,NA,NA,NA,NA,Y,NA,A,01,0,0,3,0,0,0,0,0,0,-,-,32.764381408691406,-117.00222778320313,SAN DIEGO,LA MESA,-117.00220489501952,32.764381408691406
91193544,2020,2020-02-25,9680,2020-02-12,2055,019910,NA,3,2,9,3700,0,3,5,NA,2,003,WILLOWS RD,HILLCREST DR,480,W,N,A,-,N,NA,NA,NA,NA,NA,NA,NA,NA,NA,Y,2,0,3,3,A,-,08,22107,NA,N,A,C,A,A,H,-,D,A,0,NA,NA,NA,NA,Y,Y,A,01,2,1,0,0,0,0,0,0,0,-,-,32.83430099487305,-116.7251205444336,SAN DIEGO,UNINCORPORATED,-116.72513580322266,32.834320068359375
91193891,2020,2020-02-26,9680,2020-02-14,0430,020720,NA,5,3,9,3700,0,2,4,NA,1,025,JAMACHA ROAD,SWEETWATER ROAD,0,NA,Y,A,-,N,NA,NA,NA,NA,NA,NA,NA,NA,NA,N,4,0,1,2,A,-,12,21453,A,N,D,C,A,A,H,-,C,A,0,NA,NA,NA,NA,Y,NA,-,-,0,0,1,0,0,0,0,0,0,-,-,32.71480178833008,-117.01268005371094,SAN DIEGO,UNINCORPORATED,-117.0127182006836,32.714759826660156
91194850,2020,2020-02-27,9645,2020-02-12,1845,016137,NA,3,2,7,3711,0,1,1,NA,2,007,I-5 S/B FROM DEL MAR HEIGHTS RD,DEL MAR HEIGHTS RD,100,S,N,A,-,Y,NA,NA,5,NA,NA,NA,R,NA,S,Y,4,0,1,2,A,-,03,22350,NA,N,C,C,A,A,H,-,A,A,0,NA,NA,NA,NA,Y,NA,A,01,0,0,1,0,0,0,0,0,0,-,-,32.94729995727539,-117.2436981201172,SAN DIEGO,SAN DIEGO,-117.2436981201172,32.94729995727539
91195041,2020,2020-02-27,9680,2020-02-15,1205,017011,NA,6,1,9,3700,0,3,5,NA,2,002,SPRING STREET,BROADWAY,178,N,N,A,-,N,NA,NA,NA,NA,NA,NA,NA,NA,NA,N,3,0,1,1,C,-,18,NA,NA,N,H,A,A,A,H,-,A,D,0,NA,Y,NA,NA,Y,NA,-,-,0,1,0,0,0,0,1,0,0,-,-,32.75279998779297,-117.0109405517578,SAN DIEGO,UNINCORPORATED,-117.01078033447266,32.75278854370117
9119634,2020,2020-09-10,3711,2020-06-19,1731,SD5939,NA,5,5,7,3711,0,0,0,NA,0,627,WEST WASHINGTON ST,W WASHINGTON ST 500,0,NA,Y,B,-,N,NA,NA,NA,NA,NA,NA,NA,NA,NA,N,3,0,1,2,A,-,10,21950,A,N,-,B,B,A,H,-,A,A,0,Y,NA,NA,NA,Y,NA,A,01,0,1,0,0,1,0,0,0,0,-,-,NA,NA,SAN DIEGO,SAN DIEGO,NA,NA
9119981,2020,2020-09-26,3711,2020-07-09,1809,SD7399,NA,4,5,7,3711,0,0,0,NA,0,712,EAST SAN YSIDRO BL,LOUISIANA AV,0,NA,Y,B,-,N,NA,NA,NA,NA,NA,NA,NA,NA,NA,N,4,0,1,2,A,-,05,21650,NA,N,G,G,A,A,H,-,A,D,0,NA,Y,NA,NA,Y,NA,L,04,0,0,1,0,0,0,1,0,0,-,-,NA,NA,SAN DIEGO,SAN DIEGO,-117.03758239746094,32.550559997558594
91203046,2020,2020-03-06,9645,2020-03-05,1800,020180,NA,4,2,7,3711,0,1,3,NA,2,023,SR-163 S/B,RICHMOND ST,200,S,N,A,-,Y,NA,NA,163,NA,NA,NA,NA,NA,S,N,4,0,1,2,A,-,03,22350,NA,N,C,C,A,A,H,-,D,D,0,NA,NA,NA,NA,Y,NA,A,01,0,0,1,0,0,0,0,0,0,-,-,32.73609161376953,-117.15603637695313,SAN DIEGO,SAN DIEGO,-117.1560287475586,32.73609161376953
91203343,2020,2020-03-06,9680,2020-02-09,2035,021588,NA,7,2,9,3700,0,3,5,NA,2,002,TROY ST,SWEETWATER RD,55,E,N,A,-,N,NA,NA,NA,NA,NA,NA,NA,NA,NA,Y,4,0,2,3,A,-,01,23152,A,N,C,C,A,A,H,-,C,A,0,NA,NA,NA,NA,Y,Y,A,07,0,0,2,0,0,0,0,0,0,-,-,32.73667907714844,-117.01421356201172,SAN DIEGO,UNINCORPORATED,-117.01428985595705,32.73667907714844
91204343,2020,2020-03-09,9645,2020-03-03,0740,017723,NA,2,1,5,3709,0,1,1,NA,2,009,I-805 N/B,LOGAN AVE.,270,S,N,A,-,Y,NA,NA,NA,NA,NA,NA,NA,NA,NA,Y,4,0,1,3,A,-,03,22350,NA,N,C,C,A,A,H,-,A,D,0,NA,NA,NA,NA,Y,NA,A,01,0,0,1,0,0,0,0,0,0,-,-,32.695899963378906,-117.0947036743164,SAN DIEGO,NATIONAL CITY,-117.09475708007813,32.69606018066406
91205069,2020,2020-03-10,9680,2020-02-27,0740,015410,NA,4,1,9,3700,0,1,3,NA,1,017,SR-67 N/B,POSTHILL RD,1584,N,N,A,-,Y,NA,NA,67,NA,NA,NA,NA,NA,N,Y,4,0,1,4,A,-,03,22350,NA,N,C,C,A,A,H,-,A,D,0,NA,NA,NA,NA,Y,NA,D,22,0,0,1,0,0,0,0,0,0,-,-,32.892799377441406,-116.93225860595705,SAN DIEGO,UNINCORPORATED,-116.9323272705078,32.892791748046875
91205530,2020,2020-03-10,9650,2020-03-04,1721,021327,NA,3,2,6,3710,0,1,1,NA,2,005,I-5 N/B,BROOKS ST,560,S,N,A,-,Y,NA,NA,5,NA,NA,NA,NA,NA,N,Y,3,0,1,1,A,-,03,22350,NA,N,F,A,A,A,H,-,A,D,0,NA,NA,Y,NA,Y,NA,C,02,0,1,0,0,0,0,0,0,1,-,-,33.195220947265625,-117.36609649658205,SAN DIEGO,OCEANSIDE,-117.3661651611328,33.195167541503906