CASE_ID,ACCIDENT_YEAR,PROC_DATE,JURIS,COLLISION_DATE,COLLISION_TIME,OFFICER_ID,REPORTING_DISTRICT,DAY_OF_WEEK,CHP_SHIFT,POPULATION,CNTY_CITY_LOC,SPECIAL_COND,BEAT_TYPE,CHP_BEAT_TYPE,CITY_DIVISION_LAPD,CHP_BEAT_CLASS,BEAT_NUMBER,PRIMARY_RD,SECONDARY_RD,DISTANCE,DIRECTION,INTERSECTION,WEATHER_1,WEATHER_2,STATE_HWY_IND,CALTRANS_COUNTY,CALTRANS_DISTRICT,STATE_ROUTE,ROUTE_SUFFIX,POSTMILE_PREFIX,POSTMILE,LOCATION_TYPE,RAMP_INTERSECTION,SIDE_OF_HWY,TOW_AWAY,COLLISION_SEVERITY,NUMBER_KILLED,NUMBER_INJURED,PARTY_COUNT,PRIMARY_COLL_FACTOR,PCF_CODE_OF_VIOL,PCF_VIOL_CATEGORY,PCF_VIOLATION,PCF_VIOL_SUBSECTION,HIT_AND_RUN,TYPE_OF_COLLISION,MVIW,PED_ACTION,ROAD_SURFACE,ROAD_COND_1,ROAD_COND_2,LIGHTING,CONTROL_DEVICE,CHP_ROAD_TYPE,PEDESTRIAN_ACCIDENT,BICYCLE_ACCIDENT,MOTORCYCLE_ACCIDENT,TRUCK_ACCIDENT,NOT_PRIVATE_PROPERTY,ALCOHOL_INVOLVED,STWD_VEHTYPE_AT_FAULT,CHP_VEHTYPE_AT_FAULT,COUNT_SEVERE_INJ,COUNT_VISIBLE_INJ,COUNT_COMPLAINT_PAIN,COUNT_PED_KILLED,COUNT_PED_INJURED,COUNT_BICYCLIST_KILLED,COUNT_BICYCLIST_INJURED,COUNT_MC_KILLED,COUNT_MC_INJURED,PRIMARY_RAMP,SECONDARY_RAMP,LATITUDE,LONGITUDE,COUNTY,CITY,POINT_X,POINT_Y
91255567,2020,2020-06-22,9680,2020-06-18,1150,013686,NA,4,1,5,3705,0,1,3,NA,2,016,SR-67 S/B,BROADWAY,10,N,N,B,-,Y,NA,NA,NA,NA,NA,NA,NA,NA,NA,Y,4,0,1,2,A,-,08,22107,NA,N,E,I,A,A,H,-,A,D,0,NA,NA,NA,Y,Y,NA,A,01,0,0,1,0,0,0,0,0,0,-,-,32.80788040161133,-116.96025848388672,SAN DIEGO,EL CAJON,NA,NA
91255613,2020,2020-06-22,9680,2020-06-18,1238,018672,NA,4,1,9,3700,0,1,3,NA,1,051,SR-79,SUNRISE HIGHWAY,4752,S,N,A,-,Y,NA,NA,79,NA,NA,NA,NA,NA,NA,Y,3,0,2,1,A,-,03,22350,NA,N,F,A,A,A,H,-,A,D,0,NA,NA,Y,NA,Y,NA,C,02,0,2,0,0,0,0,0,0,2,-,-,32.99882125854492,-116.5668487548828,SAN DIEGO,UNINCORPORATED,-116.56689453125,32.99885940551758
91256313,2020,2020-06-23,9650,2020-06-16,1735,017780,NA,2,2,5,3701,0,1,1,NA,2,005,I-5 S/B,TAMARACK AVE,1320,N,N,A,-,Y,NA,NA,5,NA,NA,NA,NA,NA,S,N,4,0,1,2,A,-,07,21658,A,F,E,I,A,A,H,-,A,D,0,NA,NA,NA,NA,Y,NA,A,01,0,0,1,0,0,0,0,0,0,-,-,33.155479431152344,-117.33849334716795,SAN DIEGO,CARLSBAD,-117.33847045898438,33.15549087524414
9126051,2020,2020-08-11,3709,2020-05-12,0842,NC0526,NA,2,5,5,3709,0,0,0,NA,0,020,WEST 8TH ST,ROOSEVELT AV,136,W,N,A,-,N,NA,NA,NA,NA,NA,NA,NA,NA,NA,N,4,0,1,2,A,-,-,NA,NA,F,G,B,D,A,A,-,A,D,0,Y,NA,NA,NA,Y,NA,A,07,0,0,1,0,1,0,0,0,0,-,-,NA,NA,SAN DIEGO,NATIONAL CITY,-117.10839080810548,32.67543411254883
91261592,2020,2020-07-01,9650,2020-06-19,1605,019270,NA,5,2,9,3700,0,1,1,NA,2,022,I-15 N/B,SR-76,4224,N,N,A,-,Y,NA,NA,15,NA,NA,NA,NA,NA,N,N,4,0,1,2,A,-,03,22350,NA,N,C,C,A,A,H,-,A,D,0,NA,NA,NA,NA,Y,NA,D,22,0,0,1,0,0,0,0,0,0,-,-,33.343780517578125,-117.15897369384766,SAN DIEGO,UNINCORPORATED,-117.15892791748048,33.343780517578125
91261765,2020,2020-07-01,9645,2020-06-24,1635,017499,NA,3,2,5,3709,0,1,3,NA,2,008,SR-54 EASTBOUND,I-805 O/C,158,E,N,A,-,Y,NA,NA,54,NA,NA,NA,NA,NA,E,Y,3,0,1,2,A,-,08,22107,NA,N,E,I,A,A,H,-,A,D,0,NA,NA,NA,NA,Y,NA,A,08,0,1,0,0,0,0,0,0,0,-,-,32.658050537109375,-117.07301330566406,SAN DIEGO,NATIONAL CITY,-117.07306671142578,32.65839767456055
91263129,2020,2020-07-03,9680,2020-07-01,1635,017928,NA,3,2,9,3700,0,1,3,NA,1,090,STATE HIGHWAY 67,KAY DEE LN,335,N,N,A,-,Y,NA,NA,67,NA,NA,NA,NA,NA,NA,Y,3,0,2,2,A,-,09,21804,A,N,D,C,A,A,H,-,A,D,0,NA,NA,NA,NA,Y,NA,A,01,0,1,1,0,0,0,0,0,0,-,-,33.01079177856445,-116.93959045410156,SAN DIEGO,UNINCORPORATED,-116.93958282470705,33.010704040527344
91263345,2020,2020-07-06,9650,2020-06-28,0105,019549,NA,7,3,6,3706,0,1,3,NA,2,019,SR-78 E/B,BROADWAY,50,W,N,B,-,Y,NA,NA,78,NA,NA,NA,NA,NA,E,Y,4,0,1,3,A,-,01,23152,A,N,C,C,A,A,H,-,C,A,0,NA,NA,NA,NA,Y,Y,A,01,0,0,1,0,0,0,0,0,0,-,-,33.132850646972656,-117.08676147460938,SAN DIEGO,ESCONDIDO,-117.08672332763672,33.13276290893555
91264010,2020,2020-07-06,9650,2020-07-02,1325,021327,NA,4,1,9,3700,0,1,3,NA,2,065,SR-76,I-15,250,W,N,A,-,Y,NA,NA,76,NA,NA,NA,NA,NA,NA,Y,4,0,2,4,A,-,03,22350,NA,N,C,C,A,A,H,-,A,D,0,NA,NA,NA,NA,Y,NA,D,22,0,0,2,0,0,0,0,0,0,-,-,33.32925033569336,-117.1613311767578,SAN DIEGO,UNINCORPORATED,-117.16136169433594,33.329280853271484
91264526,2020,2020-07-07,9645,2020-06-25,1935,015790,NA,4,2,7,3711,0,1,3,NA,2,023,SR-163 (S/B) TO I-5 (S/B),PARK BLVD (O/C),20,S,N,B,-,Y,NA,NA,NA,NA,NA,NA,NA,NA,NA,Y,3,0,1,1,A,-,08,22107,NA,N,E,I,A,A,H,-,C,A,0,NA,NA,NA,NA,Y,Y,A,01,0,1,0,0,0,0,0,0,0,-,-,32.82109832763672,-117.14309692382813,SAN DIEGO,SAN DIEGO,NA,NA
91265220,2020,2020-07-08,9680,2020-06-29,1005,017389,NA,1,1,5,3708,0,1,1,NA,2,081,I-8 W/B FROM JACKSON DR,JACKSON DR,200,W,N,B,C,Y,NA,NA,8,NA,NA,NA,R,NA,W,N,3,0,1,2,A,-,03,22350,NA,N,D,C,A,B,H,-,A,D,0,NA,NA,NA,NA,Y,NA,D,22,0,1,0,0,0,0,0,0,0,-,-,32.77544021606445,-117.01345825195313,SAN DIEGO,LA MESA,-117.01345825195313,32.77544021606445
91266639,2020,2020-07-10,9645,2020-06-12,0025,020623,NA,5,3,7,3711,0,3,5,NA,2,111,I-5 N/B,CAMINO DE LA PLAZA,500,S,N,B,-,Y,NA,NA,NA,NA,NA,NA,NA,NA,NA,N,3,0,1,1,C,-,18,NA,NA,N,H,A,A,A,H,-,D,D,0,NA,NA,NA,NA,Y,NA,-,-,0,1,0,0,0,0,0,0,0,-,-,32.54405975341797,-117.03057861328124,SAN DIEGO,SAN DIEGO,-117.0312042236328,32.54359817504883
91269141,2020,2020-07-15,9680,2020-07-10,1619,022106,NA,5,2,9,3700,0,2,4,NA,1,031,SUNRISE HWY,OLD HIGHWAY 80,13200,N,N,A,-,N,NA,NA,NA,NA,NA,NA,NA,NA,NA,Y,4,0,1,1,A,-,03,22350,NA,N,F,A,A,A,H,-,A,D,0,NA,NA,Y,NA,Y,NA,C,02,0,0,1,0,0,0,0,0,1,-,-,32.83892822265625,-116.4951400756836,SAN DIEGO,UNINCORPORATED,-116.51081085205078,32.81087875366211
91269180,2020,2020-07-15,9650,2020-07-09,1900,020771,NA,4,2,5,3712,0,1,3,NA,2,019,SR-78 W/B,NORDAHL RD.,1426,W,N,A,-,Y,NA,NA,78,NA,NA,NA,NA,NA,W,Y,2,0,2,2,A,-,08,22107,NA,N,C,C,A,A,H,-,A,D,0,NA,NA,NA,Y,Y,NA,A,01,1,1,0,0,0,0,0,0,0,-,-,33.13410949707031,-117.1257781982422,SAN DIEGO,SAN MARCOS,-117.12577056884766,33.134124755859375
91270158,2020,2020-07-17,9680,2020-07-12,2300,021800,NA,7,3,9,3700,0,3,5,NA,2,002,MERRITT DR,MERRITT TER,260,W,N,A,-,Y,NA,NA,NA,NA,NA,NA,NA,NA,NA,Y,4,0,1,1,A,-,08,22107,NA,N,E,J,A,A,H,-,D,D,0,NA,NA,NA,NA,Y,Y,A,01,0,0,1,0,0,0,0,0,0,-,-,32.780128479003906,-116.93569946289063,SAN DIEGO,UNINCORPORATED,-116.93566131591795,32.78014373779297
9127058,2020,2020-09-08,3700,2020-07-31,1500,SH0313,NA,5,5,5,3782,0,0,0,NA,0,215,EL CAMINO REAL,VIA MOLENA,368,N,N,A,-,N,NA,NA,NA,NA,NA,NA,NA,NA,NA,N,4,0,1,3,A,-,03,22350,NA,N,C,C,A,A,H,-,A,D,0,NA,NA,NA,NA,Y,NA,J,48,0,0,1,0,0,0,0,0,0,-,-,NA,NA,SAN DIEGO,ENCINITAS,-117.26024627685548,33.04971694946289
91271742,2020,2020-07-21,9645,2020-06-23,1633,018678,NA,2,2,7,3711,0,1,1,NA,2,009,I-805 (S/B),GREENWOOD RAILROAD O/C,150,N,N,A,-,Y,NA,NA,805,NA,NA,NA,NA,NA,NA,Y,4,0,1,1,A,-,08,22107,NA,N,E,I,A,A,H,-,A,D,0,NA,NA,NA,NA,Y,NA,A,07,0,0,1,0,0,0,0,0,0,-,-,32.70808029174805,-117.09781646728516,SAN DIEGO,SAN DIEGO,-117.09774780273438,32.70815658569336
91272544,2020,2020-09-28,9645,2020-06-29,1750,020992,NA,1,2,7,3711,0,1,1,NA,2,010,I-8 WESTBOUND,SR-163,500,E,N,A,-,Y,NA,NA,NA,NA,NA,NA,NA,NA,NA,Y,4,0,2,2,A,-,07,21658,A,N,D,C,A,A,H,-,A,D,0,NA,NA,NA,NA,Y,NA,A,07,0,0,2,0,0,0,0,0,0,-,-,32.67816162109375,-117.21296691894533,SAN DIEGO,SAN DIEGO,-117.16213989257813,32.76332473754883
9127315,2020,2020-09-28,3708,2020-07-06,1850,LM1273,NA,1,5,5,3708,0,0,0,NA,0,002,GROSSMONT BL,LA MESA BL,128,E,N,A,-,N,NA,NA,NA,NA,NA,NA,NA,NA,NA,Y,4,0,2,3,A,-,08,22107,NA,N,B,E,A,A,H,-,A,D,0,NA,NA,NA,NA,Y,NA,A,01,0,0,2,0,0,0,0,0,0,-,-,NA,NA,SAN DIEGO,LA MESA,-117.00473022460938,32.77341842651367
91273922,2020,2020-07-24,9645,2020-07-13,2045,018678,NA,1,2,6,3702,0,1,1,NA,2,009,I-805 (N/B),BONITA ROAD U/C,1000,N,N,A,-,Y,NA,NA,805,NA,NA,NA,NA,NA,NA,Y,4,0,1,2,A,-,03,22350,NA,N,C,C,A,A,D,H,C,A,0,NA,NA,NA,NA,Y,NA,D,22,0,0,1,0,0,0,0,0,0,-,-,32.6520881652832,-117.06842803955078,SAN DIEGO,CHULA VISTA,-117.06848907470705,32.65202331542969
91273978,2020,2020-07-24,9645,2020-07-23,0829,020623,NA,4,1,6,3702,0,1,1,NA,2,001,I-5 N/B,L STREET,1848,S,N,B,-,Y,NA,NA,5,NA,NA,NA,NA,NA,N,Y,4,0,1,2,A,-,03,22350,NA,N,C,C,A,A,H,-,A,D,0,NA,NA,NA,Y,Y,NA,F,26,0,0,1,0,0,0,0,0,0,-,-,32.60966873168945,-117.09044647216795,SAN DIEGO,CHULA VISTA,-117.09046936035156,32.60966873168945
91274442,2020,2020-07-27,9650,2020-07-21,1700,020497,NA,2,2,5,3782,0,1,1,NA,2,007,I-5 N/B,LA COSTA AVE,730,S,N,B,-,Y,NA,NA,5,NA,NA,NA,NA,NA,N,Y,3,0,4,3,A,-,03,22350,NA,N,C,C,A,A,D,-,A,D,0,NA,NA,NA,NA,Y,NA,D,22,0,1,3,0,0,0,0,0,0,-,-,33.082740783691406,-117.29747772216795,SAN DIEGO,ENCINITAS,-117.29743194580078,33.08275604248047
91275352,2020,2020-07-28,9645,2020-07-22,1450,016061,NA,3,2,7,3711,0,1,1,NA,2,003,I-5 S/B,SR-75,300,S,N,A,-,Y,NA,NA,5,NA,NA,NA,NA,NA,S,N,4,0,1,4,A,-,03,22350,NA,F,C,C,A,A,H,-,A,D,0,NA,NA,NA,NA,Y,NA,-,99,0,0,1,0,0,0,0,0,0,-,-,32.69902038574219,-117.13958740234376,SAN DIEGO,SAN DIEGO,-117.13961791992188,32.698978424072266
91276232,2020,2020-07-29,9650,2020-07-26,1615,018496,NA,7,2,6,3706,0,1,1,NA,2,023,I-15 S/B,VALLEY PKY,1000,S,N,A,-,Y,NA,NA,15,NA,NA,NA,NA,NA,S,N,2,0,1,1,A,-,03,22350,NA,N,F,A,A,A,H,-,A,D,0,NA,NA,Y,NA,Y,NA,C,02,1,0,0,0,0,0,0,0,1,-,-,33.11259841918945,-117.09783172607422,SAN DIEGO,ESCONDIDO,-117.09758758544922,33.11273956298828
9127974,2020,2020-10-07,3711,2020-07-31,1700,SD7144,NA,5,5,7,3711,0,0,0,NA,0,311,SANDROCK RD,HAMMDOND DR,180,N,N,A,-,N,NA,NA,NA,NA,NA,NA,NA,NA,NA,Y,3,0,1,2,A,-,09,21804,A,N,D,C,A,A,H,-,A,D,0,NA,NA,NA,NA,Y,NA,A,01,0,1,0,0,0,0,0,0,0,-,-,NA,NA,SAN DIEGO,SAN DIEGO,-117.14013671875,32.80487823486328
91279915,2020,2020-08-03,9650,2020-07-22,1205,016997,NA,3,1,9,3700,0,1,1,NA,2,003,I-5 N/B,FALLBROOK OH (N/B),1056,N,N,A,-,Y,NA,NA,5,NA,NA,NA,NA,NA,N,Y,4,0,1,3,A,-,03,22350,NA,N,C,C,A,A,H,-,A,D,0,NA,NA,NA,NA,Y,NA,A,01,0,0,1,0,0,0,0,0,0,-,-,33.228179931640625,-117.39755249023438,SAN DIEGO,UNINCORPORATED,-117.3975067138672,33.22822570800781
91280695,2020,2020-08-04,9650,2020-08-04,0708,015446,NA,2,1,9,3700,0,3,5,NA,2,150,EAST VISTA WAY,GOPHER CANYON RD,100,N,N,A,-,N,NA,NA,NA,NA,NA,NA,NA,NA,NA,N,4,0,1,2,A,-,03,22350,NA,N,C,C,A,A,H,-,A,D,0,NA,NA,NA,NA,Y,NA,D,22,0,0,1,0,0,0,0,0,0,-,-,33.24755096435547,-117.22833251953124,SAN DIEGO,UNINCORPORATED,-117.22812652587892,33.24730682373047
9128280,2020,2020-09-21,3711,2020-07-06,1804,SD7073,NA,1,5,7,3711,0,0,0,NA,0,123,WEST MISSION BAY DR,OLLIE ST,0,NA,N,A,-,N,NA,NA,NA,NA,NA,NA,NA,NA,NA,N,3,0,2,2,A,-,03,22350,NA,N,C,C,A,A,H,-,A,D,0,NA,NA,NA,NA,Y,NA,A,01,0,1,1,0,0,0,0,0,0,-,-,NA,NA,SAN DIEGO,SAN DIEGO,NA,NA
91285940,2020,2020-08-13,9680,2020-08-09,2000,022183,NA,7,2,9,3700,0,2,4,NA,1,011,HIGHWAY 8 BUSINESS,LOS COCHES RD,100,W,N,A,-,N,NA,NA,NA,NA,NA,NA,NA,NA,NA,Y,4,0,1,2,A,-,01,23152,A,N,C,C,A,A,H,-,B,A,0,NA,NA,NA,NA,Y,Y,A,01,0,0,1,0,0,0,0,0,0,-,-,32.83203887939453,-116.90579223632813,SAN DIEGO,UNINCORPORATED,-116.90364837646484,32.82651901245117
91286332,2020,2020-08-14,9680,2020-08-09,1814,021901,NA,7,2,9,3700,0,1,3,NA,1,052,SR-78,SPRINGVIEW RD.,2112,E,N,A,-,Y,NA,NA,78,NA,NA,NA,NA,NA,NA,Y,2,0,1,2,A,-,05,21460,A,N,A,C,A,A,H,-,A,A,0,NA,NA,Y,NA,Y,NA,C,02,1,0,0,0,0,0,0,0,1,-,-,33.09741973876953,-116.64617919921876,SAN DIEGO,UNINCORPORATED,-116.64622497558594,33.09738540649414
91286752,2020,2020-08-17,9650,2020-08-10,1245,020422,NA,1,1,9,3700,0,2,4,NA,2,061,S. MISSION RD. N/B,OLIVE HILL RD,15,S,N,A,-,N,NA,NA,NA,NA,NA,NA,NA,NA,NA,Y,4,0,1,2,A,-,01,23152,A,N,C,C,A,A,H,-,A,A,0,NA,NA,NA,NA,Y,Y,A,01,0,0,1,0,0,0,0,0,0,-,-,33.348140716552734,-117.24353790283205,SAN DIEGO,UNINCORPORATED,-117.2436065673828,33.34814453125
9128766,2020,2020-10-02,3711,2020-07-08,1822,SD7862,NA,3,5,7,3711,0,0,0,NA,0,934,CARMEL VALLEY RD,OLD EL CAMINO REAL,446,W,N,A,-,N,NA,NA,NA,NA,NA,NA,NA,NA,NA,N,4,0,1,2,A,-,08,22107,NA,N,B,C,A,A,H,-,A,A,0,NA,NA,NA,NA,Y,NA,A,01,0,0,1,0,0,0,0,0,0,-,-,NA,NA,SAN DIEGO,SAN DIEGO,-117.24063873291016,32.932735443115234
91288040,2020,2020-08-18,9680,2020-08-10,0852,022021,NA,1,1,9,3700,0,2,4,NA,1,025,SWEETWATER RD,TYLER ST,35,S,N,A,-,N,NA,NA,NA,NA,NA,NA,NA,NA,NA,Y,4,0,1,2,A,-,01,23152,A,N,C,C,A,A,H,-,A,A,0,NA,NA,NA,NA,Y,Y,D,22,0,0,1,0,0,0,0,0,0,-,-,32.730228424072266,-117.01448059082033,SAN DIEGO,UNINCORPORATED,-117.01448822021484,32.73027420043945
9128909,2020,2020-09-28,3711,2020-07-16,0009,SD6513,NA,4,5,7,3711,0,0,0,NA,0,721,MAIN ST,WEST FRONTAGE RD,66,E,N,A,-,N,NA,NA,NA,NA,NA,NA,NA,NA,NA,N,3,0,3,1,A,-,03,22350,NA,M,E,I,A,A,H,-,D,A,0,NA,NA,NA,NA,Y,NA,A,01,0,2,1,0,0,0,0,0,0,-,-,NA,NA,SAN DIEGO,SAN DIEGO,-117.09066009521484,32.59506607055664
91290109,2020,2020-08-21,9650,2020-08-14,0840,019270,NA,5,1,9,3700,0,3,5,NA,1,212,VESPER RD,VALLEY CENTER RD,40,E,N,A,-,N,NA,NA,NA,NA,NA,NA,NA,NA,NA,N,4,0,1,2,A,-,03,22350,NA,N,C,C,A,A,H,-,A,D,0,NA,NA,NA,NA,Y,NA,A,01,0,0,1,0,0,0,0,0,0,-,-,33.23141860961914,-117.0202865600586,SAN DIEGO,UNINCORPORATED,-117.02040100097656,33.23136901855469
91290405,2020,2020-08-21,9680,2020-08-15,1240,015912,NA,6,1,5,3705,0,1,1,NA,2,082,I-8 E/B,JOHNSON AVE,258,W,N,A,-,Y,NA,NA,8,NA,NA,NA,NA,NA,E,Y,4,0,2,2,A,-,07,21658,A,N,B,C,A,A,H,-,A,A,0,NA,NA,NA,NA,Y,NA,A,01,0,0,2,0,0,0,0,0,0,-,-,32.80038070678711,-116.97518157958984,SAN DIEGO,EL CAJON,-116.9752197265625,32.8004150390625
91290525,2020,2020-08-21,9650,2020-08-15,1354,019594,NA,6,1,9,3700,0,1,3,NA,2,065,SR-76 E/B,S. MISSION RD,65,W,N,A,-,Y,NA,NA,76,NA,NA,NA,NA,NA,E,Y,2,0,7,5,A,-,01,23152,A,N,C,C,A,A,H,-,A,A,0,NA,NA,NA,NA,Y,Y,A,08,2,0,5,0,0,0,0,0,0,-,-,33.29402160644531,-117.22241973876952,SAN DIEGO,UNINCORPORATED,-117.22252655029295,33.29420852661133
91292677,2020,2020-08-26,9680,2020-08-15,1110,016535,NA,6,1,9,3700,0,1,1,NA,2,085,I-8 W/B,BUCKMAN SPRINGS RD,9504,W,N,A,-,Y,NA,NA,8,NA,NA,NA,NA,NA,W,Y,2,0,3,4,A,-,03,22350,NA,N,C,C,A,A,H,-,A,D,0,NA,NA,NA,NA,Y,NA,D,22,1,0,2,0,0,0,0,0,0,-,-,32.7847900390625,-116.49388885498048,SAN DIEGO,UNINCORPORATED,-116.49384307861328,32.78479766845703
91292910,2020,2020-08-26,9650,2020-08-24,1640,020497,NA,1,2,6,3710,0,1,3,NA,2,015,SR-78 W/B,JEFFERSON ST,935,E,N,A,-,Y,NA,NA,78,NA,NA,NA,NA,NA,W,Y,4,0,1,3,A,-,08,22107,NA,N,B,C,A,A,H,-,A,D,0,NA,NA,NA,NA,Y,NA,A,01,0,0,1,0,0,0,0,0,0,-,-,33.181331634521484,-117.3377685546875,SAN DIEGO,OCEANSIDE,-117.3377685546875,33.18124008178711
9129348,2020,2020-09-15,3701,2020-06-18,1406,CB5512,79,4,5,5,3701,0,0,0,NA,0,006,PALOMAR AIRPORT RD,PALOMAR AIRPORT RD 2500,33,E,N,A,-,N,NA,NA,NA,NA,NA,NA,NA,NA,NA,Y,3,0,1,2,A,-,08,22107,NA,N,C,C,A,A,H,-,A,A,0,NA,NA,Y,NA,Y,NA,A,01,0,1,0,0,0,0,0,0,1,-,-,NA,NA,SAN DIEGO,CARLSBAD,NA,NA
91295544,2020,2020-08-28,9680,2020-08-21,1810,022050,NA,5,2,9,3700,0,3,5,NA,2,002,SPRING ST,CAMPO RD,480,W,N,A,-,N,NA,NA,NA,NA,NA,NA,NA,NA,NA,N,4,0,2,3,A,-,03,22350,NA,N,C,C,A,A,H,-,A,D,0,NA,NA,NA,NA,Y,NA,A,01,0,0,2,0,0,0,0,0,0,-,-,32.753379821777344,-117.01168823242188,SAN DIEGO,UNINCORPORATED,-117.0111083984375,32.75305938720703
91295649,2020,2020-08-31,9650,2020-08-22,2350,021404,NA,6,3,9,3700,0,3,5,NA,2,213,NATE HARRISON GRD,N MESA DRIVE,6864,N,N,A,-,N,NA,NA,NA,NA,NA,NA,NA,NA,NA,Y,4,0,1,1,A,-,08,22107,NA,N,F,A,A,A,H,-,D,D,0,NA,NA,NA,NA,Y,NA,A,07,0,0,1,0,0,0,0,0,0,-,-,33.325931549072266,-116.96430206298828,SAN DIEGO,UNINCORPORATED,-116.96424865722656,33.325931549072266
91296353,2020,2020-08-31,9650,2020-08-28,1728,015868,NA,5,2,9,3700,0,1,3,NA,2,065,SR-76,I-15 (S/B) TO SR-76,0,NA,Y,A,-,Y,NA,NA,76,NA,NA,NA,NA,NA,NA,Y,4,0,1,2,A,-,17,21461,A,N,D,C,A,A,H,-,A,A,0,NA,NA,NA,NA,Y,NA,A,01,0,0,1,0,0,0,0,0,0,-,-,33.32994842529297,-117.1607666015625,SAN DIEGO,UNINCORPORATED,-117.16071319580078,33.32988357543945
91297249,2020,2020-09-01,9680,2020-08-21,2110,021994,NA,5,2,9,3700,0,1,3,NA,1,024,STATE ROUTE 94 (CAMPO ROAD),PEACEFUL VALLEY RANCH ROAD,80,W,N,A,-,Y,NA,NA,94,NA,NA,NA,NA,NA,NA,Y,4,0,1,2,A,-,09,21453,C,N,A,C,A,A,H,-,C,A,0,NA,NA,NA,NA,Y,NA,A,01,0,0,1,0,0,0,0,0,0,-,-,32.704368591308594,-116.86856842041016,SAN DIEGO,UNINCORPORATED,-116.86853790283205,32.70441436767578
9130042,2020,2020-11-17,3710,2020-07-02,0013,OC1185,NA,4,5,6,3710,0,0,0,NA,0,035,COLLEGE BL,CHROMA DR,0,N,N,A,-,N,NA,NA,NA,NA,NA,NA,NA,NA,NA,Y,3,0,2,1,A,-,01,23153,A,N,F,I,A,A,H,-,C,A,0,NA,NA,NA,NA,Y,Y,A,01,0,1,1,0,0,0,0,0,0,-,-,NA,NA,SAN DIEGO,OCEANSIDE,-117.29428100585938,33.22917938232422
91301194,2020,2020-09-09,9650,2020-08-31,0140,020747,NA,1,3,9,3700,0,1,3,NA,1,028,SR-76,REY RIVER RANCH RD,5059,E,N,A,-,Y,NA,NA,76,NA,NA,NA,NA,NA,NA,Y,2,0,3,1,A,-,01,23152,A,N,F,A,A,A,H,-,D,D,0,NA,NA,NA,NA,Y,Y,A,01,3,0,0,0,0,0,0,0,0,-,-,33.262290954589844,-116.80471801757813,SAN DIEGO,UNINCORPORATED,-116.80476379394533,33.26215744018555
91304249,2020,2020-09-14,9645,2020-08-12,0240,015001,NA,3,3,7,3711,0,1,1,NA,2,007,I-5 N/B,DEL MAR HEIGHTS RD,1056,S,N,B,-,Y,NA,NA,5,NA,NA,NA,NA,NA,N,Y,4,0,1,2,A,-,03,22350,NA,N,C,C,A,A,H,-,D,D,0,NA,NA,NA,NA,Y,NA,A,07,0,0,1,0,0,0,0,0,0,-,-,32.943931579589844,-117.24246215820313,SAN DIEGO,SAN DIEGO,-117.24241638183594,32.943939208984375
91305159,2020,2020-09-15,9680,2020-09-03,1945,021441,NA,4,2,5,3705,0,1,1,NA,2,082,I-8 W/B TO SR-67,BALLANTYNE ST,167,E,N,A,-,Y,NA,NA,8,NA,NA,NA,R,NA,W,Y,3,0,1,1,A,-,01,23152,A,N,E,I,A,A,H,-,A,D,0,NA,NA,NA,NA,Y,Y,A,07,0,1,0,0,0,0,0,0,0,-,-,32.803199768066406,-116.95709991455078,SAN DIEGO,EL CAJON,-116.95709991455078,32.803199768066406
91306382,2020,2020-09-17,9650,2020-09-15,2255,019308,NA,2,3,3,3783,0,1,1,NA,2,007,I-5 S/B,VIA DE LA VALLE,1700,N,N,A,-,Y,NA,NA,5,NA,NA,NA,NA,NA,S,Y,4,0,1,2,A,-,08,22107,NA,N,B,C,A,A,H,-,D,D,0,NA,NA,NA,NA,Y,NA,A,01,0,0,1,0,0,0,0,0,0,-,-,32.984500885009766,-117.2549285888672,SAN DIEGO,SOLANA BEACH,-117.2549057006836,32.98450469970703
91306387,2020,2020-10-23,9650,2020-08-17,1505,018496,NA,1,2,6,3706,0,1,1,NA,2,023,I-15 S/B,DEL LAGO BLVD,675,N,N,A,-,Y,NA,NA,15,NA,NA,NA,NA,NA,S,Y,1,1,0,2,C,-,18,NA,NA,N,E,J,A,A,H,-,A,D,0,NA,NA,Y,NA,Y,NA,-,-,0,0,0,0,0,0,0,1,0,-,-,33.07571029663086,-117.07048797607422,SAN DIEGO,ESCONDIDO,-117.07068634033205,33.0756721496582