CASE_ID,ACCIDENT_YEAR,PROC_DATE,JURIS,COLLISION_DATE,COLLISION_TIME,OFFICER_ID,REPORTING_DISTRICT,DAY_OF_WEEK,CHP_SHIFT,POPULATION,CNTY_CITY_LOC,SPECIAL_COND,BEAT_TYPE,CHP_BEAT_TYPE,CITY_DIVISION_LAPD,CHP_BEAT_CLASS,BEAT_NUMBER,PRIMARY_RD,SECONDARY_RD,DISTANCE,DIRECTION,INTERSECTION,WEATHER_1,WEATHER_2,STATE_HWY_IND,CALTRANS_COUNTY,CALTRANS_DISTRICT,STATE_ROUTE,ROUTE_SUFFIX,POSTMILE_PREFIX,POSTMILE,LOCATION_TYPE,RAMP_INTERSECTION,SIDE_OF_HWY,TOW_AWAY,COLLISION_SEVERITY,NUMBER_KILLED,NUMBER_INJURED,PARTY_COUNT,PRIMARY_COLL_FACTOR,PCF_CODE_OF_VIOL,PCF_VIOL_CATEGORY,PCF_VIOLATION,PCF_VIOL_SUBSECTION,HIT_AND_RUN,TYPE_OF_COLLISION,MVIW,PED_ACTION,ROAD_SURFACE,ROAD_COND_1,ROAD_COND_2,LIGHTING,CONTROL_DEVICE,CHP_ROAD_TYPE,PEDESTRIAN_ACCIDENT,BICYCLE_ACCIDENT,MOTORCYCLE_ACCIDENT,TRUCK_ACCIDENT,NOT_PRIVATE_PROPERTY,ALCOHOL_INVOLVED,STWD_VEHTYPE_AT_FAULT,CHP_VEHTYPE_AT_FAULT,COUNT_SEVERE_INJ,COUNT_VISIBLE_INJ,COUNT_COMPLAINT_PAIN,COUNT_PED_KILLED,COUNT_PED_INJURED,COUNT_BICYCLIST_KILLED,COUNT_BICYCLIST_INJURED,COUNT_MC_KILLED,COUNT_MC_INJURED,PRIMARY_RAMP,SECONDARY_RAMP,LATITUDE,LONGITUDE,COUNTY,CITY,POINT_X,POINT_Y
91710083,2022,2022-02-25,9680,2022-02-14,1403,021800,NA,1,2,5,3705,0,1,1,NA,2,082,I-8 EASTBOUND,NORTH 1ST STREET,482,E,N,A,-,Y,SD,NA,8,NA,NA,16.943,H,NA,R,N,4,0,1,2,A,-,03,22350,NA,N,C,C,A,A,H,-,A,D,0,NA,NA,NA,NA,Y,NA,A,07,0,0,1,0,0,0,0,0,0,-,-,32.80295181274414,-116.94293975830078,SAN DIEGO,EL CAJON,-116.94293975830078,32.80295181274414
91710894,2022,2022-02-28,9645,2022-02-10,1845,020867,NA,4,2,7,3711,0,1,S,NA,2,055,SR-905 EB,SIEMPRE VIVA RD.,500,E,N,A,-,Y,SD,NA,905,NA,R,11.642,H,NA,R,N,3,0,1,2,A,-,03,22350,NA,N,B,C,A,A,H,-,C,D,0,NA,NA,Y,NA,Y,NA,C,02,0,1,0,0,0,0,0,0,1,-,-,32.55154037475586,-116.93917083740234,SAN DIEGO,SAN DIEGO,-116.93913269042967,32.551544189453125
91713175,2022,2022-03-02,9680,2022-02-17,2040,021353,NA,4,2,9,3700,0,1,3,NA,1,024,SR-94 W/B,VIA MERCADO,100,E,N,A,-,Y,SD,NA,94,NA,NA,13.798,H,NA,L,N,4,0,2,2,A,-,03,22350,NA,F,C,C,A,A,H,-,C,D,0,NA,NA,NA,NA,Y,NA,-,99,0,0,2,0,0,0,0,0,0,-,-,32.74541091918945,-116.9575424194336,SAN DIEGO,UNINCORPORATED,-116.95755004882813,32.745391845703125
91713222,2022,2022-03-02,9680,2022-02-17,0905,015578,NA,4,1,4,3720,0,1,3,NA,2,028,STATE ROUTE 125 NORTHBOUND,BROADWAY,96,N,N,A,-,Y,SD,NA,125,NA,NA,12.902,H,NA,R,Y,4,0,1,2,A,-,03,22350,NA,N,C,C,A,A,H,-,A,D,0,NA,NA,NA,NA,Y,NA,M,47,0,0,1,0,0,0,0,0,0,-,-,32.746891021728516,-117.01824951171876,SAN DIEGO,LEMON GROVE,-117.01821899414063,32.746883392333984
91713485,2021,2022-03-02,9680,2021-12-06,0950,015877,NA,1,1,5,3705,0,1,1,NA,2,082,I-8 W/B,2ND ST.,1056,W,N,A,-,Y,NA,NA,8,NA,NA,NA,NA,NA,W,N,4,0,1,2,A,-,03,22350,NA,F,C,C,A,A,H,-,A,D,0,NA,NA,NA,NA,Y,NA,A,07,0,0,1,0,0,0,0,0,0,-,-,32.77922058105469,-116.99079895019533,SAN DIEGO,EL CAJON,-116.99079895019533,32.779212951660156
91714112,2022,2022-03-03,9650,2022-03-02,0435,015080,NA,3,3,6,3710,0,1,1,NA,2,005,I-5 (S/B),SAN LUIS REY RIVER,50,N,N,A,-,Y,SD,NA,5,NA,R,54.175,H,NA,R,N,4,0,1,2,A,-,03,22350,NA,F,C,C,A,A,H,-,C,D,0,NA,NA,NA,NA,Y,NA,-,99,0,0,1,0,0,0,0,0,0,-,-,33.20758819580078,-117.38561248779295,SAN DIEGO,OCEANSIDE,-117.38539123535156,33.20769119262695
91714698,2022,2022-03-03,9680,2022-02-19,1515,022657,NA,6,2,9,3700,0,1,3,NA,1,040,STATE ROUTE 94 (CAMPO ROAD),STATE ROUTE 188 (TECATE ROAD),8976,W,N,A,-,Y,SD,NA,94,NA,NA,37.236,H,NA,R,Y,3,0,1,1,A,-,03,22350,NA,N,F,A,A,A,H,-,A,A,0,NA,NA,Y,NA,Y,NA,C,02,0,1,0,0,0,0,0,0,1,-,-,32.59458923339844,-116.6684799194336,SAN DIEGO,UNINCORPORATED,-116.6684341430664,32.594512939453125
91715159,2022,2022-03-04,9645,2022-02-25,1439,020561,NA,5,2,7,3711,0,1,1,NA,2,010,I-5 N/B TO I-8 EB,MORENA BLVD. U/C,261,E,N,A,-,Y,SD,NA,8,NA,R,0.432,H,NA,R,N,3,0,1,1,A,-,03,22350,NA,N,F,I,A,A,H,-,A,D,0,NA,NA,Y,NA,Y,NA,C,02,0,1,0,0,0,0,0,0,1,-,-,32.760101318359375,-117.19696044921876,SAN DIEGO,SAN DIEGO,-117.19699096679688,32.76023483276367
91716099,2022,2022-03-07,9650,2022-02-23,1020,016997,NA,3,1,6,3710,0,1,1,NA,2,003,I-5 N/B,SR-76,820,N,N,C,-,Y,SD,NA,5,NA,R,54.115,H,NA,R,Y,4,0,1,1,A,-,03,22350,NA,N,E,I,A,B,H,-,A,D,0,NA,NA,NA,Y,Y,NA,G,75,0,0,1,0,0,0,0,0,0,-,-,33.207000732421875,-117.3847427368164,SAN DIEGO,OCEANSIDE,-117.38488006591795,33.206932067871094
91716416,2022,2022-03-07,9650,2022-02-28,1515,021992,NA,1,2,9,3700,0,1,1,NA,2,022,I-15 N/B,MISSION ROAD,5280,S,N,A,-,Y,SD,NA,15,NA,R,49.46,H,NA,R,Y,4,0,1,2,A,-,03,22350,NA,N,C,C,A,A,H,-,A,D,0,NA,NA,NA,NA,Y,NA,A,01,0,0,1,0,0,0,0,0,0,-,-,33.37236022949219,-117.16751098632813,SAN DIEGO,UNINCORPORATED,-117.16751861572266,33.37235641479492
91718930,2021,2022-03-09,9645,2021-01-13,2322,021231,NA,3,3,7,3711,0,1,1,NA,2,027,I-15 N/B TO I-8,I-8,1000,S,N,A,-,Y,NA,NA,15,NA,NA,NA,R,NA,N,Y,3,0,1,1,A,-,01,23152,A,N,E,I,A,A,H,-,D,D,0,NA,NA,NA,NA,Y,Y,A,01,0,1,0,0,0,0,0,0,0,-,-,32.77360916137695,-117.11206817626952,SAN DIEGO,SAN DIEGO,-117.11206817626952,32.77360916137695
91723929,2022,2022-03-16,9680,2022-03-04,1120,017621,NA,5,1,9,3700,0,1,3,NA,1,091,SR-78,SALMON RD,140,E,N,B,-,Y,SD,NA,78,NA,NA,37.77,H,NA,R,N,4,0,1,1,A,-,08,22107,NA,N,E,I,A,B,H,-,A,D,0,NA,NA,NA,NA,Y,NA,D,22,0,0,1,0,0,0,0,0,0,-,-,33.04832077026367,-116.83480072021484,SAN DIEGO,UNINCORPORATED,-116.83480834960938,33.048301696777344
91724460,2022,2022-03-16,9680,2022-03-05,1950,020951,NA,6,2,9,3700,0,1,1,NA,2,085,I-8 E/B,PINE VALLEY RD,1500,E,N,C,D,Y,SD,NA,8,NA,R,43.845,H,NA,R,Y,3,0,1,1,A,-,03,22350,NA,N,F,A,A,C,H,-,D,D,0,NA,NA,NA,NA,Y,NA,A,01,0,1,0,0,0,0,0,0,0,-,-,32.816490173339844,-116.52799224853516,SAN DIEGO,UNINCORPORATED,-116.52801513671876,32.81644821166992
91730177,2022,2022-03-23,9680,2022-03-11,1640,021353,NA,5,2,9,3700,0,1,3,NA,2,028,SR-125 S/B,TROY ST,310,S,N,A,-,Y,SD,NA,125,NA,NA,12.073,H,NA,L,N,3,0,1,1,A,-,08,22107,NA,N,E,I,A,A,H,-,A,D,0,NA,NA,NA,NA,Y,NA,A,01,0,1,0,0,0,0,0,0,0,-,-,32.735469818115234,-117.01593017578124,SAN DIEGO,UNINCORPORATED,-117.01602935791016,32.73546600341797
91731090,2022,2022-03-24,9645,2022-03-17,1645,018646,NA,4,2,7,3711,0,1,1,NA,2,010,I-8 E/B,THE PRESIDIO PARK O/C,2500,W,N,A,-,Y,SD,NA,8,NA,R,0.613,H,NA,R,N,4,0,1,4,A,-,03,22350,NA,N,C,C,A,A,H,-,A,D,0,NA,NA,NA,NA,Y,NA,A,01,0,0,1,0,0,0,0,0,0,-,-,32.76060104370117,-117.19393157958984,SAN DIEGO,SAN DIEGO,-117.19393920898438,32.760528564453125
9173317,2020,2020-12-18,3711,2020-10-20,1729,SD1251,NA,2,5,7,3711,0,0,0,NA,0,122,GARNET AV,GARNET AV 1400,0,NA,N,B,-,N,NA,NA,NA,NA,NA,NA,NA,NA,NA,N,3,0,1,2,A,-,08,22107,NA,N,B,C,A,A,H,-,A,D,0,NA,NA,Y,NA,Y,NA,C,02,0,1,0,0,0,0,0,0,1,-,-,NA,NA,SAN DIEGO,SAN DIEGO,NA,NA
9173319,2020,2020-12-18,3711,2020-10-15,1145,SD6946,NA,4,5,7,3711,0,0,0,NA,0,232,PASEO LUCIDO,CAMINO DEL NORTE,258,N,N,A,-,N,NA,NA,NA,NA,NA,NA,NA,NA,NA,N,3,0,1,1,C,-,18,NA,NA,N,E,I,A,A,A,-,A,D,0,NA,NA,Y,NA,Y,NA,-,-,0,1,0,0,0,0,0,0,1,-,-,NA,NA,SAN DIEGO,SAN DIEGO,-117.0714111328125,32.99136734008789
91734021,2021,2022-03-25,9645,2021-06-18,1420,018146,NA,5,2,7,3711,0,1,3,NA,2,022,STATE ROUTE 56 (SR-56) EASTBOUND,INTERSTATE 15 (I-15),807,W,N,A,-,Y,NA,NA,56,NA,NA,NA,NA,NA,E,Y,1,1,0,2,A,-,03,22350,NA,N,C,C,A,A,H,-,A,D,0,NA,NA,NA,NA,Y,NA,D,22,0,0,0,0,0,0,0,0,0,-,-,32.96405029296875,-117.0980224609375,SAN DIEGO,SAN DIEGO,-117.09799194335938,32.96397399902344
91736028,2022,2022-03-29,9645,2022-03-21,1615,016061,NA,1,2,7,3711,0,1,3,NA,2,023,SR-163 S/B,I-8,1150,N,N,A,-,Y,SD,NA,163,NA,NA,3.958,H,NA,L,Y,3,0,1,2,A,-,07,21658,A,N,C,C,A,A,H,-,A,D,0,NA,NA,NA,NA,Y,NA,A,01,0,1,0,0,0,0,0,0,0,-,-,32.76573944091797,-117.16314697265624,SAN DIEGO,SAN DIEGO,-117.16295623779295,32.76570510864258
91736083,2022,2022-03-29,9645,2022-03-20,0710,019054,NA,7,1,6,3702,0,1,1,NA,2,009,I-805 N/B,BONITA ROAD,327,S,N,C,-,Y,SD,NA,805,NA,NA,7.686,H,NA,R,N,3,0,1,1,A,-,03,22350,NA,N,F,A,A,B,H,-,D,D,0,NA,NA,Y,NA,Y,NA,C,02,0,1,0,0,0,0,0,0,1,-,-,32.647178649902344,-117.05970764160156,SAN DIEGO,CHULA VISTA,-117.0597686767578,32.64714431762695
9173670,2020,2020-12-29,3711,2020-10-22,0712,SD1252,NA,4,5,7,3711,0,0,0,NA,0,234,RANCHO BERNARDO RD,CAMINITA CAPANA,0,NA,N,B,-,N,NA,NA,NA,NA,NA,NA,NA,NA,NA,Y,4,0,3,2,B,-,22,NA,NA,N,C,C,A,A,H,-,B,D,0,NA,NA,NA,NA,Y,NA,A,01,0,0,3,0,0,0,0,0,0,-,-,NA,NA,SAN DIEGO,SAN DIEGO,-117.07144165039063,33.02294921875
91738280,2022,2022-03-31,9680,2022-03-21,2256,016415,NA,1,3,9,3700,0,1,3,NA,2,016,SR-67 N/B,PROSPECT AVE O/C,1355,S,N,A,-,Y,SD,NA,67,NA,R,1.685,H,NA,R,Y,3,0,1,1,A,-,08,22107,NA,N,E,I,A,A,H,-,D,D,0,NA,NA,NA,NA,Y,NA,-,-,0,1,0,0,0,0,0,0,0,-,-,32.8272590637207,-116.9617919921875,SAN DIEGO,UNINCORPORATED,-116.96183013916016,32.8272590637207
91739634,2022,2022-04-04,9650,2022-03-27,0442,021528,NA,7,3,9,3700,0,3,5,NA,2,006,ALTURAS RD,W CLEMMENS LN,60,S,N,A,-,N,NA,NA,NA,NA,NA,NA,NA,NA,NA,Y,3,0,1,4,A,-,08,22107,NA,M,B,E,A,A,H,-,D,D,0,NA,NA,NA,NA,Y,NA,A,07,0,1,0,0,0,0,0,0,0,-,-,33.36922073364258,-117.2580108642578,SAN DIEGO,UNINCORPORATED,-117.25795745849608,33.369224548339844
9174052,2020,2020-12-07,3705,2020-10-04,1235,EC0418,NA,7,5,5,3705,0,0,0,NA,0,004,E LEXINGTON AV,2ND ST,134,W,N,A,-,N,NA,NA,NA,NA,NA,NA,NA,NA,NA,NA,2,0,1,3,A,-,08,22107,NA,N,F,E,A,A,H,-,A,D,0,NA,NA,NA,Y,Y,NA,A,01,1,0,0,0,0,0,0,0,0,-,-,NA,NA,SAN DIEGO,EL CAJON,-116.937744140625,32.79252243041992
91740691,2022,2022-04-05,9645,2022-04-04,0732,017671,NA,1,1,5,3709,0,1,1,NA,2,001,I-5 N/B,SR-54 O/C,100,S,N,B,-,Y,SD,NA,5,NA,NA,9.388,H,NA,R,Y,3,0,1,2,A,-,03,22350,NA,N,C,C,A,A,H,-,A,D,0,NA,NA,NA,NA,Y,NA,A,01,0,1,0,0,0,0,0,0,0,-,-,32.65108871459961,-117.10395050048828,SAN DIEGO,NATIONAL CITY,-117.1040267944336,32.651065826416016
91741147,2022,2022-04-05,9645,2022-03-27,0255,021268,NA,7,3,7,3711,0,1,1,NA,2,013,I-805 SOUTHBOUND,MURRAY RIDGE ROAD,2640,S,N,A,-,Y,SD,NA,805,NA,NA,18.388,H,NA,L,Y,3,0,1,1,A,-,08,22107,NA,N,E,A,A,A,H,-,D,D,0,NA,NA,NA,NA,Y,NA,A,01,0,1,0,0,0,0,0,0,0,-,-,32.78089904785156,-117.13890838623048,SAN DIEGO,SAN DIEGO,-117.13890838623048,32.78090286254883
91742293,2022,2022-04-06,9645,2022-04-01,0740,016838,NA,5,1,7,3711,0,1,1,NA,2,013,I-805 N/B,MURRAY RIDGE ROAD,3200,S,N,B,-,Y,SD,NA,805,NA,NA,18.269,H,NA,R,Y,3,0,1,2,A,-,07,21658,A,F,F,A,A,A,H,-,A,D,0,NA,NA,Y,NA,Y,NA,-,99,0,1,0,0,0,0,0,0,1,-,-,32.77962875366211,-117.1376724243164,SAN DIEGO,SAN DIEGO,-117.1374969482422,32.779720306396484
91743497,2022,2022-04-07,9645,2022-04-06,0755,017717,NA,3,1,5,3709,0,1,1,NA,2,009,I-805 N/B,LOGAN AVE,1056,S,N,A,-,Y,NA,NA,NA,NA,NA,NA,NA,NA,NA,N,3,0,1,2,A,-,07,21658,A,N,C,C,A,A,H,-,A,D,0,NA,NA,Y,NA,Y,NA,D,22,0,1,0,0,0,0,0,0,1,-,-,NA,NA,SAN DIEGO,NATIONAL CITY,-117.09478759765624,32.69390869140625
91744113,2022,2022-04-08,9650,2022-04-01,2040,018496,NA,5,2,9,3700,0,1,1,NA,2,022,I-15 N/B,PALA MESA DR,2980,N,N,A,-,Y,SD,NA,15,NA,R,47.741,H,NA,R,N,4,0,2,2,A,-,01,23152,A,F,C,C,A,A,H,-,C,D,0,NA,NA,NA,NA,Y,Y,A,01,0,0,2,0,0,0,0,0,0,-,-,33.34952163696289,-117.15876770019533,SAN DIEGO,UNINCORPORATED,-117.15880584716795,33.34952163696289
91744328,2022,2022-04-08,9680,2022-03-28,1205,014949,NA,1,1,9,3700,0,3,5,NA,2,006,BUCKMAN SPRINGS RD,CORRAL CANYON TRAIL,528,N,N,B,-,N,NA,NA,NA,NA,NA,NA,NA,NA,NA,Y,3,0,1,1,A,-,08,22107,NA,N,F,A,A,A,H,-,A,D,0,NA,NA,NA,NA,Y,NA,D,22,0,1,0,0,0,0,0,0,0,-,-,32.71791076660156,-116.49919891357422,SAN DIEGO,UNINCORPORATED,-116.49932098388672,32.71782684326172
91745172,2022,2022-04-11,9680,2022-03-28,1640,019475,NA,1,2,9,3700,0,1,1,NA,2,083,I-8 W/B,DUNBAR LN,3168,W,N,B,C,Y,SD,NA,8,NA,R,25.057,H,NA,L,Y,3,0,1,1,A,-,03,22350,NA,N,E,I,A,B,H,-,A,D,0,NA,NA,NA,NA,Y,NA,A,07,0,1,0,0,0,0,0,0,0,-,-,32.856529235839844,-116.83052825927734,SAN DIEGO,UNINCORPORATED,-116.83055114746094,32.85662841796875
91745301,2022,2022-04-11,9680,2022-03-19,2300,022132,NA,6,3,4,3720,0,1,3,NA,2,027,SR-94 W/B,MASSACHUSETTS AVE,115,E,N,B,-,Y,SD,NA,94,NA,NA,8.321,H,NA,L,N,4,0,1,2,A,-,08,22107,NA,F,C,2,A,A,H,-,D,D,0,NA,NA,NA,NA,Y,Y,A,01,0,0,1,0,0,0,0,0,0,-,-,32.74494171142578,-117.04232788085938,SAN DIEGO,LEMON GROVE,-117.04232788085938,32.74491882324219
91745667,2022,2022-04-11,9650,2022-04-10,0307,019766,NA,7,3,9,3700,0,3,5,NA,2,070,EL MIRLO,RANCHO SANTA FE RD,1003,N,N,B,-,N,NA,NA,NA,NA,NA,NA,NA,NA,NA,Y,4,0,1,1,A,-,08,22107,NA,N,E,I,A,A,H,-,D,D,0,NA,NA,NA,NA,Y,NA,A,07,0,0,1,0,0,0,0,0,0,-,-,33.034690856933594,-117.23165893554688,SAN DIEGO,UNINCORPORATED,-117.23184967041016,33.0345573425293
91746164,2022,2022-04-12,9645,2022-04-01,0755,017723,NA,5,1,6,3702,0,1,3,NA,2,031,SR-125 S/B,SAN MIGUEL RD.,1005,S,N,B,-,Y,SD,NA,125,NA,NA,6.665,H,NA,L,N,4,0,2,2,A,-,01,23152,A,N,C,C,A,A,H,-,A,D,0,NA,NA,NA,NA,Y,Y,A,07,0,0,2,0,0,0,0,0,0,-,-,32.679439544677734,-116.98709106445313,SAN DIEGO,CHULA VISTA,-116.98725128173828,32.679351806640625
91746230,2022,2022-04-12,9645,2022-04-07,1844,020992,NA,4,2,7,3711,0,1,1,NA,2,003,I-5 SOUTHBOUND,SR-94 EASTBOUND,250,N,N,A,-,Y,NA,NA,NA,NA,NA,NA,NA,NA,NA,N,2,0,1,1,A,-,08,22107,NA,N,F,A,A,A,H,-,A,D,0,NA,NA,NA,NA,Y,NA,A,01,1,0,0,0,0,0,0,0,0,-,-,32.721351623535156,-117.14910888671876,SAN DIEGO,SAN DIEGO,-117.14883422851563,32.72149658203125
91746623,2022,2022-04-12,9645,2022-04-11,0708,018697,NA,1,1,6,3702,0,1,1,NA,2,001,INTERSTATE 5 (N/B),STATE ROUTE 54 (O/C),320,S,N,A,-,Y,SD,NA,5,NA,NA,9.308,H,NA,R,N,4,0,1,2,A,-,07,21658,A,N,F,A,A,A,H,-,A,D,0,NA,NA,Y,NA,Y,NA,A,01,0,0,1,0,0,0,0,0,1,-,-,32.649879455566406,-117.10359954833984,SAN DIEGO,CHULA VISTA,-117.10353088378906,32.64990234375
91748105,2022,2022-04-14,9645,2022-04-09,1405,019054,NA,6,2,7,3711,0,1,1,NA,2,019,I-15 N/B FROM CARMEL MOUNTAIN ROAD,CARMEL MOUNTAIN ROAD,750,N,N,A,-,Y,NA,NA,NA,NA,NA,NA,NA,NA,NA,N,3,0,2,2,A,-,08,22107,NA,N,C,C,A,A,H,-,A,A,0,NA,NA,NA,NA,Y,NA,A,01,0,2,0,0,0,0,0,0,0,-,-,32.98054122924805,-117.08470916748048,SAN DIEGO,SAN DIEGO,-117.08470916748048,32.98054122924805
91748966,2022,2022-04-15,9645,2022-04-08,2320,022765,NA,5,3,6,3702,0,1,1,NA,2,001,I-5 N/B,H STREET,660,S,N,A,-,Y,SD,NA,5,NA,NA,7.675,H,NA,R,N,3,0,1,1,A,-,08,22107,NA,N,E,I,A,A,H,-,C,D,0,NA,NA,NA,NA,Y,NA,A,07,0,1,0,0,0,0,0,0,0,-,-,32.62738037109375,-117.09487152099608,SAN DIEGO,CHULA VISTA,-117.09502410888672,32.62733459472656
91748970,2022,2022-04-15,9680,2022-04-05,1057,015877,NA,2,1,5,3705,0,1,1,NA,2,081,I-8 W/B,W. MAIN ST.,1056,W,N,A,-,Y,SD,NA,8,NA,NA,14.378,H,NA,L,N,3,0,1,2,A,-,07,21658,A,M,E,I,A,A,H,-,A,D,0,NA,NA,NA,NA,Y,NA,-,99,0,1,0,0,0,0,0,0,0,-,-,32.79172897338867,-116.9778289794922,SAN DIEGO,EL CAJON,-116.97785949707033,32.79173278808594
91749995,2022,2022-04-18,9645,2022-03-23,0205,015619,NA,3,3,7,3711,0,1,1,NA,2,019,I-15 NB,SR-56,2640,S,N,A,-,Y,SD,NA,15,NA,M,18.776,H,NA,R,Y,3,0,1,1,A,-,08,22107,NA,N,E,I,A,A,H,-,C,D,0,NA,NA,NA,NA,Y,NA,A,01,0,1,0,0,0,0,0,0,0,-,-,32.95579147338867,-117.10073852539063,SAN DIEGO,SAN DIEGO,-117.10073089599608,32.955787658691406
9175039,2020,2021-01-13,3711,2020-10-27,1730,SD6882,NA,2,5,7,3711,0,0,0,NA,0,122,GARNET AV,MISSION BL,226,E,N,A,-,N,NA,NA,NA,NA,NA,NA,NA,NA,NA,N,3,0,1,2,A,-,08,22107,NA,N,B,B,E,A,H,-,A,A,0,Y,NA,NA,NA,Y,NA,A,01,0,1,0,0,1,0,0,0,0,-,-,NA,NA,SAN DIEGO,SAN DIEGO,-117.25478363037108,32.796730041503906
9175243,2020,2020-12-26,3711,2020-10-28,2052,SD7551,NA,3,5,7,3711,0,0,0,NA,0,828,UNIVERSITY AV,UNIVERSITY AV 4900,0,NA,N,A,-,N,NA,NA,NA,NA,NA,NA,NA,NA,NA,Y,4,0,1,4,A,-,04,21703,NA,N,C,C,A,A,H,-,C,A,0,NA,NA,NA,Y,Y,Y,A,07,0,0,1,0,0,0,0,0,0,-,-,NA,NA,SAN DIEGO,SAN DIEGO,NA,NA
91752905,2022,2022-04-20,9645,2022-04-16,1520,017804,NA,6,2,7,3711,0,1,1,NA,2,009,I-805 N/B TO IMPERIAL AVENUE,IMPERIAL AVENUE,45,S,N,A,-,Y,NA,NA,NA,NA,NA,NA,NA,NA,NA,N,4,0,1,2,A,-,03,22350,NA,N,C,C,A,A,H,-,A,A,0,NA,NA,NA,Y,Y,NA,F,55,0,0,1,0,0,0,0,0,0,-,-,32.70389175415039,-117.0943603515625,SAN DIEGO,SAN DIEGO,-117.0943603515625,32.70389175415039
91754460,2022,2022-04-22,9680,2022-04-12,0805,015660,NA,2,1,9,3700,0,1,1,NA,2,083,I-8 W/B,DUNBAR LN,4752,W,N,B,-,Y,SD,NA,8,NA,R,24.831,H,NA,L,Y,4,0,2,1,C,-,18,NA,NA,N,E,8,A,A,H,-,A,D,0,NA,NA,NA,Y,Y,NA,-,-,0,0,2,0,0,0,0,0,0,-,-,32.85578918457031,-116.83428955078124,SAN DIEGO,UNINCORPORATED,-116.83426666259766,32.85573959350586
91754765,2022,2022-04-22,9680,2022-04-12,1545,019870,NA,2,2,5,3705,0,1,1,NA,2,082,I-8 W/B,MOLLISON AVE,123,W,N,A,-,Y,SD,NA,8,NA,NA,16.443,H,NA,L,Y,4,0,4,2,A,-,03,22350,NA,N,C,C,A,A,H,-,A,D,0,NA,NA,NA,NA,Y,NA,A,07,0,0,4,0,0,0,0,0,0,-,-,32.80323028564453,-116.9515380859375,SAN DIEGO,EL CAJON,-116.9515380859375,32.80316925048828
91755953,2022,2022-04-25,9650,2022-04-19,0820,020497,NA,2,1,6,3710,0,1,3,NA,2,015,SR-78 W/B,EL CAMINO REAL,2640,E,N,A,-,Y,SD,NA,78,NA,NA,2.192,H,NA,L,Y,4,0,2,2,A,-,08,22107,NA,N,B,C,A,A,H,-,A,D,0,NA,NA,NA,Y,Y,NA,A,07,0,0,2,0,0,0,0,0,0,-,-,33.180519104003906,-117.31537628173828,SAN DIEGO,OCEANSIDE,-117.31537628173828,33.18052291870117
91758201,2022,2022-04-27,9650,2022-04-25,2255,020343,NA,1,3,9,3700,0,1,3,NA,1,028,SR-76,RICE CANYON RD,1415,W,N,A,-,Y,SD,NA,76,NA,NA,19.104,H,NA,R,N,3,0,2,1,A,-,08,22107,NA,N,E,I,A,A,H,-,D,D,0,NA,NA,NA,NA,Y,NA,A,07,0,1,1,0,0,0,0,0,0,-,-,33.33911895751953,-117.13371276855467,SAN DIEGO,UNINCORPORATED,-117.1336669921875,33.33909606933594
91758207,2022,2022-04-27,9650,2022-04-19,0549,016490,NA,2,3,6,3706,0,1,1,NA,2,023,I-15 N/B,ROCK SPRINGS RD.,1584,N,N,A,-,Y,SD,NA,15,NA,R,32.312,H,NA,R,Y,4,0,2,2,A,-,07,21658,A,F,C,C,A,A,H,-,B,D,0,NA,NA,NA,Y,Y,NA,-,99,0,0,2,0,0,0,0,0,0,-,-,33.1384391784668,-117.1046905517578,SAN DIEGO,ESCONDIDO,-117.10479736328124,33.13844299316406
9176164,2020,2021-02-03,3711,2020-11-07,1759,SD8377,NA,6,5,7,3711,0,0,0,NA,0,525,4TH AV,E ST,66,N,N,A,-,N,NA,NA,NA,NA,NA,NA,NA,NA,NA,N,3,0,1,2,A,-,11,21954,A,N,G,B,E,A,H,-,C,D,0,Y,NA,NA,NA,Y,NA,N,60,0,1,0,0,1,0,0,0,0,-,-,NA,NA,SAN DIEGO,SAN DIEGO,-117.16107177734376,32.7148323059082
91761953,2022,2022-05-02,9650,2022-04-22,2200,021698,NA,5,3,6,3710,0,1,3,NA,2,015,SR-78 W/B,I-5,10,E,N,A,-,Y,NA,NA,NA,NA,NA,NA,NA,NA,NA,N,4,0,1,2,A,-,03,22350,NA,N,C,C,A,A,H,-,C,A,0,NA,NA,NA,NA,Y,NA,A,01,0,0,1,0,0,0,0,0,0,-,-,33.27674865722656,-117.351806640625,SAN DIEGO,OCEANSIDE,-117.35140228271484,33.17699432373047