CASE_ID,ACCIDENT_YEAR,PROC_DATE,JURIS,COLLISION_DATE,COLLISION_TIME,OFFICER_ID,REPORTING_DISTRICT,DAY_OF_WEEK,CHP_SHIFT,POPULATION,CNTY_CITY_LOC,SPECIAL_COND,BEAT_TYPE,CHP_BEAT_TYPE,CITY_DIVISION_LAPD,CHP_BEAT_CLASS,BEAT_NUMBER,PRIMARY_RD,SECONDARY_RD,DISTANCE,DIRECTION,INTERSECTION,WEATHER_1,WEATHER_2,STATE_HWY_IND,CALTRANS_COUNTY,CALTRANS_DISTRICT,STATE_ROUTE,ROUTE_SUFFIX,POSTMILE_PREFIX,POSTMILE,LOCATION_TYPE,RAMP_INTERSECTION,SIDE_OF_HWY,TOW_AWAY,COLLISION_SEVERITY,NUMBER_KILLED,NUMBER_INJURED,PARTY_COUNT,PRIMARY_COLL_FACTOR,PCF_CODE_OF_VIOL,PCF_VIOL_CATEGORY,PCF_VIOLATION,PCF_VIOL_SUBSECTION,HIT_AND_RUN,TYPE_OF_COLLISION,MVIW,PED_ACTION,ROAD_SURFACE,ROAD_COND_1,ROAD_COND_2,LIGHTING,CONTROL_DEVICE,CHP_ROAD_TYPE,PEDESTRIAN_ACCIDENT,BICYCLE_ACCIDENT,MOTORCYCLE_ACCIDENT,TRUCK_ACCIDENT,NOT_PRIVATE_PROPERTY,ALCOHOL_INVOLVED,STWD_VEHTYPE_AT_FAULT,CHP_VEHTYPE_AT_FAULT,COUNT_SEVERE_INJ,COUNT_VISIBLE_INJ,COUNT_COMPLAINT_PAIN,COUNT_PED_KILLED,COUNT_PED_INJURED,COUNT_BICYCLIST_KILLED,COUNT_BICYCLIST_INJURED,COUNT_MC_KILLED,COUNT_MC_INJURED,PRIMARY_RAMP,SECONDARY_RAMP,LATITUDE,LONGITUDE,COUNTY,CITY,POINT_X,POINT_Y
92379783,2024,2024-05-01,9645,2024-04-18,1505,022193,NA,4,2,7,3711,0,1,1,NA,2,010,I-8 E/B,I-805,2640,E,N,A,-,Y,SD,NA,8,NA,NA,4.797,H,NA,R,Y,4,0,1,3,A,-,03,22350,NA,N,C,C,A,A,H,-,A,D,0,NA,NA,NA,NA,Y,NA,A,01,0,0,1,0,0,0,0,0,0,-,-,32.774410247802734,-117.12552642822266,SAN DIEGO,SAN DIEGO,-117.12548828125,32.77436065673828
92380849,2024,2024-05-03,9645,2024-02-19,133,021617,NA,1,3,7,3711,0,1,1,NA,2,015,I-805 S/B,GOVERNOR DRIVE,798,S,N,A,-,Y,SD,NA,805,NA,NA,24.284,H,NA,L,Y,2,0,3,4,A,-,03,22350,NA,N,G,B,E,A,H,-,C,D,0,Y,NA,NA,NA,Y,NA,A,01,1,1,1,0,1,0,0,0,0,-,-,32.8557014465332,-117.18315887451172,SAN DIEGO,SAN DIEGO,-117.18325042724608,32.85565948486328
92382212,2024,2024-05-06,9650,2024-04-29,1709,020343,NA,1,2,9,3700,0,1,1,NA,2,001,I-5 NB,LAS PULGAS RD,9504,N,N,A,-,Y,SD,NA,5,NA,R,64.035,H,NA,R,Y,3,0,2,2,C,-,18,NA,NA,N,B,C,A,A,H,-,A,D,0,NA,NA,NA,NA,Y,NA,-,-,0,1,1,0,0,0,0,0,0,-,-,33.32099914550781,-117.48282623291016,SAN DIEGO,UNINCORPORATED,-117.48287200927734,33.320987701416016
92382732,2024,2024-05-06,9680,2024-04-24,136,023077,NA,3,3,9,3700,0,3,5,NA,2,006,SR-94 (CAMPO ROAD),CHURCH ROAD,67,W,N,B,E,N,NA,NA,NA,NA,NA,NA,NA,NA,NA,Y,4,0,3,1,A,-,12,22450,A,N,E,8,A,A,H,-,D,A,0,NA,NA,NA,NA,Y,NA,A,01,0,0,3,0,0,0,0,0,0,-,-,32.6479606628418,-116.36576080322266,SAN DIEGO,UNINCORPORATED,-116.36582183837892,32.648075103759766
92383594,2024,2024-08-14,9645,2024-04-16,2210,023659,NA,2,3,6,3702,0,1,1,NA,2,009,I-805 SOUTHBOUND,MAIN ST,1267,N,N,A,-,Y,SD,NA,805,NA,NA,3.914,H,NA,L,N,3,0,2,2,A,-,01,23152,A,N,C,C,A,A,H,-,D,D,0,NA,NA,NA,NA,Y,Y,A,07,0,1,1,0,0,0,0,0,0,-,-,32.5985107421875,-117.03656768798828,SAN DIEGO,CHULA VISTA,-117.03648376464844,32.5985107421875
92384682,2024,2024-05-08,9650,2024-05-06,1418,015446,NA,1,2,9,3700,0,1,3,NA,1,028,SR-76,VALLEY CENTER ROAD,2112,W,N,A,-,Y,SD,NA,76,NA,NA,32.494,H,NA,R,Y,3,0,1,1,A,-,08,22107,NA,N,E,I,A,A,H,-,A,D,0,NA,NA,NA,NA,Y,NA,A,01,0,1,0,0,0,0,0,0,0,-,-,33.28955078125,-116.96539306640624,SAN DIEGO,UNINCORPORATED,-116.96539306640624,33.28953552246094
92385043,2024,2024-05-08,9680,2024-04-27,1545,021077,NA,6,2,9,3700,0,3,5,NA,2,001,LAKESHORE DR,PETITE LN,35,E,N,B,-,N,NA,NA,NA,NA,NA,NA,NA,NA,NA,N,4,0,1,2,A,-,06,21750,A,N,B,C,A,A,H,-,A,D,0,NA,NA,NA,NA,Y,NA,A,01,0,0,1,0,0,0,0,0,0,-,-,32.85852813720703,-116.91232299804688,SAN DIEGO,UNINCORPORATED,-116.91234588623048,32.858524322509766
9238563,2021,2021-04-06,3705,2021-02-27,1440,EC0383,NA,6,5,5,3705,0,0,0,NA,0,002,BALLANTYNE ST,BROADWAY,276,N,N,A,-,N,NA,NA,NA,NA,NA,NA,NA,NA,NA,N,4,0,1,2,A,-,09,21801,A,N,D,C,A,A,H,-,A,D,0,NA,NA,NA,NA,Y,NA,A,01,0,0,1,0,0,0,0,0,0,-,-,NA,NA,SAN DIEGO,EL CAJON,-116.95816040039063,32.80843734741211
9238595,2021,2021-04-20,3705,2021-03-03,1935,EC0383,NA,3,5,5,3705,0,0,0,NA,0,002,NORTH MOLLISON AV,EAST PARK AV,0,NA,Y,C,-,N,NA,NA,NA,NA,NA,NA,NA,NA,NA,NA,4,0,3,2,A,-,09,21800,A,N,D,C,A,B,H,-,C,A,0,NA,NA,NA,NA,Y,NA,A,07,0,0,3,0,0,0,0,0,0,-,-,NA,NA,SAN DIEGO,EL CAJON,-116.95098114013672,32.798194885253906
9238675,2021,2021-04-20,3711,2021-03-10,0519,SD8404,NA,3,5,7,3711,0,0,0,NA,0,618,CATALINA BL,VARONA ST,90,N,N,C,-,N,NA,NA,NA,NA,NA,NA,NA,NA,NA,Y,3,0,1,2,A,-,08,22107,NA,N,B,E,A,B,H,-,B,D,0,NA,NA,NA,NA,Y,NA,A,01,0,1,0,0,0,0,0,0,0,-,-,NA,NA,SAN DIEGO,SAN DIEGO,-117.24449157714844,32.726417541503906
92387068,2024,2024-05-10,9650,2024-04-27,950,019979,NA,6,1,6,3710,0,1,1,NA,2,005,I-5 NORTHBOUND,LAS FLORES DR,200,N,N,A,-,Y,SD,NA,5,NA,R,50.748,H,NA,R,N,4,0,1,4,A,-,03,22350,NA,N,B,C,A,A,H,-,A,D,0,NA,NA,NA,NA,Y,NA,A,01,0,0,1,0,0,0,0,0,0,-,-,33.1715087890625,-117.3469467163086,SAN DIEGO,OCEANSIDE,-117.34697723388672,33.17149353027344
92387196,2024,2024-05-10,9645,2024-05-04,1310,022243,NA,6,1,7,3711,0,1,1,NA,2,001,I-5 N/B,MAIN ST,500,S,N,A,-,Y,SD,NA,5,NA,R,11.537,H,NA,R,Y,3,0,1,2,A,-,08,22107,NA,N,B,C,A,A,H,-,A,D,0,NA,NA,Y,NA,Y,NA,C,02,0,1,0,0,0,0,0,0,1,-,-,32.68046951293945,-117.11025238037108,SAN DIEGO,SAN DIEGO,-117.11025238037108,32.68046951293945
92388589,2024,2024-05-13,9680,2024-05-03,1824,023086,NA,5,2,9,3700,0,3,5,NA,2,002,BANCROFT DR,CAMPO RD.,166,N,N,A,-,N,NA,NA,NA,NA,NA,NA,NA,NA,NA,N,4,0,1,2,A,-,08,22107,NA,N,B,C,A,A,H,-,A,D,0,NA,NA,NA,NA,Y,NA,A,01,0,0,1,0,0,0,0,0,0,-,-,32.751949310302734,-117.00147247314452,SAN DIEGO,UNINCORPORATED,-117.00144958496094,32.75184631347656
92391416,2024,2024-05-16,9650,2024-05-11,1416,022739,NA,6,2,9,3700,0,1,1,NA,2,001,INTERSTATE 5 SOUTHBOUND,LAS PULGAS ROAD,26400,N,N,A,-,Y,SD,NA,5,NA,R,66.856,H,NA,L,N,4,0,1,2,A,-,03,22350,NA,N,C,C,A,A,H,-,A,D,0,NA,NA,NA,Y,Y,NA,A,01,0,0,1,0,0,0,0,0,0,-,-,33.34823989868164,-117.51956176757813,SAN DIEGO,UNINCORPORATED,-117.5195083618164,33.34829330444336
92391722,2024,2024-05-16,9680,2024-05-04,1300,020780,NA,6,1,5,3705,0,1,1,NA,2,082,I-8 W/B,MOLLISON AVENUE,450,E,N,B,-,Y,SD,NA,8,NA,NA,16.567,H,NA,L,Y,4,0,1,3,A,-,03,22350,NA,N,C,C,A,A,H,-,A,D,0,NA,NA,NA,NA,Y,NA,A,01,0,0,1,0,0,0,0,0,0,-,-,32.80323028564453,-116.94940185546876,SAN DIEGO,EL CAJON,-116.94940185546876,32.803165435791016
92392605,2024,2024-08-14,9645,2024-05-04,1248,022183,NA,6,1,7,3711,0,1,1,NA,2,001,I-5 NB,MAIN ST,528,N,N,A,-,Y,SD,NA,5,NA,R,11.817,H,NA,R,N,4,0,1,2,A,-,01,23152,A,N,B,C,A,A,H,-,A,D,0,NA,NA,NA,NA,Y,Y,A,07,0,0,1,0,0,0,0,0,0,-,-,32.684391021728516,-117.1117935180664,SAN DIEGO,SAN DIEGO,-117.1117935180664,32.684391021728516
92394996,2024,2024-05-21,9645,2024-05-06,655,015494,NA,1,1,7,3711,0,1,3,NA,2,016,SR-52 WB,SANTO ROAD,6864,E,N,A,-,Y,SD,NA,52,NA,NA,9.956,H,NA,L,N,4,0,1,2,A,-,07,21658,A,N,B,C,A,A,H,-,A,D,0,NA,NA,NA,Y,Y,NA,F,21,0,0,1,0,0,0,0,0,0,-,-,32.84714889526367,-117.077392578125,SAN DIEGO,SAN DIEGO,-117.07753753662108,32.847286224365234
92397616,2024,2024-05-24,9645,2024-05-16,1730,021651,NA,4,2,7,3711,0,1,1,NA,2,015,I-805 N/B,SORRENTO VALLEY RD. U/C,100,S,N,A,-,Y,SD,NA,805,NA,NA,27.076,H,NA,R,Y,3,0,3,1,A,-,08,22107,NA,N,E,I,A,A,H,-,A,D,0,NA,NA,NA,NA,Y,NA,A,01,0,1,2,0,0,0,0,0,0,-,-,32.890708923339844,-117.20594787597656,SAN DIEGO,SAN DIEGO,-117.20601654052734,32.89064025878906
92400035,2024,2024-05-28,9645,2024-05-22,710,016156,NA,3,1,7,3711,0,1,1,NA,2,017,I-15 S/B TO MIRA MESA BLVD,MIRA MESA BLVD,10,N,N,B,-,Y,NA,NA,NA,NA,NA,NA,NA,NA,NA,N,4,0,1,2,A,-,03,22350,NA,N,C,C,A,A,H,-,A,A,0,NA,NA,NA,NA,Y,NA,A,01,0,0,1,0,0,0,0,0,0,-,-,32.91746139526367,-117.11766815185548,SAN DIEGO,SAN DIEGO,-117.11620330810548,32.91706848144531
92400119,2024,2024-05-28,9645,2024-04-23,1110,015676,NA,2,1,7,3711,0,1,1,NA,2,010,I-15 S/B ON FROM FRIARS ROAD W/B,FRIARS ROAD,20,S,N,A,-,Y,NA,NA,NA,NA,NA,NA,NA,NA,NA,Y,3,0,1,2,A,-,03,22350,NA,N,B,C,A,A,H,-,A,D,0,NA,NA,NA,Y,Y,NA,A,07,0,1,0,0,0,0,0,0,0,-,-,32.787818908691406,-117.11524963378906,SAN DIEGO,SAN DIEGO,-117.11424255371094,32.787681579589844
92400184,2024,2024-05-28,9680,2024-05-18,750,021353,NA,6,1,9,3700,0,3,5,NA,2,002,HARNESS ST,SWEETWATER LN,275,E,N,A,-,N,NA,NA,NA,NA,NA,NA,NA,NA,NA,Y,4,0,1,2,A,-,21,22106,NA,N,D,C,A,A,H,-,A,D,0,NA,NA,NA,NA,Y,NA,A,01,0,0,1,0,0,0,0,0,0,-,-,32.718658447265625,-117.00479888916016,SAN DIEGO,UNINCORPORATED,-117.0049057006836,32.71868133544922
92401339,2024,2024-05-29,9645,2024-05-24,1505,022506,NA,5,2,7,3711,0,1,3,NA,2,006,SR-94 W/B,KELTON ROAD,898,E,N,A,-,Y,SD,NA,94,NA,NA,5.969,H,NA,L,Y,4,0,2,3,A,-,03,22350,NA,F,C,C,A,A,H,-,A,D,0,NA,NA,NA,NA,Y,Y,A,07,0,0,2,0,0,0,0,0,0,-,-,32.72542953491211,-117.07396697998048,SAN DIEGO,SAN DIEGO,-117.07398986816406,32.72544860839844
9240217,2021,2021-04-28,3700,2021-04-06,1219,SH2439,NA,2,5,5,3713,0,0,0,NA,0,316,SYCAMORE AV,RT 78,0,NA,Y,A,-,Y,SD,11,78,-,-,9.234,R,4,E,Y,4,0,1,2,A,-,09,21453,C,N,D,C,A,A,H,-,A,A,0,NA,NA,NA,NA,Y,NA,A,01,0,0,1,0,0,0,0,0,0,-,-,NA,NA,SAN DIEGO,VISTA,-117.21334838867188,33.165340423583984
92402550,2024,2024-05-30,9680,2024-05-19,1140,021353,NA,7,1,9,3700,0,3,5,NA,2,002,SWEETWATER SPRINGS BLVD,AUSTIN DRIVE,50,S,N,A,-,N,NA,NA,NA,NA,NA,NA,NA,NA,NA,N,4,0,1,2,A,-,03,22350,NA,N,C,C,A,A,H,-,A,A,0,NA,NA,NA,NA,Y,NA,A,01,0,0,1,0,0,0,0,0,0,-,-,32.73078155517578,-116.97158813476563,SAN DIEGO,UNINCORPORATED,-116.97159576416016,32.73084259033203
9240278,2021,2021-04-05,3711,2021-03-24,0530,SD1407,NA,3,5,7,3711,0,0,0,NA,0,824,MONTEZUMA RD,COLLWOOD BL,0,NA,Y,A,-,N,NA,NA,NA,NA,NA,NA,NA,NA,NA,N,4,0,2,2,A,-,12,21453,A,N,D,C,A,A,H,-,C,A,0,NA,NA,NA,NA,Y,NA,A,01,0,0,2,0,0,0,0,0,0,-,-,NA,NA,SAN DIEGO,SAN DIEGO,-117.08600616455078,32.77006912231445
92404700,2024,2024-06-03,9680,2024-05-17,2135,023332,NA,5,2,9,3700,0,3,5,NA,2,002,CHASE AVE,BURWELL LN,16,E,N,A,-,N,NA,NA,NA,NA,NA,NA,NA,NA,NA,Y,4,0,2,1,A,-,03,22350,NA,N,E,I,A,A,H,-,C,D,0,NA,NA,NA,NA,Y,NA,A,01,0,0,2,0,0,0,0,0,0,-,-,32.7665901184082,-116.92375183105467,SAN DIEGO,UNINCORPORATED,-116.9239501953125,32.76657485961914
92405654,2024,2024-06-04,9645,2024-05-27,1505,022765,NA,1,2,7,3711,0,1,1,NA,2,013,I-805 N/B,SR-163 O/C,10,S,N,A,-,Y,SD,NA,805,NA,NA,20.57,H,NA,R,Y,3,0,2,3,A,-,08,22107,NA,N,C,2,A,A,H,-,A,D,0,NA,NA,NA,NA,Y,NA,A,01,0,2,0,0,0,0,0,0,0,-,-,32.808658599853516,-117.15261840820313,SAN DIEGO,SAN DIEGO,-117.15261840820313,32.808658599853516
92405843,2024,2024-06-04,9650,2024-05-30,1634,019652,NA,4,2,9,3700,0,1,1,NA,2,001,I-5 S/B,SAN ONOFRE CREEK,1000,N,N,A,-,Y,SD,NA,5,NA,R,68.199,H,NA,L,N,3,0,2,3,A,-,03,22350,NA,N,C,C,A,A,H,-,A,D,0,NA,NA,NA,NA,Y,NA,A,07,0,1,1,0,0,0,0,0,0,-,-,33.360591888427734,-117.53746032714844,SAN DIEGO,UNINCORPORATED,-117.53746032714844,33.360591888427734
92407038,2024,2024-08-14,9680,2024-05-27,1715,021764,NA,1,2,9,3700,0,1,1,NA,2,081,I-8 W/B,JACKSON DRIVE,1584,W,N,A,-,Y,SD,NA,8,NA,NA,11.454,H,NA,L,N,3,0,1,1,A,-,08,22107,NA,N,F,A,A,A,H,-,A,D,0,NA,NA,Y,NA,Y,NA,C,02,0,1,0,0,0,0,0,0,1,-,-,32.77328872680664,-117.0160903930664,SAN DIEGO,UNINCORPORATED,-117.01603698730467,32.77321243286133
92407514,2024,2024-06-06,9650,2024-05-26,155,022924,NA,7,3,5,3713,0,1,3,NA,2,017,STATE ROUTE 78 WESTBOUND,SYCAMORE AVE,700,E,N,B,-,Y,SD,NA,78,NA,NA,9.363,H,NA,L,Y,3,0,4,2,A,-,08,22107,NA,N,B,C,A,A,H,-,C,D,0,NA,NA,NA,NA,Y,NA,A,01,0,1,3,0,0,0,0,0,0,-,-,33.163978576660156,-117.21201324462892,SAN DIEGO,VISTA,-117.21199798583984,33.16399002075195
92407533,2024,2024-06-06,9650,2024-05-30,900,017392,NA,4,1,5,3782,0,1,1,NA,2,007,I-5 S/B,ENCINITAS BLVD,10,N,N,A,-,Y,SD,NA,5,NA,R,41.537,H,NA,L,N,4,0,1,3,A,-,03,22350,NA,N,C,C,A,A,H,-,A,D,0,NA,NA,NA,NA,Y,NA,A,07,0,0,1,0,0,0,0,0,0,-,-,33.04861068725586,-117.28742218017578,SAN DIEGO,ENCINITAS,-117.28743743896484,33.048606872558594
92408090,2024,2024-06-06,9645,2024-05-31,1508,021651,NA,5,2,7,3711,0,1,1,NA,2,007,I-5 S/B,GILMAN DR. U/C,850,N,N,A,-,Y,SD,NA,5,NA,R,26.962,H,NA,L,N,4,0,1,3,A,-,03,22350,NA,N,C,C,A,A,H,-,A,D,0,NA,NA,NA,NA,Y,NA,J,48,0,0,1,0,0,0,0,0,0,-,-,32.85163116455078,-117.23394775390624,SAN DIEGO,SAN DIEGO,-117.23394012451172,32.851627349853516
92408865,2024,2024-06-07,9645,2024-05-24,1110,023628,NA,5,1,7,3711,0,1,1,NA,2,003,I-5 SB,ROSECRANS ST,1584,N,N,B,-,Y,NA,NA,NA,NA,NA,NA,NA,NA,NA,Y,3,0,1,1,A,-,01,23152,A,M,E,I,A,A,H,-,A,D,0,NA,NA,NA,NA,Y,Y,A,01,0,1,0,0,0,0,0,0,0,-,-,32.75606918334961,-117.20500183105467,SAN DIEGO,SAN DIEGO,-117.20388793945313,32.75863265991211
92409586,2024,2024-06-10,9650,2024-05-25,1200,023524,NA,6,1,9,3700,0,2,4,NA,1,027,SOUTH GRADE ROAD,PURCELL RD,4408,N,N,B,-,N,NA,NA,NA,NA,NA,NA,NA,NA,NA,Y,3,0,1,1,A,-,03,22350,NA,N,E,I,A,A,H,-,A,D,0,NA,NA,Y,NA,Y,NA,C,02,0,1,0,0,0,0,0,0,1,-,-,33.30513000488281,-116.87840270996094,SAN DIEGO,UNINCORPORATED,NA,NA
9241195,2021,2021-04-05,3710,2021-02-15,1804,OC1503,NA,1,5,6,3710,0,0,0,NA,0,011,MISSION AV,ROYMAR RD,138,W,N,A,-,N,NA,NA,NA,NA,NA,NA,NA,NA,NA,N,2,0,1,2,A,-,11,21954,A,N,G,B,D,A,H,-,C,A,0,Y,NA,NA,NA,Y,Y,N,60,1,0,0,0,1,0,0,0,0,-,-,NA,NA,SAN DIEGO,OCEANSIDE,-117.34576416015624,33.215187072753906
92412682,2024,2024-06-12,9645,2024-06-02,1320,023617,NA,7,1,7,3711,0,1,1,NA,2,011,I-805 N/B,EL CAJON BLVD.,200,N,N,A,-,Y,SD,NA,805,NA,NA,16.53,H,NA,R,N,4,0,1,3,A,-,03,22350,NA,N,C,C,A,A,H,-,A,D,0,NA,NA,NA,NA,Y,NA,A,08,0,0,1,0,0,0,0,0,0,-,-,32.75680923461914,-117.12519073486328,SAN DIEGO,SAN DIEGO,-117.12532043457033,32.75677490234375
92412817,2024,2024-06-12,9650,2024-06-03,1549,015446,NA,1,2,9,3700,0,3,5,NA,2,006,FALLBROOK STREET,S. MISSION ROAD,200,E,N,A,-,N,NA,NA,NA,NA,NA,NA,NA,NA,NA,N,4,0,3,3,A,-,03,22350,NA,N,C,C,A,A,H,-,A,A,0,NA,NA,NA,NA,Y,NA,A,01,0,0,3,0,0,0,0,0,0,-,-,33.376739501953125,-117.2531509399414,SAN DIEGO,UNINCORPORATED,-117.25300598144533,33.37665939331055
92414200,2024,2024-06-13,9645,2024-06-05,1535,017499,NA,3,2,5,3709,0,1,3,NA,2,006,SR-54 EASTBOUND,I-805 FREEWAY,200,E,N,A,-,Y,SD,NA,94,NA,NA,4.505,H,NA,R,Y,4,0,1,2,A,-,03,22350,NA,N,C,2,A,A,H,-,A,D,0,NA,NA,Y,NA,Y,NA,C,02,0,0,1,0,0,0,0,0,1,-,-,32.718971252441406,-117.09561920166016,SAN DIEGO,NATIONAL CITY,-117.09564208984376,32.7188835144043
92417461,2024,2024-06-18,9650,2024-06-07,2020,023901,NA,5,2,7,3711,0,1,S,NA,2,013,I-805 N/B,BALBOA AVE,1444,S,N,B,-,Y,SD,NA,805,NA,NA,21.346,H,NA,R,N,3,0,1,2,A,-,08,22107,NA,M,B,C,A,A,H,-,C,D,0,NA,NA,Y,NA,Y,NA,-,99,0,1,0,0,0,0,0,0,1,-,-,32.8178596496582,-117.16001892089844,SAN DIEGO,SAN DIEGO,-117.16008758544922,32.817832946777344
92418331,2024,2024-06-19,9650,2024-06-09,415,022892,NA,7,3,9,3700,0,1,1,NA,2,021,I-15 N/B,DEER SPRINGS RD,1940,S,N,B,-,Y,SD,NA,15,NA,R,36.266,H,NA,R,Y,4,0,2,2,A,-,03,22350,NA,N,C,C,A,A,H,-,D,D,0,NA,NA,NA,NA,Y,NA,A,01,0,0,2,0,0,0,0,0,0,-,-,33.19253921508789,-117.12278747558594,SAN DIEGO,UNINCORPORATED,-117.12277221679688,33.19254684448242
92420239,2024,2024-06-21,9645,2024-06-11,205,022426,NA,2,3,7,3711,0,1,3,NA,2,016,STATE ROUTE 52 EASTBOUND,MAST BLVD,2700,W,N,A,-,Y,SD,NA,52,NA,NA,12.735,H,NA,R,N,3,0,1,1,A,-,01,23152,A,N,E,I,A,A,H,-,D,D,0,NA,NA,NA,NA,Y,Y,A,01,0,1,0,0,0,0,0,0,0,-,-,32.85028076171875,-117.0331573486328,SAN DIEGO,SAN DIEGO,-117.03319549560548,32.85020446777344
9242049,2021,2021-04-15,3700,2021-02-14,1921,SH0141,NA,7,5,5,3712,0,0,0,NA,0,355,VIA VERA CRUZ,BOARDWALK,150,S,N,A,-,N,NA,NA,NA,NA,NA,NA,NA,NA,NA,N,3,0,1,2,A,-,11,21954,A,N,G,B,D,A,H,-,C,D,0,Y,NA,NA,NA,Y,NA,N,60,0,1,0,0,1,0,0,0,0,-,-,NA,NA,SAN DIEGO,SAN MARCOS,-117.1882553100586,33.1356086730957
92421831,2024,2024-06-24,9650,2024-06-18,600,019346,NA,2,1,9,3700,0,1,1,NA,2,022,I-15 S/B,GOPHER CANYON RD,5280,N,N,B,-,Y,SD,NA,15,NA,R,41.228,H,NA,L,N,4,0,1,3,A,-,07,21658,A,N,B,C,A,A,H,-,A,D,0,NA,NA,Y,NA,Y,NA,C,02,0,0,1,0,0,0,0,0,1,-,-,33.25788879394531,-117.15814971923828,SAN DIEGO,UNINCORPORATED,-117.15814208984376,33.25789260864258
92425473,2024,2024-06-27,9680,2024-06-15,410,023102,NA,6,3,9,3700,0,1,3,NA,1,017,SR-67 S/B,MAPLEVIEW STREET,10,N,N,A,-,Y,SD,NA,67,NA,R,5.487,H,NA,L,N,3,0,1,1,A,-,08,22107,NA,N,E,I,A,C,H,-,C,A,0,NA,NA,NA,NA,Y,NA,A,01,0,1,0,0,0,0,0,0,0,-,-,32.86296844482422,-116.92298126220705,SAN DIEGO,UNINCORPORATED,-116.9230499267578,32.86299514770508
92425868,2024,2024-06-28,9650,2024-06-18,230,021263,NA,2,3,9,3700,0,1,1,NA,2,021,INTERSTATE 15 SOUTHBOUND,DEER SPRINGS ROAD,6864,S,N,A,-,Y,SD,NA,15,NA,R,35.352,H,NA,L,Y,3,0,1,2,A,-,01,23152,A,N,C,C,A,A,H,-,D,D,0,NA,NA,NA,Y,Y,Y,A,01,0,1,0,0,0,0,0,0,0,-,-,33.18048095703125,-117.11631011962892,SAN DIEGO,UNINCORPORATED,-117.11631011962892,33.18048095703125
92427389,2024,2024-07-01,9645,2024-05-24,2157,023306,NA,5,2,7,3711,0,1,1,NA,2,005,I-5 SB,SEA WORLD DRIVE,4000,N,N,A,-,Y,SD,NA,5,NA,R,21.621,H,NA,L,Y,3,0,1,4,A,-,03,22350,NA,N,C,C,A,A,H,-,D,D,0,NA,NA,NA,NA,Y,NA,A,01,0,1,0,0,0,0,0,0,0,-,-,32.78139877319336,-117.2082977294922,SAN DIEGO,SAN DIEGO,-117.2082748413086,32.78139877319336
92428486,2024,2024-07-02,9650,2024-06-26,1535,019979,NA,3,2,5,3712,0,1,3,NA,2,017,SR-78 E/B,SAN MARCOS BLVD.,30,E,N,A,-,Y,SD,NA,78,NA,NA,12.204,H,NA,R,N,4,0,1,2,A,-,03,22350,NA,N,C,C,A,A,H,-,A,D,0,NA,NA,NA,NA,Y,NA,A,01,0,0,1,0,0,0,0,0,0,-,-,33.1375617980957,-117.17588043212892,SAN DIEGO,SAN MARCOS,-117.17588043212892,33.13755798339844
92429017,2024,2024-07-02,9645,2024-06-18,23,023324,NA,2,3,7,3711,0,1,1,NA,2,021,STATE ROUTE 125 SOUTHBOUND,EAST H STREET,1825,N,N,A,-,Y,SD,NA,125,NA,NA,5.45,H,NA,L,Y,3,0,1,1,A,-,03,22350,NA,F,F,I,A,A,H,-,D,D,0,NA,NA,NA,NA,Y,NA,A,01,0,1,0,0,0,0,0,0,0,-,-,32.6627311706543,-116.98162841796876,SAN DIEGO,SAN DIEGO,-116.98165893554688,32.66270446777344
92429701,2024,2024-07-03,9650,2024-06-29,1712,022583,NA,6,2,6,3710,0,1,1,NA,2,005,5 S/B TO MISSION AVE,MISSION AVE,240,N,N,A,-,Y,NA,NA,NA,NA,NA,NA,NA,NA,NA,N,3,0,1,2,A,-,03,22350,NA,N,F,0,A,A,H,-,A,A,0,NA,NA,NA,NA,Y,NA,A,07,0,1,0,0,0,0,0,0,0,-,-,33.1999397277832,-117.37394714355467,SAN DIEGO,OCEANSIDE,NA,NA
9242974,2021,2021-04-19,3710,2021-03-31,1757,OC1506,NA,3,5,6,3710,0,0,0,NA,0,008,OCEANSIDE BL,VINE ST,0,NA,Y,A,-,N,NA,NA,NA,NA,NA,NA,NA,NA,NA,N,4,0,1,2,A,-,03,22350,NA,F,C,C,A,A,H,-,A,A,0,NA,NA,NA,NA,Y,NA,A,01,0,0,1,0,0,0,0,0,0,-,-,NA,NA,SAN DIEGO,OCEANSIDE,-117.36424255371094,33.18882369995117