CASE_ID,ACCIDENT_YEAR,PROC_DATE,JURIS,COLLISION_DATE,COLLISION_TIME,OFFICER_ID,REPORTING_DISTRICT,DAY_OF_WEEK,CHP_SHIFT,POPULATION,CNTY_CITY_LOC,SPECIAL_COND,BEAT_TYPE,CHP_BEAT_TYPE,CITY_DIVISION_LAPD,CHP_BEAT_CLASS,BEAT_NUMBER,PRIMARY_RD,SECONDARY_RD,DISTANCE,DIRECTION,INTERSECTION,WEATHER_1,WEATHER_2,STATE_HWY_IND,CALTRANS_COUNTY,CALTRANS_DISTRICT,STATE_ROUTE,ROUTE_SUFFIX,POSTMILE_PREFIX,POSTMILE,LOCATION_TYPE,RAMP_INTERSECTION,SIDE_OF_HWY,TOW_AWAY,COLLISION_SEVERITY,NUMBER_KILLED,NUMBER_INJURED,PARTY_COUNT,PRIMARY_COLL_FACTOR,PCF_CODE_OF_VIOL,PCF_VIOL_CATEGORY,PCF_VIOLATION,PCF_VIOL_SUBSECTION,HIT_AND_RUN,TYPE_OF_COLLISION,MVIW,PED_ACTION,ROAD_SURFACE,ROAD_COND_1,ROAD_COND_2,LIGHTING,CONTROL_DEVICE,CHP_ROAD_TYPE,PEDESTRIAN_ACCIDENT,BICYCLE_ACCIDENT,MOTORCYCLE_ACCIDENT,TRUCK_ACCIDENT,NOT_PRIVATE_PROPERTY,ALCOHOL_INVOLVED,STWD_VEHTYPE_AT_FAULT,CHP_VEHTYPE_AT_FAULT,COUNT_SEVERE_INJ,COUNT_VISIBLE_INJ,COUNT_COMPLAINT_PAIN,COUNT_PED_KILLED,COUNT_PED_INJURED,COUNT_BICYCLIST_KILLED,COUNT_BICYCLIST_INJURED,COUNT_MC_KILLED,COUNT_MC_INJURED,PRIMARY_RAMP,SECONDARY_RAMP,LATITUDE,LONGITUDE,COUNTY,CITY,POINT_X,POINT_Y
9242998,2021,2021-04-15,3711,2021-03-28,1816,SD5972,NA,7,5,7,3711,0,0,0,NA,0,627,NIAGARA AV,SUNSET CLIFFS BL,0,NA,Y,A,-,N,NA,NA,NA,NA,NA,NA,NA,NA,NA,Y,4,0,1,1,A,-,08,22107,NA,N,E,I,A,A,H,-,A,D,0,NA,NA,NA,NA,Y,NA,A,07,0,0,1,0,0,0,0,0,0,-,-,NA,NA,SAN DIEGO,SAN DIEGO,-117.24834442138672,32.7439079284668
92430280,2023,2024-07-03,9645,2023-12-22,125,021359,NA,5,3,7,3711,0,1,1,NA,2,021,STATE ROUTE 15 SB TO INTERSTATE 805 SB,WIGHTMAN STREET,4788,S,N,B,C,Y,NA,NA,NA,NA,NA,NA,NA,NA,NA,Y,1,1,0,1,A,-,03,22350,NA,N,E,I,A,B,H,-,D,D,0,NA,NA,NA,Y,Y,NA,F,27,0,0,0,0,0,0,0,0,0,-,-,32.735389709472656,-117.11434936523438,SAN DIEGO,SAN DIEGO,-117.1090087890625,32.747398376464844
92430388,2024,2024-07-03,9645,2024-06-22,1310,022814,NA,6,1,5,3709,0,1,1,NA,2,009,I-805 NORTHBOUND,E. 4TH STREET,700,N,N,A,-,Y,SD,NA,805,NA,NA,11.016,H,NA,R,Y,4,0,1,3,A,-,03,22350,NA,N,C,C,A,A,H,-,A,D,0,NA,NA,NA,NA,Y,NA,A,01,0,0,1,0,0,0,0,0,0,-,-,32.68605041503906,-117.09091949462892,SAN DIEGO,NATIONAL CITY,-117.09098052978516,32.68598937988281
9243215,2021,2021-05-04,3711,2021-04-02,1450,SD1391,NA,5,5,7,3711,0,0,0,NA,0,526,PARK BL,PRESIDENTS WY,792,S,N,A,-,N,NA,NA,NA,NA,NA,NA,NA,NA,NA,N,3,0,1,1,A,-,03,22350,NA,N,H,A,A,A,B,-,A,D,0,NA,NA,NA,NA,Y,NA,-,NA,0,1,0,0,0,0,0,0,0,-,-,NA,NA,SAN DIEGO,SAN DIEGO,-117.15157318115234,32.72358703613281
92433898,2024,2024-07-09,9650,2024-07-03,850,019270,NA,3,1,6,3706,0,1,1,NA,2,023,I-15 S/B,VIA RANCHO PKY,6336,N,N,A,-,Y,SD,NA,15,NA,M,28.3,H,NA,L,Y,4,0,2,3,A,-,03,22350,NA,N,C,A,A,A,H,-,A,D,0,NA,NA,NA,NA,Y,NA,A,07,0,0,2,0,0,0,0,0,0,-,-,33.08720016479492,-117.07720947265624,SAN DIEGO,ESCONDIDO,-117.07724761962892,33.0871696472168
92435229,2024,2024-07-10,9680,2024-06-27,1700,020500,NA,4,2,9,3700,0,1,3,NA,1,090,SR-67 (MAIN STREET),ROTANZI STREET,0,NA,Y,A,-,Y,SD,NA,67,NA,NA,22.907,H,NA,R,N,4,0,2,2,A,-,09,21802,A,N,D,C,A,A,H,-,A,A,0,NA,NA,NA,NA,Y,NA,A,01,0,0,2,0,0,0,0,0,0,-,-,33.02867889404297,-116.8888931274414,SAN DIEGO,UNINCORPORATED,-116.88883972167967,33.02863311767578
92436074,2024,2024-07-11,9645,2024-06-30,1257,017473,NA,7,1,7,3711,0,1,1,NA,2,010,I-8 W/B,I-5,500,E,N,A,-,Y,SD,NA,8,NA,R,0.314,H,NA,L,Y,3,0,1,2,A,-,03,22350,NA,N,C,C,A,A,H,-,A,D,0,NA,NA,NA,NA,Y,NA,A,01,0,1,0,0,0,0,0,0,0,-,-,32.76007080078125,-117.1989974975586,SAN DIEGO,SAN DIEGO,-117.19900512695313,32.76008987426758
92436175,2024,2024-07-11,9680,2024-06-28,723,023086,NA,5,1,9,3700,0,1,1,NA,2,083,I-8 E/B TO TAVERN ROAD,TAVERN ROAD,20,W,N,A,-,Y,NA,NA,NA,NA,NA,NA,NA,NA,NA,N,4,0,1,2,A,-,03,22350,NA,N,C,C,A,A,H,-,A,A,0,NA,NA,NA,NA,Y,NA,A,01,0,0,1,0,0,0,0,0,0,-,-,32.839019775390625,-116.7790298461914,SAN DIEGO,UNINCORPORATED,-116.77648162841795,32.840240478515625
92440583,2024,2024-07-16,9645,2024-07-07,2304,022845,NA,7,3,7,3711,0,1,3,NA,2,014,STATE ROUTE-52,STATE-ROUTE 163 OVERCROSSING,1428,W,N,A,-,Y,SD,NA,52,NA,NA,6.302,H,NA,L,Y,3,0,1,1,A,-,01,23152,A,N,E,I,A,A,H,-,D,D,0,NA,NA,NA,NA,Y,Y,A,01,0,1,0,0,0,0,0,0,0,-,-,32.8407096862793,-117.138671875,SAN DIEGO,SAN DIEGO,-117.13864135742188,32.840614318847656
92441730,2024,2024-07-17,9680,2024-07-05,1430,021353,NA,5,2,9,3700,0,1,3,NA,1,040,SR-94 (CAMPO RD.),MARRON VALLEY RD,0,NA,Y,A,-,Y,SD,NA,94,NA,NA,29.787,H,NA,R,Y,3,0,1,2,A,-,09,21802,A,N,D,C,A,A,H,-,A,A,0,NA,NA,Y,NA,Y,NA,A,01,0,1,0,0,0,0,0,0,1,-,-,32.63153839111328,-116.76409912109376,SAN DIEGO,UNINCORPORATED,-116.76406097412108,32.63153076171875
9244336,2021,2021-04-05,3708,2021-02-05,1947,LM1259,NA,5,5,5,3708,0,0,0,NA,0,001,70TH ST,ADAMS AV,85,N,N,A,-,N,NA,NA,NA,NA,NA,NA,NA,NA,NA,N,3,0,1,2,A,-,11,21954,A,N,G,B,D,A,H,-,C,D,0,Y,NA,NA,NA,Y,Y,N,60,0,1,0,0,1,0,0,0,0,-,-,NA,NA,SAN DIEGO,LA MESA,-117.04681396484376,32.764442443847656
9244636,2021,2021-04-17,3711,2021-03-13,1550,SD1273,NA,6,5,7,3711,0,0,0,NA,0,821,EL CAJON BL,ART ST,106,E,N,A,-,N,NA,NA,NA,NA,NA,NA,NA,NA,NA,N,3,0,1,2,A,-,06,21755,A,N,H,E,A,B,H,-,A,D,0,NA,NA,Y,NA,Y,NA,C,02,0,1,0,0,0,0,0,0,1,-,-,NA,NA,SAN DIEGO,SAN DIEGO,-117.06064605712892,32.76507568359375
9245618,2021,2021-04-07,3710,2021-03-18,1811,OC1501,NA,4,5,6,3710,0,0,0,NA,0,021,RT 76,RANCHO DEL ORO DR,0,NA,Y,A,-,Y,SD,11,76,-,R,4.211,I,5,E,Y,4,0,2,2,A,-,12,21453,A,N,D,C,A,A,H,-,A,A,0,NA,NA,NA,NA,Y,NA,A,01,0,0,2,0,0,0,0,0,0,-,-,NA,NA,SAN DIEGO,OCEANSIDE,-117.31822204589844,33.227813720703125
9245622,2021,2021-04-07,3710,2021-03-07,1453,OC1311,NA,7,5,6,3710,0,0,0,NA,0,032,RT 76,DOUGLAS DR,350,E,N,A,-,Y,SD,11,76,-,R,3.82,H,-,W,Y,3,0,4,4,A,-,03,22350,NA,N,C,C,A,A,H,-,A,D,0,NA,NA,NA,NA,Y,NA,A,01,0,2,2,0,0,0,0,0,0,-,-,NA,NA,SAN DIEGO,OCEANSIDE,-117.3244857788086,33.22624206542969
9246280,2021,2021-04-15,3711,2021-03-22,1540,SD7909,NA,1,5,7,3711,0,0,0,NA,0,935,EL CAMINO REAL,VIA  DE LA VALLE,126,N,N,A,-,N,NA,NA,NA,NA,NA,NA,NA,NA,NA,Y,4,0,1,2,A,-,08,22107,NA,N,D,C,A,A,H,-,A,A,0,NA,NA,NA,NA,Y,NA,A,01,0,0,1,0,0,0,0,0,0,-,-,NA,NA,SAN DIEGO,SAN DIEGO,-117.2268295288086,32.983558654785156
9246462,2021,2021-04-08,3711,2021-03-12,1036,SD5454,NA,5,5,7,3711,0,0,0,NA,0,822,EL CAJON BL,56TH ST,170,E,N,A,-,N,NA,NA,NA,NA,NA,NA,NA,NA,NA,N,4,0,1,2,A,-,09,21804,A,N,D,C,A,A,H,-,-,D,0,NA,NA,NA,NA,Y,NA,A,01,0,0,1,0,0,0,0,0,0,-,-,NA,NA,SAN DIEGO,SAN DIEGO,-117.07437896728516,32.758548736572266
9246468,2021,2021-04-09,3711,2021-03-15,2245,SD7949,NA,1,5,7,3711,0,0,0,NA,0,528,W HAWTHORN ST,KETTNER BL,0,NA,Y,G,-,N,NA,NA,NA,NA,NA,NA,NA,NA,NA,Y,3,0,1,2,A,-,00,22453,A,F,D,C,A,A,H,-,C,A,0,NA,NA,NA,NA,Y,NA,A,01,0,1,0,0,0,0,0,0,0,-,-,NA,NA,SAN DIEGO,SAN DIEGO,-117.17028045654295,32.72614288330078
9246616,2021,2021-04-12,3711,2021-03-19,0620,SD7889,NA,5,5,7,3711,0,0,0,NA,0,722,CORONADO AV,NESTOR WY.,15,E,N,A,-,N,NA,NA,NA,NA,NA,NA,NA,NA,NA,N,4,0,1,2,A,-,09,21801,A,N,D,C,A,A,H,-,B,D,0,NA,NA,NA,NA,Y,NA,A,01,0,0,1,0,0,0,0,0,0,-,-,NA,NA,SAN DIEGO,SAN DIEGO,-117.0854034423828,32.57648849487305
9246630,2021,2021-04-16,3711,2021-03-21,1100,SD7225,NA,7,5,7,3711,0,0,0,NA,0,838,UNIVERSITY AV,UNIVERSITY AV 3475,0,NA,-,A,-,N,NA,NA,NA,NA,NA,NA,NA,NA,NA,N,4,0,1,2,A,-,09,21802,B,N,G,G,A,A,H,-,A,D,0,NA,Y,NA,NA,Y,NA,-,NA,0,0,1,0,0,0,1,0,0,-,-,NA,NA,SAN DIEGO,SAN DIEGO,-117.118764,32.74977
9246640,2021,2021-04-19,3711,2021-03-14,2500,SD1217,NA,7,5,7,3711,0,0,0,NA,0,242,MIRA MESA BL,TARGET NORTH DRWY,0,NA,Y,A,-,N,NA,NA,NA,NA,NA,NA,NA,NA,NA,Y,3,0,1,3,A,-,09,21453,C,N,A,C,A,A,H,-,A,A,0,NA,NA,NA,NA,Y,NA,A,01,0,1,0,0,0,0,0,0,0,-,-,NA,NA,SAN DIEGO,SAN DIEGO,NA,NA
9247302,2021,2021-04-10,3700,2021-02-28,1511,SH0556,NA,7,5,5,3781,0,0,0,NA,0,512,RAMSGATE WY,RAMSGATE DR 9600,0,NA,Y,A,-,N,NA,NA,NA,NA,NA,NA,NA,NA,NA,N,3,0,1,1,A,-,03,22350,NA,N,E,I,A,A,H,-,A,D,0,NA,Y,NA,NA,Y,NA,L,04,0,1,0,0,0,0,1,0,0,-,-,NA,NA,SAN DIEGO,SANTEE,-116.95962524414063,32.85372543334961
9247327,2021,2022-02-16,3700,2021-03-06,0108,SH3095,NA,6,5,5,3781,0,0,0,NA,0,520,PROSPECT AV,RT 67,0,NA,Y,A,-,Y,SD,11,67,-,R,1.672,R,4,N,Y,4,0,1,2,D,-,00,NA,NA,N,D,C,A,A,H,-,C,A,0,NA,NA,NA,NA,Y,Y,-,-,0,0,1,0,0,0,0,0,0,-,NF,NA,NA,SAN DIEGO,SANTEE,-116.961669921875,32.827083587646484
92476379,2024,2024-07-22,9650,2024-07-13,55,022965,NA,6,3,9,3700,0,1,1,NA,2,022,I-15 TO MISSION RD,MISSION ROAD,730,S,N,B,-,Y,NA,NA,NA,NA,NA,NA,NA,NA,NA,Y,3,0,1,2,A,-,08,22107,NA,N,B,E,A,A,H,-,D,D,0,NA,NA,NA,NA,Y,NA,A,01,0,1,0,0,0,0,0,0,0,-,-,33.38515090942383,-117.17388916015624,SAN DIEGO,UNINCORPORATED,-117.1746826171875,33.38460922241211
92481118,2024,2024-07-22,9650,2024-07-13,1140,022851,NA,6,1,9,3700,0,1,3,NA,1,028,SB SOUTH GRADE RD,MM 46.4,548,N,N,D,-,N,NA,NA,NA,NA,NA,NA,NA,NA,NA,Y,2,0,1,2,A,-,08,22107,NA,N,F,A,A,A,H,-,A,D,0,NA,NA,Y,NA,Y,NA,C,02,1,0,0,0,0,0,0,0,1,-,-,33.30588150024414,-116.87200927734376,SAN DIEGO,UNINCORPORATED,NA,NA
9248450,2021,2021-04-14,3711,2021-03-19,2303,SD8695,NA,5,5,7,3711,0,0,0,NA,0,122,MISSION BAY DR,MISSION BAY DR 4200,0,NA,N,A,-,N,NA,NA,NA,NA,NA,NA,NA,NA,NA,N,2,0,2,1,A,-,03,22350,NA,N,A,A,A,A,H,-,D,A,0,NA,NA,Y,NA,Y,NA,C,02,1,0,1,0,0,0,0,0,2,-,-,NA,NA,SAN DIEGO,SAN DIEGO,-117.21102905273438,32.79828643798828
9248545,2021,2021-04-13,3700,2021-02-10,1256,SH0538,NA,3,5,5,3782,0,0,0,NA,0,212,BURGUNDY RD,CAPRI RD,248,N,N,A,-,N,NA,NA,NA,NA,NA,NA,NA,NA,NA,N,3,0,1,3,A,-,01,23153,A,N,B,C,A,A,H,-,A,D,0,NA,NA,NA,NA,Y,Y,A,01,0,1,0,0,0,0,0,0,0,-,-,NA,NA,SAN DIEGO,ENCINITAS,-117.28983306884766,33.07668685913086
9248882,2021,2021-04-26,3708,2021-03-30,1525,LM1158,NA,2,5,5,3708,0,0,0,NA,0,003,BALTIMORE DR,FLETCHER PKWY,7,S,N,A,-,N,NA,NA,NA,NA,NA,NA,NA,NA,NA,N,4,0,1,2,A,-,10,21950,A,N,G,B,B,A,H,-,A,A,0,Y,NA,NA,NA,Y,NA,D,22,0,0,1,0,1,0,0,0,0,-,-,NA,NA,SAN DIEGO,LA MESA,-117.02742767333984,32.77384948730469
9248915,2021,2021-04-30,3711,2021-04-10,1510,SD6873,NA,6,5,7,3711,0,0,0,NA,0,312,CAMINO PLAYA DE ORO,CAMINO PLAYA DE ORO 5100,0,NA,-,A,-,N,NA,NA,NA,NA,NA,NA,NA,NA,NA,N,3,0,1,2,A,-,03,22350,NA,N,C,C,A,A,H,-,A,D,0,NA,NA,NA,NA,Y,NA,I,11,0,1,0,0,0,0,0,0,0,-,-,NA,NA,SAN DIEGO,SAN DIEGO,NA,NA
9249202,2020,2021-04-21,3700,2020-10-14,1112,SH6068,NA,3,5,4,3707,0,0,0,NA,0,703,PALM AV,RAINBOW DR,134,E,N,A,-,N,NA,NA,NA,NA,NA,NA,NA,NA,NA,N,4,0,2,2,A,-,09,21804,A,N,D,C,A,A,H,-,A,D,0,NA,NA,NA,NA,Y,NA,A,01,0,0,2,0,0,0,0,0,0,-,-,NA,NA,SAN DIEGO,IMPERIAL BEACH,-117.1203842163086,32.583919525146484
9249864,2021,2021-04-22,3700,2021-02-28,1630,SH7554,NA,7,5,4,3707,0,0,0,NA,0,707,IMPERIAL BEACH BL,2ND ST,0,NA,Y,A,-,N,NA,NA,NA,NA,NA,NA,NA,NA,NA,Y,4,0,1,2,A,-,01,23152,B,N,D,C,A,A,H,-,A,D,0,NA,NA,Y,NA,Y,Y,A,01,0,0,1,0,0,0,0,0,1,-,-,NA,NA,SAN DIEGO,IMPERIAL BEACH,-117.12957000732422,32.57660675048828
9249886,2021,2021-04-28,3710,2021-03-24,1020,OC1211,NA,3,5,6,3710,0,0,0,NA,0,009,BROADWAY ST,EATON ST,0,N,N,A,-,N,NA,NA,NA,NA,NA,NA,NA,NA,NA,N,4,0,1,2,A,-,08,22107,NA,F,D,B,A,A,H,-,A,-,0,NA,Y,NA,NA,Y,NA,L,04,0,0,1,0,0,0,1,0,0,-,-,NA,NA,SAN DIEGO,OCEANSIDE,-117.359619140625,33.169769287109375
9250569,2021,2021-04-29,3709,2021-03-19,1344,NC0498,NA,5,5,5,3709,0,0,0,NA,0,211,U AV,E 1ST ST,93,N,N,A,-,N,NA,NA,NA,NA,NA,NA,NA,NA,NA,N,3,0,1,1,C,-,18,NA,NA,N,H,J,A,A,H,-,A,D,0,NA,Y,NA,NA,Y,NA,-,-,0,1,0,0,0,0,1,0,0,-,-,NA,NA,SAN DIEGO,NATIONAL CITY,-117.0875244140625,32.68760299682617
9250982,2021,2021-05-05,3700,2021-04-14,1925,SH0599,NA,3,5,5,3713,0,0,0,NA,0,312,LA TORTUGA DR,BREEZE HILL RD,633,N,N,A,-,N,NA,NA,NA,NA,NA,NA,NA,NA,NA,N,4,0,1,1,A,-,03,22350,NA,N,H,A,A,A,H,-,B,D,0,NA,NA,Y,NA,Y,NA,C,02,0,0,1,0,0,0,0,0,1,-,-,NA,NA,SAN DIEGO,VISTA,-117.25791931152344,33.19074630737305
9250984,2021,2021-05-05,3700,2021-04-13,0909,SH0113,NA,2,5,5,3713,0,0,0,NA,0,317,POINSETTIA AV,BUSINESS PARK DR,0,NA,Y,C,-,N,NA,NA,NA,NA,NA,NA,NA,NA,NA,Y,3,0,2,2,A,-,12,21453,A,N,D,C,A,B,H,-,A,A,0,NA,NA,NA,NA,Y,NA,A,01,0,1,1,0,0,0,0,0,0,-,-,NA,NA,SAN DIEGO,VISTA,-117.22917938232422,33.134300231933594
9251598,2021,2021-05-06,3711,2021-04-07,0544,SD7659,NA,3,5,7,3711,0,0,0,NA,0,832,UNIVERSITY AV,RT 15,10,W,N,A,-,Y,SD,11,15,-,M,4.749,R,4,N,N,3,0,1,2,A,-,11,21950,B,M,G,B,B,A,H,-,C,A,0,Y,NA,NA,NA,Y,NA,N,60,0,1,0,0,1,0,0,0,0,-,NO,NA,NA,SAN DIEGO,SAN DIEGO,-117.1085968017578,32.75116729736328
9251614,2021,2021-05-05,3711,2021-04-05,1758,SD1251,NA,1,5,7,3711,0,0,0,NA,0,111,BALBOA,CHARGER BL,0,NA,Y,A,-,N,NA,NA,NA,NA,NA,NA,NA,NA,NA,N,4,0,2,2,A,-,03,22350,NA,M,C,C,A,A,H,-,A,A,0,NA,NA,NA,NA,Y,NA,A,01,0,0,2,0,0,0,0,0,0,-,-,NA,NA,SAN DIEGO,SAN DIEGO,-117.1671142578125,32.820587158203125
9252985,2021,2021-04-27,3711,2021-04-05,1300,SD7867,NA,1,5,7,3711,0,0,0,NA,0,614,BACON ST,DEL MONTE AV,0,NA,Y,A,-,N,NA,NA,NA,NA,NA,NA,NA,NA,NA,Y,4,0,1,2,A,-,03,22350,NA,N,A,C,A,A,H,-,A,A,0,NA,NA,NA,NA,Y,Y,A,01,0,0,1,0,0,0,0,0,0,-,-,NA,NA,SAN DIEGO,SAN DIEGO,-117.25320434570313,32.74433898925781
9252993,2021,2021-04-27,3711,2021-04-08,1918,SD8377,NA,4,5,7,3711,0,0,0,NA,0,529,LAUREL ST,2ND AV,59,W,N,A,-,N,NA,NA,NA,NA,NA,NA,NA,NA,NA,Y,3,0,1,3,A,-,08,22107,NA,N,B,C,A,A,H,-,B,D,0,NA,NA,NA,NA,Y,Y,A,01,0,1,0,0,0,0,0,0,0,-,-,NA,NA,SAN DIEGO,SAN DIEGO,-117.16322326660156,32.731361389160156
9253328,2021,2021-04-26,3700,2021-03-21,1929,SH2520,NA,7,5,5,3713,0,0,0,NA,0,311,VISTA VILLAGE DR,MAIN ST,0,NA,Y,A,-,N,NA,NA,NA,NA,NA,NA,NA,NA,NA,Y,4,0,1,2,A,-,12,21453,A,M,D,C,A,A,H,-,C,A,0,NA,NA,NA,NA,Y,NA,A,01,0,0,1,0,0,0,0,0,0,-,-,NA,NA,SAN DIEGO,VISTA,-117.23973846435548,33.20393371582031
9253482,2021,2021-04-28,3711,2021-04-10,1730,SD8684,NA,6,5,7,3711,0,0,0,NA,0,124,LA JOLLA BL,WESTBOURNE ST,0,NA,Y,B,-,N,NA,NA,NA,NA,NA,NA,NA,NA,NA,N,4,0,1,2,A,-,08,22101,D,N,D,C,A,A,H,-,A,D,0,NA,NA,Y,NA,Y,NA,C,02,0,0,1,0,0,0,0,0,0,-,-,NA,NA,SAN DIEGO,SAN DIEGO,-117.27694702148438,32.83290100097656
9253484,2021,2021-04-27,3711,2021-04-12,2030,SD8684,NA,1,5,7,3711,0,0,0,NA,0,122,INGRAHAM ST,OLIVER AV,0,NA,Y,A,-,N,NA,NA,NA,NA,NA,NA,NA,NA,NA,N,4,0,1,2,A,-,03,22350,NA,N,C,C,A,A,H,-,C,D,0,NA,NA,NA,NA,Y,NA,A,01,0,0,1,0,0,0,0,0,0,-,-,NA,NA,SAN DIEGO,SAN DIEGO,-117.2393798828125,32.79501724243164
9253489,2021,2021-04-29,3711,2021-04-16,1745,SD1331,NA,5,5,7,3711,0,0,0,NA,0,831,EL CAJON BL,46TH ST,0,NA,Y,A,-,N,NA,NA,NA,NA,NA,NA,NA,NA,NA,Y,4,0,1,2,A,-,08,22107,NA,N,D,C,A,A,H,-,A,D,0,NA,NA,NA,NA,Y,NA,A,01,0,0,1,0,0,0,0,0,0,-,-,NA,NA,SAN DIEGO,SAN DIEGO,-117.09584045410156,32.75553512573242
9253492,2021,2021-05-04,3711,2021-04-17,0553,SD7758,NA,6,5,7,3711,0,0,0,NA,0,712,AVENIDA DE LA MADRID,CAMINO DE LAS SONRISAS,115,W,N,A,-,N,NA,NA,NA,NA,NA,NA,NA,NA,NA,Y,4,0,1,3,A,-,08,22107,NA,N,B,E,A,A,H,-,B,D,0,NA,NA,NA,NA,Y,Y,A,01,0,0,1,0,0,0,0,0,0,-,-,NA,NA,SAN DIEGO,SAN DIEGO,-117.0474853515625,32.5628547668457
9253499,2021,2021-04-27,3711,2021-04-18,1702,SD7095,NA,7,5,7,3711,0,0,0,NA,0,444,36TH ST,K ST,0,NA,N,A,-,N,NA,NA,NA,NA,NA,NA,NA,NA,NA,N,3,0,1,2,A,-,12,22450,A,N,D,C,A,A,H,-,A,D,0,NA,NA,NA,NA,Y,NA,A,01,0,1,0,0,0,0,0,0,0,-,-,NA,NA,SAN DIEGO,SAN DIEGO,-117.11701202392578,32.70850372314453
9253533,2021,2021-04-28,3711,2021-04-13,2239,SD1074,NA,2,5,7,3711,0,0,0,NA,0,521,F ST,11TH AV,0,NA,Y,A,-,N,NA,NA,NA,NA,NA,NA,NA,NA,NA,N,3,0,2,2,A,-,12,21453,A,N,D,C,A,A,H,-,C,A,0,NA,NA,NA,NA,Y,NA,A,01,0,2,0,0,0,0,0,0,0,-,-,NA,NA,SAN DIEGO,SAN DIEGO,-117.15469360351563,32.71364212036133
9255041,2021,2021-05-06,3710,2021-04-15,1423,OC1211,NA,4,5,6,3710,0,0,0,NA,0,011,OCEANSIDE BL,GOAT HILL DR,12,E,N,A,-,N,NA,NA,NA,NA,NA,NA,NA,NA,NA,N,3,0,1,2,A,-,09,21802,A,F,D,C,A,A,H,-,A,A,0,NA,NA,Y,NA,Y,NA,A,01,0,1,0,0,0,0,0,0,1,-,-,NA,NA,SAN DIEGO,OCEANSIDE,-117.35681915283205,33.19328689575195
9255369,2021,2021-05-11,3711,2021-04-28,1339,SD7731,NA,3,5,7,3711,0,0,0,NA,0,124,JENNDER ST,JENNFER ST 8000,0,NA,N,A,-,N,NA,NA,NA,NA,NA,NA,NA,NA,NA,N,3,0,1,1,A,-,03,22350,NA,N,H,A,A,A,H,-,A,D,0,NA,NA,NA,NA,Y,NA,-,NA,0,1,0,0,0,0,0,0,0,-,-,NA,NA,SAN DIEGO,SAN DIEGO,NA,NA
9255844,2021,2021-05-10,3711,2021-05-02,1623,SD8861,NA,7,5,7,3711,0,0,0,NA,0,521,10TH AV,10TH AV 1200,0,NA,N,A,-,N,NA,NA,NA,NA,NA,NA,NA,NA,NA,N,4,0,1,2,A,-,08,22107,NA,M,B,C,A,A,H,-,A,A,0,NA,NA,NA,NA,Y,NA,-,99,0,0,1,0,0,0,0,0,0,-,-,NA,NA,SAN DIEGO,SAN DIEGO,-119.5568389892578,36.503360748291016
9256500,2021,2023-06-20,3700,2021-07-27,2025,SH2439,NA,2,5,5,3713,0,0,0,NA,0,317,SYCAMORE AV,GREEN OAK RD,800,N,N,B,-,N,NA,NA,NA,NA,NA,NA,NA,NA,NA,N,1,1,0,2,A,-,11,21955,NA,N,G,B,D,A,H,-,C,D,0,Y,NA,NA,NA,Y,NA,N,60,0,0,0,1,0,0,0,0,0,-,-,NA,NA,SAN DIEGO,VISTA,-117.2216339111328,33.159053802490234
9257920,2021,2021-04-29,3711,2021-04-18,2050,SD6915,NA,7,5,7,3711,0,0,0,NA,0,515,IMPERIAL AV,30TH ST,118,W,N,A,-,N,NA,NA,NA,NA,NA,NA,NA,NA,NA,Y,4,0,3,3,A,-,03,22350,NA,N,C,C,A,A,H,-,C,A,0,NA,NA,NA,NA,Y,Y,A,01,0,0,3,0,0,0,0,0,0,-,-,NA,NA,SAN DIEGO,SAN DIEGO,-117.1299057006836,32.70640182495117
9257937,2021,2021-05-03,3711,2021-04-20,1827,SD1193,NA,2,5,7,3711,0,0,0,NA,0,451,EUCLID AV,EUCLID AV 1600,0,NA,Y,A,-,N,NA,NA,NA,NA,NA,NA,NA,NA,NA,Y,3,0,1,2,A,-,03,22350,NA,M,C,C,A,A,H,-,A,D,0,NA,NA,Y,NA,Y,NA,A,01,0,1,0,0,0,0,0,0,1,-,-,NA,NA,SAN DIEGO,SAN DIEGO,-117.08499908447266,32.704505920410156
9258271,2021,2021-05-04,3705,2021-02-15,1224,EC0328,NA,1,5,5,3705,0,0,0,NA,0,002,MOLLISON,LEXINGTON,0,NA,Y,A,-,N,NA,NA,NA,NA,NA,NA,NA,NA,NA,NA,4,0,1,2,A,-,12,21453,A,F,D,C,A,A,H,-,A,A,0,NA,NA,NA,NA,Y,NA,-,99,0,0,1,0,0,0,0,0,0,-,-,NA,NA,SAN DIEGO,EL CAJON,-116.95095825195313,32.792633056640625
9258341,2021,2021-05-18,3711,2021-04-23,1735,SD1068,NA,5,5,7,3711,0,0,0,NA,0,835,HOME AV,HOME AV 4300,0,NA,N,B,-,N,NA,NA,NA,NA,NA,NA,NA,NA,NA,N,4,0,3,2,A,-,04,21703,NA,N,C,C,A,A,H,-,A,A,0,NA,NA,NA,NA,Y,NA,A,01,0,0,3,0,0,0,0,0,0,-,-,NA,NA,SAN DIEGO,SAN DIEGO,NA,NA
9258642,2021,2021-05-03,3711,2021-04-23,1540,SD7649,NA,5,5,7,3711,0,0,0,NA,0,933,DEL MAR HEIGHTS RD,CONDES DR,251,W,N,B,-,N,NA,NA,NA,NA,NA,NA,NA,NA,NA,N,3,0,1,1,A,-,03,22350,NA,N,H,G,A,A,G,-,A,D,0,NA,Y,NA,NA,Y,NA,L,04,0,1,0,0,0,0,1,0,0,-,-,NA,NA,SAN DIEGO,SAN DIEGO,-117.2586669921875,32.948760986328125