CASE_ID,ACCIDENT_YEAR,PROC_DATE,JURIS,COLLISION_DATE,COLLISION_TIME,OFFICER_ID,REPORTING_DISTRICT,DAY_OF_WEEK,CHP_SHIFT,POPULATION,CNTY_CITY_LOC,SPECIAL_COND,BEAT_TYPE,CHP_BEAT_TYPE,CITY_DIVISION_LAPD,CHP_BEAT_CLASS,BEAT_NUMBER,PRIMARY_RD,SECONDARY_RD,DISTANCE,DIRECTION,INTERSECTION,WEATHER_1,WEATHER_2,STATE_HWY_IND,CALTRANS_COUNTY,CALTRANS_DISTRICT,STATE_ROUTE,ROUTE_SUFFIX,POSTMILE_PREFIX,POSTMILE,LOCATION_TYPE,RAMP_INTERSECTION,SIDE_OF_HWY,TOW_AWAY,COLLISION_SEVERITY,NUMBER_KILLED,NUMBER_INJURED,PARTY_COUNT,PRIMARY_COLL_FACTOR,PCF_CODE_OF_VIOL,PCF_VIOL_CATEGORY,PCF_VIOLATION,PCF_VIOL_SUBSECTION,HIT_AND_RUN,TYPE_OF_COLLISION,MVIW,PED_ACTION,ROAD_SURFACE,ROAD_COND_1,ROAD_COND_2,LIGHTING,CONTROL_DEVICE,CHP_ROAD_TYPE,PEDESTRIAN_ACCIDENT,BICYCLE_ACCIDENT,MOTORCYCLE_ACCIDENT,TRUCK_ACCIDENT,NOT_PRIVATE_PROPERTY,ALCOHOL_INVOLVED,STWD_VEHTYPE_AT_FAULT,CHP_VEHTYPE_AT_FAULT,COUNT_SEVERE_INJ,COUNT_VISIBLE_INJ,COUNT_COMPLAINT_PAIN,COUNT_PED_KILLED,COUNT_PED_INJURED,COUNT_BICYCLIST_KILLED,COUNT_BICYCLIST_INJURED,COUNT_MC_KILLED,COUNT_MC_INJURED,PRIMARY_RAMP,SECONDARY_RAMP,LATITUDE,LONGITUDE,COUNTY,CITY,POINT_X,POINT_Y
9294304,2021,2021-08-23,3711,2021-07-16,0540,SD7983,NA,5,5,7,3711,0,0,0,NA,0,813,COMMONWALTH AV,COMMONWEALTH AV   2344,0,NA,Y,A,-,N,NA,NA,NA,NA,NA,NA,NA,NA,NA,Y,3,0,1,2,A,-,08,22107,NA,M,A,J,A,A,H,-,A,D,0,NA,NA,NA,NA,Y,NA,A,01,0,1,0,0,0,0,0,0,0,-,-,NA,NA,SAN DIEGO,SAN DIEGO,-117.118592,32.730905
9294990,2021,2021-08-12,3708,2021-07-22,1950,IM1283,NA,4,5,5,3708,0,0,0,NA,0,004,JACKSON DR,CENTER DR,124,N,N,A,-,N,NA,NA,NA,NA,NA,NA,NA,NA,NA,N,4,0,1,2,-,-,-,NA,1,N,D,G,A,A,H,-,B,D,0,NA,Y,NA,NA,Y,NA,L,04,0,0,1,0,0,0,1,0,0,-,-,NA,NA,SAN DIEGO,LA MESA,-117.01616668701172,32.77642059326172
9295444,2021,2021-07-27,3702,2021-05-23,1320,1327,NA,7,5,6,3702,0,0,0,NA,0,022,NAPLES ST,ELM AV,10,E,N,A,-,N,NA,NA,NA,NA,NA,NA,NA,NA,NA,N,3,0,1,2,A,-,03,22350,NA,N,D,C,A,A,H,-,A,D,0,NA,NA,Y,NA,Y,NA,C,02,0,1,0,0,0,0,0,0,1,-,-,NA,NA,SAN DIEGO,CHULA VISTA,-117.06359100341795,32.61520004272461
9295460,2021,2021-07-27,3700,2021-05-31,1225,SH2474,NA,1,5,5,3781,0,0,0,NA,0,518,MISSION GORGE PL,RT 125,232,E,N,A,-,N,NA,NA,NA,NA,NA,NA,NA,NA,NA,Y,3,0,1,1,A,-,03,22350,NA,N,F,A,A,A,H,-,B,A,0,NA,NA,Y,NA,Y,NA,C,02,0,1,0,0,0,0,0,0,1,-,-,NA,NA,SAN DIEGO,SANTEE,-117.00260162353516,32.83863830566406
9295499,2021,2021-08-16,3702,2021-06-06,1840,CV1342,NA,7,5,6,3702,0,0,0,NA,0,013,BROADWAY,K ST,300,S,N,B,-,N,NA,NA,NA,NA,NA,NA,NA,NA,NA,Y,4,0,2,2,A,-,09,21804,A,N,D,C,A,A,H,-,B,D,0,NA,NA,NA,NA,Y,NA,A,01,0,0,2,0,0,0,0,0,0,-,-,NA,NA,SAN DIEGO,CHULA VISTA,-117.08511352539063,32.619808197021484
9295548,2021,2021-08-11,3702,2021-06-21,1840,CV1218,NA,1,5,6,3702,0,0,0,NA,0,024,4TH AV,ANITA ST,18,N,N,A,-,N,NA,NA,NA,NA,NA,NA,NA,NA,NA,N,3,0,1,2,A,-,10,21950,A,N,G,B,B,A,H,-,A,A,0,Y,NA,NA,NA,Y,NA,A,08,0,1,0,0,1,0,0,0,0,-,-,NA,NA,SAN DIEGO,CHULA VISTA,-117.0690689086914,32.5985107421875
9295675,2021,2021-08-26,3711,2021-07-15,1652,SD1357,NA,4,5,7,3711,0,0,0,NA,0,813,ARNOLD AV,UNIVERSITY AV,0,NA,Y,A,-,N,NA,NA,NA,NA,NA,NA,NA,NA,NA,Y,4,0,1,4,A,-,03,22350,NA,N,D,C,A,A,H,-,A,D,0,NA,NA,NA,NA,Y,NA,-,NA,0,0,1,0,0,0,0,0,0,-,-,NA,NA,SAN DIEGO,SAN DIEGO,-117.13677978515624,32.748451232910156
9295910,2021,2021-08-05,3705,2021-01-25,1433,EC0371,NA,1,5,5,3705,0,0,0,NA,0,002,JAMACHA RD,EAST MAIN ST,48,S,N,A,-,N,NA,NA,NA,NA,NA,NA,NA,NA,NA,N,4,0,1,2,A,-,07,21658,A,F,B,C,A,A,H,-,A,A,0,NA,NA,NA,NA,Y,NA,A,01,0,0,1,0,0,0,0,0,0,-,-,NA,NA,SAN DIEGO,EL CAJON,-116.9357452392578,32.79528045654297
9296388,2021,2021-09-09,3711,2021-07-14,1854,SD7322,NA,3,5,7,3711,0,0,0,NA,0,822,EL CAJON BL,58TH ST,16,W,N,A,-,N,NA,NA,NA,NA,NA,NA,NA,NA,NA,Y,4,0,1,6,A,-,09,21801,A,N,D,C,A,A,H,-,C,D,0,NA,NA,NA,NA,Y,Y,A,01,0,0,1,0,0,0,0,0,0,-,-,NA,NA,SAN DIEGO,SAN DIEGO,-117.07292175292967,32.75875473022461
9296666,2021,2021-09-08,3711,2021-08-11,1650,SD1076,NA,3,5,7,3711,0,0,0,NA,0,934,GRAND DEL MAR WY,CARMEL COUNTRY RD,0,NA,Y,A,-,N,NA,NA,NA,NA,NA,NA,NA,NA,NA,N,4,0,1,2,A,-,04,21703,NA,N,C,C,A,A,H,-,A,A,0,NA,NA,NA,NA,Y,NA,A,01,0,0,1,0,0,0,0,0,0,-,-,NA,NA,SAN DIEGO,SAN DIEGO,-117.21100616455078,32.9373893737793
9298670,2021,2021-10-09,3711,2021-08-01,1630,SD8377,NA,7,5,7,3711,0,0,0,NA,0,523,4TH AV,F ST,7,S,N,A,-,N,NA,NA,NA,NA,NA,NA,NA,NA,NA,N,3,0,2,1,A,-,17,21235,G,N,F,A,A,A,H,-,A,A,0,NA,NA,NA,NA,Y,NA,-,NA,0,1,1,0,0,0,0,0,0,-,-,NA,NA,SAN DIEGO,SAN DIEGO,-117.16105651855467,32.713592529296875
9299197,2021,2021-09-01,3711,2021-07-29,1427,SD1266,NA,4,5,7,3711,0,0,0,NA,0,524,MARKET ST,8TH AV,0,NA,Y,A,-,N,NA,NA,NA,NA,NA,NA,NA,NA,NA,N,3,0,1,2,A,-,11,21456,B,N,G,B,B,A,H,-,A,A,0,Y,NA,NA,NA,Y,NA,N,60,0,1,0,0,1,0,0,0,0,-,-,NA,NA,SAN DIEGO,SAN DIEGO,-117.15740203857422,32.711517333984375
9299348,2021,2021-09-01,3700,2021-07-02,1211,SH7085,NA,5,5,5,3713,0,0,0,NA,0,310,NORTH SANTA FE AV,MAIN ST,19,N,N,A,-,N,NA,NA,NA,NA,NA,NA,NA,NA,NA,Y,3,0,1,2,A,-,21,22106,NA,N,B,C,A,A,H,-,A,A,0,NA,NA,NA,NA,Y,NA,A,01,0,1,0,0,0,0,0,0,0,-,-,NA,NA,SAN DIEGO,VISTA,-117.24347686767578,33.201637268066406
9299349,2021,2021-09-01,3700,2021-07-02,1325,SH7085,NA,5,5,5,3713,0,0,0,NA,0,317,SYCAMORE AV,LA MIRADA DR,819,S,N,A,-,N,NA,NA,NA,NA,NA,NA,NA,NA,NA,Y,4,0,1,1,A,-,08,22107,NA,N,E,I,A,A,H,-,A,D,0,NA,NA,NA,NA,Y,NA,A,01,0,0,1,0,0,0,0,0,0,-,-,NA,NA,SAN DIEGO,VISTA,-117.22794342041016,33.15003204345703
9300424,2021,2021-08-16,3711,2021-07-26,2021,SD1513,NA,1,5,7,3711,0,0,0,NA,0,624,LINCOLN AV,PARK BL,0,NA,Y,A,C,N,NA,NA,NA,NA,NA,NA,NA,NA,NA,N,4,0,1,2,A,-,09,21801,A,N,A,C,A,B,H,-,C,A,0,NA,NA,NA,NA,Y,NA,A,01,0,0,1,0,0,0,0,0,0,-,-,NA,NA,SAN DIEGO,SAN DIEGO,-117.14640045166016,32.75030517578125
9300426,2021,2021-08-16,3700,2021-07-26,0102,SD1155,NA,1,5,2,3704,0,0,0,NA,0,935,VIA DE LA VALLE,EL CAMINO REAL,800,W,N,A,-,N,NA,NA,NA,NA,NA,NA,NA,NA,NA,N,3,0,1,1,A,-,08,22107,NA,N,E,I,A,A,H,-,D,D,0,NA,NA,NA,NA,Y,NA,A,01,0,1,0,0,0,0,0,0,0,-,-,NA,NA,SAN DIEGO,DEL MAR,-117.22931671142578,32.98288345336914
9300430,2021,2021-08-16,3711,2021-07-22,1540,SD1305,NA,4,5,7,3711,0,0,0,NA,0,531,UPAS ST,28TH ST,0,NA,Y,A,-,N,NA,NA,NA,NA,NA,NA,NA,NA,NA,N,4,0,1,2,A,-,-,NA,NA,M,C,C,A,A,H,-,A,A,0,NA,NA,NA,NA,Y,NA,-,NA,0,0,1,0,0,0,0,0,0,-,-,NA,NA,SAN DIEGO,SAN DIEGO,-117.13364410400392,32.74102020263672
9300436,2021,2021-08-16,3711,2021-07-24,0120,SD7879,NA,6,5,7,3711,0,0,0,NA,0,523,4TH AV,F ST,74,S,N,A,-,N,NA,NA,NA,NA,NA,NA,NA,NA,NA,N,3,0,1,1,A,-,17,21235,G,N,F,A,A,A,H,-,C,D,0,NA,NA,NA,NA,Y,NA,-,NA,0,1,0,0,0,0,0,0,0,-,-,NA,NA,SAN DIEGO,SAN DIEGO,-117.16105651855467,32.71340560913086
9301190,2021,2021-08-13,3711,2021-07-26,2251,SD4310,NA,1,5,7,3711,0,0,0,NA,0,621,FRIARS RD,RT 163,0,NA,Y,B,-,Y,SD,11,163,-,-,4.226,R,4,S,Y,3,0,4,2,A,-,12,21453,A,N,A,C,A,A,H,-,C,A,0,NA,NA,NA,NA,Y,NA,A,07,0,1,3,0,0,0,0,0,0,-,SO,NA,NA,SAN DIEGO,SAN DIEGO,-117.16192626953124,32.7699089050293
9301557,2021,2021-10-01,3703,2021-08-18,1600,1386,2,3,5,3,3703,0,0,0,NA,0,002,H AV,OLIVE,18,S,N,B,-,N,NA,NA,NA,NA,NA,NA,NA,NA,NA,N,2,0,1,1,A,-,08,22107,NA,N,H,A,A,A,H,-,A,D,0,NA,NA,NA,NA,Y,NA,M,96,1,0,0,0,0,0,0,0,0,-,-,32.688499450683594,-117.18531036376952,SAN DIEGO,CORONADO,-117.18533325195313,32.68844223022461
9303899,2021,2021-09-17,3711,2021-08-04,1923,SD7710,NA,3,5,7,3711,0,0,0,NA,0,446,LOGAN AV,LOGAN AV 5080,0,NA,N,A,-,N,NA,NA,NA,NA,NA,NA,NA,NA,NA,Y,4,0,1,2,A,-,10,21954,B,M,G,B,D,A,H,-,A,D,0,Y,NA,NA,NA,Y,Y,A,01,0,0,1,0,1,0,0,0,0,-,-,NA,NA,SAN DIEGO,SAN DIEGO,NA,NA
93072050,2024,2024-07-31,9645,2024-07-22,1648,023088,NA,1,2,7,3711,0,1,1,NA,2,003,INTERSTATE 5 SOUTHBOUND,6TH AVENUE,110,S,N,A,-,Y,SD,NA,5,NA,R,16.283,H,NA,L,Y,4,0,3,3,A,-,07,21658,A,N,B,C,A,A,H,-,A,D,0,NA,NA,NA,NA,Y,NA,A,07,0,0,3,0,0,0,0,0,0,-,-,32.723121643066406,-117.1588897705078,SAN DIEGO,SAN DIEGO,-117.15889739990234,32.72313690185547
93073427,2023,2024-07-31,9645,2023-10-14,2025,022507,NA,6,2,7,3711,0,1,1,NA,2,005,INTERSTATE 5 NORTHBOUND,OLD TOWN AVENUE,1000,N,N,A,-,Y,SD,NA,5,NA,R,19.23,H,NA,R,Y,1,1,0,2,A,-,11,21954,A,N,G,B,E,A,H,-,C,D,0,Y,NA,NA,NA,Y,NA,N,60,0,0,0,1,0,0,0,0,0,-,-,32.74974822998047,-117.19570922851563,SAN DIEGO,SAN DIEGO,-117.19574737548828,32.749725341796875
9307399,2021,2021-10-23,3711,2021-08-02,1313,SD1139,NA,1,5,7,3711,0,0,0,NA,0,122,INGRAHAM ST,GARNET AV,0,NA,Y,A,-,N,NA,NA,NA,NA,NA,NA,NA,NA,NA,N,3,0,1,2,A,-,10,21950,A,N,G,B,B,A,H,-,A,A,0,Y,NA,NA,NA,Y,NA,A,01,0,1,0,0,1,0,0,0,0,-,-,NA,NA,SAN DIEGO,SAN DIEGO,-117.24083709716795,32.79976272583008
9310254,2021,2021-09-10,3702,2021-07-18,0052,CV0815,NA,7,5,6,3702,0,0,0,NA,0,022,3RD AV,QUINTARD ST,168,S,N,B,-,N,NA,NA,NA,NA,NA,NA,NA,NA,NA,N,4,0,2,2,A,-,09,21804,A,N,C,C,A,B,H,-,C,A,0,NA,NA,NA,NA,Y,NA,A,08,0,0,2,0,0,0,0,0,0,-,-,NA,NA,SAN DIEGO,CHULA VISTA,-117.06487274169922,32.602882385253906
9310420,2021,2021-10-02,3711,2021-08-09,1530,SD7224,NA,1,5,7,3711,0,0,0,NA,0,627,UNIVERSITH AV,UNIVERSITY AV 900,0,NA,N,A,-,N,NA,NA,NA,NA,NA,NA,NA,NA,NA,Y,3,0,2,4,A,-,03,22350,NA,N,H,C,A,A,H,-,A,A,0,NA,NA,NA,NA,Y,NA,A,01,0,1,1,0,0,0,0,0,0,-,-,NA,NA,SAN DIEGO,SAN DIEGO,-117.16390228271484,32.74827194213867
9310580,2021,2021-09-09,3702,2021-07-29,1901,CV0815,NA,4,5,6,3702,0,0,0,NA,0,031,OTAY LAKE RD,CAMINO DEL CERRO GRANDE,100,S,N,A,-,N,NA,NA,NA,NA,NA,NA,NA,NA,NA,N,4,0,1,2,A,-,03,22350,NA,N,C,C,A,A,H,-,A,A,0,NA,NA,NA,NA,Y,NA,A,01,0,0,1,0,0,0,0,0,0,-,-,NA,NA,SAN DIEGO,CHULA VISTA,-117.02288818359376,32.654659271240234
9312326,2021,2021-09-09,3702,2021-07-20,1524,CV0967,NA,2,5,6,3702,0,0,0,NA,0,013,J ST,RT 56,30,W,N,B,-,Y,SD,11,5,-,-,7.434,R,4,N,N,3,0,1,1,A,-,03,22350,NA,N,F,A,A,A,H,-,A,A,0,NA,Y,NA,NA,Y,NA,L,04,0,1,0,0,0,0,1,0,0,-,NO,NA,NA,SAN DIEGO,CHULA VISTA,-117.09374237060548,32.623992919921875
9312423,2021,2021-10-07,3711,2021-08-06,2040,SD7640,NA,5,5,7,3711,0,0,0,NA,0,621,CRANDLE DR,GATESHEAD ST,152,N,N,A,-,N,NA,NA,NA,NA,NA,NA,NA,NA,NA,N,4,0,1,5,A,-,17,21208,B,N,B,C,A,A,H,-,C,D,0,NA,NA,NA,NA,Y,NA,A,01,0,0,1,0,0,0,0,0,0,-,-,NA,NA,SAN DIEGO,SAN DIEGO,-117.164552,32.784386
9313916,2021,2021-09-22,3702,2021-08-07,1300,CV1349,NA,6,5,6,3702,0,0,0,NA,0,024,MELROSE AV,EAST ORANGE ST,20,S,N,A,-,N,NA,NA,NA,NA,NA,NA,NA,NA,NA,Y,3,0,1,2,A,-,12,21453,A,N,B,C,A,A,H,-,A,A,0,NA,NA,NA,NA,Y,NA,D,22,0,1,0,0,0,0,0,0,0,-,-,NA,NA,SAN DIEGO,CHULA VISTA,-117.03892517089844,32.604652404785156
9314235,2021,2021-10-28,3711,2021-08-16,1952,SD5812,NA,1,5,7,3711,0,0,0,NA,0,124,TORREY PINES RD,LA JOLLA VILLAGE DR,200,S,N,A,-,N,NA,NA,NA,NA,NA,NA,NA,NA,NA,Y,4,0,3,2,A,-,03,22350,NA,N,C,C,A,A,H,-,C,D,0,NA,NA,NA,NA,Y,NA,A,01,0,0,3,0,0,0,0,0,0,-,-,NA,NA,SAN DIEGO,SAN DIEGO,-117.24240112304688,32.86960220336914
9316114,2021,2021-09-18,3709,2021-08-17,1645,NC0534,NA,2,5,5,3709,0,0,0,NA,0,021,EAST PLAZA BL,PALM AV,78,E,N,A,-,N,NA,NA,NA,NA,NA,NA,NA,NA,NA,Y,2,0,1,2,A,-,09,21801,B,N,D,C,A,A,H,-,A,D,0,NA,NA,Y,NA,Y,NA,C,02,1,0,0,0,0,0,0,0,1,-,-,NA,NA,SAN DIEGO,NATIONAL CITY,-117.08890533447266,32.676761627197266
9316283,2021,2021-09-21,3710,2021-08-28,0401,OC1506,NA,6,5,6,3710,0,0,0,NA,0,030,OLIVE AV,MOTTINO DR,101,E,N,E,-,N,NA,NA,NA,NA,NA,NA,NA,NA,NA,Y,3,0,1,1,A,-,03,22350,NA,N,B,I,A,A,H,-,C,D,0,NA,NA,NA,NA,Y,Y,A,01,0,1,0,0,0,0,0,0,0,-,-,NA,NA,SAN DIEGO,OCEANSIDE,-117.28099822998048,33.20436096191406
9316288,2021,2021-09-21,3710,2021-08-27,1551,OC1480,NA,5,5,6,3710,0,0,0,NA,0,018,NORTH RIVER RD,FESTIVAL DR,357,W,N,A,-,N,NA,NA,NA,NA,NA,NA,NA,NA,NA,Y,4,0,1,2,A,-,03,22350,NA,N,C,C,A,A,H,-,A,A,0,NA,NA,NA,NA,Y,NA,A,01,0,0,1,0,0,0,0,0,0,-,-,NA,NA,SAN DIEGO,OCEANSIDE,-117.31825256347656,33.245262145996094
9316360,2021,2021-09-22,3711,2021-08-21,1333,SD1328,NA,6,5,7,3711,0,0,0,NA,0,322,GREENBRIER AV,GLENROY ST,0,NA,Y,A,-,N,NA,NA,NA,NA,NA,NA,NA,NA,NA,N,4,0,1,2,A,-,10,21950,A,N,A,B,B,A,H,-,A,D,0,Y,NA,NA,NA,Y,Y,A,01,0,0,1,0,1,0,0,0,0,-,-,NA,NA,SAN DIEGO,SAN DIEGO,-117.08122253417967,32.794559478759766
9316371,2021,2021-09-18,3711,2021-08-24,1548,SD1552,NA,2,5,7,3711,0,0,0,NA,0,625,TAYLOR ST,WHITMAN ST,0,NA,Y,A,-,N,NA,NA,NA,NA,NA,NA,NA,NA,NA,N,3,0,1,2,A,-,08,22107,NA,N,B,G,A,A,H,-,A,A,0,NA,Y,NA,NA,Y,NA,L,04,0,1,0,0,0,0,1,0,0,-,-,NA,NA,SAN DIEGO,SAN DIEGO,NA,NA
9317346,2021,2021-09-20,3711,2021-08-21,2150,SD7803,NA,6,5,7,3711,0,0,0,NA,0,836,HOME AV,FAIRMOUNT AV,190,E,N,A,-,N,NA,NA,NA,NA,NA,NA,NA,NA,NA,Y,4,0,1,2,A,-,08,22107,NA,M,C,C,A,A,H,-,D,D,0,NA,NA,NA,NA,Y,NA,-,NA,0,0,1,0,0,0,0,0,0,-,-,NA,NA,SAN DIEGO,SAN DIEGO,-117.09928131103516,32.72922897338867
9318859,2021,2021-09-03,3702,2021-07-04,1727,CV1238,NA,7,5,6,3702,0,0,0,NA,0,024,4TH AV,ORANGE AV,0,NA,Y,A,-,N,NA,NA,NA,NA,NA,NA,NA,NA,NA,Y,4,0,4,2,A,-,12,21453,A,N,D,C,A,A,H,-,A,A,0,NA,NA,NA,NA,Y,NA,A,01,0,0,4,0,0,0,0,0,0,-,-,NA,NA,SAN DIEGO,CHULA VISTA,-117.06919860839844,32.6022834777832
9320363,2021,2022-02-10,3710,2021-10-19,1418,OC1177,NA,2,5,6,3710,0,0,0,NA,0,013,JEFFERSON WY,RT-78,0,NA,Y,A,-,Y,SD,11,78,-,-,0.647,R,4,W,Y,1,1,2,2,A,-,01,23152,A,N,A,C,A,A,H,-,A,A,0,NA,NA,NA,NA,Y,Y,A,01,0,0,2,0,0,0,0,0,0,-,WO,NA,NA,SAN DIEGO,OCEANSIDE,-117.34151458740234,33.18122863769531
9320652,2022,2022-05-04,3711,2022-02-14,1801,SD7461,NA,1,5,7,3711,0,0,0,NA,0,124,TORREY PINES RD,TORREY PINES RD 2500,17,W,N,A,-,N,NA,NA,NA,NA,NA,NA,NA,NA,NA,N,1,1,0,3,A,-,11,21950,B,N,G,B,C,A,H,-,C,A,0,Y,NA,NA,NA,Y,NA,N,60,0,0,0,1,0,0,0,0,0,-,-,NA,NA,SAN DIEGO,SAN DIEGO,NA,NA
9320921,2022,2022-07-14,3711,2022-06-07,0829,SD6146,NA,2,5,7,3711,0,0,0,NA,0,313,OTHELLO AV,CONVOY ST,11,W,N,A,-,N,NA,NA,NA,NA,NA,NA,NA,NA,NA,Y,1,1,0,2,A,-,08,22107,NA,N,E,I,F,A,H,-,A,A,0,Y,NA,NA,NA,Y,NA,A,01,0,0,0,1,0,0,0,0,0,-,-,NA,NA,SAN DIEGO,SAN DIEGO,-117.1548080444336,32.817138671875
9321154,2023,2023-04-06,3711,2023-02-04,945,SD5985,NA,6,5,7,3711,0,0,0,NA,0,932,NORTH TORREY PINES RD,CARMEL VALLEY RD,1797,S,N,A,-,N,NA,NA,NA,NA,NA,NA,NA,NA,NA,N,1,1,1,2,A,-,11,21954,A,N,G,B,D,A,H,-,A,D,0,Y,Y,NA,NA,Y,NA,N,60,0,1,0,1,0,0,1,0,0,-,-,NA,NA,SAN DIEGO,SAN DIEGO,-117.26075744628906,32.93540954589844
9321417,2022,2022-07-29,3703,2022-06-24,1844,1419,2,5,5,3,3703,0,0,0,NA,0,002,G AV,ALAMEDA BL,0,NA,Y,A,-,N,NA,NA,NA,NA,NA,NA,NA,NA,NA,N,3,0,1,2,A,-,21,22106,NA,N,D,C,A,A,H,-,A,A,0,NA,NA,NA,NA,Y,NA,A,01,0,1,0,0,0,0,0,0,0,-,-,32.686710357666016,-117.18618774414063,SAN DIEGO,CORONADO,-117.18620300292967,32.68671417236328
9321732,2021,2021-10-22,3711,2021-09-05,1504,SD6532,NA,7,5,7,3711,0,0,0,NA,0,613,NIMITZ BL,NIMITZ BL 4500,0,NA,N,A,-,N,NA,NA,NA,NA,NA,NA,NA,NA,NA,Y,4,0,3,3,A,-,03,22350,NA,N,C,C,A,A,H,-,A,D,0,NA,NA,NA,NA,Y,NA,A,01,0,0,3,0,0,0,0,0,0,-,-,NA,NA,SAN DIEGO,SAN DIEGO,NA,NA
9322395,2021,2021-09-27,3700,2021-08-31,1245,SH0051,NA,2,5,4,3720,0,0,0,NA,0,607,CANTON DR,CAMERON DR,22,W,N,B,-,N,NA,NA,NA,NA,NA,NA,NA,NA,NA,Y,3,0,1,2,A,-,03,22350,NA,N,D,E,A,A,H,-,A,D,0,NA,NA,NA,NA,Y,NA,A,01,0,1,0,0,0,0,0,0,0,-,-,NA,NA,SAN DIEGO,LEMON GROVE,-117.02439880371094,32.7234001159668
9323636,2021,2021-09-28,3711,2021-08-27,2150,SD8684,NA,5,5,7,3711,0,0,0,NA,0,123,QUIVIRA WY,QUIVIRA WY 1800,0,NA,Y,A,-,N,NA,NA,NA,NA,NA,NA,NA,NA,NA,N,3,0,1,1,A,-,03,22350,NA,N,H,A,A,A,H,-,C,D,0,NA,NA,Y,NA,Y,NA,C,03,0,1,0,0,0,0,0,0,1,-,-,NA,NA,SAN DIEGO,SAN DIEGO,-117.2327117919922,32.76169204711914
9323919,2021,2021-09-16,3711,2021-08-28,1610,SD8377,NA,6,5,7,3711,0,0,0,NA,0,527,PACIFIC HWY,BEECH ST,800,W,N,A,-,N,NA,NA,NA,NA,NA,NA,NA,NA,NA,N,4,0,1,2,A,-,11,21954,A,M,G,B,D,A,-,-,A,-,0,Y,NA,NA,NA,Y,NA,N,60,0,0,1,0,1,0,0,0,0,-,-,NA,NA,SAN DIEGO,SAN DIEGO,-117.17093658447266,32.72090148925781
9324360,2021,2021-11-10,3711,2021-09-01,1250,SD6104,NA,3,5,7,3711,0,0,0,NA,0,624,CAMPUS AV,TYLER AV,430,N,N,A,-,N,NA,NA,NA,NA,NA,NA,NA,NA,NA,Y,4,0,1,3,A,-,21,22106,NA,N,D,C,A,A,H,-,A,D,0,NA,NA,NA,NA,Y,NA,A,01,0,0,1,0,0,0,0,0,0,-,-,NA,NA,SAN DIEGO,SAN DIEGO,-117.14876556396484,32.75463104248047
9325010,2021,2021-09-29,3710,2021-08-30,1020,OC1510,NA,1,5,6,3710,0,0,0,NA,0,012,OCEANSIDE BL,EDGEHILL LN,0,NA,Y,A,-,N,NA,NA,NA,NA,NA,NA,NA,NA,NA,N,3,0,1,2,A,-,09,21804,A,N,A,C,A,A,H,-,A,A,0,NA,NA,NA,NA,Y,NA,A,01,0,1,0,0,0,0,0,0,0,-,-,NA,NA,SAN DIEGO,OCEANSIDE,-117.33992767333984,33.20173645019531
9326080,2021,2021-10-22,3711,2021-09-28,1642,SD8377,NA,2,5,7,3711,0,0,0,NA,0,516,32ND ST,F ST,31,N,N,A,-,N,NA,NA,NA,NA,NA,NA,NA,NA,NA,N,4,0,2,2,A,-,09,21801,A,N,D,C,A,A,H,-,A,D,0,NA,NA,NA,NA,Y,NA,A,01,0,0,2,0,0,0,0,0,0,-,-,NA,NA,SAN DIEGO,SAN DIEGO,-117.12531280517578,32.713863372802734
93266760,2024,2024-08-01,9680,2024-07-23,1555,020780,NA,2,2,5,3708,0,1,3,NA,2,028,SR-125 S/B,MARIPOSA ST O/C,600,S,N,A,-,Y,SD,NA,125,NA,NA,13.997,H,NA,L,Y,4,0,1,2,A,-,03,22350,NA,N,C,C,A,A,H,-,A,D,0,NA,NA,NA,NA,Y,NA,A,01,0,0,1,0,0,0,0,0,0,-,-,32.75849914550781,-117.00582122802734,SAN DIEGO,LA MESA,-117.00580596923828,32.758487701416016
9327543,2021,2021-09-28,3711,2021-09-09,1200,SD7390,NA,4,5,7,3711,0,0,0,NA,0,113,MORENA BL,GARNET AV,0,NA,Y,A,-,N,NA,NA,NA,NA,NA,NA,NA,NA,NA,N,4,0,1,2,A,-,03,22350,NA,N,C,C,A,A,H,-,A,A,0,NA,NA,NA,NA,Y,NA,A,07,0,0,1,0,0,0,0,0,0,-,-,NA,NA,SAN DIEGO,SAN DIEGO,NA,NA
9327799,2021,2021-12-06,3711,2021-09-20,1400,SD1551,NA,1,5,7,3711,0,0,0,NA,0,832,FAIRMOUNT AV,FAIRMOUNT AV 4100,0,NA,N,A,-,N,NA,NA,NA,NA,NA,NA,NA,NA,NA,Y,4,0,1,2,D,-,00,NA,NA,N,B,C,A,A,B,-,A,D,0,NA,NA,NA,NA,Y,Y,-,-,0,0,1,0,0,0,0,0,0,-,-,NA,NA,SAN DIEGO,SAN DIEGO,-117.10155487060548,32.78019714355469
9327801,2021,2021-10-21,3711,2021-09-20,1820,SD6825,NA,1,5,7,3711,0,0,0,NA,0,242,BLACK MOUNTAIN RD,CARROLL CANYON RD,0,NA,Y,A,-,N,NA,NA,NA,NA,NA,NA,NA,NA,NA,Y,4,0,1,2,A,-,12,21453,A,N,D,C,A,A,H,-,B,A,0,NA,NA,NA,NA,Y,NA,A,01,0,0,1,0,0,0,0,0,0,-,-,NA,NA,SAN DIEGO,SAN DIEGO,-117.12410736083984,32.90275955200195
9327811,2021,2021-10-20,3711,2021-09-06,0230,SD7696,NA,1,5,7,3711,0,0,0,NA,0,524,4TH AV,BROADWAY,0,NA,Y,A,-,N,NA,NA,NA,NA,NA,NA,NA,NA,NA,N,3,0,1,2,A,-,05,21650,1,N,D,C,A,A,H,-,C,A,0,NA,NA,NA,NA,Y,NA,-,NA,0,1,0,0,0,0,0,0,0,-,-,NA,NA,SAN DIEGO,SAN DIEGO,-117.16105651855467,32.715694427490234