CASE_ID,ACCIDENT_YEAR,PROC_DATE,JURIS,COLLISION_DATE,COLLISION_TIME,OFFICER_ID,REPORTING_DISTRICT,DAY_OF_WEEK,CHP_SHIFT,POPULATION,CNTY_CITY_LOC,SPECIAL_COND,BEAT_TYPE,CHP_BEAT_TYPE,CITY_DIVISION_LAPD,CHP_BEAT_CLASS,BEAT_NUMBER,PRIMARY_RD,SECONDARY_RD,DISTANCE,DIRECTION,INTERSECTION,WEATHER_1,WEATHER_2,STATE_HWY_IND,CALTRANS_COUNTY,CALTRANS_DISTRICT,STATE_ROUTE,ROUTE_SUFFIX,POSTMILE_PREFIX,POSTMILE,LOCATION_TYPE,RAMP_INTERSECTION,SIDE_OF_HWY,TOW_AWAY,COLLISION_SEVERITY,NUMBER_KILLED,NUMBER_INJURED,PARTY_COUNT,PRIMARY_COLL_FACTOR,PCF_CODE_OF_VIOL,PCF_VIOL_CATEGORY,PCF_VIOLATION,PCF_VIOL_SUBSECTION,HIT_AND_RUN,TYPE_OF_COLLISION,MVIW,PED_ACTION,ROAD_SURFACE,ROAD_COND_1,ROAD_COND_2,LIGHTING,CONTROL_DEVICE,CHP_ROAD_TYPE,PEDESTRIAN_ACCIDENT,BICYCLE_ACCIDENT,MOTORCYCLE_ACCIDENT,TRUCK_ACCIDENT,NOT_PRIVATE_PROPERTY,ALCOHOL_INVOLVED,STWD_VEHTYPE_AT_FAULT,CHP_VEHTYPE_AT_FAULT,COUNT_SEVERE_INJ,COUNT_VISIBLE_INJ,COUNT_COMPLAINT_PAIN,COUNT_PED_KILLED,COUNT_PED_INJURED,COUNT_BICYCLIST_KILLED,COUNT_BICYCLIST_INJURED,COUNT_MC_KILLED,COUNT_MC_INJURED,PRIMARY_RAMP,SECONDARY_RAMP,LATITUDE,LONGITUDE,COUNTY,CITY,POINT_X,POINT_Y
9336143,2021,2021-09-21,3711,2021-08-25,1655,SD7759,NA,3,5,7,3711,0,0,0,NA,0,122,TURQUOISE ST,FOOTHILL BL,0,NA,Y,A,-,N,NA,NA,NA,NA,NA,NA,NA,NA,NA,N,4,0,2,2,B,-,22,NA,NA,N,D,C,A,A,H,-,A,A,0,NA,NA,NA,NA,Y,NA,A,01,0,0,2,0,0,0,0,0,0,-,-,NA,NA,SAN DIEGO,SAN DIEGO,-117.2500228881836,32.81060791015625
9336164,2021,2021-10-23,3711,2021-09-09,1500,SD7490,NA,4,5,7,3711,0,0,0,NA,0,111,ECKSTROM AV,BALBOA AV,0,NA,Y,A,-,N,NA,NA,NA,NA,NA,NA,NA,NA,NA,N,4,0,1,2,A,-,03,22350,NA,N,C,C,A,A,H,-,A,A,0,NA,NA,NA,NA,Y,NA,A,01,0,0,1,0,0,0,0,0,0,-,-,NA,NA,SAN DIEGO,SAN DIEGO,-117.16706848144533,32.82048034667969
9336179,2021,2021-10-23,3711,2021-09-05,1554,SD7938,NA,7,5,7,3711,0,0,0,NA,0,313,CLAIREMONT MESA BL,SHAWLINE ST,0,NA,Y,A,-,N,NA,NA,NA,NA,NA,NA,NA,NA,NA,N,4,0,1,2,A,-,09,21453,C,N,B,C,A,A,H,-,A,A,0,NA,NA,NA,NA,Y,NA,A,07,0,0,1,0,0,0,0,0,0,-,-,NA,NA,SAN DIEGO,SAN DIEGO,-117.16383361816406,32.83264923095703
9336342,2021,2021-10-18,3711,2021-09-12,0747,SD7024,NA,7,5,7,3711,0,0,0,NA,0,528,KETTNER BL,WEST DATE ST,40,N,N,A,-,N,NA,NA,NA,NA,NA,NA,NA,NA,NA,N,4,0,1,2,A,-,03,22350,NA,M,C,C,A,A,H,-,A,A,0,NA,NA,NA,NA,Y,NA,-,NA,0,0,1,0,0,0,0,0,0,-,-,NA,NA,SAN DIEGO,SAN DIEGO,-117.16919708251952,32.72309112548828
9336356,2021,2021-10-18,3711,2021-09-10,2338,SD7798,NA,5,5,7,3711,0,0,0,NA,0,528,INDIAST,INDIA ST 2500,0,NA,-,A,-,N,NA,NA,NA,NA,NA,NA,NA,NA,NA,N,4,0,1,1,A,-,17,21208,B,N,H,A,A,A,H,-,C,A,0,NA,NA,NA,NA,Y,NA,-,NA,0,0,1,0,0,0,0,0,0,-,-,NA,NA,SAN DIEGO,SAN DIEGO,NA,NA
9336696,2021,2021-11-29,3711,2021-09-03,0601,SD1575,NA,5,5,7,3711,0,0,0,NA,0,614,EBERS ST,NIAGARA AV,45,S,N,B,-,N,NA,NA,NA,NA,NA,NA,NA,NA,NA,N,3,0,1,3,A,-,08,22107,NA,N,B,E,A,A,H,-,B,D,0,NA,NA,NA,NA,Y,NA,A,07,0,1,0,0,0,0,0,0,0,-,-,NA,NA,SAN DIEGO,SAN DIEGO,-117.24668884277344,32.74272155761719
9337090,2021,2021-10-26,3711,2021-09-15,1219,SD4849,NA,3,5,7,3711,0,0,0,NA,0,529,ALBATROSS ST,WEST LAUREL ST,0,NA,Y,A,-,N,NA,NA,NA,NA,NA,NA,NA,NA,NA,N,3,0,1,2,A,-,09,21802,B,N,D,C,A,A,H,-,A,A,0,NA,NA,NA,NA,Y,NA,A,07,0,1,0,0,0,0,0,0,0,-,-,NA,NA,SAN DIEGO,SAN DIEGO,-117.1657485961914,32.731361389160156
9337315,2021,2021-11-05,3711,2021-09-21,1349,SD7975,NA,2,5,7,3711,0,0,0,NA,0,126,LA JOLLA VILLAGE DR,RT 5,0,NA,N,A,-,N,NA,NA,NA,NA,NA,NA,NA,NA,NA,N,4,0,1,2,D,-,00,NA,NA,N,B,-,A,A,H,-,A,A,0,NA,NA,NA,NA,Y,NA,-,-,0,0,1,0,0,0,0,0,0,-,-,NA,NA,SAN DIEGO,SAN DIEGO,-117.22933197021484,32.87215042114258
9339486,2021,2021-10-14,3700,2021-08-08,2026,SH0392,NA,7,5,4,3780,0,0,0,NA,0,408,RT 67,DOS HERMANOS RD,0,NA,Y,A,-,Y,SD,11,67,-,-,14.9,H,-,S,Y,4,0,3,2,A,-,03,22350,NA,N,D,C,A,-,H,-,C,D,0,NA,NA,NA,NA,Y,NA,A,01,0,0,3,0,0,0,0,0,0,-,-,NA,NA,SAN DIEGO,POWAY,-116.97200012207033,32.97425842285156
9340152,2021,2021-11-03,3710,2021-09-03,1012,OC1274,NA,5,5,6,3710,0,0,0,NA,0,018,NORTH RIVER RD,FESTIVAL DR,0,NA,Y,A,-,N,NA,NA,NA,NA,NA,NA,NA,NA,NA,Y,3,0,2,2,A,-,09,21800,C,N,D,C,A,A,H,-,A,A,0,NA,NA,NA,NA,Y,NA,A,07,0,2,0,0,0,0,0,0,0,-,-,NA,NA,SAN DIEGO,OCEANSIDE,-117.31708526611328,33.24525451660156
9341928,2021,2021-11-18,3711,2021-10-12,0825,SD1562,NA,2,5,7,3711,0,0,0,NA,0,111,BALBOA,SHOPPING CENTER DR,0,NA,Y,A,-,N,NA,NA,NA,NA,NA,NA,NA,NA,NA,N,4,0,1,2,D,-,00,NA,NA,M,C,C,A,A,H,-,A,A,0,NA,NA,NA,NA,Y,NA,-,-,0,0,1,0,0,0,0,0,0,-,-,NA,NA,SAN DIEGO,SAN DIEGO,NA,NA
9342180,2021,2021-11-09,3705,2021-09-03,1531,EC5356,NA,5,5,5,3705,0,0,0,NA,0,002,N 2ND,CLARENDON ST,52,S,N,A,-,N,NA,NA,NA,NA,NA,NA,NA,NA,NA,N,4,0,1,2,A,-,03,22350,NA,N,C,C,A,A,A,-,A,D,0,NA,NA,NA,NA,Y,NA,D,22,0,0,1,0,0,0,0,0,0,-,-,NA,NA,SAN DIEGO,EL CAJON,-116.93579864501952,32.808597564697266
9343357,2021,2021-10-11,3700,2021-08-02,1059,SH5476,NA,1,5,4,3707,0,0,0,NA,0,702,PALM AV,12TH ST,0,NA,Y,A,-,N,NA,NA,NA,NA,NA,NA,NA,NA,NA,Y,4,0,1,2,A,-,09,21801,A,N,B,C,A,A,H,-,A,D,0,NA,NA,Y,NA,Y,NA,A,01,0,0,1,0,0,0,0,0,1,-,-,NA,NA,SAN DIEGO,IMPERIAL BEACH,-117.10809326171876,32.583797454833984
9343764,2021,2021-12-06,3711,2021-09-15,1030,SD1560,NA,3,5,7,3711,0,0,0,NA,0,931,EASTGATE MALL,MIRMAR RD,0,NA,Y,A,-,N,NA,NA,NA,NA,NA,NA,NA,NA,NA,N,3,0,1,2,A,-,08,22102,NA,N,D,C,A,A,H,-,A,D,0,NA,NA,Y,NA,Y,NA,A,01,0,1,0,0,0,0,0,0,1,-,-,NA,NA,SAN DIEGO,SAN DIEGO,-117.18631744384766,32.87685775756836
9343773,2021,2021-12-23,3711,2021-09-20,1725,SD1545,NA,1,5,7,3711,0,0,0,NA,0,515,27TH ST,IMPERIAL AV,0,NA,Y,A,-,N,NA,NA,NA,NA,NA,NA,NA,NA,NA,N,4,0,1,2,A,-,11,21950,B,N,G,J,A,A,H,-,A,D,0,NA,NA,NA,NA,Y,NA,-,NA,0,0,1,0,0,0,0,0,0,-,-,NA,NA,SAN DIEGO,SAN DIEGO,-117.135986328125,32.70636749267578
9344717,2021,2021-11-19,3711,2021-10-02,1137,SD7153,NA,6,5,7,3711,0,0,0,NA,0,122,GRAND AV,HAINES ST,9,E,N,A,-,N,NA,NA,NA,NA,NA,NA,NA,NA,NA,N,4,0,1,3,A,-,21,22106,NA,N,D,C,A,A,H,-,A,D,0,NA,NA,NA,NA,Y,NA,A,01,0,0,1,0,0,0,0,0,0,-,-,NA,NA,SAN DIEGO,SAN DIEGO,-117.24210357666016,32.79752731323242
9344718,2021,2021-11-17,3711,2021-10-02,0846,SD1368,NA,6,5,7,3711,0,0,0,NA,0,627,WASHINGTON ST,9TH AV,15,E,N,A,-,N,NA,NA,NA,NA,NA,NA,NA,NA,NA,N,3,0,3,3,A,-,08,22107,NA,N,D,C,A,A,H,-,A,A,0,NA,NA,Y,NA,Y,NA,A,01,0,2,1,0,0,0,0,0,1,-,-,NA,NA,SAN DIEGO,SAN DIEGO,-117.15633392333984,32.75019073486328
9344771,2021,2021-10-23,3711,2021-09-24,2115,SD8404,NA,5,5,7,3711,0,0,0,NA,0,624,WASHINGTON ST,RT 163,0,NA,Y,B,-,N,NA,NA,NA,NA,NA,NA,NA,NA,NA,Y,4,0,1,2,A,-,12,21453,A,N,D,C,A,A,H,-,C,A,0,NA,NA,NA,NA,Y,NA,A,01,0,0,1,0,0,0,0,0,0,-,-,NA,NA,SAN DIEGO,SAN DIEGO,-117.15538787841795,32.750335693359375
9345576,2021,2021-10-21,3700,2021-06-01,1745,SH7554,NA,2,5,4,3707,0,0,0,NA,0,702,CYPRESS AV,10TH ST ALY,0,NA,Y,A,-,N,NA,NA,NA,NA,NA,NA,NA,NA,NA,Y,4,0,2,2,A,-,09,21804,A,N,A,C,A,A,H,-,A,D,0,NA,NA,NA,NA,Y,NA,A,01,0,0,2,0,0,0,0,0,0,-,-,NA,NA,SAN DIEGO,IMPERIAL BEACH,-117.11177825927734,32.58705520629883
9345676,2021,2021-11-08,3708,2021-09-26,1950,LM1158,NA,7,5,5,3708,0,0,0,NA,0,003,FLETCHER PKWY,BALTIMORE DR,0,NA,Y,A,-,N,NA,NA,NA,NA,NA,NA,NA,NA,NA,Y,4,0,3,2,A,-,12,21453,A,N,A,C,A,A,H,-,C,A,0,NA,NA,NA,NA,Y,NA,A,01,0,0,3,0,0,0,0,0,0,-,-,NA,NA,SAN DIEGO,LA MESA,-117.02743530273438,32.773868560791016
9347788,2021,2021-11-10,3711,2021-10-16,1307,SD7917,NA,6,5,7,3711,0,0,0,NA,0,312,SANTO RD,ORLECK ST,0,NA,Y,A,-,N,NA,NA,NA,NA,NA,NA,NA,NA,NA,N,3,0,1,2,A,-,10,21950,A,N,G,B,B,A,H,-,A,A,0,Y,NA,NA,NA,Y,NA,A,01,0,1,0,0,1,0,0,0,0,-,-,NA,NA,SAN DIEGO,SAN DIEGO,-117.10404205322266,32.81955337524414
9348143,2021,2021-10-25,3708,2021-06-03,2320,LM1295,NA,4,5,5,3708,0,0,0,NA,0,002,LEMON AV,SCHUYLER  AV,330,E,N,A,-,N,NA,NA,NA,NA,NA,NA,NA,NA,NA,Y,4,0,1,2,A,-,03,22350,NA,N,F,E,A,A,H,-,C,D,0,NA,NA,NA,NA,Y,Y,A,01,0,0,1,0,0,0,0,0,0,-,-,NA,NA,SAN DIEGO,LA MESA,-117.01276397705078,32.76740646362305
9349081,2021,2021-12-13,3711,2021-10-08,2040,SD8684,NA,5,5,7,3711,0,0,0,NA,0,115,GENESEE AV,LUIGI TER,0,NA,Y,B,-,N,NA,NA,NA,NA,NA,NA,NA,NA,NA,Y,4,0,1,2,A,-,08,22107,NA,N,D,C,A,A,H,-,D,D,0,NA,NA,NA,NA,Y,Y,A,01,0,0,1,0,0,0,0,0,0,-,-,NA,NA,SAN DIEGO,SAN DIEGO,-117.20709991455078,32.859378814697266
9349107,2021,2021-11-30,3711,2021-10-05,1115,SD7407,NA,2,5,7,3711,0,0,0,NA,0,515,27TH ST,27TH ST 100,0,NA,-,A,B,N,NA,NA,NA,NA,NA,NA,NA,NA,NA,N,4,0,1,4,A,-,08,22107,NA,N,B,E,A,A,H,-,A,D,0,NA,NA,NA,NA,Y,NA,A,01,0,0,1,0,0,0,0,0,0,-,-,NA,NA,SAN DIEGO,SAN DIEGO,-122.2614974975586,37.81280517578125
93491517,2024,2024-08-05,9645,2024-07-14,555,022814,NA,7,3,7,3711,0,1,1,NA,2,009,I-805 NORTHBOUND TO SR-94,MARKET STREET,700,N,N,B,-,Y,SD,NA,805,NA,NA,13.094,H,NA,R,Y,3,0,1,1,A,-,08,22107,NA,N,E,I,A,A,H,-,A,D,0,NA,NA,NA,NA,Y,NA,A,01,0,1,0,0,0,0,0,0,0,-,-,32.713279724121094,-117.10159301757813,SAN DIEGO,SAN DIEGO,-117.1018524169922,32.71318435668945
9349961,2021,2021-11-05,3711,2021-09-18,1910,SD8684,NA,6,5,7,3711,0,0,0,NA,0,123,SEA WORLD DR,RT 5,0,NA,Y,B,-,N,NA,NA,NA,NA,NA,NA,NA,NA,NA,N,4,0,2,3,A,-,12,21453,A,N,D,C,A,A,H,-,C,A,0,NA,NA,NA,NA,Y,NA,A,01,0,0,2,0,0,0,0,0,0,-,NO,NA,NA,SAN DIEGO,SAN DIEGO,-117.2067413330078,32.76980972290039
9350019,2021,2021-11-05,3709,2021-09-07,0948,NC0526,NA,2,5,5,3709,0,0,0,NA,0,020,HARBOR DR,WEST 8TH ST,128,N,N,A,-,N,NA,NA,NA,NA,NA,NA,NA,NA,NA,Y,4,0,1,2,A,-,09,21800,B,N,B,C,A,A,H,-,A,A,0,NA,NA,NA,NA,Y,NA,A,01,0,0,1,0,0,0,0,0,0,-,-,NA,NA,SAN DIEGO,NATIONAL CITY,-117.11487579345705,32.67399978637695
9350206,2021,2021-11-12,3711,2021-10-10,0951,SD6785,NA,7,5,7,3711,0,0,0,NA,0,241,SCRIPPS LAKE DR,1/2 MILE MARKER OF TRAIL,0,NA,Y,A,-,N,NA,NA,NA,NA,NA,NA,NA,NA,NA,N,3,0,1,1,A,-,03,22350,NA,N,H,I,A,A,H,-,A,D,0,NA,Y,NA,NA,Y,NA,L,04,0,1,0,0,0,0,1,0,0,-,-,NA,NA,SAN DIEGO,SAN DIEGO,NA,NA
9350393,2021,2021-11-17,3711,2021-10-01,0943,SD1076,NA,5,5,7,3711,0,0,0,NA,0,931,MIRAMAR RD,MIRAMAR MALL,0,NA,Y,A,-,N,NA,NA,NA,NA,NA,NA,NA,NA,NA,Y,4,0,2,3,A,-,12,21453,A,N,D,C,A,A,H,-,A,A,0,NA,NA,NA,Y,Y,NA,A,01,0,0,2,0,0,0,0,0,0,-,-,NA,NA,SAN DIEGO,SAN DIEGO,-117.18273162841795,32.87702560424805
9351715,2021,2021-11-15,3711,2021-10-27,1129,SD7905,NA,3,5,7,3711,0,0,0,NA,0,NA,MEADOWBROOK DR,SKYLINE DR,0,NA,Y,A,-,N,NA,NA,NA,NA,NA,NA,NA,NA,NA,N,4,0,1,2,A,-,04,21703,NA,N,C,C,A,A,H,-,A,A,0,NA,NA,NA,NA,Y,NA,A,01,0,0,1,0,0,0,0,0,0,-,-,NA,NA,SAN DIEGO,SAN DIEGO,-117.03072357177734,32.70256042480469
9351954,2021,2021-12-28,3711,2021-11-04,1130,SD7850,NA,4,5,7,3711,0,0,0,NA,0,313,CLAIREMONT MESA BL,CLAIREMONT MESA BL  9300,0,NA,Y,A,-,N,NA,NA,NA,NA,NA,NA,NA,NA,NA,N,3,0,2,4,A,-,03,22350,NA,N,C,C,A,A,H,-,A,A,0,NA,NA,Y,NA,Y,NA,C,02,0,2,0,0,0,0,0,0,1,-,-,NA,NA,SAN DIEGO,SAN DIEGO,-117.20614624023438,32.82770538330078
93523399,2024,2024-08-05,9650,2024-07-27,2325,023467,NA,6,3,9,3700,0,3,5,NA,2,006,DE LUZ MURRIETA RD,DE LUZ RD,3485,E,N,A,-,N,NA,NA,NA,NA,NA,NA,NA,NA,NA,Y,4,0,1,1,A,-,03,22350,NA,N,F,J,A,D,H,-,D,D,0,NA,NA,NA,NA,Y,NA,A,01,0,0,1,0,0,0,0,0,0,-,-,33.448089599609375,-117.31716918945313,SAN DIEGO,UNINCORPORATED,-117.3175811767578,33.446685791015625
9353020,2021,2021-11-16,3700,2021-10-09,2240,SH0597,NA,6,5,5,3712,0,0,0,NA,0,350,NORTH TWIN OAKS VALLEY DR,VIA DEL PRADO,0,NA,Y,A,-,N,NA,NA,NA,NA,NA,NA,NA,NA,NA,Y,4,0,2,2,A,-,12,21453,A,N,D,C,A,A,H,-,C,A,0,NA,NA,NA,NA,Y,NA,A,01,0,0,2,0,0,0,0,0,0,-,-,NA,NA,SAN DIEGO,SAN MARCOS,-117.16372680664063,33.13994216918945
9353302,2021,2021-11-16,3709,2021-10-17,0222,NC0495,NA,7,5,5,3709,0,0,0,NA,0,023,PROSPECT ST,EAST 18TH ST,31,S,N,A,-,N,NA,NA,NA,NA,NA,NA,NA,NA,NA,N,3,0,1,1,A,-,01,23152,A,N,F,I,A,A,H,-,C,D,0,NA,NA,NA,NA,Y,Y,D,22,0,1,0,0,0,0,0,0,0,-,-,NA,NA,SAN DIEGO,NATIONAL CITY,-117.08058166503906,32.67353057861328
9354314,2021,2021-11-13,3702,2021-09-12,2343,CV1322,NA,7,5,6,3702,0,0,0,NA,0,012,H ST,OAKLAWN AV,129,W,N,A,-,N,NA,NA,NA,NA,NA,NA,NA,NA,NA,N,4,0,2,2,A,-,03,22350,NA,F,C,C,A,A,H,-,C,D,0,NA,NA,NA,NA,Y,NA,D,22,0,0,2,0,0,0,0,0,0,-,-,NA,NA,SAN DIEGO,CHULA VISTA,-117.09303283691406,32.62995529174805
9354333,2021,2021-11-15,3702,2021-08-20,1439,CV1122,NA,5,5,6,3702,0,0,0,NA,0,012,BEECH AV,F ST,0,NA,Y,B,-,N,NA,NA,NA,NA,NA,NA,NA,NA,NA,N,4,0,1,2,A,-,12,22450,A,N,A,C,A,A,H,-,A,A,0,NA,NA,NA,NA,Y,NA,A,01,0,0,1,0,0,0,0,0,0,-,-,NA,NA,SAN DIEGO,CHULA VISTA,-117.090087890625,32.63842010498047
9354343,2021,2021-11-10,3702,2021-09-14,1300,CV1388,NA,2,5,6,3702,0,0,0,NA,0,011,E ST,BROADWAY,32,W,N,A,-,N,NA,NA,NA,NA,NA,NA,NA,NA,NA,N,4,0,1,2,A,-,03,22350,NA,N,C,C,A,A,H,-,A,A,0,NA,NA,NA,NA,Y,NA,A,07,0,0,1,0,0,0,0,0,0,-,-,NA,NA,SAN DIEGO,CHULA VISTA,-117.09361267089844,32.64129638671875
9354349,2021,2021-11-10,3702,2021-09-06,1820,CV1275,NA,1,5,6,3702,0,0,0,NA,0,013,3RD AV,K ST,329,N,N,A,-,N,NA,NA,NA,NA,NA,NA,NA,NA,NA,N,4,0,1,2,B,-,22,NA,NA,M,G,B,F,A,H,-,A,D,0,Y,NA,Y,NA,Y,Y,C,06,0,0,1,0,1,0,0,0,0,-,-,NA,NA,SAN DIEGO,CHULA VISTA,-117.07347869873048,32.62489318847656
9354564,2021,2021-10-27,3711,2021-05-24,0900,SD1204,NA,1,5,7,3711,0,0,0,NA,0,611,TRUXTUN RD,FARRAGUT RD,0,NA,Y,A,-,N,NA,NA,NA,NA,NA,NA,NA,NA,NA,N,4,0,1,2,A,-,10,21954,B,N,G,B,D,A,H,-,A,D,0,Y,NA,NA,NA,Y,Y,A,01,0,0,1,0,1,0,0,0,0,-,-,NA,NA,SAN DIEGO,SAN DIEGO,-117.21961212158205,32.733970642089844
9354842,2021,2021-11-16,3711,2021-10-25,1342,SD6445,NA,1,5,7,3711,0,0,0,NA,0,442,43RD ST,BETA ST,0,NA,Y,B,-,N,NA,NA,NA,NA,NA,NA,NA,NA,NA,N,4,0,1,2,A,-,12,22450,A,M,D,C,A,A,H,-,A,A,0,NA,NA,NA,NA,Y,NA,-,NA,0,0,1,0,0,0,0,0,0,-,-,NA,NA,SAN DIEGO,SAN DIEGO,-117.10245513916016,32.690635681152344
9354845,2021,2021-11-16,3711,2021-10-26,1919,SD7991,NA,2,5,7,3711,0,0,0,NA,0,321,SAN DIEGO MISSION RD,SAN DIEGO MISSION RD 10400,0,NA,N,A,-,N,NA,NA,NA,NA,NA,NA,NA,NA,NA,N,4,0,1,2,B,-,22,NA,NA,M,D,C,A,A,H,-,C,D,0,NA,NA,NA,NA,Y,NA,-,NA,0,0,1,0,0,0,0,0,0,-,-,NA,NA,SAN DIEGO,SAN DIEGO,NA,NA
9355052,2021,2021-11-15,3710,2021-10-08,1911,OC1512,NA,5,5,6,3710,0,0,0,NA,0,013,EL CAMINO REAL,VISTA WY,3,S,N,A,-,N,NA,NA,NA,NA,NA,NA,NA,NA,NA,N,4,0,2,2,A,-,03,22350,NA,N,C,C,A,A,H,-,C,A,0,NA,NA,NA,NA,Y,NA,A,01,0,0,2,0,0,0,0,0,0,-,-,NA,NA,SAN DIEGO,OCEANSIDE,-117.32707214355467,33.18318176269531
9355306,2021,2021-11-06,3711,2021-09-29,1816,SD6146,NA,3,5,7,3711,0,0,0,NA,0,312,MONTEGO DR,JAZMIN CT,18,E,N,A,-,N,NA,NA,NA,NA,NA,NA,NA,NA,NA,N,2,0,1,2,A,-,10,21954,B,N,G,B,D,A,H,-,A,D,0,Y,NA,NA,NA,Y,NA,A,07,1,0,0,0,1,0,0,0,0,-,-,NA,NA,SAN DIEGO,SAN DIEGO,-117.09484100341795,32.828468322753906
9355436,2021,2021-12-03,3700,2021-10-28,1552,SH0817,NA,4,5,5,3712,0,0,0,NA,0,360,VIA VERA CRUZ,APPLEWILDE DR,0,NA,Y,A,-,N,NA,NA,NA,NA,NA,NA,NA,NA,NA,Y,4,0,1,2,A,-,12,22450,A,N,D,C,A,A,H,-,A,A,0,NA,NA,NA,NA,Y,NA,-,-,0,0,1,0,0,0,0,0,0,-,-,NA,NA,SAN DIEGO,SAN MARCOS,-117.18738555908205,33.12762451171875
9355606,2021,2021-10-29,3711,2021-10-13,1259,SD7889,NA,3,5,7,3711,0,0,0,NA,0,723,DEL SOL BL,PICADOR BL,38,W,N,A,-,N,NA,NA,NA,NA,NA,NA,NA,NA,NA,N,4,0,1,2,A,-,03,22350,NA,N,C,C,A,A,H,-,A,A,0,NA,NA,NA,NA,Y,NA,A,07,0,0,1,0,0,0,0,0,0,-,-,NA,NA,SAN DIEGO,SAN DIEGO,-117.05413055419922,32.57331848144531
9356137,2021,2021-11-08,3705,2021-08-05,1359,EC0219,NA,4,5,5,3705,0,0,0,NA,0,004,S ANZA ST,E WASHINGTON AV,0,NA,Y,A,-,N,NA,NA,NA,NA,NA,NA,NA,NA,NA,Y,4,0,1,2,A,-,12,21453,A,N,D,C,A,A,H,-,A,A,0,NA,NA,NA,NA,Y,NA,A,01,0,0,1,0,0,0,0,0,0,-,-,NA,NA,SAN DIEGO,EL CAJON,-116.94818878173828,32.78764724731445
9359028,2021,2022-01-06,3705,2021-09-07,1452,EC0371,NA,2,5,5,3705,0,0,0,NA,0,002,N 2ND ST,OAKDALE AV,134,S,N,A,-,N,NA,NA,NA,NA,NA,NA,NA,NA,NA,N,3,0,1,2,A,-,07,21658,A,N,B,C,A,A,H,-,A,D,0,NA,NA,NA,NA,Y,NA,A,01,0,1,0,0,0,0,0,0,0,-,-,NA,NA,SAN DIEGO,EL CAJON,-116.93586730957033,32.801692962646484
9360060,2021,2021-11-19,3700,2021-10-03,1913,SH0169,NA,7,5,4,3720,0,0,0,NA,0,602,BROADWAY,VISTA AV,12,E,N,A,-,N,NA,NA,NA,NA,NA,NA,NA,NA,NA,N,4,0,1,2,A,-,09,21802,A,N,D,C,A,A,H,-,C,D,0,NA,NA,NA,NA,Y,NA,A,01,0,0,1,0,0,0,0,0,0,-,-,NA,NA,SAN DIEGO,LEMON GROVE,-117.04170989990234,32.74251937866211
9360516,2021,2021-11-29,3702,2021-10-11,1119,CV1125,NA,1,5,6,3702,0,0,0,NA,0,021,MAIN ST,JACQUA ST,275,W,N,A,-,N,NA,NA,NA,NA,NA,NA,NA,NA,NA,Y,4,0,1,2,A,-,09,21804,B,N,D,C,A,A,H,-,A,D,0,NA,NA,NA,NA,Y,NA,A,01,0,0,1,0,0,0,0,0,0,-,-,NA,NA,SAN DIEGO,CHULA VISTA,-117.08119201660156,32.594818115234375
9360623,2021,2021-12-21,3705,2021-06-21,1450,EC0371,NA,1,5,5,3705,0,0,0,NA,0,002,E MADISON AV,N MAGNOLIA AV,0,NA,Y,A,-,N,NA,NA,NA,NA,NA,NA,NA,NA,NA,Y,4,0,2,5,A,-,12,21453,A,N,D,C,A,A,H,-,A,A,0,NA,NA,NA,NA,Y,NA,A,01,0,0,2,0,0,0,0,0,0,-,-,NA,NA,SAN DIEGO,EL CAJON,-116.96237182617188,32.80086898803711
9360990,2021,2021-12-06,3711,2021-11-10,2305,SD6917,NA,3,5,7,3711,0,0,0,NA,0,522,MARKET ST,1ST AV,0,NA,Y,A,-,N,NA,NA,NA,NA,NA,NA,NA,NA,NA,Y,4,0,2,2,-,-,-,NA,NA,N,D,C,A,A,H,-,C,A,0,NA,NA,NA,NA,Y,NA,A,01,0,0,2,0,0,0,0,0,0,-,-,NA,NA,SAN DIEGO,SAN DIEGO,-117.16378784179688,32.71141815185547
9361026,2021,2021-12-27,3711,2021-11-12,1010,SD1184,NA,5,5,7,3711,0,0,0,NA,0,525,BROADWAY,2ND AV,0,NA,Y,A,-,N,NA,NA,NA,NA,NA,NA,NA,NA,NA,N,2,0,1,2,A,-,17,21462,NA,N,G,B,B,A,H,-,A,A,0,Y,NA,NA,NA,Y,NA,A,01,1,0,0,0,1,0,0,0,0,-,-,NA,NA,SAN DIEGO,SAN DIEGO,-117.16287994384766,32.715782165527344
9362132,2021,2021-12-20,3710,2021-11-02,1725,OC1502,NA,2,5,6,3710,0,0,0,NA,0,016,NORTH EL CAMINO REAL,AVE GRANDE,8,E,N,A,-,N,NA,NA,NA,NA,NA,NA,NA,NA,NA,Y,3,0,2,2,A,-,08,22105,NA,N,C,C,A,A,H,-,A,D,0,NA,NA,NA,NA,Y,NA,A,01,0,1,1,0,0,0,0,0,0,-,-,NA,NA,SAN DIEGO,OCEANSIDE,NA,NA
9362567,2021,2021-11-30,3711,2021-11-01,1820,SD6901,NA,1,5,7,3711,0,0,0,NA,0,242,CARROLL CANYON RD,BLACK MOUNTAIN RD,0,NA,Y,-,-,N,NA,NA,NA,NA,NA,NA,NA,NA,NA,N,4,0,1,2,A,-,04,21703,NA,N,-,-,A,-,-,-,C,A,0,NA,NA,NA,NA,Y,NA,A,01,0,0,1,0,0,0,0,0,0,-,-,NA,NA,SAN DIEGO,SAN DIEGO,-117.12410736083984,32.90275955200195
9365967,2021,2021-11-18,3711,2021-10-22,1234,SD1033,NA,5,5,7,3711,0,0,0,NA,0,934,DEL MAR HEIGHTS RD,PASEO PL,65,NA,N,A,-,N,NA,NA,NA,NA,NA,NA,NA,NA,NA,Y,3,0,1,3,A,-,03,22350,NA,N,C,C,A,A,H,-,A,A,0,NA,NA,NA,NA,Y,NA,A,01,0,1,0,0,0,0,0,0,0,-,-,NA,NA,SAN DIEGO,SAN DIEGO,-117.23667907714844,32.952850341796875