CASE_ID,ACCIDENT_YEAR,PROC_DATE,JURIS,COLLISION_DATE,COLLISION_TIME,OFFICER_ID,REPORTING_DISTRICT,DAY_OF_WEEK,CHP_SHIFT,POPULATION,CNTY_CITY_LOC,SPECIAL_COND,BEAT_TYPE,CHP_BEAT_TYPE,CITY_DIVISION_LAPD,CHP_BEAT_CLASS,BEAT_NUMBER,PRIMARY_RD,SECONDARY_RD,DISTANCE,DIRECTION,INTERSECTION,WEATHER_1,WEATHER_2,STATE_HWY_IND,CALTRANS_COUNTY,CALTRANS_DISTRICT,STATE_ROUTE,ROUTE_SUFFIX,POSTMILE_PREFIX,POSTMILE,LOCATION_TYPE,RAMP_INTERSECTION,SIDE_OF_HWY,TOW_AWAY,COLLISION_SEVERITY,NUMBER_KILLED,NUMBER_INJURED,PARTY_COUNT,PRIMARY_COLL_FACTOR,PCF_CODE_OF_VIOL,PCF_VIOL_CATEGORY,PCF_VIOLATION,PCF_VIOL_SUBSECTION,HIT_AND_RUN,TYPE_OF_COLLISION,MVIW,PED_ACTION,ROAD_SURFACE,ROAD_COND_1,ROAD_COND_2,LIGHTING,CONTROL_DEVICE,CHP_ROAD_TYPE,PEDESTRIAN_ACCIDENT,BICYCLE_ACCIDENT,MOTORCYCLE_ACCIDENT,TRUCK_ACCIDENT,NOT_PRIVATE_PROPERTY,ALCOHOL_INVOLVED,STWD_VEHTYPE_AT_FAULT,CHP_VEHTYPE_AT_FAULT,COUNT_SEVERE_INJ,COUNT_VISIBLE_INJ,COUNT_COMPLAINT_PAIN,COUNT_PED_KILLED,COUNT_PED_INJURED,COUNT_BICYCLIST_KILLED,COUNT_BICYCLIST_INJURED,COUNT_MC_KILLED,COUNT_MC_INJURED,PRIMARY_RAMP,SECONDARY_RAMP,LATITUDE,LONGITUDE,COUNTY,CITY,POINT_X,POINT_Y
9485524,2022,2022-08-26,3702,2022-06-12,1638,CV1308,NA,7,5,6,3702,0,0,0,NA,0,024,EAST ORANGE AV,LARKHAVEN DR,250,E,N,A,-,N,NA,NA,NA,NA,NA,NA,NA,NA,NA,Y,3,0,1,1,A,-,22,23123,A,N,E,I,A,A,H,-,A,D,0,NA,NA,NA,NA,Y,NA,A,01,0,1,0,0,0,0,0,0,0,-,-,NA,NA,SAN DIEGO,CHULA VISTA,-117.04575347900392,32.600685119628906
9485671,2022,2022-10-12,3711,2022-07-02,1920,HB6318,NA,6,5,7,3711,0,0,0,NA,0,504,CESAR E CHAVEZ PKWY,CROSBY RD,85,S,N,A,-,N,NA,NA,NA,NA,NA,NA,NA,NA,NA,N,3,0,1,2,A,-,11,21950,B,N,G,B,E,A,H,-,A,D,0,Y,NA,NA,Y,Y,NA,N,60,0,1,0,0,1,0,0,0,0,-,-,NA,NA,SAN DIEGO,SAN DIEGO,-117.14920806884766,32.69667053222656
94857885,2025,2025-09-24,9650,2025-09-17,320,021500,NA,3,3,9,3700,0,1,1,NA,2,003,I-5,LAS PULGAS RD,3136,S,N,A,-,Y,SD,NA,5,NA,R,61.485,H,NA,L,Y,3,0,1,1,A,-,08,22107,NA,N,E,I,A,A,H,-,D,D,0,NA,NA,NA,NA,Y,NA,A,08,0,1,0,0,0,0,0,0,0,-,-,33.29225158691406,-117.45777893066406,SAN DIEGO,UNINCORPORATED,-117.45770263671876,33.292293548583984
94858832,2025,2025-09-25,9650,2025-08-05,1913,021263,NA,2,2,9,3700,0,3,5,NA,2,211,OLD HIGHWAY 395,CAMINO DEL REY,220,S,N,A,-,N,NA,NA,NA,NA,NA,NA,NA,NA,NA,Y,2,0,2,1,A,-,01,23152,A,N,E,I,A,A,H,-,A,D,0,NA,NA,NA,NA,Y,Y,A,01,1,1,0,0,0,0,0,0,0,-,-,33.2659912109375,-117.15686798095705,SAN DIEGO,UNINCORPORATED,NA,NA
94858834,2025,2025-09-25,9650,2025-09-11,910,022924,NA,4,1,5,3701,0,1,1,NA,2,005,I-5 NORTHBOUND,CHESTNUT AVE,600,S,N,A,-,Y,SD,NA,5,NA,R,49.782,H,NA,R,Y,3,0,1,5,A,-,03,22350,NA,N,C,A,A,A,H,-,A,D,0,NA,NA,NA,NA,Y,NA,A,01,0,1,0,0,0,0,0,0,0,-,-,33.15884017944336,-117.33992004394533,SAN DIEGO,CARLSBAD,-117.33988189697266,33.15885543823242
94860500,2025,2025-09-25,9680,2025-09-15,1055,016415,NA,1,1,9,3700,0,3,5,NA,2,003,HARBISON CANYON RD,BRIDLE RUN,0,NA,Y,A,-,N,NA,NA,NA,NA,NA,NA,NA,NA,NA,Y,4,0,1,2,A,-,12,21453,A,N,D,C,A,A,H,-,A,A,0,NA,NA,NA,NA,Y,NA,-,-,0,0,1,0,0,0,0,0,0,-,-,32.833900451660156,-116.8142318725586,SAN DIEGO,UNINCORPORATED,-116.81422424316406,32.83385467529297
94862192,2025,2025-09-26,9680,2025-08-14,1540,023426,NA,4,2,4,3720,0,1,3,NA,2,028,SR-125 S/B,TROY ST,314,N,N,A,-,Y,SD,NA,125,NA,NA,12.201,H,NA,L,Y,4,0,1,3,A,-,08,22107,NA,N,C,C,A,A,H,-,A,D,0,NA,NA,Y,NA,Y,NA,C,02,0,0,1,0,0,0,0,0,1,-,-,32.7374382019043,-117.01602172851563,SAN DIEGO,LEMON GROVE,-117.01601409912108,32.7374382019043
9486446,2022,2022-09-19,3702,2022-07-25,2132,CV1337,NA,1,5,6,3702,0,0,0,NA,0,042,OLYMPIC PKWY,LA MEDIA,0,E,N,A,-,N,NA,NA,NA,NA,NA,NA,NA,NA,NA,Y,4,0,1,1,A,-,03,22350,NA,N,A,J,A,A,H,-,B,D,0,NA,NA,NA,NA,Y,NA,A,01,0,0,1,0,0,0,0,0,0,-,-,NA,NA,SAN DIEGO,CHULA VISTA,-116.98622131347656,32.62505340576172
9486454,2022,2022-09-19,3702,2022-07-29,1102,CV1396,NA,5,5,6,3702,0,0,0,NA,0,024,BROADWAY,MAIN ST,556,N,N,A,-,N,NA,NA,NA,NA,NA,NA,NA,NA,NA,N,2,0,1,2,A,-,11,21954,A,N,G,B,D,A,H,-,A,D,0,Y,NA,NA,NA,Y,NA,N,60,1,0,0,0,1,0,0,0,0,-,-,NA,NA,SAN DIEGO,CHULA VISTA,-117.075927734375,32.59619903564453
94867128,2025,2025-09-30,9680,2025-09-21,1048,021501,NA,7,1,9,3700,0,1,3,NA,1,071,SR-78,SAN FELIPE ROAD,7920,E,N,A,-,Y,SD,NA,78,NA,NA,71.629,H,NA,R,Y,3,0,1,1,A,-,08,22107,NA,N,E,I,A,A,H,-,A,A,0,NA,NA,Y,NA,Y,NA,C,02,0,1,0,0,0,0,0,0,1,-,-,33.108360290527344,-116.45030975341795,SAN DIEGO,UNINCORPORATED,-116.45029449462892,33.10831832885742
94868610,2025,2025-10-01,9645,2025-09-19,1725,024081,NA,5,2,7,3711,0,1,1,NA,2,010,I -8 EASTBOUND,I-15,2376,W,N,A,-,Y,SD,NA,8,NA,NA,5.157,H,NA,R,N,3,0,2,2,A,-,03,22350,NA,N,C,C,A,A,H,-,A,D,0,NA,NA,NA,NA,Y,NA,A,07,0,1,1,0,0,0,0,0,0,-,-,32.777061462402344,-117.12024688720705,SAN DIEGO,SAN DIEGO,-117.1203384399414,32.77717971801758
9486862,2022,2022-10-10,3702,2022-08-05,2335,CV1377,NA,5,5,6,3702,0,0,0,NA,0,014,H ST,2ND AV,0,NA,Y,A,-,N,NA,NA,NA,NA,NA,NA,NA,NA,NA,Y,4,0,2,2,A,-,12,21453,A,N,D,C,A,A,H,-,C,A,0,NA,NA,NA,NA,Y,NA,A,01,0,0,2,0,0,0,0,0,0,-,-,NA,NA,SAN DIEGO,CHULA VISTA,-117.0731201171875,32.635555267333984
9486875,2022,2022-09-29,3702,2022-07-25,1012,CV1297,NA,1,5,6,3702,0,0,0,NA,0,021,BROADWAY,NAPLES ST,231,N,N,A,-,N,NA,NA,NA,NA,NA,NA,NA,NA,NA,N,3,0,1,2,A,-,11,21954,A,N,G,B,D,A,H,-,A,A,0,Y,NA,NA,NA,Y,NA,N,60,0,1,0,0,1,0,0,0,0,-,-,NA,NA,SAN DIEGO,CHULA VISTA,-117.0816650390625,32.61083221435547
94869715,2025,2025-10-02,9645,2025-09-20,807,024570,NA,6,1,7,3711,0,1,1,NA,2,010,INTERSTATE 8 WESTBOUND,INTERSTATE 805,1719,E,N,B,-,Y,SD,NA,8,NA,NA,4.695,H,NA,L,Y,3,0,1,1,A,-,08,22107,NA,N,E,I,A,A,H,-,A,A,0,NA,NA,NA,NA,Y,NA,D,22,0,1,0,0,0,0,0,0,0,-,-,32.77394104003906,-117.12716674804688,SAN DIEGO,SAN DIEGO,-117.12703704833984,32.77375793457031
94875699,2025,2025-10-07,9650,2025-09-19,1328,021876,NA,5,1,6,3706,0,1,1,NA,2,023,I-15 N/B,W. VALLEY PKWY,450,S,N,A,-,Y,SD,NA,15,NA,R,30.552,H,NA,R,Y,4,0,1,3,A,-,03,22350,NA,N,C,C,A,A,H,-,A,D,0,NA,NA,NA,NA,Y,NA,A,07,0,0,1,0,0,0,0,0,0,-,-,33.11429977416992,-117.09813690185548,SAN DIEGO,ESCONDIDO,-117.09821319580078,33.1142692565918
94876536,2025,2025-10-07,9680,2025-09-28,1647,024178,NA,7,2,9,3700,0,1,3,NA,1,091,SR-78,SALMON RD,80,E,N,B,-,Y,SD,NA,78,NA,NA,37.753,H,NA,R,Y,4,0,1,1,A,-,08,22107,NA,N,E,8,A,A,H,-,A,D,0,NA,NA,Y,NA,Y,NA,C,02,0,0,1,0,0,0,0,0,1,-,-,33.048439025878906,-116.83506011962892,SAN DIEGO,UNINCORPORATED,-116.8350830078125,33.048397064208984
94876845,2025,2025-10-07,9680,2025-09-30,1137,023077,NA,2,1,9,3700,0,3,5,NA,2,002,CUYAMACA COLLEGE DR  W,SR-54 (JAMACHA RD),26,N,N,A,-,Y,SD,NA,54,NA,T,11.243,H,NA,L,N,3,0,1,2,A,-,09,21453,B,N,C,C,A,A,H,-,A,A,0,NA,NA,Y,NA,Y,NA,A,01,0,1,0,0,0,0,0,0,1,-,-,32.7411003112793,-116.93888854980467,SAN DIEGO,UNINCORPORATED,-116.93879699707033,32.74097442626953
9488326,2022,2022-08-26,3700,2022-06-29,1008,SH4148,NA,3,5,4,3707,0,0,0,NA,0,705,GEORGIA ST,ELM AV,0,NA,Y,A,-,N,NA,NA,NA,NA,NA,NA,NA,NA,NA,Y,4,0,1,2,A,-,00,20001,B,M,B,C,A,A,H,-,-,D,0,NA,NA,NA,NA,Y,NA,-,NA,0,0,1,0,0,0,0,0,0,-,-,NA,NA,SAN DIEGO,IMPERIAL BEACH,-117.10443115234376,32.580657958984375
94883734,2025,2025-10-13,9650,2025-10-03,2130,023741,NA,5,2,9,3700,0,3,5,NA,1,212,COLE GRADE ROAD,FRUITVALE ROAD,15,S,N,A,-,N,NA,NA,NA,NA,NA,NA,NA,NA,NA,N,4,0,1,2,A,-,03,22350,NA,F,C,C,A,A,H,-,C,A,0,NA,NA,NA,NA,Y,NA,D,22,0,0,1,0,0,0,0,0,0,-,-,33.24074172973633,-117.023681640625,SAN DIEGO,UNINCORPORATED,-117.0237045288086,33.240848541259766
94883861,2025,2025-10-13,9645,2025-09-05,35,024579,NA,5,3,7,3711,0,1,1,NA,2,010,INTERSTATE 8 WESTBOUND,COLLEGE AVENUE,634,S,N,A,-,Y,SD,NA,8,NA,NA,8.469,H,NA,L,Y,2,0,2,1,A,-,01,23152,A,N,E,8,A,A,H,-,C,D,0,NA,NA,NA,NA,Y,Y,A,07,1,1,0,0,0,0,0,0,0,-,-,32.77960968017578,-117.0640106201172,SAN DIEGO,SAN DIEGO,-117.06402587890624,32.779502868652344
94884376,2025,2025-10-13,9650,2025-10-10,1114,021805,NA,5,1,5,3782,0,1,1,NA,2,007,I-5 S/B,REQUEZA ST,1056,S,N,A,-,Y,SD,NA,5,NA,R,41.014,H,NA,L,N,4,0,1,2,A,-,08,22107,NA,M,B,C,A,A,H,-,A,D,0,NA,NA,NA,NA,Y,NA,-,99,0,0,1,0,0,0,0,0,0,-,-,33.04133987426758,-117.2849578857422,SAN DIEGO,ENCINITAS,-117.28500366210938,33.04132080078125
94884380,2025,2025-11-13,9645,2025-10-08,1505,021735,NA,3,2,7,3711,0,1,3,NA,2,020,SR-56 E/B,CARMEL VALLEY ROAD,210,W,N,A,-,Y,SD,NA,56,NA,NA,3.006,H,NA,R,Y,4,0,3,3,A,-,03,22350,NA,N,C,C,A,A,H,-,A,D,0,NA,NA,NA,NA,Y,NA,A,07,0,0,3,0,0,0,0,0,0,-,-,32.9515495300293,-117.1957778930664,SAN DIEGO,SAN DIEGO,-117.19577026367188,32.9515266418457
94885687,2025,2025-10-14,9645,2025-09-09,1742,022021,NA,2,2,7,3711,0,1,3,NA,2,020,SR-56 E/B,CARMEL COUNTRY ROAD,2130,W,N,A,-,Y,SD,NA,56,NA,NA,1.387,H,NA,R,Y,4,0,2,5,A,-,08,22107,NA,N,B,C,A,A,H,-,A,D,0,NA,NA,NA,NA,Y,NA,A,07,0,0,2,0,0,0,0,0,0,-,-,32.94063949584961,-117.22022247314452,SAN DIEGO,SAN DIEGO,-117.22025299072266,32.940696716308594
94887629,2025,2025-10-15,9645,2025-10-04,1127,024570,NA,6,1,9,3700,0,3,5,NA,2,018,SAN MIGUEL ROAD EASTBOUND,LOMA DEL SOL DRIVE,912,W,N,A,-,N,NA,NA,NA,NA,NA,NA,NA,NA,NA,Y,3,0,1,2,A,-,08,22107,NA,N,B,C,A,A,H,-,A,D,0,NA,NA,NA,NA,Y,NA,D,22,0,1,0,0,0,0,0,0,0,-,-,32.675968170166016,-117.01074981689452,SAN DIEGO,UNINCORPORATED,-117.01055908203124,32.67601013183594
94893770,2025,2025-10-20,9650,2025-10-03,1720,022911,NA,5,2,6,3710,0,1,1,NA,2,005,I-5 N/B,SR-78,206,N,N,A,-,Y,SD,NA,5,NA,R,51.25,H,NA,R,Y,4,0,1,2,A,-,07,21658,A,F,F,C,A,A,H,-,A,D,0,NA,NA,Y,NA,Y,NA,-,99,0,0,1,0,0,0,0,0,1,-,-,33.17766189575195,-117.35169219970705,SAN DIEGO,OCEANSIDE,-117.35166931152344,33.17767333984375
94894584,2025,2025-10-20,9645,2025-09-28,149,024501,NA,7,3,7,3711,0,1,1,NA,2,015,I-805 S/B,CLAIREMONT MESA BLVD,1875,N,N,A,-,Y,SD,NA,805,NA,NA,22.933,H,NA,L,Y,4,0,1,1,A,-,01,23152,A,N,F,A,A,A,H,-,D,D,0,NA,NA,NA,NA,Y,Y,A,07,0,0,1,0,0,0,0,0,0,-,-,32.83829116821289,-117.17276000976563,SAN DIEGO,SAN DIEGO,-117.17269134521484,32.838321685791016
94897496,2025,2025-10-22,9645,2025-10-11,1045,024488,NA,6,1,5,3709,0,1,1,NA,2,009,I-805 NORTHBOUND,47TH STREET,2112,S,N,A,-,Y,SD,NA,805,NA,NA,10.971,H,NA,R,N,3,0,2,2,A,-,03,22350,NA,N,C,C,A,A,H,-,A,D,0,NA,NA,NA,NA,Y,NA,A,01,0,2,0,0,0,0,0,0,0,-,-,32.68552017211914,-117.09042358398438,SAN DIEGO,NATIONAL CITY,-117.09040069580078,32.68553924560547
94897688,2025,2025-10-22,9645,2025-10-11,1310,024513,NA,6,1,7,3711,0,1,1,NA,2,011,INTERSTATE 805 NORTHBOUND,INTERSTATE 8,1637,S,N,A,-,Y,SD,NA,805,NA,NA,17.314,H,NA,R,Y,3,0,1,3,A,-,03,22350,NA,N,C,C,A,A,H,-,A,D,0,NA,NA,NA,NA,Y,NA,A,01,0,1,0,0,0,0,0,0,0,-,-,32.7677001953125,-117.12899780273438,SAN DIEGO,SAN DIEGO,-117.1291046142578,32.76765823364258
94899262,2025,2025-10-23,9645,2025-09-26,1436,024543,NA,5,2,7,3711,0,1,1,NA,2,019,I-15 S/B,SR-56,300,N,N,A,-,Y,SD,NA,15,NA,M,19.697,H,NA,L,Y,4,0,1,2,A,-,07,21658,A,N,B,2,A,A,H,-,A,D,0,NA,NA,NA,NA,Y,NA,A,01,0,0,1,0,0,0,0,0,0,-,-,32.967620849609375,-117.09394073486328,SAN DIEGO,SAN DIEGO,-117.09385681152344,32.96758270263672
94901508,2025,2025-10-24,9645,2025-10-16,1850,023922,NA,4,2,7,3711,0,1,3,NA,2,023,SR-163 SOUTHBOUND,CAMINO DE LA REINA,278,S,N,A,-,Y,SD,NA,163,NA,NA,3.934,H,NA,L,N,3,0,2,2,A,-,03,22350,NA,N,C,C,A,A,H,-,D,D,0,NA,NA,NA,NA,Y,NA,A,07,0,2,0,0,0,0,0,0,0,-,-,32.7653694152832,-117.16307067871094,SAN DIEGO,SAN DIEGO,-117.16304779052734,32.76536560058594
9490314,2022,2022-08-30,3711,2022-07-29,2214,SD1588,NA,5,5,7,3711,0,0,0,NA,0,813,EL CAJON BL,OHIO ST,118,W,N,A,-,N,NA,NA,NA,NA,NA,NA,NA,NA,NA,N,3,0,1,2,A,-,03,22350,NA,N,C,C,A,A,H,-,C,A,0,NA,NA,Y,NA,Y,NA,A,01,0,1,0,0,0,0,0,0,1,-,-,NA,NA,SAN DIEGO,SAN DIEGO,-117.12932586669922,32.75524139404297
9490466,2022,2022-09-06,3711,2022-08-20,0210,SD1709,NA,6,5,7,3711,0,0,0,NA,0,113,CLAIREMONT DR,BALBOA AV,0,NA,Y,A,-,N,NA,NA,NA,NA,NA,NA,NA,NA,NA,Y,3,0,5,2,A,-,12,21453,A,N,D,C,A,A,H,-,C,A,0,NA,NA,NA,Y,Y,Y,A,01,0,2,3,0,0,0,0,0,0,-,-,NA,NA,SAN DIEGO,SAN DIEGO,-117.20107269287108,32.81167984008789
9490491,2022,2022-09-07,3711,2022-08-08,1300,SD7425,NA,1,5,7,3711,0,0,0,NA,0,113,FOX AV,CALIREMONT DR,0,NA,Y,A,-,N,NA,NA,NA,NA,NA,NA,NA,NA,NA,N,4,0,1,2,A,-,21,22106,NA,N,G,B,B,A,H,-,A,A,0,Y,NA,NA,NA,Y,NA,A,01,0,0,1,0,1,0,0,0,0,-,-,NA,NA,SAN DIEGO,SAN DIEGO,-117.20203399658205,32.81757354736328
9490518,2022,2022-08-31,3711,2022-08-10,1040,SD1429,NA,3,5,7,3711,0,0,0,NA,0,822,DAYTON ST,EL CAJON BL,15,E,N,A,-,N,NA,NA,NA,NA,NA,NA,NA,NA,NA,N,4,0,2,2,A,-,09,21800,B,N,D,C,A,A,H,-,A,A,0,NA,NA,NA,NA,Y,NA,A,01,0,0,2,0,0,0,0,0,0,-,-,NA,NA,SAN DIEGO,SAN DIEGO,-117.07742309570313,32.758121490478516
9490530,2022,2022-08-29,3711,2022-08-09,0755,SD7983,NA,2,5,7,3711,0,0,0,NA,0,824,EL CAJON BL,EUCLID AV,50,E,N,A,-,N,NA,NA,NA,NA,NA,NA,NA,NA,NA,N,4,0,1,2,A,-,04,21703,NA,N,C,G,A,A,H,-,A,A,0,NA,Y,NA,NA,Y,NA,A,01,0,0,1,0,0,0,1,0,0,-,-,NA,NA,SAN DIEGO,SAN DIEGO,-117.09204864501952,32.75606918334961
94905988,2025,2025-10-29,9680,2025-10-11,1505,023648,NA,6,2,9,3700,0,1,3,NA,1,024,SR-94,VIA MERCADO,740,E,N,A,-,Y,SD,NA,94,NA,NA,13.918,H,NA,R,Y,3,0,2,2,A,-,08,22107,NA,F,B,C,A,A,H,-,A,D,0,NA,NA,Y,NA,Y,NA,A,07,0,2,0,0,0,0,0,0,2,-,-,32.74428939819336,-116.95599365234376,SAN DIEGO,UNINCORPORATED,-116.95608520507813,32.74422836303711
9490779,2022,2022-10-19,3711,2022-07-29,2017,SD1567,NA,5,5,7,3711,0,0,0,NA,0,712,HOWARD AV,SAN YSIDRO BL,0,NA,N,A,-,N,NA,NA,NA,NA,NA,NA,NA,NA,NA,N,3,0,1,2,A,-,21,22106,NA,M,G,B,B,A,H,-,B,D,0,Y,NA,NA,NA,Y,NA,-,NA,0,1,0,0,1,0,0,0,0,-,-,NA,NA,SAN DIEGO,SAN DIEGO,-117.06661987304688,32.5627555847168
9490935,2022,2022-09-01,3711,2022-08-10,0835,SD1517,NA,3,5,7,3711,0,0,0,NA,0,311,WESTSIDE DR,VIA ALTA,500,W,N,A,-,N,NA,NA,NA,NA,NA,NA,NA,NA,NA,N,4,0,1,2,A,-,09,21804,A,N,D,G,A,A,B,-,A,D,0,NA,Y,NA,NA,Y,NA,A,01,0,0,1,0,0,0,1,0,0,-,-,NA,NA,SAN DIEGO,SAN DIEGO,-117.15076446533205,32.77620315551758
9490952,2022,2022-11-09,3711,2022-08-05,1024,SD5939,NA,5,5,7,3711,0,0,0,NA,0,611,ROSECRANS,MIDWAY DR,0,NA,N,A,-,N,NA,NA,NA,NA,NA,NA,NA,NA,NA,N,3,0,1,2,A,-,11,21456,B,M,G,B,B,A,H,-,A,A,0,Y,NA,Y,NA,Y,NA,N,60,0,1,0,0,0,0,0,0,1,-,-,NA,NA,SAN DIEGO,SAN DIEGO,-117.20616912841795,32.74970245361328
94909699,2025,2025-10-31,9680,2025-10-20,2010,017460,NA,1,2,9,3700,0,3,5,NA,2,006,LA POSTA RD,SR-94,17424,N,N,A,-,N,NA,NA,NA,NA,NA,NA,NA,NA,NA,Y,4,0,2,1,A,-,08,22107,NA,N,E,8,A,A,H,-,D,D,0,NA,NA,NA,NA,Y,NA,A,01,0,0,2,0,0,0,0,0,0,-,-,32.67835998535156,-116.42886352539063,SAN DIEGO,UNINCORPORATED,-116.4322509765625,32.68803787231445
9491127,2022,2022-08-29,3700,2022-04-27,0820,SH2581,NA,3,5,5,3782,0,0,0,NA,0,215,VIA CANTEBRIA,VIA MONTORO,0,NA,Y,A,-,N,NA,NA,NA,NA,NA,NA,NA,NA,NA,Y,4,0,2,2,A,-,12,21453,A,N,B,C,A,A,H,-,A,A,0,NA,NA,NA,NA,Y,NA,A,01,0,0,2,0,0,0,0,0,0,-,-,NA,NA,SAN DIEGO,ENCINITAS,-117.267333984375,33.052894592285156
9491237,2022,2022-09-06,3700,2022-08-17,1513,SH0817,NA,3,5,5,3712,0,0,0,NA,0,352,NORTH TWIN OAKS VALLEY DR,WINDY WY,250,S,N,A,-,N,NA,NA,NA,NA,NA,NA,NA,NA,NA,Y,4,0,1,2,A,-,03,22350,NA,N,C,C,A,A,H,-,A,A,0,NA,NA,NA,NA,Y,NA,D,22,0,0,1,0,0,0,0,0,0,-,-,NA,NA,SAN DIEGO,SAN MARCOS,-117.16162109375,33.15209197998047
9491274,2022,2022-09-13,3711,2022-08-23,1804,SD6176,NA,2,5,7,3711,0,0,0,NA,0,452,IMPERIAL AV,65TH ST,13,W,N,A,-,N,NA,NA,NA,NA,NA,NA,NA,NA,NA,N,4,0,2,2,A,-,09,21801,A,N,D,C,A,A,G,-,A,A,0,NA,NA,NA,NA,Y,NA,A,01,0,0,2,0,0,0,0,0,0,-,-,NA,NA,SAN DIEGO,SAN DIEGO,-117.05807495117188,32.710594177246094
94915089,2025,2025-11-06,9650,2025-10-28,801,017392,NA,2,1,3,3783,0,1,1,NA,2,007,I-5 N/B,VIA DE LA VALLE,528,N,N,A,-,Y,SD,NA,5,NA,R,36.584,H,NA,R,N,4,0,12,2,A,-,07,21658,A,N,B,C,A,A,H,-,A,D,0,NA,NA,NA,NA,Y,NA,A,07,0,0,12,0,0,0,0,0,0,-,-,32.98421859741211,-117.25464630126952,SAN DIEGO,SOLANA BEACH,-117.25457000732422,32.9842414855957
9491532,2022,2022-09-13,3711,2022-08-25,1518,SD1000,NA,4,5,7,3711,0,0,0,NA,0,839,WIGHTMAN ST,36TH ST,0,NA,Y,A,-,N,NA,NA,NA,NA,NA,NA,NA,NA,NA,N,4,0,1,2,A,-,09,21800,C,N,D,C,A,A,H,-,A,A,0,NA,NA,NA,NA,Y,NA,A,01,0,0,1,0,0,0,0,0,0,-,-,NA,NA,SAN DIEGO,SAN DIEGO,-117.11560821533205,32.74787521362305
9491596,2022,2022-10-17,3709,2022-08-25,0848,NC0525,NA,4,5,5,3709,0,0,0,NA,0,021,EAST 16TH ST,16TH ST 2800 BLK,0,NA,N,A,-,N,NA,NA,NA,NA,NA,NA,NA,NA,NA,Y,4,0,1,2,A,-,01,23152,A,N,B,E,A,A,H,-,A,D,0,NA,NA,NA,NA,Y,Y,A,01,0,0,1,0,0,0,0,0,0,-,-,NA,NA,SAN DIEGO,NATIONAL CITY,-117.1037139892578,32.669071197509766
94919070,2025,2025-11-14,9650,2025-11-05,2205,020340,NA,3,3,9,3700,0,1,1,NA,2,003,CRISTIANITIOS ROAD,S. EL CAMINO REAL,2640,E,N,A,-,N,NA,NA,NA,NA,NA,NA,NA,NA,NA,N,3,0,2,2,A,-,09,21801,B,N,C,C,A,A,H,-,D,D,0,NA,NA,NA,NA,Y,NA,-,-,0,1,1,0,0,0,0,0,0,-,-,33.40637969970703,-117.5866470336914,SAN DIEGO,UNINCORPORATED,-117.58952331542967,33.40314865112305
94919091,2025,2025-11-11,9650,2025-11-05,1811,022965,NA,3,2,6,3706,0,1,3,NA,2,019,SR-78 W/B,NORDAHL RD,2625,E,N,A,-,Y,SD,NA,78,NA,R,15.999,H,NA,L,N,4,0,1,2,A,-,03,22350,NA,N,C,C,A,A,H,-,D,D,0,NA,NA,NA,NA,Y,NA,D,22,0,0,1,0,0,0,0,0,0,-,-,33.128780364990234,-117.11360931396484,SAN DIEGO,ESCONDIDO,-117.1135711669922,33.12883377075195
94923739,2025,2025-11-12,9645,2025-09-21,2200,024450,NA,7,3,7,3711,0,1,3,NA,2,002,SR-905 E/B TO BRITANNIA BLVD,BRITANNIA BLVD,1300,W,N,C,-,Y,SD,NA,905,NA,R,8.519,H,NA,R,Y,3,0,1,1,A,-,01,23152,A,N,E,I,A,B,H,-,C,D,0,NA,NA,NA,NA,Y,Y,A,01,0,1,0,0,0,0,0,0,0,-,-,32.564170837402344,-116.98426818847656,SAN DIEGO,SAN DIEGO,-116.98423767089844,32.56433868408203
94924931,2025,2025-11-12,9680,2025-11-03,35,023523,NA,1,3,9,3700,0,3,5,NA,2,001,EL MONTE RD,LAKE JENNINGS PARK RD.,6315,E,N,A,-,N,NA,NA,NA,NA,NA,NA,NA,NA,NA,N,3,0,1,1,A,-,08,22107,NA,N,E,I,A,A,H,-,D,D,0,NA,NA,NA,NA,Y,NA,A,07,0,1,0,0,0,0,0,0,0,-,-,32.87107849121094,-116.88440704345705,SAN DIEGO,UNINCORPORATED,-116.88558197021484,32.869991302490234
94928218,2025,2025-11-13,9645,2025-11-12,1800,021735,NA,3,2,7,3711,0,1,3,NA,2,020,SR-56 E/B,CARMEL CREEK ROAD,1000,W,N,B,-,Y,SD,NA,56,NA,NA,0.545,H,NA,R,Y,4,0,1,2,A,-,03,22350,NA,N,C,C,A,A,H,-,C,D,0,NA,NA,NA,NA,Y,NA,A,01,0,0,1,0,0,0,0,0,0,-,-,32.93558883666992,-117.23330688476563,SAN DIEGO,SAN DIEGO,-117.23329162597656,32.93555450439453