CASE_ID,ACCIDENT_YEAR,PROC_DATE,JURIS,COLLISION_DATE,COLLISION_TIME,OFFICER_ID,REPORTING_DISTRICT,DAY_OF_WEEK,CHP_SHIFT,POPULATION,CNTY_CITY_LOC,SPECIAL_COND,BEAT_TYPE,CHP_BEAT_TYPE,CITY_DIVISION_LAPD,CHP_BEAT_CLASS,BEAT_NUMBER,PRIMARY_RD,SECONDARY_RD,DISTANCE,DIRECTION,INTERSECTION,WEATHER_1,WEATHER_2,STATE_HWY_IND,CALTRANS_COUNTY,CALTRANS_DISTRICT,STATE_ROUTE,ROUTE_SUFFIX,POSTMILE_PREFIX,POSTMILE,LOCATION_TYPE,RAMP_INTERSECTION,SIDE_OF_HWY,TOW_AWAY,COLLISION_SEVERITY,NUMBER_KILLED,NUMBER_INJURED,PARTY_COUNT,PRIMARY_COLL_FACTOR,PCF_CODE_OF_VIOL,PCF_VIOL_CATEGORY,PCF_VIOLATION,PCF_VIOL_SUBSECTION,HIT_AND_RUN,TYPE_OF_COLLISION,MVIW,PED_ACTION,ROAD_SURFACE,ROAD_COND_1,ROAD_COND_2,LIGHTING,CONTROL_DEVICE,CHP_ROAD_TYPE,PEDESTRIAN_ACCIDENT,BICYCLE_ACCIDENT,MOTORCYCLE_ACCIDENT,TRUCK_ACCIDENT,NOT_PRIVATE_PROPERTY,ALCOHOL_INVOLVED,STWD_VEHTYPE_AT_FAULT,CHP_VEHTYPE_AT_FAULT,COUNT_SEVERE_INJ,COUNT_VISIBLE_INJ,COUNT_COMPLAINT_PAIN,COUNT_PED_KILLED,COUNT_PED_INJURED,COUNT_BICYCLIST_KILLED,COUNT_BICYCLIST_INJURED,COUNT_MC_KILLED,COUNT_MC_INJURED,PRIMARY_RAMP,SECONDARY_RAMP,LATITUDE,LONGITUDE,COUNTY,CITY,POINT_X,POINT_Y
9606825,2023,2023-10-09,3711,2023-08-15,1203,SD1791,NA,2,5,7,3711,0,0,0,NA,0,934,EL CAMINO REAL,PRIVATE DRIVE WY,0,NA,Y,A,-,N,NA,NA,NA,NA,NA,NA,NA,NA,NA,N,4,0,1,3,A,-,04,21703,NA,N,C,C,A,A,H,-,A,A,0,NA,NA,NA,NA,Y,NA,A,01,0,0,1,0,0,0,0,0,0,-,-,NA,NA,SAN DIEGO,SAN DIEGO,NA,NA
9606828,2023,2023-10-09,3711,2023-08-12,1200,SD7391,NA,6,5,7,3711,0,0,0,NA,0,242,MIRA MESA,WESTMORE RD,0,NA,Y,A,-,N,NA,NA,NA,NA,NA,NA,NA,NA,NA,N,4,0,1,3,A,-,12,21453,A,N,D,C,A,A,H,-,-,A,0,NA,NA,NA,NA,Y,NA,A,01,0,0,1,0,0,0,0,0,0,-,-,NA,NA,SAN DIEGO,SAN DIEGO,-117.12996673583984,32.91621398925781
9606861,2023,2023-09-19,3711,2023-08-25,2337,SD6985,NA,5,5,7,3711,0,0,0,NA,0,721,FERN AV,GAYWOOD ST,146,E,N,A,-,N,NA,NA,NA,NA,NA,NA,NA,NA,NA,Y,3,0,1,3,A,-,03,22350,NA,N,A,E,A,A,H,-,C,D,0,NA,NA,NA,NA,Y,Y,A,01,0,1,0,0,0,0,0,0,0,-,-,NA,NA,SAN DIEGO,SAN DIEGO,-117.10002136230467,32.574668884277344
9606867,2023,2023-09-05,3711,2023-08-24,1403,SD1764,NA,4,5,7,3711,0,0,0,NA,0,627,W 4TH AV,ROBINSON AV,83,N,N,A,-,N,NA,NA,NA,NA,NA,NA,NA,NA,NA,N,3,0,1,2,C,-,18,NA,NA,N,G,B,E,A,H,-,A,D,0,Y,NA,NA,NA,Y,NA,-,-,0,1,0,0,1,0,0,0,0,-,-,NA,NA,SAN DIEGO,SAN DIEGO,-117.16161346435548,32.747188568115234
9607160,2023,2023-09-21,3711,2023-08-24,1836,SD1269,NA,4,5,7,3711,0,0,0,NA,0,122,GARNET AV,MORRELL ST,0,NA,Y,A,-,N,NA,NA,NA,NA,NA,NA,NA,NA,NA,N,4,0,2,2,A,-,09,21803,A,N,F,C,A,A,H,-,A,B,0,NA,NA,NA,NA,Y,NA,A,01,0,0,2,0,0,0,0,0,0,-,-,NA,NA,SAN DIEGO,SAN DIEGO,-117.23349761962892,32.80139923095703
9607178,2023,2023-12-15,3709,2023-08-09,1039,NC0548,NA,3,5,5,3709,0,0,0,NA,0,020,EAST 16TH ST,HIGHLAND ST,0,NA,Y,A,-,N,NA,NA,NA,NA,NA,NA,NA,NA,NA,N,4,0,1,2,A,-,10,21950,A,N,G,B,B,A,H,-,A,A,0,Y,NA,NA,NA,Y,NA,A,07,0,0,1,0,1,0,0,0,0,-,-,NA,NA,SAN DIEGO,NATIONAL CITY,-117.09602355957033,32.671207427978516
9607482,2023,2023-09-20,3711,2023-08-14,2107,SD7185,NA,1,5,7,3711,0,0,0,NA,0,442,NATIONAL AV,38TH ST,38,W,N,A,-,N,NA,NA,NA,NA,NA,NA,NA,NA,NA,Y,2,0,1,2,A,-,11,21954,A,F,G,B,D,A,H,-,C,A,0,Y,NA,NA,Y,Y,Y,N,60,1,0,0,0,1,0,0,0,0,-,-,NA,NA,SAN DIEGO,SAN DIEGO,-117.1125946044922,32.69602966308594
9608694,2023,2023-08-25,3711,2023-08-13,2146,SD1721,NA,7,5,7,3711,0,0,0,NA,0,813,EL CAJON BL,ILLINOIS ST,52,E,N,A,-,N,NA,NA,NA,NA,NA,NA,NA,NA,NA,N,4,0,1,2,A,-,08,22107,NA,M,C,E,A,A,H,-,C,D,0,NA,NA,NA,NA,Y,NA,-,99,0,0,1,0,0,0,0,0,0,-,-,NA,NA,SAN DIEGO,SAN DIEGO,-117.12753295898438,32.75524139404297
9608736,2023,2023-08-25,3711,2023-08-08,1020,SD5454,NA,2,5,7,3711,0,0,0,NA,0,831,46TH ST,EL CAJON BL,246,S,N,A,-,N,NA,NA,NA,NA,NA,NA,NA,NA,NA,N,3,0,1,2,A,-,03,22350,NA,N,E,E,A,A,H,-,A,-,0,NA,NA,NA,NA,Y,NA,A,07,0,1,0,0,0,0,0,0,0,-,-,NA,NA,SAN DIEGO,SAN DIEGO,-117.09584045410156,32.75553894042969
9608739,2023,2023-09-12,3711,2023-08-05,1006,SD1042,NA,6,5,7,3711,0,0,0,NA,0,612,ROSECRANS ST,WOMBLE RD,31,N,N,A,-,N,NA,NA,NA,NA,NA,NA,NA,NA,NA,N,4,0,2,2,A,-,03,22350,NA,N,C,C,A,A,H,-,A,A,0,NA,NA,NA,NA,Y,NA,A,07,0,0,2,0,0,0,0,0,0,-,-,NA,NA,SAN DIEGO,SAN DIEGO,-117.21883392333984,32.736907958984375
9608881,2023,2023-08-25,3711,2023-08-16,1440,SD1313,NA,3,5,7,3711,0,0,0,NA,0,829,EUCLID AV,MYRTLE AV,20,S,N,A,-,N,NA,NA,NA,NA,NA,NA,NA,NA,NA,N,4,0,2,3,A,-,03,22350,NA,N,C,C,A,A,H,-,A,D,0,NA,NA,NA,NA,Y,NA,A,01,0,0,2,0,0,0,0,0,0,-,-,NA,NA,SAN DIEGO,SAN DIEGO,-117.0923309326172,32.7420768737793
9609060,2023,2023-09-05,3702,2023-08-03,1316,CV1004,NA,4,5,6,3702,0,0,0,NA,0,011,FLOWER ST,WOODLAWN AV,28,E,N,A,-,N,NA,NA,NA,NA,NA,NA,NA,NA,NA,N,4,0,3,2,A,-,21,22106,NA,N,C,C,A,A,H,-,A,D,0,NA,NA,NA,NA,Y,NA,I,09,0,0,3,0,0,0,0,0,0,-,-,NA,NA,SAN DIEGO,CHULA VISTA,-117.09806823730467,32.64194107055664
9609099,2023,2023-09-01,3702,2023-07-27,1000,CV1254,NA,4,5,6,3702,0,0,0,NA,0,024,BROADWAY,MAIN ST,0,NA,Y,A,-,N,NA,NA,NA,NA,NA,NA,NA,NA,NA,Y,4,0,1,2,A,-,12,21453,A,N,D,C,A,A,H,-,A,A,0,NA,NA,NA,NA,Y,NA,A,01,0,0,1,0,0,0,0,0,0,-,-,NA,NA,SAN DIEGO,CHULA VISTA,-117.07527923583984,32.59477615356445
9609154,2023,2023-08-29,3709,2023-07-22,1840,NC0532,NA,6,5,5,3709,0,0,0,NA,0,020,EAST 8TH ST,F AV,33,W,N,A,-,N,NA,NA,NA,NA,NA,NA,NA,NA,NA,N,3,0,1,2,A,-,09,21800,A,N,D,C,A,A,H,-,B,D,0,NA,NA,NA,NA,Y,NA,A,01,0,1,0,0,0,0,0,0,0,-,-,NA,NA,SAN DIEGO,NATIONAL CITY,-117.10089111328124,32.677520751953125
9609343,2023,2023-09-05,3705,2023-07-01,1816,EC0439,NA,6,5,5,3705,0,0,0,NA,0,001,FLETCHER PKWY,NAVAJO RD,0,NA,Y,A,-,N,NA,NA,NA,NA,NA,NA,NA,NA,NA,Y,3,0,2,2,A,-,12,21453,A,N,D,C,A,A,H,-,A,A,0,NA,NA,NA,NA,Y,NA,A,01,0,1,1,0,0,0,0,0,0,-,-,NA,NA,SAN DIEGO,EL CAJON,-117.00160217285156,32.80104064941406
9611067,2023,2023-11-18,3711,2023-09-05,1415,SD1709,NA,2,5,7,3711,0,0,0,NA,0,821,EL CAJON BL,72ND ST,153,W,N,A,-,N,NA,NA,NA,NA,NA,NA,NA,NA,NA,Y,4,0,2,3,A,-,03,22350,NA,N,C,C,A,A,H,-,A,D,0,NA,NA,NA,NA,Y,NA,A,01,0,0,2,0,0,0,0,0,0,-,-,NA,NA,SAN DIEGO,SAN DIEGO,-117.04312896728516,32.768768310546875
9611264,2023,2023-09-21,3700,2023-08-26,1903,SH3707,NA,6,5,5,3713,0,0,0,NA,0,308,WEST VISTA WY,NORTH EMERALD DR,45,E,N,B,-,N,NA,NA,NA,NA,NA,NA,NA,NA,NA,N,3,0,1,2,A,-,01,23153,B,F,G,B,F,A,H,-,A,A,0,Y,NA,NA,NA,Y,Y,A,07,0,1,0,0,1,0,0,0,0,-,-,NA,NA,SAN DIEGO,VISTA,-117.2794189453125,33.18920135498047
9611266,2023,2023-09-21,3700,2023-08-25,1949,SH3707,NA,5,5,5,3713,0,0,0,NA,0,305,CIVIC CENTER DR,ALTA VISTA DR,40,N,N,A,-,N,NA,NA,NA,NA,NA,NA,NA,NA,NA,N,4,0,2,2,A,-,01,23152,A,F,C,C,A,A,H,-,C,A,0,NA,NA,NA,NA,Y,Y,A,01,0,0,2,0,0,0,0,0,0,-,-,NA,NA,SAN DIEGO,VISTA,-117.2363739013672,33.203826904296875
9611293,2023,2023-09-22,3705,2023-08-18,2036,EC0412,NA,5,5,5,3705,0,0,0,NA,0,002,E MADISON AV,ORLANDO ST,0,NA,Y,A,-,N,NA,NA,NA,NA,NA,NA,NA,NA,NA,Y,4,0,1,3,A,-,01,23152,A,M,C,E,A,A,H,-,C,D,0,NA,NA,NA,NA,Y,Y,A,01,0,0,1,0,0,0,0,0,0,-,-,NA,NA,SAN DIEGO,EL CAJON,-116.9401397705078,32.8001594543457
9611314,2023,2023-10-25,3710,2023-09-04,1832,OC1438,NA,1,5,6,3710,0,0,0,NA,0,011,MISSION AV,CAROLYN CIR,90,E,N,A,-,N,NA,NA,NA,NA,NA,NA,NA,NA,NA,N,3,0,2,2,A,-,04,21703,NA,N,C,C,A,A,H,-,A,A,0,NA,NA,NA,NA,Y,NA,A,01,0,1,1,0,0,0,0,0,0,-,-,NA,NA,SAN DIEGO,OCEANSIDE,-117.34811401367188,33.21356201171875
9611493,2023,2023-11-30,3710,2023-09-16,1841,3710,NA,6,5,6,3710,0,0,0,NA,0,020,NORTH RIVER RD,HOLLY LN,973,W,N,A,-,N,NA,NA,NA,NA,NA,NA,NA,NA,NA,Y,4,0,1,2,A,-,01,23153,A,N,C,C,A,A,H,-,D,D,0,NA,NA,NA,NA,Y,Y,A,01,0,0,1,0,0,0,0,0,0,-,-,NA,NA,SAN DIEGO,OCEANSIDE,-117.2482681274414,33.263511657714844
9612709,2023,2023-09-06,3711,2023-08-10,2122,SD1536,NA,4,5,7,3711,0,0,0,NA,0,931,MIRA MESA BL,FLANDERS DR,0,NA,Y,B,-,N,NA,NA,NA,NA,NA,NA,NA,NA,NA,Y,4,0,1,2,A,-,03,22350,NA,M,C,C,A,A,H,-,D,A,0,NA,NA,NA,NA,Y,Y,A,01,0,0,1,0,0,0,0,0,0,-,-,NA,NA,SAN DIEGO,SAN DIEGO,-117.17713165283205,32.90663528442383
9612765,2023,2023-08-24,3708,2023-07-27,2057,LM1259,NA,4,5,5,3708,0,0,0,NA,0,003,ALVARADO RD,70TH ST,0,NA,Y,A,-,N,NA,NA,NA,NA,NA,NA,NA,NA,NA,N,4,0,1,2,A,-,10,21950,A,N,D,B,B,A,H,-,C,A,0,Y,NA,NA,NA,Y,NA,A,01,0,0,1,0,1,0,0,0,0,-,-,NA,NA,SAN DIEGO,LA MESA,-117.04660034179688,32.773258209228516
9613135,2023,2023-09-06,3700,2023-08-16,2239,SH3606,NA,3,5,5,3712,0,0,0,NA,0,355,SOUTH RANCHO SANTA FE RD,GRANDON AV,141,S,N,A,-,N,NA,NA,NA,NA,NA,NA,NA,NA,NA,Y,3,0,1,1,A,-,08,22107,NA,N,E,I,A,A,H,-,C,A,0,NA,NA,NA,NA,Y,NA,A,07,0,1,0,0,0,0,0,0,0,-,-,NA,NA,SAN DIEGO,SAN MARCOS,-117.20588684082033,33.135005950927734
9613883,2023,2023-10-25,3711,2023-09-10,2026,SD7412,NA,7,5,7,3711,0,0,0,NA,0,242,MIRA MESA BL,SCHILLING AV,0,NA,Y,A,-,N,NA,NA,NA,NA,NA,NA,NA,NA,NA,Y,3,0,4,2,A,-,09,21453,C,N,D,C,A,A,H,-,C,A,0,NA,NA,NA,NA,Y,Y,A,01,0,1,3,0,0,0,0,0,0,-,-,NA,NA,SAN DIEGO,SAN DIEGO,-117.16661834716795,32.90842819213867
9613885,2023,2023-10-26,3711,2023-09-08,2052,SD1509,NA,5,5,7,3711,0,0,0,NA,0,624,MADISON AV,NEW HAMPSHIRE ST,200,W,N,A,-,N,NA,NA,NA,NA,NA,NA,NA,NA,NA,Y,3,0,1,1,A,-,01,23152,A,N,E,I,A,A,H,-,D,D,0,NA,NA,NA,NA,Y,Y,A,01,0,1,0,0,0,0,0,0,0,-,-,NA,NA,SAN DIEGO,SAN DIEGO,-117.15769958496094,32.76091384887695
9614321,2023,2023-09-26,3711,2023-08-28,1528,SD1699,NA,1,5,7,3711,0,0,0,NA,0,626,UNIVERSITY AV,3RD AV,0,NA,Y,A,-,N,NA,NA,NA,NA,NA,NA,NA,NA,NA,N,4,0,1,2,A,-,09,21801,A,N,B,C,A,A,H,-,A,A,0,NA,NA,NA,NA,Y,NA,A,01,0,0,1,0,0,0,0,0,0,-,-,NA,NA,SAN DIEGO,SAN DIEGO,-117.16275787353516,32.74826431274414
9614477,2023,2023-10-17,3711,2023-09-13,927,SD6395,NA,3,5,7,3711,0,0,0,NA,0,725,OCEAN VIEW HILLS,LIGHTHOUSE VIEW PL,31,N,N,A,-,N,NA,NA,NA,NA,NA,NA,NA,NA,NA,Y,3,0,1,2,A,-,09,21802,A,N,C,C,A,A,H,-,A,D,0,NA,NA,NA,NA,Y,NA,A,01,0,1,0,0,0,0,0,0,0,-,-,NA,NA,SAN DIEGO,SAN DIEGO,-117.02369689941406,32.58051300048828
9616813,2023,2023-10-12,3710,2023-09-22,412,OC1546,NA,5,5,6,3710,0,0,0,NA,0,037,COLLEGE BL,PLAZA DR,0,NA,Y,A,-,N,NA,NA,NA,NA,NA,NA,NA,NA,NA,Y,3,0,1,2,D,-,00,NA,NA,N,D,C,A,A,H,-,C,A,0,NA,NA,NA,NA,Y,NA,-,-,0,1,0,0,0,0,0,0,0,-,-,NA,NA,SAN DIEGO,OCEANSIDE,-117.29637145996094,33.182037353515625
9616818,2023,2023-10-12,3710,2023-09-25,1708,OC1556,NA,1,5,6,3710,0,0,0,NA,0,011,LOMITA ST,CANYON DR,75,E,N,A,-,N,NA,NA,NA,NA,NA,NA,NA,NA,NA,Y,2,0,1,2,A,-,03,22350,NA,N,E,E,A,A,H,-,A,D,0,NA,NA,NA,NA,Y,NA,A,01,1,0,0,0,0,0,0,0,0,-,-,NA,NA,SAN DIEGO,OCEANSIDE,-117.35591888427734,33.20030212402344
9616826,2023,2023-10-13,3711,2023-09-23,1103,SD5747,NA,6,5,7,3711,0,0,0,NA,0,624,HOWARD AV,PARK BL,165,E,N,A,-,N,NA,NA,NA,NA,NA,NA,NA,NA,NA,N,4,0,1,2,A,-,09,21804,A,N,B,C,A,A,H,-,A,D,0,NA,NA,NA,NA,Y,NA,A,01,0,0,1,0,0,0,0,0,0,-,-,NA,NA,SAN DIEGO,SAN DIEGO,-117.14588165283205,32.7540283203125
9618226,2023,2023-12-07,3702,2023-11-14,700,CV1254,NA,2,5,6,3702,0,0,0,NA,0,041,MEDICAL CENTER CT,MEDICAL CENTER DR,693,E,N,A,-,N,NA,NA,NA,NA,NA,NA,NA,NA,NA,Y,3,0,2,2,A,-,09,21801,A,N,D,C,A,A,H,-,A,D,0,NA,NA,NA,NA,Y,NA,A,07,0,1,1,0,0,0,0,0,0,-,-,NA,NA,SAN DIEGO,CHULA VISTA,-117.02481842041016,32.618995666503906
9618573,2023,2024-01-25,3711,2023-11-13,1730,SD1562,NA,1,5,7,3711,0,0,0,NA,0,233,RANCHO PENASQUITOS BL,PASEO MONTRIL,0,NA,Y,A,-,N,NA,NA,NA,NA,NA,NA,NA,NA,NA,Y,4,0,2,2,A,-,12,21453,A,N,D,C,A,A,H,-,C,A,0,NA,NA,NA,NA,Y,NA,A,01,0,0,2,0,0,0,0,0,0,-,-,NA,NA,SAN DIEGO,SAN DIEGO,-117.10784149169922,32.951683044433594
9618787,2023,2023-12-06,3705,2023-09-24,2345,EC0379,NA,7,5,5,3705,0,0,0,NA,0,003,E WASHINGTON AV,JAMACHA RD,0,NA,Y,A,-,N,NA,NA,NA,NA,NA,NA,NA,NA,NA,N,4,0,2,2,A,-,08,22107,NA,N,B,C,A,A,H,-,C,A,0,NA,NA,NA,NA,Y,NA,A,07,0,0,2,0,0,0,0,0,0,-,-,NA,NA,SAN DIEGO,EL CAJON,-116.92816162109376,32.78766632080078
9619116,2023,2024-02-29,3711,2023-12-07,1236,SD1685,NA,4,5,7,3711,0,0,0,NA,0,813,ILLINOIS ST,EL CAJON BL,0,NA,Y,A,-,N,NA,NA,NA,NA,NA,NA,NA,NA,NA,N,3,0,1,2,A,-,10,21950,A,N,G,B,B,A,H,-,A,A,0,Y,NA,NA,NA,Y,NA,A,01,0,1,0,0,1,0,0,0,0,-,-,NA,NA,SAN DIEGO,SAN DIEGO,-117.12770080566406,32.7552375793457
9620777,2023,2023-10-26,3711,2023-09-12,2102,CV0923,NA,2,5,7,3711,0,0,0,NA,0,032,COUNTRY VISTAS LN,CRESTVIEW DR,320,N,N,A,-,N,NA,NA,NA,NA,NA,NA,NA,NA,NA,N,4,0,1,2,A,-,08,22107,NA,N,C,C,A,A,H,-,C,D,0,NA,NA,NA,NA,Y,NA,A,01,0,0,1,0,0,0,0,0,0,-,-,NA,NA,SAN DIEGO,SAN DIEGO,-117.00601959228516,32.6600341796875
9620894,2023,2023-10-24,3702,2023-08-30,1553,CV1357,NA,3,5,6,3702,0,0,0,NA,0,042,OLYMPIC PKWY,EAST PALOMAR ST,72,W,N,A,-,N,NA,NA,NA,NA,NA,NA,NA,NA,NA,Y,3,0,1,2,A,-,07,21658,A,N,B,C,A,A,H,-,A,A,0,NA,NA,Y,NA,Y,NA,A,01,0,1,0,0,0,0,0,0,1,-,-,NA,NA,SAN DIEGO,CHULA VISTA,-116.97970581054688,32.62944030761719
9620896,2023,2023-10-25,3702,2023-08-23,1648,CV1342,NA,3,5,6,3702,0,0,0,NA,0,042,EASTLAKE PKWY,TRINIDAD COVE,450,N,N,B,-,N,NA,NA,NA,NA,NA,NA,NA,NA,NA,Y,3,0,2,3,A,-,04,21703,NA,N,C,C,A,A,H,-,A,D,0,NA,NA,NA,NA,Y,NA,A,07,0,1,1,0,0,0,0,0,0,-,-,NA,NA,SAN DIEGO,CHULA VISTA,-116.96705627441406,32.63721466064453
9620898,2023,2023-10-24,3702,2023-08-10,1810,CV1357,NA,4,5,6,3702,0,0,0,NA,0,042,OLYMPIC PKWY,EAST PALOMAR ST,1400,E,N,A,-,N,NA,NA,NA,NA,NA,NA,NA,NA,NA,N,4,0,1,3,A,-,04,21703,NA,F,C,C,A,A,H,-,A,D,0,NA,NA,NA,NA,Y,NA,A,01,0,0,1,0,0,0,0,0,0,-,-,NA,NA,SAN DIEGO,CHULA VISTA,-116.97589874267578,32.631858825683594
9621348,2023,2023-11-17,3710,2023-10-29,1856,OC1556,NA,7,5,6,3710,0,0,0,NA,0,010,MISSION AV,MESA DR,935,E,N,A,-,N,NA,NA,NA,NA,NA,NA,NA,NA,NA,Y,4,0,1,1,A,-,01,23153,A,N,A,I,A,A,H,-,C,D,0,NA,NA,NA,NA,Y,Y,A,07,0,0,1,0,0,0,0,0,0,-,-,NA,NA,SAN DIEGO,OCEANSIDE,-117.3563232421875,33.20893859863281
9621596,2023,2023-11-29,3710,2023-10-20,1842,OC1504,NA,5,5,6,3710,0,0,0,NA,0,028,COLLEGE BL,MESA DR,56,S,N,A,-,N,NA,NA,NA,NA,NA,NA,NA,NA,NA,Y,3,0,2,2,A,-,03,22350,NA,N,C,C,A,A,H,-,C,A,0,NA,NA,NA,NA,Y,NA,A,01,0,1,1,0,0,0,0,0,0,-,-,NA,NA,SAN DIEGO,OCEANSIDE,-117.29248809814452,33.22507858276367
9621599,2023,2023-11-29,3710,2023-10-15,1749,OC1467,NA,7,5,6,3710,0,0,0,NA,0,030,MIRA MESA AV,CELESTE DR,0,NA,Y,A,-,N,NA,NA,NA,NA,NA,NA,NA,NA,NA,Y,4,0,1,3,A,-,03,22350,NA,N,B,E,A,A,H,-,A,D,0,NA,NA,NA,NA,Y,Y,A,01,0,0,1,0,0,0,0,0,0,-,-,NA,NA,SAN DIEGO,OCEANSIDE,-117.293212890625,33.188995361328125
9623586,2023,2024-02-01,3700,2023-11-02,1225,SH3197,NA,4,5,5,3712,0,0,0,NA,0,355,GRAND AV,PACIFIC ST,0,NA,Y,A,-,N,NA,NA,NA,NA,NA,NA,NA,NA,NA,Y,3,0,2,2,A,-,09,21802,A,N,D,C,A,A,H,-,A,D,0,NA,NA,NA,NA,Y,NA,A,01,0,1,1,0,0,0,0,0,0,-,-,NA,NA,SAN DIEGO,SAN MARCOS,-117.19597625732422,33.144508361816406
9623799,2023,2024-01-06,3710,2023-11-06,1851,OC1543,NA,1,5,6,3710,0,0,0,NA,0,013,EL CAMINO REAL,VISTA WY,122,S,N,A,-,N,NA,NA,NA,NA,NA,NA,NA,NA,NA,Y,4,0,1,3,A,-,03,22350,NA,N,C,C,A,A,H,-,C,A,0,NA,NA,NA,NA,Y,NA,A,01,0,0,1,0,0,0,0,0,0,-,-,NA,NA,SAN DIEGO,OCEANSIDE,-117.32701873779295,33.182857513427734
9623997,2023,2023-12-19,3700,2023-11-01,1509,SH3910,NA,3,5,5,3712,0,0,0,NA,0,359,SAN MARCOS BL,S BENT AV,360,W,N,A,-,N,NA,NA,NA,NA,NA,NA,NA,NA,NA,N,3,0,1,2,A,-,08,22107,NA,N,D,G,A,A,H,-,A,D,0,NA,Y,NA,NA,Y,NA,D,22,0,1,0,0,0,0,1,0,0,-,-,NA,NA,SAN DIEGO,SAN MARCOS,-117.18314361572266,33.13613510131836
9624532,2023,2023-09-08,3702,2023-08-20,116,CV1415,NA,7,5,6,3702,0,0,0,NA,0,041,OLYMPIC PKWY,HERITAGE RD,4200,W,N,C,-,N,NA,NA,NA,NA,NA,NA,NA,NA,NA,Y,4,0,1,2,A,-,03,22350,NA,N,B,C,A,B,H,-,C,D,0,NA,NA,NA,NA,Y,NA,A,01,0,0,1,0,0,0,0,0,0,-,-,NA,NA,SAN DIEGO,CHULA VISTA,-117.0134735107422,32.610931396484375
9625265,2023,2023-10-03,3711,2023-09-15,900,SD5342,NA,5,5,7,3711,0,0,0,NA,0,242,MIRA COSTA COLLEGE RD,RT 15,275,E,N,B,-,N,NA,NA,NA,NA,NA,NA,NA,NA,NA,N,4,0,1,2,A,-,03,22350,NA,N,C,C,A,A,H,-,A,D,0,NA,NA,NA,NA,Y,NA,A,01,0,0,1,0,0,0,0,0,0,-,SF,NA,NA,SAN DIEGO,SAN DIEGO,NA,NA
9625739,2023,2023-10-04,3705,2023-08-12,1202,EC0410,NA,6,5,5,3705,0,0,0,NA,0,001,EL CAJON BL,RICHFIELD DR,0,NA,Y,A,-,N,NA,NA,NA,NA,NA,NA,NA,NA,NA,Y,3,0,3,2,A,-,09,21801,A,N,D,C,A,A,D,-,A,A,0,NA,NA,NA,NA,Y,NA,A,07,0,1,2,0,0,0,0,0,0,-,-,NA,NA,SAN DIEGO,EL CAJON,-116.97277069091795,32.78994369506836
9626773,2023,2023-10-21,3711,2023-09-24,1533,SD1849,NA,7,5,7,3711,0,0,0,NA,0,714,EAST SAN YSIDRO BL,E SAN YSIDRO BL 695,0,NA,N,A,-,N,NA,NA,NA,NA,NA,NA,NA,NA,NA,N,3,0,1,2,A,-,11,21954,A,M,G,G,D,A,H,-,A,A,0,Y,NA,NA,NA,Y,NA,N,60,0,1,0,0,1,0,0,0,0,-,-,NA,NA,SAN DIEGO,SAN DIEGO,-117.02951049804688,32.545135498046875
9626784,2023,2023-10-23,3700,2023-09-24,2018,SH3183,NA,7,5,5,3713,0,0,0,NA,0,311,SOUTH SANTA FE AV,EUCALYPTUS AV,150,N,N,A,-,N,NA,NA,NA,NA,NA,NA,NA,NA,NA,N,4,0,1,2,A,-,05,21650,1,M,D,G,A,A,H,-,C,D,0,NA,Y,NA,NA,Y,NA,L,04,0,0,1,0,0,0,1,0,0,-,-,NA,NA,SAN DIEGO,VISTA,-117.2414779663086,33.19935607910156
9626787,2023,2023-10-23,3700,2023-09-06,2336,SH0484,NA,3,5,5,3713,0,0,0,NA,0,304,NORTH MELROSE DR,NORTH AV,77,N,N,A,-,N,NA,NA,NA,NA,NA,NA,NA,NA,NA,Y,3,0,1,1,A,-,01,23152,A,N,A,I,A,A,H,-,C,A,0,NA,NA,NA,NA,Y,Y,A,01,0,1,0,0,0,0,0,0,0,-,-,NA,NA,SAN DIEGO,VISTA,-117.25604248046876,33.21580123901367
9626954,2023,2023-12-02,3711,2023-10-03,1656,SD1781,NA,2,5,7,3711,0,0,0,NA,0,433,62ND ST,AKINS,0,NA,Y,A,-,N,NA,NA,NA,NA,NA,NA,NA,NA,NA,N,4,0,1,2,A,-,08,22107,NA,N,H,G,A,A,H,-,A,D,0,NA,Y,NA,NA,Y,NA,A,01,0,0,1,0,0,0,1,0,0,-,-,NA,NA,SAN DIEGO,SAN DIEGO,-117.0639419555664,32.710174560546875
9627207,2023,2023-10-18,3711,2023-09-24,1720,SD1602,NA,7,5,7,3711,0,0,0,NA,0,521,16TH ST,IMPERIAL  AV,0,NA,-,A,-,N,NA,NA,NA,NA,NA,NA,NA,NA,NA,N,3,0,1,2,A,-,11,21955,NA,F,G,B,D,A,-,-,A,B,0,Y,NA,NA,NA,Y,NA,N,60,0,1,0,0,1,0,0,0,0,-,-,NA,NA,SAN DIEGO,SAN DIEGO,-117.14945220947266,32.70627975463867
9627241,2023,2023-10-19,3711,2023-09-20,630,SD8404,NA,3,5,7,3711,0,0,0,NA,0,627,WASHINGTON ST,4TH AV,0,NA,Y,B,-,N,NA,NA,NA,NA,NA,NA,NA,NA,NA,N,4,0,1,2,A,-,12,21453,A,N,D,C,A,A,H,-,A,A,0,NA,NA,NA,NA,Y,NA,A,07,0,0,1,0,0,0,0,0,0,-,-,NA,NA,SAN DIEGO,SAN DIEGO,-117.16162872314452,32.74999237060547
9627920,2023,2023-10-11,3711,2023-10-01,1631,SD7512,NA,7,5,7,3711,0,0,0,NA,0,315,CAMINO DEL RIO N,MISSION CENTER RD,50,E,N,A,-,N,NA,NA,NA,NA,NA,NA,NA,NA,NA,N,3,0,1,2,A,-,08,22107,NA,N,A,G,B,A,H,-,A,A,0,Y,NA,NA,NA,Y,NA,A,01,0,1,0,0,1,0,0,0,0,-,-,NA,NA,SAN DIEGO,SAN DIEGO,-117.15317535400392,32.76686477661133