CASE_ID,ACCIDENT_YEAR,PROC_DATE,JURIS,COLLISION_DATE,COLLISION_TIME,OFFICER_ID,REPORTING_DISTRICT,DAY_OF_WEEK,CHP_SHIFT,POPULATION,CNTY_CITY_LOC,SPECIAL_COND,BEAT_TYPE,CHP_BEAT_TYPE,CITY_DIVISION_LAPD,CHP_BEAT_CLASS,BEAT_NUMBER,PRIMARY_RD,SECONDARY_RD,DISTANCE,DIRECTION,INTERSECTION,WEATHER_1,WEATHER_2,STATE_HWY_IND,CALTRANS_COUNTY,CALTRANS_DISTRICT,STATE_ROUTE,ROUTE_SUFFIX,POSTMILE_PREFIX,POSTMILE,LOCATION_TYPE,RAMP_INTERSECTION,SIDE_OF_HWY,TOW_AWAY,COLLISION_SEVERITY,NUMBER_KILLED,NUMBER_INJURED,PARTY_COUNT,PRIMARY_COLL_FACTOR,PCF_CODE_OF_VIOL,PCF_VIOL_CATEGORY,PCF_VIOLATION,PCF_VIOL_SUBSECTION,HIT_AND_RUN,TYPE_OF_COLLISION,MVIW,PED_ACTION,ROAD_SURFACE,ROAD_COND_1,ROAD_COND_2,LIGHTING,CONTROL_DEVICE,CHP_ROAD_TYPE,PEDESTRIAN_ACCIDENT,BICYCLE_ACCIDENT,MOTORCYCLE_ACCIDENT,TRUCK_ACCIDENT,NOT_PRIVATE_PROPERTY,ALCOHOL_INVOLVED,STWD_VEHTYPE_AT_FAULT,CHP_VEHTYPE_AT_FAULT,COUNT_SEVERE_INJ,COUNT_VISIBLE_INJ,COUNT_COMPLAINT_PAIN,COUNT_PED_KILLED,COUNT_PED_INJURED,COUNT_BICYCLIST_KILLED,COUNT_BICYCLIST_INJURED,COUNT_MC_KILLED,COUNT_MC_INJURED,PRIMARY_RAMP,SECONDARY_RAMP,LATITUDE,LONGITUDE,COUNTY,CITY,POINT_X,POINT_Y
9651013,2023,2024-01-04,3702,2023-11-06,820,CV1269,NA,1,5,6,3702,0,0,0,NA,0,013,G ST,DEL MAR AV,192,E,N,A,-,N,NA,NA,NA,NA,NA,NA,NA,NA,NA,N,4,0,1,4,A,-,21,22106,NA,N,D,C,A,A,H,-,A,D,0,NA,NA,NA,NA,Y,NA,A,01,0,0,1,0,0,0,0,0,0,-,-,NA,NA,SAN DIEGO,CHULA VISTA,-117.075927734375,32.6385612487793
9651102,2023,2024-03-15,3710,2023-12-12,1250,OC1422,NA,2,5,6,3710,0,0,0,NA,0,008,OCEANSIDE BL,RT 5,70,E,N,A,-,Y,SD,11,5,-,R,52.354,R,4,S,Y,4,0,1,2,A,-,07,21658,A,N,D,C,A,A,H,-,A,D,0,NA,NA,NA,NA,Y,NA,D,22,0,0,1,0,0,0,0,0,0,-,-,NA,NA,SAN DIEGO,OCEANSIDE,-117.36275482177734,33.19063186645508
9651345,2023,2024-03-01,3711,2023-12-15,1545,SD7980,NA,5,5,7,3711,0,0,0,NA,0,242,MIRA MESA BL,DABNEY DR,0,NA,Y,A,-,N,NA,NA,NA,NA,NA,NA,NA,NA,NA,N,3,0,1,2,A,-,10,21950,A,M,H,G,A,A,H,-,A,D,0,NA,Y,NA,NA,Y,NA,-,99,0,1,0,0,0,0,1,0,0,-,-,NA,NA,SAN DIEGO,SAN DIEGO,-117.15867614746094,32.909812927246094
9652671,2024,2024-03-26,3709,2024-01-10,1748,NC0543,NA,3,5,5,3709,0,0,0,NA,0,020,D AV,D AV 400,0,NA,N,A,-,N,NA,NA,NA,NA,NA,NA,NA,NA,NA,N,3,0,2,2,A,-,12,22450,A,N,D,C,A,A,H,-,C,A,0,NA,NA,NA,NA,Y,NA,A,01,0,1,1,0,0,0,0,0,0,-,-,NA,NA,SAN DIEGO,NATIONAL CITY,-117.0768814086914,32.64852523803711
9654187,2023,2024-02-05,3700,2023-12-08,822,SH4148,NA,5,5,4,3707,0,0,0,NA,0,704,DONAX AV,9TH ST,0,NA,Y,A,-,N,NA,NA,NA,NA,NA,NA,NA,NA,NA,N,3,0,1,2,A,-,10,21950,A,N,G,B,B,A,H,-,A,A,0,Y,NA,NA,NA,Y,NA,A,07,0,1,0,0,1,0,0,0,0,-,-,NA,NA,SAN DIEGO,IMPERIAL BEACH,-117.11431121826172,32.582275390625
9654343,2023,2024-01-12,3706,2023-11-27,1442,SD7461,NA,1,5,6,3706,0,0,0,NA,0,235,SAN PASQUAL VALLEY RD,YSABEL CREEK RD,261,W,N,A,-,N,NA,NA,NA,NA,NA,NA,NA,NA,NA,Y,2,0,2,2,A,-,09,21803,A,N,A,C,A,A,H,-,A,D,0,NA,NA,NA,NA,Y,NA,A,07,1,0,1,0,0,0,0,0,0,-,-,NA,NA,SAN DIEGO,ESCONDIDO,-116.9904327392578,33.086021423339844
9654534,2024,2024-03-26,3711,2024-01-18,1701,SD2013,NA,4,5,7,3711,0,0,0,NA,0,832,POLK AV,43RD ST,160,W,N,A,-,N,NA,NA,NA,NA,NA,NA,NA,NA,NA,N,4,0,1,2,A,-,09,21804,A,N,D,C,A,A,H,-,B,D,0,NA,NA,NA,Y,Y,NA,F,26,0,0,1,0,0,0,0,0,0,-,-,NA,NA,SAN DIEGO,SAN DIEGO,-117.10250854492188,32.75140380859375
9654644,2023,2024-02-17,3703,2023-12-23,1344,1331,2,6,5,3,3703,0,0,0,NA,0,002,9TH ST,F AV,23,W,N,A,-,N,NA,NA,NA,NA,NA,NA,NA,NA,NA,Y,4,0,1,2,A,-,08,22107,NA,M,E,I,A,A,H,-,A,A,0,NA,Y,NA,NA,Y,NA,A,01,0,0,1,0,0,0,0,0,0,-,-,32.688289642333984,-117.18132019042967,SAN DIEGO,CORONADO,-117.18248748779295,32.688777923583984
9655127,2023,2024-02-17,3709,2023-12-03,1959,NC0531,NA,7,5,5,3709,0,0,0,NA,0,023,EAST 18TH ST,L AV,0,NA,Y,A,-,N,NA,NA,NA,NA,NA,NA,NA,NA,NA,Y,3,0,4,2,A,-,01,23152,A,N,D,C,A,A,H,-,C,A,0,NA,NA,NA,NA,Y,Y,A,01,0,1,3,0,0,0,0,0,0,-,-,NA,NA,SAN DIEGO,NATIONAL CITY,-117.09127807617188,32.67064666748047
9655493,2024,2024-04-20,3711,2024-01-19,1430,SD5972,NA,5,5,7,3711,0,0,0,NA,0,451,54TH ST,5400 REDWOOD ST,110,N,N,A,-,N,NA,NA,NA,NA,NA,NA,NA,NA,NA,Y,4,0,1,2,A,-,03,22350,NA,N,C,C,A,A,H,-,A,A,0,NA,NA,NA,NA,Y,NA,A,01,0,0,1,0,0,0,0,0,0,-,-,NA,NA,SAN DIEGO,SAN DIEGO,-117.0798110961914,32.737979888916016
9656133,2023,2024-02-23,3710,2023-11-26,500,OC0873,NA,7,5,6,3710,0,0,0,NA,0,037,RT 78,VISTA WAY,60,S,N,A,-,Y,SD,11,78,-,-,3.55,R,2,W,N,3,0,1,2,A,-,11,21954,A,F,G,B,E,A,H,-,A,A,0,Y,NA,NA,NA,Y,NA,N,60,0,1,0,0,1,0,0,0,0,-,-,NA,NA,SAN DIEGO,OCEANSIDE,-117.29264831542967,33.18343734741211
9656137,2023,2024-02-12,3710,2023-11-30,832,OC1487,NA,4,5,6,3710,0,0,0,NA,0,025,MESA DR,OLD GROVE,147,W,N,B,-,N,NA,NA,NA,NA,NA,NA,NA,NA,NA,N,3,0,2,2,A,-,05,21650,NA,N,A,G,A,B,H,-,A,D,0,NA,Y,NA,NA,Y,NA,L,04,0,2,0,0,0,0,2,0,0,-,-,NA,NA,SAN DIEGO,OCEANSIDE,-117.29898834228516,33.21962356567383
9656332,2023,2024-03-01,3710,2023-12-21,551,OC1487,NA,4,5,6,3710,0,0,0,NA,0,016,DOUGLAS DR,EL CAMINO REAL,62,N,N,B,-,N,NA,NA,NA,NA,NA,NA,NA,NA,NA,N,3,0,1,1,D,-,00,NA,NA,N,H,J,A,B,H,-,B,A,0,NA,NA,Y,NA,Y,NA,-,-,0,1,0,0,0,0,0,0,1,-,-,NA,NA,SAN DIEGO,OCEANSIDE,-117.32566833496094,33.23130798339844
9656469,2023,2024-03-01,3710,2023-12-31,1800,OC1382,NA,7,5,6,3710,0,0,0,NA,0,022,RT 76,GUAJOME LAKE RD,0,NA,Y,B,-,Y,SD,11,76,-,R,7.177,I,5,E,Y,3,0,1,3,A,-,01,23153,A,N,D,C,A,A,H,-,C,A,0,NA,NA,NA,NA,Y,Y,A,01,0,1,0,0,0,0,0,0,0,-,-,NA,NA,SAN DIEGO,OCEANSIDE,-117.27427673339844,33.248348236083984
9656577,2023,2024-02-23,3710,2023-12-16,1230,OC1539,NA,6,5,6,3710,0,0,0,NA,0,014,AIRPORT RD,RT 76,15,S,N,A,-,Y,SD,11,76,-,R,2.145,I,6,E,Y,3,0,1,2,A,-,03,22350,NA,N,D,C,A,A,H,-,A,A,0,NA,NA,NA,NA,Y,NA,A,07,0,1,0,0,0,0,0,0,0,-,-,NA,NA,SAN DIEGO,OCEANSIDE,-117.35108184814452,33.216373443603516
9657060,2023,2024-02-01,3711,2023-12-17,1109,SD1342,NA,7,5,7,3711,0,0,0,NA,0,612,ROSECRANS,IBSEN ST,21,S,N,A,-,N,NA,NA,NA,NA,NA,NA,NA,NA,NA,N,4,0,1,4,A,-,03,22350,NA,N,C,D,A,A,H,-,A,-,0,NA,NA,NA,NA,Y,NA,A,01,0,0,1,0,0,0,0,0,0,-,-,NA,NA,SAN DIEGO,SAN DIEGO,-117.21407318115234,32.74241256713867
9658094,2023,2024-02-15,3709,2023-12-22,1641,NC0551,NA,5,5,5,3709,0,0,0,NA,0,023,SWEETWATER RD,SWEETWATER RD 1600,0,NA,N,B,-,N,NA,NA,NA,NA,NA,NA,NA,NA,NA,N,4,0,2,2,A,-,09,21803,A,N,D,C,A,B,H,-,A,D,0,NA,NA,NA,NA,Y,NA,A,01,0,0,2,0,0,0,0,0,0,-,-,NA,NA,SAN DIEGO,NATIONAL CITY,-117.01821899414063,32.7439079284668
9658174,2024,2024-06-24,3711,2024-01-28,1840,SD1690,NA,7,5,7,3711,0,0,0,NA,0,313,BALBOA AV,CONVOY ST,0,NA,Y,A,-,N,NA,NA,NA,NA,NA,NA,NA,NA,NA,N,4,0,1,2,A,-,-,NA,NA,N,B,C,A,A,H,-,C,A,0,NA,NA,NA,NA,Y,NA,A,01,0,0,1,0,0,0,0,0,0,-,-,NA,NA,SAN DIEGO,SAN DIEGO,-117.15509033203124,32.82175064086914
9658669,2024,2024-05-09,3711,2024-02-02,551,SD7414,NA,5,5,7,3711,0,0,0,NA,0,242,GOLD COAST DR,SALUDA AVENUE,50,W,N,B,C,N,NA,NA,NA,NA,NA,NA,NA,NA,NA,Y,3,0,1,5,A,-,05,21651,A,N,A,E,A,B,H,-,B,D,0,NA,NA,NA,NA,Y,NA,A,01,0,1,0,0,0,0,0,0,0,-,-,NA,NA,SAN DIEGO,SAN DIEGO,-117.14295196533205,32.90534973144531
9659432,2023,2024-02-12,3700,2023-12-23,1223,SH3910,NA,6,5,5,3712,0,0,0,NA,0,361,E BARHAM RD,INDUSTRIAL CT,50,E,N,B,-,N,NA,NA,NA,NA,NA,NA,NA,NA,NA,N,2,0,1,2,A,-,17,21208,B,N,C,G,A,A,H,-,A,B,0,NA,Y,NA,NA,Y,NA,L,04,1,0,0,0,0,0,1,0,0,-,-,NA,NA,SAN DIEGO,SAN MARCOS,-117.1564712524414,33.134429931640625
9660749,2024,2024-04-29,3711,2024-01-03,1039,SD1639,NA,3,5,7,3711,0,0,0,NA,0,112,MOUNT ACADIA BL,MOUNT ARARAT DR,10,N,N,C,-,N,NA,NA,NA,NA,NA,NA,NA,NA,NA,N,4,0,2,2,A,-,03,22350,NA,N,C,C,A,B,H,-,A,A,0,NA,NA,NA,NA,Y,NA,A,01,0,0,2,0,0,0,0,0,0,-,-,NA,NA,SAN DIEGO,SAN DIEGO,-117.1811981201172,32.81060791015625
9661072,2024,2024-01-30,3711,2024-01-17,1514,SD1908,NA,3,5,7,3711,0,0,0,NA,0,934,CARMEL MOUNTAIN RD,EL CAMINO REAL,0,NA,Y,A,-,N,NA,NA,NA,NA,NA,NA,NA,NA,NA,Y,4,0,1,1,D,-,00,NA,NA,N,F,I,A,A,H,-,A,A,0,NA,NA,NA,NA,Y,NA,-,-,0,0,1,0,0,0,0,0,0,-,-,NA,NA,SAN DIEGO,SAN DIEGO,-117.22828674316406,32.922271728515625
9661477,2023,2024-03-08,3702,2023-12-15,27,CV1378,NA,5,5,6,3702,0,0,0,NA,0,012,H ST,RT 5,0,NA,Y,A,-,Y,SD,11,5,-,-,7.969,R,4,S,Y,3,0,1,1,A,-,01,23152,A,M,E,I,A,A,H,-,C,A,0,NA,NA,NA,NA,Y,Y,D,22,0,1,0,0,0,0,0,0,0,-,SF,NA,NA,SAN DIEGO,CHULA VISTA,-117.09687042236328,32.63131332397461
9662468,2024,2024-03-27,3711,2024-01-17,1419,SD1405,NA,3,5,7,3711,0,0,0,NA,0,824,MEADE AV,47TH ST,0,NA,Y,A,-,N,NA,NA,NA,NA,NA,NA,NA,NA,NA,Y,4,0,1,4,A,-,08,22107,NA,N,B,C,A,A,H,-,A,A,0,NA,NA,NA,NA,Y,Y,A,01,0,0,1,0,0,0,0,0,0,-,-,NA,NA,SAN DIEGO,SAN DIEGO,-117.09294128417967,32.7569580078125
9662469,2024,2024-03-27,3711,2024-01-04,1042,SD1799,NA,4,5,7,3711,0,0,0,NA,0,122,RIVIERA DR,PACIFIC BEACH DR,0,NA,Y,A,-,N,NA,NA,NA,NA,NA,NA,NA,NA,NA,N,2,0,1,1,A,-,03,22350,NA,N,F,A,A,A,H,-,A,D,0,NA,Y,NA,NA,Y,NA,L,04,1,0,0,0,0,0,1,0,0,-,-,NA,NA,SAN DIEGO,SAN DIEGO,-117.24182891845705,32.793418884277344
9662472,2024,2024-03-27,3711,2024-01-13,1640,SD4310,NA,6,5,7,3711,0,0,0,NA,0,512,SOUTH 28TH ST,HARRISON AV,12,N,N,A,-,N,NA,NA,NA,NA,NA,NA,NA,NA,NA,N,4,0,1,2,A,-,08,22107,NA,N,B,G,A,A,H,-,A,D,0,NA,Y,NA,NA,Y,NA,L,04,0,0,1,0,0,0,1,0,0,-,-,NA,NA,SAN DIEGO,SAN DIEGO,-117.13384246826172,32.69971466064453
9662883,2023,2024-02-14,3705,2023-12-12,1839,EC0371,NA,2,5,5,3705,0,0,0,NA,0,002,EAST MAIN ST,SHADY LN,0,NA,Y,A,-,N,NA,NA,NA,NA,NA,NA,NA,NA,NA,Y,4,0,1,2,A,-,09,21801,A,N,D,C,A,A,H,-,C,D,0,NA,NA,NA,NA,Y,NA,D,22,0,0,1,0,0,0,0,0,0,-,-,NA,NA,SAN DIEGO,EL CAJON,-116.93798065185548,32.79493713378906
9664131,2023,2024-02-27,3700,2023-12-30,105,SH0371,NA,6,5,5,3713,0,0,0,NA,0,303,MONIQUE CT,OAK DR,0,NA,N,A,-,N,NA,NA,NA,NA,NA,NA,NA,NA,NA,Y,4,0,1,5,A,-,01,23152,A,N,E,I,A,A,H,-,C,D,0,NA,NA,NA,NA,Y,Y,-,NA,0,0,1,0,0,0,0,0,0,-,-,NA,NA,SAN DIEGO,VISTA,-117.22183227539063,33.22393035888672
9664356,2024,2024-03-14,3705,2024-01-20,1314,EC0431,NA,6,5,5,3705,0,0,0,NA,0,002,N 1ST ST,E MADISON AVE,253,N,N,C,-,N,NA,NA,NA,NA,NA,NA,NA,NA,NA,Y,4,0,3,2,A,-,09,21804,A,N,D,C,A,B,H,-,A,D,0,NA,NA,NA,NA,Y,NA,A,01,0,0,3,0,0,0,0,0,0,-,-,NA,NA,SAN DIEGO,EL CAJON,-116.94461822509766,32.80083465576172
9665710,2024,2024-05-21,3711,2024-03-11,1740,SD1750,NA,1,5,7,3711,0,0,0,NA,0,615,SCOTT ST,AVENIDA DE PORTUGAL,10,N,N,A,-,N,NA,NA,NA,NA,NA,NA,NA,NA,NA,Y,3,0,1,2,A,-,09,21801,A,N,A,C,A,A,H,-,A,D,0,NA,NA,NA,NA,Y,NA,A,01,0,1,0,0,0,0,0,0,0,-,-,NA,NA,SAN DIEGO,SAN DIEGO,-117.2304229736328,32.72138214111328
9665864,2024,2024-04-05,3705,2024-01-04,2121,EC0411,NA,4,5,5,3705,0,0,0,NA,0,003,2ND ST,RT 8,51,N,N,A,-,Y,SD,11,8,-,-,17.221,R,4,E,Y,4,0,2,2,B,-,22,NA,NA,N,D,C,A,B,H,-,C,B,0,NA,NA,NA,NA,Y,NA,A,01,0,0,2,0,0,0,0,0,0,-,EF,NA,NA,SAN DIEGO,EL CAJON,-116.93817901611328,32.80294418334961
9666592,2024,2024-05-08,3700,2024-01-06,1810,SH0712,NA,6,5,4,3720,0,0,0,NA,0,606,CARDIFF ST,CARLISLE DR,0,NA,Y,A,-,N,NA,NA,NA,NA,NA,NA,NA,NA,NA,Y,3,0,2,11,A,-,01,23152,A,N,D,C,A,A,H,-,C,A,0,NA,NA,NA,NA,Y,Y,D,22,0,1,1,0,0,0,0,0,0,-,-,NA,NA,SAN DIEGO,LEMON GROVE,-117.02586364746094,32.71854782104492
9667322,2024,2024-05-02,3711,2024-02-05,10,SD1521,NA,1,5,7,3711,0,0,0,NA,0,122,GRAND AV,MORRELL ST,80,E,N,B,-,N,NA,NA,NA,NA,NA,NA,NA,NA,NA,Y,3,0,1,2,A,-,08,22107,NA,N,C,E,A,A,H,-,C,A,0,NA,NA,NA,NA,Y,NA,A,01,0,1,0,0,0,0,0,0,0,-,-,NA,NA,SAN DIEGO,SAN DIEGO,-117.23268127441406,32.79960632324219
9667537,2024,2024-03-18,3700,2024-01-14,154,SH0798,NA,7,5,4,3720,0,0,0,NA,0,603,SKYLINE DR,LINCOLN ST,200,S,N,A,-,N,NA,NA,NA,NA,NA,NA,NA,NA,NA,Y,4,0,1,2,A,-,01,23152,A,N,C,E,A,A,H,-,C,B,0,NA,NA,NA,NA,Y,Y,A,01,0,0,1,0,0,0,0,0,0,-,-,NA,NA,SAN DIEGO,LEMON GROVE,-117.02653503417967,32.73774719238281
9667931,2024,2024-03-07,3711,2024-01-20,1521,SD8861,NA,6,5,7,3711,0,0,0,NA,0,521,PARK BL,J ST,10,S,N,C,-,N,NA,NA,NA,NA,NA,NA,NA,NA,NA,Y,4,0,1,1,A,-,17,21461,A,N,B,F,A,B,H,-,B,A,0,NA,NA,NA,NA,Y,NA,A,01,0,0,1,0,0,0,0,0,0,-,-,NA,NA,SAN DIEGO,SAN DIEGO,-117.15373992919922,32.709381103515625
9669174,2024,2024-05-22,3711,2024-03-15,1148,SD1621,NA,5,5,7,3711,0,0,0,NA,0,524,7TH AV,E ST,15,N,N,A,-,N,NA,NA,NA,NA,NA,NA,NA,NA,NA,N,3,0,1,2,A,-,10,21950,A,M,G,B,B,A,H,-,C,A,0,Y,NA,NA,NA,Y,Y,-,99,0,1,0,0,1,0,0,0,0,-,-,NA,NA,SAN DIEGO,SAN DIEGO,-117.15834045410156,32.7147216796875
9669547,2023,2024-03-20,3705,2023-12-23,1325,EC0410,NA,6,5,5,3705,0,0,0,NA,0,002,2ND ST,CLARENDON AV,136,N,N,B,-,N,NA,NA,NA,NA,NA,NA,NA,NA,NA,Y,2,0,1,2,A,-,03,22350,NA,N,D,C,A,A,H,-,A,D,0,NA,NA,Y,NA,Y,NA,C,02,1,0,0,0,0,0,0,0,1,-,-,NA,NA,SAN DIEGO,EL CAJON,-116.93579864501952,32.809112548828125
9669711,2024,2024-04-15,3700,2024-02-22,1904,SH3271,NA,4,5,5,3782,0,0,0,NA,0,241,SANTA FE DR,SUMMIT AV,0,NA,Y,A,-,N,NA,NA,NA,NA,NA,NA,NA,NA,NA,N,3,0,1,2,A,-,14,21201,D,N,D,-,A,A,H,-,D,D,0,NA,Y,NA,NA,Y,Y,L,04,0,1,0,0,0,0,1,0,0,-,-,NA,NA,SAN DIEGO,ENCINITAS,-117.28826141357422,33.03619384765625
9670324,2024,2024-05-29,3702,2024-03-13,1420,CV1367,NA,3,5,6,3702,0,0,0,NA,0,012,BROADWAY,F ST,0,NA,Y,A,-,N,NA,NA,NA,NA,NA,NA,NA,NA,NA,Y,4,0,1,2,A,-,12,21453,A,N,D,C,A,A,H,-,A,A,0,NA,NA,NA,NA,Y,NA,D,22,0,0,1,0,0,0,0,0,0,-,-,NA,NA,SAN DIEGO,CHULA VISTA,-117.09217071533205,32.63784408569336
9671429,2024,2024-04-19,3703,2024-03-11,1936,1270,3,1,5,3,3703,0,0,0,NA,0,003,SILVER STRAND,CORONADO BAY RD,61,N,N,A,-,Y,SD,11,75,-,-,14.33,H,-,S,N,4,0,1,2,A,-,08,22107,NA,N,B,C,A,A,H,-,B,D,0,NA,NA,NA,NA,Y,NA,J,48,0,0,1,0,0,0,0,0,0,-,-,32.63444137573242,-117.1413803100586,SAN DIEGO,CORONADO,-117.13948059082033,32.6297721862793
9671675,2024,2024-03-20,3710,2024-01-29,1243,OC1533,NA,1,5,6,3710,0,0,0,NA,0,013,SOUTH EL CAMINO REAL,VIA LAS ROSAS,0,NA,Y,A,-,N,NA,NA,NA,NA,NA,NA,NA,NA,NA,Y,2,0,4,5,A,-,12,21453,A,N,D,C,A,A,H,-,A,A,0,NA,NA,NA,NA,Y,NA,A,08,1,1,2,0,0,0,0,0,0,-,-,NA,NA,SAN DIEGO,OCEANSIDE,-117.32826232910156,33.18692398071289
9671995,2024,2024-04-22,3711,2024-02-13,1556,SD1741,NA,2,5,7,3711,0,0,0,NA,0,321,FRIARS ROAD,RANCHO MISSION RD,0,NA,Y,A,-,N,NA,NA,NA,NA,NA,NA,NA,NA,NA,N,4,0,1,2,A,-,12,21453,A,N,D,C,A,A,H,-,A,A,0,NA,NA,NA,NA,Y,Y,A,01,0,0,1,0,0,0,0,0,0,-,-,NA,NA,SAN DIEGO,SAN DIEGO,-117.10877227783205,32.78939437866211
9672146,2024,2024-06-27,3711,2024-02-13,959,SD3871,NA,2,5,7,3711,0,0,0,NA,0,834,MARLBOROUGH AV,MYRTLE AV,0,NA,Y,A,-,N,NA,NA,NA,NA,NA,NA,NA,NA,NA,N,4,0,1,2,D,-,00,NA,NA,N,D,C,A,A,H,-,A,D,0,NA,NA,NA,NA,Y,NA,-,-,0,0,1,0,0,0,0,0,0,-,-,NA,NA,SAN DIEGO,SAN DIEGO,-117.10585021972656,32.74216079711914
9672165,2024,2024-04-16,3711,2024-02-15,707,SD1855,NA,4,5,7,3711,0,0,0,NA,0,529,4TH AV,DATE ST,0,NA,Y,A,-,N,NA,NA,NA,NA,NA,NA,NA,NA,NA,N,4,0,1,2,A,-,09,21800,A,N,D,C,A,A,H,-,A,D,0,NA,NA,NA,NA,Y,NA,A,01,0,0,1,0,0,0,0,0,0,-,-,NA,NA,SAN DIEGO,SAN DIEGO,-117.16114044189452,32.723026275634766
9672167,2024,2024-04-16,3711,2024-02-13,1945,SD1144,NA,2,5,7,3711,0,0,0,NA,0,613,SOTO ST,GREENE ST,0,NA,Y,A,-,N,NA,NA,NA,NA,NA,NA,NA,NA,NA,N,3,0,1,3,A,-,03,22350,NA,N,D,C,A,A,H,-,C,D,0,NA,NA,Y,NA,Y,NA,C,02,0,1,0,0,0,0,0,0,1,-,-,NA,NA,SAN DIEGO,SAN DIEGO,-117.23667144775392,32.747615814208984
9672219,2024,2024-03-20,3711,2024-01-11,624,SD1906,NA,4,5,7,3711,0,0,0,NA,0,931,CARROLL CANYON RD,SCRANTON RD,146,E,N,B,-,N,NA,NA,NA,NA,NA,NA,NA,NA,NA,N,4,0,1,2,A,-,03,22350,NA,N,C,C,A,B,H,-,B,D,0,NA,NA,NA,NA,Y,NA,A,01,0,0,1,0,0,0,0,0,0,-,-,NA,NA,SAN DIEGO,SAN DIEGO,-117.20053100585938,32.889801025390625
9672345,2024,2024-05-03,3711,2024-02-15,1626,SD6082,NA,4,5,7,3711,0,0,0,NA,0,126,LA JOLLA VILLAGE DR,VILLA LA JOLLA DR,300,E,N,A,-,N,NA,NA,NA,NA,NA,NA,NA,NA,NA,N,4,0,1,2,A,-,03,22350,NA,N,C,C,A,A,H,-,A,D,0,NA,NA,NA,NA,Y,NA,A,01,0,0,1,0,0,0,0,0,0,-,-,NA,NA,SAN DIEGO,SAN DIEGO,-117.23292541503906,32.87176513671875
9673023,2024,2024-04-29,3711,2024-02-26,2119,SD4310,NA,1,5,7,3711,0,0,0,NA,0,614,NIAGARA AV,CABLE ST,212,W,N,B,-,N,NA,NA,NA,NA,NA,NA,NA,NA,NA,Y,3,0,1,3,A,-,08,22107,NA,N,C,E,A,A,H,-,C,D,0,NA,NA,NA,NA,Y,Y,A,01,0,1,0,0,0,0,0,0,0,-,-,NA,NA,SAN DIEGO,SAN DIEGO,-117.25059509277344,32.74530029296875
9673071,2024,2024-04-30,3711,2024-02-14,1653,SD7958,NA,3,5,7,3711,0,0,0,NA,0,813,ARIZONA ST,LINCOLN AV,0,NA,Y,A,-,N,NA,NA,NA,NA,NA,NA,NA,NA,NA,N,4,0,1,2,A,-,03,22350,NA,N,D,J,A,A,H,-,A,D,0,NA,NA,Y,NA,Y,NA,C,03,0,0,1,0,0,0,0,0,1,-,-,NA,NA,SAN DIEGO,SAN DIEGO,-117.13758087158205,32.75029754638672
9673303,2024,2024-05-22,3711,2024-03-01,2235,SD1719,NA,5,5,7,3711,0,0,0,NA,0,936,CAMINO DEL SUR,CARMEL VALLEY RD,0,NA,Y,B,C,N,NA,NA,NA,NA,NA,NA,NA,NA,NA,N,3,0,1,2,A,-,12,21453,A,N,D,C,A,B,H,-,C,A,0,NA,NA,NA,NA,Y,NA,A,01,0,1,0,0,0,0,0,0,0,-,-,NA,NA,SAN DIEGO,SAN DIEGO,-117.14639282226563,32.97611618041992
9673977,2024,2024-05-22,3711,2024-03-05,854,SD6334,NA,2,5,7,3711,0,0,0,NA,0,446,47TH ST,IMPERIAL AV,77,N,N,A,-,N,NA,NA,NA,NA,NA,NA,NA,NA,NA,N,4,0,1,2,A,-,21,22106,NA,N,C,C,A,A,H,-,A,A,0,NA,NA,NA,NA,Y,NA,A,01,0,0,1,0,0,0,0,0,0,-,-,NA,NA,SAN DIEGO,SAN DIEGO,-117.09371185302734,32.70436096191406
9673991,2024,2024-05-22,3711,2024-03-10,1834,SD1631,NA,7,5,7,3711,0,0,0,NA,0,123,INGRAHAM ST,MISSION BAY DR,0,NA,Y,A,-,N,NA,NA,NA,NA,NA,NA,NA,NA,NA,N,3,0,1,1,A,-,03,22350,NA,M,E,I,A,A,H,-,B,D,0,NA,NA,NA,NA,Y,NA,-,NA,0,1,0,0,0,0,0,0,0,-,-,NA,NA,SAN DIEGO,SAN DIEGO,-117.23281097412108,32.76414108276367
9673999,2024,2024-08-27,3711,2024-03-02,146,SD1785,NA,6,5,7,3711,0,0,0,NA,0,126,TORREY PINES RD,LA JOLLA VILLAGE DR,30,S,N,A,-,N,NA,NA,NA,NA,NA,NA,NA,NA,NA,N,4,0,1,2,A,-,12,21453,A,M,D,C,A,A,H,-,C,A,0,NA,NA,NA,NA,Y,NA,A,01,0,0,1,0,0,0,0,0,0,-,-,NA,NA,SAN DIEGO,SAN DIEGO,-117.24228668212892,32.870059967041016
9674661,2024,2024-04-09,3709,2024-02-28,2123,NC0543,NA,3,5,5,3709,0,0,0,NA,0,020,EAST 8TH ST,B AV,0,NA,-,A,-,N,NA,NA,NA,NA,NA,NA,NA,NA,NA,N,2,0,1,3,A,-,06,21755,NA,N,B,C,A,A,H,-,C,D,0,NA,NA,Y,NA,Y,NA,C,02,1,0,0,0,0,0,0,0,1,-,-,NA,NA,SAN DIEGO,NATIONAL CITY,-117.10486602783205,32.67639923095703
9675092,2024,2024-05-24,3708,2024-03-18,1450,LM8313,NA,1,5,5,3708,0,0,0,NA,0,003,BALTIMORE DR,FLETCHER PKWY,69,N,N,A,B,N,NA,NA,NA,NA,NA,NA,NA,NA,NA,Y,4,0,3,2,A,-,04,21703,NA,N,C,C,A,A,H,-,A,A,0,NA,NA,NA,NA,Y,NA,A,01,0,0,3,0,0,0,0,0,0,-,-,NA,NA,SAN DIEGO,LA MESA,-117.02742767333984,32.7740592956543