CASE_ID,ACCIDENT_YEAR,PROC_DATE,JURIS,COLLISION_DATE,COLLISION_TIME,OFFICER_ID,REPORTING_DISTRICT,DAY_OF_WEEK,CHP_SHIFT,POPULATION,CNTY_CITY_LOC,SPECIAL_COND,BEAT_TYPE,CHP_BEAT_TYPE,CITY_DIVISION_LAPD,CHP_BEAT_CLASS,BEAT_NUMBER,PRIMARY_RD,SECONDARY_RD,DISTANCE,DIRECTION,INTERSECTION,WEATHER_1,WEATHER_2,STATE_HWY_IND,CALTRANS_COUNTY,CALTRANS_DISTRICT,STATE_ROUTE,ROUTE_SUFFIX,POSTMILE_PREFIX,POSTMILE,LOCATION_TYPE,RAMP_INTERSECTION,SIDE_OF_HWY,TOW_AWAY,COLLISION_SEVERITY,NUMBER_KILLED,NUMBER_INJURED,PARTY_COUNT,PRIMARY_COLL_FACTOR,PCF_CODE_OF_VIOL,PCF_VIOL_CATEGORY,PCF_VIOLATION,PCF_VIOL_SUBSECTION,HIT_AND_RUN,TYPE_OF_COLLISION,MVIW,PED_ACTION,ROAD_SURFACE,ROAD_COND_1,ROAD_COND_2,LIGHTING,CONTROL_DEVICE,CHP_ROAD_TYPE,PEDESTRIAN_ACCIDENT,BICYCLE_ACCIDENT,MOTORCYCLE_ACCIDENT,TRUCK_ACCIDENT,NOT_PRIVATE_PROPERTY,ALCOHOL_INVOLVED,STWD_VEHTYPE_AT_FAULT,CHP_VEHTYPE_AT_FAULT,COUNT_SEVERE_INJ,COUNT_VISIBLE_INJ,COUNT_COMPLAINT_PAIN,COUNT_PED_KILLED,COUNT_PED_INJURED,COUNT_BICYCLIST_KILLED,COUNT_BICYCLIST_INJURED,COUNT_MC_KILLED,COUNT_MC_INJURED,PRIMARY_RAMP,SECONDARY_RAMP,LATITUDE,LONGITUDE,COUNTY,CITY,POINT_X,POINT_Y
9700597,2024,2024-06-13,3700,2024-04-17,1636,SH0268,NA,3,5,4,3780,0,0,0,NA,0,410,POWAY RD,TARASCAN DR,582,W,N,A,-,N,NA,NA,NA,NA,NA,NA,NA,NA,NA,N,4,0,1,2,A,-,09,21804,A,N,D,G,A,A,H,-,A,D,0,NA,Y,NA,NA,Y,NA,A,01,0,0,1,0,0,0,1,0,0,-,-,NA,NA,SAN DIEGO,POWAY,-117.04872131347656,32.956485748291016
9702264,2024,2024-07-15,3710,2024-06-10,702,OC1536,NA,1,5,6,3710,0,0,0,NA,0,021,RT 76,FRAZEE RD,75,E,N,B,-,Y,SD,11,76,-,R,5.597,I,5,E,Y,3,0,1,2,A,-,09,21453,B,N,C,C,A,A,H,-,A,A,0,NA,NA,Y,NA,Y,NA,A,01,0,1,0,0,0,0,0,0,1,-,-,NA,NA,SAN DIEGO,OCEANSIDE,-117.29843902587892,33.23899459838867
9702628,2024,2024-07-24,3708,2024-05-26,1937,LM1301,NA,7,5,5,3708,0,0,0,NA,0,004,AMAYA DR,FLETCHER PKWY,235,E,N,A,-,N,NA,NA,NA,NA,NA,NA,NA,NA,NA,N,4,0,1,2,A,-,03,22350,NA,N,C,C,A,A,H,-,A,A,0,NA,NA,NA,NA,Y,NA,A,01,0,0,1,0,0,0,0,0,0,-,-,NA,NA,SAN DIEGO,LA MESA,-117.0024642944336,32.786563873291016
9703670,2024,2024-07-02,3700,2024-05-07,1334,SH0070,NA,2,5,5,3712,0,0,0,NA,0,358,RANCHO SANTA FE RD,SAN MARCOS BL,530,S,N,A,-,N,NA,NA,NA,NA,NA,NA,NA,NA,NA,N,3,0,1,3,A,-,03,22350,NA,N,C,C,A,A,H,-,A,D,0,NA,NA,NA,NA,Y,NA,A,01,0,1,0,0,0,0,0,0,0,-,-,NA,NA,SAN DIEGO,SAN MARCOS,-117.20933532714844,33.13035202026367
9704403,2024,2024-06-18,3700,2024-01-20,2350,SH0029,NA,6,5,5,3713,0,0,0,NA,0,308,NORTH EMERALD DR,WILDFLOWER CT,0,NA,Y,B,C,N,NA,NA,NA,NA,NA,NA,NA,NA,NA,Y,2,0,2,2,A,-,01,23152,A,N,A,C,A,B,H,-,C,A,0,NA,NA,NA,NA,Y,Y,A,01,1,1,0,0,0,0,0,0,0,-,-,NA,NA,SAN DIEGO,VISTA,-117.27953338623048,33.19902038574219
9706866,2024,2024-07-08,3702,2024-05-11,1214,CV1340,NA,6,5,6,3702,0,0,0,NA,0,041,HERITAGE RD,ENTERTAINMENT CIRCLE,0,NA,Y,A,-,N,NA,NA,NA,NA,NA,NA,NA,NA,NA,Y,4,0,1,2,A,-,09,21802,A,N,D,C,A,A,H,-,A,A,0,NA,NA,NA,NA,Y,NA,A,01,0,0,1,0,0,0,0,0,0,-,-,NA,NA,SAN DIEGO,CHULA VISTA,-117.00284576416016,32.58644485473633
9706985,2024,2024-07-25,3710,2024-05-12,1320,OC1507,NA,7,5,6,3710,0,0,0,NA,0,026,OCEANVIEW RD,TERRACE LN,235,S,N,A,-,N,NA,NA,NA,NA,NA,NA,NA,NA,NA,N,3,0,1,1,B,-,22,NA,NA,N,A,I,A,A,H,-,A,D,0,NA,NA,NA,NA,Y,NA,A,01,0,1,0,0,0,0,0,0,0,-,-,NA,NA,SAN DIEGO,OCEANSIDE,-117.32127380371094,33.191463470458984
9707204,2024,2024-07-24,3711,2024-05-24,2215,SD1297,NA,5,5,7,3711,0,0,0,NA,0,438,PARADISE VALLEY RD,GILMARTIN DR,0,NA,Y,A,-,N,NA,NA,NA,NA,NA,NA,NA,NA,NA,N,3,0,3,2,A,-,09,21800,A,N,D,C,A,A,H,-,C,D,0,NA,NA,NA,NA,Y,NA,A,01,0,2,1,0,0,0,0,0,0,-,-,NA,NA,SAN DIEGO,SAN DIEGO,-117.05354309082033,32.6884765625
9707228,2024,2024-07-24,3711,2024-05-27,1914,SD1859,NA,1,5,7,3711,0,0,0,NA,0,811,37TH ST,MONROE AVE,277,S,N,A,-,N,NA,NA,NA,NA,NA,NA,NA,NA,NA,Y,4,0,1,5,A,-,08,22107,NA,N,A,E,A,A,H,-,A,D,0,NA,NA,NA,NA,Y,NA,A,01,0,0,1,0,0,0,0,0,0,-,-,NA,NA,SAN DIEGO,SAN DIEGO,-117.11310577392578,32.75823211669922
9707231,2024,2024-07-24,3711,2024-05-28,1846,SD1575,NA,2,5,7,3711,0,0,0,NA,0,713,ROLL DR,ROLL DRIVE 2495Q,0,NA,N,B,-,N,NA,NA,NA,NA,NA,NA,NA,NA,NA,N,4,0,1,2,A,-,08,38314,NA,N,G,B,F,A,H,-,A,D,0,Y,NA,NA,NA,Y,NA,A,01,0,0,1,0,1,0,0,0,0,-,-,NA,NA,SAN DIEGO,SAN DIEGO,NA,NA
9707279,2024,2024-07-01,3711,2024-04-21,1045,SD1660,NA,7,5,7,3711,0,0,0,NA,0,321,FRIARS RD,RIVERDALE ST,0,NA,Y,A,-,N,NA,NA,NA,NA,NA,NA,NA,NA,NA,N,4,0,1,2,A,-,11,21456,A,N,D,G,A,A,-,-,A,A,0,NA,Y,NA,NA,Y,NA,L,04,0,0,1,0,0,0,1,0,0,-,-,NA,NA,SAN DIEGO,SAN DIEGO,-117.099609375,32.79043960571289
9707481,2024,2024-08-20,3711,2024-06-05,1225,SD1832,NA,3,5,7,3711,0,0,0,NA,0,721,HERMES ST,TRANSITE AVENUE,0,NA,Y,A,-,N,NA,NA,NA,NA,NA,NA,NA,NA,NA,Y,3,0,1,2,A,-,03,22350,NA,N,C,C,A,A,H,-,A,D,0,NA,NA,Y,NA,Y,NA,C,02,0,1,0,0,0,0,0,0,1,-,-,NA,NA,SAN DIEGO,SAN DIEGO,-117.09625244140624,32.57099914550781
9708280,2024,2024-08-07,3708,2024-06-05,2019,LM1283,NA,3,5,5,3708,0,0,0,NA,0,004,GROSSMONT CENTER DR,CENTER DR,11,N,N,A,-,N,NA,NA,NA,NA,NA,NA,NA,NA,NA,N,4,0,1,2,A,-,11,21456,B,N,G,B,B,A,H,-,C,A,0,Y,NA,NA,NA,Y,NA,N,60,0,0,1,0,1,0,0,0,0,-,-,NA,NA,SAN DIEGO,LA MESA,-117.01068878173828,32.78098678588867
9708909,2024,2024-08-02,3708,2024-06-24,955,LM1225,NA,1,5,5,3708,0,0,0,NA,0,004,FLETCHER PKWY,GROSSMONT CENTER DR,0,NA,Y,A,-,N,NA,NA,NA,NA,NA,NA,NA,NA,NA,N,4,0,1,2,A,-,09,21800,A,N,B,C,A,A,H,-,A,B,0,NA,NA,NA,NA,Y,NA,A,01,0,0,1,0,0,0,0,0,0,-,-,NA,NA,SAN DIEGO,LA MESA,-117.01207733154295,32.782310485839844
9710455,2024,2024-08-20,3708,2024-07-08,1202,LM1225,NA,1,5,5,3708,0,0,0,NA,0,003,EL CAJON BL,JESSIE AV,0,NA,Y,A,-,N,NA,NA,NA,NA,NA,NA,NA,NA,NA,Y,4,0,1,2,A,-,09,21801,A,N,D,C,A,A,H,-,A,D,0,NA,NA,NA,NA,Y,NA,D,22,0,0,1,0,0,0,0,0,0,-,-,NA,NA,SAN DIEGO,LA MESA,-117.03762817382813,32.768585205078125
9711153,2024,2024-08-19,3711,2024-07-19,1650,SD1866,NA,5,5,7,3711,0,0,0,NA,0,321,RANCHO MISSION RD,FRIARS RD,14,S,N,A,-,N,NA,NA,NA,NA,NA,NA,NA,NA,NA,N,4,0,1,2,A,-,03,22350,NA,N,H,A,A,A,H,-,A,D,0,NA,NA,Y,NA,Y,Y,C,02,0,0,1,0,0,0,0,0,1,-,-,NA,NA,SAN DIEGO,SAN DIEGO,-117.10875701904295,32.78935241699219
9711378,2024,2024-08-20,3700,2024-07-26,1601,SH0876,NA,5,5,5,3713,0,0,0,NA,0,312,BREEZE HILL RD,LA TORTUGA DR,785,E,N,A,-,N,NA,NA,NA,NA,NA,NA,NA,NA,NA,Y,3,0,3,2,A,-,08,22107,NA,N,B,E,A,A,H,-,A,D,0,NA,NA,NA,NA,Y,NA,A,01,0,3,0,0,0,0,0,0,0,-,-,NA,NA,SAN DIEGO,VISTA,-117.25711059570313,33.18807601928711
9712714,2024,2024-10-08,3702,2024-09-19,814,CV1132,NA,4,5,6,3702,0,0,0,NA,0,042,BIRCH RD,RT 125,18,W,N,A,-,Y,NA,NA,NA,NA,NA,NA,NA,NA,NA,N,4,0,1,2,A,-,12,21453,A,N,D,G,A,A,H,-,A,A,0,NA,Y,NA,NA,Y,NA,A,01,0,0,1,0,0,0,1,0,0,-,WF,NA,NA,SAN DIEGO,CHULA VISTA,-116.97159576416016,32.62049102783203
9712882,2024,2024-08-15,3711,2024-06-08,1410,SD1917,NA,6,5,7,3711,0,0,0,NA,0,122,INGRAHAM ST,FORTUNA AV,0,NA,Y,A,-,N,NA,NA,NA,NA,NA,NA,NA,NA,NA,N,3,0,3,2,A,-,09,21802,A,N,A,C,A,A,H,-,A,D,0,NA,NA,Y,NA,Y,NA,A,01,0,1,2,0,0,0,0,0,2,-,-,NA,NA,SAN DIEGO,SAN DIEGO,-117.23860931396484,32.792335510253906
9712950,2024,2024-07-09,3711,2024-06-23,1037,SD7373,115,7,5,7,3711,0,0,0,NA,0,115,GOVERNOR DR,REGENTS RD,0,NA,Y,A,-,N,NA,NA,NA,NA,NA,NA,NA,NA,NA,Y,4,0,2,2,A,-,08,22107,NA,N,D,C,A,A,H,-,A,A,0,NA,NA,NA,NA,Y,NA,A,01,0,0,2,0,0,0,0,0,0,-,-,NA,NA,SAN DIEGO,SAN DIEGO,-117.2168197631836,32.851539611816406
9713054,2024,2024-08-29,3708,2024-06-12,1340,LM1206,NA,3,5,5,3708,0,0,0,NA,0,003,FLETCHER PKWY,BALTIMORE DR,0,NA,Y,A,-,N,NA,NA,NA,NA,NA,NA,NA,NA,NA,N,4,0,1,2,A,-,09,21453,C,N,D,C,A,A,H,-,A,A,0,NA,NA,NA,NA,Y,NA,A,01,0,0,1,0,0,0,0,0,0,-,-,NA,NA,SAN DIEGO,LA MESA,-117.02743530273438,32.773868560791016
9713057,2024,2024-08-14,3708,2024-06-15,843,LM8305,NA,6,5,5,3708,0,0,0,NA,0,001,70TH ST,UNIVERSITY AV,0,NA,Y,A,-,N,NA,NA,NA,NA,NA,NA,NA,NA,NA,N,4,0,1,2,A,-,08,22101,D,N,B,C,A,A,H,-,A,A,0,NA,NA,NA,NA,Y,NA,A,01,0,0,1,0,0,0,0,0,0,-,-,NA,NA,SAN DIEGO,LA MESA,-117.04753875732422,32.75532913208008
9713087,2024,2024-08-19,3711,2024-06-16,1232,SD5985,NA,7,5,7,3711,0,0,0,NA,0,512,OCEAN VIEW BL,31ST ST,0,NA,Y,B,-,N,NA,NA,NA,NA,NA,NA,NA,NA,NA,N,4,0,1,2,A,-,00,21650,A,M,D,G,A,A,H,-,A,A,0,NA,Y,NA,NA,Y,NA,L,04,0,0,1,0,0,0,1,0,0,-,-,NA,NA,SAN DIEGO,SAN DIEGO,-117.12738800048828,32.701202392578125
9713097,2024,2024-09-05,3711,2024-06-09,2002,DS1986,NA,7,5,7,3711,0,0,0,NA,0,321,RIVERDALE ST,FRIARS RD,0,NA,Y,A,-,N,NA,NA,NA,NA,NA,NA,NA,NA,NA,N,4,0,2,2,A,-,09,21804,A,N,D,C,A,A,H,-,B,D,0,NA,NA,NA,NA,Y,Y,A,01,0,0,2,0,0,0,0,0,0,-,-,NA,NA,SAN DIEGO,SAN DIEGO,-117.099609375,32.79043960571289
9713099,2024,2024-08-19,3711,2024-06-03,811,SD7508,NA,1,5,7,3711,0,0,0,NA,0,525,BROADWAY CIR,BROADWAY CIR 755,0,NA,Y,A,-,N,NA,NA,NA,NA,NA,NA,NA,NA,NA,N,3,0,1,1,A,-,-,NA,NA,N,E,J,A,A,H,-,A,D,0,NA,NA,NA,NA,Y,NA,-,NA,0,1,0,0,0,0,0,0,0,-,-,NA,NA,SAN DIEGO,SAN DIEGO,-117.16287994384766,32.715782165527344
9713147,2024,2024-10-04,3711,2024-06-01,26,SD1333,NA,6,5,7,3711,0,0,0,NA,0,126,TORREY PINES RD,GENESEE AV,0,NA,Y,B,-,N,NA,NA,NA,NA,NA,NA,NA,NA,NA,Y,4,0,2,2,D,-,00,NA,NA,N,D,C,A,A,H,-,C,A,0,NA,NA,NA,NA,Y,NA,-,-,0,0,2,0,0,0,0,0,0,-,-,NA,NA,SAN DIEGO,SAN DIEGO,-117.24034881591795,32.89174270629883
9713164,2024,2024-08-16,3702,2024-06-11,622,CV1507,NA,2,5,6,3702,0,0,0,NA,0,041,E PALOMAR,HERITAGE RD,29,N,N,A,-,N,NA,NA,NA,NA,NA,NA,NA,NA,NA,Y,3,0,2,1,A,-,08,22107,NA,N,E,I,A,A,H,-,A,D,0,NA,NA,NA,NA,Y,NA,A,01,0,1,1,0,0,0,0,0,0,-,-,NA,NA,SAN DIEGO,CHULA VISTA,-117.00453948974608,32.621238708496094
9714019,2024,2024-08-08,3711,2024-06-24,1240,SD1256,NA,1,5,7,3711,0,0,0,NA,0,431,MARKET ST,51ST ST,350,E,N,A,-,N,NA,NA,NA,NA,NA,NA,NA,NA,NA,N,4,0,2,2,A,-,04,21703,NA,N,C,C,A,A,H,-,A,D,0,NA,NA,NA,NA,Y,NA,A,01,0,0,2,0,0,0,0,0,0,-,-,NA,NA,SAN DIEGO,SAN DIEGO,-117.08336639404295,32.710445404052734
9714247,2024,2024-08-12,3706,2024-06-28,205,SD1982,NA,5,5,6,3706,0,0,0,NA,0,234,HIGHLAND VALLEY RD,SYCAMORE CREEK RD,3,S,N,A,-,N,NA,NA,NA,NA,NA,NA,NA,NA,NA,Y,3,0,1,1,A,-,08,22107,NA,N,F,I,A,A,H,-,D,D,0,NA,NA,NA,NA,Y,Y,A,01,0,1,0,0,0,0,0,0,0,-,-,NA,NA,SAN DIEGO,ESCONDIDO,-117.04566955566406,33.05118942260742
9714268,2024,2024-07-31,3711,2024-06-24,1740,SD1799,NA,1,5,7,3711,0,0,0,NA,0,935,CAMINITO PACIFICO TRAIL,SAN DIEGUITO RD,1600,E,N,A,-,N,NA,NA,NA,NA,NA,NA,NA,NA,NA,N,3,0,2,2,A,-,03,22350,NA,N,C,C,A,A,H,-,A,D,0,NA,NA,NA,NA,Y,NA,A,01,0,1,1,0,0,0,0,0,0,-,-,NA,NA,SAN DIEGO,SAN DIEGO,-117.22300720214844,32.975460052490234
9717029,2024,2024-08-06,3702,2024-06-16,428,CV1450,NA,7,5,6,3702,0,0,0,NA,0,011,E ST,WOODLAWN AVE,612,W,N,A,-,N,NA,NA,NA,NA,NA,NA,NA,NA,NA,Y,4,0,1,2,A,-,03,22350,NA,F,D,C,A,A,H,-,C,A,0,NA,NA,NA,NA,Y,Y,A,01,0,0,1,0,0,0,0,0,0,-,-,NA,NA,SAN DIEGO,CHULA VISTA,-117.09945678710938,32.639652252197266
9717037,2024,2024-07-31,3702,2024-06-23,530,CV1252,NA,7,5,6,3702,0,0,0,NA,0,013,BAY BLVD,L ST,1346,N,N,A,-,N,NA,NA,NA,NA,NA,NA,NA,NA,NA,Y,3,0,1,1,A,-,01,23152,A,N,E,I,A,A,H,-,B,D,0,NA,NA,NA,NA,Y,Y,A,01,0,1,0,0,0,0,0,0,0,-,-,NA,NA,SAN DIEGO,CHULA VISTA,-117.0923080444336,32.618621826171875
9717046,2024,2024-07-30,3702,2024-06-23,550,CV1390,NA,7,5,6,3702,0,0,0,NA,0,023,MONSERATE AV,EAST L ST,329,S,N,A,-,N,NA,NA,NA,NA,NA,NA,NA,NA,NA,Y,3,0,1,3,A,-,01,23152,A,M,A,C,A,A,H,-,A,D,0,NA,NA,NA,NA,Y,Y,A,01,0,1,0,0,0,0,0,0,0,-,-,NA,NA,SAN DIEGO,CHULA VISTA,-117.05159759521484,32.62538528442383
9717159,2024,2024-08-22,3711,2024-07-16,1834,SD8323,NA,2,5,7,3711,0,0,0,NA,0,814,E HARBOR DR,E HARBOR DR 900,0,NA,-,A,-,N,NA,NA,NA,NA,NA,NA,NA,NA,NA,N,4,0,1,2,A,-,03,22350,NA,M,B,G,A,A,H,-,A,D,0,NA,Y,NA,NA,Y,Y,-,NA,0,0,1,0,0,0,1,0,0,-,-,NA,NA,SAN DIEGO,SAN DIEGO,-117.1194305419922,32.681365966796875
9717221,2024,2024-09-04,3702,2024-07-07,2320,CV1424,NA,7,5,6,3702,0,0,0,NA,0,022,4TH AV,OXFORD ST,500,S,N,A,-,N,NA,NA,NA,NA,NA,NA,NA,NA,NA,N,3,0,1,2,A,-,03,22350,NA,F,B,B,D,A,H,-,C,D,0,Y,NA,NA,NA,Y,NA,-,99,0,1,0,0,1,0,0,0,0,-,-,NA,NA,SAN DIEGO,CHULA VISTA,-117.07132720947266,32.60776901245117
9717707,2024,2024-08-28,3711,2024-07-09,1415,SD1797,NA,2,5,7,3711,0,0,0,NA,0,614,NEWPORT AV,CABLE ST,101,E,N,A,-,N,NA,NA,NA,NA,NA,NA,NA,NA,NA,N,3,0,1,2,A,-,06,21755,NA,N,D,G,A,A,H,-,A,D,0,NA,Y,NA,NA,Y,NA,L,04,0,1,0,0,0,0,1,0,0,-,-,NA,NA,SAN DIEGO,SAN DIEGO,-117.2490463256836,32.74563217163086
9718031,2024,2024-08-28,3711,2024-07-01,815,SD7412,NA,1,5,7,3711,0,0,0,NA,0,233,TED WILLIAMS PKWY,RT 15,0,NA,Y,A,-,Y,SD,11,56,-,-,9.8,H,-,E,Y,4,0,1,3,A,-,09,21802,A,N,C,C,A,A,H,-,A,A,0,NA,NA,NA,NA,Y,NA,A,01,0,0,1,0,0,0,0,0,0,-,NF,NA,NA,SAN DIEGO,SAN DIEGO,-117.09400939941406,32.96474838256836
9718449,2024,2024-07-26,3711,2024-03-25,1137,SD6532,NA,1,5,7,3711,0,0,0,NA,0,122,JEWELL ST,EMERALD ST,27,S,N,A,-,N,NA,NA,NA,NA,NA,NA,NA,NA,NA,N,2,0,1,1,A,-,03,22350,NA,N,H,G,A,A,H,-,A,D,0,NA,Y,NA,NA,Y,NA,-,NA,1,0,0,0,0,0,1,0,0,-,-,NA,NA,SAN DIEGO,SAN DIEGO,-117.23957824707033,32.802066802978516
9718773,2024,2024-08-23,3711,2024-07-08,1551,SD1530,NA,1,5,7,3711,0,0,0,NA,0,115,GENESEE AV,EAST GATE MALL,130,N,N,A,-,N,NA,NA,NA,NA,NA,NA,NA,NA,NA,N,4,0,2,2,A,-,03,22350,NA,F,C,C,A,A,H,-,A,A,0,NA,NA,NA,NA,Y,NA,A,01,0,0,2,0,0,0,0,0,0,-,-,NA,NA,SAN DIEGO,SAN DIEGO,-117.21417999267578,32.87788009643555
9718774,2024,2024-08-23,3711,2024-07-09,1925,SD7682,NA,2,5,7,3711,0,0,0,NA,0,446,MAGNUS WY,MAGNUS WY 4800,0,NA,N,A,-,N,NA,NA,NA,NA,NA,NA,NA,NA,NA,N,2,0,1,2,A,-,03,22350,NA,M,C,C,A,A,H,-,A,D,0,NA,NA,NA,NA,Y,NA,-,99,1,0,0,0,0,0,0,0,0,-,-,NA,NA,SAN DIEGO,SAN DIEGO,NA,NA
9719064,2024,2024-08-23,3702,2024-07-09,2000,CV1490,NA,2,5,6,3702,0,0,0,NA,0,023,TELEGRAPH CANYON RD,HALECREST DR,0,NA,Y,A,-,N,NA,NA,NA,NA,NA,NA,NA,NA,NA,N,3,0,1,2,A,-,03,22350,NA,N,C,G,A,A,H,-,B,A,0,NA,Y,NA,NA,Y,NA,D,22,0,1,0,0,0,0,1,0,0,-,-,NA,NA,SAN DIEGO,CHULA VISTA,-117.04224395751952,32.6287727355957
9719280,2024,2024-09-17,3711,2024-08-06,1915,SD8861,NA,2,5,7,3711,0,0,0,NA,0,526,ASH ST,1ST AV,113,E,N,A,-,N,NA,NA,NA,NA,NA,NA,NA,NA,NA,Y,4,0,1,2,A,-,03,22350,NA,N,C,C,A,A,H,-,A,A,0,NA,NA,NA,NA,Y,NA,D,22,0,0,1,0,0,0,0,0,0,-,-,NA,NA,SAN DIEGO,SAN DIEGO,-117.16348266601563,32.71987533569336
9719488,2024,2024-08-05,3711,2024-06-23,1725,SD1893,NA,7,5,7,3711,0,0,0,NA,0,934,DEL MAR HEIGHTS RD,LANSDALE DR,0,NA,Y,A,-,N,NA,NA,NA,NA,NA,NA,NA,NA,NA,Y,3,0,2,2,A,-,12,21453,A,N,D,C,A,A,H,-,A,A,0,NA,NA,NA,NA,Y,NA,A,01,0,1,1,0,0,0,0,0,0,-,-,NA,NA,SAN DIEGO,SAN DIEGO,-117.22096252441406,32.95603942871094
9719718,2024,2024-08-23,3710,2024-07-15,2500,OC1561,NA,1,5,6,3710,0,0,0,NA,0,025,RANCHO DEL ORO RD,OCEANSIDE BL,82,S,N,A,-,N,NA,NA,NA,NA,NA,NA,NA,NA,NA,N,4,0,1,3,A,-,03,22350,NA,N,C,C,A,A,H,-,A,A,0,NA,NA,NA,NA,Y,NA,A,01,0,0,1,0,0,0,0,0,0,-,-,NA,NA,SAN DIEGO,OCEANSIDE,-117.31096649169922,33.202980041503906
9719778,2024,2024-08-28,3711,2024-07-19,1736,SD2035,NA,5,5,7,3711,0,0,0,NA,0,327,MONTEZUMA RD,COLLEGE AV,0,NA,Y,A,-,N,NA,NA,NA,NA,NA,NA,NA,NA,NA,Y,3,0,3,2,D,-,00,NA,NA,N,D,C,A,A,H,-,A,A,0,NA,NA,NA,NA,Y,NA,-,-,0,1,2,0,0,0,0,0,0,-,-,NA,NA,SAN DIEGO,SAN DIEGO,-117.06980895996094,32.77070999145508
9719811,2024,2024-08-21,3711,2024-07-12,2013,SD7957,NA,5,5,7,3711,0,0,0,NA,0,813,LINCOLN AV,ARIZONA ST,100,W,N,A,-,N,NA,NA,NA,NA,NA,NA,NA,NA,NA,Y,3,0,2,4,A,-,08,22107,NA,N,B,E,A,A,H,-,C,D,0,NA,NA,NA,NA,Y,Y,A,01,0,2,0,0,0,0,0,0,0,-,-,NA,NA,SAN DIEGO,SAN DIEGO,-117.13790130615234,32.750301361083984
9719813,2024,2024-08-21,3711,2024-07-08,1712,SD1965,NA,1,5,7,3711,0,0,0,NA,0,521,A ST,PARK BL,0,NA,Y,A,-,N,NA,NA,NA,NA,NA,NA,NA,NA,NA,N,4,0,1,2,A,-,11,21456,A,N,D,G,A,A,H,-,A,A,0,NA,Y,NA,NA,Y,NA,L,04,0,0,1,0,0,0,1,0,0,-,-,NA,NA,SAN DIEGO,SAN DIEGO,-117.15384674072266,32.71887969970703
9719818,2024,2024-08-21,3711,2024-07-06,1626,SD2009,NA,6,5,7,3711,0,0,0,NA,0,441,S 39TH ST,S 39TH ST 200,6,W,N,A,-,N,NA,NA,NA,NA,NA,NA,NA,NA,NA,N,4,0,1,2,A,-,10,21950,A,M,H,G,A,A,H,-,A,-,0,NA,Y,NA,NA,Y,NA,-,99,0,0,1,0,0,0,1,0,0,-,-,NA,NA,SAN DIEGO,SAN DIEGO,NA,NA
9720043,2024,2024-09-23,3711,2024-07-04,2130,SD7909,NA,4,5,7,3711,0,0,0,NA,0,123,SEA WORLD DR,SOUTH SHORES DR,0,NA,Y,A,-,N,NA,NA,NA,NA,NA,NA,NA,NA,NA,N,4,0,3,2,A,-,04,21703,NA,N,C,C,A,A,H,-,C,D,0,NA,NA,NA,NA,Y,NA,A,01,0,0,3,0,0,0,0,0,0,-,-,NA,NA,SAN DIEGO,SAN DIEGO,-117.21421051025392,32.76179122924805
9720239,2024,2024-08-27,3700,2024-07-06,847,SH0513,NA,6,5,4,3720,0,0,0,NA,0,605,SAN MIGUEL  AV,NEW JERSEY AV,203,W,N,B,-,N,NA,NA,NA,NA,NA,NA,NA,NA,NA,N,3,0,1,2,A,-,11,21954,A,N,G,B,D,A,H,-,A,D,0,Y,NA,NA,NA,Y,Y,N,60,0,1,0,0,1,0,0,0,0,-,-,NA,NA,SAN DIEGO,LEMON GROVE,-117.03718566894533,32.735321044921875
9720564,2024,2024-08-23,3705,2024-07-10,929,EC0410,NA,3,5,5,3705,0,0,0,NA,0,002,MOLLISON AV,NARANCA AV,0,NA,Y,A,-,N,NA,NA,NA,NA,NA,NA,NA,NA,NA,Y,3,0,3,2,A,-,12,21453,A,N,D,C,A,A,H,-,A,A,0,NA,NA,NA,NA,Y,NA,A,07,0,1,2,0,0,0,0,0,0,-,-,NA,NA,SAN DIEGO,EL CAJON,-116.95098114013672,32.80430603027344
9723402,2024,2024-10-07,3700,2024-08-29,310,SH4151,NA,4,5,4,3780,0,0,0,NA,0,417,SCRIPPS POWAY PKWY,STOWE DR,130,W,N,A,-,N,NA,NA,NA,NA,NA,NA,NA,NA,NA,Y,3,0,1,2,A,-,03,22350,NA,N,C,C,A,A,H,-,C,A,0,NA,NA,NA,NA,Y,NA,A,01,0,1,0,0,0,0,0,0,0,-,-,NA,NA,SAN DIEGO,POWAY,-117.029541015625,32.93806457519531
9723962,2024,2024-10-16,3700,2024-09-28,1735,SH0817,NA,6,5,5,3712,0,0,0,NA,0,352,NORTH TWIN OAKS VALLEY DR,DEER SPRINGS RD,360,N,N,A,-,N,NA,NA,NA,NA,NA,NA,NA,NA,NA,Y,3,0,1,2,C,-,18,NA,NA,N,D,C,A,A,H,-,A,D,0,NA,NA,NA,NA,Y,NA,-,-,0,1,0,0,0,0,0,0,0,-,-,NA,NA,SAN DIEGO,SAN MARCOS,-117.155517578125,33.1859016418457
9724408,2024,2024-09-06,3711,2024-07-14,1704,SD1850,NA,7,5,7,3711,0,0,0,NA,0,822,EL CAJON BL,58TH ST,160,W,N,A,-,N,NA,NA,NA,NA,NA,NA,NA,NA,NA,N,4,0,2,2,A,-,09,21804,NA,N,B,C,A,A,H,-,A,D,0,NA,NA,NA,NA,Y,NA,A,01,0,0,2,0,0,0,0,0,0,-,-,NA,NA,SAN DIEGO,SAN DIEGO,-117.07337951660156,32.758689880371094
9724424,2024,2024-08-21,3702,2024-07-13,1638,CV1553,NA,6,5,6,3702,0,0,0,NA,0,042,EASTLAKE PKWY,OPTIMA ST,0,NA,Y,A,-,N,NA,NA,NA,NA,NA,NA,NA,NA,NA,Y,4,0,1,2,A,-,03,22350,NA,N,D,C,A,A,H,-,A,A,0,NA,NA,NA,NA,Y,NA,A,01,0,0,1,0,0,0,0,0,0,-,-,NA,NA,SAN DIEGO,CHULA VISTA,-116.9612045288086,32.617332458496094
9724463,2024,2024-08-15,3711,2024-07-01,846,SD7277,NA,1,5,7,3711,0,0,0,NA,0,822,EL CAJON BL,55TH ST,1,E,N,A,-,N,NA,NA,NA,NA,NA,NA,NA,NA,NA,N,4,0,1,2,A,-,04,21703,NA,N,C,C,A,A,H,-,A,D,0,NA,NA,NA,NA,Y,NA,A,01,0,0,1,0,0,0,0,0,0,-,-,NA,NA,SAN DIEGO,SAN DIEGO,-117.07610321044922,32.7583122253418