CASE_ID,ACCIDENT_YEAR,PROC_DATE,JURIS,COLLISION_DATE,COLLISION_TIME,OFFICER_ID,REPORTING_DISTRICT,DAY_OF_WEEK,CHP_SHIFT,POPULATION,CNTY_CITY_LOC,SPECIAL_COND,BEAT_TYPE,CHP_BEAT_TYPE,CITY_DIVISION_LAPD,CHP_BEAT_CLASS,BEAT_NUMBER,PRIMARY_RD,SECONDARY_RD,DISTANCE,DIRECTION,INTERSECTION,WEATHER_1,WEATHER_2,STATE_HWY_IND,CALTRANS_COUNTY,CALTRANS_DISTRICT,STATE_ROUTE,ROUTE_SUFFIX,POSTMILE_PREFIX,POSTMILE,LOCATION_TYPE,RAMP_INTERSECTION,SIDE_OF_HWY,TOW_AWAY,COLLISION_SEVERITY,NUMBER_KILLED,NUMBER_INJURED,PARTY_COUNT,PRIMARY_COLL_FACTOR,PCF_CODE_OF_VIOL,PCF_VIOL_CATEGORY,PCF_VIOLATION,PCF_VIOL_SUBSECTION,HIT_AND_RUN,TYPE_OF_COLLISION,MVIW,PED_ACTION,ROAD_SURFACE,ROAD_COND_1,ROAD_COND_2,LIGHTING,CONTROL_DEVICE,CHP_ROAD_TYPE,PEDESTRIAN_ACCIDENT,BICYCLE_ACCIDENT,MOTORCYCLE_ACCIDENT,TRUCK_ACCIDENT,NOT_PRIVATE_PROPERTY,ALCOHOL_INVOLVED,STWD_VEHTYPE_AT_FAULT,CHP_VEHTYPE_AT_FAULT,COUNT_SEVERE_INJ,COUNT_VISIBLE_INJ,COUNT_COMPLAINT_PAIN,COUNT_PED_KILLED,COUNT_PED_INJURED,COUNT_BICYCLIST_KILLED,COUNT_BICYCLIST_INJURED,COUNT_MC_KILLED,COUNT_MC_INJURED,PRIMARY_RAMP,SECONDARY_RAMP,LATITUDE,LONGITUDE,COUNTY,CITY,POINT_X,POINT_Y
9724818,2024,2024-08-19,3711,2024-07-27,1729,SD1604,NA,6,5,7,3711,0,0,0,NA,0,232,SABRE SPRINGS PKWY,TED WILLIAMS PKWY,0,NA,Y,A,-,N,NA,NA,NA,NA,NA,NA,NA,NA,NA,N,4,0,1,2,A,-,12,21453,A,N,D,C,A,A,H,-,A,A,0,NA,NA,NA,NA,Y,NA,-,NA,0,0,1,0,0,0,0,0,0,-,-,NA,NA,SAN DIEGO,SAN DIEGO,-117.09031677246094,32.964847564697266
9725998,2024,2024-08-29,3711,2024-08-12,129,SD1822,NA,1,5,7,3711,0,0,0,NA,0,443,S 39TH ST,S 39TH ST 1800,0,NA,-,A,-,N,NA,NA,NA,NA,NA,NA,NA,NA,NA,Y,4,0,1,3,A,-,02,21656,NA,N,B,C,A,A,H,-,C,B,0,NA,NA,NA,NA,Y,NA,A,01,0,0,1,0,0,0,0,0,0,-,-,NA,NA,SAN DIEGO,SAN DIEGO,NA,NA
9726309,2024,2024-09-06,3700,2024-07-19,1638,SD1906,NA,5,5,2,3704,0,0,0,NA,0,933,VIA DE LA VALLE,JIMMY DURANTE BL,337,E,N,A,-,N,NA,NA,NA,NA,NA,NA,NA,NA,NA,N,4,0,1,2,A,-,09,21801,A,N,D,C,A,A,H,-,A,D,0,NA,NA,NA,NA,Y,NA,A,01,0,0,1,0,0,0,0,0,0,-,-,NA,NA,SAN DIEGO,DEL MAR,NA,NA
9726425,2024,2024-08-29,3711,2024-08-17,1417,SD5812,NA,6,5,7,3711,0,0,0,NA,0,122,THOMAS AVE,LAMONT ST,0,NA,Y,A,-,N,NA,NA,NA,NA,NA,NA,NA,NA,NA,Y,4,0,1,2,A,-,09,21802,A,N,D,C,A,A,H,-,A,D,0,NA,NA,NA,NA,Y,NA,A,01,0,0,1,0,0,0,0,0,0,-,-,NA,NA,SAN DIEGO,SAN DIEGO,-117.2343978881836,32.79805374145508
9726463,2024,2024-09-05,3702,2024-07-21,1744,CV1269,NA,7,5,6,3702,0,0,0,NA,0,014,HILLTOP DR,L ST,0,NA,Y,A,-,N,NA,NA,NA,NA,NA,NA,NA,NA,NA,Y,3,0,3,2,A,-,12,21453,A,F,D,C,A,A,H,-,A,A,0,NA,NA,NA,NA,Y,NA,A,01,0,2,1,0,0,0,0,0,0,-,-,NA,NA,SAN DIEGO,CHULA VISTA,-117.05956268310548,32.62403869628906
9726553,2024,2024-10-17,3710,2024-08-10,2109,OC1550,NA,6,5,6,3710,0,0,0,NA,0,029,NORTH AV,TEMPLE HEIGHTS RD,0,NA,Y,A,-,N,NA,NA,NA,NA,NA,NA,NA,NA,NA,Y,3,0,2,2,A,-,01,23153,A,N,A,C,A,A,H,-,C,D,0,NA,NA,NA,NA,Y,Y,A,01,0,1,1,0,0,0,0,0,0,-,-,NA,NA,SAN DIEGO,OCEANSIDE,-117.2663116455078,33.21380615234375
9726962,2024,2024-12-15,3711,2024-11-21,1940,SD1566,NA,4,5,7,3711,0,0,0,NA,0,824,EL CAJON BL,50TH ST,0,NA,Y,A,-,N,NA,NA,NA,NA,NA,NA,NA,NA,NA,Y,4,0,1,2,A,-,09,21802,A,N,D,C,A,A,H,-,C,-,0,NA,NA,NA,NA,Y,NA,A,01,0,0,1,0,0,0,0,0,0,-,-,NA,NA,SAN DIEGO,SAN DIEGO,-117.08683013916016,32.75678634643555
9726969,2024,2024-12-15,3711,2024-11-22,145,SD1137,NA,5,5,7,3711,0,0,0,NA,0,115,GENESEE AV,GOVERNOUR DR,0,NA,Y,A,-,N,NA,NA,NA,NA,NA,NA,NA,NA,NA,Y,3,0,1,2,A,-,12,21453,A,N,D,C,A,A,H,-,C,A,0,NA,NA,NA,NA,Y,NA,A,01,0,1,0,0,0,0,0,0,0,-,-,NA,NA,SAN DIEGO,SAN DIEGO,-117.20468139648438,32.85460662841797
9726973,2024,2024-12-11,3711,2024-11-27,1833,SD7247,NA,3,5,7,3711,0,0,0,NA,0,937,CAMINO DEL SUR,LONE QUAIL,135,W,N,A,-,N,NA,NA,NA,NA,NA,NA,NA,NA,NA,Y,4,0,1,2,A,-,04,21703,NA,N,C,C,A,A,H,-,C,A,0,NA,NA,NA,NA,Y,NA,A,01,0,0,1,0,0,0,0,0,0,-,-,NA,NA,SAN DIEGO,SAN DIEGO,-117.12046051025392,33.019264221191406
9726993,2024,2024-12-09,3705,2024-10-09,1219,EC0465,NA,3,5,5,3705,0,0,0,NA,0,002,GREENFIELD DR,VICTOR AV,0,NA,Y,A,-,N,NA,NA,NA,NA,NA,NA,NA,NA,NA,N,3,0,1,2,A,-,09,21800,A,N,D,G,A,A,H,-,A,A,0,NA,Y,NA,NA,Y,NA,L,04,0,1,0,0,0,0,1,0,0,-,-,NA,NA,SAN DIEGO,EL CAJON,-116.95526885986328,32.813316345214844
9728116,2024,2024-08-27,3700,2024-06-08,109,SH0029,NA,6,5,5,3713,0,0,0,NA,0,314,CIVIC CENTER DR,POSTAL WY,80,N,N,A,-,N,NA,NA,NA,NA,NA,NA,NA,NA,NA,Y,3,0,1,1,A,-,01,23152,A,N,E,I,A,A,H,-,C,D,0,NA,NA,NA,NA,Y,Y,A,01,0,1,0,0,0,0,0,0,0,-,-,NA,NA,SAN DIEGO,VISTA,-117.23504638671876,33.19282531738281
9728724,2024,2024-09-27,3711,2024-08-21,2021,SD1553,NA,3,5,7,3711,0,0,0,NA,0,713,SIEMPRE VIVA RD,RT 905,0,NA,Y,A,-,Y,SD,11,905,-,R,11.485,R,1,W,N,4,0,1,2,A,-,08,22107,NA,N,A,B,B,A,H,-,C,A,0,Y,NA,NA,NA,Y,NA,A,01,0,0,1,0,1,0,0,0,0,-,NF,NA,NA,SAN DIEGO,SAN DIEGO,-116.93905639648438,32.553863525390625
9728733,2024,2024-08-30,3711,2024-08-20,2006,SD1925,NA,2,5,7,3711,0,0,0,NA,0,611,CAMINO DEAL REAL,HANCOCK ST,0,NA,Y,A,-,N,NA,NA,NA,NA,NA,NA,NA,NA,NA,N,4,0,2,2,A,-,04,21703,NA,N,C,C,A,B,H,-,C,A,0,NA,NA,NA,NA,Y,NA,A,01,0,0,2,0,0,0,0,0,0,-,-,NA,NA,SAN DIEGO,SAN DIEGO,NA,NA
9729202,2024,2024-10-01,3710,2024-08-13,1500,OC1382,NA,2,5,6,3710,0,0,0,NA,0,021,RT 76,OLD GROVE RD,140,W,N,A,-,Y,SD,11,76,-,R,4.86,H,-,W,Y,4,0,1,2,A,-,06,21755,NA,N,C,C,A,A,H,-,A,A,0,NA,NA,NA,NA,Y,NA,A,01,0,0,1,0,0,0,0,0,0,-,-,NA,NA,SAN DIEGO,OCEANSIDE,-117.30869293212892,33.23268127441406
9729836,2024,2024-09-11,3711,2024-08-27,1538,SD1461,NA,2,5,7,3711,0,0,0,NA,0,241,SCRIPPS RANCH BL,AVIARY DR,60,W,N,A,-,N,NA,NA,NA,NA,NA,NA,NA,NA,NA,N,4,0,1,2,A,-,12,22450,A,N,G,G,A,A,H,-,A,D,0,NA,Y,NA,NA,Y,NA,A,07,0,0,1,0,0,0,1,0,0,-,-,NA,NA,SAN DIEGO,SAN DIEGO,-117.10070037841795,32.90434265136719
9730327,2024,2024-09-23,3711,2024-09-04,800,SD1877,NA,3,5,7,3711,0,0,0,NA,0,813,EL CAJON BL,30TH ST,0,NA,Y,A,-,N,NA,NA,NA,NA,NA,NA,NA,NA,NA,N,4,0,1,2,A,-,10,21950,A,N,G,B,B,A,H,-,A,A,0,Y,NA,NA,NA,Y,NA,A,01,0,0,1,0,1,0,0,0,0,-,-,NA,NA,SAN DIEGO,SAN DIEGO,-117.1301727294922,32.7552490234375
9730329,2024,2024-09-26,3711,2024-09-05,821,SD1549,NA,4,5,7,3711,0,0,0,NA,0,612,CHATSWORTH BL,FREEMAN ST,160,N,N,A,-,N,NA,NA,NA,NA,NA,NA,NA,NA,NA,N,3,0,1,2,A,-,03,22350,NA,N,C,G,A,A,H,-,A,D,0,NA,Y,NA,NA,Y,NA,L,04,0,1,0,0,0,0,1,0,0,-,-,NA,NA,SAN DIEGO,SAN DIEGO,-117.21965789794922,32.743717193603516
9730334,2024,2024-09-26,3711,2024-09-05,1226,SD1469,NA,4,5,7,3711,0,0,0,NA,0,511,CESAR CHAVEZ,NATIONAL AV,80,N,N,A,-,N,NA,NA,NA,NA,NA,NA,NA,NA,NA,N,4,0,1,2,A,-,04,21703,NA,N,C,C,A,A,H,-,A,A,0,NA,NA,NA,NA,Y,NA,A,01,0,0,1,0,0,0,0,0,0,-,-,NA,NA,SAN DIEGO,SAN DIEGO,-117.14487457275392,32.700828552246094
9731701,2024,2024-09-13,3711,2024-09-03,1727,SD1925,NA,2,5,7,3711,0,0,0,NA,0,611,ROSECRANS ST,ROSECRANS ST 3361,1,W,N,A,-,N,NA,NA,NA,NA,NA,NA,NA,NA,NA,N,4,0,1,2,A,-,05,21650,1,N,G,G,A,A,H,-,A,D,0,NA,Y,NA,NA,Y,NA,L,04,0,0,1,0,0,0,1,0,0,-,-,NA,NA,SAN DIEGO,SAN DIEGO,-117.22276306152344,32.732215881347656
9733876,2024,2024-10-01,3711,2024-08-31,1414,SD1503,NA,6,5,7,3711,0,0,0,NA,0,521,13TH ST,F ST,18,S,N,A,-,N,NA,NA,NA,NA,NA,NA,NA,NA,NA,Y,3,0,2,2,A,-,12,21453,A,N,B,C,A,A,H,-,A,A,0,NA,NA,Y,NA,Y,NA,A,01,0,2,0,0,0,0,0,0,1,-,-,NA,NA,SAN DIEGO,SAN DIEGO,-117.15283203125,32.713600158691406
9734140,2024,2024-09-20,3711,2024-08-30,1439,SD1811,NA,5,5,7,3711,0,0,0,NA,0,432,IMPERIAL AV,53RD ST,0,NA,Y,A,-,N,NA,NA,NA,NA,NA,NA,NA,NA,NA,N,4,0,1,2,A,-,09,21802,B,N,D,C,A,A,H,-,A,D,0,NA,NA,Y,NA,Y,NA,-,NA,0,0,1,0,0,0,0,0,1,-,-,NA,NA,SAN DIEGO,SAN DIEGO,-117.08074188232422,32.70663070678711
9736270,2024,2024-09-30,3710,2024-09-07,2018,OC1480,NA,6,5,6,3710,0,0,0,NA,0,006,NORTH COAST HWY,PIER VIEW WY,0,NA,Y,A,-,N,NA,NA,NA,NA,NA,NA,NA,NA,NA,N,4,0,1,2,A,-,03,22350,NA,N,C,C,A,A,H,-,C,D,0,NA,NA,Y,NA,Y,NA,C,02,0,0,1,0,0,0,0,0,1,-,-,NA,NA,SAN DIEGO,OCEANSIDE,-117.38021087646484,33.19670867919922
9736457,2024,2024-09-25,3710,2024-09-08,712,OC1493,NA,7,5,6,3710,0,0,0,NA,0,018,NORTH RIVER RD,REDONDO DR,0,NA,Y,A,-,N,NA,NA,NA,NA,NA,NA,NA,NA,NA,Y,4,0,4,1,A,-,12,21453,A,N,E,I,A,A,H,-,A,A,0,NA,NA,NA,NA,Y,NA,A,01,0,0,4,0,0,0,0,0,0,-,-,NA,NA,SAN DIEGO,OCEANSIDE,-117.30119323730467,33.24931335449219
9736487,2024,2024-10-08,3710,2024-09-02,1515,OC1561,NA,1,5,6,3710,0,0,0,NA,0,032,MISSION AV,MISSION GATE DR,0,NA,Y,A,-,N,NA,NA,NA,NA,NA,NA,NA,NA,NA,N,4,0,1,2,A,-,12,21453,A,N,D,C,A,A,H,-,A,A,0,NA,NA,NA,NA,Y,NA,A,01,0,0,1,0,0,0,0,0,0,-,-,NA,NA,SAN DIEGO,OCEANSIDE,-117.31282043457033,33.230079650878906
9736649,2024,2024-10-14,3703,2024-09-15,1043,1438,1,7,5,3,3703,0,0,0,NA,0,001,3RD ST,POMONA AV,0,NA,Y,A,B,N,NA,NA,NA,NA,NA,NA,NA,NA,NA,N,3,0,1,2,A,-,08,22107,NA,N,B,C,A,A,H,-,A,D,0,NA,NA,NA,NA,Y,NA,A,01,0,1,0,0,0,0,0,0,0,-,-,32.694801330566406,-117.17134857177734,SAN DIEGO,CORONADO,-117.17153167724608,32.69486618041992
9737415,2024,2024-10-18,3711,2024-09-20,0,SD7364,NA,5,5,7,3711,0,0,0,NA,0,822,UNIVERSITY AV,UNIVERSITY AV 5900,0,NA,Y,A,-,N,NA,NA,NA,NA,NA,NA,NA,NA,NA,N,4,0,1,2,A,-,08,22107,NA,M,G,B,D,A,H,-,C,D,0,Y,NA,NA,NA,Y,NA,-,NA,0,0,1,0,1,0,0,0,0,-,-,NA,NA,SAN DIEGO,SAN DIEGO,-117.16390228271484,32.74827194213867
9738482,2024,2024-10-15,3710,2024-09-03,1102,OC1358,NA,2,5,6,3710,0,0,0,NA,0,021,CALIFORNIA 76,TOWN CENTER DR,0,NA,Y,A,-,Y,SD,11,76,-,R,5.935,I,6,E,N,4,0,2,2,A,-,04,21703,NA,N,C,C,A,A,H,-,A,A,0,NA,NA,NA,NA,Y,NA,I,20,0,0,2,0,0,0,0,0,0,-,-,NA,NA,SAN DIEGO,OCEANSIDE,-117.29407501220705,33.24223709106445
9738785,2024,2024-11-14,3711,2024-09-16,700,SD1896,NA,1,5,7,3711,0,0,0,NA,0,827,WIGHTMAN ST,ATADENA AV,0,NA,Y,A,-,N,NA,NA,NA,NA,NA,NA,NA,NA,NA,N,4,0,1,2,A,-,09,21804,A,M,D,D,A,A,-,-,A,D,0,NA,NA,NA,NA,Y,NA,-,NA,0,0,1,0,0,0,0,0,0,-,-,NA,NA,SAN DIEGO,SAN DIEGO,-117.08538055419922,32.746986389160156
9738996,2024,2024-12-18,3710,2024-11-23,1353,OC1487,NA,6,5,6,3710,0,0,0,NA,0,030,COLLEGE BL,VISTA WAY,32,S,N,A,-,N,NA,NA,NA,NA,NA,NA,NA,NA,NA,N,4,0,1,2,A,-,07,21658,A,N,B,C,A,A,H,-,A,A,0,NA,NA,Y,NA,Y,NA,C,02,0,0,1,0,0,0,0,0,1,-,-,NA,NA,SAN DIEGO,OCEANSIDE,-117.29649353027344,33.18391418457031
9739335,2024,2024-10-02,3711,2024-09-21,1628,SD7708,NA,6,5,7,3711,0,0,0,NA,0,613,SPORTS ARENA BL,WEST POINT LOMA BL,0,NA,Y,A,-,N,NA,NA,NA,NA,NA,NA,NA,NA,NA,N,4,0,3,2,A,-,08,22107,NA,N,C,C,A,A,H,-,A,A,0,NA,NA,NA,NA,Y,NA,-,NA,0,0,3,0,0,0,0,0,0,-,-,NA,NA,SAN DIEGO,SAN DIEGO,-117.21951293945313,32.754844665527344
9739357,2024,2024-10-01,3709,2024-09-13,1349,NC0565,NA,5,5,5,3709,0,0,0,NA,0,020,WEST 8TH ST,W 8TH ST 555,0,NA,-,A,-,N,NA,NA,NA,NA,NA,NA,NA,NA,NA,N,4,0,1,3,A,-,03,22350,NA,N,C,C,A,A,H,-,A,A,0,NA,NA,NA,NA,Y,NA,-,NA,0,0,1,0,0,0,0,0,0,-,-,NA,NA,SAN DIEGO,NATIONAL CITY,-117.10692596435548,32.67584228515625
9739860,2024,2024-10-08,3702,2024-09-15,238,CV1545,NA,7,5,6,3702,0,0,0,NA,0,041,OLYMPIC PKWY,ZULU RD,306,W,N,A,-,N,NA,NA,NA,NA,NA,NA,NA,NA,NA,Y,4,0,1,2,A,-,03,22350,NA,N,B,C,A,A,H,-,C,D,0,NA,NA,NA,NA,Y,NA,A,01,0,0,1,0,0,0,0,0,0,-,-,NA,NA,SAN DIEGO,CHULA VISTA,NA,NA
9739905,2024,2024-10-30,3711,2024-09-20,157,SD7375,NA,5,5,7,3711,0,0,0,NA,0,527,PACIFIC HWY,WEST GRAPE ST,0,NA,Y,A,-,N,NA,NA,NA,NA,NA,NA,NA,NA,NA,N,4,0,3,2,A,-,12,21453,A,N,F,C,A,A,H,-,C,A,0,NA,NA,NA,NA,Y,NA,A,01,0,0,3,0,0,0,0,0,0,-,-,NA,NA,SAN DIEGO,SAN DIEGO,-117.17156982421876,32.72460174560547
9740238,2024,2024-10-08,3711,2024-09-28,900,SD7975,NA,6,5,7,3711,0,0,0,NA,0,115,GENESEE AV,CROSS ST,0,NA,N,A,B,N,NA,NA,NA,NA,NA,NA,NA,NA,NA,N,3,0,1,1,A,-,00,22362,NA,N,E,I,A,A,H,-,A,A,0,NA,NA,Y,NA,Y,NA,C,02,0,1,0,0,0,0,0,0,1,-,-,NA,NA,SAN DIEGO,SAN DIEGO,NA,NA
9740979,2024,2024-10-11,3705,2024-07-27,1207,EC0434,NA,6,5,5,3705,0,0,0,NA,0,002,N 2ND ST,MARLINE AV,0,NA,Y,A,-,N,NA,NA,NA,NA,NA,NA,NA,NA,NA,N,4,0,1,2,A,-,09,21802,A,N,D,C,A,A,H,-,A,A,0,NA,NA,NA,NA,Y,NA,A,01,0,0,1,0,0,0,0,0,0,-,-,NA,NA,SAN DIEGO,EL CAJON,-116.93578338623048,32.805152893066406
9741398,2024,2024-10-09,3711,2024-09-30,2250,SD7983,NA,1,5,7,3711,0,0,0,NA,0,824,49TH ST,MADISON AV,0,NA,Y,A,-,N,NA,NA,NA,NA,NA,NA,NA,NA,NA,N,3,0,1,2,A,-,05,21650,1,N,D,G,A,A,H,-,C,D,0,NA,Y,NA,NA,Y,NA,L,04,0,1,0,0,0,0,1,0,0,-,-,NA,NA,SAN DIEGO,SAN DIEGO,-117.08890533447266,32.76092529296875
9742037,2024,2024-10-24,3710,2024-10-04,1937,OC1566,NA,5,5,6,3710,0,0,0,NA,0,016,DOUGLAS DR,NORTH RIVER RD,46,N,N,A,-,N,NA,NA,NA,NA,NA,NA,NA,NA,NA,N,4,0,1,2,A,-,21,22106,NA,N,C,C,A,A,H,-,C,A,0,NA,NA,NA,NA,Y,NA,A,01,0,0,1,0,0,0,0,0,0,-,-,NA,NA,SAN DIEGO,OCEANSIDE,-117.32265472412108,33.2454948425293
9742242,2024,2024-10-23,3711,2024-10-06,2240,SD1871,NA,7,5,7,3711,0,0,0,NA,0,712,1600 DEL SUR BVLD,CAITHNESS,0,NA,N,A,-,N,NA,NA,NA,NA,NA,NA,NA,NA,NA,Y,4,0,1,4,A,-,00,22348,A,N,C,E,A,A,H,-,C,D,0,NA,NA,Y,NA,Y,NA,A,01,0,0,1,0,0,0,0,0,0,-,-,NA,NA,SAN DIEGO,SAN DIEGO,-117.05592346191406,32.564781188964844
9742246,2024,2024-10-18,3711,2024-10-06,56,SD7870,NA,7,5,7,3711,0,0,0,NA,0,723,PALM AV,PICCARD AV,0,E,N,B,-,N,NA,NA,NA,NA,NA,NA,NA,NA,NA,Y,3,0,1,4,A,-,08,22107,NA,N,C,E,A,A,H,-,C,D,0,NA,NA,NA,NA,Y,Y,A,01,0,1,0,0,0,0,0,0,0,-,-,NA,NA,SAN DIEGO,SAN DIEGO,-117.05048370361328,32.58369827270508
9743160,2024,2024-11-18,3705,2024-09-24,735,EC0397,NA,2,5,5,3705,0,0,0,NA,0,002,N 2ND ST,MARLINE AV,0,NA,Y,A,-,N,NA,NA,NA,NA,NA,NA,NA,NA,NA,Y,4,0,1,2,A,-,21,22106,NA,N,D,C,A,A,H,-,A,D,0,NA,NA,NA,NA,Y,NA,A,01,0,0,1,0,0,0,0,0,0,-,-,NA,NA,SAN DIEGO,EL CAJON,-116.93578338623048,32.805152893066406
9743748,2024,2024-11-26,3705,2024-10-07,806,EC0438,NA,1,5,5,3705,0,0,0,NA,0,002,EAST MAIN ST,N FIRST ST,24,W,N,A,-,N,NA,NA,NA,NA,NA,NA,NA,NA,NA,N,4,0,1,2,A,-,03,22350,NA,N,C,C,A,A,H,-,A,A,0,NA,NA,NA,NA,Y,NA,A,08,0,0,1,0,0,0,0,0,0,-,-,NA,NA,SAN DIEGO,EL CAJON,-116.94467926025392,32.79494094848633
9745427,2024,2024-11-22,3711,2024-10-02,820,SD1405,NA,3,5,7,3711,0,0,0,NA,0,832,EL CAJON BL,RT 15,0,NA,Y,A,-,Y,SD,11,15,-,M,4.925,R,4,N,N,4,0,1,2,A,-,04,21703,NA,N,C,C,A,A,H,-,A,A,0,NA,NA,NA,NA,Y,NA,A,01,0,0,1,0,0,0,0,0,0,-,-,NA,NA,SAN DIEGO,SAN DIEGO,-117.10860443115234,32.7535514831543
9745447,2024,2024-11-01,3710,2024-10-06,1401,OC1535,NA,7,5,6,3710,0,0,0,NA,0,030,COLLEGE BL,WARING RD,12,W,N,A,-,N,NA,NA,NA,NA,NA,NA,NA,NA,NA,N,4,0,1,2,A,-,03,22350,NA,F,C,C,A,A,H,-,A,A,0,NA,NA,NA,NA,Y,NA,A,01,0,0,1,0,0,0,0,0,0,-,-,NA,NA,SAN DIEGO,OCEANSIDE,-117.29644012451172,33.186180114746094
9745710,2024,2024-10-25,3711,2024-10-16,2020,SD8404,NA,3,5,7,3711,0,0,0,NA,0,625,JACKSON ST,COSOY WY,943,N,N,B,-,N,NA,NA,NA,NA,NA,NA,NA,NA,NA,N,4,0,1,1,A,-,03,22350,NA,N,H,A,A,A,H,-,C,D,0,NA,Y,NA,NA,Y,NA,L,04,0,0,1,0,0,0,1,0,0,-,-,NA,NA,SAN DIEGO,SAN DIEGO,-117.19558715820313,32.75707244873047
9746211,2024,2024-11-07,3705,2024-08-13,1518,EC0407,NA,2,5,5,3705,0,0,0,NA,0,001,EL CAJON BL,RT 8,620,S,N,A,-,N,NA,NA,NA,NA,NA,NA,NA,NA,NA,Y,3,0,1,2,A,-,03,22350,NA,N,E,E,A,A,H,-,A,D,0,NA,NA,NA,NA,Y,NA,A,01,0,1,0,0,0,0,0,0,0,-,WO,NA,NA,SAN DIEGO,EL CAJON,-116.98280334472656,32.78152084350586
9746737,2024,2024-11-12,3711,2024-10-24,540,SD1705,NA,4,5,7,3711,0,0,0,NA,0,115,TOWNE CENTRE DR,EXECUTIVE DR,0,NA,Y,A,-,N,NA,NA,NA,NA,NA,NA,NA,NA,NA,Y,4,0,1,2,A,-,09,21801,A,N,D,C,A,A,H,-,C,A,0,NA,NA,Y,NA,Y,NA,A,01,0,0,1,0,0,0,0,0,1,-,-,NA,NA,SAN DIEGO,SAN DIEGO,-117.20761108398438,32.876800537109375
9746794,2024,2024-11-04,3711,2024-09-20,1923,SD1740,NA,5,5,7,3711,0,0,0,NA,0,531,FLORDIA DR,PERSHING DR,55,W,N,A,-,N,NA,NA,NA,NA,NA,NA,NA,NA,NA,N,4,0,1,2,A,-,12,21453,A,N,B,C,A,A,H,-,C,D,0,NA,NA,NA,NA,Y,NA,A,01,0,0,1,0,0,0,0,0,0,-,-,NA,NA,SAN DIEGO,SAN DIEGO,-117.14273834228516,32.72283172607422
9747404,2024,2024-11-01,3702,2024-10-05,1309,CV1363,NA,6,5,6,3702,0,0,0,NA,0,032,OTAY LAKES RD,BONITA RD,147,S,N,A,-,N,NA,NA,NA,NA,NA,NA,NA,NA,NA,N,2,0,1,2,A,-,09,21804,A,N,D,C,A,A,H,-,A,D,0,NA,NA,NA,NA,Y,NA,A,01,1,0,0,0,0,0,0,0,0,-,-,NA,NA,SAN DIEGO,CHULA VISTA,-117.03115844726563,32.66096878051758
9747422,2024,2024-10-31,3711,2024-10-05,1421,SD1929,NA,6,5,7,3711,0,0,0,NA,0,627,ROBINSON AV,8TH AV,56,E,N,A,-,N,NA,NA,NA,NA,NA,NA,NA,NA,NA,N,3,0,1,2,A,-,17,21228,A,N,A,C,A,A,H,-,A,D,0,NA,NA,Y,NA,Y,NA,C,03,0,1,0,0,0,0,0,0,1,-,-,NA,NA,SAN DIEGO,SAN DIEGO,-117.15707397460938,32.74690628051758
9747423,2024,2025-03-10,3711,2024-10-04,1750,SD1699,NA,5,5,7,3711,0,0,0,NA,0,625,MOORE ST,ARISTA ST,95,N,N,A,-,N,NA,NA,NA,NA,NA,NA,NA,NA,NA,N,4,0,1,2,A,-,05,21460,A,N,A,C,A,A,H,-,A,D,0,NA,NA,Y,NA,Y,NA,A,01,0,0,1,0,0,0,0,0,0,-,-,NA,NA,SAN DIEGO,SAN DIEGO,-117.19530487060548,32.749576568603516
9747454,2024,2024-10-29,3702,2024-10-15,1642,CV1486,NA,2,5,6,3702,0,0,0,NA,0,042,EASTLAKE PKWY,CLUBHOUSE DR,0,NA,Y,A,-,N,NA,NA,NA,NA,NA,NA,NA,NA,NA,Y,4,0,2,2,A,-,03,22350,NA,N,D,C,A,A,H,-,A,A,0,NA,NA,NA,NA,Y,NA,A,01,0,0,2,0,0,0,0,0,0,-,-,NA,NA,SAN DIEGO,CHULA VISTA,-116.96623229980467,32.6405143737793
9747671,2024,2024-11-06,3705,2024-08-23,2046,EC0282,NA,5,5,5,3705,0,0,0,NA,0,002,MOLLISON AVE,RT 8,123,S,N,A,-,N,NA,NA,NA,NA,NA,NA,NA,NA,NA,N,4,0,3,2,A,-,03,22350,NA,N,C,C,A,A,H,-,C,A,0,NA,NA,NA,NA,Y,NA,A,01,0,0,3,0,0,0,0,0,0,-,WO,NA,NA,SAN DIEGO,EL CAJON,-116.9509735107422,32.80268096923828
9749587,2024,2024-11-08,3711,2024-10-22,1630,SD1990,NA,2,5,7,3711,0,0,0,NA,0,313,BALBOA AV,CONVOY ST,0,NA,N,A,-,N,NA,NA,NA,NA,NA,NA,NA,NA,NA,N,4,0,2,2,A,-,04,21703,NA,N,C,C,A,A,H,-,A,D,0,NA,NA,NA,NA,Y,NA,A,01,0,0,2,0,0,0,0,0,0,-,-,NA,NA,SAN DIEGO,SAN DIEGO,-117.15509033203124,32.82175064086914
9749943,2024,2024-11-15,3705,2024-09-13,1101,EC0431,NA,5,5,5,3705,0,0,0,NA,0,002,N MOLLISON AV,EAST MAIN ST,10,N,N,A,-,N,NA,NA,NA,NA,NA,NA,NA,NA,NA,N,2,0,1,2,A,-,11,21456,B,N,G,B,B,A,H,-,C,A,0,Y,NA,NA,NA,Y,NA,N,60,1,0,0,0,1,0,0,0,0,-,-,NA,NA,SAN DIEGO,EL CAJON,-116.95098114013672,32.794979095458984
9751485,2024,2025-02-14,3710,2024-10-15,1818,OC1533,NA,2,5,6,3710,0,0,0,NA,0,034,AVENIDA DE ORO,WINDANSEA ST,116,N,N,A,-,N,NA,NA,NA,NA,NA,NA,NA,NA,NA,Y,1,1,0,1,A,-,03,22350,NA,N,E,I,A,A,H,-,B,A,0,NA,NA,Y,NA,Y,NA,C,02,0,0,0,0,0,0,0,1,0,-,-,NA,NA,SAN DIEGO,OCEANSIDE,-117.29400634765624,33.214271545410156