CASE_ID,ACCIDENT_YEAR,PROC_DATE,JURIS,COLLISION_DATE,COLLISION_TIME,OFFICER_ID,REPORTING_DISTRICT,DAY_OF_WEEK,CHP_SHIFT,POPULATION,CNTY_CITY_LOC,SPECIAL_COND,BEAT_TYPE,CHP_BEAT_TYPE,CITY_DIVISION_LAPD,CHP_BEAT_CLASS,BEAT_NUMBER,PRIMARY_RD,SECONDARY_RD,DISTANCE,DIRECTION,INTERSECTION,WEATHER_1,WEATHER_2,STATE_HWY_IND,CALTRANS_COUNTY,CALTRANS_DISTRICT,STATE_ROUTE,ROUTE_SUFFIX,POSTMILE_PREFIX,POSTMILE,LOCATION_TYPE,RAMP_INTERSECTION,SIDE_OF_HWY,TOW_AWAY,COLLISION_SEVERITY,NUMBER_KILLED,NUMBER_INJURED,PARTY_COUNT,PRIMARY_COLL_FACTOR,PCF_CODE_OF_VIOL,PCF_VIOL_CATEGORY,PCF_VIOLATION,PCF_VIOL_SUBSECTION,HIT_AND_RUN,TYPE_OF_COLLISION,MVIW,PED_ACTION,ROAD_SURFACE,ROAD_COND_1,ROAD_COND_2,LIGHTING,CONTROL_DEVICE,CHP_ROAD_TYPE,PEDESTRIAN_ACCIDENT,BICYCLE_ACCIDENT,MOTORCYCLE_ACCIDENT,TRUCK_ACCIDENT,NOT_PRIVATE_PROPERTY,ALCOHOL_INVOLVED,STWD_VEHTYPE_AT_FAULT,CHP_VEHTYPE_AT_FAULT,COUNT_SEVERE_INJ,COUNT_VISIBLE_INJ,COUNT_COMPLAINT_PAIN,COUNT_PED_KILLED,COUNT_PED_INJURED,COUNT_BICYCLIST_KILLED,COUNT_BICYCLIST_INJURED,COUNT_MC_KILLED,COUNT_MC_INJURED,PRIMARY_RAMP,SECONDARY_RAMP,LATITUDE,LONGITUDE,COUNTY,CITY,POINT_X,POINT_Y
9751920,2024,2024-11-12,3711,2024-10-25,1520,SD7942,NA,5,5,7,3711,0,0,0,NA,0,712,WILLOW RD,CAMINO DE LA PLAZA,332,N,N,A,-,N,NA,NA,NA,NA,NA,NA,NA,NA,NA,Y,4,0,1,2,A,-,03,22350,NA,N,C,C,A,A,H,-,A,D,0,NA,NA,NA,NA,Y,NA,A,01,0,0,1,0,0,0,0,0,0,-,-,NA,NA,SAN DIEGO,SAN DIEGO,-117.04264831542967,32.54633712768555
9753079,2024,2024-11-25,3711,2024-10-27,2300,SD7875,NA,7,5,7,3711,0,0,0,NA,0,446,EUCLID AV,CASTANA ST,0,NA,Y,A,-,N,NA,NA,NA,NA,NA,NA,NA,NA,NA,N,3,0,1,2,A,-,21,22106,NA,N,B,C,A,A,G,-,C,D,0,NA,NA,NA,NA,Y,NA,A,01,0,1,0,0,0,0,0,0,0,-,-,NA,NA,SAN DIEGO,SAN DIEGO,-117.08506774902344,32.705928802490234
9753455,2024,2024-12-19,3710,2024-11-15,1604,OC1413,NA,5,5,6,3710,0,0,0,NA,0,022,RT 76,MELROSE,0,NA,Y,A,-,Y,SD,11,76,-,R,7.78,H,-,W,N,4,0,2,2,A,-,03,22350,NA,N,C,C,A,A,H,-,A,A,0,NA,NA,NA,NA,Y,NA,A,01,0,0,2,0,0,0,0,0,0,-,-,NA,NA,SAN DIEGO,OCEANSIDE,-117.26478576660156,33.251976013183594
9753529,2024,2024-11-14,3710,2024-10-24,800,OC0873,NA,4,5,6,3710,0,0,0,NA,0,027,COLLEGE BL,OLIVE DR,0,NA,Y,A,-,N,NA,NA,NA,NA,NA,NA,NA,NA,NA,N,3,0,1,2,A,-,10,21950,A,F,G,B,B,A,H,-,A,A,0,Y,NA,NA,NA,Y,NA,A,07,0,1,0,0,1,0,0,0,0,-,-,NA,NA,SAN DIEGO,OCEANSIDE,-117.28502655029295,33.20405197143555
9753539,2024,2024-11-14,3710,2024-10-30,1920,OC1533,NA,3,5,6,3710,0,0,0,NA,0,032,MESA DR,PACIFICA WY,475,W,N,A,-,N,NA,NA,NA,NA,NA,NA,NA,NA,NA,Y,4,0,2,2,A,-,21,22106,NA,N,D,C,A,A,H,-,C,D,0,NA,NA,NA,NA,Y,NA,A,07,0,0,2,0,0,0,0,0,0,-,-,NA,NA,SAN DIEGO,OCEANSIDE,-117.30460357666016,33.21595001220703
9753542,2024,2024-11-14,3710,2024-10-27,750,OC1542,NA,7,5,6,3710,0,0,0,NA,0,016,MISSION AV,EL CAMINO REAL,805,W,N,A,-,N,NA,NA,NA,NA,NA,NA,NA,NA,NA,Y,3,0,1,2,A,-,09,21804,A,N,D,C,A,A,H,-,A,D,0,NA,NA,NA,NA,Y,NA,A,08,0,1,0,0,0,0,0,0,0,-,-,NA,NA,SAN DIEGO,OCEANSIDE,-117.33284759521484,33.22429656982422
9754002,2024,2024-11-22,3702,2024-10-28,240,CV1480,NA,1,5,6,3702,0,0,0,NA,0,042,DISCOVERY FALLS DR,GINGER DR,50,N,N,A,-,N,NA,NA,NA,NA,NA,NA,NA,NA,NA,Y,3,0,1,4,A,-,03,22350,NA,N,E,I,A,A,H,-,C,D,0,NA,NA,NA,NA,Y,NA,A,01,0,1,0,0,0,0,0,0,0,-,-,NA,NA,SAN DIEGO,CHULA VISTA,-116.95932006835938,32.620086669921875
9754179,2024,2024-11-26,3702,2024-10-29,1324,CV1507,NA,2,5,6,3702,0,0,0,NA,0,023,NAPLES ST,NACION AV,230,W,N,A,-,N,NA,NA,NA,NA,NA,NA,NA,NA,NA,Y,3,0,1,4,A,-,03,22350,NA,N,C,E,A,A,H,-,A,D,0,NA,NA,NA,NA,Y,NA,A,01,0,1,0,0,0,0,0,0,0,-,-,NA,NA,SAN DIEGO,CHULA VISTA,-117.0417938232422,32.621395111083984
9755243,2024,2024-12-06,3711,2024-11-29,2000,SD8323,NA,5,5,7,3711,0,0,0,NA,0,823,UNIVERSITY AV,COLLEGE AV,0,NA,Y,A,-,N,NA,NA,NA,NA,NA,NA,NA,NA,NA,N,4,0,1,2,A,-,09,21801,A,M,D,C,A,A,H,-,E,A,0,NA,NA,NA,NA,Y,Y,-,99,0,0,1,0,0,0,0,0,0,-,-,NA,NA,SAN DIEGO,SAN DIEGO,-117.06448364257813,32.752864837646484
9755350,2024,2024-11-18,3711,2024-11-09,1257,SD8334,NA,6,5,7,3711,0,0,0,NA,0,433,65TH ST,HERRICK ST,100,S,N,A,-,N,NA,NA,NA,NA,NA,NA,NA,NA,NA,Y,4,0,1,2,A,-,08,22107,NA,N,B,E,A,A,H,-,A,D,0,NA,NA,NA,NA,Y,NA,A,01,0,0,1,0,0,0,0,0,0,-,-,NA,NA,SAN DIEGO,SAN DIEGO,-117.05806732177734,32.711124420166016
9755639,2024,2024-11-20,3711,2024-11-13,2221,SD7364,NA,3,5,7,3711,0,0,0,NA,0,813,ROBINSON AV,FLORIDA ST,10,W,N,A,-,N,NA,NA,NA,NA,NA,NA,NA,NA,NA,N,3,0,1,1,D,-,00,NA,NA,N,H,-,A,A,H,-,C,D,0,NA,Y,NA,NA,Y,NA,-,-,0,1,0,0,0,0,1,0,0,-,-,NA,NA,SAN DIEGO,SAN DIEGO,-117.14376068115234,32.74644088745117
9755647,2024,2024-11-20,3711,2024-11-12,1809,SD1265,NA,2,5,7,3711,0,0,0,NA,0,112,BALBOA AV,MOUNT EVEREST BL,0,NA,Y,A,-,N,NA,NA,NA,NA,NA,NA,NA,NA,NA,N,4,0,1,2,A,-,03,22350,NA,N,C,C,A,A,H,-,C,A,0,NA,NA,NA,NA,Y,NA,A,01,0,0,1,0,0,0,0,0,0,-,-,NA,NA,SAN DIEGO,SAN DIEGO,-117.18539428710938,32.817996978759766
9755672,2024,2024-11-21,3711,2024-11-10,1715,SD1796,NA,7,5,7,3711,0,0,0,NA,0,512,25TH ST,IMPERIAL AV,0,NA,Y,A,-,N,NA,NA,NA,NA,NA,NA,NA,NA,NA,N,4,0,1,2,A,-,10,21950,A,N,G,B,B,A,H,-,C,A,0,Y,NA,NA,NA,Y,Y,A,01,0,0,1,0,1,0,0,0,0,-,-,NA,NA,SAN DIEGO,SAN DIEGO,-117.14019012451172,32.70635223388672
9755729,2024,2024-11-20,3711,2024-10-27,2013,SD6146,NA,7,5,7,3711,0,0,0,NA,0,322,MISSION GORGE RD,KATELYN CT,436,E,N,A,-,N,NA,NA,NA,NA,NA,NA,NA,NA,NA,N,2,0,1,2,A,-,11,21950,B,N,G,B,D,A,H,-,C,D,0,Y,NA,NA,NA,Y,NA,N,60,1,0,0,0,1,0,0,0,0,-,-,NA,NA,SAN DIEGO,SAN DIEGO,-117.08373260498048,32.80464553833008
9755736,2024,2024-11-20,3711,2024-10-23,1540,SD6996,NA,3,5,7,3711,0,0,0,NA,0,437,PARADISE VALLEY RD,BRIARWOOD RD,0,NA,Y,A,-,N,NA,NA,NA,NA,NA,NA,NA,NA,NA,Y,2,0,1,2,A,-,12,21453,A,N,D,C,A,A,H,-,A,A,0,NA,NA,Y,NA,Y,NA,A,01,1,0,0,0,0,0,0,0,1,-,-,NA,NA,SAN DIEGO,SAN DIEGO,-117.03678894042967,32.6917610168457
9756503,2024,2024-12-04,3711,2024-10-23,2005,SD1172,NA,3,5,7,3711,0,0,0,NA,0,9353,PACIFIC HIGHLANDS RANCH PKWY,BLUE DAWN TRAIL,0,NA,Y,A,-,N,NA,NA,NA,NA,NA,NA,NA,NA,NA,Y,3,0,2,2,A,-,12,22450,A,N,D,C,A,A,H,-,C,D,0,NA,NA,NA,NA,Y,NA,A,01,0,1,1,0,0,0,0,0,0,-,-,NA,NA,SAN DIEGO,SAN DIEGO,-117.1919403076172,32.96388626098633
9756616,2024,2024-12-05,3709,2024-10-12,1508,NC0521,NA,6,5,5,3709,0,0,0,NA,0,024,BAY MARINA DR,HAFFLEY AV,48,W,N,A,-,N,NA,NA,NA,NA,NA,NA,NA,NA,NA,Y,4,0,1,1,A,-,08,22107,NA,N,E,I,A,A,H,-,A,D,0,NA,NA,NA,NA,Y,NA,-,NA,0,0,1,0,0,0,0,0,0,-,-,NA,NA,SAN DIEGO,NATIONAL CITY,-117.11267852783205,32.65890884399414
9756780,2024,2024-12-02,3711,2024-11-16,2248,SD7874,NA,6,5,7,3711,0,0,0,NA,0,122,GRAND AV,CASS ST,0,NA,Y,A,-,N,NA,NA,NA,NA,NA,NA,NA,NA,NA,N,4,0,1,2,A,-,08,22107,NA,N,C,E,A,A,H,-,C,A,0,NA,NA,NA,NA,Y,Y,A,01,0,0,1,0,0,0,0,0,0,-,-,NA,NA,SAN DIEGO,SAN DIEGO,-117.25125885009766,32.7955322265625
9757372,2024,2024-12-12,3702,2024-11-19,1140,CV1333,NA,2,5,6,3702,0,0,0,NA,0,031,EAST H ST,TERRA NOVA DR,350,W,N,A,-,N,NA,NA,NA,NA,NA,NA,NA,NA,NA,N,4,0,2,2,A,-,03,22350,NA,N,C,C,A,A,H,-,A,A,0,NA,NA,NA,NA,Y,NA,A,01,0,0,2,0,0,0,0,0,0,-,-,NA,NA,SAN DIEGO,CHULA VISTA,-117.04422760009766,32.63877868652344
9760997,2024,2024-12-20,3711,2024-12-07,2127,SD1592,NA,6,5,7,3711,0,0,0,NA,0,713,SIEMPRE VIVA RD,OTAY CENTER DR,0,NA,Y,A,-,N,NA,NA,NA,NA,NA,NA,NA,NA,NA,N,4,0,1,2,D,-,00,NA,NA,M,G,B,B,A,H,-,C,A,0,Y,NA,NA,NA,Y,Y,-,-,0,0,1,0,1,0,0,0,0,-,-,NA,NA,SAN DIEGO,SAN DIEGO,-116.9424285888672,32.55406188964844
9761670,2024,2024-12-31,3700,2024-10-29,1615,SH3684,NA,2,5,5,3713,0,0,0,NA,0,NA,WEST VISTA WY,HILL DR,175,W,N,A,-,N,NA,NA,NA,NA,NA,NA,NA,NA,NA,Y,4,0,2,3,A,-,03,22350,NA,N,C,C,A,A,H,-,A,D,0,NA,NA,NA,NA,Y,NA,A,01,0,0,2,0,0,0,0,0,0,-,-,NA,NA,SAN DIEGO,VISTA,-117.27139282226563,33.192100524902344
9761826,2024,2024-12-31,3700,2024-11-11,639,SH3684,NA,1,5,5,3713,0,0,0,NA,0,303,FOOTHILL DR,WARMLANDS AV,0,NA,Y,A,-,N,NA,NA,NA,NA,NA,NA,NA,NA,NA,Y,4,0,1,2,A,-,09,21802,A,M,D,C,A,A,H,-,A,D,0,NA,NA,NA,NA,Y,NA,A,01,0,0,1,0,0,0,0,0,0,-,-,NA,NA,SAN DIEGO,VISTA,-117.20965576171876,33.21208953857422
9761885,2024,2025-01-02,3710,2024-11-20,1846,OC1566,NA,3,5,6,3710,0,0,0,NA,0,014,RT 76,BENET RD,17,W,N,A,-,Y,SD,11,76,-,R,1.75,H,-,E,Y,4,0,1,2,A,-,21,22106,NA,N,C,C,A,A,H,-,C,A,0,NA,NA,NA,NA,Y,NA,A,07,0,0,1,0,0,0,0,0,0,-,-,NA,NA,SAN DIEGO,OCEANSIDE,-117.35758972167967,33.21464538574219
9762405,2024,2024-12-17,3702,2024-11-26,2009,CV1360,NA,2,5,6,3702,0,0,0,NA,0,042,OLYMPIC PKWY,EASTLAKE PKWY,239,W,N,A,-,N,NA,NA,NA,NA,NA,NA,NA,NA,NA,N,3,0,1,2,A,-,11,21955,NA,N,G,B,D,A,H,-,C,A,0,Y,NA,NA,NA,Y,NA,N,60,0,1,0,0,1,0,0,0,0,-,-,NA,NA,SAN DIEGO,CHULA VISTA,-116.96540832519533,32.62797927856445
9762511,2024,2024-12-30,3711,2024-12-10,557,SD7980,NA,2,5,7,3711,0,0,0,NA,0,512,CESAR E CHAVEZ PKWY,KEARNEY AV,0,NA,Y,A,-,N,NA,NA,NA,NA,NA,NA,NA,NA,NA,Y,4,0,1,2,A,-,12,21453,A,N,D,C,A,A,H,-,B,A,0,NA,NA,NA,NA,Y,NA,A,01,0,0,1,0,0,0,0,0,0,-,-,NA,NA,SAN DIEGO,SAN DIEGO,-117.14350128173828,32.702335357666016
9763010,2024,2025-01-31,3711,2024-12-14,108,SD1906,NA,6,5,7,3711,0,0,0,NA,0,934,VILLAGE CENTER LOOP RD,PACIFIC PL,0,NA,Y,A,-,N,NA,NA,NA,NA,NA,NA,NA,NA,NA,N,3,0,1,2,A,-,05,21651,B,N,D,C,A,A,H,-,A,D,0,NA,NA,Y,NA,Y,NA,C,02,0,1,0,0,0,0,0,0,1,-,-,NA,NA,SAN DIEGO,SAN DIEGO,-117.18868255615234,32.962860107421875
9763116,2024,2025-01-15,3710,2024-12-23,1449,OC1274,NA,1,5,6,3710,0,0,0,NA,0,018,COLLEGE BL,RIVER RD,345,E,N,A,-,N,NA,NA,NA,NA,NA,NA,NA,NA,NA,N,4,0,1,2,A,-,03,22350,NA,N,C,C,A,A,H,-,A,-,0,NA,NA,NA,NA,Y,NA,D,22,0,0,1,0,0,0,0,0,0,-,-,NA,NA,SAN DIEGO,OCEANSIDE,-117.29922485351563,33.2504997253418
9763853,2024,2025-01-23,3710,2024-12-23,1937,OC1468,NA,1,5,6,3710,0,0,0,NA,0,011,MISSION AV,AIRPORT RD,0,NA,Y,A,-,N,NA,NA,NA,NA,NA,NA,NA,NA,NA,Y,4,0,2,2,A,-,03,22350,NA,N,D,C,A,A,H,-,C,A,0,NA,NA,NA,NA,Y,NA,A,01,0,0,2,0,0,0,0,0,0,-,-,NA,NA,SAN DIEGO,OCEANSIDE,-117.34829711914063,33.2133674621582
9763959,2025,2025-01-21,3708,2025-01-08,840,LM1301,NA,3,5,5,3708,0,0,0,NA,0,002,LA MESA BL,GLEN ST,390,W,N,A,-,N,NA,NA,NA,NA,NA,NA,NA,NA,NA,Y,3,0,1,4,A,-,07,21658,A,N,C,E,A,A,H,-,A,D,0,NA,NA,NA,NA,Y,NA,A,01,0,1,0,0,0,0,0,0,0,-,-,NA,NA,SAN DIEGO,LA MESA,-117.01099395751952,32.76946258544922
9765097,2025,2025-02-24,3711,2025-01-25,2335,SD7699,NA,6,5,7,3711,0,0,0,NA,0,451,54TH ST,52ND ST,443,S,N,A,-,N,NA,NA,NA,NA,NA,NA,NA,NA,NA,N,3,0,3,3,A,-,04,21703,NA,N,G,B,E,A,H,-,C,D,0,Y,NA,NA,NA,Y,NA,A,01,0,1,2,0,1,0,0,0,0,-,-,NA,NA,SAN DIEGO,SAN DIEGO,-117.07975769042967,32.74164581298828
9765167,2025,2025-02-12,3702,2025-01-16,1339,CV1560,NA,4,5,6,3702,0,0,0,NA,0,021,BROADWAY,L ST,89,S,N,A,-,N,NA,NA,NA,NA,NA,NA,NA,NA,NA,Y,4,0,1,2,A,-,08,22107,NA,N,B,C,A,A,H,-,A,A,0,NA,NA,NA,NA,Y,NA,A,01,0,0,1,0,0,0,0,0,0,-,-,NA,NA,SAN DIEGO,CHULA VISTA,-117.08393096923828,32.6169548034668
9765333,2025,2025-02-12,3702,2025-01-14,1909,CV1576,NA,2,5,6,3702,0,0,0,NA,0,024,ORANGE AV,3RD AV,0,NA,Y,A,-,N,NA,NA,NA,NA,NA,NA,NA,NA,NA,N,3,0,2,2,A,-,03,22350,NA,N,D,C,A,A,H,-,C,A,0,NA,NA,NA,NA,Y,NA,A,01,0,1,1,0,0,0,0,0,0,-,-,NA,NA,SAN DIEGO,CHULA VISTA,-117.0644989013672,32.60181427001953
9765473,2025,2025-02-19,3710,2025-01-26,845,OC1534,NA,7,5,6,3710,0,0,0,NA,0,010,MISSION AV,CANYON DR,0,NA,Y,B,-,N,NA,NA,NA,NA,NA,NA,NA,NA,NA,Y,3,0,2,2,A,-,17,21461,A,N,D,C,A,B,H,-,A,B,0,NA,NA,NA,NA,Y,NA,A,01,0,1,1,0,0,0,0,0,0,-,-,NA,NA,SAN DIEGO,OCEANSIDE,-117.36431884765624,33.20427703857422
9766124,2025,2025-02-27,3702,2025-02-07,445,CV1521,NA,5,5,6,3702,0,0,0,NA,0,024,BROADWAY,PALOMAR ST,0,NA,Y,C,-,N,NA,NA,NA,NA,NA,NA,NA,NA,NA,Y,3,0,2,2,D,-,00,NA,NA,N,D,C,A,B,H,-,C,A,0,NA,NA,NA,NA,Y,NA,-,-,0,1,1,0,0,0,0,0,0,-,-,NA,NA,SAN DIEGO,CHULA VISTA,-117.07875823974608,32.603416442871094
9766129,2025,2025-02-26,3711,2025-02-20,153,SD1970,NA,4,5,7,3711,0,0,0,NA,0,234,CAMINITO CANTILENA,CAMINITO CANTILENA 18825,0,NA,Y,A,-,N,NA,NA,NA,NA,NA,NA,NA,NA,NA,Y,3,0,1,1,D,-,00,NA,NA,N,H,A,A,A,H,-,C,D,0,NA,NA,NA,NA,Y,NA,-,-,0,1,0,0,0,0,0,0,0,-,-,NA,NA,SAN DIEGO,SAN DIEGO,NA,NA
9766484,2025,2025-03-04,3711,2025-02-17,1303,SD7980,NA,1,5,7,3711,0,0,0,NA,0,243,MIRAMAR RD,CAMINO RUIZ,0,NA,Y,A,-,N,NA,NA,NA,NA,NA,NA,NA,NA,NA,Y,2,0,4,4,A,-,03,22350,NA,N,C,C,A,A,H,-,A,A,0,NA,NA,NA,NA,Y,Y,A,01,1,3,0,0,0,0,0,0,0,-,-,NA,NA,SAN DIEGO,SAN DIEGO,-117.13372802734376,32.89373016357422
9766652,2025,2025-04-21,3711,2025-03-13,1653,SD7185,NA,4,5,7,3711,0,0,0,NA,0,822,UNIVERSITY AV,COLLEGE AV,185,W,N,B,-,N,NA,NA,NA,NA,NA,NA,NA,NA,NA,N,2,0,1,2,A,-,21,22106,NA,N,G,B,E,A,H,-,A,D,0,Y,NA,NA,NA,Y,NA,I,20,1,0,0,0,1,0,0,0,0,-,-,NA,NA,SAN DIEGO,SAN DIEGO,-117.06500244140624,32.75261688232422
9766747,2025,2025-04-04,3710,2025-02-20,2100,OC1541,NA,4,5,6,3710,0,0,0,NA,0,033,COLLEGE BL,CHROMA DR,50,S,N,A,-,N,NA,NA,NA,NA,NA,NA,NA,NA,NA,Y,3,0,2,2,A,-,03,22350,NA,N,C,C,A,A,H,-,B,D,0,NA,NA,NA,NA,Y,NA,A,01,0,1,1,0,0,0,0,0,0,-,-,NA,NA,SAN DIEGO,OCEANSIDE,-117.29428863525392,33.229042053222656
9767302,2025,2025-04-24,3702,2025-03-24,1340,CV1451,NA,1,5,6,3702,0,0,0,NA,0,022,NAPLES ST,3RD AV,300,W,N,A,-,N,NA,NA,NA,NA,NA,NA,NA,NA,NA,N,3,0,1,2,A,-,09,21804,A,N,D,C,A,A,H,-,A,A,0,NA,NA,NA,NA,Y,NA,A,07,0,1,0,0,0,0,0,0,0,-,-,NA,NA,SAN DIEGO,CHULA VISTA,-117.07000732421876,32.61341857910156
9767306,2025,2025-04-24,3710,2025-03-28,2000,OC1481,NA,5,5,6,3710,0,0,0,NA,0,002,PACIFIC ST,SURFRIDER WY,0,NA,Y,A,-,N,NA,NA,NA,NA,NA,NA,NA,NA,NA,Y,3,0,1,2,A,-,09,21800,A,N,D,C,A,A,H,-,C,A,0,NA,NA,NA,NA,Y,NA,A,07,0,1,0,0,0,0,0,0,0,-,-,NA,NA,SAN DIEGO,OCEANSIDE,-117.385498046875,33.19743728637695
9767572,2024,2024-12-18,3700,2024-11-17,1919,SH0070,NA,7,5,5,3712,0,0,0,NA,0,358,LAS FLORES DR,1ST ST,0,NA,Y,A,-,N,NA,NA,NA,NA,NA,NA,NA,NA,NA,N,3,0,1,2,A,-,05,21460,A,F,D,C,A,A,H,-,D,D,0,NA,NA,NA,NA,Y,NA,A,01,0,1,0,0,0,0,0,0,0,-,-,NA,NA,SAN DIEGO,SAN MARCOS,-117.20909118652344,33.138973236083984
9767734,2024,2024-12-26,3711,2024-12-05,1735,SD1310,NA,4,5,7,3711,0,0,0,NA,0,621,FRIARS RD,VIA LAS CUMBRES,750,E,N,A,-,N,NA,NA,NA,NA,NA,NA,NA,NA,NA,N,2,0,1,2,A,-,11,21954,A,N,G,B,C,B,H,-,C,D,0,Y,NA,NA,NA,Y,NA,N,60,1,0,0,0,1,0,0,0,0,-,-,NA,NA,SAN DIEGO,SAN DIEGO,-117.18121337890624,32.76606750488281
9767952,2024,2024-12-30,3711,2024-12-04,228,SD7946,NA,3,5,7,3711,0,0,0,NA,0,451,AARON CT,AARON CT 2500,0,NA,N,A,-,N,NA,NA,NA,NA,NA,NA,NA,NA,NA,N,4,0,1,5,A,-,-,NA,NA,M,C,C,A,A,H,-,D,D,0,NA,NA,NA,NA,Y,NA,-,99,0,0,1,0,0,0,0,0,0,-,-,NA,NA,SAN DIEGO,SAN DIEGO,NA,NA
9768025,2024,2025-01-07,3711,2024-12-02,1715,SD7829,NA,1,5,7,3711,0,0,0,NA,0,313,MURPHY CANYON RD,MURPHY CANYON RD 4900,0,NA,N,A,-,N,NA,NA,NA,NA,NA,NA,NA,NA,NA,N,3,0,1,2,A,-,08,22107,NA,N,C,E,A,A,H,-,C,D,0,NA,NA,NA,Y,Y,NA,A,01,0,1,0,0,0,0,0,0,0,-,-,NA,NA,SAN DIEGO,SAN DIEGO,NA,NA
9769732,2024,2025-02-05,3711,2024-11-29,1926,SD1712,NA,5,5,7,3711,0,0,0,NA,0,611,SPORTS ARENA BL,CAMINO DEL RIO W,0,NA,-,A,-,N,NA,NA,NA,NA,NA,NA,NA,NA,NA,N,3,0,1,2,A,-,09,21802,A,N,-,-,A,A,H,-,C,A,0,NA,NA,NA,NA,Y,NA,A,07,0,1,0,0,0,0,0,0,0,-,-,NA,NA,SAN DIEGO,SAN DIEGO,-117.20494079589844,32.751529693603516
9770078,2024,2024-12-30,3700,2024-10-01,1339,SH2659,NA,2,5,5,3712,0,0,0,NA,0,355,S LAS POSAS RD,LA MIRADA DR,91,N,N,A,-,N,NA,NA,NA,NA,NA,NA,NA,NA,NA,N,3,0,1,2,A,-,08,22107,NA,N,D,G,A,A,H,-,A,A,0,NA,Y,NA,NA,Y,NA,A,01,0,1,0,0,0,0,1,0,0,-,-,NA,NA,SAN DIEGO,SAN MARCOS,-117.1929931640625,33.140296936035156
9770424,2024,2025-01-02,3705,2024-11-10,1317,EC0438,NA,7,5,5,3705,0,0,0,NA,0,004,CHASE AV,AVOCADO AV,0,NA,Y,A,-,N,NA,NA,NA,NA,NA,NA,NA,NA,NA,Y,3,0,2,2,A,-,03,22350,NA,N,D,C,A,A,H,-,A,A,0,NA,NA,NA,NA,Y,NA,A,07,0,1,1,0,0,0,0,0,0,-,-,NA,NA,SAN DIEGO,EL CAJON,-116.95782470703124,32.7803955078125
9770564,2024,2025-01-02,3711,2024-11-16,1101,SD7839,NA,6,5,7,3711,0,0,0,NA,0,243,KENAMAR DR,CARROLL RD,294,E,N,A,-,N,NA,NA,NA,NA,NA,NA,NA,NA,NA,Y,2,0,2,1,A,-,03,22350,NA,N,F,A,A,A,H,-,A,D,0,NA,NA,Y,NA,Y,NA,C,02,1,1,0,0,0,0,0,0,2,-,-,NA,NA,SAN DIEGO,SAN DIEGO,-117.15667724609376,32.88441467285156
9770728,2024,2025-01-03,3711,2024-12-20,1846,SD4310,NA,5,5,7,3711,0,0,0,NA,0,834,LANDIS ST,CENTRAL AV,10,E,N,A,-,N,NA,NA,NA,NA,NA,NA,NA,NA,NA,N,3,0,1,1,A,-,03,22350,NA,N,F,A,A,A,H,-,C,D,0,NA,NA,Y,NA,Y,NA,C,03,0,1,0,0,0,0,0,0,1,-,-,NA,NA,SAN DIEGO,SAN DIEGO,-117.108154296875,32.74592971801758
9770995,2024,2025-01-14,3711,2024-12-31,725,SD8334,NA,2,5,7,3711,0,0,0,NA,0,445,EUCLID AV,MARKET ST,0,NA,Y,B,-,N,NA,NA,NA,NA,NA,NA,NA,NA,NA,Y,4,0,1,2,D,-,00,NA,NA,N,D,C,A,A,H,-,A,A,0,NA,NA,NA,NA,Y,NA,-,-,0,0,1,0,0,0,0,0,0,-,-,NA,NA,SAN DIEGO,SAN DIEGO,-117.08502960205078,32.71046447753906
9772245,2025,2025-02-03,3711,2025-01-01,4,SD7657,NA,3,5,7,3711,0,0,0,NA,0,523,MARKET ST,5TH AV,0,NA,Y,A,-,N,NA,NA,NA,NA,NA,NA,NA,NA,NA,N,4,0,1,2,A,-,21,22106,NA,N,C,G,A,A,H,-,C,A,0,NA,Y,NA,NA,Y,NA,A,01,0,0,1,0,0,0,1,0,0,-,-,NA,NA,SAN DIEGO,SAN DIEGO,-117.16014862060548,32.71149826049805
9772256,2025,2025-02-13,3711,2025-01-02,1320,SD1886,NA,4,5,7,3711,0,0,0,NA,0,112,GENESEE AV,BOYD AV,440,N,N,A,-,N,NA,NA,NA,NA,NA,NA,NA,NA,NA,N,4,0,1,2,A,-,08,22107,NA,N,B,C,A,A,H,-,A,D,0,NA,NA,NA,NA,Y,NA,A,01,0,0,1,0,0,0,0,0,0,-,-,NA,NA,SAN DIEGO,SAN DIEGO,-117.1783447265625,32.81182861328125
9773170,2024,2025-01-07,3700,2024-10-08,1505,SH3684,NA,2,5,5,3713,0,0,0,NA,0,305,NORTH SANTA FE AV,EAST BOBIER DR,0,NA,Y,A,-,N,NA,NA,NA,NA,NA,NA,NA,NA,NA,Y,4,0,1,2,A,-,01,23152,B,N,D,C,A,A,H,-,A,A,0,NA,NA,NA,NA,Y,Y,A,01,0,0,1,0,0,0,0,0,0,-,-,NA,NA,SAN DIEGO,VISTA,-117.24501800537108,33.22114944458008
9773252,2024,2025-01-29,3711,2024-12-17,1650,SD8323,NA,2,5,7,3711,0,0,0,NA,0,831,EUCLID AV,EUCLID AV 4000,0,NA,N,A,-,N,NA,NA,NA,NA,NA,NA,NA,NA,NA,N,4,0,1,3,A,-,09,21804,A,N,B,C,A,A,H,-,C,-,0,NA,NA,NA,NA,Y,Y,A,01,0,0,1,0,0,0,0,0,0,-,-,NA,NA,SAN DIEGO,SAN DIEGO,-117.08499908447266,32.704505920410156
9773601,2024,2025-03-12,3705,2024-07-03,2040,EC0459,NA,3,5,5,3705,0,0,0,NA,0,003,EAST MAIN ST,N 1ST ST,118,W,N,A,-,N,NA,NA,NA,NA,NA,NA,NA,NA,NA,N,4,0,1,2,A,-,04,21703,NA,F,C,C,A,A,H,-,C,D,0,NA,NA,NA,NA,Y,NA,A,01,0,0,1,0,0,0,0,0,0,-,-,NA,NA,SAN DIEGO,EL CAJON,-116.94498443603516,32.79494094848633