CASE_ID,ACCIDENT_YEAR,PROC_DATE,JURIS,COLLISION_DATE,COLLISION_TIME,OFFICER_ID,REPORTING_DISTRICT,DAY_OF_WEEK,CHP_SHIFT,POPULATION,CNTY_CITY_LOC,SPECIAL_COND,BEAT_TYPE,CHP_BEAT_TYPE,CITY_DIVISION_LAPD,CHP_BEAT_CLASS,BEAT_NUMBER,PRIMARY_RD,SECONDARY_RD,DISTANCE,DIRECTION,INTERSECTION,WEATHER_1,WEATHER_2,STATE_HWY_IND,CALTRANS_COUNTY,CALTRANS_DISTRICT,STATE_ROUTE,ROUTE_SUFFIX,POSTMILE_PREFIX,POSTMILE,LOCATION_TYPE,RAMP_INTERSECTION,SIDE_OF_HWY,TOW_AWAY,COLLISION_SEVERITY,NUMBER_KILLED,NUMBER_INJURED,PARTY_COUNT,PRIMARY_COLL_FACTOR,PCF_CODE_OF_VIOL,PCF_VIOL_CATEGORY,PCF_VIOLATION,PCF_VIOL_SUBSECTION,HIT_AND_RUN,TYPE_OF_COLLISION,MVIW,PED_ACTION,ROAD_SURFACE,ROAD_COND_1,ROAD_COND_2,LIGHTING,CONTROL_DEVICE,CHP_ROAD_TYPE,PEDESTRIAN_ACCIDENT,BICYCLE_ACCIDENT,MOTORCYCLE_ACCIDENT,TRUCK_ACCIDENT,NOT_PRIVATE_PROPERTY,ALCOHOL_INVOLVED,STWD_VEHTYPE_AT_FAULT,CHP_VEHTYPE_AT_FAULT,COUNT_SEVERE_INJ,COUNT_VISIBLE_INJ,COUNT_COMPLAINT_PAIN,COUNT_PED_KILLED,COUNT_PED_INJURED,COUNT_BICYCLIST_KILLED,COUNT_BICYCLIST_INJURED,COUNT_MC_KILLED,COUNT_MC_INJURED,PRIMARY_RAMP,SECONDARY_RAMP,LATITUDE,LONGITUDE,COUNTY,CITY,POINT_X,POINT_Y
9803690,2025,2025-04-25,3711,2025-04-14,2015,SD1690,NA,1,5,7,3711,0,0,0,NA,0,312,TIERRASANTA BL,ESPLENDENTE BL,0,NA,Y,A,-,N,NA,NA,NA,NA,NA,NA,NA,NA,NA,Y,3,0,1,2,A,-,09,21804,A,N,C,C,A,A,H,-,C,A,0,NA,NA,NA,NA,Y,NA,A,01,0,1,0,0,0,0,0,0,0,-,-,NA,NA,SAN DIEGO,SAN DIEGO,-117.1011199951172,32.823036193847656
9804051,2025,2025-04-29,3711,2025-04-13,835,SD2081,NA,7,5,7,3711,0,0,0,NA,0,721,EVERGREEN AV,HARDWOOD ST,0,NA,Y,A,-,N,NA,NA,NA,NA,NA,NA,NA,NA,NA,N,3,0,1,3,A,-,09,21802,B,M,D,C,A,A,H,-,C,D,0,NA,NA,NA,NA,Y,NA,D,22,0,1,0,0,0,0,0,0,0,-,-,NA,NA,SAN DIEGO,SAN DIEGO,-117.1001205444336,32.579288482666016
9804162,2025,2025-05-20,3711,2025-04-26,1612,SD4310,NA,6,5,7,3711,0,0,0,NA,0,246,SCRIPPS POWAY PKWY,SPRING CANYON RD,0,NA,Y,A,-,N,NA,NA,NA,NA,NA,NA,NA,NA,NA,N,3,0,1,2,A,-,12,21453,A,N,A,C,A,A,H,-,A,A,0,NA,NA,NA,NA,Y,NA,D,22,0,1,0,0,0,0,0,0,0,-,-,NA,NA,SAN DIEGO,SAN DIEGO,-117.09639739990234,32.936588287353516
9804209,2025,2025-05-16,3711,2025-05-10,1530,SD1666,NA,6,5,7,3711,0,0,0,NA,0,615,CANON ST,CANON ST 3800,0,NA,N,A,-,N,NA,NA,NA,NA,NA,NA,NA,NA,NA,Y,3,0,1,1,A,-,03,22350,A,M,E,I,A,A,H,-,A,D,0,NA,NA,NA,NA,Y,Y,D,22,0,1,0,0,0,0,0,0,0,-,-,NA,NA,SAN DIEGO,SAN DIEGO,-117.2318878173828,32.721534729003906
9804416,2025,2025-05-05,3700,2025-03-04,55,SH7085,NA,2,5,5,3712,0,0,0,NA,0,355,SOUTH RANCHO SANTA FE RD,LA MIRADA DR,0,NA,Y,A,-,N,NA,NA,NA,NA,NA,NA,NA,NA,NA,Y,4,0,1,1,A,-,08,22107,NA,N,E,I,A,A,H,-,C,D,0,NA,NA,NA,NA,Y,NA,A,01,0,0,1,0,0,0,0,0,0,-,-,33.14316177368164,-117.20181274414063,SAN DIEGO,SAN MARCOS,-117.20175933837892,33.143131256103516
9804603,2025,2025-05-08,3711,2025-04-25,330,SD1896,NA,5,5,7,3711,0,0,0,NA,0,825,MONTEZUMA RD,FAIRMOUNT AV,0,NA,Y,A,-,N,NA,NA,NA,NA,NA,NA,NA,NA,NA,Y,3,0,1,2,A,-,03,22350,NA,N,C,D,A,A,H,-,C,D,0,NA,NA,NA,NA,Y,NA,A,01,0,1,0,0,0,0,0,0,0,-,-,NA,NA,SAN DIEGO,SAN DIEGO,-117.09698486328124,32.772403717041016
9804629,2025,2025-06-17,3711,2025-04-26,1130,SD7571,NA,6,5,7,3711,0,0,0,NA,0,823,UNIVERSITY AV,60TH ST,0,NA,Y,A,-,N,NA,NA,NA,NA,NA,NA,NA,NA,NA,N,3,0,1,2,A,-,17,21235,G,N,G,B,F,A,H,-,A,A,0,Y,NA,NA,NA,Y,NA,M,94,0,1,0,0,1,0,0,0,0,-,-,NA,NA,SAN DIEGO,SAN DIEGO,-117.06690216064452,32.752349853515625
9804854,2025,2025-05-01,3711,2025-04-16,734,SD2076,NA,3,5,7,3711,0,0,0,NA,0,836,EUCLID AV,THORN AV,1075,S,N,A,-,N,NA,NA,NA,NA,NA,NA,NA,NA,NA,Y,3,0,2,4,A,-,09,21800,A,M,A,C,A,A,H,-,A,A,0,NA,NA,NA,NA,Y,NA,-,99,0,2,0,0,0,0,0,0,0,-,-,NA,NA,SAN DIEGO,SAN DIEGO,-117.09225463867188,32.73737716674805
9806300,2025,2025-05-20,3711,2025-05-08,929,SD6390,NA,4,5,7,3711,0,0,0,NA,0,445,47TH ST,47TH ST 900,0,NA,N,A,-,N,NA,NA,NA,NA,NA,NA,NA,NA,NA,Y,3,0,1,2,A,-,09,21801,A,N,D,C,A,A,H,-,A,D,0,NA,NA,NA,NA,Y,NA,A,07,0,1,0,0,0,0,0,0,0,-,-,NA,NA,SAN DIEGO,SAN DIEGO,-117.09369659423828,32.70414733886719
9806302,2025,2025-05-20,3711,2025-05-08,1529,SD1442,NA,4,5,7,3711,0,0,0,NA,0,935,RANCHO SANTA FE RD,CARMEL VALLEY RD,0,NA,Y,A,-,N,NA,NA,NA,NA,NA,NA,NA,NA,NA,Y,3,0,1,2,A,-,12,21453,A,N,D,C,A,A,H,-,A,A,0,NA,NA,NA,NA,Y,NA,A,07,0,1,0,0,0,0,0,0,0,-,-,NA,NA,SAN DIEGO,SAN DIEGO,-117.17839813232422,32.968170166015625
9806596,2025,2025-05-07,3705,2025-02-03,1347,EC0390,NA,1,5,5,3705,0,0,0,NA,0,002,N MOLLISON AV,FRIENDLY CIR,136,S,N,A,-,N,NA,NA,NA,NA,NA,NA,NA,NA,NA,N,4,0,1,2,A,-,00,23123,A,N,B,C,A,A,H,-,A,D,0,NA,NA,NA,NA,Y,NA,A,01,0,0,1,0,0,0,0,0,0,-,-,NA,NA,SAN DIEGO,EL CAJON,-116.95098114013672,32.80101776123047
9807725,2025,2025-06-13,3711,2025-05-29,1635,SD6146,NA,4,5,7,3711,0,0,0,NA,0,235,OLD MILKY WAY,SAN PASQUAL VALLEY RD,8,S,N,A,-,N,NA,NA,NA,NA,NA,NA,NA,NA,NA,N,3,0,1,2,A,-,03,22350,NA,N,C,C,A,A,H,-,A,A,0,NA,NA,NA,NA,Y,NA,J,48,0,1,0,0,0,0,0,0,0,-,-,NA,NA,SAN DIEGO,SAN DIEGO,-116.99076080322266,33.08623123168945
9807853,2025,2025-06-13,3711,2025-05-03,1224,SD1567,NA,6,5,7,3711,0,0,0,NA,0,721,PALM AV,RT 5,0,NA,Y,B,-,Y,SD,11,5,-,-,4.848,R,4,S,N,3,0,2,2,A,-,12,21453,A,N,A,C,A,A,H,-,A,A,0,NA,NA,NA,NA,Y,NA,A,01,0,2,0,0,0,0,0,0,0,-,SF,NA,NA,SAN DIEGO,SAN DIEGO,-117.08773040771484,32.58683776855469
9808217,2025,2025-06-05,3711,2025-05-08,1131,SD7831,NA,4,5,7,3711,0,0,0,NA,0,526,3RD AV,ASH ST,0,NA,Y,A,-,N,NA,NA,NA,NA,NA,NA,NA,NA,NA,N,3,0,1,2,A,-,17,21657,NA,N,D,C,A,A,H,-,A,A,0,NA,NA,NA,NA,Y,NA,A,01,0,1,0,0,0,0,0,0,0,-,-,NA,NA,SAN DIEGO,SAN DIEGO,-117.16200256347656,32.719879150390625
9809667,2025,2025-05-19,3711,2025-04-27,1203,SD8323,NA,7,5,7,3711,0,0,0,NA,0,827,UNIVERSITY AV,50TH ST,0,NA,Y,A,-,N,NA,NA,NA,NA,NA,NA,NA,NA,NA,N,3,0,1,2,A,-,03,22350,NA,M,C,C,A,A,H,-,A,A,0,NA,NA,NA,NA,Y,NA,-,99,0,1,0,0,0,0,0,0,0,-,-,NA,NA,SAN DIEGO,SAN DIEGO,-117.08701324462892,32.74903869628906
9809728,2025,2025-05-19,3711,2025-05-01,235,SD1718,NA,4,5,7,3711,0,0,0,NA,0,524,E ST,8TH AV,20,E,Y,A,-,N,NA,NA,NA,NA,NA,NA,NA,NA,NA,Y,3,0,1,2,A,-,12,21453,A,M,B,C,A,A,H,-,C,A,0,NA,NA,NA,NA,Y,NA,-,NA,0,1,0,0,0,0,0,0,0,-,-,NA,NA,SAN DIEGO,SAN DIEGO,-117.15736389160156,32.71467971801758
9809882,2025,2025-05-22,3711,2025-05-09,137,SD8323,NA,5,5,7,3711,0,0,0,NA,0,832,VAN DYKE AV,ORANGE AV,0,NA,Y,A,-,N,NA,NA,NA,NA,NA,NA,NA,NA,NA,Y,3,0,1,2,A,-,03,22350,NA,N,B,C,A,A,H,-,A,D,0,NA,NA,NA,NA,Y,NA,A,01,0,1,0,0,0,0,0,0,0,-,-,NA,NA,SAN DIEGO,SAN DIEGO,-117.10317993164063,32.753177642822266
9810994,2025,2025-07-08,3705,2025-02-25,1408,EC0390,NA,2,5,5,3705,0,0,0,NA,0,001,S MARSHALL AV,S MARSHALL AV 250,0,NA,N,A,-,N,NA,NA,NA,NA,NA,NA,NA,NA,NA,N,4,0,4,2,A,-,03,22350,NA,N,C,C,A,A,H,-,A,D,0,NA,NA,NA,NA,Y,NA,D,22,0,0,4,0,0,0,0,0,0,-,-,NA,NA,SAN DIEGO,EL CAJON,-116.9755401611328,32.79497528076172
9811004,2025,2025-06-26,3711,2025-06-03,1815,SD7759,NA,2,5,7,3711,0,0,0,NA,0,839,POPLAR ST,FAIRMONT AV,44,W,N,B,-,N,NA,NA,NA,NA,NA,NA,NA,NA,NA,Y,4,0,2,2,A,-,03,22350,NA,N,C,E,A,A,H,-,A,D,0,NA,NA,NA,NA,Y,NA,A,01,0,0,2,0,0,0,0,0,0,-,-,NA,NA,SAN DIEGO,SAN DIEGO,-117.10110473632813,32.738346099853516
9811008,2025,2025-06-26,3702,2025-06-10,1043,CV1589,NA,2,5,6,3702,0,0,0,NA,0,042,HERITAGE RD,EAST PALOMAR ST,0,NA,Y,A,-,N,NA,NA,NA,NA,NA,NA,NA,NA,NA,Y,3,0,1,2,A,-,05,21650,1,N,A,C,A,A,H,-,A,A,0,NA,NA,Y,NA,Y,NA,C,02,0,1,0,0,0,0,0,0,1,-,-,NA,NA,SAN DIEGO,CHULA VISTA,-117.00460052490234,32.621185302734375
9812615,2025,2025-07-15,3709,2025-06-11,1155,NC0577,NA,3,5,5,3709,0,0,0,NA,0,020,18TH ST,J AV,0,NA,Y,B,-,N,NA,NA,NA,NA,NA,NA,NA,NA,NA,N,4,0,1,2,A,-,11,21954,A,N,G,G,A,A,H,-,A,D,0,NA,Y,NA,NA,Y,NA,L,04,0,0,1,0,0,0,1,0,0,-,-,NA,NA,SAN DIEGO,NATIONAL CITY,-117.09336853027344,32.67006301879883
9813169,2025,2026-01-09,3710,2025-11-14,1603,OC1570,NA,5,5,6,3710,0,0,0,NA,0,023,RT 76,N SANTA FE DR,108,W,N,C,-,Y,SD,11,76,-,R,6.721,I,6,E,Y,3,0,1,2,A,-,01,23152,A,N,C,C,A,B,H,-,A,A,0,NA,NA,NA,NA,Y,Y,A,01,0,1,0,0,0,0,0,0,0,-,-,NA,NA,SAN DIEGO,OCEANSIDE,-117.281494140625,33.245941162109375
9813451,2025,2025-05-21,3700,2025-05-05,1440,SH9970,NA,1,5,5,3712,0,0,0,NA,0,351,FIREBIRD LN,ROMA AV,177,N,N,B,-,N,NA,NA,NA,NA,NA,NA,NA,NA,NA,N,3,0,1,4,A,-,09,21804,A,N,D,G,A,A,H,-,A,D,0,NA,Y,NA,NA,Y,NA,L,04,0,1,0,0,0,0,1,0,0,-,-,NA,NA,SAN DIEGO,SAN MARCOS,-117.16464233398438,33.14567184448242
9813485,2025,2025-06-13,3710,2025-05-12,1749,OC1580,NA,1,5,6,3710,0,0,0,NA,0,028,OLD GROVE RD,COLLEGE BL,50,E,N,A,-,N,NA,NA,NA,NA,NA,NA,NA,NA,NA,Y,3,0,1,3,A,-,03,22350,NA,N,C,C,A,A,H,-,A,A,0,NA,NA,NA,NA,Y,NA,A,01,0,1,0,0,0,0,0,0,0,-,-,NA,NA,SAN DIEGO,OCEANSIDE,-117.28741455078124,33.21730422973633
9813774,2025,2025-06-12,3711,2025-05-13,1814,SD2116,NA,2,5,7,3711,0,0,0,NA,0,312,LA CUENTA DR,LA CUENTA DR 5100,0,NA,N,A,-,N,NA,NA,NA,NA,NA,NA,NA,NA,NA,Y,3,0,2,2,A,-,09,21801,A,N,B,C,A,A,H,-,A,D,0,NA,NA,NA,NA,Y,NA,A,01,0,1,1,0,0,0,0,0,0,-,-,NA,NA,SAN DIEGO,SAN DIEGO,-117.09951019287108,32.81727600097656
9813972,2025,2025-06-25,3711,2025-05-16,2247,SD2038,NA,5,5,7,3711,0,0,0,NA,0,313,CONVOY ST,OTHELLO AV,215,S,N,A,-,N,NA,NA,NA,NA,NA,NA,NA,NA,NA,N,3,0,1,2,A,-,-,NA,NA,N,G,G,E,A,H,-,C,D,0,Y,NA,NA,NA,Y,NA,A,01,0,1,0,0,1,0,0,0,0,-,-,NA,NA,SAN DIEGO,SAN DIEGO,-117.1547622680664,32.816551208496094
9813979,2025,2025-06-20,3711,2025-05-16,2,SD7668,NA,5,5,7,3711,0,0,0,NA,0,822,EL CAJON BL,COLLEGE AV,0,NA,Y,A,-,N,NA,NA,NA,NA,NA,NA,NA,NA,NA,N,3,0,1,2,A,-,08,22107,NA,N,G,B,B,A,H,-,A,A,0,Y,NA,NA,NA,Y,NA,A,08,0,1,0,0,1,0,0,0,0,-,-,NA,NA,SAN DIEGO,SAN DIEGO,-117.06703186035156,32.761348724365234
9814338,2025,2025-06-30,3711,2025-06-17,1633,SD1795,NA,2,5,7,3711,0,0,0,NA,0,112,MOUNT CASAS DR,MOUNT CASAS DR 4700,0,NA,N,A,-,N,NA,NA,NA,NA,NA,NA,NA,NA,NA,N,4,0,1,3,A,-,08,22107,NA,N,B,E,A,A,H,-,A,D,0,NA,NA,NA,NA,Y,NA,A,01,0,0,1,0,0,0,0,0,0,-,-,NA,NA,SAN DIEGO,SAN DIEGO,-117.19188690185548,32.816680908203125
9814343,2025,2025-06-30,3711,2025-06-16,1138,SD1998,NA,1,5,7,3711,0,0,0,NA,0,627,6TH AV,UNIVERSITY AV,0,NA,Y,A,-,N,NA,NA,NA,NA,NA,NA,NA,NA,NA,N,3,0,2,2,A,-,21,22106,NA,N,C,C,A,A,H,-,A,A,0,NA,NA,NA,NA,Y,NA,A,07,0,1,1,0,0,0,0,0,0,-,-,NA,NA,SAN DIEGO,SAN DIEGO,-117.15953063964844,32.74832534790039
9814356,2025,2025-06-27,3711,2025-06-12,2126,SD1461,NA,4,5,7,3711,0,0,0,NA,0,242,CAMINO RUIZ,SANTA ARMINTA  AV,345,S,N,A,-,N,NA,NA,NA,NA,NA,NA,NA,NA,NA,Y,3,0,2,2,A,-,03,22350,NA,N,D,C,A,A,H,-,C,A,0,NA,NA,NA,NA,Y,NA,A,01,0,2,0,0,0,0,0,0,0,-,-,NA,NA,SAN DIEGO,SAN DIEGO,-117.14404296875,32.92963790893555
9814363,2025,2025-07-07,3711,2025-06-15,1720,SD1896,NA,7,5,7,3711,0,0,0,NA,0,827,ALTADENA AV,ALTADENA AV 3700,0,NA,N,A,-,N,NA,NA,NA,NA,NA,NA,NA,NA,NA,Y,3,0,2,3,A,-,05,21651,B,M,A,C,A,A,H,-,A,D,0,NA,NA,NA,NA,Y,Y,A,01,0,2,0,0,0,0,0,0,0,-,-,NA,NA,SAN DIEGO,SAN DIEGO,NA,NA
9814371,2025,2025-07-07,3711,2025-06-14,2010,SD7688,NA,6,5,7,3711,0,0,0,NA,0,841,UNIVERSITY AV,UNIVERSITY AV 6400,0,NA,N,A,-,N,NA,NA,NA,NA,NA,NA,NA,NA,NA,N,3,0,5,3,A,-,03,22350,NA,N,C,C,A,A,H,-,C,A,0,NA,NA,NA,NA,Y,NA,A,01,0,5,0,0,0,0,0,0,0,-,-,NA,NA,SAN DIEGO,SAN DIEGO,-117.16390228271484,32.74827194213867
9814698,2025,2025-05-30,3709,2025-04-15,1355,NC0530,NA,2,5,5,3709,0,0,0,NA,0,020,NATIONAL CITY BL,7TH ST,84,N,N,A,-,N,NA,NA,NA,NA,NA,NA,NA,NA,NA,N,3,0,2,3,D,-,00,NA,NA,F,G,B,F,A,H,-,A,D,0,Y,NA,NA,NA,Y,NA,-,-,0,1,1,0,1,0,0,0,0,-,-,NA,NA,SAN DIEGO,NATIONAL CITY,-117.10734558105467,32.6768913269043
9815398,2025,2025-06-25,3711,2025-05-18,1751,SD1757,NA,7,5,7,3711,0,0,0,NA,0,832,FAIRMOUNT AV,43RD ST,0,NA,Y,B,-,N,NA,NA,NA,NA,NA,NA,NA,NA,NA,N,2,0,1,2,A,-,12,21453,A,N,D,C,A,A,H,-,A,A,0,NA,NA,NA,NA,Y,NA,A,01,1,0,0,0,0,0,0,0,0,-,-,NA,NA,SAN DIEGO,SAN DIEGO,-117.10186767578124,32.75706481933594
9817933,2025,2025-06-12,3702,2025-04-28,800,CV1289,NA,1,5,6,3702,0,0,0,NA,0,021,NAPLES ST,MADISON AV,0,NA,Y,C,-,N,NA,NA,NA,NA,NA,NA,NA,NA,NA,Y,3,0,3,2,A,-,09,21801,A,N,D,C,A,B,H,-,A,A,0,NA,NA,NA,NA,Y,NA,A,01,0,1,2,0,0,0,0,0,0,-,-,NA,NA,SAN DIEGO,CHULA VISTA,-117.08238983154295,32.60994338989258
9818098,2025,2025-08-06,3711,2025-06-14,1845,SD1521,NA,6,5,7,3711,0,0,0,NA,0,124,VILLA LA JOLLA DR,VIA MALLORCA,0,NA,N,A,-,N,NA,NA,NA,NA,NA,NA,NA,NA,NA,Y,3,0,1,5,A,-,07,21658,A,N,B,E,A,A,H,-,A,A,0,NA,NA,NA,NA,Y,NA,A,01,0,1,0,0,0,0,0,0,0,-,-,NA,NA,SAN DIEGO,SAN DIEGO,-117.2341766357422,32.86505889892578
9818160,2025,2025-07-29,3705,2025-03-21,1652,EC0438,NA,5,5,5,3705,0,0,0,NA,0,003,3RD ST,MARKERRY AV,127,S,N,A,-,N,NA,NA,NA,NA,NA,NA,NA,NA,NA,N,3,0,1,2,A,-,03,22350,NA,N,D,G,A,A,H,-,A,A,0,NA,Y,NA,NA,Y,NA,L,04,0,1,0,0,0,0,1,0,0,-,-,NA,NA,SAN DIEGO,EL CAJON,-116.92692565917967,32.791690826416016
9818508,2025,2025-08-26,3711,2025-07-12,2045,SD1984,NA,6,5,7,3711,0,0,0,NA,0,242,FLANDERS DR,SAN RAMON DR,739,W,N,A,-,N,NA,NA,NA,NA,NA,NA,NA,NA,NA,Y,4,0,1,3,A,-,08,22107,NA,M,B,E,A,A,H,-,C,D,0,NA,NA,NA,NA,Y,NA,A,01,0,0,1,0,0,0,0,0,0,-,-,NA,NA,SAN DIEGO,SAN DIEGO,-117.14217376708984,32.90670394897461
9818779,2025,2025-08-25,3711,2025-07-19,1545,SD2069,NA,6,5,7,3711,0,0,0,NA,0,122,INGRAHAM ST,LA PLAYA AV,0,NA,Y,A,-,N,NA,NA,NA,NA,NA,NA,NA,NA,NA,N,4,0,1,2,A,-,09,21801,A,N,D,C,A,A,H,-,A,D,0,NA,NA,NA,NA,Y,Y,A,01,0,0,1,0,0,0,0,0,0,-,-,NA,NA,SAN DIEGO,SAN DIEGO,-117.23748016357422,32.78873825073242
9818785,2025,2025-08-25,3711,2025-07-18,1717,SD1586,NA,5,5,7,3711,0,0,0,NA,0,821,UNIVERSITY AV,ARAGON DR,0,NA,Y,A,-,N,NA,NA,NA,NA,NA,NA,NA,NA,NA,Y,3,0,2,2,A,-,09,21802,A,N,D,C,A,A,H,-,A,D,0,NA,NA,NA,NA,Y,NA,A,01,0,2,0,0,0,0,0,0,0,-,-,NA,NA,SAN DIEGO,SAN DIEGO,-117.05474090576172,32.7553825378418
9819112,2025,2025-09-25,3702,2025-08-31,1303,CV1357,NA,7,5,6,3702,0,0,0,NA,0,032,FENTON ST,KUHN DR,0,NA,Y,A,-,N,NA,NA,NA,NA,NA,NA,NA,NA,NA,Y,3,0,2,2,A,-,09,21804,A,N,D,C,A,A,H,-,A,D,0,NA,NA,NA,NA,Y,NA,A,01,0,1,1,0,0,0,0,0,0,-,-,NA,NA,SAN DIEGO,CHULA VISTA,-116.96531677246094,32.651161193847656
9819164,2025,2025-08-12,3710,2025-07-10,1543,OC1585,NA,4,5,6,3710,0,0,0,NA,0,016,MISSION AV,FIRESIDE ST,65,E,N,A,-,N,NA,NA,NA,NA,NA,NA,NA,NA,NA,N,4,0,1,2,A,-,03,22350,NA,N,C,C,A,A,H,-,A,A,0,NA,NA,NA,NA,Y,NA,A,01,0,0,1,0,0,0,0,0,0,-,-,NA,NA,SAN DIEGO,OCEANSIDE,-117.33530426025392,33.22251510620117
9819295,2025,2025-07-30,3702,2025-06-23,1702,CV1490,NA,1,5,6,3702,0,0,0,NA,0,032,YOSEMITE DR,HUNTE PKWY,38,E,N,A,-,N,NA,NA,NA,NA,NA,NA,NA,NA,NA,Y,3,0,1,1,A,-,07,21658,A,N,B,I,A,A,H,-,A,D,0,NA,NA,NA,NA,Y,NA,A,01,0,1,0,0,0,0,0,0,0,-,-,NA,NA,SAN DIEGO,CHULA VISTA,-116.95243072509766,32.6560173034668
9819300,2025,2025-07-30,3702,2025-06-19,358,CV1494,NA,4,5,6,3702,0,0,0,NA,0,021,INDUSTRIAL BL,ANITA ST,495,S,N,A,-,N,NA,NA,NA,NA,NA,NA,NA,NA,NA,N,2,0,1,2,D,-,00,NA,NA,F,G,B,E,A,H,-,E,D,0,Y,NA,NA,NA,Y,NA,-,-,1,0,0,0,1,0,0,0,0,-,-,NA,NA,SAN DIEGO,CHULA VISTA,-117.0841064453125,32.59712600708008
9819483,2025,2025-07-30,3705,2025-04-29,1525,EC0397,NA,2,5,5,3705,0,0,0,NA,0,001,CUYAMACA AV,HERON AV,0,NA,Y,A,-,N,NA,NA,NA,NA,NA,NA,NA,NA,NA,Y,3,0,2,3,A,-,21,22106,NA,N,D,C,A,B,H,-,A,A,0,NA,NA,NA,NA,Y,NA,A,01,0,2,0,0,0,0,0,0,0,-,-,NA,NA,SAN DIEGO,EL CAJON,-116.97962951660156,32.81094741821289
9819571,2025,2025-08-06,3700,2025-06-18,2203,SH0521,NA,3,5,5,3712,0,0,0,NA,0,355,RANCHO SANTA FE RD,8TH ST,0,NA,Y,A,-,N,NA,NA,NA,NA,NA,NA,NA,NA,NA,Y,3,0,1,2,A,-,12,21453,A,N,A,C,A,A,H,-,C,A,0,NA,NA,Y,NA,Y,NA,A,01,0,1,0,0,0,0,0,0,1,-,-,NA,NA,SAN DIEGO,SAN MARCOS,-117.20140838623048,33.14411926269531
9819602,2025,2025-08-26,3711,2025-07-22,1204,SD7247,NA,2,5,7,3711,0,0,0,NA,0,613,WEST POINT LOMA BL,WEST POINT LOMA BL 4400,0,NA,N,A,-,N,NA,NA,NA,NA,NA,NA,NA,NA,NA,Y,2,0,2,2,A,-,09,21804,A,N,C,C,A,A,H,-,A,D,0,NA,NA,Y,NA,Y,NA,A,01,1,1,0,0,0,0,0,0,1,-,-,NA,NA,SAN DIEGO,SAN DIEGO,-117.24221801757813,32.7296142578125
9819766,2025,2025-09-30,3711,2025-09-12,1643,SD1506,NA,5,5,7,3711,0,0,0,NA,0,447,47TH ST,A ST,16,S,N,A,-,N,NA,NA,NA,NA,NA,NA,NA,NA,NA,Y,3,0,1,2,A,-,08,22107,NA,N,D,C,A,A,H,-,A,D,0,NA,NA,NA,NA,Y,NA,A,07,0,1,0,0,0,0,0,0,0,-,-,NA,NA,SAN DIEGO,SAN DIEGO,-117.09355926513672,32.71870803833008
9820330,2025,2025-08-04,3711,2025-07-21,1558,SD7781,NA,1,5,7,3711,0,0,0,NA,0,313,OVERLAND AV,CLAIREMONT MESA BL,0,NA,Y,A,-,N,NA,NA,NA,NA,NA,NA,NA,NA,NA,Y,3,0,2,2,A,-,12,21453,A,N,D,C,A,A,H,-,A,A,0,NA,NA,NA,NA,Y,NA,A,01,0,2,0,0,0,0,0,0,0,-,-,NA,NA,SAN DIEGO,SAN DIEGO,-117.13101196289063,32.83134460449219
9820900,2025,2025-08-29,3711,2025-08-11,1820,SD7952,NA,1,5,7,3711,0,0,0,NA,0,722,SATURN BL,PALM AV,0,NA,Y,A,-,N,NA,NA,NA,NA,NA,NA,NA,NA,NA,N,4,0,1,2,A,-,17,21461,A,M,B,C,A,A,H,-,A,A,0,NA,NA,NA,NA,Y,NA,-,99,0,0,1,0,0,0,0,0,0,-,-,NA,NA,SAN DIEGO,SAN DIEGO,-117.09262847900392,32.583744049072266
9821262,2025,2025-08-12,3702,2025-07-14,1651,CV1540,NA,1,5,6,3702,0,0,0,NA,0,023,OLEANDER AV,EAST PALOMAR ST,0,NA,Y,A,-,N,NA,NA,NA,NA,NA,NA,NA,NA,NA,Y,3,0,1,2,A,-,12,21453,A,N,D,C,A,A,H,-,A,A,0,NA,NA,NA,NA,Y,NA,A,01,0,1,0,0,0,0,0,0,0,-,-,NA,NA,SAN DIEGO,CHULA VISTA,-117.03367614746094,32.61473846435547
9821302,2025,2025-08-21,3711,2025-07-28,1808,SD7759,NA,1,5,7,3711,0,0,0,NA,0,931,MIRA MESA BL,PACIFIC HEIGHTS BL,0,NA,Y,A,-,N,NA,NA,NA,NA,NA,NA,NA,NA,NA,Y,3,0,3,2,A,-,09,21806,A,N,D,C,A,A,H,-,A,A,0,NA,NA,NA,NA,Y,NA,A,01,0,3,0,0,0,0,0,0,0,-,-,NA,NA,SAN DIEGO,SAN DIEGO,-117.18952941894533,32.90003967285156
9821400,2025,2025-10-08,3710,2025-08-07,1905,OC1592,NA,4,5,6,3710,0,0,0,NA,0,002,CIVIC CENTER DR,N HORNE ST,11,W,N,A,-,N,NA,NA,NA,NA,NA,NA,NA,NA,NA,Y,4,0,1,2,A,-,03,22350,NA,N,C,C,A,A,H,-,A,D,0,NA,NA,NA,NA,Y,NA,A,01,0,0,1,0,0,0,0,0,0,-,-,NA,NA,SAN DIEGO,OCEANSIDE,-117.37723541259766,33.1998405456543
9821683,2025,2025-09-30,3711,2025-08-06,2048,SD1771,NA,3,5,7,3711,0,0,0,NA,0,826,EL CAJON BL,TROJAN AV,289,N,N,A,-,N,NA,NA,NA,NA,NA,NA,NA,NA,NA,N,3,0,1,1,A,-,03,22350,NA,N,A,I,A,A,H,-,C,D,0,NA,NA,Y,NA,Y,NA,C,03,0,1,0,0,0,0,0,0,1,-,-,NA,NA,SAN DIEGO,SAN DIEGO,NA,NA
9821899,2025,2025-10-06,3711,2025-08-10,1048,SD1530,NA,7,5,7,3711,0,0,0,NA,0,111,BALBOA AV,MOUNT ALBERTINE AV,60,W,N,A,-,N,NA,NA,NA,NA,NA,NA,NA,NA,NA,Y,4,0,2,3,A,-,03,22350,NA,N,C,C,A,A,H,-,A,A,0,NA,NA,NA,NA,Y,NA,-,NA,0,0,2,0,0,0,0,0,0,-,-,NA,NA,SAN DIEGO,SAN DIEGO,-117.17170715332033,32.820228576660156