CASE_ID,ACCIDENT_YEAR,PROC_DATE,JURIS,COLLISION_DATE,COLLISION_TIME,OFFICER_ID,REPORTING_DISTRICT,DAY_OF_WEEK,CHP_SHIFT,POPULATION,CNTY_CITY_LOC,SPECIAL_COND,BEAT_TYPE,CHP_BEAT_TYPE,CITY_DIVISION_LAPD,CHP_BEAT_CLASS,BEAT_NUMBER,PRIMARY_RD,SECONDARY_RD,DISTANCE,DIRECTION,INTERSECTION,WEATHER_1,WEATHER_2,STATE_HWY_IND,CALTRANS_COUNTY,CALTRANS_DISTRICT,STATE_ROUTE,ROUTE_SUFFIX,POSTMILE_PREFIX,POSTMILE,LOCATION_TYPE,RAMP_INTERSECTION,SIDE_OF_HWY,TOW_AWAY,COLLISION_SEVERITY,NUMBER_KILLED,NUMBER_INJURED,PARTY_COUNT,PRIMARY_COLL_FACTOR,PCF_CODE_OF_VIOL,PCF_VIOL_CATEGORY,PCF_VIOLATION,PCF_VIOL_SUBSECTION,HIT_AND_RUN,TYPE_OF_COLLISION,MVIW,PED_ACTION,ROAD_SURFACE,ROAD_COND_1,ROAD_COND_2,LIGHTING,CONTROL_DEVICE,CHP_ROAD_TYPE,PEDESTRIAN_ACCIDENT,BICYCLE_ACCIDENT,MOTORCYCLE_ACCIDENT,TRUCK_ACCIDENT,NOT_PRIVATE_PROPERTY,ALCOHOL_INVOLVED,STWD_VEHTYPE_AT_FAULT,CHP_VEHTYPE_AT_FAULT,COUNT_SEVERE_INJ,COUNT_VISIBLE_INJ,COUNT_COMPLAINT_PAIN,COUNT_PED_KILLED,COUNT_PED_INJURED,COUNT_BICYCLIST_KILLED,COUNT_BICYCLIST_INJURED,COUNT_MC_KILLED,COUNT_MC_INJURED,PRIMARY_RAMP,SECONDARY_RAMP,LATITUDE,LONGITUDE,COUNTY,CITY,POINT_X,POINT_Y
6336698,2014,2014-06-30,3711,2014-01-07,1045,6553,NA,2,5,7,3711,0,0,0,NA,0,431,ROSWELL ST,KELTON RD,46,W,N,A,-,N,NA,NA,NA,NA,NA,NA,NA,NA,NA,N,3,0,1,2,A,-,21,22106,NA,N,G,B,E,A,H,-,A,D,0,Y,NA,NA,NA,Y,NA,A,01,0,1,0,0,1,0,0,0,0,-,-,NA,NA,SAN DIEGO,SAN DIEGO,-117.07506798,32.71595236
6337282,2014,2014-06-16,3711,2014-01-07,1452,6513,NA,2,5,7,3711,0,0,0,NA,0,234,BERNARDO CENTER DR,REGALO LN,0,NA,Y,A,-,N,NA,NA,NA,NA,NA,NA,NA,NA,NA,Y,4,0,1,2,A,-,12,21453,A,N,D,C,A,A,H,-,A,A,0,NA,NA,NA,NA,Y,NA,A,01,0,0,1,0,0,0,0,0,0,-,-,NA,NA,SAN DIEGO,SAN DIEGO,-117.07483006,33.02648001
6337541,2014,2014-06-04,3711,2014-01-13,2323,5850,NA,1,5,7,3711,0,0,0,NA,0,311,VILLAGE GLEN DR,GLENCOLUM DR,300,E,N,A,-,N,NA,NA,NA,NA,NA,NA,NA,NA,NA,N,3,0,1,2,A,-,05,21650,1,N,B,G,A,A,H,-,C,D,0,NA,Y,NA,NA,Y,Y,L,04,0,1,0,0,0,0,1,0,0,-,-,NA,NA,SAN DIEGO,SAN DIEGO,-117.13249694,32.80496474
6340983,2014,2016-03-23,9645,2014-01-03,1700,019304,NA,5,2,7,3711,0,1,1,NA,2,010,RT 8,RT 5,200,E,N,A,-,Y,SD,11,8,-,R,0.308,H,-,E,Y,4,0,1,2,A,-,03,22350,NA,N,C,C,A,A,H,-,C,A,0,NA,NA,NA,NA,Y,NA,A,01,0,0,1,0,0,0,0,0,0,FR,-,32.75945,-117.2004,SAN DIEGO,SAN DIEGO,-117.19910352,32.75992368
6341085,2014,2014-06-02,3711,2014-01-22,1516,6650,NA,3,5,7,3711,0,0,0,NA,0,834,UNIVERSITY AV,43RD ST,17,W,N,A,-,N,NA,NA,NA,NA,NA,NA,NA,NA,NA,N,4,0,1,2,A,-,12,21453,A,M,A,B,A,A,H,-,A,A,0,NA,NA,NA,NA,Y,NA,-,NA,0,0,1,0,0,0,0,0,0,-,-,NA,NA,SAN DIEGO,SAN DIEGO,-117.10207506,32.74962184
6345075,2014,2014-06-02,9645,2014-01-09,1100,12294,NA,4,1,7,3711,0,1,1,NA,2,007,RT 5,LA JOLLA VILLAGE DR,6,S,N,B,-,Y,NA,NA,NA,NA,NA,NA,NA,NA,NA,N,4,0,1,2,A,-,03,22350,NA,N,C,C,A,A,H,-,A,A,0,NA,NA,NA,NA,Y,NA,A,01,0,0,1,0,0,0,0,0,0,TO,-,32.87222,-117.22765,SAN DIEGO,SAN DIEGO,-117.22934073,32.87198357
6345231,2014,2016-02-11,9650,2014-01-12,2110,17263,NA,7,2,5,3782,0,1,1,NA,2,007,RT 5,ENCINITAS BL,500,N,N,A,-,Y,SD,11,5,-,R,41.61,H,-,N,Y,4,0,2,2,A,-,01,23152,A,N,C,C,A,A,H,-,D,D,1,NA,NA,NA,NA,Y,Y,A,07,0,0,2,0,0,0,0,0,0,-,-,33.053,-117.289,SAN DIEGO,ENCINITAS,-117.28746274,33.04963401
6346573,2014,2014-06-06,3711,2014-01-08,1120,4965,NA,3,5,7,3711,0,0,0,NA,0,242,MIRA MESA BL,GREENFORD DR,71,W,N,A,-,N,NA,NA,NA,NA,NA,NA,NA,NA,NA,Y,4,0,2,4,A,-,02,22400,A,N,C,C,A,A,G,H,A,A,0,NA,NA,NA,NA,Y,NA,-,NA,0,0,2,0,0,0,0,0,0,-,-,NA,NA,SAN DIEGO,SAN DIEGO,-117.13314111,32.91373963
6348082,2014,2015-11-10,9680,2014-01-11,1532,018672,NA,6,2,9,3700,0,1,3,NA,1,052,RT 78,SUTHERLAND DAM RD,8976,W,N,A,-,Y,SD,11,78,-,-,40.18,H,-,E,Y,3,0,1,1,A,-,05,21650,NA,N,E,I,A,A,H,-,A,D,0,NA,NA,Y,NA,Y,Y,C,02,0,1,0,0,0,0,0,0,1,-,-,33.06664,-116.80903,SAN DIEGO,UNINCORPORATED,-116.80932875,33.06615694
6348085,2014,2014-06-11,9680,2014-01-08,1549,019407,NA,3,2,9,3700,0,2,4,NA,1,025,SWEETWATER RD,TYLER ST,0,NA,Y,A,-,N,NA,NA,NA,NA,NA,NA,NA,NA,NA,N,4,0,1,2,A,-,10,21950,A,N,G,B,B,A,H,-,A,A,0,Y,NA,NA,NA,Y,NA,A,08,0,0,1,0,1,0,0,0,0,-,-,NA,NA,SAN DIEGO,UNINCORPORATED,-117.01450012,32.73037007
6348090,2014,2016-03-23,9680,2014-01-10,1420,019270,NA,5,2,9,3700,0,1,1,NA,2,083,RT 8,DUNBAR LN,1300,W,N,A,-,Y,SD,11,8,-,R,23.99,H,-,W,Y,3,0,1,1,A,-,08,22107,NA,N,F,A,A,A,H,-,A,D,1,NA,NA,NA,NA,Y,NA,A,01,0,1,0,0,0,0,0,0,0,-,-,32.8568,-116.82655,SAN DIEGO,UNINCORPORATED,-116.84841491,32.85315965
6351412,2016,2016-08-24,3711,2016-03-06,1940,6594,NA,7,5,7,3711,0,0,0,NA,0,445,47TH ST,GUYMON ST,25,S,N,B,-,N,NA,NA,NA,NA,NA,NA,NA,NA,NA,N,3,0,1,2,A,-,14,21201,D,N,D,G,A,A,H,-,C,D,0,NA,Y,NA,NA,Y,Y,L,04,0,1,0,0,0,0,1,0,0,-,-,NA,NA,SAN DIEGO,SAN DIEGO,-117.09357281,32.71209156
6352426,2014,2016-03-16,9645,2014-01-06,0705,19322,NA,1,1,7,3711,0,1,3,NA,2,006,RT 94,RT 15,500,S,N,A,-,Y,SD,11,94,-,-,3.133,R,2,W,Y,4,0,1,1,A,-,03,22350,NA,N,F,A,A,A,H,-,A,D,1,NA,NA,Y,NA,Y,NA,C,02,0,0,1,0,0,0,0,0,1,TO,-,32.71488,-117.11802,SAN DIEGO,SAN DIEGO,-117.11882056,32.71696024
6352453,2014,2016-01-25,9645,2014-01-09,1721,18987,NA,4,2,7,3711,0,1,1,NA,2,013,RT 805,MURRAY RIDGE RD,70,S,N,A,-,Y,SD,11,805,-,-,18.88,H,-,S,Y,4,0,2,4,A,-,03,22350,NA,N,C,C,A,A,H,-,C,D,1,NA,NA,NA,NA,Y,NA,A,01,0,0,2,0,0,0,0,0,0,-,-,32.78537,-117.14521,SAN DIEGO,SAN DIEGO,-117.14537361,32.78534148
6353378,2014,2015-11-07,3711,2014-01-18,1046,6219,SANDI,6,5,7,3711,0,0,0,NA,0,111,CLAIREMONT MESA BL,RT 805,50,E,N,A,-,Y,SD,11,805,-,-,22.482,R,4,S,Y,4,0,3,3,A,-,04,21703,NA,N,C,C,A,A,H,-,A,A,0,NA,NA,NA,NA,Y,NA,-,NA,0,0,3,0,0,0,0,0,0,-,SO,NA,NA,SAN DIEGO,SAN DIEGO,-117.16907061,32.8324066
6357080,2014,2014-06-06,3706,2014-01-12,1145,0392,ESPD,7,5,6,3706,0,0,0,NA,0,042,ASH ST,WASHINGTON AV,60,S,N,A,-,N,NA,NA,NA,NA,NA,NA,NA,NA,NA,N,4,0,1,2,A,-,03,22350,NA,N,C,C,A,A,D,-,A,A,0,NA,NA,NA,NA,Y,NA,A,01,0,0,1,0,0,0,0,0,0,-,-,NA,NA,SAN DIEGO,ESCONDIDO,-117.06793076,33.13295655
6364772,2014,2016-01-23,9680,2014-01-20,1915,015766,NA,1,2,9,3700,0,1,3,NA,1,040,RT 94,POTRERO VALLEY RD,2640,E,N,A,-,Y,SD,11,94,-,-,41.96,H,-,W,Y,3,0,1,1,A,-,08,22107,NA,F,E,I,A,A,H,-,D,A,0,NA,NA,NA,NA,Y,NA,D,22,0,1,0,0,0,0,0,0,0,-,-,32.60308,-116.60417,SAN DIEGO,UNINCORPORATED,-116.60425409,32.60289146
6365967,2014,2016-03-15,9680,2014-02-05,0800,14631,NA,3,1,5,3708,0,1,1,NA,2,081,RT 8,JACKSON DR,331,E,N,A,-,Y,SD,11,8,-,-,11.92,H,-,W,Y,4,0,1,1,A,-,08,22107,NA,N,E,I,A,A,H,-,A,D,1,NA,NA,NA,NA,Y,NA,A,01,0,0,1,0,0,0,0,0,0,-,-,32.77544,-117.00968,SAN DIEGO,LA MESA,-117.0087034,32.77592405
6369264,2014,2014-06-10,3706,2014-01-28,1406,0345,ESPD,2,5,6,3706,0,0,0,NA,0,042,GRAND AV,VALLEY BL,0,NA,Y,A,-,N,NA,NA,NA,NA,NA,NA,NA,NA,NA,Y,4,0,1,2,A,-,12,21453,A,N,D,C,A,A,H,-,A,A,0,NA,NA,NA,NA,Y,NA,-,-,0,0,1,0,0,0,0,0,0,-,-,NA,NA,SAN DIEGO,ESCONDIDO,-117.07663012,33.12408003
6370193,2014,2014-06-11,3711,2014-01-22,0825,6435,SDPD,3,5,7,3711,0,0,0,NA,0,441,DELTA ST,43RD ST,1056,E,N,A,-,N,NA,NA,NA,NA,NA,NA,NA,NA,NA,N,4,0,1,2,A,-,21,22106,NA,N,A,C,A,-,H,-,A,D,0,NA,NA,NA,NA,Y,NA,-,NA,0,0,1,0,0,0,0,0,0,-,-,NA,NA,SAN DIEGO,SAN DIEGO,-117.09904949,32.68893653
6370261,2014,2015-11-07,9645,2014-01-23,1520,18149,NA,4,2,6,3702,0,1,1,NA,2,009,RT 805,MAIN ST,1000,N,N,A,-,Y,SD,11,805,-,-,3.96,H,-,N,Y,3,0,1,1,A,-,08,22107,NA,N,E,I,A,A,H,-,A,D,1,NA,NA,NA,NA,Y,NA,A,07,0,1,0,0,0,0,0,0,0,-,-,32.60117,-117.03626,SAN DIEGO,CHULA VISTA,-117.03614816,32.59922101
6370983,2014,2015-11-07,9645,2014-01-09,1645,017524,NA,4,2,7,3711,0,1,1,NA,2,011,RT 805,ADAMS AV,300,N,N,B,-,Y,SD,11,805,-,-,17.05,H,-,N,Y,4,0,2,6,A,-,07,21658,A,F,C,C,A,A,H,-,D,D,1,NA,NA,NA,NA,Y,NA,A,01,0,0,2,0,0,0,0,0,0,-,-,32.76546,-117.12797,SAN DIEGO,SAN DIEGO,-117.12754233,32.76407831
6373187,2014,2014-06-06,3709,2014-01-04,0941,436,NCPD,6,5,5,3709,0,0,0,NA,0,020,D AV,E 9TH ST,0,NA,Y,A,-,N,NA,NA,NA,NA,NA,NA,NA,NA,NA,Y,4,0,1,2,A,-,09,21802,A,N,D,C,A,A,H,-,A,A,0,NA,NA,NA,NA,Y,NA,A,01,0,0,1,0,0,0,0,0,0,-,-,NA,NA,SAN DIEGO,NATIONAL CITY,-117.10248004,32.67613002
6373231,2014,2014-06-06,3711,2014-01-15,0853,5589,NA,3,5,7,3711,0,0,0,NA,0,NA,GENESEE AV,RT 5,0,NA,Y,A,-,Y,NA,NA,NA,NA,NA,NA,NA,NA,NA,Y,4,0,2,2,A,-,12,21453,A,N,D,C,A,A,H,-,A,A,0,NA,NA,NA,NA,Y,NA,A,01,0,0,2,0,0,0,0,0,0,-,NF,NA,NA,SAN DIEGO,SAN DIEGO,-117.16065,32.79133007
6373238,2014,2014-06-07,3711,2014-01-25,0231,5051,NA,6,5,7,3711,0,0,0,NA,0,623,HOTEL CIRCLE SOUTH,BACHMAN PL,0,NA,Y,A,-,N,NA,NA,NA,NA,NA,NA,NA,NA,NA,Y,3,0,2,1,A,-,03,22350,NA,M,E,I,A,A,H,-,C,A,0,NA,NA,NA,NA,Y,NA,A,01,0,1,1,0,0,0,0,0,0,-,-,NA,NA,SAN DIEGO,SAN DIEGO,-117.16761007,32.76056002
6373241,2014,2015-08-14,3711,2014-01-24,1300,7067,NA,5,5,7,3711,0,0,0,NA,0,522,KETTNER BL,W HARBOR DR,52,S,N,A,-,N,NA,NA,NA,NA,NA,NA,NA,NA,NA,Y,4,0,1,2,A,-,12,21457,A,N,B,C,A,A,H,-,A,A,0,NA,NA,NA,NA,Y,NA,-,NA,0,0,1,0,0,0,0,0,0,-,-,NA,NA,SAN DIEGO,SAN DIEGO,-117.16921,32.71132755
6373264,2014,2014-06-06,3711,2014-01-21,1155,5300,NA,2,5,7,3711,0,0,0,NA,0,326,MONTEZUMA RD,ROCKFORD DR,0,NA,Y,A,-,N,NA,NA,NA,NA,NA,NA,NA,NA,NA,N,3,0,1,2,A,-,09,21801,A,N,D,C,A,A,H,-,A,D,0,NA,NA,NA,NA,Y,NA,-,NA,0,1,0,0,0,0,0,0,0,-,-,NA,NA,SAN DIEGO,SAN DIEGO,-117.06884004,32.77072008
6373271,2014,2014-06-06,3711,2014-01-16,0950,6999,NA,4,5,7,3711,0,0,0,NA,0,934,DEL MAR HEIGHTS RD,TORREY RIDGE DR,0,NA,Y,A,-,N,NA,NA,NA,NA,NA,NA,NA,NA,NA,Y,4,0,1,2,A,-,09,21453,B,N,B,C,A,A,H,-,A,A,0,NA,NA,NA,NA,Y,NA,-,NA,0,0,1,0,0,0,0,0,0,-,-,NA,NA,SAN DIEGO,SAN DIEGO,-117.22595012,32.95640001
6374914,2014,2016-02-17,9650,2014-01-05,1715,18011,NA,7,2,9,3700,0,1,1,NA,2,021,RT 15,CAMINO DEL REY,2112,N,N,A,-,Y,SD,11,15,-,R,42.25,H,-,N,Y,4,0,2,4,A,-,01,23152,A,F,C,C,A,A,H,-,D,D,1,NA,NA,NA,NA,Y,Y,A,08,0,0,2,0,0,0,0,0,0,-,-,33.27226,-117.15594,SAN DIEGO,UNINCORPORATED,-117.15595771,33.27262298
6375813,2014,2014-06-09,3702,2014-01-05,1829,CV0952,NA,7,5,6,3702,0,0,0,NA,0,032,OTAY LAKES RD,ALLEN SCHOOL,307,S,N,C,-,N,NA,NA,NA,NA,NA,NA,NA,NA,NA,Y,4,0,2,2,A,-,-,NA,NA,F,C,C,A,A,H,-,A,A,0,NA,NA,NA,NA,Y,NA,A,01,0,0,2,0,0,0,0,0,0,-,-,NA,NA,SAN DIEGO,CHULA VISTA,-117.02913567,32.65714628
6375933,2014,2014-06-04,3702,2014-01-28,1955,CV1010,NA,2,5,6,3702,0,0,0,NA,0,012,BROADWAY,G ST,165,S,N,A,-,N,NA,NA,NA,NA,NA,NA,NA,NA,NA,Y,4,0,3,2,A,-,09,21801,A,N,D,C,A,A,H,-,C,D,0,NA,NA,NA,NA,Y,NA,A,01,0,0,3,0,0,0,0,0,0,-,-,NA,NA,SAN DIEGO,CHULA VISTA,-117.09064899,32.63397906
6376521,2014,2014-06-26,3711,2014-02-05,1953,6635,NA,3,5,7,3711,0,0,0,NA,0,931,SORRENTO VALLEY BL,WINDWARD RIDGE WY,80,E,N,A,-,N,NA,NA,NA,NA,NA,NA,NA,NA,NA,Y,4,0,2,1,C,-,18,NA,NA,N,H,H,A,A,H,-,C,A,0,NA,NA,NA,NA,Y,NA,-,-,0,0,2,0,0,0,0,0,0,-,-,NA,NA,SAN DIEGO,SAN DIEGO,-117.18044028,32.91954666
6376651,2014,2014-06-19,3711,2014-02-02,1755,4654,SANDI,7,5,7,3711,0,0,0,NA,0,326,MONTEZUMA RD,54TH ST,0,NA,Y,A,-,N,NA,NA,NA,NA,NA,NA,NA,NA,NA,Y,4,0,2,2,A,-,12,21453,A,N,D,C,A,A,H,-,C,A,0,NA,NA,NA,NA,Y,NA,-,NA,0,0,2,0,0,0,0,0,0,-,-,NA,NA,SAN DIEGO,SAN DIEGO,-117.07948003,32.7711201
6376680,2014,2014-06-19,3711,2014-02-01,1948,6526,NA,6,5,7,3711,0,0,0,NA,0,512,S 30TH ST,OCEANVIEW BL,27,N,N,A,-,N,NA,NA,NA,NA,NA,NA,NA,NA,NA,Y,3,0,1,2,A,-,05,21651,B,N,A,C,A,A,H,-,C,A,0,NA,NA,NA,NA,Y,Y,-,NA,0,1,0,0,0,0,0,0,0,-,-,NA,NA,SAN DIEGO,SAN DIEGO,-117.12952,32.70124396
6377669,2014,2014-07-21,9645,2014-01-27,0840,14692,NA,1,1,7,3711,0,1,1,NA,2,005,RT 5,RT 8,0,E,-,A,-,Y,NA,NA,5,NA,NA,NA,NA,NA,NA,Y,4,0,1,1,A,-,08,22107,NA,N,E,I,A,A,H,-,A,D,0,NA,NA,NA,NA,Y,NA,A,01,0,0,1,0,0,0,0,0,0,TO,-,32.76003,-117.20477,SAN DIEGO,SAN DIEGO,-117.20427145,32.7601562
6381856,2014,2014-06-18,3708,2014-02-11,1913,1214,400,2,5,5,3708,0,0,0,NA,0,001,UNIVERSITY AV,LOWELL ST,1,E,N,A,-,N,NA,NA,NA,NA,NA,NA,NA,NA,NA,Y,3,0,2,2,A,-,12,21453,A,N,D,C,A,A,H,-,C,A,0,NA,NA,NA,NA,Y,NA,A,01,0,1,1,0,0,0,0,0,0,-,-,NA,NA,SAN DIEGO,LA MESA,-117.03722744,32.75780168
6385284,2014,2016-02-04,9680,2014-02-08,0400,019765,NA,6,3,9,3700,0,1,3,NA,1,017,RT 67,GOLD BAR LN,0,NA,Y,A,-,Y,SD,11,67,-,-,7.09,H,-,N,Y,3,0,1,1,A,-,01,23152,A,N,E,I,A,A,H,-,C,A,0,NA,NA,NA,NA,Y,Y,A,01,0,1,0,0,0,0,0,0,0,-,-,32.87993,-116.9264,SAN DIEGO,UNINCORPORATED,-116.96226741,32.80318547
6386728,2014,2016-01-23,9680,2014-02-15,1200,019490,NA,6,1,9,3700,0,1,3,NA,1,040,RT 94,OTAY LAKES RD,14256,E,N,A,-,Y,SD,11,94,-,-,27.69,H,-,W,Y,2,0,1,1,A,-,03,22350,NA,N,H,A,A,A,H,-,A,D,0,NA,NA,Y,NA,Y,NA,C,02,1,0,0,0,0,0,0,0,1,-,-,32.65043,-116.78759,SAN DIEGO,UNINCORPORATED,-116.78731177,32.65033626
6387193,2014,2014-06-17,9645,2014-02-12,0830,13111,NA,3,1,7,3711,0,1,3,NA,2,023,RT 5,6TH AV,6,S,N,A,-,Y,NA,NA,5,NA,NA,NA,NA,NA,NA,Y,4,0,1,1,A,-,01,23152,E,N,E,I,A,A,H,-,A,D,0,NA,NA,NA,NA,Y,NA,A,01,0,0,1,0,0,0,0,0,0,FR,-,32.72338,-117.15937,SAN DIEGO,SAN DIEGO,-117.1592898,32.72317818
6388132,2014,2014-06-16,3711,2014-02-11,0927,5990,SDPD,2,5,7,3711,0,0,0,NA,0,124,GIRARD AV,TORREY PINES RD,0,NA,N,B,-,N,NA,NA,NA,NA,NA,NA,NA,NA,NA,Y,3,0,1,2,A,-,-,NA,NA,N,C,C,A,A,H,-,A,A,0,NA,NA,NA,NA,Y,NA,-,NA,0,1,0,0,0,0,0,0,0,-,-,32.84188,-117.27296,SAN DIEGO,SAN DIEGO,-117.27295001,32.8419401
6388139,2014,2014-06-16,3711,2014-02-08,1600,4849,NA,6,5,7,3711,0,0,0,NA,0,512,IMPERIAL AV,IMPERIAL AV 2900,0,NA,N,-,-,N,NA,NA,NA,NA,NA,NA,NA,NA,NA,N,3,0,1,2,A,-,11,21954,A,N,G,-,E,-,-,-,A,D,0,Y,NA,NA,NA,Y,NA,N,60,0,1,0,0,1,0,0,0,0,-,-,NA,NA,SAN DIEGO,SAN DIEGO,-117.1321097,32.70638618
6388144,2014,2014-06-13,3711,2014-02-07,2300,6992,NA,5,5,7,3711,0,0,0,NA,0,521,MARKET ST,17TH ST,60,W,N,B,-,N,NA,NA,NA,NA,NA,NA,NA,NA,NA,N,4,0,1,2,A,-,07,21658,A,N,B,C,A,A,H,-,C,D,0,NA,NA,NA,NA,Y,NA,-,NA,0,0,1,0,0,0,0,0,0,-,-,NA,NA,SAN DIEGO,SAN DIEGO,-117.1487444,32.71153784
6390704,2014,2014-06-18,9650,2014-02-08,1915,17621,NA,6,2,9,3700,0,3,5,NA,1,212,LILAC RD,OLD CASTLE RD,0,NA,Y,A,-,N,NA,NA,NA,NA,NA,NA,NA,NA,NA,Y,3,0,1,2,A,-,01,23152,A,N,-,C,A,A,H,-,D,A,0,NA,NA,NA,NA,Y,Y,D,22,0,1,0,0,0,0,0,0,0,-,-,33.25612,-117.06847,SAN DIEGO,UNINCORPORATED,-117.06830001,33.25604011
6393558,2014,2014-06-19,3701,2014-02-10,1522,5205,104,1,5,5,3701,0,0,0,NA,0,008,ESTRELLA DE MAR,ARENAL DR,0,NA,Y,A,-,N,NA,NA,NA,NA,NA,NA,NA,NA,NA,N,4,0,1,2,A,-,09,21802,A,N,B,C,A,A,H,-,A,A,0,NA,NA,NA,NA,Y,NA,A,07,0,0,1,0,0,0,0,0,0,-,-,NA,NA,SAN DIEGO,CARLSBAD,-117.26655,33.0943601
6393697,2014,2014-06-18,9645,2014-02-09,0220,19563,NA,7,3,5,3709,0,1,1,NA,2,001,RT 5,H ST,43,N,N,A,-,Y,NA,NA,NA,NA,NA,NA,NA,NA,NA,Y,4,0,3,3,A,-,01,23152,A,N,C,C,A,A,H,-,C,A,0,NA,NA,NA,NA,Y,Y,A,01,0,0,3,0,0,0,0,0,0,TO,-,32.62955,-117.0964,SAN DIEGO,NATIONAL CITY,-117.09604293,32.62924204
6395401,2014,2015-11-10,9650,2014-02-05,0750,12168,NA,3,1,6,3706,0,1,3,NA,2,019,RT 78,RT 15,800,W,N,A,-,Y,SD,11,78,-,R,16.14,H,-,E,Y,4,0,3,5,A,-,03,22350,NA,N,C,C,A,A,H,-,A,D,1,NA,NA,NA,NA,Y,NA,A,01,0,0,3,0,0,0,0,0,0,-,-,33.12736,-117.086,SAN DIEGO,ESCONDIDO,-117.11136993,33.12761767
6396803,2014,2014-06-05,3710,2014-02-16,0940,OC1261,NA,7,5,6,3710,0,0,0,NA,0,026,RANCHO DEL ORO,TRIESTE WY,10,N,N,A,-,N,NA,NA,NA,NA,NA,NA,NA,NA,NA,Y,4,0,1,2,A,-,03,22350,NA,N,C,C,A,A,H,-,A,A,0,NA,NA,NA,NA,Y,NA,A,01,0,0,1,0,0,0,0,0,0,-,-,NA,NA,SAN DIEGO,OCEANSIDE,-117.30842632,33.18952722
6399062,2014,2014-06-23,3702,2014-02-24,2315,CV1091,NA,1,5,6,3702,0,0,0,NA,0,021,BROADWAY,MAIN ST,114,N,N,A,-,N,NA,NA,NA,NA,NA,NA,NA,NA,NA,Y,3,0,1,3,A,-,03,22350,NA,M,C,C,A,A,H,-,C,A,0,NA,NA,NA,NA,Y,NA,A,01,0,1,0,0,0,0,0,0,0,-,-,NA,NA,SAN DIEGO,CHULA VISTA,-117.07538198,32.59503397
6399126,2014,2014-06-19,3702,2014-02-03,0830,CV0720,NA,1,5,6,3702,0,0,0,NA,0,014,EAST L ST,MISSION AV,6,W,N,A,-,N,NA,NA,NA,NA,NA,NA,NA,NA,NA,N,4,0,1,2,D,-,00,NA,NA,N,B,C,A,B,H,-,A,D,0,NA,NA,NA,NA,Y,NA,-,-,0,0,1,0,0,0,0,0,0,-,-,NA,NA,SAN DIEGO,CHULA VISTA,-117.04791592,32.62750059
6401397,2014,2014-06-18,3710,2014-02-09,1720,OC1355,NA,7,5,6,3710,0,0,0,NA,0,016,DOUGLAS,EL CAMINO REAL,620,N,N,A,-,N,NA,NA,NA,NA,NA,NA,NA,NA,NA,N,3,0,1,2,A,-,07,21658,A,F,B,C,A,A,H,-,B,D,0,NA,NA,Y,NA,Y,NA,A,01,0,1,0,0,0,0,0,0,1,-,-,NA,NA,SAN DIEGO,OCEANSIDE,-117.32491289,33.23257978
6404400,2014,2015-11-09,9645,2014-02-26,1310,14922,NA,3,1,5,3709,0,1,3,NA,2,008,RT 54,RT 805,200,W,N,A,-,Y,SD,11,54,-,-,1.93,H,-,W,Y,4,0,1,1,A,-,08,22107,NA,N,E,J,A,A,C,-,A,D,1,NA,NA,NA,NA,Y,NA,A,01,0,0,1,0,0,0,0,0,0,-,-,32.69515,-117.07842,SAN DIEGO,NATIONAL CITY,-117.07379495,32.65854424
6404403,2014,2016-02-01,9680,2014-02-24,1615,016891,NA,1,2,9,3700,0,1,3,NA,1,051,RT 79,CHIHUAHUA VALLEY RD,2640,N,N,A,-,Y,SD,11,79,-,-,46.28,H,-,N,Y,3,0,2,1,A,-,03,22350,NA,N,F,A,A,A,H,-,A,A,0,NA,NA,Y,NA,Y,NA,C,02,0,2,0,0,0,0,0,0,2,-,-,33.37787,-116.74636,SAN DIEGO,UNINCORPORATED,-116.74616371,33.37774193
6404902,2014,2016-01-25,3702,2014-02-26,0808,CV0669,NA,3,5,6,3702,0,0,0,NA,0,024,OLYMPIC PKWY,RT 805,360,E,N,A,-,Y,SD,11,805,-,-,4.224,R,4,N,Y,4,0,1,2,A,-,03,22350,NA,N,C,C,A,A,H,-,A,A,0,NA,NA,NA,Y,Y,NA,A,07,0,0,1,0,0,0,0,0,0,-,NF,NA,NA,SAN DIEGO,CHULA VISTA,-117.03614308,32.6030694
6405995,2014,2014-06-24,3711,2014-02-19,0925,6224,SO,3,5,7,3711,0,0,0,NA,0,831,44TH ST,ORANGE AV,0,NA,Y,A,-,N,NA,NA,NA,NA,NA,NA,NA,NA,NA,N,4,0,2,2,A,-,03,22350,NA,N,D,C,A,A,H,-,A,A,0,NA,NA,NA,NA,Y,NA,-,NA,0,0,2,0,0,0,0,0,0,-,-,NA,NA,SAN DIEGO,SAN DIEGO,-117.09977001,32.75316007
6407079,2014,2014-07-01,9680,2014-02-03,0700,18356,NA,1,1,9,3700,0,2,4,NA,1,021,DEHESA RD,SLOANE CANYON RD,528,E,N,B,-,N,NA,NA,NA,NA,NA,NA,NA,NA,NA,N,3,0,1,1,A,-,03,22350,NA,N,F,A,A,B,H,-,A,A,0,NA,NA,Y,NA,Y,NA,C,02,0,1,0,0,0,0,0,0,1,-,-,32.78127,-116.8514,SAN DIEGO,UNINCORPORATED,-116.85064243,32.78117892
6414104,2014,2014-06-11,3711,2014-01-30,1555,6018,NA,4,5,7,3711,0,0,0,NA,0,621,LINDA VISTA RD,COMSTOCK,12,N,N,B,-,N,NA,NA,NA,NA,NA,NA,NA,NA,NA,NA,3,0,2,2,A,-,12,21453,A,N,D,C,A,A,H,-,A,A,0,NA,NA,NA,NA,Y,NA,-,NA,0,1,1,0,0,0,0,0,0,-,-,NA,NA,SAN DIEGO,SAN DIEGO,-117.17172567,32.78340056
6417015,2014,2016-02-11,9650,2014-03-08,0335,017780,NA,6,3,3,3783,0,1,1,NA,2,007,RT 5,VIA DE LA VALLE,2112,N,N,A,-,Y,SD,11,5,-,R,36.66,H,-,S,Y,2,0,2,2,A,-,01,23152,A,N,C,C,A,A,H,-,C,D,1,NA,NA,NA,NA,Y,Y,A,01,1,1,0,0,0,0,0,0,0,-,-,32.9843,-117.25494,SAN DIEGO,SOLANA BEACH,-117.25506321,32.9852454