CASE_ID,ACCIDENT_YEAR,PROC_DATE,JURIS,COLLISION_DATE,COLLISION_TIME,OFFICER_ID,REPORTING_DISTRICT,DAY_OF_WEEK,CHP_SHIFT,POPULATION,CNTY_CITY_LOC,SPECIAL_COND,BEAT_TYPE,CHP_BEAT_TYPE,CITY_DIVISION_LAPD,CHP_BEAT_CLASS,BEAT_NUMBER,PRIMARY_RD,SECONDARY_RD,DISTANCE,DIRECTION,INTERSECTION,WEATHER_1,WEATHER_2,STATE_HWY_IND,CALTRANS_COUNTY,CALTRANS_DISTRICT,STATE_ROUTE,ROUTE_SUFFIX,POSTMILE_PREFIX,POSTMILE,LOCATION_TYPE,RAMP_INTERSECTION,SIDE_OF_HWY,TOW_AWAY,COLLISION_SEVERITY,NUMBER_KILLED,NUMBER_INJURED,PARTY_COUNT,PRIMARY_COLL_FACTOR,PCF_CODE_OF_VIOL,PCF_VIOL_CATEGORY,PCF_VIOLATION,PCF_VIOL_SUBSECTION,HIT_AND_RUN,TYPE_OF_COLLISION,MVIW,PED_ACTION,ROAD_SURFACE,ROAD_COND_1,ROAD_COND_2,LIGHTING,CONTROL_DEVICE,CHP_ROAD_TYPE,PEDESTRIAN_ACCIDENT,BICYCLE_ACCIDENT,MOTORCYCLE_ACCIDENT,TRUCK_ACCIDENT,NOT_PRIVATE_PROPERTY,ALCOHOL_INVOLVED,STWD_VEHTYPE_AT_FAULT,CHP_VEHTYPE_AT_FAULT,COUNT_SEVERE_INJ,COUNT_VISIBLE_INJ,COUNT_COMPLAINT_PAIN,COUNT_PED_KILLED,COUNT_PED_INJURED,COUNT_BICYCLIST_KILLED,COUNT_BICYCLIST_INJURED,COUNT_MC_KILLED,COUNT_MC_INJURED,PRIMARY_RAMP,SECONDARY_RAMP,LATITUDE,LONGITUDE,COUNTY,CITY,POINT_X,POINT_Y
6793547,2015,2016-04-07,3711,2015-01-16,1133,5762,NA,5,5,7,3711,0,0,0,NA,0,322,WARING RD,GREENBRIER AV,0,NA,Y,A,-,N,NA,NA,NA,NA,NA,NA,NA,NA,NA,N,3,0,1,3,A,-,12,21453,A,N,G,B,B,A,H,-,A,A,0,Y,NA,NA,NA,Y,NA,A,01,0,1,0,0,1,0,0,0,0,-,-,NA,NA,SAN DIEGO,SAN DIEGO,-117.07845002,32.79499006
6795098,2014,2016-02-23,3711,2014-12-30,1740,4507,SANDI,2,5,7,3711,0,0,0,NA,0,115,TOWNE CENTRE,GOLDEN HAVEN,0,NA,Y,B,C,N,NA,NA,NA,NA,NA,NA,NA,NA,NA,N,4,0,1,2,A,-,-,NA,NA,N,A,B,B,B,H,-,C,A,0,Y,NA,NA,NA,Y,NA,-,NA,0,0,1,0,1,0,0,0,0,-,-,NA,NA,SAN DIEGO,SAN DIEGO,-117.20704007,32.87001004
6795356,2014,2015-02-13,3708,2014-12-16,0933,LM1210,NA,2,5,5,3708,0,0,0,NA,0,004,FLETCHER PKWY,JACKSON DR,0,NA,Y,B,-,N,NA,NA,NA,NA,NA,NA,NA,NA,NA,Y,4,0,2,2,A,-,12,21453,A,N,D,C,A,A,H,-,A,A,0,NA,NA,NA,NA,Y,NA,A,01,0,0,2,0,0,0,0,0,0,-,-,NA,NA,SAN DIEGO,LA MESA,-117.01826005,32.77762001
6795808,2015,2015-02-23,3711,2015-01-22,1745,7016,MC,4,5,7,3711,0,0,0,NA,0,839,UNIVERSITY AV,37TH ST,120,W,N,A,-,N,NA,NA,NA,NA,NA,NA,NA,NA,NA,N,3,0,1,2,A,-,06,21750,NA,N,H,G,A,A,H,-,C,D,0,NA,Y,NA,NA,Y,NA,L,04,0,1,0,0,0,0,1,0,0,-,-,NA,NA,SAN DIEGO,SAN DIEGO,-117.11349898,32.74973
6796094,2014,2016-03-26,9645,2014-05-29,1920,019344,NA,4,2,7,3711,0,1,1,NA,2,010,RT 8,PRESIDIO DR,680,E,N,A,-,Y,SD,11,8,-,-,1.08,H,-,W,Y,3,0,1,2,A,-,01,23152,A,N,E,I,A,A,H,-,A,D,1,NA,NA,NA,NA,Y,Y,A,01,0,1,0,0,0,0,0,0,0,-,-,34.75971,-117.18472,SAN DIEGO,SAN DIEGO,-117.18711596,32.75973778
6796150,2014,2015-03-24,3700,2014-07-21,0956,SH2405,NA,1,5,5,3781,0,0,0,NA,0,509,AMINO DR,LETICIA DR,0,NA,Y,A,-,N,NA,NA,NA,NA,NA,NA,NA,NA,NA,N,3,0,1,1,A,-,03,22350,NA,N,E,I,A,A,H,-,A,D,0,NA,NA,NA,NA,Y,NA,-,NA,0,1,0,0,0,0,0,0,0,-,-,NA,NA,SAN DIEGO,SANTEE,-117.02279,32.84269003
6797616,2015,2016-10-04,9645,2015-01-15,0620,17473,NA,4,1,6,3702,0,1,1,NA,2,009,RT 805,BONITA RD,1000,N,N,A,-,Y,SD,11,805,-,-,8,H,-,N,Y,3,0,1,2,A,-,07,21658,A,N,B,C,A,A,H,-,D,D,1,NA,NA,Y,NA,Y,NA,A,01,0,1,0,0,0,0,0,0,1,-,-,32.65146,-117.06742,SAN DIEGO,CHULA VISTA,-117.06405684,32.64959064
6797629,2015,2015-02-24,3706,2015-01-26,1132,ES0322,NA,1,5,6,3706,0,0,0,NA,0,045,WASHINGTON DR,ROCK SPRINGS RD,113,E,N,C,-,N,NA,NA,NA,NA,NA,NA,NA,NA,NA,Y,3,0,1,1,A,-,03,22350,NA,N,E,I,A,B,H,-,A,D,0,NA,NA,NA,NA,Y,NA,A,07,0,1,0,0,0,0,0,0,0,-,-,NA,NA,SAN DIEGO,ESCONDIDO,-117.09565461,33.12329646
6799056,2015,2016-09-09,3711,2015-01-24,1926,6523,NA,6,5,7,3711,0,0,0,NA,0,314,MESA COLLEGE DR,RT 163,0,NA,Y,A,-,Y,SD,11,163,-,-,6.377,R,4,N,Y,3,0,1,2,A,-,12,21453,A,N,D,D,A,A,H,-,C,A,0,NA,NA,NA,NA,Y,NA,-,NA,0,1,0,0,0,0,0,0,0,-,NF,NA,NA,SAN DIEGO,SAN DIEGO,-117.15603603,32.79963248
6799139,2015,2016-10-19,9650,2015-01-17,2145,018406,NA,6,2,9,3700,0,1,1,NA,2,007,RT 5,LOMAS SANTA FE DR,1828,S,N,A,-,Y,SD,11,5,-,R,37.03,H,-,S,Y,4,0,2,2,A,-,03,22350,NA,N,B,C,A,A,H,-,D,D,1,NA,NA,NA,NA,Y,NA,A,01,0,0,2,0,0,0,0,0,0,-,-,32.99087,-117.25605,SAN DIEGO,UNINCORPORATED,-117.25593006,32.9905934
6800974,2014,2015-03-06,3700,2014-12-01,1120,SH5728,NA,1,5,5,3782,0,0,0,NA,0,224,MANCHESTER AV,MANCHESTER AV 3500 BLOCK,877,S,N,B,-,N,NA,NA,NA,NA,NA,NA,NA,NA,NA,Y,4,0,2,2,A,-,03,22350,NA,N,C,C,A,A,H,-,A,A,0,NA,NA,NA,NA,Y,NA,A,01,0,0,2,0,0,0,0,0,0,-,-,NA,NA,SAN DIEGO,ENCINITAS,NA,NA
6800989,2015,2015-02-27,9650,2015-01-26,1745,017743,NA,1,2,9,3700,0,3,5,NA,2,006,S MAIN AV,AMMUNITION RD,400,N,N,A,-,N,NA,NA,NA,NA,NA,NA,NA,NA,NA,N,4,0,1,2,A,-,09,21804,A,F,G,G,A,A,H,-,C,D,0,NA,Y,NA,NA,Y,NA,D,22,0,0,1,0,0,0,1,0,0,-,-,33.37218,-117.25132,SAN DIEGO,UNINCORPORATED,-117.25141033,33.37222645
6806123,2015,2016-09-09,9645,2015-01-19,1108,12733,9645,1,1,7,3711,0,1,3,NA,2,023,RT 163,ROBINSON AV,450,S,N,A,-,Y,SD,11,163,-,-,2.4,H,-,S,Y,4,0,1,3,A,-,03,22350,NA,N,C,C,A,A,H,-,A,D,1,NA,NA,NA,NA,Y,NA,A,01,0,0,1,0,0,0,0,0,0,-,-,32.74224,-117.1566,SAN DIEGO,SAN DIEGO,-117.156532,32.7454655
6806451,2015,2016-09-08,9645,2015-02-02,0815,14909,NA,1,1,7,3711,0,1,3,NA,2,016,RT 52,WEST HILLS PKWY,20,E,N,A,-,Y,SD,11,52,-,-,13.67,H,-,W,Y,4,0,2,2,A,-,03,22350,NA,N,C,C,A,A,H,-,A,D,1,NA,NA,NA,NA,Y,NA,A,01,0,0,2,0,0,0,0,0,0,-,-,32.8401,-117.0234,SAN DIEGO,SAN DIEGO,-117.02341864,32.84006918
6806478,2015,2017-07-21,9645,2015-01-23,0750,19257,NA,5,1,7,3711,0,1,1,NA,2,010,RT 8,RT 805,528,E,N,A,-,Y,SD,11,8,-,-,5.02,H,-,W,Y,4,0,1,3,A,-,03,22350,NA,N,C,C,A,A,H,-,A,D,1,NA,NA,NA,NA,Y,NA,D,22,0,0,1,0,0,0,0,0,0,-,-,32.77576,-117.1233,SAN DIEGO,SAN DIEGO,-117.12235261,32.77634161
6806809,2015,2016-10-19,9650,2015-01-27,0755,013452,NA,2,1,5,3701,0,1,1,NA,2,005,RT 5,POINSETTIA LN,3168,N,N,A,-,Y,SD,11,5,-,R,46.17,H,-,S,N,4,0,1,3,A,-,03,22350,NA,N,C,C,A,A,H,-,A,D,1,NA,NA,NA,NA,Y,NA,A,01,0,0,1,0,0,0,0,0,0,-,-,33.1114,-117.31567,SAN DIEGO,CARLSBAD,-117.31558902,33.11103981
6806831,2015,2016-10-04,9645,2015-01-23,1350,020857,NA,5,1,6,3702,0,1,1,NA,2,009,RT 805,ORANGE AV,500,S,N,A,-,Y,SD,11,805,-,-,4.33,H,-,N,Y,4,0,1,1,A,-,08,22107,NA,N,E,I,A,A,H,-,A,D,1,NA,NA,NA,NA,Y,NA,A,01,0,0,1,0,0,0,0,0,0,-,-,32.60165,-117.0362,SAN DIEGO,CHULA VISTA,-117.03613255,32.60461497
6811935,2015,2015-02-27,3702,2015-01-10,1424,CV1053,NA,6,5,6,3702,0,0,0,NA,0,021,BROADWAY,NAPLES ST,240,N,N,B,-,N,NA,NA,NA,NA,NA,NA,NA,NA,NA,Y,4,0,1,2,A,-,03,22350,NA,N,C,C,A,A,H,-,A,D,0,NA,NA,NA,NA,Y,NA,A,01,0,0,1,0,0,0,0,0,0,-,-,NA,NA,SAN DIEGO,CHULA VISTA,-117.0816732,32.61085434
6814243,2015,2016-10-11,9645,2015-02-12,1750,16548,NA,4,2,7,3711,0,1,1,NA,2,021,RT 15,FRIARS RD,500,N,N,A,-,Y,SD,11,15,-,R,7.1,H,-,N,N,4,0,1,2,A,-,03,22350,NA,N,C,C,A,A,H,-,D,D,1,NA,NA,NA,NA,Y,NA,J,48,0,0,1,0,0,0,0,0,0,-,-,32.79455,-117.11199,SAN DIEGO,SAN DIEGO,-117.11231424,32.79229112
6814970,2015,2015-04-27,3711,2015-03-17,1106,4864,3711,2,5,7,3711,0,0,0,NA,0,521,E ST,16TH ST,0,NA,Y,A,-,N,NA,NA,NA,NA,NA,NA,NA,NA,NA,Y,4,0,1,3,A,-,12,21453,A,N,D,C,A,A,H,-,A,A,0,NA,NA,NA,NA,Y,NA,J,48,0,0,1,0,0,0,0,0,0,-,-,NA,NA,SAN DIEGO,SAN DIEGO,-117.14944004,32.71471007
6815793,2015,2016-09-06,9645,2015-02-04,0100,013292,NA,3,3,6,3702,0,1,1,NA,2,001,RT 5,J ST,1000,S,N,B,-,Y,SD,11,5,-,-,7.05,H,-,N,Y,3,0,1,1,A,-,01,23152,A,N,E,I,A,A,H,-,C,D,1,NA,NA,NA,NA,Y,Y,A,01,0,1,0,0,0,0,0,0,0,-,-,32.61933,-117.09184,SAN DIEGO,CHULA VISTA,-117.09173121,32.61868291
6815822,2015,2015-03-05,3711,2015-02-03,0924,6443,NA,2,5,7,3711,0,0,0,NA,0,839,UNIVERSITY AV,SWIFT AV,0,NA,Y,-,-,N,NA,NA,NA,NA,NA,NA,NA,NA,NA,N,4,0,1,2,A,-,10,21950,A,N,G,B,B,A,H,-,A,A,0,Y,NA,NA,NA,Y,NA,-,NA,0,0,1,0,1,0,0,0,0,-,-,NA,NA,SAN DIEGO,SAN DIEGO,-117.11928004,32.74977003
6815826,2015,2015-03-05,3711,2015-02-02,1845,6499,NA,1,5,7,3711,0,0,0,NA,0,443,EPSILON ST,S 41ST ST,117,E,N,A,-,N,NA,NA,NA,NA,NA,NA,NA,NA,NA,N,3,0,1,2,A,-,03,22350,NA,N,G,B,D,A,H,-,C,D,0,Y,NA,NA,NA,Y,NA,N,60,0,1,0,0,0,0,0,0,0,-,-,NA,NA,SAN DIEGO,SAN DIEGO,-117.10556102,32.68770176
6816048,2015,2016-10-18,9645,2015-01-29,1730,18801,NA,4,2,7,3711,0,1,1,NA,2,021,RT 15,UNIVERSITY AV,1056,S,N,B,C,Y,SD,11,15,-,M,4.45,H,-,S,N,4,0,1,2,A,-,03,22350,NA,F,C,C,A,B,H,-,C,D,1,NA,NA,NA,NA,Y,NA,A,01,0,0,1,0,0,0,0,0,0,-,-,32.74325,-117.11136,SAN DIEGO,SAN DIEGO,-117.10907762,32.74695612
6816282,2015,2016-10-26,9645,2015-02-04,0815,14804,NA,3,1,7,3711,0,1,3,NA,2,006,RT 94,30TH ST,528,E,N,A,-,Y,SD,11,94,-,-,2.56,H,-,W,Y,4,0,1,2,A,-,03,22350,NA,N,C,C,A,A,H,-,A,D,1,NA,NA,NA,NA,Y,NA,A,01,0,0,1,0,0,0,0,0,0,-,-,32.71548,-117.12445,SAN DIEGO,SAN DIEGO,-117.12813232,32.71414616
6816464,2014,2015-02-17,3702,2014-12-25,0200,CV1096,NA,4,5,6,3702,0,0,0,NA,0,022,3RD AV,MOSS ST,90,S,N,A,-,N,NA,NA,NA,NA,NA,NA,NA,NA,NA,Y,3,0,1,2,A,-,11,21955,NA,F,G,B,D,A,H,-,C,A,0,Y,NA,NA,NA,Y,Y,N,60,0,1,0,0,1,0,0,0,0,-,-,NA,NA,SAN DIEGO,CHULA VISTA,-117.0703343,32.61688717
6817163,2014,2015-02-20,3705,2014-11-19,1212,EC0272,NA,3,5,5,3705,0,0,0,NA,0,008,GROSSMONT AV,CHASE AV,100,N,N,A,-,N,NA,NA,NA,NA,NA,NA,NA,NA,NA,Y,4,0,2,2,A,-,03,22350,NA,F,C,C,A,A,H,-,A,D,0,NA,NA,NA,NA,Y,NA,A,01,0,0,2,0,0,0,0,0,0,-,-,NA,NA,SAN DIEGO,EL CAJON,-116.97770893,32.78264484
6817761,2015,2015-03-09,3706,2015-02-08,1700,ES0412,NA,7,5,6,3706,0,0,0,NA,0,051,VIA RANCHO PKWY,BEETHOVEN DR,0,NA,Y,A,-,N,NA,NA,NA,NA,NA,NA,NA,NA,NA,Y,3,0,1,2,A,-,03,22350,NA,N,B,C,A,A,H,-,A,A,0,NA,NA,Y,NA,Y,NA,C,02,0,1,0,0,0,0,0,0,1,-,-,NA,NA,SAN DIEGO,ESCONDIDO,-117.06099008,33.06919007
6817805,2015,2015-03-09,3706,2015-02-08,1756,ES0364,NA,7,5,6,3706,0,0,0,NA,0,041,EL NORTE PKWY,ESCONDIDO BL,42,N,N,A,-,N,NA,NA,NA,NA,NA,NA,NA,NA,NA,N,4,0,1,2,A,-,09,21804,A,N,G,B,D,A,H,-,E,D,0,Y,NA,NA,NA,Y,NA,D,22,0,0,1,0,1,0,0,0,0,-,-,NA,NA,SAN DIEGO,ESCONDIDO,-117.0925215,33.13937156
6820186,2015,2015-03-20,3711,2015-02-09,0910,6768,NA,1,5,7,3711,0,0,0,NA,0,451,54TH ST,WESTOVER PL,0,NA,Y,A,-,N,NA,NA,NA,NA,NA,NA,NA,NA,NA,N,4,0,1,2,A,-,08,22107,NA,N,B,C,A,A,H,-,A,A,0,NA,NA,NA,NA,Y,NA,-,-,0,0,1,0,0,0,0,0,0,-,-,NA,NA,SAN DIEGO,SAN DIEGO,-117.08401013,32.72483007
6820584,2015,2015-03-12,3711,2015-02-06,0921,7187,NA,5,5,7,3711,0,0,0,NA,0,813,MONROE AV,ARIZONA ST,108,W,N,A,-,N,NA,NA,NA,NA,NA,NA,NA,NA,NA,Y,4,0,1,2,A,-,08,22107,NA,N,B,C,A,A,H,-,A,D,0,NA,NA,NA,NA,Y,NA,-,NA,0,0,1,0,0,0,0,0,0,-,-,NA,NA,SAN DIEGO,SAN DIEGO,-117.13797007,32.75912453
6820586,2015,2015-03-10,3711,2015-02-08,2000,5133,NA,7,5,7,3711,0,0,0,NA,0,441,SUPERBA ST,S 38TH ST,0,NA,Y,A,-,N,NA,NA,NA,NA,NA,NA,NA,NA,NA,N,3,0,1,2,A,-,21,22106,NA,M,H,G,A,A,H,-,C,D,0,NA,Y,NA,NA,Y,NA,-,99,0,1,0,0,0,0,1,0,0,-,-,NA,NA,SAN DIEGO,SAN DIEGO,-117.11253006,32.70400003
6820756,2015,2016-10-11,9650,2015-01-27,0745,13696,NA,2,1,6,3706,0,1,1,NA,2,023,RT 15,EL NORTE PKWY,1584,S,N,A,-,Y,SD,11,15,-,R,32.53,H,-,S,Y,3,0,2,3,A,-,08,22107,NA,N,B,C,A,A,H,-,A,D,1,NA,NA,NA,NA,Y,NA,A,08,0,1,1,0,0,0,0,0,0,-,-,33.13982,-117.10511,SAN DIEGO,ESCONDIDO,-117.10492944,33.14203114
6821034,2015,2015-08-06,3701,2015-01-23,2225,5444,68,5,5,5,3701,0,0,0,NA,0,002,CARLSBAD BL,SEQUOIA  AV,2112,S,N,A,-,N,NA,NA,NA,NA,NA,NA,NA,NA,NA,Y,4,0,1,2,A,-,03,22350,NA,N,C,E,A,A,H,-,D,D,0,NA,NA,NA,NA,Y,NA,A,07,0,0,1,0,0,0,0,0,0,-,-,NA,NA,SAN DIEGO,CARLSBAD,-117.34094989,33.14202253
6821161,2015,2015-03-17,3710,2015-02-03,1812,OC1355,NA,2,5,6,3710,0,0,0,NA,0,016,DOUGLAS DR,PALA RD,265,S,N,A,-,N,NA,NA,NA,NA,NA,NA,NA,NA,NA,Y,3,0,3,3,D,-,00,NA,NA,F,C,C,A,A,H,-,C,D,0,NA,NA,NA,NA,Y,NA,-,-,0,1,2,0,0,0,0,0,0,-,-,NA,NA,SAN DIEGO,OCEANSIDE,-117.32275632,33.23729893
6821384,2015,2016-11-04,3710,2015-02-14,1850,OC0891,NA,6,5,6,3710,0,0,0,NA,0,022,RT 76,MELROSE DR,0,NA,Y,A,-,Y,SD,11,76,-,R,7.75,H,-,E,N,4,0,1,2,A,-,03,22350,NA,F,C,C,A,A,H,-,C,A,0,NA,NA,NA,NA,Y,NA,-,NA,0,0,1,0,0,0,0,0,0,-,-,NA,NA,SAN DIEGO,OCEANSIDE,-117.26514145,33.25160231
6822060,2015,2016-09-08,9680,2015-01-30,1830,16981,NA,5,2,9,3700,0,1,3,NA,2,016,RT 67,RIVERFORD RD,287,N,N,B,-,Y,SD,11,67,-,R,3.99,H,-,N,Y,4,0,1,2,A,-,03,22350,NA,N,C,C,A,A,H,-,C,D,1,NA,NA,NA,NA,Y,NA,A,01,0,0,1,0,0,0,0,0,0,-,-,32.85532,-116.9449,SAN DIEGO,UNINCORPORATED,-116.94489673,32.8552233
6823815,2015,2015-03-11,3700,2015-01-28,1620,SH2497,NA,3,5,5,3712,0,0,0,NA,0,353,EAST MISSION RD,BENNETT AV,484,W,N,A,-,N,NA,NA,NA,NA,NA,NA,NA,NA,NA,Y,3,0,1,2,A,-,09,21801,A,N,D,C,A,A,H,-,A,D,0,NA,NA,NA,NA,Y,NA,I,11,0,1,0,0,0,0,0,0,0,-,-,NA,NA,SAN DIEGO,SAN MARCOS,-117.13046026,33.13635616
6824177,2015,2016-09-09,9680,2015-02-18,1835,019270,NA,3,2,5,3705,0,1,3,NA,2,016,RT 67,FLETCHER PKWY,1700,N,N,A,-,Y,SD,11,67,-,R,0.66,H,-,S,Y,4,0,2,3,A,-,03,22350,NA,N,C,C,A,A,H,-,C,D,1,NA,NA,NA,NA,Y,NA,A,01,0,0,2,0,0,0,0,0,0,-,-,32.81084,-116.96217,SAN DIEGO,EL CAJON,-116.9619188,32.81266596
6824236,2015,2016-10-26,9680,2015-02-10,1510,019270,NA,2,2,4,3720,0,1,3,NA,1,023,RT 94,COLLEGE AV,675,W,N,A,-,Y,SD,11,94,-,-,7.63,H,-,W,Y,4,0,4,8,A,-,03,22350,NA,F,C,C,A,A,H,-,A,D,1,NA,NA,NA,NA,Y,NA,-,99,0,0,4,0,0,0,0,0,0,-,-,32.73975,-117.05338,SAN DIEGO,LEMON GROVE,-117.05242774,32.74073235
6824355,2015,2015-03-19,3700,2015-02-05,0943,SH5865,NA,4,5,5,3712,0,0,0,NA,0,360,WEST SAN MARCOS BL,BENT AV,400,E,N,A,-,N,NA,NA,NA,NA,NA,NA,NA,NA,NA,Y,3,0,1,2,A,-,07,21658,A,N,C,C,A,A,H,-,A,D,0,NA,NA,NA,NA,Y,NA,A,01,0,1,0,0,0,0,0,0,0,-,-,NA,NA,SAN DIEGO,SAN MARCOS,-117.18078807,33.13676994
6825705,2015,2015-03-06,3702,2015-01-09,1640,CV1094,NA,5,5,6,3702,0,0,0,NA,0,042,ST CLAIRE,OTAY LAKES RD,0,NA,Y,A,-,N,NA,NA,NA,NA,NA,NA,NA,NA,NA,Y,4,0,3,2,A,-,12,21453,A,N,D,C,A,A,H,-,B,A,0,NA,NA,NA,NA,Y,NA,A,01,0,0,3,0,0,0,0,0,0,-,-,NA,NA,SAN DIEGO,CHULA VISTA,-116.97597001,32.64370009
6826274,2015,2015-03-19,3702,2015-02-13,1044,CV1012,NA,5,5,6,3702,0,0,0,NA,0,022,TWIN OAKS AV,EMERSON ST,0,NA,Y,A,-,N,NA,NA,NA,NA,NA,NA,NA,NA,NA,N,4,0,1,2,A,-,21,22106,NA,N,D,C,A,A,H,-,A,D,0,NA,NA,NA,NA,Y,NA,A,01,0,0,1,0,0,0,0,0,0,-,-,NA,NA,SAN DIEGO,CHULA VISTA,-117.06568008,32.61270002
6826686,2015,2016-10-12,9680,2015-02-18,2035,17389,NA,3,2,5,3708,0,1,1,NA,2,081,RT 8,SEVERIN DR,528,W,N,A,-,Y,SD,11,8,-,-,12.286,R,2,E,Y,4,0,1,2,A,-,03,22350,NA,N,C,C,A,A,H,-,D,D,1,NA,NA,Y,NA,Y,NA,C,02,0,0,1,0,0,0,0,0,1,-,-,32.77885,-116.9996,SAN DIEGO,LA MESA,-117.00298795,32.77783111
6826974,2015,2016-09-27,9680,2015-02-04,1205,14631,NA,3,1,9,3700,0,1,3,NA,2,028,RT 125,JAMACHA RD,1243,N,N,A,-,Y,SD,11,125,-,-,10.88,H,-,S,Y,4,0,1,2,A,-,08,22107,NA,F,E,I,A,A,H,-,A,D,1,NA,NA,NA,NA,Y,NA,A,01,0,0,1,0,0,0,0,0,0,-,-,32.71824,-117.01495,SAN DIEGO,UNINCORPORATED,-117.01483608,32.71798142
6827578,2014,2015-03-11,3711,2014-12-16,1615,6208,SANDI,2,5,7,3711,0,0,0,NA,0,625,MORENA BL,TAYLOR ST,1056,N,N,B,C,N,NA,NA,NA,NA,NA,NA,NA,NA,NA,N,3,0,1,1,A,-,03,22350,NA,N,F,A,A,B,H,-,A,D,0,NA,NA,Y,NA,Y,NA,C,02,0,1,0,0,0,0,0,0,1,-,-,NA,NA,SAN DIEGO,SAN DIEGO,-117.1976272,32.75906742
6828811,2015,2015-03-16,3701,2015-02-13,0746,5417,116,5,5,5,3701,0,0,0,NA,0,008,LA COSTA AV,VIEJO CASTILLA WY,27,E,N,A,-,N,NA,NA,NA,NA,NA,NA,NA,NA,NA,Y,4,0,1,2,A,-,03,22350,NA,N,C,C,A,A,H,-,A,A,0,NA,NA,NA,NA,Y,NA,D,22,0,0,1,0,0,0,0,0,0,-,-,NA,NA,SAN DIEGO,CARLSBAD,-117.25251017,33.08626511
6830068,2015,2016-09-23,9645,2015-02-11,1715,16061,NA,3,2,7,3711,0,1,1,NA,2,005,RT 5,SEA WORLD DR,528,N,N,A,-,Y,SD,11,5,-,R,20.92,H,-,S,Y,4,0,2,3,A,-,03,22350,NA,N,C,C,A,A,H,-,A,D,1,NA,NA,NA,NA,Y,NA,A,01,0,0,2,0,0,0,0,0,0,-,-,NA,NA,SAN DIEGO,SAN DIEGO,-117.20712958,32.77136815
6832666,2015,2015-03-05,9680,2015-02-13,1125,18166,NA,5,1,9,3700,0,1,3,NA,1,030,GARRISON WY,BRADFORD RD,239,W,N,A,-,N,NA,NA,NA,NA,NA,NA,NA,NA,NA,Y,3,0,1,1,A,-,03,22350,NA,N,E,I,A,A,H,-,A,A,0,NA,NA,NA,NA,Y,NA,A,01,0,1,0,0,0,0,0,0,0,-,-,32.78949,-116.91529,SAN DIEGO,UNINCORPORATED,-116.91542707,32.78957851
6833626,2015,2016-09-13,3700,2015-02-13,1817,SH2619,NA,5,5,5,3712,0,0,0,NA,0,354,NORDAHL RD,RT 78,63,N,N,A,-,Y,SD,11,78,-,R,15.647,R,4,W,N,4,0,1,2,A,-,11,21955,NA,N,G,B,D,A,H,-,C,A,0,Y,NA,NA,NA,Y,Y,N,60,0,0,1,0,1,0,0,0,0,-,WF,NA,NA,SAN DIEGO,SAN MARCOS,-117.1189661,33.13114156
6835183,2015,2015-03-12,3711,2015-02-22,0038,6538,NA,7,5,7,3711,0,0,0,NA,0,822,UNIVERSITY AV,54TH ST,33,W,N,A,-,N,NA,NA,NA,NA,NA,NA,NA,NA,NA,Y,4,0,2,2,A,-,12,21453,A,N,D,C,A,A,H,-,C,A,0,NA,NA,NA,NA,Y,NA,-,NA,0,0,2,0,0,0,0,0,0,-,-,NA,NA,SAN DIEGO,SAN DIEGO,-117.07958286,32.74881479
6836056,2015,2016-11-02,9645,2015-02-17,0705,016156,NA,2,1,7,3711,0,1,3,NA,1,004,RT 75,GLORIETTA BL,300,N,N,B,-,Y,SD,11,75,-,R,20.2,H,-,S,Y,4,0,1,2,A,-,03,22350,NA,N,C,C,A,A,H,-,A,D,4,NA,NA,NA,NA,Y,NA,A,01,0,0,1,0,0,0,0,0,0,-,-,32.69144,-117.16796,SAN DIEGO,SAN DIEGO,-117.16790811,32.69154723
6837513,2015,2015-03-18,3710,2015-02-13,1730,OC1363,NA,5,5,6,3710,0,0,0,NA,0,008,STANLEY,SOUTH COAST HWY,128,E,N,A,-,N,NA,NA,NA,NA,NA,NA,NA,NA,NA,N,3,0,1,2,A,-,09,21804,A,N,D,G,A,A,H,-,B,D,0,NA,Y,NA,NA,Y,NA,L,04,0,1,0,0,0,0,1,0,0,-,-,NA,NA,SAN DIEGO,OCEANSIDE,-117.37089666,33.18615914
6837736,2015,2015-03-30,3711,2015-02-10,1628,7152,SANDI,2,5,7,3711,0,0,0,NA,0,431,ROSWELL ST,BEVERLY ST,20,E,N,A,-,N,NA,NA,NA,NA,NA,NA,NA,NA,NA,Y,3,0,1,2,A,-,09,21800,A,N,D,C,A,A,H,-,A,A,0,NA,NA,NA,NA,Y,NA,-,NA,0,1,0,0,0,0,0,0,0,-,-,NA,NA,SAN DIEGO,SAN DIEGO,-117.07680032,32.71534135
6840321,2015,2015-03-23,3700,2015-03-06,2320,SH1725,NA,5,5,5,3712,0,0,0,NA,0,355,SOUTH RANCHO SANTA FE RD,LA ROSA DR,100,N,N,A,-,N,NA,NA,NA,NA,NA,NA,NA,NA,NA,Y,3,0,2,2,A,-,01,23152,A,M,C,C,A,A,H,-,C,D,0,NA,NA,NA,NA,Y,Y,A,01,0,1,1,0,0,0,0,0,0,-,-,NA,NA,SAN DIEGO,SAN MARCOS,-117.20270666,33.14156353
6840537,2015,2016-10-04,9645,2015-02-23,0122,19496,NA,1,3,6,3702,0,1,1,NA,2,009,RT 805,PALOMAR ST,1000,N,N,C,-,Y,SD,11,805,-,-,5.25,H,-,N,Y,4,0,1,1,A,-,03,22350,NA,N,E,I,A,B,D,-,D,D,1,NA,NA,NA,NA,Y,NA,A,01,0,0,1,0,0,0,0,0,0,-,-,32.60954,-117.03638,SAN DIEGO,CHULA VISTA,-117.03889736000001,32.6175514
6841329,2015,2016-09-09,9680,2015-02-17,2100,17928,NA,2,2,9,3700,0,1,3,NA,1,090,RT 67,HUNTER ST,0,NA,Y,A,-,Y,SD,11,67,-,-,23.026,I,5,S,Y,4,0,2,2,A,-,01,23152,A,N,D,C,A,A,H,-,D,A,0,NA,NA,NA,NA,Y,Y,A,07,0,0,2,0,0,0,0,0,0,-,-,33.02987,-116.88723,SAN DIEGO,UNINCORPORATED,-116.88727153,33.02989551