CASE_ID,ACCIDENT_YEAR,PROC_DATE,JURIS,COLLISION_DATE,COLLISION_TIME,OFFICER_ID,REPORTING_DISTRICT,DAY_OF_WEEK,CHP_SHIFT,POPULATION,CNTY_CITY_LOC,SPECIAL_COND,BEAT_TYPE,CHP_BEAT_TYPE,CITY_DIVISION_LAPD,CHP_BEAT_CLASS,BEAT_NUMBER,PRIMARY_RD,SECONDARY_RD,DISTANCE,DIRECTION,INTERSECTION,WEATHER_1,WEATHER_2,STATE_HWY_IND,CALTRANS_COUNTY,CALTRANS_DISTRICT,STATE_ROUTE,ROUTE_SUFFIX,POSTMILE_PREFIX,POSTMILE,LOCATION_TYPE,RAMP_INTERSECTION,SIDE_OF_HWY,TOW_AWAY,COLLISION_SEVERITY,NUMBER_KILLED,NUMBER_INJURED,PARTY_COUNT,PRIMARY_COLL_FACTOR,PCF_CODE_OF_VIOL,PCF_VIOL_CATEGORY,PCF_VIOLATION,PCF_VIOL_SUBSECTION,HIT_AND_RUN,TYPE_OF_COLLISION,MVIW,PED_ACTION,ROAD_SURFACE,ROAD_COND_1,ROAD_COND_2,LIGHTING,CONTROL_DEVICE,CHP_ROAD_TYPE,PEDESTRIAN_ACCIDENT,BICYCLE_ACCIDENT,MOTORCYCLE_ACCIDENT,TRUCK_ACCIDENT,NOT_PRIVATE_PROPERTY,ALCOHOL_INVOLVED,STWD_VEHTYPE_AT_FAULT,CHP_VEHTYPE_AT_FAULT,COUNT_SEVERE_INJ,COUNT_VISIBLE_INJ,COUNT_COMPLAINT_PAIN,COUNT_PED_KILLED,COUNT_PED_INJURED,COUNT_BICYCLIST_KILLED,COUNT_BICYCLIST_INJURED,COUNT_MC_KILLED,COUNT_MC_INJURED,PRIMARY_RAMP,SECONDARY_RAMP,LATITUDE,LONGITUDE,COUNTY,CITY,POINT_X,POINT_Y
8033915,2016,2016-05-09,3710,2016-04-20,0708,OC1322,NA,3,5,6,3710,0,0,0,NA,0,032,MISSION AV,MISSION GATE DR,0,NA,Y,A,-,N,NA,NA,NA,NA,NA,NA,NA,NA,NA,Y,4,0,2,3,A,-,12,22450,A,N,D,C,A,A,H,-,A,D,0,NA,NA,NA,NA,Y,NA,A,01,0,0,2,0,0,0,0,0,0,-,-,NA,NA,SAN DIEGO,OCEANSIDE,-117.31282,33.23008009
8034651,2016,2016-05-04,3710,2016-04-12,0900,OC1322,NA,2,5,6,3710,0,0,0,NA,0,034,OCEANSIDE BL,AVENIDA DEL ORO,0,NA,Y,A,-,N,NA,NA,NA,NA,NA,NA,NA,NA,NA,N,3,0,1,2,A,-,12,21453,A,F,D,C,A,A,H,-,A,A,0,NA,NA,NA,NA,Y,NA,-,99,0,1,0,0,0,0,0,0,0,-,-,NA,NA,SAN DIEGO,OCEANSIDE,-117.28942012,33.20601005
8034652,2016,2016-05-04,3710,2016-04-23,1351,OC1279,NA,6,5,6,3710,0,0,0,NA,0,027,COLLEGE,BARNARD DR,66,S,N,A,-,N,NA,NA,NA,NA,NA,NA,NA,NA,NA,Y,3,0,1,2,A,-,08,38314,NA,N,C,C,A,A,H,-,A,A,0,NA,NA,Y,NA,Y,NA,C,02,0,1,0,0,0,0,0,0,1,-,-,NA,NA,SAN DIEGO,OCEANSIDE,-117.29649248,33.18603698
8035230,2016,2017-02-18,3711,2016-05-14,0821,7413,W,6,5,7,3711,0,0,0,NA,0,611,EAST MISSION BAY DR,RT 8,100,N,N,B,-,Y,SD,11,8,-,L,1.46,R,4,W,NA,3,0,1,3,A,-,03,22350,NA,N,C,C,A,D,H,-,A,A,0,NA,NA,Y,NA,Y,NA,C,06,0,1,0,0,0,0,0,0,1,-,WF,NA,NA,SAN DIEGO,SAN DIEGO,-117.21977705,32.75741742
8035281,2016,2016-06-06,3711,2016-05-11,1305,CLEM,NA,3,5,7,3711,0,0,0,NA,0,515,ISLAND AV,25TH ST,8,W,N,A,-,N,NA,NA,NA,NA,NA,NA,NA,NA,NA,Y,4,0,1,2,A,-,12,22450,A,N,D,C,A,A,H,-,A,A,0,NA,NA,NA,NA,Y,NA,-,-,0,0,1,0,0,0,0,0,0,-,-,NA,NA,SAN DIEGO,SAN DIEGO,-117.14022592,32.71053
8035282,2016,2016-05-27,3711,2016-05-05,0500,7350,SD,4,5,7,3711,0,0,0,NA,0,521,F ST,10TH AV,30,W,N,A,-,N,NA,NA,NA,NA,NA,NA,NA,NA,NA,Y,4,0,1,2,A,-,12,21453,A,N,-,C,A,A,H,-,B,A,0,NA,NA,NA,NA,Y,NA,-,NA,0,0,1,0,0,0,0,0,0,-,-,NA,NA,SAN DIEGO,SAN DIEGO,-117.1556972,32.71362891
8035866,2016,2016-04-29,3705,2016-04-06,1205,EC0295,NA,3,5,5,3705,0,0,0,NA,0,010,NORTH MOLLISON,FRIENDLY CIR,160,N,N,A,-,N,NA,NA,NA,NA,NA,NA,NA,NA,NA,N,4,0,1,1,A,-,03,22350,NA,N,F,A,A,A,H,-,A,D,0,NA,NA,Y,NA,Y,NA,C,02,0,0,1,0,0,0,0,0,1,-,-,NA,NA,SAN DIEGO,EL CAJON,-116.9509766,32.80182817
8036047,2016,2016-05-04,3708,2016-04-14,0357,LM1256,NA,4,5,5,3708,0,0,0,NA,0,004,CAMPINA DR,BARI CT,0,NA,Y,A,-,N,NA,NA,NA,NA,NA,NA,NA,NA,NA,N,3,0,1,2,A,-,09,21800,B,N,D,G,A,A,H,-,A,A,0,NA,Y,NA,Y,Y,NA,L,04,0,1,0,0,0,0,1,0,0,-,-,NA,NA,SAN DIEGO,LA MESA,-117.00114003,32.78488001
8037444,2016,2016-05-12,3711,2016-04-27,0730,5555,NA,3,5,7,3711,0,0,0,NA,0,524,A ST,6TH AV,150,E,N,A,-,N,NA,NA,NA,NA,NA,NA,NA,NA,NA,N,3,0,1,2,A,-,21,22106,NA,N,G,C,F,A,H,-,A,D,0,Y,NA,NA,NA,Y,NA,-,-,0,1,0,0,1,0,0,0,0,-,-,NA,NA,SAN DIEGO,SAN DIEGO,-117.15879407,32.71885034
8037511,2016,2016-05-12,3711,2016-04-27,0650,7412,SDPD,3,5,7,3711,0,0,0,NA,0,115,GENESEE AV,EXECUTIVE DR,27,N,N,A,-,N,NA,NA,NA,NA,NA,NA,NA,NA,NA,Y,3,0,2,2,A,-,12,21453,A,N,D,C,A,A,H,-,A,A,0,NA,NA,NA,NA,Y,NA,-,NA,0,1,1,0,0,0,0,0,0,-,-,NA,NA,SAN DIEGO,SAN DIEGO,-117.21415,32.87520397
8037573,2016,2016-05-11,3711,2016-04-30,1230,6268,NA,6,5,7,3711,0,0,0,NA,0,838,ORANGE AV,34TH ST,0,NA,Y,A,-,N,NA,NA,NA,NA,NA,NA,NA,NA,NA,Y,4,0,1,2,A,-,09,21801,A,N,D,C,A,A,H,-,A,D,0,NA,NA,NA,NA,Y,NA,A,01,0,0,1,0,0,0,0,0,0,-,-,NA,NA,SAN DIEGO,SAN DIEGO,-117.12048006,32.75331007
8037610,2016,2016-05-11,3711,2016-04-30,0150,5762,NA,6,5,7,3711,0,0,0,NA,0,327,COLLEGE AV,MONTEZUMA RD,0,NA,Y,A,-,N,NA,NA,NA,NA,NA,NA,NA,NA,NA,N,3,0,1,2,A,-,12,21453,A,M,-,B,B,A,H,-,C,A,0,Y,NA,NA,NA,Y,NA,-,NA,0,1,0,0,1,0,0,0,0,-,-,NA,NA,SAN DIEGO,SAN DIEGO,-117.06981001,32.77071008
8037613,2016,2016-05-11,3711,2016-04-27,0732,5888,SAN D,3,5,7,3711,0,0,0,NA,0,833,UNIVERSITY AV,FAIRMOUNT AV,60,E,N,A,-,N,NA,NA,NA,NA,NA,NA,NA,NA,NA,Y,4,0,1,2,A,-,08,22107,NA,N,B,C,A,A,H,-,A,A,0,NA,NA,NA,NA,Y,NA,-,NA,0,0,1,0,0,0,0,0,0,-,-,NA,NA,SAN DIEGO,SAN DIEGO,-117.10070575,32.74960809
8038081,2016,2016-05-17,3710,2016-04-13,1525,OC0740,NA,3,5,6,3710,0,0,0,NA,0,037,OCEANSIDE,MELROSE,0,NA,Y,A,-,N,NA,NA,NA,NA,NA,NA,NA,NA,NA,N,4,0,1,2,A,-,05,21650,1,N,D,G,A,A,H,-,A,A,0,NA,Y,NA,NA,Y,NA,L,04,0,0,1,0,0,0,1,0,0,-,-,NA,NA,SAN DIEGO,OCEANSIDE,-117.25928002,33.22082003
8039968,2016,2016-05-17,3700,2016-04-04,2121,SH0029,NA,1,5,5,3713,0,0,0,NA,0,303,OAK DR,MONTE MAR RD,396,S,N,A,-,N,NA,NA,NA,NA,NA,NA,NA,NA,NA,Y,3,0,1,4,A,-,01,23152,A,N,B,C,A,A,H,-,C,D,0,NA,NA,NA,NA,Y,Y,D,22,0,1,0,0,0,0,0,0,0,-,-,NA,NA,SAN DIEGO,VISTA,-117.22182,33.21831525
8040362,2016,2016-05-13,3700,2016-04-18,1628,SH3306,NA,1,5,5,3782,0,0,0,NA,0,206,LEUCADIA BL,NORTH EL CAMINO REAL,280,W,N,A,-,N,NA,NA,NA,NA,NA,NA,NA,NA,NA,Y,4,0,1,4,A,-,03,22350,NA,N,C,C,A,A,H,-,A,D,0,NA,NA,NA,NA,Y,NA,A,01,0,0,1,0,0,0,0,0,0,-,-,NA,NA,SAN DIEGO,ENCINITAS,-117.26331079,33.06769886
8040393,2016,2016-05-16,3700,2016-03-20,0010,SH0287,NA,7,5,5,3782,0,0,0,NA,0,212,LEUCADIA BL,SIDONIA ST,90,W,N,A,-,N,NA,NA,NA,NA,NA,NA,NA,NA,NA,Y,3,0,1,2,A,-,03,22350,NA,N,C,C,A,A,H,-,C,A,0,NA,NA,NA,NA,Y,NA,A,01,0,1,0,0,0,0,0,0,0,-,-,NA,NA,SAN DIEGO,ENCINITAS,-117.28088284,33.06516
8041661,2016,2016-05-26,3710,2016-04-29,0814,OC1390,NA,5,5,6,3710,0,0,0,NA,0,030,KIMBERLY,JOANN,0,NA,Y,A,-,N,NA,NA,NA,NA,NA,NA,NA,NA,NA,N,3,0,1,1,B,-,22,NA,NA,N,B,I,A,A,H,-,A,D,0,NA,NA,NA,NA,Y,NA,A,01,0,1,0,0,0,0,0,0,0,-,-,NA,NA,SAN DIEGO,OCEANSIDE,-117.28503004,33.20147002
8041863,2016,2016-05-31,3705,2016-04-15,1515,EC0295,NA,5,5,5,3705,0,0,0,NA,0,009,EAST WASHINGTON,SOUTH 2ND,116,W,N,A,-,N,NA,NA,NA,NA,NA,NA,NA,NA,NA,Y,4,0,2,2,A,-,03,22350,NA,N,C,C,A,A,H,-,A,A,0,NA,NA,NA,NA,Y,NA,A,01,0,0,2,0,0,0,0,0,0,-,-,NA,NA,SAN DIEGO,EL CAJON,-116.93766609,32.78765
8042509,2016,2016-05-16,3700,2016-04-04,1245,SH2397,NA,1,5,5,3713,0,0,0,NA,0,303,EAST VISTA WY,E TAYLOR ST,95,N,N,A,-,N,NA,NA,NA,NA,NA,NA,NA,NA,NA,Y,3,0,1,2,A,-,09,21804,A,N,C,C,A,A,H,-,A,D,0,NA,NA,NA,NA,Y,NA,A,01,0,1,0,0,0,0,0,0,0,-,-,NA,NA,SAN DIEGO,VISTA,-117.22615354,33.22734024
8042563,2016,2016-05-16,3701,2016-04-26,2331,5191,33,2,5,5,3701,0,0,0,NA,0,003,TAMARACK AV,VALLEY ST,32,W,N,A,-,N,NA,NA,NA,NA,NA,NA,NA,NA,NA,Y,2,0,3,3,A,-,01,23153,A,N,A,I,A,A,H,-,C,D,0,NA,NA,NA,NA,Y,Y,A,01,2,1,0,0,0,0,0,0,0,-,-,33.15623,-117.32726,SAN DIEGO,CARLSBAD,-117.32716423,33.15617
8042773,2016,2016-05-17,3709,2016-05-06,1615,479,NATIO,5,5,5,3709,0,0,0,NA,0,021,EAST 8TH ST,EUCLID AV,344,E,N,A,-,N,NA,NA,NA,NA,NA,NA,NA,NA,NA,Y,2,0,1,2,A,-,09,21804,A,N,A,C,A,A,H,-,A,D,0,NA,NA,Y,NA,Y,NA,A,01,1,0,0,0,0,0,0,0,1,-,-,NA,NA,SAN DIEGO,NATIONAL CITY,-117.08132362,32.68300958
8043683,2016,2017-02-10,3700,2016-01-02,1451,SH5794,NA,6,5,5,3781,0,0,0,NA,0,519,CUYAMACA ST,RT 52,0,NA,Y,A,-,Y,SD,11,52,-,-,16.299,R,4,E,Y,4,0,1,2,A,-,07,21658,A,N,B,C,A,A,H,-,A,A,0,NA,NA,Y,NA,Y,NA,C,02,0,0,1,0,0,0,0,0,1,-,EO,NA,NA,SAN DIEGO,SANTEE,-116.9813957,32.83283993
8043727,2016,2016-05-24,3700,2016-01-25,1536,SH3098,NA,1,5,5,3781,0,0,0,NA,0,520,WOODSIDE AV,SECURITY WY,0,NA,N,A,-,N,NA,NA,NA,NA,NA,NA,NA,NA,NA,Y,4,0,1,2,A,-,09,21804,A,N,D,C,A,A,H,-,A,D,0,NA,NA,NA,NA,Y,NA,-,NA,0,0,1,0,0,0,0,0,0,-,-,NA,NA,SAN DIEGO,SANTEE,-116.95039001,32.85122008
8043888,2016,2016-05-24,3705,2016-04-23,1630,EC0219,NA,6,5,5,3705,0,0,0,NA,0,007,N 2ND ST,EL REY,0,NA,Y,A,-,N,NA,NA,NA,NA,NA,NA,NA,NA,NA,Y,3,0,2,2,A,-,09,21801,A,N,A,C,A,A,H,-,B,D,0,NA,NA,NA,NA,Y,NA,A,01,0,1,1,0,0,0,0,0,0,-,-,NA,NA,SAN DIEGO,EL CAJON,-116.93580009,32.815390120000004
8044534,2016,2016-05-26,3706,2016-05-09,1137,380,ESCON,1,5,6,3706,0,0,0,NA,0,044,LINCOLN AV,THOMAS WY,0,NA,Y,B,-,N,NA,NA,NA,NA,NA,NA,NA,NA,NA,Y,3,0,1,2,A,-,03,22350,NA,N,C,C,A,A,H,-,A,D,0,NA,NA,NA,NA,Y,NA,A,07,0,1,0,0,0,0,0,0,0,-,-,33.14462,-117.06343,SAN DIEGO,ESCONDIDO,-117.06345004,33.14465012
8045175,2016,2016-05-23,3702,2016-04-30,1700,CV1012,NA,6,5,6,3702,0,0,0,NA,0,032,EASTLAKE DR,EAST H ST,400,S,N,A,-,N,NA,NA,NA,NA,NA,NA,NA,NA,NA,Y,4,0,1,1,A,-,08,22107,NA,N,E,I,A,A,H,-,A,D,0,NA,NA,NA,NA,Y,NA,D,22,0,0,1,0,0,0,0,0,0,-,-,NA,NA,SAN DIEGO,CHULA VISTA,-116.97960358,32.65440689
8045408,2016,2016-05-23,3702,2016-05-01,0336,CV1090,NA,7,5,6,3702,0,0,0,NA,0,011,CHULA VISTA ST,MADISON AV,75,W,N,A,-,N,NA,NA,NA,NA,NA,NA,NA,NA,NA,Y,3,0,1,4,A,-,01,23152,A,M,B,E,A,A,H,-,A,D,0,NA,NA,NA,NA,Y,Y,A,07,0,1,0,0,0,0,0,0,0,-,-,NA,NA,SAN DIEGO,CHULA VISTA,-117.09696095,32.64562654
8046642,2016,2016-05-17,3711,2016-05-05,1053,5929,NA,4,5,7,3711,0,0,0,NA,0,122,FANUEL ST,MISSOURI ST,15,N,N,B,-,N,NA,NA,NA,NA,NA,NA,NA,NA,NA,Y,3,0,2,2,A,-,09,21800,NA,N,D,C,A,A,H,-,A,A,0,NA,NA,NA,NA,Y,NA,-,NA,0,1,1,0,0,0,0,0,0,-,-,NA,NA,SAN DIEGO,SAN DIEGO,-117.24749227,32.80228977
8046701,2016,2016-05-17,3711,2016-05-04,0730,5929,NA,3,5,7,3711,0,0,0,NA,0,122,GARNET AV,OLNEY ST,240,E,N,B,-,N,NA,NA,NA,NA,NA,NA,NA,NA,NA,Y,4,0,4,3,A,-,04,21703,NA,N,C,C,A,A,H,-,A,A,0,NA,NA,NA,NA,Y,NA,-,NA,0,0,4,0,0,0,0,0,0,-,-,NA,NA,SAN DIEGO,SAN DIEGO,-117.22910604,32.80237391
8047005,2016,2016-05-20,3710,2016-04-22,1445,OC1001,NA,5,5,6,3710,0,0,0,NA,0,001,SURFRIDER,NORTH DITMAR,0,NA,Y,B,-,N,NA,NA,NA,NA,NA,NA,NA,NA,NA,Y,3,0,1,2,A,-,12,22450,A,N,B,C,A,A,H,-,A,D,0,NA,NA,NA,NA,Y,NA,D,22,0,1,0,0,0,0,0,0,0,-,-,NA,NA,SAN DIEGO,OCEANSIDE,-117.38087003,33.20021011
8047524,2016,2016-05-18,3700,2016-04-27,0810,SH0120,NA,3,5,5,3782,0,0,0,NA,0,206,QUAIL GARDENS DR,RAVEAN CT,0,NA,Y,A,-,N,NA,NA,NA,NA,NA,NA,NA,NA,NA,N,4,0,2,2,A,-,09,21804,A,N,A,C,A,A,H,-,A,D,0,NA,NA,NA,NA,Y,NA,A,01,0,0,2,0,0,0,0,0,0,-,-,NA,NA,SAN DIEGO,ENCINITAS,-117.28064001,33.07767002
8047636,2016,2016-05-23,3711,2016-05-12,0638,6594,NA,4,5,7,3711,0,0,0,NA,0,441,S 38TH ST,T ST,5,N,N,A,-,N,NA,NA,NA,NA,NA,NA,NA,NA,NA,Y,3,0,2,2,A,-,09,21802,A,N,D,C,A,A,H,-,A,A,0,NA,NA,NA,NA,Y,NA,A,01,0,1,1,0,0,0,0,0,0,-,-,NA,NA,SAN DIEGO,SAN DIEGO,-117.11248022,32.6989637
8049206,2016,2016-06-07,3711,2016-05-18,1854,6213,NA,3,5,7,3711,0,0,0,NA,0,444,MARKET ST,36TH ST,75,W,N,A,-,N,NA,NA,NA,NA,NA,NA,NA,NA,NA,N,4,0,1,3,A,-,08,22107,NA,M,B,C,A,A,H,-,A,A,0,NA,NA,NA,NA,Y,NA,-,NA,0,0,1,0,0,0,0,0,0,-,-,NA,NA,SAN DIEGO,SAN DIEGO,-117.11681296,32.71155402
8049228,2016,2016-06-07,3711,2016-05-20,0748,6931,SD,5,5,7,3711,0,0,0,NA,0,512,SOUTH 31ST ST,MARTIN AV,165,N,N,B,-,N,NA,NA,NA,NA,NA,NA,NA,NA,NA,Y,4,0,1,2,A,-,09,21804,A,N,-,C,A,A,H,-,A,D,0,NA,NA,NA,NA,Y,NA,-,NA,0,0,1,0,0,0,0,0,0,-,-,NA,NA,SAN DIEGO,SAN DIEGO,-117.12733869,32.69954192
8049269,2016,2016-06-03,3711,2016-05-21,1220,7197,NA,6,5,7,3711,0,0,0,NA,0,438,ALLEGHANY ST,RANCHO DR,39,E,N,A,-,N,NA,NA,NA,NA,NA,NA,NA,NA,NA,Y,4,0,2,2,A,-,08,22107,NA,N,D,C,A,A,H,-,A,D,0,NA,NA,NA,NA,Y,NA,-,NA,0,0,2,0,0,0,0,0,0,-,-,NA,NA,SAN DIEGO,SAN DIEGO,-117.06669014,32.67945369
8049331,2016,2016-06-02,3711,2016-05-18,1500,4884,SDPD,3,5,7,3711,0,0,0,NA,0,232,WORLD TRADE DR,CONFERENCE WY,528,N,N,B,-,N,NA,NA,NA,NA,NA,NA,NA,NA,NA,Y,3,0,2,2,A,-,09,21801,A,N,-,C,A,A,H,-,A,A,0,NA,NA,NA,NA,Y,NA,A,01,0,1,1,0,0,0,0,0,0,-,-,NA,NA,SAN DIEGO,SAN DIEGO,-117.07350611,32.98722267
8049941,2016,2016-06-08,3711,2016-05-30,0308,5929,NA,1,5,7,3711,0,0,0,NA,0,122,GARNET AV,OLNEY ST,288,W,N,A,-,N,NA,NA,NA,NA,NA,NA,NA,NA,NA,Y,4,0,3,4,A,-,08,22107,NA,N,-,E,A,A,H,-,C,A,0,NA,NA,NA,NA,Y,NA,-,NA,0,0,3,0,0,0,0,0,0,-,-,NA,NA,SAN DIEGO,SAN DIEGO,-117.23076444,32.80201231
8049961,2016,2016-08-29,3711,2016-05-25,2031,5985,NA,3,5,7,3711,0,0,0,NA,0,627,7TH AV,ROBINSON AV,0,NA,Y,A,-,N,NA,NA,NA,NA,NA,NA,NA,NA,NA,N,4,0,1,2,A,-,09,21801,A,N,D,G,A,A,H,-,C,A,0,NA,Y,NA,NA,Y,NA,A,01,0,0,1,0,0,0,1,0,0,-,-,NA,NA,SAN DIEGO,SAN DIEGO,-117.15838006,32.74694007
8050313,2016,2016-06-13,3701,2016-05-24,1030,5291,106,2,5,5,3701,0,0,0,NA,0,007,EL FUERTE ST,LUCIERNAGA ST,475,S,N,A,-,N,NA,NA,NA,NA,NA,NA,NA,NA,NA,Y,3,0,1,2,A,-,08,22107,NA,N,B,E,A,A,H,-,A,D,0,NA,NA,NA,NA,Y,NA,A,01,0,1,0,0,0,0,0,0,0,-,-,33.10488,-117.2398,SAN DIEGO,CARLSBAD,-117.23966263,33.1049623
8053688,2016,2016-06-06,3700,2016-05-21,1347,SH1725,NA,6,5,5,3712,0,0,0,NA,0,350,MARCOS ST,RICHMAR AV,0,NA,Y,B,-,N,NA,NA,NA,NA,NA,NA,NA,NA,NA,Y,4,0,1,2,A,-,12,22450,A,N,D,C,A,A,H,-,A,A,0,NA,NA,NA,NA,Y,NA,A,01,0,0,1,0,0,0,0,0,0,-,-,NA,NA,SAN DIEGO,SAN MARCOS,-117.16998005,33.14542009
8054881,2016,2016-10-05,3711,2016-06-10,1557,7037,SANDI,5,5,7,3711,0,0,0,NA,0,611,ROSECRANS,DUMAS,18,N,N,-,-,N,NA,NA,NA,NA,NA,NA,NA,NA,NA,Y,4,0,1,4,A,-,-,NA,NA,N,-,-,A,-,-,-,-,-,0,NA,NA,NA,NA,Y,NA,-,NA,0,0,1,0,0,0,0,0,0,-,-,NA,NA,SAN DIEGO,SAN DIEGO,-117.21661596,32.73951005
8056170,2016,2016-06-08,3706,2016-05-23,1525,488,ESCON,1,5,6,3706,0,0,0,NA,0,041,BROADWAY,EL NORTE PKWY,292,N,N,A,-,N,NA,NA,NA,NA,NA,NA,NA,NA,NA,N,4,0,2,2,A,-,09,21801,A,N,D,C,A,A,H,-,A,D,0,NA,NA,NA,NA,Y,NA,A,01,0,0,2,0,0,0,0,0,0,-,-,NA,NA,SAN DIEGO,ESCONDIDO,-117.08960252,33.14056511
8058837,2016,2016-06-14,3706,2016-06-02,1436,1603,ESCON,4,5,6,3706,0,0,0,NA,0,046,BEAR VALLEY PKWY,VALLEY PKWY,0,NA,Y,A,-,N,NA,NA,NA,NA,NA,NA,NA,NA,NA,Y,4,0,1,2,A,-,03,22350,NA,N,C,C,A,A,H,-,A,A,0,NA,NA,Y,NA,Y,NA,D,22,0,0,1,0,0,0,0,0,1,-,-,33.14458,-117.03662,SAN DIEGO,ESCONDIDO,-117.03868,33.14369001
8059272,2016,2016-06-15,3711,2016-06-05,1025,6499,NA,7,5,7,3711,0,0,0,NA,0,437,PARADISE VALLEY RD,BRIARWOOD RD,0,NA,Y,A,-,N,NA,NA,NA,NA,NA,NA,NA,NA,NA,Y,3,0,1,2,A,-,12,21453,A,M,C,C,A,A,H,-,A,A,0,NA,NA,NA,NA,Y,NA,A,08,0,1,0,0,0,0,0,0,0,-,-,NA,NA,SAN DIEGO,SAN DIEGO,-117.03679012,32.69176009
8061335,2016,2016-07-22,3708,2016-06-26,1514,LM1174,NA,7,5,5,3708,0,0,0,NA,0,001,LA MESA BL,CULOWEE ST,220,S,N,A,-,N,NA,NA,NA,NA,NA,NA,NA,NA,NA,N,2,0,1,2,A,-,08,22103,NA,N,D,C,A,A,H,-,A,D,0,NA,NA,NA,NA,Y,NA,A,01,1,0,0,0,0,0,0,0,0,-,-,NA,NA,SAN DIEGO,LA MESA,-117.02738492,32.7662596
8062086,2016,2016-06-30,3710,2016-05-26,0755,OC1063,NA,4,5,6,3710,0,0,0,NA,0,025,MESA DR,RANCHO DEL ORO DR,0,NA,-,B,-,N,NA,NA,NA,NA,NA,NA,NA,NA,NA,Y,4,0,1,2,A,-,08,22107,NA,N,B,C,A,A,H,-,A,D,0,NA,NA,NA,NA,Y,NA,A,01,0,0,1,0,0,0,0,0,0,-,-,NA,NA,SAN DIEGO,OCEANSIDE,-117.31792013,33.21464003
8063443,2016,2016-08-29,3710,2016-05-25,1140,OC1425,NA,3,5,6,3710,0,0,0,NA,0,030,COLLEGE BL,OLIVE DR,0,NA,Y,B,-,N,NA,NA,NA,NA,NA,NA,NA,NA,NA,N,3,0,1,2,A,-,09,21453,C,M,D,C,A,A,H,-,C,A,0,NA,NA,NA,NA,Y,NA,D,22,0,1,0,0,0,0,0,0,0,-,-,NA,NA,SAN DIEGO,OCEANSIDE,-117.28503004,33.2040501
8064820,2016,2016-06-16,3702,2016-05-11,0840,CV0471,NA,3,5,6,3702,0,0,0,NA,0,022,PALOMAR ST,2ND AV,0,NA,Y,A,-,N,NA,NA,NA,NA,NA,NA,NA,NA,NA,Y,4,0,2,2,A,-,12,21453,A,N,D,C,A,A,H,-,A,A,0,NA,NA,NA,NA,Y,NA,A,01,0,0,2,0,0,0,0,0,0,-,-,NA,NA,SAN DIEGO,CHULA VISTA,-117.06233001,32.60793002
8064949,2016,2017-02-11,3711,2016-06-06,2205,5105,NA,1,5,7,3711,0,0,0,NA,0,241,KEARNY VILLA RD,RT 163,260,N,N,A,-,Y,SD,11,163,-,R,10.884,R,4,S,Y,3,0,1,2,A,-,03,22350,NA,N,D,D,A,A,H,-,D,D,0,NA,NA,NA,NA,Y,NA,-,NA,0,1,0,0,0,0,0,0,0,-,-,NA,NA,SAN DIEGO,SAN DIEGO,-117.11831937,32.85532429
8064994,2016,2016-06-17,3711,2016-06-06,1414,7359,NA,1,5,7,3711,0,0,0,NA,0,323,COLLEGE AV,DEL CERRO BL,0,NA,Y,A,-,N,NA,NA,NA,NA,NA,NA,NA,NA,NA,Y,4,0,1,2,A,-,00,21450,NA,N,B,C,A,A,H,-,A,A,0,NA,NA,NA,NA,Y,NA,-,NA,0,0,1,0,0,0,0,0,0,-,-,NA,NA,SAN DIEGO,SAN DIEGO,-117.06206008,32.78337002
8065026,2016,2016-06-17,3711,2016-06-07,1409,6037,NA,2,5,7,3711,0,0,0,NA,0,442,43RD ST,ALPHA AV,225,S,N,A,-,N,NA,NA,NA,NA,NA,NA,NA,NA,NA,N,4,0,1,2,A,-,03,22350,NA,M,C,C,A,A,H,-,A,A,0,NA,NA,NA,NA,Y,NA,-,NA,0,0,1,0,0,0,0,0,0,-,-,NA,NA,SAN DIEGO,SAN DIEGO,-117.10244078,32.69257375
8065038,2016,2016-06-17,3711,2016-06-06,0542,5654,3711,1,5,7,3711,0,0,0,NA,0,111,BALBOA AV,BALBOA AV  6800,29,S,N,A,-,N,NA,NA,NA,NA,NA,NA,NA,NA,NA,N,3,0,1,1,D,-,00,NA,NA,N,E,-,A,A,H,-,A,D,0,NA,Y,NA,NA,Y,NA,-,-,0,1,0,0,0,0,1,0,0,-,-,NA,NA,SAN DIEGO,SAN DIEGO,NA,NA
8065664,2016,2016-08-29,3711,2016-05-13,1420,HB5823,NA,5,5,7,3711,0,0,0,NA,0,504,NORTH HARBOR DR,GRAPE ST,0,NA,Y,A,-,N,NA,NA,NA,NA,NA,NA,NA,NA,NA,N,4,0,1,3,A,-,21,22106,NA,N,C,C,A,A,H,-,A,A,0,NA,NA,NA,NA,Y,NA,A,01,0,0,1,0,0,0,0,0,0,-,-,NA,NA,SAN DIEGO,SAN DIEGO,-117.17321001,32.7241201
8066372,2016,2016-06-22,3710,2016-06-13,1857,OC9873,NA,1,5,6,3710,0,0,0,NA,0,028,BELLA COLLINA,SALERNO CT,2,E,N,A,-,N,NA,NA,NA,NA,NA,NA,NA,NA,NA,N,3,0,1,1,A,-,03,22350,NA,N,F,J,A,A,H,-,B,D,0,NA,NA,Y,NA,Y,Y,C,02,0,1,0,0,0,0,0,0,1,-,-,NA,NA,SAN DIEGO,OCEANSIDE,-117.28259671000001,33.22894473
8066894,2016,2016-06-27,3711,2016-06-03,1714,6000,NA,5,5,7,3711,0,0,0,NA,0,111,CLAIREMONT MESA BL,DIANE AV,618,E,N,A,-,N,NA,NA,NA,NA,NA,NA,NA,NA,NA,Y,2,0,3,8,A,-,08,22107,NA,N,B,E,F,A,H,-,A,D,0,Y,NA,NA,NA,Y,NA,D,22,2,1,0,0,2,0,0,0,0,-,-,NA,NA,SAN DIEGO,SAN DIEGO,-117.18504483,32.83450939
8067819,2016,2016-06-23,3711,2016-06-09,1746,7231,3T11,4,5,7,3711,0,0,0,NA,0,931,MIDAMAR RD,MIRAMAR PL,240,W,N,A,-,N,NA,NA,NA,NA,NA,NA,NA,NA,NA,Y,4,0,2,3,A,-,03,22350,NA,N,C,C,A,A,H,-,A,A,0,NA,NA,NA,NA,Y,NA,D,22,0,0,2,0,0,0,0,0,0,-,-,NA,NA,SAN DIEGO,SAN DIEGO,-117.1791476,32.87746749
8068080,2016,2016-06-22,3711,2016-06-10,1230,7208,NA,5,5,7,3711,0,0,0,NA,0,313,RUFFIN RD,CLAREMONT MESA BL,110,N,N,A,-,N,NA,NA,NA,NA,NA,NA,NA,NA,NA,Y,4,0,2,2,A,-,09,21801,NA,N,D,C,A,A,-,-,A,A,0,NA,NA,NA,NA,Y,NA,-,NA,0,0,2,0,0,0,0,0,0,-,-,NA,NA,SAN DIEGO,SAN DIEGO,-117.12665,32.83181132