CASE_ID,ACCIDENT_YEAR,PROC_DATE,JURIS,COLLISION_DATE,COLLISION_TIME,OFFICER_ID,REPORTING_DISTRICT,DAY_OF_WEEK,CHP_SHIFT,POPULATION,CNTY_CITY_LOC,SPECIAL_COND,BEAT_TYPE,CHP_BEAT_TYPE,CITY_DIVISION_LAPD,CHP_BEAT_CLASS,BEAT_NUMBER,PRIMARY_RD,SECONDARY_RD,DISTANCE,DIRECTION,INTERSECTION,WEATHER_1,WEATHER_2,STATE_HWY_IND,CALTRANS_COUNTY,CALTRANS_DISTRICT,STATE_ROUTE,ROUTE_SUFFIX,POSTMILE_PREFIX,POSTMILE,LOCATION_TYPE,RAMP_INTERSECTION,SIDE_OF_HWY,TOW_AWAY,COLLISION_SEVERITY,NUMBER_KILLED,NUMBER_INJURED,PARTY_COUNT,PRIMARY_COLL_FACTOR,PCF_CODE_OF_VIOL,PCF_VIOL_CATEGORY,PCF_VIOLATION,PCF_VIOL_SUBSECTION,HIT_AND_RUN,TYPE_OF_COLLISION,MVIW,PED_ACTION,ROAD_SURFACE,ROAD_COND_1,ROAD_COND_2,LIGHTING,CONTROL_DEVICE,CHP_ROAD_TYPE,PEDESTRIAN_ACCIDENT,BICYCLE_ACCIDENT,MOTORCYCLE_ACCIDENT,TRUCK_ACCIDENT,NOT_PRIVATE_PROPERTY,ALCOHOL_INVOLVED,STWD_VEHTYPE_AT_FAULT,CHP_VEHTYPE_AT_FAULT,COUNT_SEVERE_INJ,COUNT_VISIBLE_INJ,COUNT_COMPLAINT_PAIN,COUNT_PED_KILLED,COUNT_PED_INJURED,COUNT_BICYCLIST_KILLED,COUNT_BICYCLIST_INJURED,COUNT_MC_KILLED,COUNT_MC_INJURED,PRIMARY_RAMP,SECONDARY_RAMP,LATITUDE,LONGITUDE,COUNTY,CITY,POINT_X,POINT_Y
8146643,2016,2016-10-19,3711,2016-10-06,1630,8192,NA,4,5,7,3711,0,0,0,NA,0,813,EL CAJON BL,30TH ST,62,W,N,A,-,N,NA,NA,NA,NA,NA,NA,NA,NA,NA,N,4,0,2,2,A,-,04,21703,NA,M,C,D,A,A,H,-,A,A,0,NA,NA,NA,NA,Y,NA,-,NA,0,0,2,0,0,0,0,0,0,-,-,NA,NA,SAN DIEGO,SAN DIEGO,-117.13037099,32.7554
8146705,2016,2016-10-18,3711,2016-10-07,2220,6391,NA,5,5,7,3711,0,0,0,NA,0,242,COVINA PL,COVINA PL 10200,0,NA,Y,A,-,N,NA,NA,NA,NA,NA,NA,NA,NA,NA,N,4,0,1,2,A,-,03,22350,NA,N,G,B,E,A,H,-,C,-,0,Y,NA,NA,NA,Y,NA,-,NA,0,0,1,0,1,0,0,0,0,-,-,NA,NA,SAN DIEGO,SAN DIEGO,-117.13779995,32.90433002
8146718,2016,2016-10-19,3711,2016-10-05,1739,7309,NA,3,5,7,3711,0,0,0,NA,0,234,BERNARDO CENTER,BERNARDO CENTER 16300,10,W,N,A,-,N,NA,NA,NA,NA,NA,NA,NA,NA,NA,N,4,0,3,2,A,-,12,21453,A,N,D,C,A,A,H,-,A,A,0,NA,NA,NA,NA,Y,NA,-,-,0,0,3,0,0,0,0,0,0,-,-,NA,NA,SAN DIEGO,SAN DIEGO,NA,NA
81470627,2021,2021-05-12,3706,2021-02-21,1125,1862,ESCON,7,5,6,3706,0,0,0,NA,0,041,BROADWAY,ESPANAS GLEN,181,N,N,A,-,N,NA,NA,NA,NA,NA,NA,NA,NA,NA,Y,4,0,1,2,A,-,09,21804,A,N,D,C,A,A,H,-,A,A,0,NA,NA,NA,NA,Y,NA,A,01,0,0,1,0,0,0,0,0,0,-,-,33.137569427490234,-117.08850860595705,SAN DIEGO,ESCONDIDO,-117.08867645263672,33.13789367675781
81470724,2021,2021-05-12,3701,2021-04-19,1541,CB5525,006,1,5,5,3701,0,0,0,NA,0,001,PIO PICO DR,KNOWLES AV,60,S,N,A,-,N,NA,NA,NA,NA,NA,NA,NA,NA,NA,Y,3,0,2,2,A,-,09,21804,A,N,D,C,A,A,H,-,A,D,0,NA,NA,NA,NA,Y,NA,A,01,0,1,1,0,0,0,0,0,0,-,-,33.16707992553711,-117.34381103515624,SAN DIEGO,CARLSBAD,-117.34355926513672,33.16685104370117
8147789,2016,2016-10-20,3700,2016-09-30,1923,SH0817,NA,5,5,5,3712,0,0,0,NA,0,349,SAN ELIJO RD,DOUBLE PEAK RD,0,NA,Y,A,-,N,NA,NA,NA,NA,NA,NA,NA,NA,NA,Y,4,0,1,2,A,-,12,21453,A,N,D,D,A,A,H,-,C,A,0,NA,NA,NA,NA,Y,NA,D,22,0,0,1,0,0,0,0,0,0,-,-,NA,NA,SAN DIEGO,SAN MARCOS,-117.17842011,33.10359007
81480682,2021,2021-05-25,3701,2021-05-20,2057,CB5547,068,4,5,5,3701,0,0,0,NA,0,002,CARLSBAD BL,MANZANO DR,144,S,N,A,-,Y,NA,NA,NA,NA,NA,NA,NA,NA,NA,Y,4,0,1,2,A,-,01,23153,A,N,C,E,A,A,H,-,C,D,0,NA,NA,NA,NA,Y,Y,A,08,0,0,1,0,0,0,0,0,0,-,-,33.126251220703125,-117.33116912841795,SAN DIEGO,CARLSBAD,-117.33084869384766,33.12593460083008
8148126,2016,2016-10-19,3700,2016-09-06,1618,SH2558,NA,2,5,5,3712,0,0,0,NA,0,357,BARHAM DR,EAST LA MOREE RD,0,NA,Y,A,-,N,NA,NA,NA,NA,NA,NA,NA,NA,NA,Y,2,0,1,3,A,-,09,21801,A,N,A,C,A,A,H,-,A,D,0,NA,NA,NA,NA,Y,NA,A,07,1,0,0,0,0,0,0,0,0,-,-,NA,NA,SAN DIEGO,SAN MARCOS,-117.15397013,33.13505001
8148200,2016,2016-10-18,3709,2016-10-03,1532,457,NA,1,5,5,3709,0,0,0,NA,0,021,SOUTH EUCLID AV,EAST PLAZA BL,150,N,N,A,-,N,NA,NA,NA,NA,NA,NA,NA,NA,NA,Y,3,0,3,2,A,-,09,21804,A,N,A,C,A,A,H,-,A,D,0,NA,NA,NA,NA,Y,NA,A,01,0,2,1,0,0,0,0,0,0,-,-,NA,NA,SAN DIEGO,NATIONAL CITY,-117.08029061,32.68028142
81492478,2021,2021-06-09,3706,2021-04-12,2020,445,ESCON,1,5,6,3706,0,0,0,NA,0,042,WASHINGTON AV,JUNIPER ST,50,E,N,A,-,N,NA,NA,78,NA,NA,NA,NA,NA,NA,Y,2,0,1,2,A,-,11,21954,A,N,G,B,D,A,D,H,C,D,0,Y,NA,NA,NA,Y,Y,N,60,1,0,0,0,1,0,0,0,0,-,-,33.12736892700195,-117.0821533203125,SAN DIEGO,ESCONDIDO,-117.08218383789063,33.12748336791992
81492594,2021,2021-06-09,3701,2021-05-23,1146,CB5548,017,7,5,5,3701,0,0,0,NA,0,004,EL CAMINO REAL,CARLSBAD VILLAGE DR,0,NA,Y,A,-,N,NA,NA,NA,NA,NA,NA,NA,NA,NA,N,4,0,1,2,A,-,03,22350,NA,N,C,C,A,A,H,-,A,A,0,NA,NA,NA,NA,Y,NA,A,01,0,0,1,0,0,0,0,0,0,-,-,33.17171096801758,-117.32260894775392,SAN DIEGO,CARLSBAD,-117.32254028320313,33.17173385620117
81493523,2021,2021-06-10,3706,2021-06-04,1920,461,ESCON,5,5,6,3706,0,0,0,NA,0,043,EL NORTE PY,LAS VILLAS WY,308,W,N,A,-,N,NA,NA,NA,NA,NA,NA,NA,NA,NA,Y,4,0,1,2,A,-,09,21801,A,N,D,C,A,A,H,-,A,D,0,NA,NA,NA,NA,Y,NA,A,01,0,0,1,0,0,0,0,0,0,-,-,33.140560150146484,-117.09430694580078,SAN DIEGO,ESCONDIDO,-117.09481048583984,33.14113235473633
8149685,2016,2016-10-24,3700,2016-10-10,1528,SH2659,NA,1,5,5,3712,0,0,0,NA,0,353,WOODLAND PKWY,MANGO CT,210,S,N,A,-,N,NA,NA,NA,NA,NA,NA,NA,NA,NA,N,3,0,1,2,A,-,03,22350,NA,N,C,C,A,A,H,-,A,D,0,NA,NA,NA,NA,Y,NA,A,01,0,1,0,0,0,0,0,0,0,-,-,NA,NA,SAN DIEGO,SAN MARCOS,-117.13225292,33.15064917
8149715,2016,2017-02-06,3705,2016-09-19,2149,EC0324,NA,1,5,5,3705,0,0,0,NA,0,007,MAIN,GREENFIELD,0,NA,Y,A,-,N,NA,NA,NA,NA,NA,NA,NA,NA,NA,Y,3,0,1,2,A,-,12,21453,A,N,D,C,A,A,H,-,C,A,0,NA,NA,NA,NA,Y,NA,A,01,0,1,0,0,0,0,0,0,0,-,-,NA,NA,SAN DIEGO,EL CAJON,-116.9185501,32.81231002
81503409,2021,2021-06-23,3706,2021-06-16,1630,461,ESCON,3,5,6,3706,0,0,0,NA,0,042,WASHINGTON AV,GRAPE ST (E),0,NA,Y,A,-,N,NA,NA,78,NA,NA,NA,NA,NA,NA,Y,4,0,1,2,A,-,09,21801,A,N,D,C,A,A,H,-,A,D,0,NA,NA,NA,NA,Y,NA,A,01,0,0,1,0,0,0,0,0,0,-,-,33.1291618347168,-117.07701873779295,SAN DIEGO,ESCONDIDO,-117.07700347900392,33.12909698486328
8150696,2016,2016-10-24,3700,2016-06-13,0915,SH0138,NA,1,5,5,3781,0,0,0,NA,0,515,NORTH WOODSIDE AV,ENTRANCE TO TRANSMISSION BY ELIMINATOR,19,S,N,A,-,N,NA,NA,NA,NA,NA,NA,NA,NA,NA,N,3,0,2,2,A,-,09,21801,A,N,A,C,A,A,H,-,A,D,0,NA,NA,NA,NA,Y,NA,A,07,0,2,0,0,0,0,0,0,0,-,-,NA,NA,SAN DIEGO,SANTEE,NA,NA
8151115,2016,2016-10-26,3710,2016-10-07,2051,OC1185,NA,5,5,6,3710,0,0,0,NA,0,019,VANDERGRIFT BL,NORTH RIVER RD,12,S,N,A,-,N,NA,NA,NA,NA,NA,NA,NA,NA,NA,Y,2,0,2,3,A,-,11,21955,NA,N,G,B,B,A,H,-,C,A,0,Y,NA,NA,NA,Y,NA,N,60,1,1,0,0,2,0,0,0,0,-,-,NA,NA,SAN DIEGO,OCEANSIDE,-117.29941875,33.25476439
8151421,2016,2016-10-28,3710,2016-09-19,1615,OC1413,NA,1,5,6,3710,0,0,0,NA,0,031,CANNON,LAKE BL,360,E,N,B,-,N,NA,NA,NA,NA,NA,NA,NA,NA,NA,N,4,0,1,2,A,-,07,21658,A,F,G,A,A,A,H,-,A,D,0,NA,NA,NA,NA,Y,NA,-,NA,0,0,1,0,0,0,0,0,0,-,-,NA,NA,SAN DIEGO,OCEANSIDE,-117.25391337,33.17128383
8151786,2016,2016-10-31,3711,2016-10-18,1620,4884,SDPD,2,5,7,3711,0,0,0,NA,0,235,SAN PASQUAL VALLEY RD,BANDY CANYON RD,15840,E,N,A,-,N,NA,NA,NA,NA,NA,NA,NA,NA,NA,Y,3,0,2,2,A,-,05,21651,A,N,A,C,A,A,H,-,A,D,0,NA,NA,NA,NA,Y,NA,A,01,0,1,1,0,0,0,0,0,0,-,-,NA,NA,SAN DIEGO,SAN DIEGO,-116.9132089,33.08549173
8151851,2016,2016-10-26,3711,2016-10-17,2000,7317,SAN D,1,5,7,3711,0,0,0,NA,0,122,CROWN POINT DR,INGRAHAM ST,0,NA,Y,B,-,N,NA,NA,NA,NA,NA,NA,NA,NA,NA,Y,4,0,1,2,A,-,08,22107,NA,N,A,C,A,A,H,-,C,A,0,NA,NA,NA,NA,Y,NA,-,NA,0,0,1,0,0,0,0,0,0,-,-,NA,NA,SAN DIEGO,SAN DIEGO,-117.23624012,32.77987011
8141943,2016,2017-03-04,3711,2016-10-04,0857,7083,NA,2,5,7,3711,0,0,0,NA,0,327,COLLEGE AV,RT 8,0,NA,Y,A,-,Y,SD,11,8,-,-,8.176,R,4,E,N,3,0,1,2,A,-,12,21453,A,N,C,G,A,A,H,-,A,A,0,NA,Y,NA,NA,Y,NA,-,-,0,1,0,0,0,0,1,0,0,-,EF,NA,NA,SAN DIEGO,SAN DIEGO,-117.06913642,32.7792093
8141556,2016,2016-10-20,3705,2016-08-31,0827,EC0278,NA,3,5,5,3705,0,0,0,NA,0,007,N 2ND,MARLINE,0,NA,Y,A,-,N,NA,NA,NA,NA,NA,NA,NA,NA,NA,Y,4,0,2,2,A,-,09,21802,A,N,D,C,A,A,H,-,A,A,0,NA,NA,NA,NA,Y,NA,A,01,0,0,2,0,0,0,0,0,0,-,-,NA,NA,SAN DIEGO,EL CAJON,-116.93578002,32.80515
8131035,2016,2016-09-28,3710,2016-09-06,0650,OC0646,NA,2,5,6,3710,0,0,0,NA,0,026,VISTA WAY,ITALIA WY,26,W,N,A,-,N,NA,NA,NA,NA,NA,NA,NA,NA,NA,Y,4,0,1,1,C,-,18,NA,NA,N,E,I,A,A,H,-,A,A,0,NA,NA,NA,NA,Y,NA,-,-,0,0,1,0,0,0,0,0,0,-,-,NA,NA,SAN DIEGO,OCEANSIDE,-117.3135049,33.18069671
8131031,2016,2016-09-28,3710,2016-09-15,1730,OC1420,NA,4,5,6,3710,0,0,0,NA,0,012,OCEANSIDE BL,GARRISON,305,E,N,A,-,N,NA,NA,NA,NA,NA,NA,NA,NA,NA,Y,4,0,1,2,A,-,03,22350,NA,N,C,C,A,A,H,-,A,D,0,NA,NA,NA,NA,Y,NA,A,01,0,0,1,0,0,0,0,0,0,-,-,NA,NA,SAN DIEGO,OCEANSIDE,-117.33628605,33.20176952
8131027,2016,2016-09-28,3710,2016-09-07,1212,OC1311,NA,3,5,6,3710,0,0,0,NA,0,037,SOUTH MELROSE DR,CANNON RD,0,NA,Y,A,-,N,NA,NA,NA,NA,NA,NA,NA,NA,NA,Y,4,0,2,2,A,-,12,21453,A,F,D,C,A,A,H,-,A,A,0,NA,NA,NA,NA,Y,NA,A,01,0,0,2,0,0,0,0,0,0,-,-,NA,NA,SAN DIEGO,OCEANSIDE,-117.25228009,33.17169006
8130917,2016,2016-09-29,3711,2016-09-16,1748,6203,NA,5,5,7,3711,0,0,0,NA,0,837,FAIRMOUNT AV,44TH ST,57,N,N,-,-,N,NA,NA,NA,NA,NA,NA,NA,NA,NA,Y,4,0,2,3,A,-,08,22107,NA,N,C,E,A,A,H,-,A,D,0,NA,NA,NA,NA,Y,Y,A,01,0,0,2,0,0,0,0,0,0,-,-,NA,NA,SAN DIEGO,SAN DIEGO,-117.10072807,32.7299015
8151877,2016,2016-10-26,3711,2016-10-12,1507,7415,SAN D,3,5,7,3711,0,0,0,NA,0,433,BROADWAY,KLAUBER AV,60,W,N,A,-,N,NA,NA,NA,NA,NA,NA,NA,NA,NA,Y,4,0,1,2,A,-,05,21650,NA,N,A,C,A,A,H,-,A,D,0,NA,NA,Y,NA,Y,NA,C,06,0,0,1,0,0,0,0,0,1,-,-,NA,NA,SAN DIEGO,SAN DIEGO,-117.0582444,32.71586044
8151891,2016,2016-10-26,3711,2016-10-13,1450,5335,NA,4,5,7,3711,0,0,0,NA,0,243,MIRAMAR RD,DISTRIBUTION AV,1330,E,N,A,-,N,NA,NA,NA,NA,NA,NA,NA,NA,NA,Y,4,0,1,2,A,-,09,21801,A,N,E,C,A,A,H,-,A,D,0,NA,NA,NA,NA,Y,NA,-,NA,0,0,1,0,0,0,0,0,0,-,-,NA,NA,SAN DIEGO,SAN DIEGO,-117.15862695,32.88061827
8151892,2016,2016-10-31,3711,2016-10-14,1925,6352,NA,5,5,7,3711,0,0,0,NA,0,321,FRIARS RD,RANCHO MISSION RD,18,W,N,A,-,N,NA,NA,NA,NA,NA,NA,NA,NA,NA,Y,3,0,2,2,A,-,17,21461,A,N,D,C,A,A,H,-,C,A,0,NA,NA,NA,NA,Y,NA,-,NA,0,1,1,0,0,0,0,0,0,-,-,NA,NA,SAN DIEGO,SAN DIEGO,-117.1088267,32.7893783
8151921,2016,2016-10-31,3711,2016-10-07,2135,6372,NA,5,5,7,3711,0,0,0,NA,0,121,WEST MISSION BAY DR,MARINERS WY,157,W,N,A,-,N,NA,NA,NA,NA,NA,NA,NA,NA,NA,N,2,0,1,2,A,-,11,21954,A,N,G,B,D,A,H,-,C,D,0,Y,NA,NA,NA,Y,Y,N,60,1,0,0,0,1,0,0,0,0,-,-,NA,NA,SAN DIEGO,SAN DIEGO,-117.24731422,32.77145215
8151973,2016,2016-10-27,3711,2016-10-10,1753,6327,SDPD,1,5,7,3711,0,0,0,NA,0,931,SORRENTO VALLEY RD,SORRENTO VALLEY BL,75,N,N,A,-,N,NA,NA,NA,NA,NA,NA,NA,NA,NA,Y,4,0,1,2,A,-,12,21453,A,N,C,G,A,A,H,-,A,A,0,NA,Y,NA,NA,Y,NA,L,04,0,0,1,0,0,0,1,0,0,-,-,NA,NA,SAN DIEGO,SAN DIEGO,-117.22337894,32.90143569
81523982,2021,2021-07-20,3706,2021-07-08,1258,1833,ESCON,4,5,6,3706,0,0,0,NA,0,052,BROADWAY,03RD AV,0,NA,Y,A,-,N,NA,NA,NA,NA,NA,NA,NA,NA,NA,Y,4,0,3,2,A,-,09,21802,A,N,D,C,A,A,H,-,A,A,0,NA,NA,NA,NA,Y,NA,A,01,0,0,3,0,0,0,0,0,0,-,-,33.119850158691406,-117.08016204833984,SAN DIEGO,ESCONDIDO,-117.080204,33.119869
81530313,2021,2021-07-28,3701,2021-07-21,0620,CB5517,006,3,5,5,3701,0,0,0,NA,0,001,PIO PICO DR,LAS FLORES DR,8,N,N,A,-,N,NA,NA,NA,NA,NA,NA,NA,NA,NA,N,3,0,1,1,A,-,08,22107,NA,N,F,A,A,A,H,-,B,D,0,NA,Y,NA,NA,Y,NA,L,04,0,1,0,0,0,0,1,0,0,-,-,33.17158889770508,-117.34317779541016,SAN DIEGO,CARLSBAD,-117.3444366455078,33.170692443847656
8154235,2016,2016-10-27,3708,2016-10-17,1633,1272,NA,1,5,5,3708,0,0,0,NA,0,002,GROSSMONT BL,LA MESA BL,116,E,N,A,-,N,NA,NA,NA,NA,NA,NA,NA,NA,NA,Y,4,0,1,2,A,-,04,21703,NA,F,C,C,A,A,H,-,A,A,0,NA,NA,NA,NA,Y,Y,A,01,0,0,1,0,0,0,0,0,0,-,-,NA,NA,SAN DIEGO,LA MESA,-117.00476765,32.77342
8154918,2016,2016-11-01,3711,2016-10-14,1753,7202,NA,5,5,7,3711,0,0,0,NA,0,437,PARADISE VALLEY RD,S MEADOWBROOK DR,0,NA,Y,A,-,N,NA,NA,NA,NA,NA,NA,NA,NA,NA,Y,4,0,1,3,A,-,03,22350,NA,N,C,C,A,A,H,-,B,A,0,NA,NA,NA,NA,Y,NA,A,01,0,0,1,0,0,0,0,0,0,-,-,NA,NA,SAN DIEGO,SAN DIEGO,-117.02585006,32.69751003
8155327,2016,2016-11-01,3710,2016-10-17,0825,OC0778,NA,1,5,6,3710,0,0,0,NA,0,033,COLLEGE BL,FRAZEE,141,S,N,C,-,N,NA,NA,NA,NA,NA,NA,NA,NA,NA,N,4,0,1,2,A,-,03,22350,NA,N,C,C,A,B,H,-,A,A,0,NA,NA,NA,NA,Y,NA,A,08,0,0,1,0,0,0,0,0,0,-,-,NA,NA,SAN DIEGO,OCEANSIDE,-117.29292509,33.23655759
8155455,2016,2016-11-01,3711,2016-09-07,0851,6686,NA,3,5,7,3711,0,0,0,NA,0,723,HOWARD AV,IRIS AV,25,S,N,B,-,N,NA,NA,NA,NA,NA,NA,NA,NA,NA,N,2,0,1,3,A,-,08,22107,NA,N,D,C,A,A,H,-,A,A,0,NA,NA,Y,NA,Y,NA,C,02,1,0,0,0,0,0,0,0,1,-,-,NA,NA,SAN DIEGO,SAN DIEGO,-117.0667689,32.56903153
81558912,2021,2021-08-31,3706,2021-08-02,1538,543,ESCON,1,5,6,3706,0,0,0,NA,0,044,VALLEY PY,MIDWAY DR,0,NA,Y,A,-,N,NA,NA,NA,NA,NA,NA,NA,NA,NA,N,4,0,1,2,A,-,12,21453,A,N,D,C,A,A,H,-,A,A,0,NA,NA,NA,NA,Y,NA,-,-,0,0,1,0,0,0,0,0,0,-,-,33.1375617980957,-117.05184173583984,SAN DIEGO,ESCONDIDO,-117.05181121826172,33.13751220703125
81564787,2021,2021-09-08,3706,2021-08-17,1440,450,ESCON,2,5,6,3706,0,0,0,NA,0,046,VALLEY PY,HIDDEN TRAILS RD,479,S,N,A,-,N,NA,NA,NA,NA,NA,NA,NA,NA,NA,N,4,0,1,2,A,-,03,22350,NA,F,C,C,A,A,H,-,A,A,0,NA,NA,NA,NA,Y,Y,A,01,0,0,1,0,0,0,0,0,0,-,-,33.1496696472168,-117.03292846679688,SAN DIEGO,ESCONDIDO,-117.03359222412108,33.148555755615234
8156970,2016,2016-11-02,3711,2016-10-22,1709,7428,SAN D,6,5,7,3711,0,0,0,NA,0,121,MISSION BL,SANTA CLARA PL,0,NA,Y,A,-,N,NA,NA,NA,NA,NA,NA,NA,NA,NA,N,3,0,1,2,A,-,08,22107,NA,N,G,B,A,A,H,-,A,A,0,NA,Y,NA,NA,Y,NA,-,NA,0,1,0,0,0,0,1,0,0,-,-,NA,NA,SAN DIEGO,SAN DIEGO,-117.25256003,32.78254005
8157010,2016,2016-11-02,3711,2016-10-20,1301,7523,SAN D,4,5,7,3711,0,0,0,NA,0,242,WESTVIEW PKWY,MARKETCENTER DR,279,S,N,A,-,N,NA,NA,NA,NA,NA,NA,NA,NA,NA,N,4,0,1,2,A,-,08,22107,NA,N,D,G,A,A,H,-,A,D,0,NA,Y,NA,NA,Y,NA,-,NA,0,0,1,0,0,0,1,0,0,-,-,NA,NA,SAN DIEGO,SAN DIEGO,-117.1204412,32.9142262
8157033,2016,2016-11-02,3711,2016-10-24,1844,6876,NA,1,5,7,3711,0,0,0,NA,0,814,W MOUNTAIN VIEW DR,COLLIER AV,127,N,N,C,-,N,NA,NA,NA,NA,NA,NA,NA,NA,NA,N,3,0,1,1,A,-,08,22107,NA,N,H,J,A,B,H,-,-,D,0,NA,Y,NA,NA,Y,Y,L,04,0,1,0,0,0,0,1,0,0,-,-,NA,NA,SAN DIEGO,SAN DIEGO,-117.12599773,32.76577763
81570345,2021,2021-09-15,3706,2021-09-07,2020,549,ESCON,2,5,6,3706,0,0,0,NA,0,042,LINCOLN AV,FIG ST,0,NA,Y,A,-,Y,NA,NA,NA,NA,NA,NA,NA,NA,NA,N,4,0,2,2,A,-,12,21457,A,N,D,C,A,A,H,-,C,A,0,NA,NA,NA,NA,Y,NA,A,01,0,0,2,0,0,0,0,0,0,-,-,33.13631057739258,-117.07877349853516,SAN DIEGO,ESCONDIDO,-117.07874298095705,33.13626480102539
81576126,2021,2021-09-22,3706,2021-09-08,2023,549,ESCON,3,5,6,3706,0,0,0,NA,0,042,BROADWAY,WASHINGTON AV,30,N,N,A,-,N,NA,NA,78,NA,NA,NA,NA,NA,NA,Y,4,0,2,4,A,-,04,21703,NA,N,C,C,A,A,H,-,C,A,0,NA,NA,NA,Y,Y,NA,F,26,0,0,2,0,0,0,0,0,0,-,-,33.12677001953125,-117.0841064453125,SAN DIEGO,ESCONDIDO,-117.0838623046875,33.1269645690918
81576286,2021,2021-09-22,3701,2021-09-09,1524,CB5508,066,4,5,5,3701,0,0,0,NA,0,002,PASEO DEL NORTE,CAR COUNTRY DR,400,N,N,A,-,N,NA,NA,NA,NA,NA,NA,NA,NA,NA,Y,4,0,2,2,A,-,09,21804,A,N,D,C,A,A,H,-,A,D,0,NA,NA,NA,NA,Y,NA,A,01,0,0,2,0,0,0,0,0,0,-,-,33.12752914428711,-117.3236083984375,SAN DIEGO,CARLSBAD,-117.32403564453124,33.128665924072266
81578465,2021,2021-09-24,3706,2021-09-20,1320,524,ESCON,1,5,6,3706,0,0,0,NA,0,045,MISSION AV,ROCK SPRINGS RD,30,E,N,A,-,N,NA,NA,NA,NA,NA,NA,NA,NA,NA,N,4,0,1,2,A,-,03,22350,NA,N,C,C,A,A,H,-,A,A,0,NA,NA,NA,NA,Y,NA,A,01,0,0,1,0,0,0,0,0,0,-,-,33.12656021118164,-117.09744262695313,SAN DIEGO,ESCONDIDO,-117.09735870361328,33.1265983581543
81582149,2021,2021-09-29,3706,2021-09-27,2312,536,ESCON,1,5,6,3706,0,0,0,NA,0,045,VALLEY PY,09TH AV,0,NA,Y,B,C,N,NA,NA,NA,NA,NA,NA,NA,NA,NA,Y,4,0,2,2,A,-,12,21453,A,N,D,C,A,B,H,-,C,A,0,NA,NA,NA,NA,Y,NA,A,01,0,0,2,0,0,0,0,0,0,-,-,33.11069869995117,-117.10355377197266,SAN DIEGO,ESCONDIDO,-117.103554,33.110699
8158791,2016,2017-03-04,3710,2016-10-23,2117,OC1355,NA,7,5,6,3710,0,0,0,NA,0,021,RT 76,FRAZEE RD,200,E,N,B,-,Y,SD,11,76,-,R,5.64,H,-,W,Y,4,0,3,2,A,-,03,22350,NA,N,C,C,A,A,H,-,C,D,0,NA,NA,NA,NA,Y,NA,A,01,0,0,3,0,0,0,0,0,0,-,-,NA,NA,SAN DIEGO,OCEANSIDE,-117.29792627,33.23961993
81594683,2021,2021-10-13,3706,2021-09-28,1544,508,ESCON,2,5,6,3706,0,0,0,NA,0,055,GRAND AV,QUINCE ST,0,NA,Y,A,-,N,NA,NA,NA,NA,NA,NA,NA,NA,NA,Y,4,0,2,2,A,-,12,21453,A,N,B,C,A,A,H,-,A,A,0,NA,NA,NA,NA,Y,NA,D,22,0,0,2,0,0,0,0,0,0,-,-,33.11811065673828,-117.0885772705078,SAN DIEGO,ESCONDIDO,-117.0881576538086,33.118255615234375
81599765,2021,2021-10-19,3706,2021-10-12,1536,527,ESCON,2,5,6,3706,0,0,0,NA,0,044,ASH ST,VALLEY PY,420,N,N,A,-,Y,NA,NA,78,NA,NA,NA,NA,NA,NA,N,4,0,1,2,A,-,09,21801,A,N,B,C,A,A,H,-,A,D,0,NA,NA,NA,NA,Y,NA,A,01,0,0,1,0,0,0,0,0,0,-,-,33.13043975830078,-117.06713104248048,SAN DIEGO,ESCONDIDO,-117.06705474853516,33.13047790527344
81599768,2021,2021-10-19,3706,2021-10-16,0535,474,ESCON,6,5,6,3706,0,0,0,NA,0,045,MISSION AV,ROCK SPRINGS RD,295,E,N,A,-,N,NA,NA,NA,NA,NA,NA,NA,NA,NA,Y,4,0,1,1,C,-,18,NA,NA,N,E,I,A,A,H,-,C,D,0,NA,NA,NA,NA,Y,NA,-,-,0,0,1,0,0,0,0,0,0,-,-,33.12656021118164,-117.09745025634766,SAN DIEGO,ESCONDIDO,-117.09654998779295,33.12684631347656
8160253,2016,2016-11-07,3709,2016-10-22,1535,0491,NCPD,6,5,5,3709,0,0,0,NA,0,023,HIGHLAND AV,HIGHLAND AV 3000,27,W,N,A,-,N,NA,NA,NA,NA,NA,NA,NA,NA,NA,Y,4,0,1,2,A,-,08,22107,NA,N,D,C,A,A,H,-,A,D,0,NA,NA,NA,NA,Y,NA,A,01,0,0,1,0,0,0,0,0,0,-,-,NA,NA,SAN DIEGO,NATIONAL CITY,NA,NA
8160464,2016,2016-11-08,3700,2016-10-26,1621,SH0029,NA,3,5,5,3713,0,0,0,NA,0,302,EAST VISTA WY,BARSBY ST,125,N,N,A,-,N,NA,NA,NA,NA,NA,NA,NA,NA,NA,Y,4,0,1,3,A,-,03,22350,NA,N,C,C,A,A,H,-,A,D,0,NA,NA,NA,NA,Y,NA,A,01,0,0,1,0,0,0,0,0,0,-,-,NA,NA,SAN DIEGO,VISTA,-117.22622713,33.23477239
8160827,2016,2016-12-15,3711,2016-10-30,2035,7257,NA,7,5,7,3711,0,0,0,NA,0,512,WEBSTER AV,S 30TH ST,0,NA,Y,A,-,N,NA,NA,NA,NA,NA,NA,NA,NA,NA,Y,4,0,1,3,A,-,12,22450,A,M,D,C,A,A,H,-,C,D,0,NA,NA,NA,NA,Y,NA,-,-,0,0,1,0,0,0,0,0,0,-,-,NA,NA,SAN DIEGO,SAN DIEGO,-117.12952012,32.70430009
81614117,2021,2021-11-03,3706,2021-10-18,1058,479,ESCON,1,5,6,3706,0,0,0,NA,0,052,02ND AV,JUNIPER ST,0,NA,Y,B,-,N,NA,NA,NA,NA,NA,NA,NA,NA,NA,N,4,0,3,3,A,-,12,21453,A,N,D,C,A,A,H,-,A,A,0,NA,NA,NA,NA,Y,NA,D,22,0,0,3,0,0,0,0,0,0,-,-,33.122100830078125,-117.07804870605467,SAN DIEGO,ESCONDIDO,-117.078086,33.122111