CASE_ID,ACCIDENT_YEAR,PROC_DATE,JURIS,COLLISION_DATE,COLLISION_TIME,OFFICER_ID,REPORTING_DISTRICT,DAY_OF_WEEK,CHP_SHIFT,POPULATION,CNTY_CITY_LOC,SPECIAL_COND,BEAT_TYPE,CHP_BEAT_TYPE,CITY_DIVISION_LAPD,CHP_BEAT_CLASS,BEAT_NUMBER,PRIMARY_RD,SECONDARY_RD,DISTANCE,DIRECTION,INTERSECTION,WEATHER_1,WEATHER_2,STATE_HWY_IND,CALTRANS_COUNTY,CALTRANS_DISTRICT,STATE_ROUTE,ROUTE_SUFFIX,POSTMILE_PREFIX,POSTMILE,LOCATION_TYPE,RAMP_INTERSECTION,SIDE_OF_HWY,TOW_AWAY,COLLISION_SEVERITY,NUMBER_KILLED,NUMBER_INJURED,PARTY_COUNT,PRIMARY_COLL_FACTOR,PCF_CODE_OF_VIOL,PCF_VIOL_CATEGORY,PCF_VIOLATION,PCF_VIOL_SUBSECTION,HIT_AND_RUN,TYPE_OF_COLLISION,MVIW,PED_ACTION,ROAD_SURFACE,ROAD_COND_1,ROAD_COND_2,LIGHTING,CONTROL_DEVICE,CHP_ROAD_TYPE,PEDESTRIAN_ACCIDENT,BICYCLE_ACCIDENT,MOTORCYCLE_ACCIDENT,TRUCK_ACCIDENT,NOT_PRIVATE_PROPERTY,ALCOHOL_INVOLVED,STWD_VEHTYPE_AT_FAULT,CHP_VEHTYPE_AT_FAULT,COUNT_SEVERE_INJ,COUNT_VISIBLE_INJ,COUNT_COMPLAINT_PAIN,COUNT_PED_KILLED,COUNT_PED_INJURED,COUNT_BICYCLIST_KILLED,COUNT_BICYCLIST_INJURED,COUNT_MC_KILLED,COUNT_MC_INJURED,PRIMARY_RAMP,SECONDARY_RAMP,LATITUDE,LONGITUDE,COUNTY,CITY,POINT_X,POINT_Y
81615754,2021,2021-11-04,3701,2021-10-31,1759,CB5547,030,7,5,5,3701,0,0,0,NA,0,004,CHESTNUT AV,OXFORD ST,405,W,N,A,-,N,NA,NA,NA,NA,NA,NA,NA,NA,NA,N,3,0,2,2,A,-,08,22107,NA,N,H,G,A,A,H,-,B,D,0,NA,Y,NA,NA,Y,NA,M,91,0,1,1,0,0,0,2,0,0,-,-,33.166019439697266,-117.31366729736328,SAN DIEGO,CARLSBAD,-117.31497192382813,33.165931701660156
81617791,2021,2021-11-08,3706,2021-10-20,1306,554,ESCON,3,5,6,3706,0,0,0,NA,0,055,09TH AV,I-15 NB,50,E,N,A,-,N,NA,NA,NA,NA,NA,NA,NA,NA,NA,Y,3,0,3,3,A,-,01,23152,A,N,C,C,A,A,H,-,A,A,0,NA,NA,NA,NA,Y,Y,A,01,0,1,2,0,0,0,0,0,0,-,-,33.10837936401367,-117.09488677978516,SAN DIEGO,ESCONDIDO,NA,NA
81625343,2021,2021-11-16,3706,2021-10-31,2119,524,ESCON,7,5,6,3706,0,0,0,NA,0,045,VALLEY PY,TULIP ST (W),0,NA,Y,A,-,N,NA,NA,NA,NA,NA,NA,NA,NA,NA,Y,3,0,4,1,A,-,01,23152,A,N,E,I,A,A,H,-,C,A,0,NA,NA,NA,NA,Y,Y,A,01,0,1,3,0,0,0,0,0,0,-,-,33.11732864379883,-117.09535217285156,SAN DIEGO,ESCONDIDO,-117.09288787841795,33.11717224121094
81625353,2021,2021-11-16,3706,2021-11-08,1451,543,ESCON,1,5,6,3706,0,0,0,NA,0,045,ANDREASEN DR,AUTO PARK WY,0,NA,Y,A,-,N,NA,NA,NA,NA,NA,NA,NA,NA,NA,Y,4,0,1,2,A,-,17,21451,A,N,A,C,A,A,H,-,A,A,0,NA,NA,NA,NA,Y,Y,A,01,0,0,1,0,0,0,0,0,0,-,-,33.11725997924805,-117.11077117919922,SAN DIEGO,ESCONDIDO,-117.11075592041016,33.11728286743164
81635223,2021,2021-11-25,3701,2021-11-02,0814,CB5568,43,2,5,5,3701,0,0,0,NA,0,003,EL CAMINO REAL,WEST RANCH ST,70,N,N,A,-,N,NA,NA,NA,NA,NA,NA,NA,NA,NA,N,4,0,1,2,A,-,03,22350,NA,N,C,C,A,A,H,-,A,A,0,NA,NA,NA,NA,Y,NA,A,01,0,0,1,0,0,0,0,0,0,-,-,33.151611328125,-117.30339050292967,SAN DIEGO,CARLSBAD,-117.30336761474608,33.15163040161133
8163577,2016,2016-11-17,3708,2016-10-29,2016,LM1244,NA,6,5,5,3708,0,0,0,NA,0,002,GROSSMONT BL,GROSSMONT BL 8900,0,NA,Y,A,-,N,NA,NA,NA,NA,NA,NA,NA,NA,NA,Y,4,0,2,3,A,-,03,22350,NA,N,C,C,A,A,H,-,C,A,0,NA,NA,NA,NA,Y,NA,A,01,0,0,2,0,0,0,0,0,0,-,-,NA,NA,SAN DIEGO,LA MESA,-117.00413167,32.77341033
8163651,2016,2016-11-17,3708,2016-11-04,1359,LM1269,NA,5,5,5,3708,0,0,0,NA,0,003,PARKWAY DR,BALTIMORE DR,575,W,N,A,-,N,NA,NA,NA,NA,NA,NA,NA,NA,NA,Y,4,0,1,3,A,-,01,23152,A,N,C,E,A,A,H,-,A,C,0,NA,NA,NA,NA,Y,Y,A,01,0,0,1,0,0,0,0,0,0,-,-,NA,NA,SAN DIEGO,LA MESA,-117.02918315,32.77421573
8163655,2016,2016-11-17,3708,2016-11-02,1231,IM8273,NA,3,5,5,3708,0,0,0,NA,0,004,FLETCHER PKWY,AMAYA DR,526,N,N,A,-,N,NA,NA,NA,NA,NA,NA,NA,NA,NA,Y,4,0,1,1,A,-,08,22107,NA,N,E,I,A,A,H,-,A,D,0,NA,NA,NA,NA,Y,NA,A,01,0,0,1,0,0,0,0,0,0,-,-,NA,NA,SAN DIEGO,LA MESA,-117.00236842,32.78806547
81641748,2021,2021-12-03,3701,2021-11-12,1623,CB5557,001,5,5,5,3701,0,0,0,NA,0,001,CARLSBAD VILLAGE DR,CARLSBAD BL,200,E,N,A,-,N,NA,NA,NA,NA,NA,NA,NA,NA,NA,N,4,0,1,2,A,-,08,22107,NA,F,D,G,A,A,H,-,B,D,0,NA,Y,NA,NA,Y,NA,A,01,0,0,1,0,0,0,1,0,0,-,-,33.158199310302734,-117.3510284423828,SAN DIEGO,CARLSBAD,-117.3505401611328,33.15853500366211
8164411,2016,2017-03-27,3711,2016-10-26,2033,6641,NA,3,5,7,3711,0,0,0,NA,0,934,EL CAMINO,CARMEL VALLEY RD,0,NA,Y,B,-,Y,SD,11,56,-,-,0.488,R,4,W,Y,3,0,5,2,A,-,12,21453,A,N,D,C,A,A,H,-,C,-,0,NA,NA,NA,NA,Y,NA,-,NA,0,2,3,0,0,0,0,0,0,-,-,NA,NA,SAN DIEGO,SAN DIEGO,-117.23435991,32.93533278
8165320,2016,2016-11-14,3711,2016-11-01,1734,7312,NA,2,5,7,3711,0,0,0,NA,0,324,NAVAJO RD,BOULDER LAKE AV,0,NA,Y,A,-,N,NA,NA,NA,NA,NA,NA,NA,NA,NA,Y,4,0,1,2,A,-,04,21703,NA,N,C,C,A,A,H,-,A,A,0,NA,NA,NA,NA,Y,NA,-,NA,0,0,1,0,0,0,0,0,0,-,-,NA,NA,SAN DIEGO,SAN DIEGO,-117.01772003,32.80336005
8165629,2016,2017-02-18,3709,2016-08-27,1105,450,3709,6,5,5,3709,0,0,0,NA,0,021,EAST PLAZA BL,RT 805,0,NA,Y,A,-,Y,SD,11,805,-,-,10.456,R,4,N,N,3,0,1,3,A,-,04,21703,NA,N,C,C,A,A,H,-,A,A,0,NA,NA,NA,NA,Y,NA,-,NA,0,1,0,0,0,0,0,0,0,-,-,NA,NA,SAN DIEGO,NATIONAL CITY,-117.08562509,32.67944525
81659385,2021,2021-12-23,3706,2021-12-17,1555,483,ESCON,5,5,6,3706,0,0,0,NA,0,044,ROSE ST,WASHINGTON AV,0,NA,Y,A,-,N,NA,NA,NA,NA,NA,NA,NA,NA,NA,Y,4,0,1,3,A,-,12,21453,A,N,D,C,A,A,H,-,A,A,0,NA,NA,NA,NA,Y,NA,D,22,0,0,1,0,0,0,0,0,0,-,-,33.13724136352539,-117.06095123291016,SAN DIEGO,ESCONDIDO,-117.06089782714844,33.13728713989258
81665978,2021,2021-12-30,3706,2021-12-22,1405,562,ESCON,3,5,6,3706,0,0,0,NA,0,042,BROADWAY,WASHINGTON AV,294,N,N,B,-,Y,NA,NA,78,NA,NA,NA,NA,NA,NA,N,4,0,1,2,A,-,09,21804,A,N,D,C,A,A,H,-,A,D,0,NA,NA,NA,NA,Y,NA,A,01,0,0,1,0,0,0,0,0,0,-,-,33.126991271972656,-117.08374786376952,SAN DIEGO,ESCONDIDO,-117.08375549316406,33.12699890136719
8167210,2017,2019-04-08,3702,2017-11-05,1920,CV0777,NA,7,5,6,3702,0,0,0,NA,0,011,BROADWAY,CHULA VISTA ST,142,N,N,A,-,N,NA,NA,NA,NA,NA,NA,NA,NA,NA,Y,1,1,1,2,A,-,11,21950,B,N,G,B,D,A,H,-,C,D,0,Y,NA,NA,NA,Y,Y,N,60,0,0,1,1,0,0,0,0,0,-,-,NA,NA,SAN DIEGO,CHULA VISTA,-117.09549895,32.64645799
8167237,2018,2020-05-22,3705,2018-03-13,1714,EC0278,NA,2,5,5,3705,0,0,0,NA,0,002,GREENFIELD,N MOLLISON,777,W,N,A,-,N,NA,NA,NA,NA,NA,NA,NA,NA,NA,Y,1,1,1,2,A,-,08,22107,NA,N,G,B,F,A,H,-,A,D,0,Y,NA,NA,NA,Y,NA,A,07,0,1,0,1,0,0,0,0,0,-,-,NA,NA,SAN DIEGO,EL CAJON,-116.95321655273438,32.813316345214844
8167533,2017,2018-03-08,3705,2017-08-26,2049,EC278,NA,6,5,5,3705,0,0,0,NA,0,010,EAST MAIN ST,TAFT,20,E,N,A,-,N,NA,NA,NA,NA,NA,NA,NA,NA,NA,Y,1,1,0,2,A,-,11,21950,B,N,G,B,-,A,H,-,C,A,0,Y,NA,NA,NA,Y,NA,N,60,0,0,0,1,0,0,0,0,0,-,-,NA,NA,SAN DIEGO,EL CAJON,-116.95634515,32.79495
8167835,2019,2020-11-02,3702,2019-07-27,0214,CV1012,NA,6,5,6,3702,0,0,0,NA,0,023,EAST PALOMAR ST,RT 805,0,NA,Y,A,-,Y,SD,11,805,-,-,5.262,R,4,S,Y,3,0,1,1,A,-,01,23152,A,N,E,I,A,A,H,-,C,A,0,NA,NA,NA,NA,Y,Y,A,01,0,1,0,0,0,0,0,0,0,-,SF,NA,NA,SAN DIEGO,CHULA VISTA,-117.03923034667967,32.61767578125
8168111,2019,2019-10-28,3706,2019-09-09,1730,500,ESCON,1,5,6,3706,0,0,0,NA,0,052,JUNIPER ST,10TH AV,92,N,N,A,-,N,NA,NA,NA,NA,NA,NA,NA,NA,NA,Y,4,0,1,2,A,-,03,22350,NA,N,C,C,A,A,H,-,A,D,0,NA,NA,NA,NA,Y,NA,A,01,0,0,1,0,0,0,0,0,0,-,-,33.1148796081543,-117.07302856445313,SAN DIEGO,ESCONDIDO,-117.07317352294922,33.11514663696289
8168158,2019,2019-10-28,3701,2019-09-05,1457,DB5536,123,4,5,5,3701,0,0,0,NA,0,008,RANCHO SANTA FE RD,CAMINO DE LOS COCHES,100,N,N,A,-,N,NA,NA,NA,NA,NA,NA,NA,NA,NA,Y,4,0,1,2,A,-,03,22350,NA,N,C,C,A,A,H,-,A,D,0,NA,NA,NA,NA,Y,NA,A,01,0,0,1,0,0,0,0,0,0,-,-,NA,NA,SAN DIEGO,CARLSBAD,-117.23942565917967,33.07661437988281
81684188,2021,2022-01-25,3706,2021-12-28,1426,480,ESCON,2,5,6,3706,0,0,0,NA,0,046,BEVEN DR,VALLEY PY,370,W,N,C,-,N,NA,NA,NA,NA,NA,NA,NA,NA,NA,Y,3,0,1,1,A,-,01,23152,A,N,E,I,A,B,H,-,A,D,0,NA,NA,NA,NA,Y,Y,-,-,0,1,0,0,0,0,0,0,0,-,-,33.15581130981445,-117.03134155273438,SAN DIEGO,ESCONDIDO,-117.03266143798828,33.15602493286133
81686090,2022,2022-01-27,3706,2022-01-24,0634,424,ESCON,1,5,6,3706,0,0,0,NA,0,045,VALLEY PY,I-15 NB ON RA,0,NA,Y,A,-,N,NA,NA,NA,NA,NA,NA,NA,NA,NA,Y,4,0,2,2,A,-,12,21453,A,N,D,C,A,A,H,-,A,A,0,NA,NA,NA,NA,Y,NA,-,-,0,0,2,0,0,0,0,0,0,-,-,33.116371154785156,-117.09751892089844,SAN DIEGO,ESCONDIDO,-117.09889221191406,33.11562728881836
81692167,2021,2022-02-03,3706,2021-12-23,1234,488,ESCON,4,5,6,3706,0,0,0,NA,0,056,BEAR VALLEY PY,HAYDEN DR,0,NA,Y,B,-,N,NA,NA,NA,NA,NA,NA,NA,NA,NA,Y,1,1,0,2,A,-,12,21453,A,N,D,C,A,A,H,-,A,A,0,NA,NA,Y,NA,Y,NA,C,02,0,0,0,0,0,0,0,1,0,-,-,33.141048431396484,-117.03939056396484,SAN DIEGO,ESCONDIDO,-117.03949737548828,33.141151428222656
8169460,2016,2016-11-16,3711,2016-10-11,1518,5611,NA,2,5,7,3711,0,0,0,NA,0,243,STROMESA CT,STROMESA CT 7900,7,N,N,B,-,N,NA,NA,NA,NA,NA,NA,NA,NA,NA,N,3,0,1,2,-,-,-,NA,NA,N,G,B,E,A,H,-,A,D,0,Y,NA,NA,NA,Y,NA,-,-,0,1,0,0,1,0,0,0,0,-,-,NA,NA,SAN DIEGO,SAN DIEGO,NA,NA
8169700,2016,2016-12-20,3711,2016-11-04,1647,7544,NA,5,5,7,3711,0,0,0,NA,0,712,CALLE PRIMERA RD,VIA DE SAN YSIDRO,63,E,N,A,-,N,NA,NA,NA,NA,NA,NA,NA,NA,NA,N,4,0,1,2,A,-,04,21703,NA,N,C,C,A,A,H,-,A,A,0,NA,NA,NA,NA,Y,NA,-,NA,0,0,1,0,0,0,0,0,0,-,-,NA,NA,SAN DIEGO,SAN DIEGO,-117.04567631,32.55081895
8169705,2016,2016-11-16,3711,2016-11-02,1934,7290,SANDI,3,5,7,3711,0,0,0,NA,0,326,COLLEGE AV,AROSA ST,100,S,N,A,-,N,NA,NA,NA,NA,NA,NA,NA,NA,NA,Y,4,0,1,2,A,-,08,22107,NA,M,C,C,A,A,H,-,C,D,0,NA,NA,NA,NA,Y,NA,A,01,0,0,1,0,0,0,0,0,0,-,-,NA,NA,SAN DIEGO,SAN DIEGO,-117.0668519,32.76490628
8169727,2016,2016-11-16,3711,2016-11-04,0728,7132,SAN D,5,5,7,3711,0,0,0,NA,0,233,SUNDANCE  AV,TWIN TRAILS DR,0,S,N,A,-,N,NA,NA,NA,NA,NA,NA,NA,NA,NA,N,3,0,1,2,A,-,12,22450,A,N,D,G,A,A,H,-,A,A,0,NA,Y,NA,NA,Y,NA,L,04,0,1,0,0,0,0,1,0,0,-,-,NA,NA,SAN DIEGO,SAN DIEGO,-117.13177007,32.95861004
8169737,2016,2016-11-16,3711,2016-11-01,0912,5985,NA,2,5,7,3711,0,0,0,NA,0,522,1ST AV,MARKET ST,0,NA,Y,A,-,N,NA,NA,NA,NA,NA,NA,NA,NA,NA,N,4,0,1,2,A,-,12,21453,A,N,H,G,A,A,H,-,A,A,0,NA,Y,NA,NA,Y,NA,L,04,0,0,1,0,0,0,1,0,0,-,-,NA,NA,SAN DIEGO,SAN DIEGO,-117.16379,32.71151009
8170236,2016,2016-11-17,3701,2016-10-27,0823,5444,56,4,5,5,3701,0,0,0,NA,0,005,FARADAY AV,PALMER WY,502,E,N,A,-,N,NA,NA,NA,NA,NA,NA,NA,NA,NA,N,3,0,1,2,A,-,09,21801,A,N,D,G,A,A,H,-,A,D,0,NA,Y,NA,NA,Y,NA,A,01,0,1,0,0,0,0,1,0,0,-,-,33.1364,-117.27345,SAN DIEGO,CARLSBAD,-117.27053679,33.13656584
8170495,2016,2017-01-10,3701,2016-11-06,1530,5289,67,7,5,5,3701,0,0,0,NA,0,005,PASEO DEL NORTE,CANNON RD,0,NA,Y,A,-,N,NA,NA,NA,NA,NA,NA,NA,NA,NA,N,4,0,2,2,A,-,03,22350,NA,N,C,C,A,A,H,-,A,A,0,NA,NA,Y,NA,Y,NA,C,06,0,0,2,0,0,0,0,0,0,-,-,NA,NA,SAN DIEGO,CARLSBAD,-117.32707009,33.13547002
81707527,2022,2022-02-24,3701,2022-02-13,2050,CB5542,NA,7,5,5,3701,0,0,0,NA,0,NA,EL CAMINO REAL,CARLSBAD VILLAGE DR,0,NA,Y,A,-,N,NA,NA,NA,NA,NA,NA,NA,NA,NA,Y,3,0,1,2,A,-,09,21453,C,N,D,C,A,A,H,-,C,A,0,NA,NA,NA,NA,Y,NA,A,07,0,1,0,0,0,0,0,0,0,-,-,33.17171096801758,-117.32260894775392,SAN DIEGO,CARLSBAD,-117.32254028320313,33.17173385620117
8171002,2016,2016-11-28,3705,2016-09-27,1904,EC0337,NA,2,5,5,3705,0,0,0,NA,0,006,N JOHNSON,BENEDICT,150,N,N,A,-,N,NA,NA,NA,NA,NA,NA,NA,NA,NA,N,2,0,1,2,A,-,09,21801,A,N,D,G,A,A,H,-,C,D,0,NA,Y,NA,NA,Y,NA,L,04,1,0,0,0,0,0,1,0,0,-,-,NA,NA,SAN DIEGO,EL CAJON,-116.97104,32.79809081
81717166,2022,2023-12-06,3706,2022-02-18,1336,533,ESCON,5,5,6,3706,0,0,0,NA,0,042,WASHINGTON AV,ESCONDIDO BL,378,E,N,A,-,N,NA,NA,NA,NA,NA,NA,NA,NA,NA,N,4,0,1,2,A,-,09,21804,A,N,D,G,A,A,H,-,A,A,0,NA,Y,NA,NA,Y,NA,L,04,0,0,1,0,0,0,1,0,0,-,-,33.125511169433594,-117.0882568359375,SAN DIEGO,ESCONDIDO,-117.08678436279295,33.12606430053711
8172363,2016,2016-11-30,3711,2016-11-11,1452,7463,NA,5,5,7,3711,0,0,0,NA,0,823,UNIVERSITY AV,54TH ST,507,E,N,A,-,N,NA,NA,NA,NA,NA,NA,NA,NA,NA,Y,4,0,1,2,A,-,09,21804,A,N,-,C,A,A,H,-,A,D,0,NA,NA,NA,NA,Y,NA,A,01,0,0,1,0,0,0,0,0,0,-,-,NA,NA,SAN DIEGO,SAN DIEGO,-117.07794722,32.74829394
8172386,2016,2016-11-30,3711,2016-11-15,1521,6945,NA,2,5,7,3711,0,0,0,NA,0,721,HALO,THERMAL,20,E,N,A,-,N,NA,NA,NA,NA,NA,NA,NA,NA,NA,N,3,0,1,2,A,-,11,21950,B,N,G,B,B,A,H,-,A,A,0,Y,NA,NA,NA,Y,NA,N,60,0,1,0,0,1,0,0,0,0,-,-,NA,NA,SAN DIEGO,SAN DIEGO,-117.0970253,32.57283
8172391,2016,2016-12-16,3711,2016-11-10,1927,7172,NA,4,5,7,3711,0,0,0,NA,0,813,OREGON ST,EL CAJON BL,9,E,N,-,-,N,NA,NA,NA,NA,NA,NA,NA,NA,NA,N,4,0,1,2,A,-,09,21801,A,N,A,C,A,A,-,-,-,A,0,NA,NA,NA,NA,Y,NA,-,-,0,0,1,0,0,0,0,0,0,-,-,NA,NA,SAN DIEGO,SAN DIEGO,-117.13513,32.75538
8172400,2016,2016-12-01,3711,2016-11-09,1545,5315,NA,3,5,7,3711,0,0,0,NA,0,621,LINDA VISTA RD,ULRIC ST,360,N,N,A,-,N,NA,NA,NA,NA,NA,NA,NA,NA,NA,Y,4,0,1,2,A,-,03,22350,NA,N,C,C,A,A,H,-,A,D,0,NA,NA,NA,NA,Y,NA,-,NA,0,0,1,0,0,0,0,0,0,-,-,NA,NA,SAN DIEGO,SAN DIEGO,-117.16987368,32.78740892
81726251,2022,2022-03-18,3706,2022-03-16,1419,455,ESCON,3,5,6,3706,0,0,0,NA,0,045,VALLEY PY,09TH AV,570,E,N,A,-,N,NA,NA,NA,NA,NA,NA,NA,NA,NA,Y,4,0,2,3,A,-,03,22350,NA,N,C,C,A,A,H,-,A,D,0,NA,NA,NA,NA,Y,NA,A,01,0,0,2,0,0,0,0,0,0,-,-,33.11069869995117,-117.10355377197266,SAN DIEGO,ESCONDIDO,-117.10268402099608,33.11209487915039
8172870,2016,2017-03-27,3710,2016-11-12,1700,OC1363,NA,6,5,6,3710,0,0,0,NA,0,016,RT 76,DOUGLAS,246,E,N,A,-,Y,SD,11,76,-,R,3.8,H,-,W,Y,4,0,1,2,A,-,03,22350,NA,N,C,C,A,A,H,-,C,A,0,NA,NA,NA,NA,Y,NA,A,01,0,0,1,0,0,0,0,0,0,-,-,NA,NA,SAN DIEGO,OCEANSIDE,-117.32480989,33.22614054
8173866,2016,2016-11-29,3706,2016-11-08,1535,322,ESCON,2,5,6,3706,0,0,0,NA,0,042,MISSION AV,FIG ST,0,NA,Y,A,-,N,NA,NA,NA,NA,NA,NA,NA,NA,NA,Y,3,0,2,3,A,-,09,21801,A,N,D,C,A,A,H,-,A,A,0,NA,NA,NA,NA,Y,NA,A,01,0,1,1,0,0,0,0,0,0,-,-,33.13292,-117.07733,SAN DIEGO,ESCONDIDO,-117.07726005,33.13288004
8174082,2016,2016-11-23,3700,2016-10-06,1756,SH2573,NA,4,5,2,3704,0,0,0,NA,0,291,VIA DE LA VALLE,JIMMY DURANTE BL,0,NA,Y,A,-,N,NA,NA,NA,NA,NA,NA,NA,NA,NA,Y,4,0,1,2,A,-,05,21460,A,N,D,C,A,A,H,-,A,A,0,NA,NA,Y,NA,Y,NA,A,01,0,0,1,0,0,0,0,0,1,-,-,NA,NA,SAN DIEGO,DEL MAR,-117.25690663,32.9794009
81741778,2022,2022-04-06,3706,2022-03-28,1646,558,ESCON,1,5,6,3706,0,0,0,NA,0,056,CITRUS AV,BIG PINE RD,174,N,N,C,-,N,NA,NA,NA,NA,NA,NA,NA,NA,NA,N,4,0,1,2,A,-,03,22350,NA,N,G,B,F,B,H,-,A,D,0,Y,NA,NA,NA,Y,NA,A,01,0,0,1,0,1,0,0,0,0,-,-,33.123050689697266,-117.0402374267578,SAN DIEGO,ESCONDIDO,-117.03970336914063,33.12392807006836
8176125,2016,2016-11-29,3710,2016-10-24,1906,OC1313,NA,1,5,6,3710,0,0,0,NA,0,032,RANCHO DEL ORO DR,OCEAN RANCH BL,0,NA,Y,C,-,N,NA,NA,NA,NA,NA,NA,NA,NA,NA,N,3,0,1,2,A,-,10,21950,A,N,G,B,B,B,H,-,C,A,0,Y,NA,NA,NA,Y,Y,A,01,0,1,0,0,1,0,0,0,0,-,-,NA,NA,SAN DIEGO,OCEANSIDE,-117.3128201,33.20956001
8176133,2016,2017-03-04,3710,2016-10-18,1545,OC1425,NA,2,5,6,3710,0,0,0,NA,0,016,RT 76,DOUGLAS DR,0,NA,Y,A,-,Y,SD,11,76,-,R,3.77,H,-,W,N,4,0,2,2,D,-,00,NA,NA,F,C,C,A,A,H,-,A,A,0,NA,NA,NA,NA,Y,NA,-,-,0,0,2,0,0,0,0,0,0,-,-,NA,NA,SAN DIEGO,OCEANSIDE,-117.32527288,33.2259997
81762750,2022,2022-05-03,3706,2022-04-17,2025,524,ESCON,7,5,6,3706,0,0,0,NA,0,055,VALLEY PY,I-15 SB,30,W,N,A,-,N,NA,NA,NA,NA,NA,NA,NA,NA,NA,Y,4,0,3,2,A,-,04,21703,NA,N,C,C,A,A,H,-,C,A,0,NA,NA,NA,NA,Y,NA,A,01,0,0,3,0,0,0,0,0,0,-,-,33.115318298339844,-117.09950256347656,SAN DIEGO,ESCONDIDO,-117.09926605224608,33.115196228027344
8176349,2016,2016-11-28,3702,2016-11-13,0355,CV1185,NA,7,5,6,3702,0,0,0,NA,0,023,TELEGRAPH CANYON RD,OLEANDER AV,0,NA,Y,A,-,N,NA,NA,NA,NA,NA,NA,NA,NA,NA,Y,4,0,1,2,D,-,00,NA,NA,N,D,C,A,A,H,-,C,A,0,NA,NA,NA,NA,Y,NA,-,-,0,0,1,0,0,0,0,0,0,-,-,NA,NA,SAN DIEGO,CHULA VISTA,-117.03671004,32.62787011
8177051,2016,2016-12-01,3710,2016-11-21,0310,OC1419,NA,1,5,6,3710,0,0,0,NA,0,011,FOUSSAT RD,MISSION AV,250,S,N,C,-,N,NA,NA,NA,NA,NA,NA,NA,NA,NA,Y,3,0,1,1,A,-,01,23152,A,N,A,I,A,B,H,-,C,D,0,NA,NA,NA,NA,Y,Y,A,01,0,1,0,0,0,0,0,0,0,-,-,NA,NA,SAN DIEGO,OCEANSIDE,-117.34280888,33.21638984
8177055,2016,2016-12-01,3710,2016-11-18,0517,OC1428,NA,5,5,6,3710,0,0,0,NA,0,028,OLD GROVE RD,COLLEGE BL,445,W,N,A,-,N,NA,NA,NA,NA,NA,NA,NA,NA,NA,Y,4,0,1,1,A,-,03,22350,NA,N,E,I,A,A,H,-,B,D,0,NA,NA,NA,NA,Y,NA,A,01,0,0,1,0,0,0,0,0,0,-,-,NA,NA,SAN DIEGO,OCEANSIDE,-117.28886199,33.21670268
81773388,2022,2022-05-17,3706,2022-04-27,1518,1885,ESCON,3,5,6,3706,0,0,0,NA,0,051,MARY LN,BEAR VALLEY PY,302,E,N,A,-,N,NA,NA,NA,NA,NA,NA,NA,NA,NA,N,3,0,1,2,A,-,06,21760,C,N,B,G,A,A,H,-,A,D,0,NA,Y,NA,NA,Y,NA,A,01,0,1,0,0,0,0,1,0,0,-,-,33.07759094238281,-117.05754089355467,SAN DIEGO,ESCONDIDO,-117.05646514892578,33.077754974365234
81773394,2022,2022-05-17,3706,2022-05-01,1624,562,ESCON,7,5,6,3706,0,0,0,NA,0,054,WASHINGTON AV,ROSE ST,0,NA,Y,A,-,N,NA,NA,NA,NA,NA,NA,NA,NA,NA,Y,4,0,1,2,A,-,12,21453,A,N,D,C,A,A,H,-,A,A,0,NA,NA,NA,NA,Y,NA,D,22,0,0,1,0,0,0,0,0,0,-,-,33.13697814941406,-117.0610809326172,SAN DIEGO,ESCONDIDO,-117.06089782714844,33.13728713989258
8177416,2016,2017-01-20,3701,2016-11-17,1255,5356,70,4,5,5,3701,0,0,0,NA,0,006,AVENIDA ENCINAS,PALOMAR AIRPORT RD,922,S,N,A,-,N,NA,NA,NA,NA,NA,NA,NA,NA,NA,Y,4,0,1,1,A,-,07,21658,A,N,B,I,A,-,D,-,A,A,0,NA,NA,NA,Y,Y,NA,F,26,0,0,1,0,0,0,0,0,0,-,-,33.11938,-117.32397,SAN DIEGO,CARLSBAD,-117.32428603,33.11992575
8177439,2016,2016-12-06,3701,2016-11-17,0806,5444,122,4,5,5,3701,0,0,0,NA,0,008,RANCHO SANTA FE RD,LA COSTA AV,18,N,N,A,-,N,NA,NA,NA,NA,NA,NA,NA,NA,NA,N,4,0,1,2,A,-,03,22350,NA,N,C,C,A,A,H,-,A,A,0,NA,NA,NA,NA,Y,NA,D,22,0,0,1,0,0,0,0,0,0,-,-,33.08176,-117.23676,SAN DIEGO,CARLSBAD,-117.23693228,33.08162772
8177654,2016,2017-02-28,3701,2016-11-18,1611,5355,68,5,5,5,3701,0,0,0,NA,0,002,CARLSBAD BL,CEREZO DR,80,N,N,A,-,N,NA,NA,NA,NA,NA,NA,NA,NA,NA,N,4,0,1,3,A,-,03,22350,A,N,C,C,A,A,H,-,A,A,0,NA,NA,Y,NA,Y,NA,A,01,0,0,1,0,0,0,0,0,1,-,-,NA,NA,SAN DIEGO,CARLSBAD,-117.33283341,33.12873827
8178371,2016,2016-12-05,3700,2016-11-02,1028,SH2558,NA,3,5,5,3712,0,0,0,NA,0,373,SOUTH RANCHO SANTA FE RD,VIA CANCION,0,NA,Y,A,-,N,NA,NA,NA,NA,NA,NA,NA,NA,NA,Y,4,0,1,2,A,-,12,21453,A,N,D,C,A,A,H,-,A,A,0,NA,NA,NA,NA,Y,NA,A,01,0,0,1,0,0,0,0,0,0,-,-,NA,NA,SAN DIEGO,SAN MARCOS,-117.22372001,33.11841006