CASE_ID,ACCIDENT_YEAR,PROC_DATE,JURIS,COLLISION_DATE,COLLISION_TIME,OFFICER_ID,REPORTING_DISTRICT,DAY_OF_WEEK,CHP_SHIFT,POPULATION,CNTY_CITY_LOC,SPECIAL_COND,BEAT_TYPE,CHP_BEAT_TYPE,CITY_DIVISION_LAPD,CHP_BEAT_CLASS,BEAT_NUMBER,PRIMARY_RD,SECONDARY_RD,DISTANCE,DIRECTION,INTERSECTION,WEATHER_1,WEATHER_2,STATE_HWY_IND,CALTRANS_COUNTY,CALTRANS_DISTRICT,STATE_ROUTE,ROUTE_SUFFIX,POSTMILE_PREFIX,POSTMILE,LOCATION_TYPE,RAMP_INTERSECTION,SIDE_OF_HWY,TOW_AWAY,COLLISION_SEVERITY,NUMBER_KILLED,NUMBER_INJURED,PARTY_COUNT,PRIMARY_COLL_FACTOR,PCF_CODE_OF_VIOL,PCF_VIOL_CATEGORY,PCF_VIOLATION,PCF_VIOL_SUBSECTION,HIT_AND_RUN,TYPE_OF_COLLISION,MVIW,PED_ACTION,ROAD_SURFACE,ROAD_COND_1,ROAD_COND_2,LIGHTING,CONTROL_DEVICE,CHP_ROAD_TYPE,PEDESTRIAN_ACCIDENT,BICYCLE_ACCIDENT,MOTORCYCLE_ACCIDENT,TRUCK_ACCIDENT,NOT_PRIVATE_PROPERTY,ALCOHOL_INVOLVED,STWD_VEHTYPE_AT_FAULT,CHP_VEHTYPE_AT_FAULT,COUNT_SEVERE_INJ,COUNT_VISIBLE_INJ,COUNT_COMPLAINT_PAIN,COUNT_PED_KILLED,COUNT_PED_INJURED,COUNT_BICYCLIST_KILLED,COUNT_BICYCLIST_INJURED,COUNT_MC_KILLED,COUNT_MC_INJURED,PRIMARY_RAMP,SECONDARY_RAMP,LATITUDE,LONGITUDE,COUNTY,CITY,POINT_X,POINT_Y
8295321,2017,2017-02-07,3711,2017-01-25,1608,7014,NA,3,5,7,3711,0,0,0,NA,0,823,58TH ST,UNIVERSITY,110,S,N,A,-,N,NA,NA,NA,NA,NA,NA,NA,NA,NA,Y,3,0,1,2,A,-,08,22107,NA,N,A,C,A,A,H,-,A,A,0,NA,NA,NA,NA,Y,NA,-,NA,0,1,0,0,0,0,0,0,0,-,-,NA,NA,SAN DIEGO,SAN DIEGO,-117.07262444,32.74892157
8296863,2017,2017-02-10,3700,2017-01-24,1819,SH0021,NA,2,5,5,3713,0,0,0,NA,0,303,EAST VISTA WY,TYHAVEN DR,19,N,N,A,-,N,NA,NA,NA,NA,NA,NA,NA,NA,NA,N,4,0,1,2,A,-,04,21703,NA,N,C,C,A,A,H,-,D,D,0,NA,NA,NA,NA,Y,NA,A,01,0,0,1,0,0,0,0,0,0,-,-,NA,NA,SAN DIEGO,VISTA,NA,NA
82996815,2024,2024-07-31,3706,2024-07-25,1901,549,NA,4,5,6,3706,0,0,0,NA,0,043,EL NORTE PY,I-15 RA (W),0,NA,Y,A,-,Y,NA,NA,NA,NA,NA,NA,NA,NA,NA,Y,4,0,1,2,A,-,12,21453,A,N,D,C,A,A,H,-,A,A,0,NA,NA,NA,NA,Y,NA,A,01,0,0,1,0,0,0,0,0,0,-,-,33.14683151245117,-117.1052017211914,SAN DIEGO,ESCONDIDO,-117.10462951660156,33.14670181274414
8301000,2017,2017-02-09,3706,2017-01-09,1820,491,ESCON,1,5,6,3706,0,0,0,NA,0,046,CITRUS AV,VALLEY PKWY,170,N,N,A,-,N,NA,NA,NA,NA,NA,NA,NA,NA,NA,Y,4,0,1,2,A,-,04,21703,NA,N,C,C,A,A,H,-,C,D,0,NA,NA,NA,NA,Y,NA,A,01,0,0,1,0,0,0,0,0,0,-,-,33.14098,-117.04424,SAN DIEGO,ESCONDIDO,-117.04455391,33.14138912
8301653,2017,2017-02-13,3709,2017-01-30,0749,442,SOUTH,1,5,5,3709,0,0,0,NA,0,023,HIGHLAND AV,EAST 18TH ST,0,NA,Y,A,-,N,NA,NA,NA,NA,NA,NA,NA,NA,NA,N,3,0,1,2,A,-,11,21453,D,N,D,B,B,A,H,-,A,A,0,Y,NA,NA,NA,Y,NA,N,60,0,1,0,0,1,0,0,0,0,-,-,NA,NA,SAN DIEGO,NATIONAL CITY,-117.09536008,32.66949009
8302240,2017,2017-02-22,3709,2017-02-03,0744,498,NA,5,5,5,3709,0,0,0,NA,0,021,E PLAZA BLVD,EAST PLAZA BL,11.8,S,N,A,-,N,NA,NA,NA,NA,NA,NA,NA,NA,NA,N,4,0,1,2,A,-,09,21801,A,N,A,C,A,A,H,-,A,D,0,NA,NA,Y,NA,Y,NA,A,01,0,0,1,0,0,0,0,0,0,-,-,NA,NA,SAN DIEGO,NATIONAL CITY,-117.10625,32.6741
8304016,2017,2017-03-23,3711,2017-01-30,0826,6817,SANDI,1,5,7,3711,0,0,0,NA,0,124,OLIVETAS AV,COAST BL,15,N,N,A,-,N,NA,NA,NA,NA,NA,NA,NA,NA,NA,N,3,0,1,2,A,-,03,22350,NA,N,D,G,A,A,H,-,A,D,0,NA,Y,NA,NA,Y,NA,-,NA,0,1,0,0,0,0,1,0,0,-,-,NA,NA,SAN DIEGO,SAN DIEGO,-117.28012741,32.8393384
8304071,2017,2017-10-11,3711,2017-01-23,0020,7152,SANDI,1,5,7,3711,0,0,0,NA,0,12C,TORREY PINES RD,NU SYSTEM DRWY,2000,N,N,A,-,N,NA,NA,NA,NA,NA,NA,NA,NA,NA,Y,4,0,1,2,A,-,00,20002,NA,M,C,C,A,B,H,-,D,D,0,NA,NA,NA,NA,Y,NA,-,99,0,0,1,0,0,0,0,0,0,-,-,NA,NA,SAN DIEGO,SAN DIEGO,-117.24653138,32.91529021
8304131,2017,2017-02-08,3711,2017-01-24,1525,8334,NA,2,5,7,3711,0,0,0,NA,0,432,IMPERIAL AV,SAN JACINTO DR,0,NA,Y,A,C,N,NA,NA,NA,NA,NA,NA,NA,NA,NA,N,4,0,1,2,A,-,12,21453,A,N,D,C,A,B,H,-,A,A,0,NA,NA,NA,NA,Y,NA,A,07,0,0,1,0,0,0,0,0,0,-,-,NA,NA,SAN DIEGO,SAN DIEGO,-117.0826501,32.70564012
8304634,2017,2017-02-21,3705,2017-01-13,2204,EC0354,NA,5,5,5,3705,0,0,0,NA,0,009,EAST MAIN ST,2ND ST,234,W,N,A,-,N,NA,NA,NA,NA,NA,NA,NA,NA,NA,Y,4,0,1,1,A,-,08,22107,NA,N,A,I,A,B,H,-,C,D,0,NA,NA,NA,NA,Y,Y,A,01,0,0,1,0,0,0,0,0,0,-,-,NA,NA,SAN DIEGO,EL CAJON,-116.93805297,32.79493683
8305141,2017,2017-03-16,3711,2017-02-01,1645,6499,NA,3,5,7,3711,0,0,0,NA,0,438,ROANOKE ST,MORNINGSIDE ST,5,W,N,A,-,N,NA,NA,NA,NA,NA,NA,NA,NA,NA,N,3,0,1,2,A,-,11,21950,B,N,G,B,D,A,H,-,A,A,0,Y,NA,NA,NA,Y,NA,N,60,0,1,0,0,1,0,0,0,0,-,-,NA,NA,SAN DIEGO,SAN DIEGO,-117.06325269,32.67257149
8305716,2017,2017-02-16,3711,2017-02-03,1311,7150,NA,5,5,7,3711,0,0,0,NA,0,613,WEST POINT LOMA BL,W POINT LOMA BL 4125,0,NA,Y,A,-,N,NA,NA,NA,NA,NA,NA,NA,NA,NA,N,4,0,1,2,A,-,04,21703,NA,N,C,C,A,A,H,-,A,D,0,NA,NA,NA,NA,Y,NA,-,NA,0,0,1,0,0,0,0,0,0,-,-,NA,NA,SAN DIEGO,SAN DIEGO,-117.22453952,32.75337094
8305796,2017,2017-02-23,3711,2017-02-06,0051,6760,NA,1,5,7,3711,0,0,0,NA,0,811,36TH ST,EL CAJON BL,100,N,N,A,-,N,NA,NA,NA,NA,NA,NA,NA,NA,NA,Y,3,0,1,3,A,-,08,22107,NA,N,B,E,A,A,H,-,D,-,0,NA,NA,NA,NA,Y,Y,A,01,0,1,0,0,0,0,0,0,0,-,-,NA,NA,SAN DIEGO,SAN DIEGO,-117.11577473,32.75556389
8305823,2017,2017-02-24,3711,2017-02-01,1414,5498,NA,3,5,7,3711,0,0,0,NA,0,521,14TH ST,BROADWAY,17,S,N,A,-,N,NA,NA,NA,NA,NA,NA,NA,NA,NA,N,4,0,1,2,A,-,10,21950,A,N,G,B,B,A,H,-,A,A,0,Y,NA,NA,NA,Y,Y,A,01,0,0,1,0,1,0,0,0,0,-,-,NA,NA,SAN DIEGO,SAN DIEGO,-117.15194044,32.71571343
8305831,2017,2017-02-24,3711,2017-02-05,0249,7438,NA,7,5,7,3711,0,0,0,NA,0,529,4TH AV,PALM ST,75,S,N,A,-,N,NA,NA,NA,NA,NA,NA,NA,NA,NA,Y,3,0,1,2,A,-,08,22107,NA,N,C,E,A,A,H,-,D,D,0,NA,NA,NA,NA,Y,Y,-,NA,0,1,0,0,0,0,0,0,0,-,-,NA,NA,SAN DIEGO,SAN DIEGO,-117.16123,32.73536455
8305835,2017,2017-02-24,3711,2017-02-05,2032,7305,NA,7,5,7,3711,0,0,0,NA,0,523,4TH AV,K ST,69,N,N,A,-,N,NA,NA,NA,NA,NA,NA,NA,NA,NA,Y,3,0,1,1,A,-,08,22100,B,N,E,J,A,A,H,-,C,A,0,NA,NA,NA,NA,Y,NA,A,01,0,1,0,0,0,0,0,0,0,-,-,NA,NA,SAN DIEGO,SAN DIEGO,-117.161,32.70851902
8306322,2017,2017-02-27,3700,2017-01-10,1503,SH2581,NA,2,5,2,3704,0,0,0,NA,0,291,JIMMY DURANTE BL,DEL MAR FIRE STATION,857,N,N,A,-,N,NA,NA,NA,NA,NA,NA,NA,NA,NA,Y,4,0,1,3,A,-,17,21209,NA,N,C,E,A,A,H,-,A,-,0,NA,NA,NA,NA,Y,NA,A,01,0,0,1,0,0,0,0,0,0,-,-,NA,NA,SAN DIEGO,DEL MAR,-117.25885123,32.97224857
8306360,2017,2017-02-28,3700,2017-01-12,1155,SH0287,NA,4,5,5,3782,0,0,0,NA,0,242,SANTA FE DR,BONITA DR,0,NA,Y,B,-,N,NA,NA,NA,NA,NA,NA,NA,NA,NA,Y,4,0,1,2,A,-,09,21801,A,N,A,C,A,A,H,-,A,A,0,NA,NA,NA,NA,Y,NA,A,07,0,0,1,0,0,0,0,0,0,-,-,NA,NA,SAN DIEGO,ENCINITAS,-117.27284008,33.03629002
8307451,2017,2017-03-17,3711,2017-02-22,1005,4491,NA,3,5,7,3711,0,0,0,NA,0,611,ROSECRANS,KURTZ,76,S,N,A,-,N,NA,NA,NA,NA,NA,NA,NA,NA,NA,N,4,0,1,2,A,-,21,22106,NA,N,C,C,A,A,H,-,A,A,0,NA,NA,NA,NA,Y,NA,-,NA,0,0,1,0,0,0,0,0,0,-,-,NA,NA,SAN DIEGO,SAN DIEGO,-117.20402247,32.75214013
8309582,2017,2017-03-03,3701,2017-01-30,1721,5478,10,1,5,5,3701,0,0,0,NA,0,003,VALLEY ST,CARLSBAD VILLAGE DR,6,N,N,A,-,N,NA,NA,NA,NA,NA,NA,NA,NA,NA,N,4,0,1,2,A,-,00,21953,A,N,-,G,A,A,H,-,A,A,0,NA,Y,NA,NA,Y,NA,-,-,0,0,1,0,0,0,1,0,0,-,-,33.16748,-117.33571,SAN DIEGO,CARLSBAD,-117.33561118,33.16739348
8309601,2017,2017-02-22,3701,2017-02-04,1522,5342,79,6,5,5,3701,0,0,0,NA,0,006,EL CAMINO REAL,PALOMAR AIRPORT RD,0,NA,Y,B,-,N,NA,NA,NA,NA,NA,NA,NA,NA,NA,Y,4,0,1,3,A,-,09,21453,C,N,D,C,A,A,H,-,A,A,0,NA,NA,NA,NA,Y,NA,A,01,0,0,1,0,0,0,0,0,0,-,-,33.12956,-117.26669,SAN DIEGO,CARLSBAD,-117.26695002,33.12964009
8309675,2017,2017-02-24,3710,2017-02-01,1007,OC1211,033,3,5,6,3710,0,0,0,NA,0,009,MESA DR,OLD GROVE RD,0,NA,Y,A,-,N,NA,NA,NA,NA,NA,NA,NA,NA,NA,Y,2,0,1,2,A,-,09,21453,C,N,D,C,A,A,H,-,A,A,0,NA,NA,NA,NA,Y,NA,A,08,1,0,0,0,0,0,0,0,0,-,-,33.22011,-117.29849,SAN DIEGO,OCEANSIDE,-117.29871006,33.21995003
83097372,2024,2024-08-01,3701,2024-06-24,1341,CB5604,NA,1,5,5,3701,0,0,0,NA,0,007,EL CAMINO REAL,PALOMAR AIRPORT ROAD,0,NA,Y,A,-,N,NA,NA,NA,NA,NA,NA,NA,NA,NA,Y,4,0,1,2,A,-,01,23152,A,F,C,D,A,B,H,-,A,A,0,NA,NA,NA,NA,Y,Y,A,07,0,0,1,0,0,0,0,0,0,-,-,33.129581451416016,-117.26673889160156,SAN DIEGO,CARLSBAD,-117.26668548583984,33.12969207763672
8312351,2017,2017-03-03,3700,2017-01-14,0113,SH2397,NA,6,5,5,3713,0,0,0,NA,0,319,SOUTH MELROSE DR,LONGHORN DR,0,S,N,A,-,N,NA,NA,NA,NA,NA,NA,NA,NA,NA,Y,3,0,1,1,A,-,03,22350,NA,N,E,I,A,A,H,-,C,A,0,NA,NA,NA,NA,Y,NA,D,22,0,1,0,0,0,0,0,0,0,-,-,NA,NA,SAN DIEGO,VISTA,-117.24571009,33.16471009
8313390,2017,2017-02-27,3711,2017-02-06,1844,4653,NA,1,5,7,3711,0,0,0,NA,0,242,CARROLL CANYON RD,CAMINITO JOVIAL,199,E,N,B,C,N,NA,NA,NA,NA,NA,NA,NA,NA,NA,Y,2,0,1,2,A,-,11,21954,A,N,G,B,D,B,H,-,D,D,0,Y,NA,NA,NA,Y,NA,N,60,1,0,0,0,1,0,0,0,0,-,-,NA,NA,SAN DIEGO,SAN DIEGO,-117.11941919,32.90327016
8313778,2017,2017-03-06,3702,2017-01-16,1921,CV1096,NA,1,5,6,3702,0,0,0,NA,0,023,MONSERATE AV,EAST PALOMAR ST,0,NA,Y,A,-,N,NA,NA,NA,NA,NA,NA,NA,NA,NA,N,4,0,1,2,A,-,10,21950,A,N,G,B,D,A,H,-,C,D,0,Y,NA,NA,NA,Y,NA,A,01,0,0,1,0,1,0,0,0,0,-,-,NA,NA,SAN DIEGO,CHULA VISTA,-117.04665008,32.6127801
8313836,2017,2017-03-03,3702,2017-02-09,2326,CV0982,NA,4,5,6,3702,0,0,0,NA,0,012,I ST,BROADWAY AV,380,E,N,A,-,N,NA,NA,NA,NA,NA,NA,NA,NA,NA,Y,4,0,1,2,A,-,08,22107,NA,N,C,E,A,A,H,-,C,D,0,NA,NA,NA,NA,Y,NA,A,01,0,0,1,0,0,0,0,0,0,-,-,NA,NA,SAN DIEGO,CHULA VISTA,-117.08694393,32.62782131
8314085,2017,2017-03-03,3711,2017-02-16,1334,7440,NA,4,5,7,3711,0,0,0,NA,0,321,MISSION GORGE RD,GLACIER,0,NA,Y,A,-,N,NA,NA,NA,NA,NA,NA,NA,NA,NA,Y,4,0,1,2,A,-,09,21802,A,N,D,C,A,A,H,-,A,D,0,NA,NA,NA,NA,Y,NA,A,01,0,0,1,0,0,0,0,0,0,-,-,NA,NA,SAN DIEGO,SAN DIEGO,-117.09772008,32.78875008
8314479,2017,2018-02-12,3706,2017-02-04,1407,466,ESCON,6,5,6,3706,0,0,0,NA,0,055,VALLEY PKWY,RT 15,45,W,N,A,-,Y,SD,11,15,-,R,30.848,R,4,S,N,4,0,2,2,A,-,03,22350,NA,N,C,C,A,A,H,-,A,A,0,NA,NA,NA,NA,Y,NA,A,01,0,0,2,0,0,0,0,0,0,-,-,33.11545,-117.09895,SAN DIEGO,ESCONDIDO,-117.10076419,33.11811673
8317531,2017,2017-03-06,3710,2017-02-14,1443,OC0839,NA,2,5,6,3710,0,0,0,NA,0,006,NORTH COAST HWY,SURFRIDER WY,0,NA,Y,A,-,N,NA,NA,NA,NA,NA,NA,NA,NA,NA,N,4,0,1,2,A,-,10,21950,A,N,G,B,B,A,H,-,A,A,0,Y,NA,NA,NA,Y,NA,A,01,0,0,1,0,1,0,0,0,0,-,-,NA,NA,SAN DIEGO,OCEANSIDE,-117.38239008,33.19929004
8318988,2017,2017-02-27,3711,2017-02-13,0740,6641,NA,1,5,7,3711,0,0,0,NA,0,936,CARMEL VALLEY RD,COUNTRY VILLA PL,800,E,N,A,-,N,NA,NA,NA,NA,NA,NA,NA,NA,NA,N,4,0,1,1,A,-,08,22107,NA,N,A,I,A,A,H,-,A,D,0,NA,NA,NA,NA,Y,NA,-,NA,0,0,1,0,0,0,0,0,0,-,-,NA,NA,SAN DIEGO,SAN DIEGO,-117.15373166,32.97102167
8319418,2017,2018-02-12,3711,2017-02-19,1929,6192,NA,7,5,7,3711,0,0,0,NA,0,242,MIRA MESA BL,RT 15,42,W,N,B,-,Y,SD,11,15,-,M,16.183,R,4,S,N,4,0,1,2,A,-,09,21453,B,N,D,C,A,A,H,-,C,A,0,NA,NA,NA,NA,Y,NA,-,NA,0,0,1,0,0,0,0,0,0,-,SF,NA,NA,SAN DIEGO,SAN DIEGO,-117.115723,32.92073625
8323445,2017,2017-03-16,3711,2017-02-24,1517,6931,SD,5,5,7,3711,0,0,0,NA,0,512,NATIONAL AV,S 31ST ST,63,E,N,A,-,N,NA,NA,NA,NA,NA,NA,NA,NA,NA,Y,3,0,3,3,A,-,04,21703,NA,N,C,C,A,A,H,-,A,A,0,NA,NA,NA,NA,Y,NA,-,NA,0,2,1,0,0,0,0,0,0,-,-,NA,NA,SAN DIEGO,SAN DIEGO,-117.12708591,32.69597103
8323691,2017,2017-03-16,3710,2017-02-27,0900,OC1063,NA,1,5,6,3710,0,0,0,NA,0,026,VISTA WY,SNEAD  DR,0,NA,Y,C,-,N,NA,NA,NA,NA,NA,NA,NA,NA,NA,Y,3,0,1,2,A,-,08,22107,NA,N,D,C,A,B,H,-,A,D,0,NA,NA,NA,NA,Y,NA,A,01,0,1,0,0,0,0,0,0,0,-,-,NA,NA,SAN DIEGO,OCEANSIDE,-117.31944008,33.18183007
8328831,2017,2017-03-27,3711,2017-03-15,0922,7039,NA,3,5,7,3711,0,0,0,NA,0,721,ELM AV,ELM AV 1690,9,S,N,A,-,N,NA,NA,NA,NA,NA,NA,NA,NA,NA,Y,4,0,1,2,A,-,08,22107,NA,N,E,E,A,A,H,-,A,D,0,NA,NA,NA,NA,Y,NA,-,NA,0,0,1,0,0,0,0,0,0,-,-,NA,NA,SAN DIEGO,SAN DIEGO,NA,NA
8328940,2017,2017-03-27,3711,2017-03-08,1554,6896,NA,3,5,7,3711,0,0,0,NA,0,NA,VAN DYKE AV,ORANGE AV,0,NA,Y,A,-,N,NA,NA,NA,NA,NA,NA,NA,NA,NA,N,3,0,1,3,A,-,21,22106,NA,N,D,B,B,A,H,-,A,D,0,Y,Y,NA,NA,Y,NA,-,NA,0,1,0,0,1,0,0,0,0,-,-,NA,NA,SAN DIEGO,SAN DIEGO,-117.10318009,32.75318012
8329527,2017,2017-03-29,3702,2017-02-23,2205,CV1190,NA,4,5,6,3702,0,0,0,NA,0,013,H ST,3RD AV,8,W,N,A,-,N,NA,NA,NA,NA,NA,NA,NA,NA,NA,N,4,0,1,2,A,-,21,22106,NA,M,C,C,A,A,H,-,C,A,0,NA,NA,NA,NA,Y,NA,D,22,0,0,1,0,0,0,0,0,0,-,-,NA,NA,SAN DIEGO,CHULA VISTA,-117.07725459,32.63439312
8329752,2017,2017-03-29,3711,2017-03-15,0832,5611,NA,3,5,7,3711,0,0,0,NA,0,242,NEW SALEM ST,REAGAN RD,204,W,N,B,-,N,NA,NA,NA,NA,NA,NA,NA,NA,NA,Y,4,0,1,1,A,-,08,22107,NA,N,H,I,A,A,H,-,A,D,0,NA,NA,NA,NA,Y,NA,A,01,0,0,1,0,0,0,0,0,0,-,-,NA,NA,SAN DIEGO,SAN DIEGO,-117.15003666,32.91560317
8331931,2017,2017-03-23,3709,2017-03-08,1020,498,NA,3,5,5,3709,0,0,0,NA,0,020,HIGHLAND AV,EAST PLAZA BL,0,NA,Y,A,-,N,NA,NA,NA,NA,NA,NA,NA,NA,NA,Y,3,0,2,2,A,-,17,21462,NA,N,D,C,A,A,H,-,A,A,0,NA,NA,NA,NA,Y,NA,D,22,0,1,1,0,0,0,0,0,0,-,-,NA,NA,SAN DIEGO,NATIONAL CITY,-117.09811006,32.67639001
8334672,2017,2017-03-30,3711,2017-03-17,1913,6946,NA,5,5,7,3711,0,0,0,NA,0,243,MIRAMAR RD,MILCH RD,30,E,N,A,-,N,NA,NA,NA,NA,NA,NA,NA,NA,NA,N,3,0,1,2,A,-,09,21453,C,N,D,C,A,A,H,-,C,A,0,NA,NA,NA,NA,Y,NA,-,NA,0,1,0,0,0,0,0,0,0,-,-,NA,NA,SAN DIEGO,SAN DIEGO,-117.16819497,32.87808801
8334927,2017,2017-03-29,3711,2017-03-13,1640,7425,NA,1,5,7,3711,0,0,0,NA,0,113,DAMON AV,SANTA FE ST,250,W,N,A,-,N,NA,NA,NA,NA,NA,NA,NA,NA,NA,N,4,0,1,2,A,-,08,22107,NA,F,A,G,A,A,H,-,A,D,0,NA,Y,NA,NA,Y,Y,L,04,0,0,1,0,0,0,1,0,0,-,-,NA,NA,SAN DIEGO,SAN DIEGO,-117.21757678,32.80972096
8335136,2017,2018-02-14,3709,2017-03-11,2148,448,SOUTH,6,5,5,3709,0,0,0,NA,0,023,HIGHLAND AV,RT 54,18,S,N,A,-,Y,SD,11,54,-,-,1.115,R,4,W,N,4,0,1,2,A,-,11,21456,B,N,G,B,B,A,H,-,D,A,0,Y,NA,NA,NA,Y,NA,N,60,0,0,1,0,1,0,0,0,0,-,WF,NA,NA,SAN DIEGO,NATIONAL CITY,-117.08703904,32.65779365
8335951,2017,2018-02-15,3702,2017-03-27,1407,CV0815,NA,1,5,6,3702,0,0,0,NA,0,024,MAIN ST,RT 805,21,E,N,A,-,Y,SD,11,805,-,-,5.791,R,4,N,N,4,0,1,2,D,-,00,NA,NA,N,G,B,B,A,H,-,A,A,0,Y,NA,NA,NA,Y,NA,-,-,0,0,1,0,1,0,0,0,0,-,EF,NA,NA,SAN DIEGO,CHULA VISTA,-117.04185086,32.62504664
8335955,2017,2018-03-02,3702,2017-03-04,2355,CV1111,NA,6,5,6,3702,0,0,0,NA,0,024,MAIN ST,RT 805,0,NA,Y,A,-,Y,SD,11,805,-,-,5.455,R,4,S,Y,4,0,1,2,A,-,01,23152,A,M,D,C,A,A,H,-,C,A,0,NA,NA,NA,NA,Y,Y,A,08,0,0,1,0,0,0,0,0,0,-,-,NA,NA,SAN DIEGO,CHULA VISTA,-117.04028351,32.62034746
8336308,2017,2017-04-19,3711,2017-04-05,1543,6328,NA,3,5,7,3711,0,0,0,NA,0,627,UNIVERSITY AV,UNIVERSITY AV 700,3,N,N,A,-,N,NA,NA,NA,NA,NA,NA,NA,NA,NA,N,3,0,1,2,A,-,03,22350,NA,N,D,G,A,A,C,E,A,A,0,NA,Y,NA,NA,Y,Y,L,04,0,1,0,0,0,0,1,0,0,-,-,NA,NA,SAN DIEGO,SAN DIEGO,NA,NA
8338359,2017,2017-04-10,3711,2017-03-27,1506,7547,NA,1,5,7,3711,0,0,0,NA,0,934,CARMEL VALLEY RD,ZINNIA HILLS PL,0,NA,Y,A,-,N,NA,NA,NA,NA,NA,NA,NA,NA,NA,Y,3,0,1,2,A,-,03,22350,NA,N,D,C,A,A,H,-,A,A,0,NA,NA,NA,NA,Y,NA,D,22,0,1,0,0,0,0,0,0,0,-,-,NA,NA,SAN DIEGO,SAN DIEGO,-117.18631007,32.96503003
8341492,2017,2017-04-26,3702,2017-03-14,2305,CV1100,NA,2,5,6,3702,0,0,0,NA,0,022,3RD AV,PALOMAR ST,0,NA,Y,A,-,N,NA,NA,NA,NA,NA,NA,NA,NA,NA,Y,4,0,2,2,A,-,12,21453,A,F,D,C,A,A,H,-,C,A,0,NA,NA,NA,NA,Y,Y,A,01,0,0,2,0,0,0,0,0,0,-,-,NA,NA,SAN DIEGO,CHULA VISTA,-117.06639012,32.60680008
8342261,2017,2018-02-14,3710,2017-03-15,2024,OC1356,NA,3,5,6,3710,0,0,0,NA,0,010,RT 76,BENET RD,180,E,N,A,-,Y,SD,11,76,-,R,1.8,H,-,W,Y,4,0,1,2,A,-,03,22350,NA,N,-,C,A,A,H,-,C,A,0,NA,NA,NA,NA,Y,NA,A,01,0,0,1,0,0,0,0,0,0,-,-,NA,NA,SAN DIEGO,OCEANSIDE,-117.35680296,33.21499534
8344537,2017,2017-04-14,3711,2017-03-29,0548,7499,NA,3,5,7,3711,0,0,0,NA,0,712,SAN YSIDRO BL,COTTONWOOD RD,6,E,N,A,-,N,NA,NA,NA,NA,NA,NA,NA,NA,NA,N,4,0,1,2,A,-,09,21801,A,N,A,C,A,A,H,-,B,A,0,NA,NA,NA,NA,Y,NA,-,NA,0,0,1,0,0,0,0,0,0,-,-,NA,NA,SAN DIEGO,SAN DIEGO,-117.04794268,32.55376259
8344541,2017,2017-04-14,3711,2017-03-31,1750,5734,SANDI,5,5,7,3711,0,0,0,NA,0,233,RANCHO PENASQUITOS BL,AZUAGA ST,0,NA,Y,A,-,N,NA,NA,NA,NA,NA,NA,NA,NA,NA,Y,4,0,3,3,A,-,12,21453,A,N,A,C,A,A,H,-,A,A,0,NA,NA,NA,NA,Y,NA,A,01,0,0,3,0,0,0,0,0,0,-,-,NA,NA,SAN DIEGO,SAN DIEGO,-117.11250003,32.95795006
8344758,2017,2017-04-25,3705,2017-04-10,1842,EC0295,NA,1,5,5,3705,0,0,0,NA,0,009,E LEXINGTON,3RD,0,NA,Y,A,-,N,NA,NA,NA,NA,NA,NA,NA,NA,NA,N,3,0,1,2,A,-,08,22107,NA,N,B,G,A,A,H,-,A,A,0,NA,Y,NA,NA,Y,Y,L,04,0,1,0,0,0,0,1,0,0,-,-,NA,NA,SAN DIEGO,EL CAJON,-116.92692001,32.79271002
8346104,2017,2017-04-18,3711,2017-04-10,0710,7526,NA,1,5,7,3711,0,0,0,NA,0,723,PALM AV,BEYER BL,0,NA,Y,A,-,N,NA,NA,NA,NA,NA,NA,NA,NA,NA,N,4,0,1,2,A,-,12,21453,A,N,B,G,A,A,H,-,A,A,0,NA,Y,NA,NA,Y,NA,L,04,0,0,1,0,0,0,1,0,0,-,-,32.58375,-117.0711,SAN DIEGO,SAN DIEGO,-117.07124005,32.58388007
8346136,2017,2017-04-18,3711,2017-04-05,1245,6394,NA,3,5,7,3711,0,0,0,NA,0,315,FRIARS RD,MISSION VLG,714,E,N,A,-,N,NA,NA,NA,NA,NA,NA,NA,NA,NA,N,4,0,2,3,A,-,03,22350,NA,N,C,C,A,A,H,-,A,A,0,NA,NA,NA,NA,Y,NA,-,NA,0,0,2,0,0,0,0,0,0,-,-,NA,NA,SAN DIEGO,SAN DIEGO,-117.11803612,32.7873698
8346148,2017,2017-04-18,3711,2017-04-05,1840,6799,NA,3,5,7,3711,0,0,0,NA,0,114,CLAIREMONT MESA BL,LIMERICK AV,0,NA,Y,A,-,N,NA,NA,NA,NA,NA,NA,NA,NA,NA,N,3,0,1,2,A,-,12,21453,A,N,D,C,A,A,H,-,A,A,0,NA,NA,NA,NA,Y,NA,-,-,0,1,0,0,0,0,0,0,0,-,-,NA,NA,SAN DIEGO,SAN DIEGO,-117.17876009,32.83441005
8347161,2017,2017-04-27,3711,2017-03-28,0251,7484,SAN D,2,5,7,3711,0,0,0,NA,0,521,1300 MARKET ST,MARKET ST,22,S,N,A,-,N,NA,NA,NA,NA,NA,NA,NA,NA,NA,Y,4,0,1,2,A,-,08,22107,NA,N,C,C,A,A,H,-,C,A,0,NA,NA,NA,NA,Y,Y,-,NA,0,0,1,0,0,0,0,0,0,-,-,NA,NA,SAN DIEGO,SAN DIEGO,-117.15271175,32.71153638
8347656,2017,2017-05-05,3709,2017-04-18,0500,448,SOUTH,2,5,5,3709,0,0,0,NA,0,024,BAY MARINA DR,QUAY AV,0,NA,Y,A,-,N,NA,NA,NA,NA,NA,NA,NA,NA,NA,Y,4,0,1,2,A,-,08,22107,NA,N,D,C,A,A,H,-,C,D,0,NA,NA,NA,Y,Y,NA,A,01,0,0,1,0,0,0,0,0,0,-,-,NA,NA,SAN DIEGO,NATIONAL CITY,-117.11656002,32.6578301
8348180,2017,2017-05-01,3706,2017-04-07,1826,223,ESCON,5,5,6,3706,0,0,0,NA,0,045,MISSION AV,ROCK SPRINGS RD,245,W,N,A,-,N,NA,NA,NA,NA,NA,NA,NA,NA,NA,N,4,0,1,2,A,-,03,22350,NA,N,C,C,A,A,H,-,A,D,0,NA,NA,NA,NA,Y,NA,A,01,0,0,1,0,0,0,0,0,0,-,-,33.1265,-117.0974,SAN DIEGO,ESCONDIDO,-117.09819806,33.12633728
8348644,2017,2018-03-20,3711,2017-04-12,1725,4386,NA,3,5,7,3711,0,0,0,NA,0,627,10TH AV,ESSEX ST,0,NA,Y,A,-,N,NA,NA,NA,NA,NA,NA,NA,NA,NA,N,3,0,1,1,A,-,08,22107,NA,N,H,A,A,A,H,-,A,D,0,NA,Y,NA,NA,Y,NA,L,04,0,1,0,0,0,0,1,0,0,-,-,NA,NA,SAN DIEGO,SAN DIEGO,-117.15527011,32.74742005