CASE_ID,ACCIDENT_YEAR,PROC_DATE,JURIS,COLLISION_DATE,COLLISION_TIME,OFFICER_ID,REPORTING_DISTRICT,DAY_OF_WEEK,CHP_SHIFT,POPULATION,CNTY_CITY_LOC,SPECIAL_COND,BEAT_TYPE,CHP_BEAT_TYPE,CITY_DIVISION_LAPD,CHP_BEAT_CLASS,BEAT_NUMBER,PRIMARY_RD,SECONDARY_RD,DISTANCE,DIRECTION,INTERSECTION,WEATHER_1,WEATHER_2,STATE_HWY_IND,CALTRANS_COUNTY,CALTRANS_DISTRICT,STATE_ROUTE,ROUTE_SUFFIX,POSTMILE_PREFIX,POSTMILE,LOCATION_TYPE,RAMP_INTERSECTION,SIDE_OF_HWY,TOW_AWAY,COLLISION_SEVERITY,NUMBER_KILLED,NUMBER_INJURED,PARTY_COUNT,PRIMARY_COLL_FACTOR,PCF_CODE_OF_VIOL,PCF_VIOL_CATEGORY,PCF_VIOLATION,PCF_VIOL_SUBSECTION,HIT_AND_RUN,TYPE_OF_COLLISION,MVIW,PED_ACTION,ROAD_SURFACE,ROAD_COND_1,ROAD_COND_2,LIGHTING,CONTROL_DEVICE,CHP_ROAD_TYPE,PEDESTRIAN_ACCIDENT,BICYCLE_ACCIDENT,MOTORCYCLE_ACCIDENT,TRUCK_ACCIDENT,NOT_PRIVATE_PROPERTY,ALCOHOL_INVOLVED,STWD_VEHTYPE_AT_FAULT,CHP_VEHTYPE_AT_FAULT,COUNT_SEVERE_INJ,COUNT_VISIBLE_INJ,COUNT_COMPLAINT_PAIN,COUNT_PED_KILLED,COUNT_PED_INJURED,COUNT_BICYCLIST_KILLED,COUNT_BICYCLIST_INJURED,COUNT_MC_KILLED,COUNT_MC_INJURED,PRIMARY_RAMP,SECONDARY_RAMP,LATITUDE,LONGITUDE,COUNTY,CITY,POINT_X,POINT_Y
8653450,2018,2018-07-09,3711,2018-06-22,2253,7607,NA,5,5,7,3711,0,0,0,NA,0,828,EUCLID AV,WIGHTMAN,41,S,N,A,-,N,NA,NA,NA,NA,NA,NA,NA,NA,NA,N,4,0,2,3,A,-,03,22350,NA,N,C,C,A,A,H,-,C,A,0,NA,NA,NA,NA,Y,NA,A,01,0,0,2,0,0,0,0,0,0,-,-,NA,NA,SAN DIEGO,SAN DIEGO,-117.09232330322266,32.7475471496582
8654447,2018,2018-07-17,3711,2018-06-22,1659,7418,NA,5,5,7,3711,0,0,0,NA,0,111,MOUNT ALIFAN DR,BALBOA AV,100,S,N,A,-,N,NA,NA,NA,NA,NA,NA,NA,NA,NA,N,4,0,1,2,A,-,10,21950,A,M,G,B,D,A,H,-,A,A,0,Y,NA,NA,NA,Y,NA,-,99,0,0,1,0,1,0,0,0,0,-,-,NA,NA,SAN DIEGO,SAN DIEGO,-117.17617034912108,32.8199577331543
8655276,2018,2018-07-24,3711,2018-06-18,1315,168,NA,1,5,7,3711,0,0,0,NA,0,521,C ST,17TH ST,0,NA,Y,A,-,N,NA,NA,NA,NA,NA,NA,NA,NA,NA,Y,4,0,1,2,A,-,09,21804,A,N,D,C,A,A,H,-,A,A,0,NA,NA,NA,NA,Y,NA,D,22,0,0,1,0,0,0,0,0,0,-,-,32.7168083190918,-117.14859008789063,SAN DIEGO,SAN DIEGO,-117.14859771728516,32.7168083190918
8655301,2018,2018-07-09,3711,2018-06-20,2211,6676,SD,3,5,7,3711,0,0,0,NA,0,321,RANCHO MISSION RD,RANCHO MISSION RD 6300,0,NA,N,A,-,N,NA,NA,NA,NA,NA,NA,NA,NA,NA,Y,4,0,1,2,A,-,08,22107,NA,N,E,I,A,A,H,-,C,D,0,NA,NA,NA,NA,Y,Y,-,NA,0,0,1,0,0,0,0,0,0,-,-,32.78852081298828,-117.10684204101563,SAN DIEGO,SAN DIEGO,-117.10844994,32.78825776
8657119,2018,2018-09-25,3702,2018-07-07,1624,CV1230,NA,6,5,6,3702,0,0,0,NA,0,022,4TH AV,NAPLES ST,522,N,N,A,-,N,NA,NA,NA,NA,NA,NA,NA,NA,NA,Y,3,0,1,3,A,-,01,23152,F,M,B,E,A,A,H,-,A,A,0,NA,NA,NA,NA,Y,Y,A,01,0,1,0,0,0,0,0,0,0,-,-,NA,NA,SAN DIEGO,CHULA VISTA,-117.07371520996094,32.613861083984375
8657248,2018,2018-09-28,3702,2018-06-26,1114,CV1230,NA,2,5,6,3702,0,0,0,NA,0,024,MAIN ST,MELROSE AV,423,E,N,A,-,N,NA,NA,NA,NA,NA,NA,NA,NA,NA,Y,3,0,3,2,A,-,09,21804,A,N,D,C,A,A,H,-,A,D,0,NA,NA,NA,NA,Y,NA,A,01,0,1,2,0,0,0,0,0,0,-,-,NA,NA,SAN DIEGO,CHULA VISTA,-117.03874969482422,32.5948371887207
8658342,2018,2018-08-16,3711,2018-07-26,1044,4965,SAN D,4,5,7,3711,0,0,0,NA,0,831,TROJAN AV,WINONA AV,0,NA,Y,A,-,N,NA,NA,NA,NA,NA,NA,NA,NA,NA,Y,4,0,1,2,A,-,08,22107,NA,N,D,C,A,A,H,-,A,A,0,NA,NA,NA,NA,Y,NA,-,NA,0,0,1,0,0,0,0,0,0,-,-,NA,NA,SAN DIEGO,SAN DIEGO,-117.08792114257813,32.754920959472656
8659299,2018,2018-07-12,3706,2018-06-03,0215,465,ESCON,7,5,6,3706,0,0,0,NA,0,051,CENTRE CITY PKWY,BROTHERTON RD E,0,NA,Y,A,-,N,NA,NA,NA,NA,NA,NA,NA,NA,NA,Y,4,0,2,2,A,-,09,21801,A,N,D,C,A,A,H,-,C,D,0,NA,NA,NA,Y,Y,NA,F,26,0,0,2,0,0,0,0,0,0,-,-,NA,NA,SAN DIEGO,ESCONDIDO,-117.07234954833984,33.09429931640625
8660537,2018,2018-08-20,3703,2018-06-25,1640,1035,NA,1,5,3,3703,0,0,0,NA,0,001,3RD ST,EAST ORANGE AV,33,E,N,A,-,Y,SD,11,75,-,R,19.71,H,-,S,N,4,0,2,2,A,-,03,22350,NA,N,C,C,A,A,H,-,A,A,0,NA,NA,NA,NA,Y,NA,D,22,0,0,2,0,0,0,0,0,0,-,-,NA,NA,SAN DIEGO,CORONADO,-117.17391204833984,32.69587707519531
8661356,2018,2018-07-26,3709,2018-06-24,1020,NC0509,NA,7,5,5,3709,0,0,0,NA,0,023,SWEETWATER RD,FAIRLOMAS WY,0,NA,Y,A,-,N,NA,NA,NA,NA,NA,NA,NA,NA,NA,Y,4,0,1,2,A,-,08,22107,NA,N,D,C,A,A,H,-,A,D,0,NA,NA,NA,NA,Y,NA,A,01,0,0,1,0,0,0,0,0,0,-,-,NA,NA,SAN DIEGO,NATIONAL CITY,-117.0605697631836,32.6584587097168
8663472,2018,2018-07-19,3700,2018-06-26,1602,SH0021,NA,2,5,5,3713,0,0,0,NA,0,319,SOUTH MELROSE DR,FARADAY ST,364,S,N,A,-,N,NA,NA,NA,NA,NA,NA,NA,NA,NA,N,2,0,1,2,A,-,08,22107,NA,F,D,G,A,A,H,-,A,D,0,NA,Y,NA,NA,Y,NA,-,NA,1,0,0,0,0,0,1,0,0,-,-,NA,NA,SAN DIEGO,VISTA,-117.24510192871094,33.139122009277344
8663642,2018,2018-07-18,3700,2018-05-01,2133,SH7554,NA,2,5,4,3707,0,0,0,NA,0,702,PALM AV,FLORIDA ST,0,NA,Y,A,-,N,NA,NA,NA,NA,NA,NA,NA,NA,NA,Y,4,0,1,2,A,-,12,21453,A,N,A,C,A,A,H,-,C,A,0,NA,NA,NA,NA,Y,NA,A,01,0,0,1,0,0,0,0,0,0,-,-,NA,NA,SAN DIEGO,IMPERIAL BEACH,-117.1093521118164,32.58396911621094
8663691,2018,2018-07-19,3711,2018-06-23,2146,6817,SANDI,6,5,7,3711,0,0,0,NA,0,622,LINDA VISTA RD,MOLLIE ST,15,N,N,A,-,N,NA,NA,NA,NA,NA,NA,NA,NA,NA,N,3,0,1,1,A,-,08,22107,NA,N,F,A,A,A,H,-,C,D,0,NA,Y,NA,NA,Y,Y,L,04,0,1,0,0,0,0,1,0,0,-,-,NA,NA,SAN DIEGO,SAN DIEGO,-117.1951141357422,32.76747131347656
8663879,2018,2018-07-23,3700,2018-04-14,1144,SH1088,NA,6,5,4,3707,0,0,0,NA,0,703,PALM AV,5TH ST,150,W,N,A,-,N,NA,NA,NA,NA,NA,NA,NA,NA,NA,N,4,0,1,2,A,-,09,21801,A,N,D,C,A,A,H,-,A,D,0,NA,NA,NA,NA,Y,NA,A,01,0,0,1,0,0,0,0,0,0,-,-,NA,NA,SAN DIEGO,IMPERIAL BEACH,-117.12287902832033,32.583927154541016
8666094,2018,2018-09-06,3701,2018-07-25,2334,CB5489,NA,3,5,5,3701,0,0,0,NA,0,007,EL FUERTE ST,GREENHAVEN,243,S,N,A,-,N,NA,NA,NA,NA,NA,NA,NA,NA,NA,Y,3,0,1,1,A,-,03,22350,NA,N,F,I,A,A,H,-,C,D,0,NA,NA,NA,NA,Y,NA,D,22,0,1,0,0,0,0,0,0,0,-,-,NA,NA,SAN DIEGO,CARLSBAD,-117.24974060058594,33.1191291809082
8666416,2018,2018-08-01,3711,2018-07-13,1800,6986,NA,5,5,7,3711,0,0,0,NA,0,824,COLLWOOD BL,MONTEZUMA RD,100,S,N,A,-,N,NA,NA,NA,NA,NA,NA,NA,NA,NA,N,4,0,2,2,A,-,03,22350,A,N,-,-,A,A,H,-,A,-,0,NA,NA,NA,NA,Y,NA,A,07,0,0,2,0,0,0,0,0,0,-,-,NA,NA,SAN DIEGO,SAN DIEGO,-117.0858917236328,32.76981735229492
8666451,2018,2018-08-08,3711,2018-07-16,1125,6379,NA,1,5,7,3711,0,0,0,NA,0,123,INGRAHAM ST,DANA LANDING RD,60,N,N,A,-,N,NA,NA,NA,NA,NA,NA,NA,NA,NA,N,4,0,1,2,A,-,21,22106,NA,N,C,C,A,A,H,-,A,A,0,NA,NA,NA,NA,Y,NA,A,01,0,0,1,0,0,0,0,0,0,-,-,NA,NA,SAN DIEGO,SAN DIEGO,-117.23376095,32.76798103
8666855,2018,2018-07-25,3711,2018-07-07,1921,7532,NA,6,5,7,3711,0,0,0,NA,0,122,PROMONTORY ST,FORTUNA AV,25,N,N,A,-,N,NA,NA,NA,NA,NA,NA,NA,NA,NA,N,3,0,1,2,A,-,03,22350,NA,M,D,C,A,A,H,-,A,D,0,NA,NA,NA,NA,Y,NA,-,NA,0,1,0,0,0,0,0,0,0,-,-,NA,NA,SAN DIEGO,SAN DIEGO,-117.23954010009766,32.792205810546875
8668536,2018,2018-08-03,3700,2018-05-07,0538,SH3084,NA,1,5,2,3704,0,0,0,NA,0,292,CAMINO DEL MAR,PLAZA,230,N,N,A,-,N,NA,NA,NA,NA,NA,NA,NA,NA,NA,N,2,0,1,2,A,-,04,21703,NA,N,C,G,A,A,H,-,A,A,0,NA,Y,NA,NA,Y,NA,-,NA,1,0,0,0,0,0,1,0,0,-,-,NA,NA,SAN DIEGO,DEL MAR,-117.2652179,32.961642
8669236,2018,2018-08-14,3711,2018-07-20,0732,7642,NA,5,5,7,3711,0,0,0,NA,0,122,TURQUOISE ST,MISSION BL,57,E,N,A,-,N,NA,NA,NA,NA,NA,NA,NA,NA,NA,N,3,0,1,1,C,-,18,NA,NA,N,F,A,A,-,H,-,A,D,0,NA,Y,NA,NA,Y,NA,-,-,0,1,0,0,0,0,1,0,0,-,-,NA,NA,SAN DIEGO,SAN DIEGO,-117.25904083251952,32.808677673339844
8669285,2018,2018-08-29,3711,2018-07-21,1606,5958,NA,6,5,7,3711,0,0,0,NA,0,234,PASEO LUCIDO,AVENIDA VENUSTO,0,NA,Y,A,-,N,NA,NA,NA,NA,NA,NA,NA,NA,NA,Y,3,0,1,2,A,-,12,21453,A,N,-,C,A,A,H,-,A,A,0,NA,NA,NA,NA,Y,NA,-,-,0,1,0,0,0,0,0,0,0,-,-,32.59360122680664,-117.4800033569336,SAN DIEGO,SAN DIEGO,-117.0736083984375,33.012428283691406
8669317,2018,2018-08-14,3711,2018-07-21,1220,7632,NA,6,5,7,3711,0,0,0,NA,0,321,RAINIER AV,RAINIER AV  4400,0,NA,N,A,-,N,NA,NA,NA,NA,NA,NA,NA,NA,NA,Y,4,0,1,2,A,-,08,22107,NA,N,B,C,A,A,H,-,A,D,0,NA,NA,NA,NA,Y,NA,A,01,0,0,1,0,0,0,0,0,0,-,-,32.789798736572266,-117.09870147705078,SAN DIEGO,SAN DIEGO,-117.0995298,32.78980978
8669897,2018,2018-08-24,3701,2018-07-13,0137,CB5514,NA,5,5,5,3701,0,0,0,NA,0,001,CARLSBAD VILLAGE DR,ROOSEVELT ST,0,NA,Y,A,-,N,NA,NA,NA,NA,NA,NA,NA,NA,NA,N,3,0,1,2,A,-,08,22107,NA,F,B,G,A,A,H,-,C,A,0,NA,Y,NA,NA,Y,Y,-,99,0,1,0,0,0,0,1,0,0,-,-,NA,NA,SAN DIEGO,CARLSBAD,-117.34768676757813,33.16020965576172
8671995,2018,2018-10-10,3711,2018-07-21,0507,8192,NA,6,5,7,3711,0,0,0,NA,0,831,UNIVERSITY AV,43RD ST,40,W,N,B,-,N,NA,NA,NA,NA,NA,NA,NA,NA,NA,Y,3,0,1,3,A,-,08,22107,NA,N,C,E,A,A,H,-,D,D,0,NA,NA,NA,NA,Y,NA,A,01,0,1,0,0,0,0,0,0,0,-,-,NA,NA,SAN DIEGO,SAN DIEGO,-117.10214996337892,32.74962615966797
8672307,2018,2018-10-24,3711,2018-07-17,1618,6731,NA,2,5,7,3711,0,0,0,NA,0,312,SANTO RD,RT 52,34,N,N,A,-,Y,SD,11,52,-,-,8.82,R,4,E,Y,4,0,1,2,A,-,09,21802,A,N,D,C,A,A,H,-,A,D,0,NA,NA,NA,NA,Y,NA,A,01,0,0,1,0,0,0,0,0,0,-,EO,NA,NA,SAN DIEGO,SAN DIEGO,-117.09555816650392,32.84117126464844
8672315,2018,2018-08-21,3711,2018-07-18,1108,6156,SD,3,5,7,3711,0,0,0,NA,0,124,LA JOLLA SCENIC DR,KING ARTHUR CT,2,S,N,A,-,N,NA,NA,NA,NA,NA,NA,NA,NA,NA,N,3,0,1,2,A,-,09,21801,A,N,D,G,A,A,H,-,A,D,0,NA,Y,NA,NA,Y,NA,L,04,0,1,0,0,0,0,1,0,0,-,-,NA,NA,SAN DIEGO,SAN DIEGO,-117.2489776611328,32.83596420288086
8673216,2018,2018-07-31,3708,2018-06-03,1430,LM1158,NA,7,5,5,3708,0,0,0,NA,0,004,FLETCHER PKWY,TROLLEY CT,37,E,N,A,-,N,NA,NA,NA,NA,NA,NA,NA,NA,NA,N,2,0,1,2,A,-,09,21453,B,N,C,C,A,A,H,-,A,A,0,NA,NA,Y,NA,Y,NA,A,01,1,0,0,0,0,0,0,0,1,-,-,NA,NA,SAN DIEGO,LA MESA,-117.01398468017578,32.78103256225586
8676160,2018,2018-10-03,3701,2018-08-12,2050,CB5360,NA,7,5,5,3701,0,0,0,NA,0,003,HILLSIDE DR,PARK DR,132,N,N,A,-,N,NA,NA,NA,NA,NA,NA,NA,NA,NA,N,3,0,1,1,A,-,08,22107,NA,N,E,I,A,A,H,-,C,D,0,NA,Y,NA,NA,Y,Y,L,04,0,1,0,0,0,0,1,0,0,-,-,NA,NA,SAN DIEGO,CARLSBAD,-117.32561492919922,33.15031814575195
8679127,2018,2018-10-08,3711,2018-08-02,1429,6946,NA,4,5,7,3711,0,0,0,NA,0,243,MIRAMAR RD,PRODUCTION,62,W,N,A,-,N,NA,NA,NA,NA,NA,NA,NA,NA,NA,N,4,0,3,2,A,-,08,22107,NA,N,B,C,A,A,H,-,A,D,0,NA,NA,NA,NA,Y,NA,A,01,0,0,3,0,0,0,0,0,0,-,-,NA,NA,SAN DIEGO,SAN DIEGO,-117.1650390625,32.878639221191406
8679135,2018,2018-10-08,3711,2018-08-02,1145,7747,NA,4,5,7,3711,0,0,0,NA,0,515,30TH ST,MARKET ST,90,N,N,A,-,N,NA,NA,NA,NA,NA,NA,NA,NA,NA,N,4,0,1,2,A,-,03,22350,NA,N,C,C,A,A,H,-,A,D,0,NA,NA,NA,NA,Y,NA,-,NA,0,0,1,0,0,0,0,0,0,-,-,NA,NA,SAN DIEGO,SAN DIEGO,-117.13020324707033,32.71189498901367
8683994,2018,2018-09-05,3700,2018-07-31,0844,SH7236,NA,2,5,5,3712,0,0,0,NA,0,355,GRAND AV,VIA VERA CRUZ,0,NA,Y,A,-,N,NA,NA,NA,NA,NA,NA,NA,NA,NA,Y,4,0,1,3,A,-,12,21453,A,N,D,C,A,A,H,-,A,A,0,NA,NA,NA,NA,Y,NA,D,22,0,0,1,0,0,0,0,0,0,-,-,NA,NA,SAN DIEGO,SAN MARCOS,-117.1905517578125,33.142539978027344
8684002,2018,2019-01-15,3706,2018-08-20,1400,455,ESCON,1,5,6,3706,0,0,0,NA,0,045,WASHINGTON AV,QUINCE ST,0,NA,Y,A,-,N,NA,NA,NA,NA,NA,NA,NA,NA,NA,Y,4,0,2,2,A,-,12,21453,A,N,D,C,A,A,H,-,A,A,0,NA,NA,NA,NA,Y,NA,A,01,0,0,2,0,0,0,0,0,0,-,-,33.12453079223633,-117.09188842773438,SAN DIEGO,ESCONDIDO,-117.09195709228516,33.12443923950195
8684058,2018,2018-09-05,3701,2018-08-17,1406,CB5492,NA,5,5,5,3701,0,0,0,NA,0,004,PLEASANT VALE DR,BASIN RD,39,N,N,A,-,N,NA,NA,NA,NA,NA,NA,NA,NA,NA,N,3,0,1,1,A,-,03,22350,NA,N,E,I,A,A,H,-,A,D,0,NA,NA,NA,NA,Y,NA,A,01,0,1,0,0,0,0,0,0,0,-,-,NA,NA,SAN DIEGO,CARLSBAD,-117.29356384277344,33.160621643066406
8684620,2018,2018-09-18,3711,2018-08-16,1645,HB6053,NA,4,5,7,3711,0,0,0,NA,0,503,SHELTER ISLAND DR,NORTH HARBOR DR,4710,S,N,A,-,N,NA,NA,NA,NA,NA,NA,NA,NA,NA,N,2,0,1,1,A,-,05,21651,A,N,H,I,A,A,H,-,A,D,0,NA,Y,NA,NA,Y,NA,L,04,1,0,0,0,0,0,1,0,0,-,-,NA,NA,SAN DIEGO,SAN DIEGO,NA,NA
8685332,2018,2018-10-08,3711,2018-08-12,0229,7560,NA,7,5,7,3711,0,0,0,NA,0,825,FAIRMOUNT AV,ALDINE DR,0,NA,-,A,-,N,NA,NA,NA,NA,NA,NA,NA,NA,NA,Y,3,0,1,1,A,-,03,22350,NA,N,F,A,A,A,H,-,C,D,0,NA,NA,NA,NA,Y,NA,D,22,0,1,0,0,0,0,0,0,0,-,-,32.763221740722656,-117.09722900390624,SAN DIEGO,SAN DIEGO,-117.09748077392578,32.76279067993164
8685360,2018,2018-10-08,3711,2018-08-09,2301,7824,NA,4,5,7,3711,0,0,0,NA,0,434,CARLSBAD ST,INNSDALE AV,70,N,N,A,-,N,NA,NA,NA,NA,NA,NA,NA,NA,NA,N,4,0,1,3,A,-,08,22107,NA,N,B,E,A,A,H,-,C,D,0,NA,NA,NA,NA,Y,NA,A,01,0,0,1,0,0,0,0,0,0,-,-,NA,NA,SAN DIEGO,SAN DIEGO,-117.01819610595705,32.708412170410156
8685428,2018,2018-10-04,3706,2018-07-26,1702,440,ESCON,4,5,6,3706,0,0,0,NA,0,052,KALMIA ST,2ND AV,102,N,N,A,-,N,NA,NA,NA,NA,NA,NA,NA,NA,NA,Y,4,0,1,2,A,-,21,22106,NA,N,C,C,A,A,H,-,A,D,0,NA,NA,NA,NA,Y,NA,A,01,0,0,1,0,0,0,0,0,0,-,-,33.12144088745117,-117.07940673828124,SAN DIEGO,ESCONDIDO,-117.07958221435548,33.1217041015625
8685944,2018,2018-10-09,3711,2018-08-15,0910,5105,NA,3,5,7,3711,0,0,0,NA,0,243,TRADE ST,CAMINO SANTA FE,500,E,N,A,-,N,NA,NA,NA,NA,NA,NA,NA,NA,NA,Y,4,0,1,4,A,-,08,22107,NA,N,B,E,A,A,H,-,A,D,0,NA,NA,NA,NA,Y,NA,A,01,0,0,1,0,0,0,0,0,0,-,-,NA,NA,SAN DIEGO,SAN DIEGO,-117.16619110107422,32.888668060302734
8686068,2018,2018-10-08,3703,2018-08-19,1316,1118,NA,7,5,3,3703,0,0,0,NA,0,002,ALAMEDA BL,G AV,0,NA,Y,A,-,N,NA,NA,NA,NA,NA,NA,NA,NA,NA,Y,3,0,2,2,A,-,09,21802,A,N,D,C,A,A,H,-,A,A,0,NA,NA,NA,NA,Y,NA,A,01,0,2,0,0,0,0,0,0,0,-,-,NA,NA,SAN DIEGO,CORONADO,-117.18620300292967,32.686710357666016
8689687,2018,2018-09-13,3711,2018-08-20,1540,7580,SANDI,1,5,7,3711,0,0,0,NA,0,723,BEYER BL,CORONADO AV,16,N,N,A,-,N,NA,NA,NA,NA,NA,NA,NA,NA,NA,Y,3,0,1,3,A,-,12,21453,A,N,A,C,A,A,H,-,A,A,0,NA,NA,NA,NA,Y,NA,A,07,0,1,0,0,0,0,0,0,0,-,-,NA,NA,SAN DIEGO,SAN DIEGO,-117.06894683837892,32.57688522338867
8689746,2018,2018-10-24,3711,2018-08-16,0631,6334,NA,4,5,7,3711,0,0,0,NA,0,431,KELTON RD,RT 94,40,S,N,A,-,Y,SD,11,94,-,-,5.648,R,4,E,N,4,0,1,1,A,-,08,22107,NA,N,E,I,A,A,H,-,A,D,0,NA,NA,NA,NA,Y,NA,A,01,0,0,1,0,0,0,0,0,0,-,EF,NA,NA,SAN DIEGO,SAN DIEGO,-117.07798767089844,32.72220230102539
8689751,2018,2018-09-12,3700,2018-08-14,1504,SH3812,NA,2,5,5,3713,0,0,0,NA,0,317,POINSETTIA AV,CORPORATE VIEW,0,NA,Y,A,-,N,NA,NA,NA,NA,NA,NA,NA,NA,NA,Y,4,0,1,2,A,-,09,21801,A,N,D,C,A,A,H,-,A,D,0,NA,NA,NA,NA,Y,NA,A,08,0,0,1,0,0,0,0,0,0,-,-,NA,NA,SAN DIEGO,VISTA,-117.22638702392578,33.13505172729492
8690459,2018,2018-10-08,3711,2018-08-19,0258,7412,SAN D,7,5,7,3711,0,0,0,NA,0,234,BERNARDO HEIGHTS PKWY,CALLE NOBLEZA,583,S,N,A,-,N,NA,NA,NA,NA,NA,NA,NA,NA,NA,Y,3,0,1,1,A,-,08,22107,NA,N,E,I,A,A,H,-,C,D,0,NA,NA,NA,NA,Y,Y,A,01,0,1,0,0,0,0,0,0,0,-,-,NA,NA,SAN DIEGO,SAN DIEGO,-117.07727813720705,33.00931167602539
8690463,2018,2018-10-08,3711,2018-08-18,1746,4490,NA,6,5,7,3711,0,0,0,NA,0,321,CAMINO DEL RIO N,WARD RD,0,NA,Y,A,-,N,NA,NA,NA,NA,NA,NA,NA,NA,NA,Y,2,0,4,3,A,-,09,21453,C,N,D,C,A,A,H,-,A,A,0,NA,NA,NA,NA,Y,NA,-,NA,4,0,0,0,0,0,0,0,0,-,-,NA,NA,SAN DIEGO,SAN DIEGO,-117.11042785644533,32.77994155883789
8694741,2018,2018-12-18,3711,2018-09-01,1639,7233,NA,6,5,7,3711,0,0,0,NA,0,324,NAVAJO RD,RT 125,82,W,N,A,-,Y,SD,11,125,-,-,19.928,R,4,S,Y,3,0,1,2,A,-,08,22107,NA,N,B,C,A,A,H,-,A,D,0,NA,NA,NA,NA,Y,NA,D,22,0,1,0,0,0,0,0,0,0,-,SF,NA,NA,SAN DIEGO,SAN DIEGO,-117.005615234375,32.80525588989258
8694831,2018,2018-09-25,3711,2018-08-24,1538,7696,NA,5,5,7,3711,0,0,0,NA,0,511,32ND ST,NORMAN SCOTT RD,12,S,N,A,-,N,NA,NA,NA,NA,NA,NA,NA,NA,NA,N,3,0,1,2,A,-,08,22107,NA,N,B,C,A,A,H,-,A,A,0,NA,NA,Y,NA,Y,NA,A,01,0,1,0,0,0,0,0,0,1,-,-,NA,NA,SAN DIEGO,SAN DIEGO,-117.12538909912108,32.68757629394531
8695082,2018,2018-10-01,3710,2018-09-07,0108,OC1426,028,5,5,6,3710,0,0,0,NA,0,009,COLLEGE BL,AVENIDA DE LA PLATA,0,NA,Y,A,-,N,NA,NA,NA,NA,NA,NA,NA,NA,NA,N,4,0,1,2,A,-,01,23152,A,F,D,C,A,A,H,-,C,A,0,NA,NA,NA,NA,Y,Y,A,01,0,0,1,0,0,0,0,0,0,-,-,33.21303939819336,-117.28669738769533,SAN DIEGO,OCEANSIDE,-117.2868423461914,33.213008880615234
8698665,2018,2018-10-10,3705,2018-08-15,2338,EC0377,NA,3,5,5,3705,0,0,0,NA,0,001,WELD BL,GILLESPIE WY,0,NA,Y,A,-,N,NA,NA,NA,NA,NA,NA,NA,NA,NA,Y,4,0,1,2,A,-,09,21802,A,N,D,C,A,A,H,-,D,D,0,NA,NA,NA,NA,Y,NA,A,01,0,0,1,0,0,0,0,0,0,-,-,NA,NA,SAN DIEGO,EL CAJON,-116.98583221435548,32.82688903808594
8699066,2018,2018-10-19,3709,2018-09-08,1412,NC0479,NA,6,5,5,3709,0,0,0,NA,0,023,PLAZA BONITA RD,JARAD JEWELRY DRIVEWAY ENT,24,S,N,A,-,N,NA,NA,NA,NA,NA,NA,NA,NA,NA,Y,2,0,1,2,A,-,09,21801,A,N,D,C,A,A,H,-,A,D,0,NA,NA,Y,NA,Y,NA,A,01,1,0,0,0,0,0,0,0,1,-,-,NA,NA,SAN DIEGO,NATIONAL CITY,-117.06812024,32.65899654
8699294,2018,2018-10-09,3711,2018-09-17,0830,5985,NA,1,5,7,3711,0,0,0,NA,0,521,15TH ST,F ST,0,NA,Y,A,-,N,NA,NA,NA,NA,NA,NA,NA,NA,NA,N,4,0,1,2,A,-,09,21802,A,N,D,C,A,A,H,-,A,A,0,NA,NA,NA,NA,Y,NA,A,01,0,0,1,0,0,0,0,0,0,-,-,NA,NA,SAN DIEGO,SAN DIEGO,-117.15038299560548,32.71366882324219
8699315,2018,2019-01-11,3711,2018-09-14,2110,7404,NA,5,5,7,3711,0,0,0,NA,0,611,CAMINO DEL RIO W,KURTZ ST,114,S,N,A,-,N,NA,NA,NA,NA,NA,NA,NA,NA,NA,N,4,0,1,3,A,-,04,21703,NA,M,C,C,A,A,H,-,C,A,0,NA,NA,NA,NA,Y,NA,-,99,0,0,1,0,0,0,0,0,0,-,-,NA,NA,SAN DIEGO,SAN DIEGO,-117.20498657226563,32.752708435058594
8699335,2018,2018-10-08,3711,2018-09-12,0630,6799,NA,3,5,7,3711,0,0,0,NA,0,115,LA JOLLA VILLAGE DR,GENESEE AV,0,NA,Y,A,-,N,NA,NA,NA,NA,NA,NA,NA,NA,NA,N,3,0,1,1,D,-,00,NA,NA,N,-,G,A,A,D,H,A,A,0,NA,Y,NA,NA,Y,NA,-,-,0,1,0,0,0,0,1,0,0,-,-,NA,NA,SAN DIEGO,SAN DIEGO,-117.2141571044922,32.87260818481445
8703293,2018,2018-09-24,3710,2018-08-14,0630,OC1059,031,2,5,6,3710,0,0,0,NA,0,006,CANNON RD,MELROSE DR,20,W,N,A,-,N,NA,NA,NA,NA,NA,NA,NA,NA,NA,N,4,0,1,2,A,-,03,22350,NA,F,C,C,A,A,H,-,A,A,0,NA,NA,NA,NA,Y,NA,-,99,0,0,1,0,0,0,0,0,0,-,-,33.17171859741211,-117.25209045410156,SAN DIEGO,OCEANSIDE,-117.25234222412108,33.17167282104492
8703779,2018,2018-11-01,3711,2018-08-26,1456,7536,NA,7,5,7,3711,0,0,0,NA,0,521,C ST,PARK BL,0,NA,Y,A,-,N,NA,NA,NA,NA,NA,NA,NA,NA,NA,N,4,0,1,2,A,-,07,21658,A,N,B,C,A,A,H,-,A,-,0,NA,NA,NA,NA,Y,NA,-,-,0,0,1,0,0,0,0,0,0,-,-,NA,NA,SAN DIEGO,SAN DIEGO,-117.15373992919922,32.716800689697266