CASE_ID,ACCIDENT_YEAR,PROC_DATE,JURIS,COLLISION_DATE,COLLISION_TIME,OFFICER_ID,REPORTING_DISTRICT,DAY_OF_WEEK,CHP_SHIFT,POPULATION,CNTY_CITY_LOC,SPECIAL_COND,BEAT_TYPE,CHP_BEAT_TYPE,CITY_DIVISION_LAPD,CHP_BEAT_CLASS,BEAT_NUMBER,PRIMARY_RD,SECONDARY_RD,DISTANCE,DIRECTION,INTERSECTION,WEATHER_1,WEATHER_2,STATE_HWY_IND,CALTRANS_COUNTY,CALTRANS_DISTRICT,STATE_ROUTE,ROUTE_SUFFIX,POSTMILE_PREFIX,POSTMILE,LOCATION_TYPE,RAMP_INTERSECTION,SIDE_OF_HWY,TOW_AWAY,COLLISION_SEVERITY,NUMBER_KILLED,NUMBER_INJURED,PARTY_COUNT,PRIMARY_COLL_FACTOR,PCF_CODE_OF_VIOL,PCF_VIOL_CATEGORY,PCF_VIOLATION,PCF_VIOL_SUBSECTION,HIT_AND_RUN,TYPE_OF_COLLISION,MVIW,PED_ACTION,ROAD_SURFACE,ROAD_COND_1,ROAD_COND_2,LIGHTING,CONTROL_DEVICE,CHP_ROAD_TYPE,PEDESTRIAN_ACCIDENT,BICYCLE_ACCIDENT,MOTORCYCLE_ACCIDENT,TRUCK_ACCIDENT,NOT_PRIVATE_PROPERTY,ALCOHOL_INVOLVED,STWD_VEHTYPE_AT_FAULT,CHP_VEHTYPE_AT_FAULT,COUNT_SEVERE_INJ,COUNT_VISIBLE_INJ,COUNT_COMPLAINT_PAIN,COUNT_PED_KILLED,COUNT_PED_INJURED,COUNT_BICYCLIST_KILLED,COUNT_BICYCLIST_INJURED,COUNT_MC_KILLED,COUNT_MC_INJURED,PRIMARY_RAMP,SECONDARY_RAMP,LATITUDE,LONGITUDE,COUNTY,CITY,POINT_X,POINT_Y
8782302,2018,2019-01-23,3701,2018-11-29,1340,CB5528,65,4,5,5,3701,0,0,0,NA,0,5BEAT,ARMADA DR,FLEET ST N,851,S,N,B,C,N,NA,NA,NA,NA,NA,NA,NA,NA,NA,Y,3,0,1,2,A,-,09,21804,A,N,D,C,A,B,H,-,A,D,0,NA,NA,NA,NA,Y,NA,A,01,0,1,0,0,0,0,0,0,0,-,-,NA,NA,SAN DIEGO,CARLSBAD,-117.31843566894533,33.1290283203125
8782324,2018,2019-01-25,3701,2018-12-06,1836,CB5523,27,4,5,5,3701,0,0,0,NA,0,004,CARLSBAD VILLAGE DR,GLASGOW DR,12,W,N,C,-,N,NA,NA,NA,NA,NA,NA,NA,NA,NA,NA,3,0,1,2,A,-,12,21453,A,N,D,C,A,B,H,-,C,A,0,NA,NA,NA,NA,Y,NA,A,01,0,1,0,0,0,0,0,0,0,-,-,NA,NA,SAN DIEGO,CARLSBAD,-117.2988052368164,33.1678581237793
8783152,2018,2019-01-25,3711,2018-12-25,0813,SD5624,NA,2,5,7,3711,0,0,0,NA,0,437,PARADISE VALLEY RD,SOUTH WOODMAN ST,0,NA,Y,C,-,N,NA,NA,NA,NA,NA,NA,NA,NA,NA,Y,3,0,1,2,A,-,12,21453,A,N,D,C,A,B,H,-,A,A,0,NA,NA,NA,NA,Y,NA,A,01,0,1,0,0,0,0,0,0,0,-,-,NA,NA,SAN DIEGO,SAN DIEGO,-117.04649353027344,32.68898010253906
8783192,2018,2019-01-25,3710,2018-12-28,1316,OC1358,15,5,5,6,3710,0,0,0,NA,0,005,EL CAMINO REAL,MESA DR,23,S,N,A,-,N,NA,NA,NA,NA,NA,NA,NA,NA,NA,Y,3,0,1,1,A,-,01,23152,A,N,E,I,A,A,H,-,A,A,0,NA,NA,NA,NA,Y,Y,A,01,0,1,0,0,0,0,0,0,0,-,-,NA,NA,SAN DIEGO,OCEANSIDE,-117.33352661132813,33.20856857299805
8783761,2019,2019-02-02,3711,2019-01-02,1408,SD6104,NA,3,5,7,3711,0,0,0,NA,0,821,EL CAJON BL,72ND ST,0,NA,Y,A,-,N,NA,NA,NA,NA,NA,NA,NA,NA,NA,Y,4,0,2,2,A,-,09,21802,A,N,D,C,A,A,H,-,A,D,0,NA,NA,NA,NA,Y,NA,A,01,0,0,2,0,0,0,0,0,0,-,-,NA,NA,SAN DIEGO,SAN DIEGO,-117.04263305664063,32.76877975463867
8783955,2018,2019-01-30,3705,2018-12-26,1900,EC0389,NA,3,5,5,3705,0,0,0,NA,0,004,JAMACHA RD,LEXINGTON AV,0,NA,Y,A,-,N,NA,NA,NA,NA,NA,NA,NA,NA,NA,N,3,0,1,2,A,-,10,21950,A,M,G,B,B,A,H,-,C,A,0,Y,NA,NA,NA,Y,NA,-,99,0,1,0,0,1,0,0,0,0,-,-,NA,NA,SAN DIEGO,EL CAJON,-116.9336166381836,32.792510986328125
8785234,2019,2019-02-05,3706,2019-01-11,0758,1833,ESCON,5,5,6,3706,0,0,0,NA,0,044,WASHINGTON AV,BEGONIA ST,0,NA,Y,A,-,N,NA,NA,NA,NA,NA,NA,NA,NA,NA,Y,3,0,1,2,A,-,09,21801,A,N,D,C,A,A,H,-,A,D,0,NA,NA,NA,NA,Y,NA,A,01,0,1,0,0,0,0,0,0,0,-,-,33.13800048828125,-117.05812072753906,SAN DIEGO,ESCONDIDO,-117.0580825805664,33.13895034790039
8785660,2019,2019-02-01,3710,2019-01-09,1533,OC0828,007,3,5,6,3710,0,0,0,NA,0,003,VISTA WAY,STEWART,108,E,N,A,-,N,NA,NA,NA,NA,NA,NA,NA,NA,NA,Y,3,0,2,2,A,-,03,22350,NA,N,C,C,A,A,H,-,A,A,0,NA,NA,NA,NA,Y,NA,A,01,0,1,1,0,0,0,0,0,0,-,-,NA,NA,SAN DIEGO,OCEANSIDE,-117.35332489013672,33.17580795288086
8786612,2018,2019-02-07,3700,2018-11-07,1749,SH0601,NA,3,5,5,3782,0,0,0,NA,0,206,N EL CAMINIO REAL,TOWN CENTER DR,563,S,N,A,-,N,NA,NA,NA,NA,NA,NA,NA,NA,NA,N,4,0,2,2,A,-,21,22106,NA,N,C,C,A,A,H,-,D,A,0,NA,NA,NA,NA,Y,NA,A,01,0,0,2,0,0,0,0,0,0,-,-,NA,NA,SAN DIEGO,ENCINITAS,-117.26268005371094,33.0635871887207
8786952,2019,2019-02-08,3711,2019-01-13,2119,4531,SAN D,7,5,7,3711,0,0,0,NA,0,504,W HARBOR DR,MARKET ST,0,NA,Y,B,-,N,NA,NA,NA,NA,NA,NA,NA,NA,NA,N,3,0,1,1,A,-,00,21235,B,N,E,J,A,A,A,-,C,D,0,NA,NA,NA,NA,Y,NA,-,NA,0,1,0,0,0,0,0,0,0,-,-,NA,NA,SAN DIEGO,SAN DIEGO,-117.168212890625,32.71112823486328
8787363,2018,2019-02-15,3700,2018-12-31,1000,SH0021,NA,1,5,5,3713,0,0,0,NA,0,310,VISTA VILLAGE DR,RT 78,0,NA,Y,B,-,Y,SD,11,78,-,-,6.335,R,4,W,Y,3,0,1,2,A,-,09,21453,C,N,D,C,A,A,H,-,A,A,0,NA,NA,NA,NA,Y,NA,A,01,0,1,0,0,0,0,0,0,0,-,WF,NA,NA,SAN DIEGO,VISTA,-117.24793243408205,33.19428253173828
8787899,2018,2019-01-28,3702,2018-12-02,1550,CV1069,NA,7,5,6,3702,0,0,0,NA,0,021,ANITA ST,INDUSTRIAL BL,446,E,N,A,-,N,NA,NA,NA,NA,NA,NA,NA,NA,NA,Y,3,0,1,1,A,-,17,21663,NA,N,E,I,A,A,H,-,A,D,0,NA,NA,NA,NA,Y,NA,A,01,0,1,0,0,0,0,0,0,0,-,-,NA,NA,SAN DIEGO,CHULA VISTA,-117.08265686035156,32.59846878051758
8787919,2018,2019-01-28,3702,2018-12-22,2113,CV1190,NA,6,5,6,3702,0,0,0,NA,0,021,MAIN ST,INDUSTRIAL BL,10,E,N,A,-,N,NA,NA,NA,NA,NA,NA,NA,NA,NA,Y,4,0,3,2,A,-,01,23152,B,N,C,C,A,A,H,-,C,A,0,NA,NA,NA,NA,Y,Y,A,01,0,0,3,0,0,0,0,0,0,-,-,NA,NA,SAN DIEGO,CHULA VISTA,-117.08409118652344,32.59484100341797
8789129,2019,2019-02-05,3711,2019-01-15,1720,7818,NA,2,5,7,3711,0,0,0,NA,0,713,BRITANNIA BL,PARK PL,0,NA,Y,B,C,N,NA,NA,NA,NA,NA,NA,NA,NA,NA,Y,4,0,2,2,A,-,12,21453,A,N,D,C,A,B,H,-,C,A,0,NA,NA,NA,Y,Y,NA,F,55,0,0,2,0,0,0,0,0,0,-,-,NA,NA,SAN DIEGO,SAN DIEGO,-116.97978,32.555251
8789916,2019,2019-02-11,3708,2019-01-17,0554,LM1274,NA,4,5,5,3708,0,0,0,NA,0,001,UNIVERSITY AV,MASSACHUSETTS AV,0,NA,Y,A,-,N,NA,NA,NA,NA,NA,NA,NA,NA,NA,Y,3,0,2,3,A,-,09,21453,C,N,A,C,A,A,H,-,C,A,0,NA,NA,NA,NA,Y,NA,A,07,0,1,1,0,0,0,0,0,0,-,-,NA,NA,SAN DIEGO,LA MESA,-117.04319763183594,32.755191802978516
8790643,2019,2019-02-08,3706,2019-01-14,1225,406,ESCON,1,5,6,3706,0,0,0,NA,0,043,NUTMEG ST,EL NORTE PKWY,200,N,N,B,C,N,NA,NA,NA,NA,NA,NA,NA,NA,NA,N,4,0,1,2,A,-,09,21804,A,N,D,C,A,B,H,-,A,D,0,NA,NA,NA,NA,Y,NA,A,07,0,0,1,0,0,0,0,0,0,-,-,33.14717102050781,-117.10880279541016,SAN DIEGO,ESCONDIDO,-117.10839080810548,33.14765167236328
8792131,2018,2019-02-25,3700,2018-09-07,0850,SH5794,NA,5,5,5,3781,0,0,0,NA,0,519,BUENA VISTA AV,COTTONWOOD AV,130,W,N,A,-,N,NA,NA,NA,NA,NA,NA,NA,NA,NA,Y,4,0,1,3,A,-,08,22107,NA,M,B,E,A,A,H,-,A,D,0,NA,NA,NA,NA,Y,NA,A,01,0,0,1,0,0,0,0,0,0,-,-,NA,NA,SAN DIEGO,SANTEE,-116.97412109375,32.834877014160156
8792230,2019,2019-02-14,3709,2019-01-26,1754,NC0513,NA,6,5,5,3709,0,0,0,NA,0,021,EAST PLAZA BL,HIGHLAND AV,0,NA,-,A,-,N,NA,NA,NA,NA,NA,NA,NA,NA,NA,N,4,0,3,2,B,-,22,NA,NA,N,B,C,A,A,H,-,C,A,0,NA,NA,NA,NA,Y,NA,A,01,0,0,3,0,0,0,0,0,0,-,-,NA,NA,SAN DIEGO,NATIONAL CITY,-117.09810638427734,32.6763916015625
8793117,2019,2019-02-27,3711,2019-02-08,0028,7659,NA,5,5,7,3711,0,0,0,NA,0,813,OREGON ST,EL CAJON BL,0,NA,-,A,-,N,NA,NA,NA,NA,NA,NA,NA,NA,NA,Y,4,0,2,4,A,-,01,23152,A,N,D,B,E,A,H,-,C,A,0,Y,NA,NA,NA,Y,Y,-,NA,0,0,2,0,1,0,0,0,0,-,-,NA,NA,SAN DIEGO,SAN DIEGO,-117.1351318359375,32.75537872314453
8793847,2018,2019-02-27,3700,2018-12-02,2140,SH0013,NA,7,5,5,3781,0,0,0,NA,0,511,N MAGNOLIA AV,BRAVERMAN DR,0,NA,Y,A,-,N,NA,NA,NA,NA,NA,NA,NA,NA,NA,N,3,0,1,2,A,-,12,21453,A,N,D,C,A,A,H,-,C,A,0,NA,NA,NA,NA,Y,NA,A,01,0,1,0,0,0,0,0,0,0,-,-,NA,NA,SAN DIEGO,SANTEE,-116.97084045410156,32.852149963378906
8794160,2018,2019-02-15,3711,2018-12-18,1115,SD5628,NA,2,5,7,3711,0,0,0,NA,0,115,NOBEL DR,UNIVERSITY CENTER LN,0,NA,Y,A,-,Y,SD,11,5,-,R,28,R,4,N,N,4,0,1,2,A,-,12,21453,A,N,B,C,A,A,H,-,A,A,0,NA,NA,NA,NA,Y,NA,A,01,0,0,1,0,0,0,0,0,0,-,-,NA,NA,SAN DIEGO,SAN DIEGO,-117.22967529296876,32.86589813232422
8794260,2018,2019-05-06,3710,2018-09-27,1105,OC1018,999,4,5,6,3710,0,0,0,NA,0,NA,RT 78,MORENO ST,611,E,N,A,-,Y,SD,11,78,-,-,0.04,H,-,W,N,3,0,1,2,A,-,03,22350,NA,M,D,C,A,A,H,-,A,D,0,NA,NA,Y,NA,Y,NA,C,02,0,1,0,0,0,0,0,0,1,-,-,NA,NA,SAN DIEGO,OCEANSIDE,-117.35083770751952,33.17736053466797
8794804,2019,2019-02-06,3711,2019-01-25,1951,7462,NA,5,5,7,3711,0,0,0,NA,0,623,E ST,6TH AV,0,NA,Y,A,-,N,NA,NA,NA,NA,NA,NA,NA,NA,NA,N,4,0,1,2,A,-,03,22350,NA,N,C,C,A,A,H,-,C,A,0,NA,NA,NA,NA,Y,NA,A,01,0,0,1,0,0,0,0,0,0,-,-,NA,NA,SAN DIEGO,SAN DIEGO,-117.15924072265624,32.71466064453125
8794834,2019,2019-02-06,3711,2019-01-26,1808,7833,NA,6,5,7,3711,0,0,0,NA,0,242,CAMINO RUIZ,GOLD COAST DR,200,N,N,A,-,N,NA,NA,NA,NA,NA,NA,NA,NA,NA,N,3,0,1,2,A,-,03,22350,NA,N,F,J,A,A,H,-,C,A,0,NA,NA,Y,NA,Y,NA,C,02,0,1,0,0,0,0,0,0,1,-,-,NA,NA,SAN DIEGO,SAN DIEGO,-117.14617156982422,32.90587615966797
8794879,2019,2019-02-06,3711,2019-01-25,1457,8861,NA,5,5,7,3711,0,0,0,NA,0,518,30TH ST,ELM ST,14,S,N,A,-,N,NA,NA,NA,NA,NA,NA,NA,NA,NA,Y,3,0,3,2,A,-,09,21802,A,N,D,C,A,A,H,-,A,A,0,NA,NA,NA,NA,Y,NA,A,01,0,3,0,0,0,0,0,0,0,-,-,NA,NA,SAN DIEGO,SAN DIEGO,-117.13020324707033,32.72439193725586
8795614,2019,2019-03-07,3711,2019-01-27,1520,7825,NA,7,5,7,3711,0,0,0,NA,0,112,MOUNT ALIFAN DR,MT ACADIA,230,E,N,A,-,N,NA,NA,NA,NA,NA,NA,NA,NA,NA,Y,3,0,2,2,A,-,08,22107,NA,N,A,C,A,A,H,-,A,D,0,NA,NA,NA,NA,Y,NA,A,01,0,2,0,0,0,0,0,0,0,-,-,NA,NA,SAN DIEGO,SAN DIEGO,-117.18212890625,32.816802978515625
8796114,2018,2019-03-27,3702,2018-12-14,2133,CV1052,NA,5,5,6,3702,0,0,0,NA,0,041,TELEGRAPH CANYON RD,OTAY LAKES RD,862,W,N,A,-,N,NA,NA,NA,NA,NA,NA,NA,NA,NA,Y,4,0,1,3,A,-,01,23152,A,N,C,E,A,A,H,-,C,D,0,NA,NA,NA,NA,Y,Y,A,01,0,0,1,0,0,0,0,0,0,-,-,NA,NA,SAN DIEGO,CHULA VISTA,-116.99248504638672,32.637107849121094
8796418,2018,2019-02-20,3711,2018-12-07,1345,76410,NA,5,5,7,3711,0,0,0,NA,0,627,WASHINGTON ST,3RD AV,0,NA,Y,A,-,N,NA,NA,NA,NA,NA,NA,NA,NA,NA,Y,4,0,2,2,A,-,09,21802,A,N,A,C,A,A,H,-,A,D,0,NA,NA,NA,NA,Y,Y,-,-,0,0,2,0,0,0,0,0,0,-,-,NA,NA,SAN DIEGO,SAN DIEGO,-117.16274261474608,32.74998092651367
8796584,2019,2019-03-06,3711,2019-01-03,0626,6946,NA,4,5,7,3711,0,0,0,NA,0,243,MIRAMAR RD,MOUNTAIN RD,309,W,N,A,-,N,NA,NA,NA,NA,NA,NA,NA,NA,NA,N,4,0,1,4,A,-,03,22350,NA,N,C,C,A,A,H,-,B,A,0,NA,NA,NA,NA,Y,NA,-,NA,0,0,1,0,0,0,0,0,0,-,-,NA,NA,SAN DIEGO,SAN DIEGO,-117.12449645996094,32.89374923706055
8800094,2019,2019-03-11,3711,2019-01-19,0933,7542,SANDI,6,5,7,3711,0,0,0,NA,0,434,CARDIFF ST,CARDIFF ST 900,0,NA,N,A,-,N,NA,NA,NA,NA,NA,NA,NA,NA,NA,N,3,0,1,2,A,-,08,22107,NA,N,D,C,A,A,H,-,A,D,0,NA,NA,NA,NA,Y,NA,A,01,0,1,0,0,0,0,0,0,0,-,-,32.71630096435547,-117.02549743652344,SAN DIEGO,SAN DIEGO,-117.025174,32.715281
8800611,2019,2019-02-20,3702,2019-01-12,1600,CV1108,NA,6,5,6,3702,0,0,0,NA,0,024,EAST ORANGE AV,MELROSE AV,0,NA,Y,A,-,N,NA,NA,NA,NA,NA,NA,NA,NA,NA,Y,4,0,1,3,A,-,12,21453,A,N,A,C,A,A,H,-,A,A,0,NA,NA,NA,NA,Y,NA,A,01,0,0,1,0,0,0,0,0,0,-,-,NA,NA,SAN DIEGO,CHULA VISTA,-117.03896331787108,32.604698181152344
8800721,2019,2019-02-22,3702,2019-02-04,1534,CV1079,NA,1,5,6,3702,0,0,0,NA,0,021,BROADWAY,PALOMAR ST,240,N,N,C,-,N,NA,NA,NA,NA,NA,NA,NA,NA,NA,Y,4,0,1,3,A,-,03,22350,NA,N,C,C,A,B,H,-,A,D,0,NA,NA,NA,NA,Y,NA,A,01,0,0,1,0,0,0,0,0,0,-,-,NA,NA,SAN DIEGO,CHULA VISTA,-117.07901000976563,32.604042053222656
8802772,2019,2019-03-11,3711,2019-02-01,1921,7342,NA,5,5,7,3711,0,0,0,NA,0,116,CLAIREMONT DR,RAPPAHANNOCK AV,363,S,N,A,-,N,NA,NA,NA,NA,NA,NA,NA,NA,NA,N,3,0,1,3,A,-,08,22107,NA,N,C,E,A,A,H,-,C,D,0,NA,NA,NA,NA,Y,NA,A,01,0,1,0,0,0,0,0,0,0,-,-,NA,NA,SAN DIEGO,SAN DIEGO,-117.2002182006836,32.80485534667969
8804550,2019,2019-03-06,3711,2019-02-12,1130,6998,NA,2,5,7,3711,0,0,0,NA,0,242,CAMINO RUIZ,TERESA DR,0,NA,Y,A,-,N,NA,NA,NA,NA,NA,NA,NA,NA,NA,Y,3,0,2,2,A,-,12,21453,A,N,D,C,A,A,H,-,A,A,0,NA,NA,NA,NA,Y,NA,A,01,0,1,1,0,0,0,0,0,0,-,-,NA,NA,SAN DIEGO,SAN DIEGO,-117.14407348632813,32.925048828125
8804810,2019,2019-02-19,3701,2019-01-25,0707,CB5513,3701,5,5,5,3701,0,0,0,NA,0,002,CANNON RD,CAR COUNTRY DR,0,NA,Y,A,-,N,NA,NA,NA,NA,NA,NA,NA,NA,NA,Y,4,0,1,2,A,-,12,21453,A,N,D,C,A,A,H,-,B,A,0,NA,NA,NA,NA,Y,NA,A,01,0,0,1,0,0,0,0,0,0,-,-,NA,NA,SAN DIEGO,CARLSBAD,-117.3230438232422,33.1351318359375
8805138,2019,2019-02-27,3700,2019-01-06,0318,SH0431,NA,7,5,4,3720,0,0,0,NA,0,606,CANTON DR,WATWOOD RD,242,W,N,C,-,N,NA,NA,NA,NA,NA,NA,NA,NA,NA,Y,3,0,2,2,A,-,05,21650,NA,N,A,C,A,B,H,-,C,D,0,NA,NA,NA,NA,Y,Y,A,01,0,1,1,0,0,0,0,0,0,-,-,NA,NA,SAN DIEGO,LEMON GROVE,-117.03606414794922,32.72311019897461
8805575,2019,2019-02-22,3711,2019-02-09,2201,7169,NA,6,5,7,3711,0,0,0,NA,0,242,WESTVIEW PKWY,CAPRICORN WY,75,S,-,A,-,N,NA,NA,NA,NA,NA,NA,NA,NA,NA,Y,3,0,1,2,A,-,09,21801,A,N,A,C,A,A,H,-,C,A,0,NA,NA,NA,NA,Y,NA,-,NA,0,1,0,0,0,0,0,0,0,-,-,NA,NA,SAN DIEGO,SAN DIEGO,-117.11915588378906,32.92414474487305
8807051,2019,2019-03-18,3711,2019-02-15,1850,7403,SAN D,5,5,7,3711,0,0,0,NA,0,451,EUCLID AV,FEDERAL BL,42,N,N,B,-,N,NA,NA,NA,NA,NA,NA,NA,NA,NA,N,2,0,1,2,A,-,11,21456,C,N,A,B,B,A,H,-,C,A,0,Y,NA,NA,NA,Y,NA,N,60,1,0,0,0,1,0,0,0,0,-,-,NA,NA,SAN DIEGO,SAN DIEGO,-117.08494567871094,32.721534729003906
8807070,2019,2019-03-15,3711,2019-02-15,2248,7694,NA,5,5,7,3711,0,0,0,NA,0,112,MOUNT ACADIA,MOUNT ACADIA 2900,20,W,N,C,-,N,NA,NA,NA,NA,NA,NA,NA,NA,NA,Y,3,0,1,1,A,-,03,22350,NA,N,F,-,A,D,-,-,D,-,0,NA,NA,NA,NA,Y,NA,-,NA,0,1,0,0,0,0,0,0,0,-,-,NA,NA,SAN DIEGO,SAN DIEGO,NA,NA
8807102,2019,2019-03-05,3711,2019-02-14,0815,7744,SAN D,4,5,7,3711,0,0,0,NA,0,441,LOGAN AV,S 37TH ST,200,W,N,B,C,N,NA,NA,NA,NA,NA,NA,NA,NA,NA,N,4,0,1,2,A,-,21,22106,NA,M,G,B,E,B,H,-,A,D,0,Y,NA,NA,NA,Y,NA,-,NA,0,0,1,0,1,0,0,0,0,-,-,NA,NA,SAN DIEGO,SAN DIEGO,-117.1152572631836,32.69705581665039
8807464,2019,2019-04-22,3711,2019-02-01,0649,7841,NA,5,5,7,3711,0,0,0,NA,0,313,CONVOY ST,CONVOY ST 4389,80,S,N,B,-,N,NA,NA,NA,NA,NA,NA,NA,NA,NA,N,4,0,1,2,A,-,03,22350,NA,N,D,C,A,B,H,-,A,A,0,NA,NA,NA,NA,Y,NA,A,01,0,0,1,0,0,0,0,0,0,-,-,NA,NA,SAN DIEGO,SAN DIEGO,NA,NA
8807506,2019,2019-04-09,3711,2019-01-10,1930,7755,NA,4,5,7,3711,0,0,0,NA,0,122,GRAND AV,GRAND AV 700,0,NA,N,A,-,N,NA,NA,NA,NA,NA,NA,NA,NA,NA,N,3,0,1,1,D,-,00,NA,NA,N,H,A,A,A,H,-,C,D,0,NA,NA,Y,NA,Y,Y,-,-,0,1,0,0,0,0,0,0,1,-,-,NA,NA,SAN DIEGO,SAN DIEGO,NA,NA
8808083,2018,2019-04-16,3702,2018-07-09,2216,CV0991,NA,1,5,6,3702,0,0,0,NA,0,013,4TH AV,H ST,0,NA,Y,A,-,N,NA,NA,NA,NA,NA,NA,NA,NA,NA,Y,1,1,1,2,A,-,01,23152,F,N,D,C,A,A,H,-,C,A,0,NA,NA,Y,NA,Y,NA,C,02,0,1,0,0,0,0,0,1,0,-,-,NA,NA,SAN DIEGO,CHULA VISTA,-117.08130645751952,32.63325119018555
8808438,2019,2019-08-23,3711,2019-06-23,1337,SD6366,NA,7,5,7,3711,0,0,0,NA,0,121,OCEAN FRONT WALK,SAN LUIS OBISPO PL,90,S,N,B,-,N,NA,NA,NA,NA,NA,NA,NA,NA,NA,N,1,1,1,2,D,-,00,NA,NA,N,B,C,F,A,H,-,A,D,0,Y,NA,NA,NA,Y,NA,-,-,0,1,0,1,1,0,0,0,0,-,-,NA,NA,SAN DIEGO,SAN DIEGO,-117.25312042236328,32.77597427368164
8808498,2018,2019-09-12,3705,2018-11-03,2132,EC0364,NA,6,5,5,3705,0,0,0,NA,0,004,S MOLLISON,MERRITT,2,N,N,A,-,N,NA,NA,NA,NA,NA,NA,NA,NA,NA,N,1,1,0,2,A,-,11,21954,A,N,G,B,D,A,H,-,C,D,0,Y,NA,NA,NA,Y,NA,N,60,0,0,0,1,0,0,0,0,0,-,-,NA,NA,SAN DIEGO,EL CAJON,-116.95095825195313,32.78471374511719
8813476,2019,2019-03-12,3700,2019-02-23,1740,SH0817,NA,6,5,5,3712,0,0,0,NA,0,349,SAN ELIJO RD,QUESTHAVEN RD,0,NA,Y,A,-,N,NA,NA,NA,NA,NA,NA,NA,NA,NA,N,4,0,1,2,A,-,12,21453,A,N,D,D,A,A,H,-,B,A,0,NA,NA,NA,NA,Y,NA,A,01,0,0,1,0,0,0,0,0,0,-,-,NA,NA,SAN DIEGO,SAN MARCOS,-117.18628692626952,33.10226821899414
8813496,2019,2019-03-12,3706,2019-02-19,1022,524,ESCON,2,5,6,3706,0,0,0,NA,0,043,MEYERS AV,BARHAM DR,0,NA,Y,A,-,N,NA,NA,NA,NA,NA,NA,NA,NA,NA,Y,4,0,1,2,A,-,09,21802,A,N,D,C,A,A,H,-,A,A,0,NA,NA,Y,NA,Y,NA,C,06,0,0,1,0,0,0,0,0,0,-,-,33.132869720458984,-117.12863159179688,SAN DIEGO,ESCONDIDO,-117.12841033935548,33.13275909423828
8813786,2019,2019-04-16,3700,2019-02-17,1848,SH0029,NA,7,5,5,3713,0,0,0,NA,0,308,NORTH MELROSE DR,WEST VISTA WY,0,NA,Y,A,-,N,NA,NA,NA,NA,NA,NA,NA,NA,NA,Y,4,0,1,2,A,-,12,21453,A,N,D,C,A,A,H,-,C,A,0,NA,NA,NA,NA,Y,NA,A,01,0,0,1,0,0,0,0,0,0,-,-,NA,NA,SAN DIEGO,VISTA,-117.25466918945313,33.19552993774414
8814542,2019,2019-03-19,3709,2019-02-22,0847,NC0519,NA,5,5,5,3709,0,0,0,NA,0,024,MILE OF CARS WY,WILSON AV,179,E,N,A,-,N,NA,NA,NA,NA,NA,NA,NA,NA,NA,Y,4,0,1,2,A,-,09,21804,A,N,D,C,A,A,H,-,A,A,0,NA,NA,NA,NA,Y,NA,A,01,0,0,1,0,0,0,0,0,0,-,-,NA,NA,SAN DIEGO,NATIONAL CITY,-117.10597229003906,32.66077423095703
8815353,2019,2019-03-21,3711,2019-02-15,1950,SD8377,NA,5,5,7,3711,0,0,0,NA,0,446,T ST,GLORIA ST,286,W,N,B,-,N,NA,NA,NA,NA,NA,NA,NA,NA,NA,N,3,0,1,2,A,-,11,21954,A,M,G,B,D,A,H,-,C,D,0,Y,NA,NA,NA,Y,Y,N,60,0,1,0,0,1,0,0,0,0,-,-,NA,NA,SAN DIEGO,SAN DIEGO,-117.09158325195313,32.69868087768555
8815675,2019,2019-03-13,3711,2019-02-23,1619,6391,NA,6,5,7,3711,0,0,0,NA,0,235,SAN PASQUAL VALLEY RD,CLOVERDALE RD,255,E,N,A,-,N,NA,NA,NA,NA,NA,NA,NA,NA,NA,Y,3,0,7,4,A,-,08,22107,NA,N,B,C,A,A,H,-,A,D,0,NA,NA,NA,NA,Y,NA,-,NA,0,1,6,0,0,0,0,0,0,-,-,NA,NA,SAN DIEGO,SAN DIEGO,-117.02030181884766,33.09815216064453
8816466,2019,2019-03-11,3705,2019-02-09,0119,EC0219,NA,6,5,5,3705,0,0,0,NA,0,002,SAFARI DR,N ALLEY WY,0,NA,Y,C,-,N,NA,NA,NA,NA,NA,NA,NA,NA,NA,N,4,0,2,2,A,-,09,21804,A,N,D,C,A,B,H,-,A,A,0,NA,NA,NA,NA,Y,NA,A,08,0,0,2,0,0,0,0,0,0,-,-,NA,NA,SAN DIEGO,EL CAJON,NA,NA
8816656,2019,2019-04-05,3705,2019-01-30,1830,EC0387,NA,3,5,5,3705,0,0,0,NA,0,002,MAIN ST,EAST MAIN ST,8,N,N,A,-,N,NA,NA,NA,NA,NA,NA,NA,NA,NA,N,4,0,1,2,A,-,10,21952,NA,F,G,-,F,A,H,-,C,A,0,Y,NA,NA,NA,Y,NA,-,99,0,0,1,0,1,0,0,0,0,-,-,NA,NA,SAN DIEGO,EL CAJON,-116.96234893798828,32.79494857788086
8818372,2019,2019-03-22,3711,2019-03-08,1100,7290,SAN D,5,5,7,3711,0,0,0,NA,0,321,MISSION GORGE RD,ZION AV,144,S,N,A,-,N,NA,NA,NA,NA,NA,NA,NA,NA,NA,N,3,0,1,2,A,-,09,21804,A,N,C,C,A,A,H,-,A,A,0,NA,NA,NA,NA,Y,NA,A,01,0,1,0,0,0,0,0,0,0,-,-,NA,NA,SAN DIEGO,SAN DIEGO,-117.09768676757813,32.792564392089844
8819704,2019,2019-03-18,3711,2019-02-21,1452,SD6657,NA,4,5,7,3711,0,0,0,NA,0,511,MAIN ST,S 30TH ST,15,W,N,B,-,N,NA,NA,NA,NA,NA,NA,NA,NA,NA,N,4,0,1,2,A,-,03,22350,NA,N,C,C,A,A,H,-,A,D,0,NA,NA,NA,NA,Y,NA,A,01,0,0,1,0,0,0,0,0,0,-,-,NA,NA,SAN DIEGO,SAN DIEGO,-117.1295166015625,32.69282150268555
8819723,2019,2019-03-18,3711,2019-02-26,1650,4203,NA,2,5,7,3711,0,0,0,NA,0,243,MIRAMAR RD,CAMINO RUIZ,1056,W,N,A,-,N,NA,NA,NA,NA,NA,NA,NA,NA,NA,Y,3,0,3,3,A,-,17,21461,NA,N,D,C,A,A,H,-,B,D,0,NA,NA,NA,NA,Y,NA,A,01,0,2,1,0,0,0,0,0,0,-,-,NA,NA,SAN DIEGO,SAN DIEGO,-117.13703155517578,32.89309310913086