CASE_ID,ACCIDENT_YEAR,PROC_DATE,JURIS,COLLISION_DATE,COLLISION_TIME,OFFICER_ID,REPORTING_DISTRICT,DAY_OF_WEEK,CHP_SHIFT,POPULATION,CNTY_CITY_LOC,SPECIAL_COND,BEAT_TYPE,CHP_BEAT_TYPE,CITY_DIVISION_LAPD,CHP_BEAT_CLASS,BEAT_NUMBER,PRIMARY_RD,SECONDARY_RD,DISTANCE,DIRECTION,INTERSECTION,WEATHER_1,WEATHER_2,STATE_HWY_IND,CALTRANS_COUNTY,CALTRANS_DISTRICT,STATE_ROUTE,ROUTE_SUFFIX,POSTMILE_PREFIX,POSTMILE,LOCATION_TYPE,RAMP_INTERSECTION,SIDE_OF_HWY,TOW_AWAY,COLLISION_SEVERITY,NUMBER_KILLED,NUMBER_INJURED,PARTY_COUNT,PRIMARY_COLL_FACTOR,PCF_CODE_OF_VIOL,PCF_VIOL_CATEGORY,PCF_VIOLATION,PCF_VIOL_SUBSECTION,HIT_AND_RUN,TYPE_OF_COLLISION,MVIW,PED_ACTION,ROAD_SURFACE,ROAD_COND_1,ROAD_COND_2,LIGHTING,CONTROL_DEVICE,CHP_ROAD_TYPE,PEDESTRIAN_ACCIDENT,BICYCLE_ACCIDENT,MOTORCYCLE_ACCIDENT,TRUCK_ACCIDENT,NOT_PRIVATE_PROPERTY,ALCOHOL_INVOLVED,STWD_VEHTYPE_AT_FAULT,CHP_VEHTYPE_AT_FAULT,COUNT_SEVERE_INJ,COUNT_VISIBLE_INJ,COUNT_COMPLAINT_PAIN,COUNT_PED_KILLED,COUNT_PED_INJURED,COUNT_BICYCLIST_KILLED,COUNT_BICYCLIST_INJURED,COUNT_MC_KILLED,COUNT_MC_INJURED,PRIMARY_RAMP,SECONDARY_RAMP,LATITUDE,LONGITUDE,COUNTY,CITY,POINT_X,POINT_Y
8913104,2019,2019-08-08,3711,2019-07-17,0900,SD7604,NA,3,5,7,3711,0,0,0,NA,0,934,EL CAMINO REAL,CARMEL VALLEY RD,0,NA,Y,B,-,N,NA,NA,NA,NA,NA,NA,NA,NA,NA,Y,4,0,1,2,A,-,12,21453,A,N,D,C,A,A,H,-,A,A,0,NA,NA,NA,NA,Y,NA,A,01,0,0,1,0,0,0,0,0,0,-,-,NA,NA,SAN DIEGO,SAN DIEGO,-117.23715209960938,32.93471145629883
8913108,2019,2019-08-08,3711,2019-07-20,0211,SD7695,NA,6,5,7,3711,0,0,0,NA,0,531,PERSHING,JACARANDA DR,0,NA,Y,B,-,N,NA,NA,NA,NA,NA,NA,NA,NA,NA,N,4,0,1,2,A,-,00,21235,B,N,C,J,A,A,H,-,D,C,0,NA,NA,NA,NA,Y,NA,-,NA,0,0,1,0,0,0,0,0,0,-,-,NA,NA,SAN DIEGO,SAN DIEGO,-117.13458251953124,32.73843002319336
8913602,2019,2019-10-22,3702,2019-07-14,1117,CV1200,NA,7,5,6,3702,0,0,0,NA,0,014,EAST H ST,HILLTOP,1800,E,N,A,-,N,NA,NA,NA,NA,NA,NA,NA,NA,NA,Y,4,0,3,2,A,-,07,21658,A,N,B,C,A,A,H,-,A,D,0,NA,NA,NA,NA,Y,NA,A,01,0,0,3,0,0,0,0,0,0,-,-,NA,NA,SAN DIEGO,CHULA VISTA,-117.0649871826172,32.6378288269043
8913898,2019,2019-08-12,3711,2019-07-05,1854,SD6366,NA,5,5,7,3711,0,0,0,NA,0,621,GENESEE AV,LINDA VISTA RD,161,W,N,A,-,N,NA,NA,NA,NA,NA,NA,NA,NA,NA,Y,2,0,2,2,A,-,11,21954,A,N,G,B,D,A,H,-,B,D,0,Y,NA,NA,NA,Y,NA,N,60,1,1,0,0,1,0,0,0,0,-,-,NA,NA,SAN DIEGO,SAN DIEGO,-117.16643524169922,32.79177474975586
8914233,2019,2019-08-09,3711,2019-07-21,1103,SD6788,NA,7,5,7,3711,0,0,0,NA,0,315,CAMINO DEL RIO N,QUALCOMM WY,0,NA,Y,A,-,N,NA,NA,NA,NA,NA,NA,NA,NA,NA,Y,4,0,1,2,A,-,09,21802,A,N,D,C,A,A,H,-,A,D,0,NA,NA,NA,NA,Y,NA,A,01,0,0,1,0,0,0,0,0,0,-,-,NA,NA,SAN DIEGO,SAN DIEGO,-117.14019012451172,32.77201843261719
8915393,2019,2019-08-13,3711,2019-07-19,1828,19202501,NA,5,5,7,3711,0,0,0,NA,0,527,KETTNER BL,FIR ST,0,NA,-,A,-,N,NA,NA,NA,NA,NA,NA,NA,NA,NA,N,3,0,1,2,A,-,13,22500,H,N,B,G,A,A,H,-,A,-,0,NA,Y,NA,NA,Y,NA,A,01,0,1,0,0,0,0,1,0,0,-,-,NA,NA,SAN DIEGO,SAN DIEGO,-117.16940307617188,32.724151611328125
8915794,2019,2019-08-12,3710,2019-05-03,2222,OC1460,NA,5,5,6,3710,0,0,0,NA,0,016,EL CAMINIO REAL,MISSION AV,174,N,N,A,-,N,NA,NA,NA,NA,NA,NA,NA,NA,NA,N,4,0,1,2,A,-,07,21658,A,F,H,A,A,A,H,-,C,A,0,NA,NA,Y,NA,Y,NA,D,22,0,0,1,0,0,0,0,0,1,-,-,NA,NA,SAN DIEGO,OCEANSIDE,-117.33101654052734,33.225860595703125
8916602,2019,2019-08-22,3711,2019-07-27,1535,SD7680,NA,6,5,7,3711,0,0,0,NA,0,122,LAMONT ST,ROOSEVELT ST,10,N,N,-,-,N,NA,NA,NA,NA,NA,NA,NA,NA,NA,N,4,0,1,2,A,-,09,21802,B,N,D,C,A,A,H,-,A,D,0,NA,NA,NA,NA,Y,NA,A,01,0,0,1,0,0,0,0,0,0,-,-,NA,NA,SAN DIEGO,SAN DIEGO,-117.23258972167967,32.791786193847656
8916609,2019,2019-08-21,3711,2019-07-28,1639,SD6909,NA,7,5,7,3711,0,0,0,NA,0,232,RANCHO CARMEL DR,PROVENCAL PL,132,S,N,A,-,N,NA,NA,NA,NA,NA,NA,NA,NA,NA,N,3,0,1,1,A,-,08,22107,NA,N,E,I,A,A,H,-,A,A,0,NA,NA,NA,NA,Y,NA,A,01,0,1,0,0,0,0,0,0,0,-,-,NA,NA,SAN DIEGO,SAN DIEGO,-117.08997344970705,32.966434478759766
8919787,2019,2019-08-27,3711,2019-07-27,1236,7486,NA,6,5,7,3711,0,0,0,NA,0,712,EAST SAN YSIDRO BL,LOUISIANA AV,175,S,N,A,-,N,NA,NA,NA,NA,NA,NA,NA,NA,NA,Y,3,0,1,2,A,-,08,22107,NA,N,D,C,A,A,H,-,A,A,0,NA,NA,Y,NA,Y,NA,A,01,0,1,0,0,0,0,0,0,1,-,-,NA,NA,SAN DIEGO,SAN DIEGO,-117.0370864868164,32.55032730102539
8919928,2019,2019-08-22,3705,2019-07-30,1707,EC0324,NA,2,5,5,3705,0,0,0,NA,0,001,CUYAMACA,BRADLEY,0,NA,Y,A,-,N,NA,NA,NA,NA,NA,NA,NA,NA,NA,Y,4,0,4,2,A,-,00,21463,A,N,D,C,A,A,H,-,A,A,0,NA,NA,NA,NA,Y,NA,D,22,0,0,4,0,0,0,0,0,0,-,-,NA,NA,SAN DIEGO,EL CAJON,-116.97965240478516,32.816829681396484
8921373,2019,2019-09-03,3700,2019-07-24,2318,SH7709,NA,3,5,5,3782,0,0,0,NA,0,242,BIRMINGHAM DR,VILLA CARDIFF DR,110,W,N,A,-,N,NA,NA,NA,NA,NA,NA,NA,NA,NA,Y,4,0,1,2,A,-,01,23153,A,N,D,C,A,A,H,-,C,A,0,NA,NA,NA,NA,Y,Y,A,01,0,0,1,0,0,0,0,0,0,-,-,NA,NA,SAN DIEGO,ENCINITAS,-117.27386474609376,33.026554107666016
8921428,2019,2019-09-04,3705,2019-08-12,2053,EC0367,NA,1,5,5,3705,0,0,0,NA,0,002,N 1ST,E MADISON AV,25,S,N,A,-,N,NA,NA,NA,NA,NA,NA,NA,NA,NA,N,2,0,1,2,A,-,03,22350,NA,F,C,C,A,A,H,-,C,A,0,NA,NA,NA,NA,Y,NA,D,22,1,0,0,0,0,0,0,0,0,-,-,NA,NA,SAN DIEGO,EL CAJON,-116.94461059570313,32.800071716308594
8921561,2019,2019-08-29,3711,2019-08-06,0806,SD6834,NA,2,5,7,3711,0,0,0,NA,0,242,BLACK MOUNTAIN RD,WESTVIEW PKWY,922,S,N,A,-,N,NA,NA,NA,NA,NA,NA,NA,NA,NA,Y,2,0,1,1,A,-,08,22107,NA,N,E,I,A,A,H,-,A,D,0,NA,NA,NA,NA,Y,NA,A,07,1,0,0,0,0,0,0,0,0,-,-,NA,NA,SAN DIEGO,SAN DIEGO,-117.12586975097656,32.93071746826172
8924233,2019,2019-09-20,3711,2019-07-21,2500,SD6686,NA,7,5,7,3711,0,0,0,NA,0,231,POWAY RD,SPRINGBROOK DR,949,W,N,A,-,N,NA,NA,NA,NA,NA,NA,NA,NA,NA,N,2,0,1,2,A,-,11,21950,B,N,B,B,E,A,H,-,C,D,0,Y,NA,NA,NA,Y,NA,N,60,1,0,0,0,1,0,0,0,0,-,-,NA,NA,SAN DIEGO,SAN DIEGO,-117.08704376220705,32.94591522216797
8924478,2019,2019-10-28,3711,2019-08-01,0944,SD7620,NA,4,5,7,3711,0,0,0,NA,0,441,OCEAN VIEW BL,MARKETPLACE DR,0,NA,Y,-,-,N,NA,NA,NA,NA,NA,NA,NA,NA,NA,N,4,0,2,2,A,-,12,22450,A,N,-,-,A,-,-,-,-,-,0,NA,NA,NA,NA,Y,NA,A,01,0,0,2,0,0,0,0,0,0,-,-,NA,NA,SAN DIEGO,SAN DIEGO,-117.10088348388672,32.7005500793457
8925253,2019,2019-08-27,3708,2019-07-26,1215,LM8263,NA,5,5,5,3708,0,0,0,NA,0,004,FUERTE DR,GROSSMONT BL,313,N,N,A,-,N,NA,NA,NA,NA,NA,NA,NA,NA,NA,N,3,0,1,2,A,-,03,22350,NA,N,C,G,A,A,H,-,A,D,0,NA,Y,NA,NA,Y,NA,L,04,0,1,0,0,0,0,1,0,0,-,-,NA,NA,SAN DIEGO,LA MESA,-116.99635314941406,32.77815628051758
8925443,2019,2019-09-06,3706,2019-08-11,2344,493,NA,7,5,6,3706,0,0,0,NA,0,054,GRAND AV,ROSE ST,285,E,N,A,-,N,NA,NA,NA,NA,NA,NA,NA,NA,NA,N,3,0,1,4,A,-,08,22107,NA,N,C,E,A,A,H,-,C,A,0,NA,NA,NA,NA,Y,NA,A,01,0,1,0,0,0,0,0,0,0,-,-,33.130859375,-117.05748748779295,SAN DIEGO,ESCONDIDO,-117.0565948486328,33.13113784790039
8925862,2019,2019-08-29,3701,2019-08-12,1216,CB5434,81,1,5,5,3701,0,0,0,NA,0,006,PALOMAR AIRPORT RD,EL CAMINIO REAL,128,E,N,A,-,N,NA,NA,NA,NA,NA,NA,NA,NA,NA,N,4,0,2,2,A,-,03,22350,NA,N,C,C,A,A,H,-,A,D,0,NA,NA,NA,NA,Y,NA,A,01,0,0,2,0,0,0,0,0,0,-,-,33.129608154296875,-117.26605224609376,SAN DIEGO,CARLSBAD,-117.26654815673828,33.129722595214844
8925954,2019,2019-08-29,3711,2019-08-08,1400,SD5450,NA,4,5,7,3711,0,0,0,NA,0,112,GENESEE AV,MOUNT ETNA DR,0,NA,Y,A,-,N,NA,NA,NA,NA,NA,NA,NA,NA,NA,N,4,0,1,2,A,-,12,21453,A,N,D,C,A,A,H,-,A,A,0,NA,NA,NA,NA,Y,NA,A,07,0,0,1,0,0,0,0,0,0,-,-,NA,NA,SAN DIEGO,SAN DIEGO,-117.18305206298828,32.82136154174805
8926721,2019,2019-08-26,3711,2019-08-02,1413,SD8377,NA,5,5,7,3711,0,0,0,NA,0,516,IMPERIAL AV,31ST ST,144,E,N,A,-,N,NA,NA,NA,NA,NA,NA,NA,NA,NA,N,4,0,1,2,A,-,08,22107,NA,N,A,C,A,A,H,-,A,D,0,NA,NA,NA,NA,Y,NA,A,01,0,0,1,0,0,0,0,0,0,-,-,NA,NA,SAN DIEGO,SAN DIEGO,-117.12689971923828,32.706424713134766
8927373,2019,2019-08-30,3700,2019-08-12,2050,SH0320,NA,1,5,5,3713,0,0,0,NA,0,306,SANTA FE AV,W CALIFORNIA AV,0,NA,Y,A,-,N,NA,NA,NA,NA,NA,NA,NA,NA,NA,Y,4,0,1,2,A,-,01,23152,A,N,G,B,B,A,H,-,C,A,0,Y,NA,NA,NA,Y,Y,A,01,0,0,1,0,1,0,0,0,0,-,-,NA,NA,SAN DIEGO,VISTA,-117.24503326416016,33.20746994018555
8928246,2019,2019-09-03,3711,2019-08-10,1800,SD7952,NA,6,5,7,3711,0,0,0,NA,0,121,STRAND WY,STRAND WY 3500,0,NA,Y,A,-,N,NA,NA,NA,NA,NA,NA,NA,NA,NA,N,3,0,1,1,A,-,03,22350,NA,N,H,I,A,A,B,-,A,D,0,NA,NA,Y,NA,Y,Y,C,03,0,1,0,0,0,0,0,0,1,-,-,NA,NA,SAN DIEGO,SAN DIEGO,NA,NA
8928396,2019,2019-09-03,3711,2019-08-10,1205,SD7930,NA,6,5,7,3711,0,0,0,NA,0,243,MIRAMAR RD,CABOT DR,0,NA,Y,A,-,N,NA,NA,NA,NA,NA,NA,NA,NA,NA,Y,4,0,1,3,A,-,12,21453,A,N,A,C,A,A,H,-,A,A,0,NA,NA,NA,NA,Y,NA,A,01,0,0,1,0,0,0,0,0,0,-,-,NA,NA,SAN DIEGO,SAN DIEGO,-117.1427764892578,32.8897819519043
8929608,2019,2019-09-10,3711,2019-08-17,1159,7930,NA,6,5,7,3711,0,0,0,NA,0,243,MIRAMAR RD,HARBOR FREIGHT PARKING LOT,0,NA,-,A,-,N,NA,NA,NA,NA,NA,NA,NA,NA,NA,Y,3,0,3,2,A,-,-,NA,NA,N,A,C,A,A,H,-,A,A,0,NA,NA,NA,NA,Y,NA,-,NA,0,1,2,0,0,0,0,0,0,-,-,NA,NA,SAN DIEGO,SAN DIEGO,NA,NA
8929643,2019,2019-09-19,3711,2019-08-11,2132,SD7042,NA,7,5,7,3711,0,0,0,NA,0,627,UNIVERSITY AV,1ST AV,9,E,N,A,-,N,NA,NA,NA,NA,NA,NA,NA,NA,NA,N,3,0,1,2,A,-,10,21950,A,N,G,B,B,B,H,-,C,A,0,Y,NA,NA,NA,Y,NA,A,01,0,1,0,0,1,0,0,0,0,-,-,NA,NA,SAN DIEGO,SAN DIEGO,-117.16387176513672,32.748268127441406
8929668,2019,2019-09-10,3711,2019-08-13,1758,6345,NA,2,5,7,3711,0,0,0,NA,0,234,POBLADO RD,CARRANZA DR,0,NA,-,A,-,N,NA,NA,NA,NA,NA,NA,NA,NA,NA,N,4,0,1,2,A,-,09,21801,A,N,D,C,A,A,H,-,A,D,0,NA,NA,NA,NA,Y,NA,A,01,0,0,1,0,0,0,0,0,0,-,-,NA,NA,SAN DIEGO,SAN DIEGO,-117.08979034423828,33.03276824951172
8934934,2019,2019-12-07,3706,2019-08-15,0927,342,ESCON,4,5,6,3706,0,0,0,NA,0,041,LINCOLN AV,ASH ST,0,NA,Y,A,-,N,NA,NA,NA,NA,NA,NA,NA,NA,NA,N,3,0,2,2,A,-,09,21801,A,N,A,C,A,A,H,-,A,A,0,NA,NA,NA,NA,Y,NA,A,01,0,1,1,0,0,0,0,0,0,-,-,33.139060974121094,-117.07295989990234,SAN DIEGO,ESCONDIDO,-117.07292938232422,33.1390495300293
8935871,2019,2019-09-19,3702,2019-06-21,0715,CV1105,NA,5,5,6,3702,0,0,0,NA,0,041,LA MEDIA,SANTA VENETIA,0,NA,Y,A,-,N,NA,NA,NA,NA,NA,NA,NA,NA,NA,Y,2,0,1,2,A,-,08,22107,NA,N,B,C,A,A,H,-,A,A,0,NA,NA,NA,NA,Y,NA,A,01,1,0,0,0,0,0,0,0,0,-,-,NA,NA,SAN DIEGO,CHULA VISTA,-116.9845733642578,32.621551513671875
8936051,2019,2020-01-02,3706,2019-08-22,0910,1860,ESCON,4,5,6,3706,0,0,0,NA,0,044,SHERIDAN AV,RIMROCK DR,194,E,N,A,-,N,NA,NA,NA,NA,NA,NA,NA,NA,NA,Y,3,0,1,2,A,-,08,22107,NA,N,A,E,A,A,H,-,A,D,0,NA,NA,NA,NA,Y,NA,A,01,0,1,0,0,0,0,0,0,0,-,-,33.15135955810547,-117.07108306884766,SAN DIEGO,ESCONDIDO,-117.0706787109375,33.15156936645508
8936656,2019,2019-09-27,3711,2019-08-26,2114,SD4310,NA,1,5,7,3711,0,0,0,NA,0,622,MORENA BL,WEST MORENA BL,145,N,N,A,-,N,NA,NA,NA,NA,NA,NA,NA,NA,NA,N,3,0,1,2,A,-,05,21651,B,N,A,C,A,A,H,-,C,D,0,NA,NA,Y,NA,Y,NA,C,03,0,1,0,0,0,0,0,0,1,-,-,NA,NA,SAN DIEGO,SAN DIEGO,-117.20645904541016,32.77490997314453
8936765,2019,2019-09-20,3711,2019-08-25,2230,SD7902,NA,7,5,7,3711,0,0,0,NA,0,721,CORONADO AV,16TH ST,60,E,N,A,-,N,NA,NA,NA,NA,NA,NA,NA,NA,NA,N,4,0,1,2,A,-,03,22350,NA,N,C,C,A,A,H,-,C,D,0,NA,NA,NA,NA,Y,NA,A,01,0,0,1,0,0,0,0,0,0,-,-,NA,NA,SAN DIEGO,SAN DIEGO,-117.09854888916016,32.57650375366211
8937765,2019,2019-09-23,3710,2019-08-29,1505,OC1177,NA,4,5,6,3710,0,0,0,NA,0,027,OCEANSIDE BL,COLLEGE BL,684,W,N,A,-,N,NA,NA,NA,NA,NA,NA,NA,NA,NA,Y,3,0,2,2,A,-,09,21801,A,N,D,C,A,A,H,-,A,D,0,NA,NA,Y,NA,Y,NA,A,07,0,1,1,0,0,0,0,0,1,-,-,NA,NA,SAN DIEGO,OCEANSIDE,-117.28717803955078,33.20673370361328
8941756,2019,2019-10-03,3705,2019-08-26,1853,EC0324,NA,1,5,5,3705,0,0,0,NA,0,003,WASHINGTON,JAMACHA,373,W,N,A,-,N,NA,NA,NA,NA,NA,NA,NA,NA,NA,Y,3,0,1,2,A,-,09,21804,A,F,D,C,A,A,H,-,A,D,0,NA,NA,NA,NA,Y,NA,D,22,0,1,0,0,0,0,0,0,0,-,-,NA,NA,SAN DIEGO,EL CAJON,-116.92936706542967,32.78767013549805
8943869,2019,2019-09-27,3711,2019-04-02,0610,HB5133,NA,2,5,7,3711,0,0,0,NA,0,503,SCOTT ST,SHELTER ISLAND DR,0,NA,Y,A,-,N,NA,NA,NA,NA,NA,NA,NA,NA,NA,Y,4,0,1,2,A,-,12,21453,A,N,D,C,A,A,H,-,A,A,0,NA,NA,NA,NA,Y,NA,A,01,0,0,1,0,0,0,0,0,0,-,-,NA,NA,SAN DIEGO,SAN DIEGO,-117.22992706298828,32.72195053100586
8943989,2019,2019-10-01,3711,2019-09-11,1623,SD6365,NA,3,5,7,3711,0,0,0,NA,0,611,PACIFIC HWY,SPORTS ARENA BL,0,NA,Y,A,-,N,NA,NA,NA,NA,NA,NA,NA,NA,NA,N,4,0,1,2,A,-,04,21703,NA,N,C,C,A,A,H,-,A,D,0,NA,NA,NA,NA,Y,NA,A,01,0,0,1,0,0,0,0,0,0,-,-,NA,NA,SAN DIEGO,SAN DIEGO,-117.19766998291016,32.7470817565918
8944717,2019,2019-10-23,3711,2019-09-01,0235,SD7873,NA,7,5,7,3711,0,0,0,NA,0,512,NATIONAL AV,31ST ST,0,NA,-,A,-,N,NA,NA,NA,NA,NA,NA,NA,NA,NA,N,4,0,1,2,A,-,17,22109,NA,M,E,I,A,A,H,-,C,A,0,NA,NA,NA,NA,Y,NA,-,NA,0,0,1,0,0,0,0,0,0,-,-,NA,NA,SAN DIEGO,SAN DIEGO,-117.12728881835938,32.69596862792969
8945676,2019,2019-10-02,3711,2019-05-05,1529,6800,NA,7,5,7,3711,0,0,0,NA,0,611,SPORTS ARENA BL,ROSECRANS ST,528,W,N,A,-,N,NA,NA,NA,NA,NA,NA,NA,NA,NA,N,3,0,2,2,A,-,09,21801,A,N,D,C,A,A,H,-,A,D,0,NA,NA,NA,NA,Y,NA,A,01,0,1,1,0,0,0,0,0,0,-,-,NA,NA,SAN DIEGO,SAN DIEGO,-117.20641326904295,32.752201080322266
8946590,2019,2019-10-02,3711,2019-04-21,1919,SD4656,NA,7,5,7,3711,0,0,0,NA,0,311,AERO DR,DALEY CENTER DR,0,NA,Y,A,-,N,NA,NA,NA,NA,NA,NA,NA,NA,NA,N,3,0,3,2,A,-,12,21453,A,N,D,C,A,A,H,-,B,A,0,NA,NA,NA,NA,Y,NA,A,01,0,1,2,0,0,0,0,0,0,-,-,NA,NA,SAN DIEGO,SAN DIEGO,-117.11895751953124,32.80867004394531
8946936,2019,2019-10-04,3700,2019-09-22,1942,SH3913,NA,7,5,5,3712,0,0,0,NA,0,349,SOUTH RANCHO SANTA FE RD,MELROSE DR,0,NA,Y,A,-,N,NA,NA,NA,NA,NA,NA,NA,NA,NA,Y,3,0,2,2,A,-,01,23152,A,N,D,C,A,A,H,-,C,A,0,NA,NA,NA,NA,Y,Y,A,01,0,1,1,0,0,0,0,0,0,-,-,NA,NA,SAN DIEGO,SAN MARCOS,-117.22557830810548,33.107181549072266
8947100,2019,2019-10-03,3711,2019-09-10,0900,SD7925,NA,2,5,7,3711,0,0,0,NA,0,813,LINCOLN AV,HAMILTON ST,0,NA,Y,B,-,N,NA,NA,NA,NA,NA,NA,NA,NA,NA,N,3,0,1,2,A,-,09,21804,A,N,D,C,A,A,H,-,A,A,0,NA,NA,NA,NA,Y,Y,A,01,0,1,0,0,0,0,0,0,0,-,-,NA,NA,SAN DIEGO,SAN DIEGO,-117.13633728027344,32.750301361083984
8950176,2019,2019-10-08,3711,2019-09-11,1607,6144,NA,3,5,7,3711,0,0,0,NA,0,712,BEYER BL,PRECISION PARK LN,180,S,N,A,-,N,NA,NA,NA,NA,NA,NA,NA,NA,NA,N,4,0,3,2,A,-,08,22107,NA,N,D,C,A,A,H,-,A,D,0,NA,NA,NA,NA,Y,NA,A,01,0,0,3,0,0,0,0,0,0,-,-,NA,NA,SAN DIEGO,SAN DIEGO,-117.05955505371094,32.56517028808594
8950220,2019,2019-10-16,3711,2019-09-02,1000,5589,NA,1,5,7,3711,0,0,0,NA,0,124,LA JOLLA PKWY,HIDDEN VALLEY RD,0,NA,Y,A,-,N,NA,NA,NA,NA,NA,NA,NA,NA,NA,N,4,0,1,2,A,-,03,22350,NA,N,C,C,A,A,H,-,A,A,0,NA,NA,NA,NA,Y,NA,A,01,0,0,1,0,0,0,0,0,0,-,-,NA,NA,SAN DIEGO,SAN DIEGO,-117.25161743164063,32.850040435791016
8950321,2019,2019-10-18,3700,2019-09-16,0622,SH0332,NA,1,5,5,3713,0,0,0,NA,0,317,SYCAMORE AV,BUSINESS PARK DR,0,NA,Y,A,-,N,NA,NA,NA,NA,NA,NA,NA,NA,NA,Y,4,0,2,2,A,-,12,21453,A,N,A,C,A,A,H,-,A,A,0,NA,NA,NA,NA,Y,NA,A,07,0,0,2,0,0,0,0,0,0,-,-,NA,NA,SAN DIEGO,VISTA,-117.23312377929688,33.14813995361328
8950793,2019,2019-10-17,3702,2019-09-10,2028,CV1038,NA,2,5,6,3702,0,0,0,NA,0,013,H ST,3RD AV,421,E,N,A,-,N,NA,NA,NA,NA,NA,NA,NA,NA,NA,Y,3,0,1,2,A,-,03,22350,NA,N,B,E,A,A,H,-,C,D,0,NA,NA,NA,NA,Y,NA,D,22,0,1,0,0,0,0,0,0,0,-,-,NA,NA,SAN DIEGO,CHULA VISTA,-117.07593536376952,32.634765625
8951186,2019,2019-11-06,3701,2019-09-13,1247,CB5499,NA,5,5,5,3701,0,0,0,NA,0,005,FARADAY AV,COLLEGE BL,10,E,N,A,-,N,NA,NA,NA,NA,NA,NA,NA,NA,NA,NA,4,0,1,2,A,-,10,21950,A,N,G,B,B,A,H,-,A,A,0,Y,NA,NA,NA,Y,NA,A,08,0,0,1,0,1,0,0,0,0,-,-,NA,NA,SAN DIEGO,CARLSBAD,-117.28598022460938,33.13547134399414
8953037,2019,2019-10-17,3702,2019-09-09,1326,CV1275,NA,1,5,6,3702,0,0,0,NA,0,014,E ST,GLOVER AV,4,E,N,A,-,N,NA,NA,NA,NA,NA,NA,NA,NA,NA,N,4,0,1,1,A,-,03,22350,NA,N,E,G,A,A,H,-,A,A,0,NA,Y,NA,NA,Y,NA,L,04,0,0,1,0,0,0,1,0,0,-,-,NA,NA,SAN DIEGO,CHULA VISTA,-117.0842514038086,32.643924713134766
8953060,2019,2019-10-18,3702,2019-09-25,0753,CV1268,NA,3,5,6,3702,0,0,0,NA,0,023,TELEGRAPH CANYON RD,PASEO DEL REY,179,W,N,A,-,N,NA,NA,NA,NA,NA,NA,NA,NA,NA,N,3,0,1,4,A,-,03,22350,NA,N,C,C,A,A,H,-,A,A,0,NA,NA,NA,NA,Y,NA,A,08,0,1,0,0,0,0,0,0,0,-,-,NA,NA,SAN DIEGO,CHULA VISTA,-117.03482055664063,32.62770462036133
8953518,2019,2019-10-23,3711,2019-09-19,1434,SD8861,NA,4,5,7,3711,0,0,0,NA,0,523,5TH AV,K ST,22,W,N,A,-,N,NA,NA,NA,NA,NA,NA,NA,NA,NA,N,3,0,1,2,A,-,10,21950,A,N,G,B,B,A,H,-,A,A,0,Y,NA,NA,NA,Y,NA,A,01,0,1,0,0,1,0,0,0,0,-,-,NA,NA,SAN DIEGO,SAN DIEGO,-117.16008758544922,32.70832824707031
8953806,2019,2019-10-28,3709,2019-09-17,0550,NC0448,NA,2,5,5,3709,0,0,0,NA,0,024,TIDELANDS AV,TIDELANDS AV 1800,56,N,N,A,-,N,NA,NA,NA,NA,NA,NA,NA,NA,NA,N,4,0,1,2,A,-,08,22107,NA,N,H,A,A,A,H,-,C,A,0,NA,Y,NA,Y,Y,NA,F,26,0,0,1,0,0,0,1,0,0,-,-,NA,NA,SAN DIEGO,NATIONAL CITY,NA,NA
8953946,2019,2019-10-18,3709,2019-09-27,0739,NC0490,NA,5,5,5,3709,0,0,0,NA,0,020,EAST 18TH ST,E 18TH ST 700,0,NA,-,A,-,N,NA,NA,NA,NA,NA,NA,NA,NA,NA,N,4,0,1,2,A,-,08,22107,NA,N,D,G,A,A,H,-,A,D,0,NA,Y,NA,NA,Y,NA,A,01,0,0,1,0,0,0,1,0,0,-,-,NA,NA,SAN DIEGO,NATIONAL CITY,-117.096373,32.669195
8954069,2019,2019-10-15,3711,2019-09-14,1032,SD6391,NA,6,5,7,3711,0,0,0,NA,0,233,CARMEL MOUNTAIN RD,RANCHO PENASQUITOS BL,0,NA,Y,A,-,N,NA,NA,NA,NA,NA,NA,NA,NA,NA,N,4,0,1,2,A,-,03,22350,NA,N,D,C,A,A,H,-,A,D,0,NA,NA,NA,NA,Y,NA,A,01,0,0,1,0,0,0,0,0,0,-,-,NA,NA,SAN DIEGO,SAN DIEGO,-117.11540985107422,32.9594612121582
8955096,2019,2019-10-21,3711,2019-09-14,2130,SD7847,NA,6,5,7,3711,0,0,0,NA,0,934,DEL MAR HEIGHTS RD,ASHLEY FALLS DR,0,NA,Y,A,-,N,NA,NA,NA,NA,NA,NA,NA,NA,NA,N,3,0,1,2,A,-,03,22350,NA,N,C,C,A,A,H,-,C,A,0,NA,NA,NA,NA,Y,Y,A,01,0,1,0,0,0,0,0,0,0,-,-,NA,NA,SAN DIEGO,SAN DIEGO,-117.20932769775392,32.959041595458984
8956370,2019,2019-12-14,3706,2019-10-03,1900,1852,ESCON,4,5,6,3706,0,0,0,NA,0,051,ESCONDIDO BL,FELICITA AV,587,S,N,A,-,N,NA,NA,NA,NA,NA,NA,NA,NA,NA,N,3,0,1,2,A,-,10,21950,A,N,G,B,F,A,H,-,D,D,0,Y,NA,NA,NA,Y,NA,A,01,0,1,0,0,1,0,0,0,0,-,-,33.104408264160156,-117.07360076904295,SAN DIEGO,ESCONDIDO,-117.0721435546875,33.10329055786133