CASE_ID,ACCIDENT_YEAR,PROC_DATE,JURIS,COLLISION_DATE,COLLISION_TIME,OFFICER_ID,REPORTING_DISTRICT,DAY_OF_WEEK,CHP_SHIFT,POPULATION,CNTY_CITY_LOC,SPECIAL_COND,BEAT_TYPE,CHP_BEAT_TYPE,CITY_DIVISION_LAPD,CHP_BEAT_CLASS,BEAT_NUMBER,PRIMARY_RD,SECONDARY_RD,DISTANCE,DIRECTION,INTERSECTION,WEATHER_1,WEATHER_2,STATE_HWY_IND,CALTRANS_COUNTY,CALTRANS_DISTRICT,STATE_ROUTE,ROUTE_SUFFIX,POSTMILE_PREFIX,POSTMILE,LOCATION_TYPE,RAMP_INTERSECTION,SIDE_OF_HWY,TOW_AWAY,COLLISION_SEVERITY,NUMBER_KILLED,NUMBER_INJURED,PARTY_COUNT,PRIMARY_COLL_FACTOR,PCF_CODE_OF_VIOL,PCF_VIOL_CATEGORY,PCF_VIOLATION,PCF_VIOL_SUBSECTION,HIT_AND_RUN,TYPE_OF_COLLISION,MVIW,PED_ACTION,ROAD_SURFACE,ROAD_COND_1,ROAD_COND_2,LIGHTING,CONTROL_DEVICE,CHP_ROAD_TYPE,PEDESTRIAN_ACCIDENT,BICYCLE_ACCIDENT,MOTORCYCLE_ACCIDENT,TRUCK_ACCIDENT,NOT_PRIVATE_PROPERTY,ALCOHOL_INVOLVED,STWD_VEHTYPE_AT_FAULT,CHP_VEHTYPE_AT_FAULT,COUNT_SEVERE_INJ,COUNT_VISIBLE_INJ,COUNT_COMPLAINT_PAIN,COUNT_PED_KILLED,COUNT_PED_INJURED,COUNT_BICYCLIST_KILLED,COUNT_BICYCLIST_INJURED,COUNT_MC_KILLED,COUNT_MC_INJURED,PRIMARY_RAMP,SECONDARY_RAMP,LATITUDE,LONGITUDE,COUNTY,CITY,POINT_X,POINT_Y
90150488,2016,2016-04-04,9645,2016-02-21,2355,020265,NA,7,3,7,3711,0,1,3,NA,2,006,SR-94 E/B,30TH ST. O/C,100,E,N,A,-,Y,NA,NA,94,NA,NA,NA,NA,NA,E,Y,4,0,1,2,A,-,03,22350,NA,N,C,C,A,A,H,-,C,D,0,NA,NA,NA,NA,Y,Y,A,01,0,0,1,0,0,0,0,0,0,-,-,32.71373,-117.12935,SAN DIEGO,SAN DIEGO,-117.1293308,32.71363517
90151290,2016,2016-04-05,9645,2016-02-25,1835,019344,NA,4,2,7,3711,0,1,3,NA,2,025,I-15 S/B,FRIARS ROAD O/C,150,N,N,A,-,Y,NA,NA,15,NA,NA,NA,NA,NA,S,Y,3,0,2,4,A,-,03,22350,NA,N,C,C,A,A,H,-,C,D,0,NA,NA,NA,NA,Y,NA,A,07,0,1,1,0,0,0,0,0,0,-,-,32.7894,-117.1133,SAN DIEGO,SAN DIEGO,-117.11368181,32.7895582
90152932,2016,2016-04-07,9680,2016-03-26,1855,018104,NA,6,2,5,3705,0,1,1,NA,2,082,I-8 W/B,MOLLISON AVE,528,W,N,A,-,N,NA,NA,8,NA,NA,NA,NA,NA,W,Y,4,0,1,2,A,-,03,22350,NA,N,C,C,A,A,H,-,A,D,0,NA,NA,NA,NA,Y,NA,A,01,0,0,1,0,0,0,0,0,0,-,-,32.80326,-116.95586,SAN DIEGO,EL CAJON,-116.95585878,32.80314104
90153156,2016,2016-04-07,9680,2016-03-27,2015,017928,NA,7,2,9,3700,0,1,3,NA,1,090,SR-67 (MAIN ST),DAY ST,0,NA,Y,B,-,Y,NA,NA,67,NA,NA,NA,NA,NA,NA,Y,3,0,1,2,A,-,01,23152,A,M,D,C,A,A,H,-,C,A,0,NA,NA,NA,NA,Y,Y,A,01,0,1,0,0,0,0,0,0,0,-,-,33.03537,-116.88024,SAN DIEGO,UNINCORPORATED,-116.880272,33.03540925
90153522,2016,2016-04-08,9645,2016-03-17,0748,016047,NA,4,1,7,3711,0,1,1,NA,2,003,I-5 NORTHBOUND,BALBOA AVENUE,1056,S,N,B,-,Y,NA,NA,5,NA,NA,NA,NA,NA,N,Y,3,0,1,2,A,-,07,21658,A,N,B,C,A,A,H,-,A,D,0,NA,NA,Y,NA,Y,NA,A,01,0,1,0,0,0,0,0,0,1,-,-,32.80339,-117.21314,SAN DIEGO,SAN DIEGO,-117.21311612,32.80340519
90153672,2016,2016-05-02,9645,2016-04-02,1800,019344,NA,6,2,7,3711,0,1,1,NA,2,001,I-5 S/B TO SR-905 E/B,I-5 U/C,150,E,N,A,-,Y,NA,NA,5,NA,NA,NA,R,NA,S,Y,3,0,5,2,A,-,03,22350,NA,N,C,C,A,A,C,-,A,D,0,NA,NA,NA,NA,Y,NA,A,07,0,3,2,0,0,0,0,0,0,-,-,32.5658,-117.0723,SAN DIEGO,SAN DIEGO,-117.0723,32.5658
90153908,2016,2016-04-08,9645,2016-03-31,2355,015698,NA,4,3,7,3711,0,1,1,NA,2,021,SR-15 N/B,UNIVERSITY AVE. O/C,243,S,N,B,-,Y,NA,NA,15,NA,NA,NA,NA,NA,N,Y,3,0,1,2,A,-,01,23152,A,N,E,J,A,A,D,-,D,A,0,NA,NA,NA,NA,Y,Y,D,22,0,1,0,0,0,0,0,0,0,-,-,32.74866,-117.10867,SAN DIEGO,SAN DIEGO,-117.10858554000001,32.74866065
90153919,2016,2016-04-08,9645,2016-04-02,1510,017498,NA,6,2,7,3711,0,1,1,NA,2,015,I-805 SOUTHBOUND,NOBEL DR O/C,1056,S,N,A,-,Y,NA,NA,805,NA,NA,NA,NA,NA,S,N,4,0,2,3,A,-,03,22350,NA,N,C,C,A,A,H,-,A,D,0,NA,NA,NA,NA,Y,NA,A,01,0,0,2,0,0,0,0,0,0,-,-,32.86849,-117.19403,SAN DIEGO,SAN DIEGO,-117.19393876,32.86858042
90154031,2016,2016-04-11,9650,2016-04-02,1450,019227,NA,6,2,9,3700,0,3,5,NA,1,212,LILAC RD.,HIDEAWAY LAKE RD,315,W,N,A,-,N,NA,NA,NA,NA,NA,NA,NA,NA,NA,Y,4,0,3,2,A,-,03,22350,NA,N,C,C,A,A,H,-,A,D,0,NA,NA,NA,NA,Y,NA,A,01,0,0,3,0,0,0,0,0,0,-,-,33.23653,-117.05163,SAN DIEGO,UNINCORPORATED,-117.05174643,33.23649963
90154131,2016,2016-04-11,9650,2016-04-05,1618,015446,NA,2,2,6,3706,0,1,1,NA,2,023,I-15 FWY NORTHBOUND,VALLEY PARKWAY U/C,800,S,N,A,-,Y,NA,NA,15,NA,NA,NA,NA,NA,N,N,4,0,1,4,A,-,03,22350,NA,N,C,C,A,A,H,-,A,D,0,NA,NA,NA,NA,Y,NA,D,22,0,0,1,0,0,0,0,0,0,-,-,33.11361,-117.09776,SAN DIEGO,ESCONDIDO,-117.09777708,33.11359975
90154210,2016,2016-04-11,9645,2016-03-31,1700,016594,NA,4,2,9,3700,0,1,3,NA,2,008,SR-54 E/B FROM BRIARWOOD ROAD,BRIARWOOD ROAD,200,E,N,A,-,Y,NA,NA,54,NA,NA,NA,R,NA,E,Y,4,0,1,2,A,-,03,22350,NA,N,C,C,A,A,H,-,A,A,0,NA,NA,NA,NA,Y,NA,A,01,0,0,1,0,0,0,0,0,0,-,-,32.68297,-117.02768,SAN DIEGO,UNINCORPORATED,-117.02768,32.68297
9015433,2019,2020-02-13,3700,2019-12-06,0822,SH2659,NA,5,5,5,3712,0,0,0,NA,0,350,KNOLL RD,WEST SAN MARCOS BL,200,N,N,A,-,N,NA,NA,NA,NA,NA,NA,NA,NA,NA,Y,3,0,2,2,A,-,12,21453,A,N,D,C,A,A,H,-,A,A,0,NA,NA,NA,NA,Y,NA,A,01,0,1,1,0,0,0,0,0,0,-,-,NA,NA,SAN DIEGO,SAN MARCOS,-117.17445373535156,33.13908767700195
90157658,2016,2016-04-14,9645,2016-04-07,1039,016474,NA,4,1,7,3711,0,1,1,NA,2,003,I-5 NORTHBOUND,GRAPE STREET,300,S,N,C,-,Y,NA,NA,5,NA,NA,NA,NA,NA,N,Y,3,0,1,2,A,-,21,22106,NA,N,C,C,A,B,H,-,A,D,0,NA,NA,NA,NA,Y,NA,A,01,0,1,0,0,0,0,0,0,0,-,-,32.73529,-117.17465,SAN DIEGO,SAN DIEGO,-117.17466672,32.7352756
90157694,2016,2016-04-14,9645,2016-04-07,0943,013383,NA,4,1,7,3711,0,1,1,NA,2,019,I-15 S/B,CARMEL MOUNTAIN RD.,150,N,N,B,C,Y,NA,NA,15,NA,NA,NA,NA,NA,S,N,4,0,2,2,A,-,03,22350,NA,N,C,C,A,B,H,-,A,D,0,NA,NA,NA,NA,Y,NA,D,22,0,0,2,0,0,0,0,0,0,-,-,32.97947,-117.08626,SAN DIEGO,SAN DIEGO,-117.08627531,32.97947963
90158452,2016,2016-04-15,9680,2016-04-06,2020,016173,NA,3,2,9,3700,0,2,4,NA,1,012,SR-67 S/B,MAPLEVIEW ST,0,NA,Y,A,-,Y,NA,NA,67,NA,NA,NA,NA,NA,S,Y,4,0,1,2,A,-,12,21453,A,N,D,C,A,A,H,-,C,A,0,NA,NA,NA,NA,Y,NA,A,01,0,0,1,0,0,0,0,0,0,-,-,32.8629,-116.923,SAN DIEGO,UNINCORPORATED,-116.92302584,32.86291176
90159896,2016,2016-04-18,9680,2016-04-05,1506,016981,NA,2,2,4,3720,0,1,3,NA,2,027,SR-94 E/B,COLLEGE AVE,2112,W,N,A,-,Y,NA,NA,94,NA,NA,NA,NA,NA,E,Y,2,0,1,3,A,-,03,22350,NA,N,C,C,A,A,H,-,A,D,0,NA,NA,NA,NA,Y,NA,A,01,1,0,0,0,0,0,0,0,0,-,-,32.73718,-117.05526,SAN DIEGO,LEMON GROVE,-117.05536766,32.73727559
90160810,2016,2016-04-19,9680,2016-04-08,0718,015708,NA,5,1,9,3700,0,3,5,NA,2,009,OLD JULIAN HIGHWAY,STARLIGHT MOUNTAIN ROAD,298,W,N,B,C,N,NA,NA,NA,NA,NA,NA,NA,NA,NA,Y,4,0,1,1,A,-,03,22350,NA,N,E,I,A,B,H,-,A,A,0,NA,NA,NA,NA,Y,NA,D,22,0,0,1,0,0,0,0,0,0,-,-,33.0411,-116.82415,SAN DIEGO,UNINCORPORATED,-116.824214,33.04112
90161018,2016,2016-04-19,9645,2016-03-30,0601,016409,NA,3,1,5,3709,0,1,1,NA,2,009,I-805 N/B,8TH STREET,325,S,N,B,-,Y,NA,NA,805,NA,NA,NA,NA,NA,N,Y,3,0,1,2,A,-,03,22350,NA,N,C,C,A,B,H,-,C,D,0,NA,NA,Y,NA,Y,NA,C,02,0,1,0,0,0,0,0,0,1,-,-,32.68067,-117.0862,SAN DIEGO,NATIONAL CITY,-117.08623673,32.68065203
90162451,2016,2016-04-21,9680,2016-04-11,1200,017996,NA,1,1,9,3700,0,2,4,NA,1,026,JAMACHA BOULEVARD,PARAISO AVENUE,50,W,N,B,-,N,NA,NA,NA,NA,NA,NA,NA,NA,NA,N,3,0,1,2,A,-,07,21658,A,N,H,G,A,A,H,-,A,D,0,NA,Y,NA,NA,Y,NA,L,04,0,1,0,0,0,0,1,0,0,-,-,32.70782,-116.99655,SAN DIEGO,UNINCORPORATED,-116.99639191,32.70782379
90162533,2016,2016-04-21,9645,2016-03-27,2004,020541,NA,7,2,7,3711,0,1,1,NA,2,009,I-805 S/B TO PALM AVE,PALM AVE,65,N,N,A,-,Y,NA,NA,805,NA,NA,NA,R,NA,S,N,4,0,1,2,A,-,03,22350,NA,N,C,C,A,A,H,-,D,A,0,NA,NA,NA,NA,Y,NA,A,01,0,0,1,0,0,0,0,0,0,-,-,32.58423,-117.03806,SAN DIEGO,SAN DIEGO,-117.03806,32.58423
90162866,2016,2016-04-21,9680,2016-04-12,1235,017996,NA,2,1,9,3700,0,3,5,NA,2,002,FAIRWAY DRIVE,CENTRAL AVENUE,451,W,N,A,-,N,NA,NA,NA,NA,NA,NA,NA,NA,NA,N,2,0,1,1,A,-,01,23152,A,N,E,I,A,A,H,-,A,D,0,NA,NA,Y,NA,Y,Y,C,02,1,0,0,0,0,0,0,0,1,-,-,32.74159,-117.01091,SAN DIEGO,UNINCORPORATED,-117.01091728,32.74152616
90163195,2016,2016-04-22,9645,2016-03-12,1125,014922,NA,6,1,7,3711,0,1,3,NA,2,006,SR-94 WESTBOUND,SR-15 NORTHBOUND,100,W,N,A,-,Y,NA,NA,94,NA,NA,NA,NA,NA,W,N,4,0,2,2,A,-,07,21658,A,N,B,C,A,A,H,-,A,D,0,NA,NA,NA,NA,Y,NA,A,01,0,0,2,0,0,0,0,0,0,-,-,32.71725,-117.11836,SAN DIEGO,SAN DIEGO,-117.11832691,32.71705318
90163749,2016,2016-04-22,9680,2016-04-14,1755,016598,NA,4,2,9,3700,0,1,3,NA,2,027,STATE ROUTE 125 S/B FROM JAMACHA ROAD,JAMACHA ROAD,625,S,N,A,-,Y,NA,NA,125,NA,NA,NA,R,NA,S,N,4,0,1,2,A,-,03,22350,NA,F,C,C,A,A,H,-,A,A,0,NA,NA,NA,NA,Y,NA,A,07,0,0,1,0,0,0,0,0,0,-,-,32.71274,-117.01468,SAN DIEGO,UNINCORPORATED,-117.01468,32.71274
90164014,2016,2016-04-25,9650,2016-04-08,2040,018321,NA,5,2,9,3700,0,3,5,NA,2,006,S. MISSION RD,CLEMMENS LN,0,NA,Y,B,-,N,NA,NA,NA,NA,NA,NA,NA,NA,NA,Y,4,0,1,2,A,-,01,23152,A,N,A,C,A,A,H,-,C,A,0,NA,NA,NA,NA,Y,Y,A,01,0,0,1,0,0,0,0,0,0,-,-,33.36932,-117.25126,SAN DIEGO,UNINCORPORATED,-117.25104005,33.36933006
9016664,2020,2020-02-24,3711,2020-01-25,1714,SD7840,NA,6,5,7,3711,0,0,0,NA,0,813,ILLINOIS ST,UNIVERSITY AV,0,NA,Y,A,-,N,NA,NA,NA,NA,NA,NA,NA,NA,NA,N,4,0,1,2,A,-,10,21950,A,N,G,B,B,A,H,-,B,A,0,Y,NA,NA,NA,Y,NA,A,01,0,0,1,0,1,0,0,0,0,-,-,NA,NA,SAN DIEGO,SAN DIEGO,-117.1277313232422,32.74848937988281
9016676,2020,2020-02-24,3711,2020-01-24,2245,SD6146,NA,5,5,7,3711,0,0,0,NA,0,436,WOODMAN ST,BENSON AV,184,N,N,E,-,N,NA,NA,NA,NA,NA,NA,NA,NA,NA,Y,3,0,1,3,A,-,03,22350,NA,N,E,I,A,A,H,-,C,D,0,NA,NA,NA,NA,Y,NA,A,01,0,1,0,0,0,0,0,0,0,-,-,NA,NA,SAN DIEGO,SAN DIEGO,-117.05535888671876,32.70553207397461
90167655,2016,2016-04-28,9645,2016-04-20,0910,014922,NA,3,1,7,3711,0,1,1,NA,2,009,I-805 NORTHBOUND,OCENAVIEW BLVD. O/C,50,S,N,A,-,Y,NA,NA,NA,NA,NA,NA,NA,NA,NA,Y,4,0,1,4,A,-,03,22350,NA,N,C,C,A,A,H,-,A,D,0,NA,NA,NA,NA,Y,NA,A,01,0,0,1,0,0,0,0,0,0,-,-,NA,NA,SAN DIEGO,SAN DIEGO,NA,NA
90167692,2016,2016-04-28,9645,2016-04-25,1535,017953,NA,1,2,7,3711,0,1,1,NA,2,007,I-5 N/B,SAN DIEGUITO RIVER BRIDGE,200,N,N,B,-,Y,NA,NA,5,NA,NA,NA,NA,NA,N,Y,4,0,1,3,A,-,03,22350,NA,N,C,C,A,A,H,-,A,D,0,NA,NA,NA,NA,Y,Y,A,01,0,0,1,0,0,0,0,0,0,-,-,32.97211,-117.24999,SAN DIEGO,SAN DIEGO,-117.25002314,32.97209736
90170140,2016,2016-05-02,9645,2016-03-24,1350,019729,NA,4,1,7,3711,0,1,1,NA,2,003,I-5 S/B,PARK BLVD,2112,S,N,A,-,Y,NA,NA,5,NA,NA,NA,NA,NA,S,Y,4,0,1,2,A,-,03,22350,NA,N,C,C,A,A,H,-,A,A,0,NA,NA,NA,NA,Y,NA,A,01,0,0,1,0,0,0,0,0,0,-,-,32.72092,-117.14858,SAN DIEGO,SAN DIEGO,-117.14855785,32.72092939
90171834,2016,2016-05-03,9645,2016-04-25,1615,017524,NA,1,2,7,3711,0,1,1,NA,2,021,SR-15 SB,MARKET ST. U/C,60,N,N,B,-,Y,NA,NA,NA,NA,NA,NA,NA,NA,NA,N,4,0,1,3,A,-,07,21658,A,N,B,C,A,A,H,-,A,D,0,NA,NA,NA,NA,Y,NA,D,22,0,0,1,0,0,0,0,0,0,-,-,32.71132,-117.12012,SAN DIEGO,SAN DIEGO,-117.11898,32.7117
90172886,2016,2016-05-04,9680,2016-04-22,2038,015972,NA,5,2,9,3700,0,1,3,NA,1,040,SR-79,LOS TERRINITOS ROAD,8,S,N,A,-,N,NA,NA,79,NA,NA,NA,NA,NA,NA,Y,3,0,1,1,A,-,08,22107,NA,N,E,I,A,A,H,-,D,A,0,NA,NA,NA,NA,Y,NA,A,01,0,1,0,0,0,0,0,0,0,-,-,32.83504,-116.62165,SAN DIEGO,UNINCORPORATED,-116.62156082,32.83493382
9017388,2020,2020-06-04,3711,2020-02-01,1353,SD7711,NA,6,5,7,3711,0,0,0,NA,0,432,IMPERIAL AV,SAN JACINTO RD,0,NA,Y,A,-,N,NA,NA,NA,NA,NA,NA,NA,NA,NA,N,4,0,1,2,A,-,12,21453,A,N,D,C,A,A,H,-,A,A,0,NA,NA,NA,NA,Y,NA,A,01,0,0,1,0,0,0,0,0,0,-,-,NA,NA,SAN DIEGO,SAN DIEGO,-117.08264923095705,32.70563888549805
90174058,2016,2016-05-06,9650,2016-04-26,2120,015868,NA,2,2,9,3700,0,1,1,NA,2,003,INTERSTATE 5 (N/B),PHILLIPS ST,3168,N,N,A,-,Y,NA,NA,5,NA,NA,NA,NA,NA,NA,Y,4,0,1,1,A,-,01,23152,A,N,E,I,A,A,H,-,D,D,0,NA,NA,NA,NA,Y,Y,D,22,0,0,1,0,0,0,0,0,0,-,-,33.26328,-117.43036,SAN DIEGO,UNINCORPORATED,-117.43042887,33.26322675
90174805,2016,2016-05-09,9650,2016-05-04,0700,013570,NA,3,1,6,3706,0,1,1,NA,2,023,I-15 S/B,VIA RANCHO PKY,100,N,N,B,-,Y,NA,NA,NA,NA,NA,NA,NA,NA,NA,N,4,0,1,2,A,-,03,22350,NA,N,C,C,A,A,H,-,A,D,0,NA,NA,NA,NA,Y,NA,A,01,0,0,1,0,0,0,0,0,0,-,-,NA,NA,SAN DIEGO,ESCONDIDO,-117.06974044,33.06966176
90174892,2016,2016-05-09,9650,2016-05-01,1130,014615,NA,7,1,9,3700,0,1,1,NA,2,001,I-5 N/B,CRISTIANITOS RD,300,S,N,A,-,Y,NA,NA,NA,NA,NA,NA,NA,NA,NA,Y,4,0,1,3,A,-,03,22350,NA,N,C,C,A,A,H,-,A,D,0,NA,NA,NA,NA,Y,NA,D,22,0,0,1,0,0,0,0,0,0,-,-,NA,NA,SAN DIEGO,UNINCORPORATED,-117.59241973,33.39465295
90178383,2016,2016-05-12,9650,2016-04-26,1430,015373,NA,2,2,9,3700,0,2,4,NA,1,027,VALLEY CENTER ROAD,WOODS VALLEY ROAD,200,S,N,A,-,N,NA,NA,NA,NA,NA,NA,NA,NA,NA,N,4,0,1,2,A,-,03,22350,NA,N,C,C,A,A,H,-,A,A,0,NA,NA,NA,NA,Y,NA,D,22,0,0,1,0,0,0,0,0,0,-,-,33.20561,-117.03317,SAN DIEGO,UNINCORPORATED,-117.03313897,33.20535342
90179259,2016,2016-05-16,9650,2016-05-08,0443,018296,NA,7,3,9,3700,0,1,1,NA,2,003,I-5 S/B,COCKLEBURR RD,2640,S,N,A,-,Y,NA,NA,5,NA,NA,NA,NA,NA,S,Y,4,0,1,1,A,-,01,23152,A,N,E,I,A,A,H,-,D,D,0,NA,NA,NA,NA,Y,Y,A,01,0,0,1,0,0,0,0,0,0,-,-,33.24746,-117.41825,SAN DIEGO,UNINCORPORATED,-117.41832708,33.24741267
90180578,2016,2016-05-17,9650,2016-05-14,1448,016516,NA,6,2,9,3700,0,1,1,NA,2,003,I-5 S/B,COCKLEBURR,600,N,N,B,-,Y,NA,NA,5,NA,NA,NA,NA,NA,S,Y,4,0,1,2,A,-,03,22350,NA,N,C,C,A,A,H,-,A,D,0,NA,NA,NA,NA,Y,NA,A,01,0,0,1,0,0,0,0,0,0,-,-,33.25523,-117.42441,SAN DIEGO,UNINCORPORATED,-117.42443612,33.2552093
90180611,2016,2016-05-17,9645,2016-05-04,1805,017498,NA,3,2,7,3711,0,1,3,NA,2,023,SR-163 NORTHBOUND BYPASS,FRIARS RD O/C,1584,S,N,A,-,Y,NA,NA,163,NA,NA,NA,NA,NA,N,Y,3,0,1,2,A,-,07,21658,A,N,B,C,A,A,H,-,A,D,0,NA,NA,Y,NA,Y,NA,A,08,0,1,0,0,0,0,0,0,1,-,-,32.76905,-117.1615,SAN DIEGO,SAN DIEGO,-117.16188619,32.76917076
90184344,2016,2016-05-23,9645,2016-05-14,2205,020165,NA,6,3,7,3711,0,1,1,NA,2,009,I-805 S/B TO IMPERIAL AVENUE,IMPERIAL AVENUE,90,N,N,A,-,Y,NA,NA,805,NA,NA,NA,R,NA,S,Y,4,0,1,2,A,-,01,23152,A,N,C,C,A,A,H,-,C,D,0,NA,NA,NA,NA,Y,Y,A,01,0,0,1,0,0,0,0,0,0,-,-,32.70446,-117.0959,SAN DIEGO,SAN DIEGO,-117.0959,32.70446
90184368,2016,2016-05-23,9650,2016-05-17,0545,017012,NA,2,3,9,3700,0,1,1,NA,2,021,I-15 S/B,W. LILAC RD,200,S,N,A,-,Y,NA,NA,15,NA,NA,NA,NA,NA,S,Y,4,0,1,2,A,-,03,22350,NA,N,C,C,A,A,H,-,A,D,0,NA,NA,NA,NA,Y,NA,D,22,0,0,1,0,0,0,0,0,0,-,-,33.29913,-117.14977,SAN DIEGO,UNINCORPORATED,-117.1501938,33.29910743
90184374,2016,2016-05-23,9650,2016-05-19,0705,013636,NA,4,1,5,3701,0,1,1,NA,2,005,I-5 S/B,POINSETTIA LN,100,S,N,B,-,Y,NA,NA,NA,NA,NA,NA,NA,NA,NA,Y,4,0,1,2,A,-,03,22350,NA,N,C,C,A,A,H,-,A,D,0,NA,NA,Y,NA,Y,NA,C,02,0,0,1,0,0,0,0,0,1,-,-,NA,NA,SAN DIEGO,CARLSBAD,-117.3105344,33.10312934
90184375,2016,2016-05-23,9650,2016-05-19,1125,013636,NA,4,1,6,3710,0,1,1,NA,2,005,I-5 N/B,SR-78 E/B,500,S,N,A,-,Y,NA,NA,NA,NA,NA,NA,NA,NA,NA,N,4,0,5,2,A,-,03,22350,NA,N,C,C,A,A,H,-,A,D,0,NA,NA,NA,NA,Y,NA,A,01,0,0,5,0,0,0,0,0,0,-,-,NA,NA,SAN DIEGO,OCEANSIDE,NA,NA
9018544,2019,2020-02-12,3711,2019-12-21,1030,SD6986,NA,6,5,7,3711,0,0,0,NA,0,813,UNIVERSITY AV,BOUNDARY ST,0,NA,Y,A,-,N,NA,NA,NA,NA,NA,NA,NA,NA,NA,N,3,0,1,2,A,-,12,21453,A,N,E,G,A,A,H,-,A,A,0,NA,Y,NA,NA,Y,NA,L,04,0,1,0,0,0,0,1,0,0,-,-,NA,NA,SAN DIEGO,SAN DIEGO,-117.12315368652344,32.74850845336914
90185593,2016,2016-05-24,9645,2016-05-15,0435,020720,NA,7,3,5,3709,0,1,1,NA,2,001,I-5 N/B,MILES OF CARS WAY U/C,420,N,N,A,-,Y,NA,NA,5,NA,NA,NA,NA,NA,N,Y,3,0,1,1,A,-,08,22107,NA,N,E,I,A,A,H,-,C,D,0,NA,NA,NA,NA,Y,NA,A,01,0,1,0,0,0,0,0,0,0,-,-,32.66127,-117.10844,SAN DIEGO,NATIONAL CITY,-117.10834167,32.66130986
90186598,2016,2016-05-25,9645,2016-05-19,1655,017499,NA,4,2,7,3711,0,1,1,NA,2,009,I-805 SOUTHBOUND FROM SR-94 EASTBOUND,SR-94 O/C,1200,S,N,A,-,Y,NA,NA,805,NA,NA,NA,R,NA,S,N,4,0,1,2,A,-,03,22350,NA,F,C,C,A,A,H,-,A,D,0,NA,NA,NA,NA,Y,NA,A,01,0,0,1,0,0,0,0,0,0,-,-,32.71468,-117.10338,SAN DIEGO,SAN DIEGO,-117.10338,32.71468
90187513,2016,2016-05-25,9680,2016-05-13,1355,019270,NA,5,1,5,3708,0,1,1,NA,2,081,I-8 E/B,JACKSON DR,1584,W,N,A,-,Y,NA,NA,8,NA,NA,NA,NA,NA,E,Y,3,0,1,3,A,-,03,22350,NA,N,C,C,A,A,H,-,A,D,0,NA,NA,NA,NA,Y,NA,A,01,0,1,0,0,0,0,0,0,0,-,-,32.77207,-117.018,SAN DIEGO,LA MESA,-117.01793814,32.77195972
90187819,2016,2016-05-26,9680,2016-05-06,0600,014949,NA,5,1,9,3700,0,1,1,NA,2,086,INTERSTATE 8 WESTBOUND,LA POSTA TRUCK TRAIL,400,W,N,B,C,Y,NA,NA,8,NA,NA,NA,NA,NA,W,Y,1,1,0,1,A,-,03,22350,NA,N,E,I,A,B,H,-,B,D,0,NA,NA,NA,NA,Y,NA,A,01,0,0,0,0,0,0,0,0,0,-,-,32.72701,-116.42937,SAN DIEGO,UNINCORPORATED,-116.42939954,32.72712832
9018971,2019,2020-02-05,3710,2019-12-09,1853,OC1484,NA,1,5,6,3710,0,0,0,NA,0,017,REDONDO DR,LUNA DR,28,S,N,A,-,N,NA,NA,NA,NA,NA,NA,NA,NA,NA,N,3,0,1,3,A,-,08,22107,NA,N,A,E,A,A,H,-,C,A,0,NA,NA,NA,NA,Y,NA,A,01,0,1,0,0,0,0,0,0,0,-,-,NA,NA,SAN DIEGO,OCEANSIDE,-117.30227661132813,33.250091552734375
90190194,2016,2016-05-31,9645,2016-04-28,1705,017011,NA,4,2,7,3711,0,1,1,NA,2,015,I-805 N/B,GOVERNOR DRIVE,1584,S,N,A,-,Y,NA,NA,NA,NA,NA,NA,NA,NA,NA,Y,3,0,1,2,A,-,03,22350,NA,N,D,C,A,A,H,-,A,D,0,NA,NA,Y,NA,Y,NA,C,02,0,1,0,0,0,0,0,0,1,-,-,32.85291,-117.19142,SAN DIEGO,SAN DIEGO,-117.18426,32.85791
90190255,2016,2016-05-31,9650,2016-05-26,0900,013636,NA,4,1,5,3701,0,1,1,NA,2,005,I-5 S/B FROM TAMARACK,TAMARACK AVE,200,S,N,A,-,Y,NA,NA,NA,NA,NA,NA,NA,NA,NA,Y,4,0,1,2,A,-,03,22350,NA,N,C,C,A,A,H,-,A,A,0,NA,NA,NA,NA,Y,NA,A,07,0,0,1,0,0,0,0,0,0,-,-,NA,NA,SAN DIEGO,CARLSBAD,-117.33626169,33.15159873
9019036,2019,2020-02-05,3710,2019-12-05,1215,OC1481,NA,4,5,6,3710,0,0,0,NA,0,014,BENET RD,VIA DEL MONTE,1667,N,N,A,-,N,NA,NA,NA,NA,NA,NA,NA,NA,NA,N,4,0,1,1,A,-,07,21658,A,N,E,I,A,A,H,-,A,A,0,NA,NA,NA,NA,Y,NA,A,01,0,0,1,0,0,0,0,0,0,-,-,NA,NA,SAN DIEGO,OCEANSIDE,-117.35746002197266,33.21809005737305
90190721,2016,2016-05-31,9645,2016-05-28,2030,019344,NA,6,2,5,3709,0,1,3,NA,2,006,SR-54 E/B FROM HIGHLAND AVENUE,HIGHLAND AVENUE O/C,395,E,N,A,-,Y,NA,NA,54,NA,NA,NA,R,NA,E,Y,3,0,1,2,A,-,01,23152,A,N,C,C,A,A,H,-,C,D,0,NA,NA,NA,NA,Y,Y,A,01,0,1,0,0,0,0,0,0,0,-,-,32.6553,-117.0879,SAN DIEGO,NATIONAL CITY,-117.0879,32.6553
90191408,2016,2016-05-31,9645,2016-05-25,1315,015847,NA,3,1,7,3711,0,1,1,NA,2,027,SR-15 N/B,ADAMS AVE.,100,N,N,B,-,Y,NA,NA,15,NA,NA,NA,NA,NA,N,Y,4,0,1,2,A,-,07,21658,A,N,B,C,A,A,H,-,A,D,0,NA,NA,NA,Y,Y,NA,G,25,0,0,1,0,0,0,0,0,0,-,-,32.76535,-117.10972,SAN DIEGO,SAN DIEGO,-117.10964031,32.76538937