CASE_ID,ACCIDENT_YEAR,PROC_DATE,JURIS,COLLISION_DATE,COLLISION_TIME,OFFICER_ID,REPORTING_DISTRICT,DAY_OF_WEEK,CHP_SHIFT,POPULATION,CNTY_CITY_LOC,SPECIAL_COND,BEAT_TYPE,CHP_BEAT_TYPE,CITY_DIVISION_LAPD,CHP_BEAT_CLASS,BEAT_NUMBER,PRIMARY_RD,SECONDARY_RD,DISTANCE,DIRECTION,INTERSECTION,WEATHER_1,WEATHER_2,STATE_HWY_IND,CALTRANS_COUNTY,CALTRANS_DISTRICT,STATE_ROUTE,ROUTE_SUFFIX,POSTMILE_PREFIX,POSTMILE,LOCATION_TYPE,RAMP_INTERSECTION,SIDE_OF_HWY,TOW_AWAY,COLLISION_SEVERITY,NUMBER_KILLED,NUMBER_INJURED,PARTY_COUNT,PRIMARY_COLL_FACTOR,PCF_CODE_OF_VIOL,PCF_VIOL_CATEGORY,PCF_VIOLATION,PCF_VIOL_SUBSECTION,HIT_AND_RUN,TYPE_OF_COLLISION,MVIW,PED_ACTION,ROAD_SURFACE,ROAD_COND_1,ROAD_COND_2,LIGHTING,CONTROL_DEVICE,CHP_ROAD_TYPE,PEDESTRIAN_ACCIDENT,BICYCLE_ACCIDENT,MOTORCYCLE_ACCIDENT,TRUCK_ACCIDENT,NOT_PRIVATE_PROPERTY,ALCOHOL_INVOLVED,STWD_VEHTYPE_AT_FAULT,CHP_VEHTYPE_AT_FAULT,COUNT_SEVERE_INJ,COUNT_VISIBLE_INJ,COUNT_COMPLAINT_PAIN,COUNT_PED_KILLED,COUNT_PED_INJURED,COUNT_BICYCLIST_KILLED,COUNT_BICYCLIST_INJURED,COUNT_MC_KILLED,COUNT_MC_INJURED,PRIMARY_RAMP,SECONDARY_RAMP,LATITUDE,LONGITUDE,COUNTY,CITY,POINT_X,POINT_Y
9027727,2020,2020-05-28,3709,2020-02-13,0503,NC0448,NA,4,5,5,3709,0,0,0,NA,0,024,HOOVER AV,W 25TH ST,0,NA,Y,A,-,N,NA,NA,NA,NA,NA,NA,NA,NA,NA,N,4,0,1,2,A,-,10,21950,A,N,G,B,B,A,H,-,C,D,0,Y,NA,NA,NA,Y,NA,A,01,0,0,1,0,1,0,0,0,0,-,-,NA,NA,SAN DIEGO,NATIONAL CITY,-117.10430145263672,32.66025924682617
90279015,2016,2016-09-29,9680,2016-09-20,2004,015070,NA,2,2,9,3700,0,3,5,NA,2,003,TAVERN RD.,DEHESA RD.,2640,N,N,B,C,N,NA,NA,NA,NA,NA,NA,NA,NA,NA,Y,4,0,1,2,A,-,01,23152,A,N,A,C,A,B,H,-,D,D,0,NA,NA,NA,NA,Y,Y,A,01,0,0,1,0,0,0,0,0,0,-,-,32.80416,-116.77709,SAN DIEGO,UNINCORPORATED,-116.78087076,32.80806888
9028354,2019,2020-02-10,3711,2019-12-27,1209,SD7980,NA,5,5,7,3711,0,0,0,NA,0,433,MALLARD,CHARLENE,0,NA,Y,A,-,N,NA,NA,NA,NA,NA,NA,NA,NA,NA,Y,4,0,2,3,A,-,03,22350,NA,N,C,C,A,A,H,-,A,D,0,NA,NA,NA,NA,Y,NA,A,01,0,0,2,0,0,0,0,0,0,-,-,NA,NA,SAN DIEGO,SAN DIEGO,-117.05629730224608,32.72957992553711
9028358,2019,2020-02-10,3711,2019-12-29,1424,SD7313,NA,7,5,7,3711,0,0,0,NA,0,114,CLAIREMONT MESA BL,DIANE AV,0,NA,Y,A,-,N,NA,NA,NA,NA,NA,NA,NA,NA,NA,N,3,0,1,2,A,-,12,21453,A,N,D,C,A,A,H,-,A,A,0,NA,NA,NA,NA,Y,NA,A,01,0,1,0,0,0,0,0,0,0,-,-,NA,NA,SAN DIEGO,SAN DIEGO,-117.18704986572266,32.834529876708984
90283815,2016,2016-10-04,9650,2016-09-30,1630,013636,NA,5,2,5,3782,0,1,1,NA,2,007,I-5 S/B,MANCHESTER AVE,1584,S,N,A,-,Y,NA,NA,NA,NA,NA,NA,NA,NA,NA,Y,4,0,1,5,A,-,07,21658,A,F,B,C,A,A,H,-,A,D,0,NA,NA,NA,NA,Y,NA,A,01,0,0,1,0,0,0,0,0,0,-,-,NA,NA,SAN DIEGO,ENCINITAS,-117.26122469,33.00721682
90284717,2016,2016-10-05,9645,2016-09-24,0141,020401,NA,6,3,7,3711,0,1,3,NA,2,012,SR-52 W/B,REGENTS RD,10,W,N,A,-,Y,NA,NA,52,NA,NA,NA,NA,NA,W,Y,4,0,1,2,C,-,18,NA,NA,N,E,J,E,A,H,-,D,D,0,Y,NA,NA,NA,Y,NA,-,-,0,0,1,0,1,0,0,0,0,-,-,32.84238,-117.21753,SAN DIEGO,SAN DIEGO,-117.21744754,32.84220585
90285759,2016,2016-10-06,9680,2016-10-04,1820,015619,NA,2,2,5,3705,0,1,1,NA,2,082,I-8 E/B,SECOND ST,1500,W,N,A,-,Y,NA,NA,8,NA,NA,NA,NA,NA,E,Y,4,0,1,2,A,-,03,22350,NA,N,F,A,A,A,H,-,D,D,0,NA,NA,Y,NA,Y,NA,C,02,0,0,1,0,0,0,0,0,1,-,-,32.80296,-116.93998,SAN DIEGO,EL CAJON,-116.93997992,32.80293733
9028974,2019,2020-02-05,3711,2019-12-28,1808,SD7255,NA,6,5,7,3711,0,0,0,NA,0,612,LYTTON ST,ROSECRANS ST,0,NA,Y,A,-,N,NA,NA,NA,NA,NA,NA,NA,NA,NA,Y,3,0,2,2,A,-,09,21453,C,N,A,C,A,A,H,-,C,A,0,NA,NA,NA,NA,Y,NA,A,01,0,1,1,0,0,0,0,0,0,-,-,NA,NA,SAN DIEGO,SAN DIEGO,-117.2126007080078,32.744319915771484
9029010,2019,2020-02-05,3711,2019-12-27,1730,SD7766,NA,5,5,7,3711,0,0,0,NA,0,523,ISLAND AV,6TH AV,78,W,N,-,-,N,NA,NA,NA,NA,NA,NA,NA,NA,NA,N,4,0,1,2,A,-,05,21650,NA,N,A,G,A,A,H,-,C,D,0,NA,Y,NA,NA,Y,NA,A,01,0,0,1,0,0,0,1,0,0,-,-,NA,NA,SAN DIEGO,SAN DIEGO,-117.15946197509766,32.7104377746582
90291295,2016,2016-10-13,9645,2016-09-20,1245,017139,NA,2,1,7,3711,0,1,1,NA,2,010,FAIRMOUNT AVE TO I-8 W/B,FAIRMOUNT AVE U/C,2640,W,N,B,C,Y,NA,NA,NA,NA,NA,NA,NA,NA,NA,Y,4,0,1,1,A,-,03,22350,NA,N,E,I,A,B,H,-,A,D,0,NA,NA,NA,NA,Y,NA,D,22,0,0,1,0,0,0,0,0,0,-,-,32.73267,-117.11252,SAN DIEGO,SAN DIEGO,-117.10148,32.7886
90294726,2016,2016-10-18,9645,2016-09-24,1136,016409,NA,6,1,7,3711,0,3,5,NA,2,222,SR-163 N/B TO SR-52 W/B,SR-52 W/B TO SR-163 S/B O/C,100,E,N,A,-,Y,NA,NA,163,NA,NA,NA,R,NA,N,Y,4,0,1,1,A,-,03,22350,NA,N,E,I,A,A,H,-,A,D,0,NA,NA,NA,NA,Y,NA,A,01,0,0,1,0,0,0,0,0,0,-,-,32.8422,-117.13064,SAN DIEGO,SAN DIEGO,-117.13064,32.8422
90296944,2016,2016-10-20,9680,2016-10-14,1328,016598,NA,5,1,9,3700,0,1,3,NA,1,024,STATE ROUTE 94 (WESTBOUND),DALEY RANCH TRUCK TRAIL,1056,W,N,A,-,Y,NA,NA,94,NA,NA,NA,NA,NA,NA,Y,3,0,1,1,A,-,03,22350,NA,N,E,I,A,A,H,-,A,D,0,NA,NA,NA,NA,Y,NA,A,07,0,1,0,0,0,0,0,0,0,-,-,32.68606,-116.85005,SAN DIEGO,UNINCORPORATED,-116.85001433,32.68610522
90296977,2016,2016-10-20,9680,2016-10-14,0415,016102,NA,5,3,9,3700,0,1,1,NA,2,086,INTERSTATE 8 WESTBOUND (I-8 W/B),STATE ROUTE 94 (SR-94),400,E,N,A,-,Y,NA,NA,8,NA,NA,NA,NA,NA,W,Y,4,0,1,1,A,-,08,22107,NA,N,E,I,A,A,H,-,D,D,0,NA,NA,NA,NA,Y,NA,A,01,0,0,1,0,0,0,0,0,0,-,-,32.67667,-116.28992,SAN DIEGO,UNINCORPORATED,-116.28990542,32.67670668
90298440,2016,2016-10-21,9680,2016-10-15,1200,018279,NA,6,1,9,3700,0,2,4,NA,2,072,MONTEZUMA VALLEY RD (S22),PALM CANYON DR,11088,W,N,A,-,N,NA,NA,NA,NA,NA,NA,NA,NA,NA,Y,4,0,1,2,A,-,05,21460,A,N,B,C,A,A,H,-,A,A,0,NA,NA,Y,NA,Y,NA,C,02,0,0,1,0,0,0,0,0,1,-,-,33.23745,-116.40621,SAN DIEGO,UNINCORPORATED,-116.406198,33.237448
90298513,2016,2016-10-24,9650,2016-10-16,1520,019126,NA,7,2,9,3700,0,3,5,NA,2,213,SOUTH GRADE RD,SR-76,4752,N,N,A,-,N,NA,NA,NA,NA,NA,NA,NA,NA,NA,Y,3,0,1,1,A,-,08,22107,NA,N,F,A,A,A,H,-,A,D,0,NA,NA,Y,NA,Y,NA,C,02,0,1,0,0,0,0,0,0,1,-,-,33.29632,-116.89118,SAN DIEGO,UNINCORPORATED,-116.89152432,33.29602727
90300456,2016,2016-10-25,9680,2016-10-17,0730,018979,NA,1,1,9,3700,0,2,4,NA,1,021,DEHESA RD,MATAMO PL,535,W,N,B,-,N,NA,NA,NA,NA,NA,NA,NA,NA,NA,Y,4,0,1,1,A,-,08,22107,NA,N,F,A,A,A,H,-,A,D,0,NA,NA,Y,NA,Y,NA,C,02,0,0,1,0,0,0,0,0,1,-,-,32.78275,-116.87665,SAN DIEGO,UNINCORPORATED,-116.87687123,32.78277419
90300944,2016,2016-10-25,9650,2016-07-21,0700,015295,NA,4,1,9,3700,0,1,3,NA,1,028,STATE ROUTE 76,LAZY H DRIVE,1056,E,N,A,-,Y,NA,NA,76,NA,NA,NA,NA,NA,NA,Y,4,0,1,2,A,-,01,23152,A,F,C,C,A,A,H,-,A,D,0,NA,NA,NA,NA,Y,Y,D,22,0,0,1,0,0,0,0,0,0,-,-,33.28961,-116.96607,SAN DIEGO,UNINCORPORATED,-116.9660566,33.28966293
9030161,2019,2020-07-13,3711,2019-12-27,0642,SD6193,NA,5,5,7,3711,0,0,0,NA,0,712,PICADOR BL,RT 905,0,NA,Y,A,-,Y,SD,11,905,-,-,4.296,R,4,E,Y,4,0,1,2,A,-,12,21453,A,N,D,C,A,B,H,-,B,A,0,NA,NA,NA,NA,Y,NA,A,01,0,0,1,0,0,0,0,0,0,-,EF,NA,NA,SAN DIEGO,SAN DIEGO,-117.0552215576172,32.56812286376953
90301715,2016,2016-10-26,9680,2016-10-18,0715,015962,NA,2,1,9,3700,0,1,3,NA,1,023,SR-94 W/B,KENWOOD DR,259,E,N,A,-,Y,NA,NA,94,NA,NA,NA,NA,NA,W,Y,4,0,1,2,A,-,03,22350,NA,N,C,C,A,A,H,-,A,D,0,NA,NA,NA,NA,Y,NA,A,01,0,0,1,0,0,0,0,0,0,-,-,32.74645,-116.98924,SAN DIEGO,UNINCORPORATED,-116.98921283,32.74651578
90305496,2016,2016-10-28,9645,2016-09-08,1415,019445,NA,4,2,7,3711,1,1,1,NA,2,010,I-8 E/B TO MISSION CENTER RD,MISSION CENTER RD,25,W,N,A,-,Y,NA,NA,8,NA,NA,NA,R,NA,E,Y,4,0,3,4,A,-,01,23152,A,N,C,C,A,A,H,-,A,A,0,NA,NA,NA,NA,Y,Y,A,01,0,0,3,0,0,0,0,0,0,-,-,32.76486,-117.15424,SAN DIEGO,SAN DIEGO,-117.15424,32.76486
90305543,2016,2016-10-28,9650,2016-09-28,2230,018496,NA,3,3,9,3700,0,3,5,NA,2,213,PAUMA RESERVATION RD,ADAMS ROAD,50,S,N,A,-,N,NA,NA,NA,NA,NA,NA,NA,NA,NA,Y,3,0,1,2,A,-,01,23152,E,N,G,B,E,A,H,-,D,D,0,Y,NA,NA,NA,Y,Y,A,07,0,1,0,0,1,0,0,0,0,-,-,33.33318,-116.9915,SAN DIEGO,UNINCORPORATED,-116.99079242,33.33324728
90306412,2016,2016-10-31,9645,2016-10-16,0220,014625,NA,7,3,6,3702,0,1,1,NA,2,009,I-805 S/B TO EAST H STREET W/B,EAST H STREET W/B,100,N,N,A,-,Y,NA,NA,805,NA,NA,NA,R,NA,S,Y,3,0,1,1,A,-,01,23152,A,N,F,A,A,A,H,-,D,D,0,NA,NA,NA,NA,Y,Y,A,08,0,1,0,0,0,0,0,0,0,-,-,32.64048,-117.05706,SAN DIEGO,CHULA VISTA,-117.05706,32.64048
90307915,2016,2016-11-01,9645,2016-10-13,1700,020673,NA,4,2,7,3711,0,1,1,NA,2,010,I-8 E/B,I-5,3840,W,N,A,-,Y,NA,NA,8,NA,NA,NA,NA,NA,E,Y,2,0,4,4,A,-,03,22350,NA,N,C,C,A,A,H,-,A,D,0,NA,NA,NA,NA,Y,NA,A,01,1,0,3,0,0,0,0,0,0,-,-,32.75785,-117.21685,SAN DIEGO,SAN DIEGO,-117.21683376,32.75777791
90308779,2016,2016-11-01,9680,2016-10-23,1825,019946,NA,7,2,9,3700,0,1,3,NA,1,024,SR-94,COUGAR CANYON DRIVE,80,E,N,A,-,Y,NA,NA,94,NA,NA,NA,NA,NA,NA,N,4,0,4,2,A,-,03,22350,NA,N,C,C,A,A,H,-,C,A,0,NA,NA,NA,NA,Y,NA,D,22,0,0,4,0,0,0,0,0,0,-,-,32.72785,-116.92481,SAN DIEGO,UNINCORPORATED,-116.92483444,32.727749
90309928,2016,2016-11-02,9680,2016-10-24,1805,019946,NA,1,2,9,3700,0,2,4,NA,1,025,SWEETWATER RD,TROY ST,40,S,N,B,C,N,NA,NA,NA,NA,NA,NA,NA,NA,NA,Y,4,0,1,4,A,-,03,22350,NA,N,C,C,A,B,H,-,C,A,0,NA,NA,NA,NA,Y,NA,A,01,0,0,1,0,0,0,0,0,0,-,-,32.73647,-117.01455,SAN DIEGO,UNINCORPORATED,-117.01447106,32.73657045
90310373,2016,2016-11-03,9645,2016-10-23,1410,020480,NA,7,2,7,3711,0,1,1,NA,2,003,I-5 S/B,J STREET,80,S,N,A,-,Y,NA,NA,NA,NA,NA,NA,NA,NA,NA,N,3,0,1,2,A,-,03,22350,NA,N,C,C,A,A,H,-,A,D,0,NA,NA,NA,NA,Y,NA,A,01,0,1,0,0,0,0,0,0,0,-,-,32.70888,-117.19778,SAN DIEGO,SAN DIEGO,-117.14773961,32.70918106
90310546,2016,2016-11-03,9680,2016-10-25,1555,019270,NA,2,2,9,3700,0,1,3,NA,1,024,SR-94 E/B,STEELE CANYON RD,300,W,N,A,-,Y,NA,NA,94,NA,NA,NA,NA,NA,E,Y,4,0,1,2,A,-,03,22350,NA,N,C,C,A,A,H,-,A,A,0,NA,NA,NA,NA,Y,NA,A,01,0,0,1,0,0,0,0,0,0,-,-,32.72701,-116.91023,SAN DIEGO,UNINCORPORATED,-116.91025386,32.72704278
9031136,2020,2020-03-17,3705,2020-01-13,1335,EC0324,NA,1,5,5,3705,0,0,0,NA,0,002,MOLLISON,FRIENDLY CIR,165,N,N,A,-,N,NA,NA,NA,NA,NA,NA,NA,NA,NA,N,4,0,1,3,A,-,03,22350,NA,N,C,C,A,A,H,-,A,A,0,NA,NA,NA,NA,Y,NA,A,01,0,0,1,0,0,0,0,0,0,-,-,NA,NA,SAN DIEGO,EL CAJON,-116.9509735107422,32.801841735839844
90311840,2016,2016-11-04,9645,2016-10-03,0930,017667,NA,1,1,7,3711,0,1,1,NA,2,009,I-805 S/B,PALM AVE.,200,N,N,B,-,Y,NA,NA,NA,NA,NA,NA,NA,NA,NA,Y,4,0,1,2,A,-,03,22350,NA,N,C,C,A,A,H,-,A,D,0,NA,NA,NA,NA,Y,NA,A,01,0,0,1,0,0,0,0,0,0,-,-,32.67756,-117.08563,SAN DIEGO,SAN DIEGO,-117.0947893,32.69072101
90314858,2016,2016-11-09,9680,2016-10-30,1955,019946,NA,7,2,9,3700,0,3,5,NA,2,002,CHASE AVE,BERNITA RD,60,E,N,A,-,N,NA,NA,NA,NA,NA,NA,NA,NA,NA,Y,4,0,3,3,A,-,03,22350,NA,N,C,C,A,A,H,-,D,D,0,NA,NA,NA,NA,Y,NA,A,01,0,0,3,0,0,0,0,0,0,-,-,32.77347,-116.9418,SAN DIEGO,UNINCORPORATED,-116.94183294,32.77369576
90315079,2016,2016-11-09,9680,2016-10-31,1328,017330,NA,1,1,5,3705,0,1,1,NA,2,082,I-8 E/B TO MAGNOLIA AV.,MAGNOLIA AV.,20,W,N,B,-,Y,NA,NA,8,NA,NA,NA,R,NA,E,N,4,0,1,2,A,-,03,22350,NA,F,C,C,A,A,H,-,A,A,0,NA,NA,NA,NA,Y,NA,A,01,0,0,1,0,0,0,0,0,0,-,-,32.8019,-116.9625,SAN DIEGO,EL CAJON,-116.9625,32.8019
90315313,2016,2016-11-09,9645,2016-10-21,1210,017498,NA,5,1,7,3711,0,1,1,NA,2,007,I-5 SOUTHBOUND,GENESEE AVE O/C,1056,S,N,A,-,Y,NA,NA,5,NA,NA,NA,NA,NA,S,N,4,0,1,3,A,-,03,22350,NA,N,C,C,A,A,H,-,A,D,0,NA,NA,NA,NA,Y,NA,A,01,0,0,1,0,0,0,0,0,0,-,-,32.88412,-117.22818,SAN DIEGO,SAN DIEGO,-117.22819848,32.88412159
90315583,2016,2016-11-09,9645,2016-10-28,1241,017498,NA,5,1,7,3711,0,1,1,NA,2,010,I-8 WESTBOUND,MISSION CENTER RD O/C,2112,E,N,A,-,Y,NA,NA,8,NA,NA,NA,NA,NA,W,Y,4,0,1,3,A,-,03,22350,NA,N,C,C,A,A,H,-,A,D,0,NA,NA,NA,NA,Y,NA,A,07,0,0,1,0,0,0,0,0,0,-,-,32.76832,-117.14577,SAN DIEGO,SAN DIEGO,-117.14551436,32.76780295
90317523,2016,2016-11-14,9650,2016-10-29,2345,019191,NA,6,3,9,3700,0,3,5,NA,2,213,OLD HIGHWAY 395,STERLING VIEW DR,5,E,N,A,-,Y,NA,NA,NA,NA,NA,NA,NA,NA,NA,Y,3,0,2,1,A,-,03,22350,NA,F,E,I,A,A,H,-,C,D,0,NA,NA,NA,NA,Y,Y,A,01,0,2,0,0,0,0,0,0,0,-,-,33.38722,-117.17232,SAN DIEGO,UNINCORPORATED,-117.17245,33.38724
90317547,2016,2016-11-14,9645,2016-11-08,0850,013393,NA,2,1,7,3711,0,1,1,NA,2,007,I-5 N/B,VOIGT DR O/C,528,S,N,A,-,Y,NA,NA,NA,NA,NA,NA,NA,NA,NA,Y,4,0,1,3,A,-,03,22350,NA,N,C,C,A,A,H,-,A,D,0,NA,NA,NA,NA,Y,NA,A,01,0,0,1,0,0,0,0,0,0,-,-,32.5242,-117.1342,SAN DIEGO,SAN DIEGO,-117.22827838,32.88030757
90320542,2016,2016-11-16,9680,2016-11-08,1805,015983,NA,2,2,5,3705,0,1,1,NA,2,082,I-8 WESTBOUND,BALLANTYNE ST,1056,E,N,A,-,Y,NA,NA,8,NA,NA,NA,NA,NA,W,Y,3,0,1,2,A,-,08,22107,NA,N,C,C,A,A,H,-,D,D,0,NA,NA,NA,NA,Y,NA,A,01,0,1,0,0,0,0,0,0,0,-,-,32.80314,-116.95641,SAN DIEGO,EL CAJON,-116.95640995,32.8031354
9032304,2020,2020-05-14,3705,2020-01-06,1759,EC0405,NA,1,5,5,3705,0,0,0,NA,0,004,E WASHINGTON AV,SOUTH 2ND ST,0,NA,Y,A,-,N,NA,NA,NA,NA,NA,NA,NA,NA,NA,Y,4,0,1,2,A,-,12,21453,A,N,D,C,A,A,H,-,C,A,0,NA,NA,NA,NA,Y,NA,A,01,0,0,1,0,0,0,0,0,0,-,-,NA,NA,SAN DIEGO,EL CAJON,-116.93728637695313,32.78765106201172
9032351,2019,2020-02-05,3711,2019-12-25,1117,SD7201,NA,3,5,7,3711,0,0,0,NA,0,312,SANTO  AV,REMORA ST,22,N,N,B,-,N,NA,NA,NA,NA,NA,NA,NA,NA,NA,N,4,0,1,2,A,-,09,21800,A,N,D,C,A,B,H,-,A,D,0,NA,NA,NA,NA,Y,Y,A,01,0,0,1,0,0,0,0,0,0,-,-,NA,NA,SAN DIEGO,SAN DIEGO,-117.10292816162108,32.830955505371094
90324714,2016,2016-11-18,9650,2016-11-11,0940,013696,NA,5,1,9,3700,0,1,1,NA,2,003,I-5 N/B,WIRE MOUNTAIN RD,528,N,N,A,-,N,NA,NA,5,NA,NA,NA,NA,NA,N,Y,4,0,1,3,A,-,08,22107,NA,N,B,C,A,A,H,-,A,D,0,NA,NA,NA,NA,Y,NA,A,07,0,0,1,0,0,0,0,0,0,-,-,33.21649,-117.39035,SAN DIEGO,UNINCORPORATED,-117.3902632,33.21651574
90325135,2016,2016-11-18,9650,2016-11-10,1755,015727,NA,4,2,9,3700,0,3,5,NA,1,160,GOPHER CANYON RD,E. VISTA WAY,449,E,N,A,-,N,NA,NA,NA,NA,NA,NA,NA,NA,NA,Y,4,0,1,2,A,-,13,22515,A,N,D,C,A,A,H,-,D,D,0,NA,NA,NA,NA,Y,NA,A,07,0,0,1,0,0,0,0,0,0,-,-,33.24788,-117.22699,SAN DIEGO,UNINCORPORATED,-117.22676396,33.2477721
90325328,2016,2016-11-21,9645,2016-10-27,1912,019344,NA,4,2,7,3711,0,1,3,NA,2,023,SR-163 S/B,I-8 O/C,1000,S,N,A,B,Y,NA,NA,NA,NA,NA,NA,NA,NA,NA,Y,4,0,1,2,A,-,03,22350,NA,N,C,C,A,A,H,-,C,D,0,NA,NA,NA,NA,Y,NA,A,01,0,0,1,0,0,0,0,0,0,-,-,NA,NA,SAN DIEGO,SAN DIEGO,-117.16425176,32.76098835
90327119,2016,2016-11-22,9650,2016-11-12,1704,016485,NA,6,2,9,3700,0,3,5,NA,2,230,VIA RANCHO PKWY,HIGHLANDS WEST DR,4,W,N,A,-,N,NA,NA,NA,NA,NA,NA,NA,NA,NA,Y,4,0,1,2,A,-,03,22350,NA,N,C,C,A,A,H,-,B,D,0,NA,NA,NA,NA,Y,NA,A,01,0,0,1,0,0,0,0,0,0,-,-,33.0529,-117.06618,SAN DIEGO,UNINCORPORATED,-117.1101802,33.0881068
90327284,2016,2016-11-22,9680,2016-11-11,1445,020049,NA,5,2,9,3700,0,3,5,NA,2,004,HONEY SPRING RD,MOTHER GRUNDY TRUCK TRAIL,1000,W,N,A,-,Y,NA,NA,NA,NA,NA,NA,NA,NA,NA,Y,3,0,2,1,A,-,03,22350,NA,N,F,A,A,A,H,-,A,A,0,NA,NA,Y,NA,Y,NA,C,02,0,2,0,0,0,0,0,0,2,-,-,32.67293,-116.76581,SAN DIEGO,UNINCORPORATED,-116.76570875,32.67283795
90327961,2016,2016-11-22,9645,2016-06-12,1300,014692,NA,7,1,7,3711,0,1,1,NA,2,027,INTERSTATE 15 SOUTHBOUND,AERO DRIVE O/C,1016,S,N,A,-,Y,NA,NA,15,NA,NA,NA,NA,NA,S,Y,1,1,1,1,C,-,18,NA,NA,N,F,I,A,A,H,-,A,D,0,NA,NA,NA,NA,Y,NA,-,-,0,1,0,0,0,0,0,0,0,-,-,32.80731,-117.11401,SAN DIEGO,SAN DIEGO,-117.11385509,32.80733438
90328938,2016,2016-11-23,9680,2016-11-14,2340,020116,NA,1,3,4,3720,0,1,3,NA,2,027,SR-94 E/B,MASSACHUSETTS AVE,1202,W,N,A,-,Y,NA,NA,94,NA,NA,NA,NA,NA,E,Y,3,0,1,1,A,-,08,22107,NA,N,E,I,A,A,H,-,C,D,0,NA,NA,NA,NA,Y,NA,A,01,0,1,0,0,0,0,0,0,0,-,-,32.74454,-117.04663,SAN DIEGO,LEMON GROVE,-117.04659829,32.7444484
90329757,2016,2016-11-28,9650,2016-11-23,1830,013452,NA,3,2,5,3782,0,1,1,NA,2,007,I-5 N/B,ENCINITAS BOULEVARD,3168,S,N,A,-,Y,NA,NA,5,NA,NA,NA,NA,NA,N,Y,4,0,1,2,A,-,03,22350,NA,F,C,C,A,A,H,-,D,D,0,NA,NA,NA,NA,Y,NA,D,22,0,0,1,0,0,0,0,0,0,-,-,33.03905,-117.28301,SAN DIEGO,ENCINITAS,-117.28313473,33.03896169
90331028,2016,2016-11-28,9680,2016-11-13,0215,020105,NA,7,3,9,3700,0,3,5,NA,2,002,KENWOOD DR,CAMPO RD,7,S,N,A,-,N,NA,NA,NA,NA,NA,NA,NA,NA,NA,Y,2,0,1,1,A,-,01,23152,A,N,E,I,A,A,H,-,D,A,0,NA,NA,NA,NA,Y,Y,D,22,1,0,0,0,0,0,0,0,0,-,-,32.7525,-117.0078,SAN DIEGO,UNINCORPORATED,-117.00795101,32.75270085
90333163,2016,2016-11-30,9645,2016-11-22,1010,014461,NA,2,1,7,3711,0,1,1,NA,2,015,I-805 NORTHBOUND,NOBEL DR.,830,N,N,A,-,Y,NA,NA,805,NA,NA,NA,NA,NA,N,Y,4,0,1,3,A,-,03,22350,NA,N,C,C,A,A,H,-,A,D,0,NA,NA,NA,NA,Y,NA,A,01,0,0,1,0,0,0,0,0,0,-,-,32.87231,-117.19692,SAN DIEGO,SAN DIEGO,-117.19707007,32.87217222
9033384,2019,2020-01-31,3702,2019-12-08,1039,CV1031,NA,7,5,6,3702,0,0,0,NA,0,032,BONITA RD,PALM DR,0,NA,Y,B,-,N,NA,NA,NA,NA,NA,NA,NA,NA,NA,N,4,0,1,2,A,-,03,22350,NA,N,C,C,A,B,H,-,A,D,0,NA,NA,NA,NA,Y,NA,A,01,0,0,1,0,0,0,0,0,0,-,-,NA,NA,SAN DIEGO,CHULA VISTA,-117.02448272705078,32.665130615234375
90335803,2016,2016-12-02,9645,2016-10-05,1650,018344,NA,3,2,7,3711,0,1,1,NA,2,009,I-805 SOUTHBOUND,LOGAN AVE. O/C,100,N,N,A,-,Y,NA,NA,805,NA,NA,NA,NA,NA,S,Y,4,0,2,5,A,-,03,22350,NA,N,C,C,A,A,H,-,A,D,0,NA,NA,NA,NA,Y,NA,A,01,0,0,2,0,0,0,0,0,0,-,-,32.69615,-117.09503,SAN DIEGO,SAN DIEGO,-117.0950366,32.69614985
90339408,2016,2016-12-07,9645,2016-11-16,1745,013648,NA,3,2,7,3711,0,1,3,NA,2,006,I-805 N/B FROM S.R. 94 W/B,S.R. 94 W/B,450,N,N,B,-,Y,NA,NA,805,NA,NA,NA,R,NA,N,Y,2,0,2,2,A,-,03,22350,NA,N,C,C,A,A,H,-,D,D,0,NA,NA,NA,NA,Y,NA,A,01,2,0,0,0,0,0,0,0,0,-,-,32.72273,-117.10206,SAN DIEGO,SAN DIEGO,-117.10206,32.72273
90339628,2016,2016-12-07,9680,2016-11-28,1940,019946,NA,1,2,9,3700,0,3,5,NA,2,002,LYONS VALLEY RD,OLIVE VISTA DR,140,W,N,B,C,N,NA,NA,NA,NA,NA,NA,NA,NA,NA,Y,4,0,1,1,A,-,03,22350,NA,N,E,I,A,B,H,-,D,D,0,NA,NA,NA,NA,Y,NA,D,22,0,0,1,0,0,0,0,0,0,-,-,32.7208,-116.87773,SAN DIEGO,UNINCORPORATED,-116.87764148,32.72085774
90340593,2016,2016-12-08,9645,2016-12-02,1620,017529,NA,5,2,7,3711,0,1,3,NA,2,006,SR-94 EASTBOUND,I-805,2500,W,N,A,-,Y,NA,NA,94,NA,NA,NA,NA,NA,E,Y,4,0,1,2,A,-,03,22350,NA,N,C,C,A,A,H,-,A,D,0,NA,NA,NA,NA,Y,NA,A,01,0,0,1,0,0,0,0,0,0,-,-,32.71808,-117.10945,SAN DIEGO,SAN DIEGO,-117.1094498,32.71810429
90341035,2016,2016-12-09,9680,2016-12-01,1555,018427,NA,4,2,5,3705,0,1,1,NA,2,081,I-8 W/B,GROSSMONT BLVD,10,W,N,A,-,Y,NA,NA,NA,NA,NA,NA,NA,NA,NA,Y,4,0,1,2,A,-,07,21658,A,N,E,I,A,A,H,-,A,D,0,NA,NA,NA,NA,Y,NA,D,22,0,0,1,0,0,0,0,0,0,-,-,32.77916,-116.99731,SAN DIEGO,EL CAJON,-116.99043241,32.77918069