CASE_ID,ACCIDENT_YEAR,PROC_DATE,JURIS,COLLISION_DATE,COLLISION_TIME,OFFICER_ID,REPORTING_DISTRICT,DAY_OF_WEEK,CHP_SHIFT,POPULATION,CNTY_CITY_LOC,SPECIAL_COND,BEAT_TYPE,CHP_BEAT_TYPE,CITY_DIVISION_LAPD,CHP_BEAT_CLASS,BEAT_NUMBER,PRIMARY_RD,SECONDARY_RD,DISTANCE,DIRECTION,INTERSECTION,WEATHER_1,WEATHER_2,STATE_HWY_IND,CALTRANS_COUNTY,CALTRANS_DISTRICT,STATE_ROUTE,ROUTE_SUFFIX,POSTMILE_PREFIX,POSTMILE,LOCATION_TYPE,RAMP_INTERSECTION,SIDE_OF_HWY,TOW_AWAY,COLLISION_SEVERITY,NUMBER_KILLED,NUMBER_INJURED,PARTY_COUNT,PRIMARY_COLL_FACTOR,PCF_CODE_OF_VIOL,PCF_VIOL_CATEGORY,PCF_VIOLATION,PCF_VIOL_SUBSECTION,HIT_AND_RUN,TYPE_OF_COLLISION,MVIW,PED_ACTION,ROAD_SURFACE,ROAD_COND_1,ROAD_COND_2,LIGHTING,CONTROL_DEVICE,CHP_ROAD_TYPE,PEDESTRIAN_ACCIDENT,BICYCLE_ACCIDENT,MOTORCYCLE_ACCIDENT,TRUCK_ACCIDENT,NOT_PRIVATE_PROPERTY,ALCOHOL_INVOLVED,STWD_VEHTYPE_AT_FAULT,CHP_VEHTYPE_AT_FAULT,COUNT_SEVERE_INJ,COUNT_VISIBLE_INJ,COUNT_COMPLAINT_PAIN,COUNT_PED_KILLED,COUNT_PED_INJURED,COUNT_BICYCLIST_KILLED,COUNT_BICYCLIST_INJURED,COUNT_MC_KILLED,COUNT_MC_INJURED,PRIMARY_RAMP,SECONDARY_RAMP,LATITUDE,LONGITUDE,COUNTY,CITY,POINT_X,POINT_Y
90835825,2018,2018-10-15,9680,2018-10-04,1558,016981,NA,4,2,5,3708,0,1,3,NA,2,028,SR-125 S/B,PANORAMA DR,98,S,N,B,-,Y,NA,NA,125,NA,NA,NA,NA,NA,S,Y,4,0,2,2,A,-,03,22350,NA,N,C,C,A,A,H,-,A,D,0,NA,NA,NA,NA,Y,NA,A,01,0,0,2,0,0,0,0,0,0,-,-,32.756591796875,-117.00814819335938,SAN DIEGO,LA MESA,-117.00815582275392,32.756595611572266
9084019,2020,2020-07-09,3711,2020-03-23,1510,SD5679,NA,1,5,7,3711,0,0,0,NA,0,242,MIRA MESA BL,WESTVIEW PKWY,0,NA,Y,B,-,N,NA,NA,NA,NA,NA,NA,NA,NA,NA,Y,4,0,2,2,A,-,12,21453,A,N,D,C,A,B,H,-,A,A,0,NA,NA,NA,NA,Y,NA,A,07,0,0,2,0,0,0,0,0,0,-,-,NA,NA,SAN DIEGO,SAN DIEGO,-117.12052154541016,32.917320251464844
90840961,2018,2018-10-22,9645,2018-10-12,2350,021617,NA,5,3,7,3711,0,1,1,NA,2,005,I-5 N/B,OLD TOWN AVE.,1637,S,N,C,-,Y,NA,NA,5,NA,NA,NA,NA,NA,N,Y,4,0,2,1,A,-,03,22350,NA,N,E,I,A,B,H,-,C,D,0,NA,NA,NA,NA,Y,NA,A,01,0,0,2,0,0,0,0,0,0,-,-,32.74536895751953,-117.18866729736328,SAN DIEGO,SAN DIEGO,-117.18862915039063,32.74545669555664
9084132,2020,2020-06-25,3705,2020-03-05,1005,EC0328,NA,4,5,5,3705,0,0,0,NA,0,003,LEXINGTON,THIRD,0,NA,Y,A,-,N,NA,NA,NA,NA,NA,NA,NA,NA,NA,NA,3,0,2,2,A,-,12,22450,A,N,D,C,A,A,H,-,A,D,0,NA,NA,NA,NA,Y,NA,A,07,0,1,1,0,0,0,0,0,0,-,-,NA,NA,SAN DIEGO,EL CAJON,-116.92691802978516,32.79270935058594
90841739,2018,2018-10-22,9650,2018-10-14,1712,021406,NA,7,2,5,3782,0,1,1,NA,2,007,I-5 N/B,LEUCADIA BLVD,250,N,N,A,-,Y,NA,NA,5,NA,NA,NA,NA,NA,N,Y,4,0,2,4,A,-,03,22350,NA,N,C,C,A,A,H,-,A,D,0,NA,NA,NA,NA,Y,NA,A,08,0,0,2,0,0,0,0,0,0,-,-,33.065921783447266,-117.29229736328124,SAN DIEGO,ENCINITAS,-117.29236602783205,33.06589889526367
90842453,2018,2018-10-23,9645,2018-10-16,2135,020867,NA,2,2,7,3711,0,1,1,NA,2,009,I-805 SB,VIA DE SAN YSIDRO,200,N,N,A,-,Y,NA,NA,805,NA,NA,NA,NA,NA,S,Y,3,0,1,2,A,-,07,21658,A,N,B,C,A,A,H,-,C,D,0,NA,NA,Y,NA,Y,NA,D,22,0,1,0,0,0,0,0,0,1,-,-,32.549659729003906,-117.04062652587892,SAN DIEGO,SAN DIEGO,-117.04064178466795,32.54965591430664
90842919,2018,2018-10-23,9680,2018-10-11,1930,018801,NA,4,2,5,3708,0,1,3,NA,2,028,SR-125 S/B,LEMON AVE U/C,1056,S,N,A,-,Y,NA,NA,125,NA,NA,NA,NA,NA,S,Y,4,0,3,3,A,-,03,22350,NA,N,C,C,A,A,H,-,D,D,0,NA,NA,NA,NA,Y,NA,A,01,0,0,3,0,0,0,0,0,0,-,-,32.76451873779297,-117.00225830078124,SAN DIEGO,LA MESA,-117.00220489501952,32.764522552490234
9084293,2019,2020-07-15,3705,2019-04-12,1038,EC0219,NA,5,5,5,3705,0,0,0,NA,0,001,N MARSHALL AV,FESSLER ST,103,S,N,B,-,N,NA,NA,NA,NA,NA,NA,NA,NA,NA,NA,4,0,1,2,A,-,09,21804,A,N,B,C,A,A,H,-,A,A,0,NA,NA,NA,NA,Y,NA,A,01,0,0,1,0,0,0,0,0,0,-,-,NA,NA,SAN DIEGO,EL CAJON,-116.97557830810548,32.80847930908203
90843346,2018,2018-11-09,9645,2018-01-02,2348,015938,NA,2,3,7,3711,0,1,1,NA,2,017,I-15 NORTHBOUND,POMERADO RD. O/C,556,S,N,A,-,Y,NA,NA,15,NA,NA,NA,NA,NA,N,Y,1,2,2,2,C,-,18,NA,NA,N,C,C,A,A,C,-,D,D,0,NA,NA,NA,NA,Y,NA,-,-,1,1,0,0,0,0,0,0,0,-,-,32.89152908325195,-117.11434173583984,SAN DIEGO,SAN DIEGO,-117.11427307128906,32.89155960083008
90843801,2018,2018-11-05,9650,2018-10-16,0555,017780,NA,2,3,9,3700,0,1,1,NA,2,021,I-15 S/B,LAWRENCE WELK U/C,1584,N,N,A,-,Y,NA,NA,15,NA,NA,NA,NA,NA,S,Y,2,0,1,2,A,-,03,22350,NA,N,C,C,A,A,H,-,D,D,0,NA,NA,Y,NA,Y,NA,C,02,1,0,0,0,0,0,0,0,1,-,-,33.236690521240234,-117.14923095703124,SAN DIEGO,UNINCORPORATED,-117.149169921875,33.236717224121094
90846680,2018,2018-10-26,9645,2018-10-25,1745,021639,NA,4,2,7,3711,0,1,3,NA,2,006,STATE ROUTE 94 WESTBOUND,KELTON RD. O/C,1500,W,N,A,-,Y,NA,NA,94,NA,NA,NA,NA,NA,W,Y,4,0,2,3,A,-,08,22107,NA,N,C,C,A,A,H,-,A,D,0,NA,NA,NA,NA,Y,NA,A,01,0,0,2,0,0,0,0,0,0,-,-,32.72085952758789,-117.0802001953125,SAN DIEGO,SAN DIEGO,-117.08016967773438,32.720821380615234
90846799,2018,2018-10-26,9680,2018-10-16,1910,019384,NA,2,2,9,3700,0,3,5,NA,2,001,WOODSIDE AVENUE,WINTERGARDENS BOULEVARD,540,E,N,A,-,N,NA,NA,NA,NA,NA,NA,NA,NA,NA,N,3,0,1,1,A,-,03,22350,NA,N,F,A,A,A,H,-,D,D,0,NA,NA,Y,NA,Y,NA,C,02,0,1,0,0,0,0,0,0,1,-,-,32.85628890991211,-116.92913818359376,SAN DIEGO,UNINCORPORATED,-116.92941284179688,32.85629653930664
90847521,2018,2018-10-29,9645,2018-10-19,0005,021359,NA,5,3,7,3711,0,1,1,NA,2,009,I-805 N/B,PLAZA BLVD,3274,S,N,A,-,Y,NA,NA,NA,NA,NA,NA,NA,NA,NA,Y,3,0,1,2,A,-,08,22107,NA,N,B,C,A,A,H,-,D,D,0,NA,NA,NA,NA,Y,NA,A,01,0,1,0,0,0,0,0,0,0,-,-,32.66862869262695,-117.08061981201172,SAN DIEGO,SAN DIEGO,-117.08451080322266,32.67716979980469
90847757,2018,2018-10-29,9680,2018-10-17,1917,021944,NA,3,2,9,3700,0,2,4,NA,1,029,CAMPO RD,BONITA ST,317,W,N,A,-,N,NA,NA,NA,NA,NA,NA,NA,NA,NA,Y,3,0,1,2,A,-,09,21801,A,N,D,C,A,A,H,-,C,D,0,NA,NA,NA,NA,Y,NA,A,01,0,1,0,0,0,0,0,0,0,-,-,32.74800109863281,-116.98445892333984,SAN DIEGO,UNINCORPORATED,-116.98434448242188,32.74797058105469
90848942,2018,2018-10-30,9680,2018-10-18,0335,016694,NA,4,3,5,3781,0,1,3,NA,2,028,SR-125 N/B TO SR-52 W/B,SR-52 E/B,554,S,N,A,-,Y,NA,NA,125,NA,NA,NA,R,NA,N,Y,3,0,1,1,A,-,01,23152,A,N,E,I,A,A,H,-,D,D,0,NA,NA,NA,NA,Y,Y,A,01,0,1,0,0,0,0,0,0,0,-,-,32.83530044555664,-117.00299835205078,SAN DIEGO,SANTEE,-117.00299835205078,32.83530044555664
90849841,2018,2018-10-31,9680,2018-10-19,1305,018672,NA,5,1,9,3700,0,1,3,NA,1,052,SR-78,SR-79,0,NA,Y,A,-,Y,NA,NA,78,NA,NA,NA,NA,NA,NA,Y,3,0,4,3,A,-,09,21801,A,N,A,C,A,A,H,-,A,A,0,NA,NA,NA,NA,Y,NA,A,01,0,2,2,0,0,0,0,0,0,-,-,33.109378814697266,-116.67401885986328,SAN DIEGO,UNINCORPORATED,-116.67396545410156,33.109195709228516
90850024,2018,2018-10-31,9650,2018-10-19,1933,020747,NA,5,2,9,3700,0,1,1,NA,2,022,I-15 N/B,OLD HIGHWAY 395,800,S,N,A,-,Y,NA,NA,15,NA,NA,NA,NA,NA,N,Y,3,0,1,3,A,-,03,22350,NA,N,C,C,A,A,H,-,D,D,0,NA,NA,NA,NA,Y,NA,A,01,0,1,0,0,0,0,0,0,0,-,-,33.385009765625,-117.17440795898438,SAN DIEGO,UNINCORPORATED,-117.1743621826172,33.38501739501953
90851208,2018,2019-03-26,9680,2018-10-24,0756,015008,NA,3,1,9,3700,0,1,3,NA,2,028,SR-125 N/B,SPRING STREET U/C,25,N,N,A,-,Y,NA,NA,125,NA,NA,NA,NA,NA,N,Y,3,0,2,3,A,-,03,22350,NA,N,B,A,A,A,H,-,A,D,0,NA,NA,Y,NA,Y,NA,C,02,0,1,1,0,0,0,0,0,1,-,-,32.7535514831543,-117.01136779785156,SAN DIEGO,UNINCORPORATED,-117.01129913330078,32.75347137451172
90851936,2018,2018-11-02,9650,2018-10-28,1043,019352,NA,7,1,9,3700,0,3,5,NA,1,160,W. LILAC RD.,ANNA MARIE LN.,110,E,N,A,-,N,NA,NA,NA,NA,NA,NA,NA,NA,NA,Y,4,0,1,1,A,-,08,22107,NA,N,E,I,A,A,H,-,A,D,0,NA,NA,NA,NA,Y,NA,A,07,0,0,1,0,0,0,0,0,0,-,-,33.294891357421875,-117.1952896118164,SAN DIEGO,UNINCORPORATED,-117.19538116455078,33.29474639892578
90853708,2018,2018-11-06,9645,2018-10-16,1830,016137,NA,2,2,7,3711,0,1,3,NA,2,020,SR-56 EASTBOUND,CARMEL VALLEY RD O/C,300,W,N,A,-,Y,NA,NA,56,NA,NA,NA,NA,NA,E,Y,4,0,1,3,A,-,06,21755,NA,N,B,A,A,A,H,-,C,D,0,NA,NA,Y,NA,Y,NA,C,02,0,0,1,0,0,0,0,0,1,-,-,32.94670104980469,-117.20819854736328,SAN DIEGO,SAN DIEGO,-117.2080535888672,32.94630432128906
90855531,2018,2018-11-07,9680,2018-10-28,0001,020401,NA,7,3,9,3700,0,1,1,NA,2,083,I-8 W/B,PEUTZ VALLEY RD,138,E,N,A,-,Y,NA,NA,8,NA,NA,NA,NA,NA,W,Y,4,0,1,2,A,-,17,22109,NA,N,B,C,A,A,H,-,D,D,0,NA,NA,NA,NA,Y,NA,A,01,0,0,1,0,0,0,0,0,0,-,-,32.84762954711914,-116.80526733398438,SAN DIEGO,UNINCORPORATED,-116.80526733398438,32.84763717651367
90856152,2018,2018-11-08,9680,2018-10-29,1220,015410,NA,1,1,5,3781,0,1,3,NA,2,015,SR-52 E/B,MISSION GORGE RD,528,W,N,A,-,Y,NA,NA,52,NA,NA,NA,NA,NA,E,Y,3,0,3,3,A,-,07,21658,A,N,B,C,A,A,H,-,A,D,0,NA,NA,NA,Y,Y,NA,G,25,0,1,2,0,0,0,0,0,0,-,-,32.83647155761719,-117.00826263427734,SAN DIEGO,SANTEE,-117.0082550048828,32.83644104003906
90856588,2018,2018-11-08,9650,2018-11-02,1924,017392,NA,5,2,5,3713,0,1,3,NA,2,017,SR-78 E/B,EMERALD DR,600,E,N,B,-,Y,NA,NA,78,NA,NA,NA,NA,NA,E,Y,2,0,1,4,A,-,01,23152,A,N,B,C,A,A,H,-,A,D,0,NA,NA,Y,NA,Y,Y,C,02,1,0,0,0,0,0,0,0,1,-,-,33.188499450683594,-117.2781982421875,SAN DIEGO,VISTA,-117.27822113037108,33.188541412353516
90856617,2018,2018-11-08,9650,2018-11-05,1543,021406,NA,1,2,3,3783,0,1,1,NA,2,007,I-5 N/B,MANCHESTER AVE,500,S,N,A,-,Y,NA,NA,NA,NA,NA,NA,NA,NA,NA,Y,4,0,2,3,A,-,03,22350,NA,N,C,C,A,A,H,-,A,D,0,NA,NA,NA,NA,Y,NA,D,22,0,0,2,0,0,0,0,0,0,-,-,33.01163864135742,-117.26265716552734,SAN DIEGO,SOLANA BEACH,-117.2634048461914,33.00944519042969
90857434,2018,2018-11-09,9650,2018-11-04,0810,019191,NA,7,1,6,3710,0,1,3,NA,2,015,SR-78 W/B,I-5 S/B,20,W,N,A,-,Y,NA,NA,78,NA,NA,NA,NA,NA,W,N,4,0,3,2,A,-,03,22350,NA,N,C,C,A,A,H,-,A,D,0,NA,NA,NA,NA,Y,NA,A,07,0,0,3,0,0,0,0,0,0,-,-,33.17715835571289,-117.3512725830078,SAN DIEGO,OCEANSIDE,-117.35124969482422,33.17711639404297
90857874,2018,2018-11-12,9650,2018-10-30,1205,019191,NA,2,1,5,3713,0,1,3,NA,2,017,SR-78 W/B,VISTA VILLAGE DR,1669,E,N,A,-,Y,NA,NA,78,NA,NA,NA,NA,NA,W,Y,2,0,2,3,A,-,08,22107,NA,N,C,C,A,A,H,-,A,D,0,NA,NA,NA,Y,Y,NA,A,01,1,0,1,0,0,0,0,0,0,-,-,33.19261932373047,-117.24520111083984,SAN DIEGO,VISTA,-117.24517059326172,33.19266891479492
90858627,2018,2018-11-13,9645,2018-10-26,1320,015790,NA,5,1,7,3711,0,1,3,NA,2,023,SR-163 (SB),QUINCE DRIVE (OC),300,N,N,A,-,Y,NA,NA,NA,NA,NA,NA,NA,NA,NA,N,3,0,2,3,A,-,03,22350,NA,N,C,C,A,A,H,-,A,D,0,NA,NA,NA,NA,Y,NA,A,07,0,1,1,0,0,0,0,0,0,-,-,33.02185821533203,-117.27313995361328,SAN DIEGO,SAN DIEGO,NA,NA
90859676,2018,2018-11-14,9645,2018-10-18,1445,015790,NA,4,2,7,3711,0,1,3,NA,2,023,I-805 (SB),NOBEL DRIVE (O.C),275,S,N,A,-,Y,NA,NA,NA,NA,NA,NA,NA,NA,NA,Y,3,0,1,3,A,-,03,22350,NA,N,B,C,A,A,H,-,A,D,0,NA,NA,Y,NA,Y,NA,C,02,0,1,0,0,0,0,0,0,1,-,-,33.02185821533203,-117.27313995361328,SAN DIEGO,SAN DIEGO,-117.19487762451172,32.869571685791016
90859741,2018,2018-11-14,9680,2018-11-01,1405,021476,NA,4,2,9,3700,0,3,5,NA,2,001,EL NOPAL,RIVERFORD RD,24,W,N,A,-,N,NA,NA,NA,NA,NA,NA,NA,NA,NA,N,3,0,1,1,A,-,08,22107,NA,N,E,I,A,A,H,-,A,D,0,NA,NA,NA,NA,Y,NA,A,01,0,1,0,0,0,0,0,0,0,-,-,32.861900329589844,-116.94744110107422,SAN DIEGO,UNINCORPORATED,-116.94728088378906,32.86188888549805
90860429,2018,2018-11-15,9680,2018-11-03,1845,020780,NA,6,2,5,3781,0,1,3,NA,2,015,SR-52 E/B TO SR-125 S/B,SR-125,1056,W,N,A,-,Y,NA,NA,52,NA,NA,NA,R,NA,E,Y,4,0,1,2,A,-,08,22107,NA,N,E,I,A,A,H,-,C,D,0,NA,NA,NA,NA,Y,NA,D,22,0,0,1,0,0,0,0,0,0,-,-,32.83652114868164,-117.00678253173828,SAN DIEGO,SANTEE,-117.00678253173828,32.83652114868164
90860697,2018,2018-11-15,9645,2018-11-08,1640,017480,NA,4,2,7,3711,0,1,3,NA,2,016,STATE ROUTE 52 E/B,INTERSTATE 15,1577,E,N,A,-,Y,NA,NA,52,NA,NA,NA,NA,NA,E,Y,2,0,1,2,A,-,03,22350,NA,N,C,C,A,A,H,-,A,D,0,NA,NA,Y,NA,Y,NA,C,02,1,0,0,0,0,0,0,0,1,-,-,32.84135055541992,-117.11485290527344,SAN DIEGO,SAN DIEGO,-117.11485290527344,32.84175491333008
90860802,2018,2018-11-15,9680,2018-11-03,0011,015877,NA,6,3,9,3700,0,1,1,NA,2,086,I-8 E/B,CRESTWOOD RD.,11088,W,N,A,-,Y,NA,NA,8,NA,NA,NA,NA,NA,E,Y,4,0,2,1,A,-,08,22107,NA,N,E,I,A,A,H,-,D,D,0,NA,NA,NA,NA,Y,NA,A,01,0,0,2,0,0,0,0,0,0,-,-,32.71908187866211,-116.39096069335938,SAN DIEGO,UNINCORPORATED,-116.39097595214844,32.71903991699219
90862958,2018,2019-01-10,9645,2018-11-11,1845,021601,NA,7,2,7,3711,0,1,1,NA,2,003,I-5 N/B,FOURTH AVE,75,N,N,A,-,Y,NA,NA,5,NA,NA,NA,NA,NA,N,N,2,0,2,3,A,-,07,21658,A,N,C,C,A,A,H,-,C,D,0,NA,NA,NA,NA,Y,NA,A,01,1,1,0,0,0,0,0,0,0,-,-,32.722808837890625,-117.16149139404295,SAN DIEGO,SAN DIEGO,-117.16149139404295,32.72276306152344
90863044,2018,2018-11-19,9645,2018-11-11,1616,018678,NA,7,2,6,3702,0,1,1,NA,2,001,I-5 (N/B),E STREET O/C,200,N,N,A,-,Y,NA,NA,5,NA,NA,NA,NA,NA,NA,Y,2,0,1,2,A,-,01,23152,A,N,C,C,A,A,H,-,A,D,0,NA,NA,Y,NA,Y,Y,C,02,1,0,0,0,0,0,0,0,1,-,-,32.642269134521484,-117.10086822509766,SAN DIEGO,CHULA VISTA,-117.10088348388672,32.64226531982422
90864246,2018,2018-11-27,9645,2018-11-13,0830,014461,NA,2,1,7,3711,0,1,1,NA,2,015,I-805 NORTHBOUND,OTHELLO PED O/C,715,S,N,A,-,Y,NA,NA,805,NA,NA,NA,NA,NA,N,Y,3,0,1,2,A,-,08,22107,NA,N,B,C,A,A,H,-,A,D,0,NA,NA,NA,NA,Y,NA,A,07,0,1,0,0,0,0,0,0,0,-,-,32.81502914428711,-117.1585693359375,SAN DIEGO,SAN DIEGO,-117.15843963623048,32.815128326416016
90864798,2018,2018-11-21,9645,2018-11-09,2140,020561,NA,5,2,7,3711,0,1,1,NA,2,005,I-5 S/B,MISSION BAY DR. O/C,1000,N,N,A,-,Y,NA,NA,5,NA,NA,NA,NA,NA,S,N,4,0,1,2,A,-,03,22350,NA,F,C,C,A,A,H,-,D,D,0,NA,NA,NA,NA,Y,NA,-,99,0,0,1,0,0,0,0,0,0,-,-,32.812538146972656,-117.22054290771484,SAN DIEGO,SAN DIEGO,-117.22059631347656,32.8125
90865285,2018,2018-11-21,9650,2018-11-14,2000,014886,NA,3,2,9,3700,0,1,1,NA,2,003,I-5 S/B,LAS PULGAS RD,1200,S,N,A,-,Y,NA,NA,5,NA,NA,NA,NA,NA,S,Y,3,0,1,2,A,-,08,22107,NA,N,E,I,A,A,H,-,E,D,0,NA,NA,NA,NA,Y,NA,A,01,0,1,0,0,0,0,0,0,0,-,-,33.276920318603516,-117.44603729248048,SAN DIEGO,UNINCORPORATED,-117.44602966308594,33.27693176269531
90865444,2018,2018-11-22,9680,2018-11-09,0320,019936,NA,5,3,4,3720,0,1,3,NA,2,028,SR-125 N/B TO SR-94 E/B,BROADWAY,521,S,N,A,-,Y,NA,NA,125,NA,NA,NA,R,NA,N,Y,3,0,1,1,A,-,08,22107,NA,N,E,I,A,A,H,-,C,D,0,NA,NA,NA,NA,Y,NA,A,07,0,1,0,0,0,0,0,0,0,-,-,32.74507141113281,-117.01780700683594,SAN DIEGO,LEMON GROVE,-117.01780700683594,32.74507141113281
90865501,2018,2018-11-22,9650,2018-11-10,1716,021327,NA,6,2,9,3700,0,3,5,NA,1,212,OLD CASTLE RD,INDIAN HILL PL.,40,E,N,A,-,N,NA,NA,NA,NA,NA,NA,NA,NA,NA,N,4,0,1,1,A,-,13,22515,A,N,H,A,A,A,H,-,C,D,0,NA,NA,NA,NA,Y,NA,A,07,0,0,1,0,0,0,0,0,0,-,-,33.24982833862305,-117.14643096923828,SAN DIEGO,UNINCORPORATED,-117.1477508544922,33.25047302246094
90867205,2018,2018-11-26,9650,2018-11-09,1045,015788,NA,5,1,9,3700,0,3,5,NA,2,070,CANCHA DE GOLF,VIA CORONADO,0,NA,Y,A,-,N,NA,NA,NA,NA,NA,NA,NA,NA,NA,N,3,0,1,2,A,-,03,22350,NA,N,G,B,E,A,H,-,A,D,0,Y,NA,NA,NA,Y,NA,A,07,0,1,0,0,1,0,0,0,0,-,-,32.99216079711914,-117.21254730224608,SAN DIEGO,UNINCORPORATED,-117.21256256103516,32.99216079711914
90867561,2018,2018-11-26,9680,2018-11-12,1755,021756,NA,1,2,9,3700,0,3,5,NA,2,001,LAKEVIEW RD,LAKEVIEW GRANADA DR,113,N,N,A,-,N,NA,NA,NA,NA,NA,NA,NA,NA,NA,Y,4,0,1,2,A,-,03,22350,NA,N,C,C,A,A,H,-,C,D,0,NA,NA,NA,NA,Y,NA,A,01,0,0,1,0,0,0,0,0,0,-,-,32.844661712646484,-116.90473175048828,SAN DIEGO,UNINCORPORATED,-116.90473175048828,32.84457015991211
90867967,2018,2018-11-27,9645,2018-10-31,2345,021338,NA,3,3,7,3711,0,1,1,NA,2,011,I-805 S/B TO SR-15 S/B,I-15 S/B,1200,N,N,A,-,Y,NA,NA,805,NA,NA,NA,R,NA,S,Y,4,0,2,2,A,-,01,23152,A,N,C,C,A,A,H,-,D,D,0,NA,NA,NA,NA,Y,Y,A,01,0,0,2,0,0,0,0,0,0,-,-,32.741661071777344,-117.11695861816406,SAN DIEGO,SAN DIEGO,-117.11695861816406,32.741661071777344
90867979,2018,2018-11-27,9645,2018-11-06,1810,017133,NA,2,2,6,3702,0,1,1,NA,2,001,I-5 S/B,PALOMAR STREET,1056,S,N,A,-,Y,NA,NA,5,NA,NA,NA,NA,NA,S,Y,4,0,1,2,A,-,03,22350,NA,N,C,C,A,A,H,-,C,D,0,NA,NA,NA,NA,Y,NA,A,01,0,0,1,0,0,0,0,0,0,-,-,32.6014518737793,-117.0897979736328,SAN DIEGO,CHULA VISTA,-117.08975982666016,32.60145568847656
9086961,2020,2020-07-30,3710,2020-04-17,1445,OC1236,NA,5,5,6,3710,0,0,0,NA,0,031,SHADOWRIDGE DR,CANNON RD,32,S,N,A,-,N,NA,NA,NA,NA,NA,NA,NA,NA,NA,Y,4,0,1,2,A,-,08,22107,NA,N,B,C,A,A,H,-,A,A,0,NA,NA,Y,NA,Y,NA,C,02,0,0,1,0,0,0,0,0,1,-,-,NA,NA,SAN DIEGO,OCEANSIDE,-117.25945281982422,33.169307708740234
90872178,2018,2018-11-30,9680,2018-11-18,0035,020884,NA,7,3,9,3700,0,1,3,NA,2,016,SR-67 S/B,WINTER GARDENS BLVD,858,S,N,A,-,Y,NA,NA,67,NA,NA,NA,NA,NA,S,Y,4,0,2,2,A,-,07,21658,A,F,B,C,A,A,H,-,D,D,0,NA,NA,NA,NA,Y,NA,A,01,0,0,2,0,0,0,0,0,0,-,-,32.857818603515625,-116.93389129638672,SAN DIEGO,UNINCORPORATED,-116.93386840820313,32.85775375366211
90872326,2018,2018-11-30,9650,2018-11-21,0600,021267,NA,3,1,5,3701,0,1,1,NA,2,007,I-5 N/B TO LA COSTA AVE,LA COSTA AVE,50,S,N,A,-,Y,NA,NA,5,NA,NA,NA,R,NA,N,N,4,0,1,2,A,-,08,22107,NA,N,E,I,A,A,H,-,A,A,0,NA,NA,NA,NA,Y,NA,A,01,0,0,1,0,0,0,0,0,0,-,-,33.08393096923828,-117.2972412109375,SAN DIEGO,CARLSBAD,-117.2972412109375,33.08393096923828
90872366,2018,2018-11-30,9680,2018-11-16,1535,021441,NA,5,2,5,3708,0,1,3,NA,2,028,SR-125 S/B,PANORAMA DR,13,S,N,A,-,Y,NA,NA,125,NA,NA,NA,NA,NA,S,Y,3,0,1,3,A,-,03,22350,NA,N,C,C,A,A,H,-,A,D,0,NA,NA,NA,NA,Y,NA,A,01,0,1,0,0,0,0,0,0,0,-,-,32.75559997558594,-117.0093231201172,SAN DIEGO,LA MESA,-117.0093002319336,32.755577087402344
90873489,2018,2018-12-03,9645,2018-11-19,1620,021731,NA,1,2,7,3711,0,1,1,NA,2,007,I-5 N/B,DEL MAR HEIGHTS RD,2500,N,N,B,-,Y,NA,NA,5,NA,NA,NA,NA,NA,N,Y,4,0,1,3,A,-,08,22107,NA,N,B,C,A,A,H,-,A,D,0,NA,NA,Y,NA,Y,NA,C,02,0,0,1,0,0,0,0,0,1,-,-,32.958431243896484,-117.24526214599608,SAN DIEGO,SAN DIEGO,-117.2451629638672,32.95845413208008
90873959,2018,2018-12-03,9680,2018-11-19,1600,016981,NA,1,2,9,3700,0,3,5,NA,2,001,VALLE VISTA RD,VISTA CAMINO,792,S,N,B,-,N,NA,NA,NA,NA,NA,NA,NA,NA,NA,Y,4,0,2,2,A,-,09,21804,A,N,D,C,A,A,H,-,A,D,0,NA,NA,NA,NA,Y,NA,A,01,0,0,2,0,0,0,0,0,0,-,-,32.8750114440918,-116.93605041503906,SAN DIEGO,UNINCORPORATED,-116.93618774414063,32.87520980834961