CASE_ID,ACCIDENT_YEAR,PROC_DATE,JURIS,COLLISION_DATE,COLLISION_TIME,OFFICER_ID,REPORTING_DISTRICT,DAY_OF_WEEK,CHP_SHIFT,POPULATION,CNTY_CITY_LOC,SPECIAL_COND,BEAT_TYPE,CHP_BEAT_TYPE,CITY_DIVISION_LAPD,CHP_BEAT_CLASS,BEAT_NUMBER,PRIMARY_RD,SECONDARY_RD,DISTANCE,DIRECTION,INTERSECTION,WEATHER_1,WEATHER_2,STATE_HWY_IND,CALTRANS_COUNTY,CALTRANS_DISTRICT,STATE_ROUTE,ROUTE_SUFFIX,POSTMILE_PREFIX,POSTMILE,LOCATION_TYPE,RAMP_INTERSECTION,SIDE_OF_HWY,TOW_AWAY,COLLISION_SEVERITY,NUMBER_KILLED,NUMBER_INJURED,PARTY_COUNT,PRIMARY_COLL_FACTOR,PCF_CODE_OF_VIOL,PCF_VIOL_CATEGORY,PCF_VIOLATION,PCF_VIOL_SUBSECTION,HIT_AND_RUN,TYPE_OF_COLLISION,MVIW,PED_ACTION,ROAD_SURFACE,ROAD_COND_1,ROAD_COND_2,LIGHTING,CONTROL_DEVICE,CHP_ROAD_TYPE,PEDESTRIAN_ACCIDENT,BICYCLE_ACCIDENT,MOTORCYCLE_ACCIDENT,TRUCK_ACCIDENT,NOT_PRIVATE_PROPERTY,ALCOHOL_INVOLVED,STWD_VEHTYPE_AT_FAULT,CHP_VEHTYPE_AT_FAULT,COUNT_SEVERE_INJ,COUNT_VISIBLE_INJ,COUNT_COMPLAINT_PAIN,COUNT_PED_KILLED,COUNT_PED_INJURED,COUNT_BICYCLIST_KILLED,COUNT_BICYCLIST_INJURED,COUNT_MC_KILLED,COUNT_MC_INJURED,PRIMARY_RAMP,SECONDARY_RAMP,LATITUDE,LONGITUDE,COUNTY,CITY,POINT_X,POINT_Y
91176437,2020,2020-01-29,9680,2020-01-17,1325,022050,NA,5,1,9,3700,0,2,4,NA,1,026,JAMACHA RD,SWEETWATER LN,25,E,N,B,-,N,NA,NA,NA,NA,NA,NA,NA,NA,NA,N,4,0,1,2,A,-,03,22350,NA,F,C,C,A,A,H,-,A,D,0,NA,NA,NA,NA,Y,NA,-,99,0,0,1,0,0,0,0,0,0,-,-,32.71485137939453,-117.0058364868164,SAN DIEGO,UNINCORPORATED,-117.00559997558594,32.714820861816406
91176919,2020,2020-01-30,9645,2020-01-28,0715,016047,NA,2,1,6,3702,0,1,1,NA,2,009,I-805 NORTHBOUND,BONITA ROAD,2700,N,N,A,-,Y,NA,NA,805,NA,NA,NA,NA,NA,N,Y,2,0,1,3,A,-,03,22350,NA,N,C,C,A,A,H,-,A,D,0,NA,NA,Y,NA,Y,NA,C,02,1,0,0,0,0,0,0,0,1,-,-,32.65100860595703,-117.06710815429688,SAN DIEGO,CHULA VISTA,-117.06708526611328,32.65105438232422
91178112,2020,2020-02-03,9650,2020-01-24,0705,019227,NA,5,1,9,3700,0,1,3,NA,2,065,SR-76 W/B,N. RIVER RD.,1320,E,N,A,-,Y,NA,NA,76,NA,NA,NA,NA,NA,W,Y,4,0,1,2,A,-,03,22350,NA,N,C,C,A,A,H,-,A,D,0,NA,NA,NA,NA,Y,NA,A,01,0,0,1,0,0,0,0,0,0,-,-,33.27199935913086,-117.23590850830078,SAN DIEGO,UNINCORPORATED,-117.2357177734375,33.2719612121582
91179109,2020,2020-02-03,9680,2020-01-25,0315,019475,NA,6,3,9,3700,0,1,3,NA,1,017,SR-67,MAPLEVIEW ST,1056,N,N,A,-,Y,NA,NA,67,NA,NA,NA,NA,NA,NA,Y,4,0,1,1,A,-,08,22107,NA,N,E,I,A,A,H,-,D,D,0,NA,NA,NA,NA,Y,NA,A,07,0,0,1,0,0,0,0,0,0,-,-,32.865989685058594,-116.92230987548828,SAN DIEGO,UNINCORPORATED,-116.92237091064452,32.8659782409668
91179466,2020,2020-02-04,9645,2020-01-28,0620,017717,NA,2,1,7,3711,0,1,1,NA,2,010,I-8 W/B,TEXAS ST,335,W,N,A,-,Y,NA,NA,8,NA,NA,NA,NA,NA,W,Y,4,0,1,3,A,-,03,22350,NA,N,C,C,A,A,H,-,B,D,0,NA,NA,NA,NA,Y,NA,A,01,0,0,1,0,0,0,0,0,0,-,-,32.76980972290039,-117.14096069335938,SAN DIEGO,SAN DIEGO,-117.14092254638672,32.76969528198242
91179656,2020,2020-02-04,9645,2020-01-28,2140,018987,NA,2,2,7,3711,0,1,1,NA,2,027,SR-15 SOUTHBOUND,ORANGE AVE O/C,223,N,N,A,-,Y,NA,NA,15,NA,NA,NA,NA,NA,S,N,4,0,1,2,A,-,08,22107,NA,N,E,I,A,A,H,-,A,D,0,NA,NA,NA,NA,Y,NA,A,01,0,0,1,0,0,0,0,0,0,-,-,32.75428009033203,-117.10903167724608,SAN DIEGO,SAN DIEGO,-117.10897827148438,32.75428009033203
91179704,2020,2020-02-04,9645,2020-01-27,1521,020265,NA,1,2,9,3700,0,3,5,NA,2,018,SWEETWATER RD.,VALLEY VISTA WAY,150,W,N,A,-,N,NA,NA,NA,NA,NA,NA,NA,NA,NA,Y,3,0,2,2,A,-,03,22350,NA,N,C,C,A,A,H,-,A,D,0,NA,NA,NA,NA,Y,NA,A,01,0,2,0,0,0,0,0,0,0,-,-,32.660701751708984,-117.04989624023438,SAN DIEGO,UNINCORPORATED,-117.04985809326172,32.66071319580078
91179835,2020,2020-02-04,9645,2020-01-30,0647,016766,NA,4,1,7,3711,0,1,1,NA,2,027,I-15 N/B,I-8,100,N,N,A,-,Y,NA,NA,15,NA,NA,NA,NA,NA,N,Y,3,0,1,3,A,-,03,22350,NA,N,B,C,A,A,H,-,A,D,0,NA,NA,Y,NA,Y,NA,C,02,0,1,0,0,0,0,0,0,1,-,-,32.778839111328125,-117.11225128173828,SAN DIEGO,SAN DIEGO,-117.11228942871094,32.77882766723633
91182810,2020,2020-02-10,9680,2020-01-31,0830,018356,NA,5,1,9,3700,0,3,5,NA,2,003,E. LEXINGTON AVE,GRANITE HILLS DR,10,W,N,A,-,N,NA,NA,NA,NA,NA,NA,NA,NA,NA,N,3,0,1,2,A,-,09,21453,B,N,G,B,B,A,H,-,A,A,0,Y,NA,NA,NA,Y,NA,D,22,0,1,0,0,1,0,0,0,0,-,-,32.792659759521484,-116.9209213256836,SAN DIEGO,UNINCORPORATED,-116.92082214355467,32.792720794677734
91183601,2020,2020-02-10,9645,2020-02-07,1610,016061,NA,5,2,7,3711,0,1,1,NA,2,007,I-5 S/B,LA JOLLA VILLAGE DR.,100,N,N,A,-,Y,NA,NA,5,NA,NA,NA,NA,NA,S,N,4,0,1,3,A,-,03,22350,NA,N,C,C,A,A,H,-,A,D,0,NA,NA,NA,NA,Y,NA,A,07,0,0,1,0,0,0,0,0,0,-,-,32.87232971191406,-117.22933959960938,SAN DIEGO,SAN DIEGO,-117.22932434082033,32.87232971191406
91183611,2020,2020-02-10,9645,2020-01-31,1459,020265,NA,5,2,7,3711,0,1,1,NA,2,001,I-5 S/B,DAIRY MART RD. O/C,200,N,N,A,-,Y,NA,NA,5,NA,NA,NA,NA,NA,S,Y,3,0,2,2,A,-,03,22350,NA,N,C,C,A,A,H,-,A,D,0,NA,NA,NA,NA,Y,NA,A,07,0,2,0,0,0,0,0,0,0,-,-,32.5614013671875,-117.06780242919922,SAN DIEGO,SAN DIEGO,-117.06774139404295,32.561485290527344
91184626,2020,2020-02-11,9645,2020-02-04,1600,017499,NA,2,2,5,3709,0,1,3,NA,2,008,SR-54 EASTBOUND,HIGHLAND AVE O/C,1056,E,N,A,-,Y,NA,NA,54,NA,NA,NA,NA,NA,E,N,4,0,1,2,A,-,02,22400,A,M,C,C,A,A,H,-,A,D,0,NA,NA,Y,NA,Y,NA,A,01,0,0,1,0,0,0,0,0,1,-,-,32.656089782714844,-117.0867919921875,SAN DIEGO,NATIONAL CITY,-117.08678436279295,32.65606689453125
9118594,2020,2020-09-09,3711,2020-06-20,0020,SD6210,NA,6,5,7,3711,0,0,0,NA,0,436,WOODMAN ST,WINTERS ST,631,N,N,A,-,N,NA,NA,NA,NA,NA,NA,NA,NA,NA,Y,3,0,3,2,A,-,05,21460,A,M,A,C,A,A,H,-,D,D,0,NA,NA,NA,NA,Y,Y,A,07,0,2,1,0,0,0,0,0,0,-,-,NA,NA,SAN DIEGO,SAN DIEGO,-117.05502319335938,32.706703186035156
91188231,2020,2020-02-18,9680,2020-02-05,0630,016139,NA,3,1,9,3700,0,3,5,NA,2,002,HELIX ST,JAMACHA RD,30,N,N,A,-,N,NA,NA,NA,NA,NA,NA,NA,NA,NA,N,3,0,1,2,A,-,21,22106,NA,N,C,C,A,A,H,-,A,A,0,NA,NA,NA,NA,Y,NA,A,01,0,1,0,0,0,0,0,0,0,-,-,32.71498107910156,-117.00959777832033,SAN DIEGO,UNINCORPORATED,-117.00949096679688,32.714881896972656
91188746,2020,2020-02-18,9650,2020-01-24,1154,018950,NA,5,1,5,3712,0,1,3,NA,2,019,SR-78 E/B,SAN MARCOS BLVD U/C,1056,E,N,A,-,Y,NA,NA,78,NA,NA,NA,NA,NA,E,N,4,0,1,2,D,-,00,NA,NA,N,B,A,A,A,H,-,A,D,0,NA,NA,NA,NA,Y,NA,-,-,0,0,1,0,0,0,0,0,0,-,-,33.13679122924805,-117.16912841796876,SAN DIEGO,SAN MARCOS,-117.16912841796876,33.1367301940918
91189321,2020,2020-02-19,9645,2020-01-24,0200,019577,NA,5,3,6,3702,0,1,1,NA,2,001,I-5 S/B,J ST.,148,S,N,B,-,Y,NA,NA,NA,NA,NA,NA,NA,NA,NA,Y,2,0,2,2,A,-,01,23152,A,N,E,I,E,A,H,-,C,D,0,Y,NA,NA,NA,Y,Y,A,01,2,0,0,0,1,0,0,0,0,-,-,NA,NA,SAN DIEGO,CHULA VISTA,-117.09319305419922,32.62191390991211
91190619,2020,2020-04-27,9680,2020-02-09,1030,017011,NA,7,1,9,3700,0,3,5,NA,2,002,FAXON ST,CAMBON ST,0,NA,Y,B,C,N,NA,NA,NA,NA,NA,NA,NA,NA,NA,Y,3,0,4,2,A,-,09,21800,B,N,A,C,A,B,H,-,A,D,0,NA,NA,NA,NA,Y,NA,A,07,0,1,3,0,0,0,0,0,0,-,-,32.70235824584961,-117.00414276123048,SAN DIEGO,UNINCORPORATED,-117.004150390625,32.70232009887695
91191681,2020,2020-02-24,9650,2020-02-14,1515,021200,NA,5,2,6,3706,0,1,1,NA,2,023,I-15 SB,DEL LAGO BLVD,2500,N,N,A,-,Y,NA,NA,15,NA,NA,NA,NA,NA,S,N,3,0,1,1,B,-,22,NA,NA,N,F,A,A,A,H,-,A,D,0,NA,NA,Y,NA,Y,NA,C,02,0,1,0,0,0,0,0,0,1,-,-,33.062408447265625,-117.06920623779295,SAN DIEGO,ESCONDIDO,-117.06917572021484,33.06240463256836
9119201,2020,2020-09-23,3711,2020-07-03,1945,SD8861,NA,5,5,7,3711,0,0,0,NA,0,515,IMPERIAL AV,28TH ST,11,W,N,A,-,N,NA,NA,NA,NA,NA,NA,NA,NA,NA,Y,4,0,2,2,A,-,12,21453,A,N,D,C,A,A,H,-,A,A,0,NA,NA,NA,NA,Y,NA,A,01,0,0,2,0,0,0,0,0,0,-,-,NA,NA,SAN DIEGO,SAN DIEGO,-117.13394927978516,32.70637893676758
9119208,2020,2020-09-23,3711,2020-07-05,2108,SD6366,NA,7,5,7,3711,0,0,0,NA,0,123,WEST MISSION BAY DR,RT 8,1056,N,N,A,-,N,NA,NA,NA,NA,NA,NA,NA,NA,NA,Y,4,0,2,3,A,-,07,21658,A,N,C,C,A,A,H,-,C,D,0,NA,NA,NA,NA,Y,NA,A,01,0,0,2,0,0,0,0,0,0,-,WF,NA,NA,SAN DIEGO,SAN DIEGO,-117.22618103027344,32.75888442993164
9119212,2020,2020-09-23,3711,2020-07-02,0629,SD7469,NA,4,5,7,3711,0,0,0,NA,0,524,W A ST,FRONT ST,0,NA,Y,B,-,N,NA,NA,NA,NA,NA,NA,NA,NA,NA,N,4,0,2,2,A,-,04,21703,NA,N,C,C,A,A,H,-,A,A,0,NA,NA,NA,NA,Y,NA,A,01,0,0,2,0,0,0,0,0,0,-,-,NA,NA,SAN DIEGO,SAN DIEGO,-117.16474151611328,32.71881866455078
9119213,2020,2020-09-23,3711,2020-07-02,1050,SD6774,NA,4,5,7,3711,0,0,0,NA,0,834,THORN ST,40TH ST,159,E,N,A,-,N,NA,NA,NA,NA,NA,NA,NA,NA,NA,Y,3,0,1,2,A,-,09,21804,A,N,D,G,A,A,H,-,A,D,0,NA,Y,NA,NA,Y,NA,L,04,0,1,0,0,0,0,1,0,0,-,-,NA,NA,SAN DIEGO,SAN DIEGO,-117.10898590087892,32.740333557128906
91193504,2020,2020-02-25,9680,2020-02-13,1800,021353,NA,4,2,9,3700,0,1,3,NA,1,024,SR-94 W/B,COUGAR CANYON DR,455,E,N,A,-,Y,NA,NA,94,NA,NA,NA,NA,NA,W,N,4,0,2,3,A,-,03,22350,NA,N,C,C,A,A,H,-,C,D,0,NA,NA,NA,NA,Y,NA,A,01,0,0,2,0,0,0,0,0,0,-,-,32.72768020629883,-116.92427825927734,SAN DIEGO,UNINCORPORATED,-116.92430114746094,32.72761154174805
9119443,2020,2020-09-09,3701,2020-06-12,0459,5519,084,5,5,5,3701,0,0,0,NA,0,005,PALOMAR AIRPORT RD,MELROSE DR,70,W,N,A,-,N,NA,NA,NA,NA,NA,NA,NA,NA,NA,N,4,0,1,2,A,-,09,21800,A,N,B,C,A,A,H,-,C,A,0,NA,NA,NA,NA,Y,NA,A,07,0,0,1,0,0,0,0,0,0,-,-,NA,NA,SAN DIEGO,CARLSBAD,-117.24571990966795,33.1301155090332
91194895,2020,2020-02-27,9680,2020-02-15,1430,021510,NA,6,2,9,3700,0,3,5,NA,2,001,DUNBAR LN,OLDE HIGHWAY 80,0,NA,Y,A,-,Y,NA,NA,NA,NA,NA,NA,NA,NA,NA,Y,3,0,1,2,A,-,09,21801,A,N,D,C,A,A,H,-,A,D,0,NA,NA,Y,NA,Y,NA,A,01,0,1,0,0,0,0,0,0,1,-,-,32.85826873779297,-116.81954193115234,SAN DIEGO,UNINCORPORATED,NA,NA
91195120,2020,2020-02-27,9680,2020-02-16,1605,018801,NA,7,2,9,3700,0,3,5,NA,2,003,WILLOWS ROAD,WILLOWSIDE TERRACE,40,W,N,A,-,N,NA,NA,NA,NA,NA,NA,NA,NA,NA,Y,4,0,2,2,A,-,03,22350,NA,N,C,C,A,A,H,-,A,D,0,NA,NA,NA,NA,Y,NA,A,01,0,0,2,0,0,0,0,0,0,-,-,32.83546829223633,-116.7219467163086,SAN DIEGO,UNINCORPORATED,-116.72206878662108,32.835453033447266
9119576,2020,2020-09-14,3703,2020-06-25,1255,1390,NA,4,5,3,3703,0,0,0,NA,0,001,B AV,2ND,108,S,N,B,-,N,NA,NA,NA,NA,NA,NA,NA,NA,NA,Y,4,0,1,3,A,-,03,22350,NA,N,C,E,A,A,H,-,A,D,0,NA,NA,NA,NA,Y,NA,A,01,0,0,1,0,0,0,0,0,0,-,-,NA,NA,SAN DIEGO,CORONADO,-117.17099761962892,32.69609451293945
91198832,2020,2020-02-28,9650,2020-02-22,0214,021528,NA,6,3,9,3700,0,1,1,NA,2,021,I-15 S/B,DULIN RD,2800,S,N,A,-,Y,NA,NA,15,NA,NA,NA,NA,NA,S,Y,3,0,1,1,A,-,01,23152,A,N,F,A,A,A,H,-,D,D,0,NA,NA,NA,NA,Y,Y,A,07,0,1,0,0,0,0,0,0,0,-,-,33.316280364990234,-117.15409088134766,SAN DIEGO,UNINCORPORATED,-117.15414428710938,33.316246032714844
91200172,2020,2020-03-02,9680,2020-02-19,2125,020720,NA,3,2,9,3700,0,2,4,NA,1,025,SWEETWATER ROAD,JAMACHA BOULEVARD,65,N,N,A,-,N,NA,NA,NA,NA,NA,NA,NA,NA,NA,N,3,0,1,2,A,-,11,21453,D,N,G,B,D,A,H,-,C,A,0,Y,NA,NA,NA,Y,NA,N,60,0,1,0,0,1,0,0,0,0,-,-,32.70558166503906,-117.01043701171876,SAN DIEGO,UNINCORPORATED,-117.01033020019533,32.70530700683594
91203121,2020,2020-03-06,9645,2020-03-05,1835,018428,NA,4,2,7,3711,0,1,1,NA,2,021,SR-15 N/B TO I-8 E/B,CAMINO DEL RIO SOUTH U/C,600,N,N,A,-,Y,NA,NA,15,NA,NA,NA,R,NA,N,Y,4,0,2,2,A,-,03,22350,NA,N,C,C,A,A,H,-,D,D,0,NA,NA,NA,NA,Y,NA,A,01,0,0,2,0,0,0,0,0,0,-,-,32.7782096862793,-117.1093521118164,SAN DIEGO,SAN DIEGO,-117.1093521118164,32.7782096862793
91205102,2020,2020-03-10,9680,2020-02-27,1300,020401,NA,4,1,9,3700,0,1,3,NA,1,024,SR-94,RANCHO MIGUEL RD,528,E,N,B,-,Y,NA,NA,94,NA,NA,NA,NA,NA,NA,N,4,0,2,2,A,-,03,22350,NA,N,C,C,A,A,H,-,A,D,0,NA,NA,NA,NA,Y,NA,A,01,0,0,2,0,0,0,0,0,0,-,-,32.728111267089844,-116.9037628173828,SAN DIEGO,UNINCORPORATED,-116.90377044677734,32.72806167602539
91205623,2020,2020-03-10,9650,2020-03-09,1810,021698,NA,1,2,9,3700,0,1,3,NA,1,028,SR-76,RINCON RANCH RD,1584,E,N,B,-,Y,NA,NA,76,NA,NA,NA,NA,NA,NA,Y,4,0,1,1,A,-,08,22107,NA,N,E,I,A,A,H,-,A,D,0,NA,NA,NA,NA,Y,NA,A,01,0,0,1,0,0,0,0,0,0,-,-,33.30202102661133,-116.9389877319336,SAN DIEGO,UNINCORPORATED,-116.93896484375,33.30198669433594
91205928,2020,2020-03-11,9645,2020-03-10,1300,014461,NA,2,1,7,3711,0,1,3,NA,2,020,SR-56 WESTBOUND,CARMEL CREEK RD.,500,W,N,C,-,Y,NA,NA,56,NA,NA,NA,NA,NA,W,Y,4,0,1,1,A,-,03,22350,NA,N,E,I,A,B,H,-,A,D,0,NA,NA,NA,NA,Y,NA,A,01,0,0,1,0,0,0,0,0,0,-,-,32.93716049194336,-117.23123931884766,SAN DIEGO,SAN DIEGO,-117.23103332519533,32.93662643432617
91206628,2020,2020-03-12,9650,2020-02-29,1830,021200,NA,6,2,9,3700,0,3,5,NA,2,190,ROCK SPRINGS RD,NORDAHL RD,0,NA,Y,A,-,N,NA,NA,NA,NA,NA,NA,NA,NA,NA,Y,4,0,2,2,A,-,09,21801,A,N,A,D,A,A,H,-,C,A,0,NA,NA,NA,NA,Y,NA,D,22,0,0,2,0,0,0,0,0,0,-,-,33.14131164550781,-117.11260223388672,SAN DIEGO,UNINCORPORATED,-117.11261749267578,33.141258239746094
91207018,2020,2020-03-12,9680,2020-03-02,1445,021584,NA,1,2,9,3700,0,1,3,NA,1,052,STATE ROUTE 78,WYNOLA RD,15840,E,N,A,-,Y,NA,NA,78,NA,NA,NA,NA,NA,NA,Y,3,0,1,2,A,-,05,21460,A,N,B,C,A,A,H,-,A,D,0,NA,NA,Y,NA,Y,NA,C,02,0,1,0,0,0,0,0,0,1,-,-,33.07542037963867,-116.56146240234376,SAN DIEGO,UNINCORPORATED,-116.56151580810548,33.075382232666016
91207679,2020,2020-03-13,9680,2020-02-11,0748,015912,NA,2,1,9,3700,0,2,4,NA,1,026,JAMACHA BLVD,SAN DIEGO ST,4,E,N,A,-,N,NA,NA,NA,NA,NA,NA,NA,NA,NA,N,3,0,1,2,A,-,10,21950,A,N,G,B,B,A,H,-,A,A,0,Y,NA,NA,NA,Y,NA,A,07,0,1,0,0,1,0,0,0,0,-,-,32.70817947387695,-116.98719787597656,SAN DIEGO,UNINCORPORATED,-116.98711395263672,32.70823287963867
91208502,2020,2020-03-16,9645,2020-03-06,1344,021470,NA,5,1,7,3711,0,1,3,NA,2,023,SR-163 SOUTHBOUND,6TH AVENUE,900,N,N,A,-,Y,NA,NA,163,NA,NA,NA,NA,NA,S,Y,4,0,4,2,A,-,03,22350,NA,N,C,C,A,A,H,-,A,D,0,NA,NA,NA,NA,Y,NA,A,01,0,0,4,0,0,0,0,0,0,-,-,32.75543975830078,-117.15895080566406,SAN DIEGO,SAN DIEGO,-117.1589584350586,32.755435943603516
91211840,2020,2020-03-19,9680,2020-03-10,0810,015733,NA,2,1,9,3700,0,1,3,NA,1,091,SR-78,WEEKEND VILLA RD,2112,W,N,B,C,Y,NA,NA,78,NA,NA,NA,NA,NA,NA,Y,3,0,1,1,A,-,03,22350,NA,N,D,I,A,B,H,-,A,D,0,NA,NA,NA,NA,Y,NA,A,01,0,1,0,0,0,0,0,0,0,-,-,33.07059860229492,-116.89412689208984,SAN DIEGO,UNINCORPORATED,-116.89420318603516,33.07012176513672
91216414,2020,2020-03-26,9680,2020-03-26,0845,020401,NA,4,1,9,3700,0,2,4,NA,1,020,FUERTE DR,MAYAPAN DR,551,W,N,B,-,N,NA,NA,NA,NA,NA,NA,NA,NA,NA,Y,4,0,1,1,A,-,08,22107,NA,N,E,I,A,A,H,-,A,D,0,NA,NA,NA,NA,Y,NA,D,22,0,0,1,0,0,0,0,0,0,-,-,32.763118743896484,-116.95703887939452,SAN DIEGO,UNINCORPORATED,-116.96148681640624,32.76458740234375
91219261,2020,2020-04-01,9645,2020-03-22,1325,019410,NA,7,1,7,3711,0,1,3,NA,2,016,SR-52 E/B,MAST BLVD. (U/C),3900,W,N,B,-,Y,NA,NA,52,NA,NA,NA,NA,NA,E,Y,3,0,2,2,A,-,03,22350,NA,N,C,C,A,A,H,-,A,D,0,NA,NA,NA,NA,Y,NA,D,22,0,1,1,0,0,0,0,0,0,-,-,32.85219955444336,-117.04519653320313,SAN DIEGO,SAN DIEGO,-117.0451889038086,32.852264404296875
91220516,2020,2020-04-03,9680,2020-03-28,2115,022183,T628,6,2,9,3700,0,3,5,NA,2,003,BROWNS RD,VIEJAS GRADE RD,40,E,N,A,-,N,NA,NA,NA,NA,NA,NA,NA,NA,NA,Y,2,0,1,2,A,-,01,23152,A,N,B,C,A,A,H,-,D,D,0,NA,NA,NA,NA,Y,Y,A,01,1,0,0,0,0,0,0,0,0,-,-,32.85546875,-116.69801330566406,SAN DIEGO,UNINCORPORATED,-116.69811248779295,32.85546112060547
91223004,2020,2020-04-08,9650,2020-03-31,2145,019191,NA,2,2,9,3700,0,3,5,NA,1,160,CAMINO DEL REY,LUIS REY HEIGHTS RD,634,W,N,A,-,N,NA,NA,NA,NA,NA,NA,NA,NA,NA,Y,4,0,1,2,A,-,01,23152,A,N,B,C,A,A,H,-,D,D,0,NA,NA,NA,NA,Y,Y,D,22,0,0,1,0,0,0,0,0,0,-,-,33.267818450927734,-117.16973114013672,SAN DIEGO,UNINCORPORATED,-117.16957092285156,33.26759338378906
91224358,2020,2020-04-13,9650,2020-02-29,1225,018550,NA,6,1,5,3782,0,1,1,NA,2,007,I-5 S/B,LA COSTA AVE,700,S,N,A,-,Y,NA,NA,5,NA,NA,NA,NA,NA,S,Y,3,0,1,2,A,-,07,21658,A,F,F,A,A,A,D,-,A,D,0,NA,NA,Y,NA,Y,NA,-,99,0,1,0,0,0,0,0,0,1,-,-,33.08340835571289,-117.2980499267578,SAN DIEGO,ENCINITAS,-117.29795837402344,33.08345031738281
9122611,2020,2020-09-11,3705,2020-06-16,1612,EC0324,NA,2,5,5,3705,0,0,0,NA,0,002,MAIN,MAGNOLIA,36,W,N,A,-,N,NA,NA,NA,NA,NA,NA,NA,NA,NA,NA,4,0,1,2,A,-,03,22350,NA,N,C,C,A,A,H,-,A,A,0,NA,NA,NA,NA,Y,NA,A,01,0,0,1,0,0,0,0,0,0,-,-,NA,NA,SAN DIEGO,EL CAJON,-116.96246337890624,32.794952392578125
91227024,2020,2020-04-17,9650,2020-04-14,2020,021435,NA,2,2,9,3700,0,1,3,NA,1,028,SR-76 W/B,MAGEE RD,7392,E,N,A,-,Y,NA,NA,76,NA,NA,NA,NA,NA,W,Y,2,0,2,2,A,-,08,22107,NA,F,A,C,A,A,H,-,D,D,0,NA,NA,NA,NA,Y,NA,D,22,1,0,1,0,0,0,0,0,0,-,-,33.35554885864258,-117.035400390625,SAN DIEGO,UNINCORPORATED,-117.035400390625,33.35554504394531
91227514,2020,2020-04-20,9645,2020-04-18,2350,018646,NA,6,3,7,3711,0,1,1,NA,2,017,I-15 N/B,SCRIPPS POWAY PKWY,300,S,N,C,-,Y,NA,NA,15,NA,NA,NA,NA,NA,N,N,4,0,1,2,A,-,03,22350,NA,N,C,C,A,B,H,-,D,D,0,NA,NA,NA,NA,Y,NA,A,01,0,0,1,0,0,0,0,0,0,-,-,32.937740325927734,-117.1106185913086,SAN DIEGO,SAN DIEGO,-117.11075592041016,32.937782287597656
91228078,2020,2020-04-21,9650,2020-04-16,1940,021435,NA,4,2,9,3700,0,1,3,NA,1,028,SR-76,LAZY H DR,105,E,N,A,-,Y,NA,NA,NA,NA,NA,NA,NA,NA,NA,Y,3,0,1,1,A,-,08,22107,NA,N,E,I,A,A,H,-,D,D,0,NA,NA,NA,NA,Y,NA,A,01,0,1,0,0,0,0,0,0,0,-,-,33.29201889038086,-117.96845245361328,SAN DIEGO,UNINCORPORATED,-116.96863555908205,33.2922477722168
91228505,2020,2020-04-22,9680,2020-04-19,1530,021584,NA,7,2,9,3700,0,1,3,NA,1,051,STATE ROUTE 79,SILVER FOX LN,1584,S,N,A,-,Y,NA,NA,79,NA,NA,NA,NA,NA,NA,Y,4,0,1,1,A,-,08,22107,NA,N,E,I,A,A,H,-,A,D,0,NA,NA,NA,NA,Y,NA,A,01,0,0,1,0,0,0,0,0,0,-,-,33.347530364990234,-116.73127746582033,SAN DIEGO,UNINCORPORATED,-116.73126983642578,33.34754180908203
91228632,2020,2020-04-29,9680,2020-04-17,1900,022233,NA,5,2,5,3705,0,3,5,NA,2,001,GREENFIELD DR,FLAG LN,100,W,N,A,-,N,NA,NA,NA,NA,NA,NA,NA,NA,NA,Y,4,0,1,2,A,-,01,23152,A,F,D,C,A,A,H,-,C,A,0,NA,NA,NA,NA,Y,Y,A,01,0,0,1,0,0,0,0,0,0,-,-,32.81336975097656,-116.94824981689452,SAN DIEGO,EL CAJON,-116.9482421875,32.813316345214844
91230830,2020,2020-04-29,9680,2020-04-28,1830,019255,NA,2,2,9,3700,0,3,5,NA,2,003,ALPINE BLVD,PEUTZ VALLEY RD,2112,E,N,A,-,N,NA,NA,NA,NA,NA,NA,NA,NA,NA,Y,4,0,1,1,A,-,08,22107,NA,N,E,I,A,A,H,-,A,D,0,NA,NA,NA,NA,Y,NA,A,01,0,0,1,0,0,0,0,0,0,-,-,32.843570709228516,-116.80077362060548,SAN DIEGO,UNINCORPORATED,-116.80260467529295,32.844032287597656