CASE_ID,ACCIDENT_YEAR,PROC_DATE,JURIS,COLLISION_DATE,COLLISION_TIME,OFFICER_ID,REPORTING_DISTRICT,DAY_OF_WEEK,CHP_SHIFT,POPULATION,CNTY_CITY_LOC,SPECIAL_COND,BEAT_TYPE,CHP_BEAT_TYPE,CITY_DIVISION_LAPD,CHP_BEAT_CLASS,BEAT_NUMBER,PRIMARY_RD,SECONDARY_RD,DISTANCE,DIRECTION,INTERSECTION,WEATHER_1,WEATHER_2,STATE_HWY_IND,CALTRANS_COUNTY,CALTRANS_DISTRICT,STATE_ROUTE,ROUTE_SUFFIX,POSTMILE_PREFIX,POSTMILE,LOCATION_TYPE,RAMP_INTERSECTION,SIDE_OF_HWY,TOW_AWAY,COLLISION_SEVERITY,NUMBER_KILLED,NUMBER_INJURED,PARTY_COUNT,PRIMARY_COLL_FACTOR,PCF_CODE_OF_VIOL,PCF_VIOL_CATEGORY,PCF_VIOLATION,PCF_VIOL_SUBSECTION,HIT_AND_RUN,TYPE_OF_COLLISION,MVIW,PED_ACTION,ROAD_SURFACE,ROAD_COND_1,ROAD_COND_2,LIGHTING,CONTROL_DEVICE,CHP_ROAD_TYPE,PEDESTRIAN_ACCIDENT,BICYCLE_ACCIDENT,MOTORCYCLE_ACCIDENT,TRUCK_ACCIDENT,NOT_PRIVATE_PROPERTY,ALCOHOL_INVOLVED,STWD_VEHTYPE_AT_FAULT,CHP_VEHTYPE_AT_FAULT,COUNT_SEVERE_INJ,COUNT_VISIBLE_INJ,COUNT_COMPLAINT_PAIN,COUNT_PED_KILLED,COUNT_PED_INJURED,COUNT_BICYCLIST_KILLED,COUNT_BICYCLIST_INJURED,COUNT_MC_KILLED,COUNT_MC_INJURED,PRIMARY_RAMP,SECONDARY_RAMP,LATITUDE,LONGITUDE,COUNTY,CITY,POINT_X,POINT_Y
9243018,2021,2021-04-17,3703,2021-03-22,1638,I270,NA,1,5,3,3703,0,0,0,NA,0,002,E AV,10TH ST,0,NA,Y,A,-,N,NA,NA,NA,NA,NA,NA,NA,NA,NA,N,2,0,1,2,A,-,12,22450,A,N,H,G,A,A,H,-,A,A,0,NA,Y,NA,NA,Y,NA,L,04,1,0,0,0,0,0,1,0,0,-,-,32.686859130859375,-117.1821517944336,SAN DIEGO,CORONADO,-117.18215942382813,32.68684768676758
92430329,2023,2024-07-03,9645,2023-07-11,1650,019577,NA,2,2,7,3711,0,1,1,NA,2,027,INTERSTATE-15 NORTHBOUND,RANCHO MISSION ROAD,124,S,N,A,-,Y,SD,NA,15,NA,R,6.32,H,NA,R,N,2,0,1,2,A,-,11,21954,A,F,G,B,E,A,H,-,A,D,0,Y,NA,NA,NA,Y,NA,A,01,1,0,0,0,1,0,0,0,0,-,-,32.781280517578125,-117.11298370361328,SAN DIEGO,SAN DIEGO,-117.11312866210938,32.78124237060547
92431671,2024,2024-07-05,9680,2024-06-22,315,022161,NA,6,3,9,3700,0,3,5,NA,2,002,HELIX ST.,HELIX CT.,65,N,N,A,-,N,NA,NA,NA,NA,NA,NA,NA,NA,NA,Y,4,0,1,2,A,-,01,23152,A,N,B,E,A,A,H,-,C,D,0,NA,NA,NA,NA,Y,Y,A,01,0,0,1,0,0,0,0,0,0,-,-,32.72172164916992,-117.00885772705078,SAN DIEGO,UNINCORPORATED,-117.0087890625,32.721649169921875
9243220,2021,2021-05-04,3711,2021-04-01,1911,SD6917,NA,4,5,7,3711,0,0,0,NA,0,524,BROADWAY,7TH AV,0,NA,Y,B,-,N,NA,NA,NA,NA,NA,NA,NA,NA,NA,N,4,0,1,2,A,-,10,21950,A,N,G,B,B,A,H,-,A,A,0,Y,NA,NA,NA,Y,Y,A,01,0,0,1,0,1,0,0,0,0,-,-,NA,NA,SAN DIEGO,SAN DIEGO,-117.15834045410156,32.715721130371094
92433717,2024,2024-07-09,9650,2024-06-29,1305,022588,NA,6,1,9,3700,0,1,3,NA,1,028,SR-76 WB,RICE CANYON RD,150,W,N,A,-,Y,SD,NA,76,NA,NA,19.37,H,NA,L,N,3,0,1,1,A,-,08,22107,NA,N,F,A,A,A,H,-,A,D,0,NA,NA,Y,NA,Y,NA,C,02,0,1,0,0,0,0,0,0,1,-,-,33.34260177612305,-117.13304901123048,SAN DIEGO,UNINCORPORATED,-117.13299560546876,33.34260559082031
92434049,2024,2024-07-09,9645,2024-06-27,842,016766,NA,4,1,7,3711,0,1,1,NA,2,021,I-15 N/B,ADAMS AVE,1056,N,N,A,-,Y,SD,NA,15,NA,M,6.017,H,NA,R,N,4,0,1,2,A,-,03,22350,NA,N,C,C,A,A,H,-,A,D,0,NA,NA,NA,NA,Y,NA,D,22,0,0,1,0,0,0,0,0,0,-,-,32.768798828125,-117.1118621826172,SAN DIEGO,SAN DIEGO,-117.11174774169922,32.76883316040039
92436077,2024,2024-07-11,9645,2024-06-30,1735,021231,NA,7,2,7,3711,0,1,3,NA,2,023,SR-163 S/B,WASHINGTON ST.,100,N,N,A,-,Y,SD,NA,163,NA,NA,2.838,H,NA,L,N,3,0,2,2,A,-,03,22350,NA,N,C,C,A,A,H,-,A,D,0,NA,NA,NA,NA,Y,NA,A,01,0,2,0,0,0,0,0,0,0,-,-,32.75157165527344,-117.15589141845705,SAN DIEGO,SAN DIEGO,-117.15589141845705,32.75156784057617
92440063,2024,2024-07-16,9650,2024-07-12,25,022965,NA,5,3,9,3700,0,3,5,NA,2,170,BUENA CREEK RD,LINDY WAY,475,W,N,A,-,N,NA,NA,NA,NA,NA,NA,NA,NA,NA,Y,3,0,2,2,A,-,05,21460,NA,N,B,C,A,A,H,-,D,D,0,NA,NA,NA,NA,Y,NA,-,-,0,2,0,0,0,0,0,0,0,-,-,33.182960510253906,-117.16773223876952,SAN DIEGO,UNINCORPORATED,-117.1708984375,33.18292999267578
92443770,2024,2024-07-24,9680,2024-06-08,1425,020884,NA,6,2,9,3700,0,2,4,NA,1,018,LOS COCHES RD,ORA BELLE LN,303,N,N,A,-,N,NA,NA,NA,NA,NA,NA,NA,NA,NA,Y,4,0,1,1,A,-,08,22107,NA,M,E,9,A,A,H,-,A,D,0,NA,NA,NA,NA,Y,NA,A,07,0,0,1,0,0,0,0,0,0,-,-,32.82891845703125,-116.90397644042967,SAN DIEGO,UNINCORPORATED,-116.90412139892578,32.82883834838867
9245224,2021,2021-04-16,3711,2021-03-06,1815,SD7914,NA,6,5,7,3711,0,0,0,NA,0,712,EAST SAN YSIDRO BL,BORDER VILLAGE RD,0,NA,Y,A,-,N,NA,NA,NA,NA,NA,NA,NA,NA,NA,Y,4,0,1,3,A,-,09,21804,A,N,D,C,A,A,H,-,E,D,0,NA,NA,NA,NA,Y,NA,A,01,0,0,1,0,0,0,0,0,0,-,-,NA,NA,SAN DIEGO,SAN DIEGO,-117.0389404296875,32.55120849609375
9245275,2021,2021-04-07,3711,2021-03-01,0640,SD1140,NA,1,5,7,3711,0,0,0,NA,0,122,MISSION BAY DR,ROSEWOOD ST,249,S,-,A,-,N,NA,NA,NA,NA,NA,NA,NA,NA,NA,N,3,0,1,2,A,-,08,22107,NA,N,D,G,A,A,H,-,A,D,0,NA,Y,NA,NA,Y,NA,L,04,0,1,0,0,0,0,1,0,0,-,-,NA,NA,SAN DIEGO,SAN DIEGO,-117.21311950683594,32.80009460449219
9245281,2021,2021-04-07,3711,2021-03-06,1523,SD6389,NA,6,5,7,3711,0,0,0,NA,0,114,CLAIREMONT MESA BL,LIMERICK AV,0,NA,Y,A,-,N,NA,NA,NA,NA,NA,NA,NA,NA,NA,N,4,0,2,2,A,-,08,22107,NA,N,D,C,A,A,H,-,A,A,0,NA,NA,NA,NA,Y,NA,A,01,0,0,2,0,0,0,0,0,0,-,-,NA,NA,SAN DIEGO,SAN DIEGO,-117.1787567138672,32.83441162109375
9245282,2021,2021-04-07,3711,2021-03-06,1346,SD6618,NA,6,5,7,3711,0,0,0,NA,0,71`2,SAN YSIDRO BL,BORDER VILLAGE RD,0,NA,-,A,-,N,NA,NA,NA,NA,NA,NA,NA,NA,NA,Y,3,0,2,2,A,-,09,21801,A,N,H,C,A,A,H,-,A,D,0,NA,NA,NA,NA,Y,Y,A,01,0,1,1,0,0,0,0,0,0,-,-,NA,NA,SAN DIEGO,SAN DIEGO,-117.0389404296875,32.55120849609375
9246421,2021,2021-04-12,3711,2021-02-17,0732,SD6532,NA,3,5,7,3711,0,0,0,NA,0,622,LINDA VISTA RD,NAPA ST,119,S,N,B,-,N,NA,NA,NA,NA,NA,NA,NA,NA,NA,N,4,0,1,2,A,-,08,22107,NA,N,D,G,A,A,H,-,A,D,0,NA,Y,NA,NA,Y,NA,A,08,0,0,1,0,0,0,1,0,0,-,-,NA,NA,SAN DIEGO,SAN DIEGO,-117.19721221923828,32.76504135131836
9246437,2021,2021-04-12,3705,2021-02-09,1740,EC0371,NA,2,5,5,3705,0,0,0,NA,0,004,E WASHINGTON AV,N MOLLISON AV,21,E,N,A,-,N,NA,NA,NA,NA,NA,NA,NA,NA,NA,Y,4,0,1,2,A,-,07,21658,A,N,C,C,A,A,H,-,B,A,0,NA,NA,NA,NA,Y,NA,A,01,0,0,1,0,0,0,0,0,0,-,-,NA,NA,SAN DIEGO,EL CAJON,-116.95088958740234,32.78763961791992
9246463,2021,2021-04-08,3711,2021-03-17,1956,SD5655,NA,3,5,7,3711,0,0,0,NA,0,327,COLLEGE AV,COLLEGE AV 5000,0,NA,Y,B,-,N,NA,NA,NA,NA,NA,NA,NA,NA,NA,N,3,0,1,2,A,-,11,21950,B,N,G,B,E,A,H,-,C,D,0,Y,NA,NA,NA,Y,Y,N,60,0,1,0,0,1,0,0,0,0,-,-,NA,NA,SAN DIEGO,SAN DIEGO,-117.0669174194336,32.760433197021484
9246633,2021,2021-04-19,3711,2021-03-21,0939,SD1065,NA,7,5,7,3711,0,0,0,NA,0,514,25TH ST,ISLAND,0,NA,Y,A,-,N,NA,NA,NA,NA,NA,NA,NA,NA,NA,N,4,0,2,2,A,-,12,22450,A,N,D,C,A,A,H,-,C,D,0,NA,NA,NA,NA,Y,NA,A,01,0,0,2,0,0,0,0,0,0,-,-,NA,NA,SAN DIEGO,SAN DIEGO,-117.1402587890625,32.71055221557617
9246742,2021,2021-04-06,3711,2021-03-19,2045,SD8334,NA,5,5,7,3711,0,0,0,NA,0,451,MONTEZUMMA RD,COLLWOOD BL,0,NA,N,A,-,N,NA,NA,NA,NA,NA,NA,NA,NA,NA,N,4,0,1,2,A,-,08,22107,NA,M,B,C,A,-,-,-,-,-,0,NA,NA,NA,NA,Y,NA,-,99,0,0,1,0,0,0,0,0,0,-,-,NA,NA,SAN DIEGO,SAN DIEGO,-117.08600616455078,32.77006912231445
9246823,2021,2021-04-13,3700,2021-02-22,1337,SH2474,NA,1,5,5,3781,0,0,0,NA,0,519,N MAGNOLIA AV,RT 52,0,NA,Y,A,-,Y,SD,11,52,-,-,17.017,R,4,E,Y,3,0,1,2,A,-,12,21453,A,N,D,C,A,A,H,-,A,A,0,NA,NA,NA,NA,Y,NA,A,01,0,1,0,0,0,0,0,0,0,-,EF,NA,NA,SAN DIEGO,SANTEE,-116.96907043457033,32.832576751708984
9247186,2021,2021-05-03,3708,2021-03-24,1644,LM1290,NA,3,5,5,3708,0,0,0,NA,0,001,UNIVERSITY AV,LEE ST,0,NA,Y,A,-,N,NA,NA,NA,NA,NA,NA,NA,NA,NA,N,4,0,1,2,A,-,08,22107,NA,N,D,C,A,A,H,-,A,D,0,NA,NA,NA,NA,Y,NA,A,07,0,0,1,0,0,0,0,0,0,-,-,NA,NA,SAN DIEGO,LA MESA,-117.02950286865234,32.76271057128906
9247298,2021,2021-04-10,3700,2021-02-26,1557,SH5736,NA,5,5,5,3781,0,0,0,NA,0,516,MISSION GORGE RD,FANITA DR,368,W,N,A,-,N,NA,NA,NA,NA,NA,NA,NA,NA,NA,Y,4,0,2,2,A,-,03,22350,NA,N,C,C,A,A,H,-,A,A,0,NA,NA,NA,NA,Y,NA,A,01,0,0,2,0,0,0,0,0,0,-,-,NA,NA,SAN DIEGO,SANTEE,-117.00192260742188,32.83864974975586
9247639,2021,2021-04-13,3711,2021-03-25,0901,SD7981,NA,4,5,7,3711,0,0,0,NA,0,623,HOTEL CIRCLE SOUTH,HOTEL CIRCLE SOUTH  2085,9,N,N,A,B,N,NA,NA,NA,NA,NA,NA,NA,NA,NA,Y,3,0,1,2,A,-,03,22350,NA,N,C,C,A,A,H,-,-,D,0,NA,NA,NA,NA,Y,NA,A,08,0,1,0,0,0,0,0,0,0,-,-,NA,NA,SAN DIEGO,SAN DIEGO,-117.16638946533205,32.76148223876953
9248064,2021,2021-04-15,3700,2021-02-02,1824,SH0189,NA,2,5,4,3780,0,0,0,NA,0,417,KIRKHAM WY,GENERAL ATOMICS WY,2100,W,N,A,-,N,NA,NA,NA,NA,NA,NA,NA,NA,NA,N,4,0,1,2,A,-,09,21801,A,N,B,C,A,A,H,-,C,D,0,NA,NA,NA,NA,Y,NA,A,01,0,0,1,0,0,0,0,0,0,-,-,NA,NA,SAN DIEGO,POWAY,-117.02459716796876,32.935123443603516
9248701,2021,2021-04-09,3711,2021-03-19,1600,SD1134,NA,5,5,7,3711,0,0,0,NA,0,826,FAIRMOUNT AV,UNIVERISTY AV,0,NA,Y,A,-,N,NA,NA,NA,NA,NA,NA,NA,NA,NA,N,4,0,3,2,A,-,03,22350,NA,N,C,C,A,A,H,-,A,A,0,NA,NA,NA,NA,Y,NA,A,01,0,0,3,0,0,0,0,0,0,-,-,NA,NA,SAN DIEGO,SAN DIEGO,-117.10089874267578,32.749595642089844
9248782,2021,2021-04-19,3711,2021-02-28,0531,HB5475,NA,7,5,7,3711,0,0,0,NA,0,503,NORTH HARBOR DR,STILLWATER RD,0,NA,Y,A,-,N,NA,NA,NA,NA,NA,NA,NA,NA,NA,Y,4,0,1,2,A,-,03,22350,NA,N,C,C,A,A,H,-,C,A,0,NA,NA,NA,NA,Y,NA,A,01,0,0,1,0,0,0,0,0,0,-,-,NA,NA,SAN DIEGO,SAN DIEGO,-117.19268035888672,32.72939682006836
9250106,2021,2021-05-11,3711,2021-04-08,1259,SD7668,NA,4,5,7,3711,0,0,0,NA,0,233,BLACK MOUNTAIN RD,RT 56,0,NA,Y,A,-,Y,SD,11,56,-,-,7.334,R,4,E,N,4,0,1,2,A,-,11,21453,D,N,G,B,A,A,H,-,A,A,0,NA,Y,NA,NA,Y,NA,L,04,0,0,1,0,0,0,1,0,0,-,-,NA,NA,SAN DIEGO,SAN DIEGO,-117.13395690917967,32.95335388183594
9251768,2021,2021-04-27,3700,2021-03-23,1301,SH2439,NA,2,5,5,3713,0,0,0,NA,0,302,CALLE JULES,VIA FELICIDAD,420,S,N,A,-,N,NA,NA,NA,NA,NA,NA,NA,NA,NA,Y,4,0,1,2,A,-,08,22107,NA,N,B,E,A,A,H,-,A,D,0,NA,NA,NA,NA,Y,NA,A,01,0,0,1,0,0,0,0,0,0,-,-,NA,NA,SAN DIEGO,VISTA,-117.22940826416016,33.221378326416016
9252069,2020,2021-04-27,3702,2020-09-25,0016,CV1120,NA,5,5,6,3702,0,0,0,NA,0,042,BIRCH RD,MATER DEI DR,300,E,N,A,-,N,NA,NA,NA,NA,NA,NA,NA,NA,NA,Y,4,0,1,1,A,-,03,22350,NA,F,E,I,A,A,H,-,C,D,0,NA,NA,NA,NA,Y,NA,A,01,0,0,1,0,0,0,0,0,0,NO,NO,NA,NA,SAN DIEGO,CHULA VISTA,-116.97563934326172,32.61884689331055
9252070,2020,2021-04-27,3705,2020-09-10,1742,EC0219,NA,4,5,5,3705,0,0,0,NA,0,002,EAST MAIN ST,SAFARI DR,0,NA,Y,B,-,N,NA,NA,NA,NA,NA,NA,NA,NA,NA,NA,3,0,3,2,A,-,12,22450,A,N,D,C,A,A,H,-,B,A,0,NA,NA,NA,NA,Y,NA,A,01,0,1,2,0,0,0,0,0,0,-,-,NA,NA,SAN DIEGO,EL CAJON,-116.94219970703124,32.79492950439453
9252990,2021,2021-05-03,3711,2021-04-08,0625,SD7046,NA,4,5,7,3711,0,0,0,NA,0,311,HURLBUT ST,STERETT PL,0,NA,Y,A,-,N,NA,NA,NA,NA,NA,NA,NA,NA,NA,Y,4,0,1,2,B,-,22,NA,NA,N,B,C,A,A,H,-,A,D,0,NA,NA,NA,NA,Y,NA,A,01,0,0,1,0,0,0,0,0,0,-,-,NA,NA,SAN DIEGO,SAN DIEGO,-117.1418685913086,32.8049201965332
9252995,2021,2021-04-27,3711,2021-04-02,0950,SD7261,NA,5,5,7,3711,0,0,0,NA,0,124,FAY AV,MUIRLANDS DR,29,E,N,A,-,N,NA,NA,NA,NA,NA,NA,NA,NA,NA,N,3,0,2,2,A,-,08,22107,NA,N,B,C,A,A,H,-,A,D,0,NA,NA,NA,NA,Y,NA,A,01,0,1,1,0,0,0,0,0,0,-,-,NA,NA,SAN DIEGO,SAN DIEGO,-117.27201080322266,32.83500289916992
9253491,2021,2021-04-28,3711,2021-04-17,0030,SD7929,NA,6,5,7,3711,0,0,0,NA,0,934,CARMEL VALLEY RD,EL CAMINO REAL,0,NA,Y,A,-,N,NA,NA,NA,NA,NA,NA,NA,NA,NA,N,3,0,1,1,A,-,03,22350,NA,N,E,I,A,A,H,-,C,A,0,NA,NA,NA,NA,Y,NA,A,01,0,1,0,0,0,0,0,0,0,-,-,NA,NA,SAN DIEGO,SAN DIEGO,-117.23715209960938,32.93470764160156
9253498,2021,2021-04-27,3711,2021-04-18,1235,SD5365,NA,7,5,7,3711,0,0,0,NA,0,116,MORENA BL,MORENA BL 2300,0,NA,N,A,-,N,NA,NA,NA,NA,NA,NA,NA,NA,NA,N,3,0,1,1,A,-,08,22107,NA,N,E,I,A,A,H,-,A,D,0,NA,NA,NA,NA,Y,NA,-,NA,0,1,0,0,0,0,0,0,0,-,-,NA,NA,SAN DIEGO,SAN DIEGO,-117.20689392089844,32.7750129699707
9253530,2021,2021-04-28,3711,2021-04-14,0855,SD7166,NA,3,5,7,3711,0,0,0,NA,0,627,CLEVELAND AV,LINCOLN AV,300,S,N,B,-,N,NA,NA,NA,NA,NA,NA,NA,NA,NA,Y,3,0,1,2,A,-,08,22107,NA,N,-,-,A,A,-,-,A,D,0,NA,NA,NA,NA,Y,NA,A,01,0,1,0,0,0,0,0,0,0,-,-,NA,NA,SAN DIEGO,SAN DIEGO,-117.14981842041016,32.75067901611328
9253687,2021,2021-05-05,3711,2021-01-17,1659,SH3000,NA,7,5,7,3711,0,0,0,NA,0,240,RT 101,CHESTERFIELD DR,55.5,S,N,A,-,N,NA,NA,NA,NA,NA,NA,NA,NA,NA,Y,4,0,1,3,A,-,07,21658,A,N,C,C,A,A,H,-,B,A,0,NA,NA,Y,NA,Y,Y,-,NA,0,0,1,0,0,0,0,0,1,-,-,NA,NA,SAN DIEGO,SAN DIEGO,NA,NA
9253819,2021,2021-04-30,3711,2021-04-15,1101,SD1379,NA,4,5,7,3711,0,0,0,NA,0,832,MARLBOROUGH AV,UNIVERSITY AV,0,NA,Y,A,-,N,NA,NA,NA,NA,NA,NA,NA,NA,NA,Y,4,0,2,2,A,-,00,36314,NA,N,D,C,A,A,H,-,A,A,0,NA,NA,NA,NA,Y,NA,A,01,0,0,2,0,0,0,0,0,0,-,-,NA,NA,SAN DIEGO,SAN DIEGO,-117.1056900024414,32.74967575073242
9254573,2021,2021-05-12,3711,2021-04-02,1925,SD6366,NA,5,5,7,3711,0,0,0,NA,0,442,RIGEL ST,ACACIA ST,246,S,N,A,-,N,NA,NA,NA,NA,NA,NA,NA,NA,NA,N,3,0,1,2,A,-,09,21804,A,M,D,C,A,A,H,-,C,D,0,NA,NA,Y,NA,Y,NA,C,02,0,1,0,0,0,0,0,0,1,-,-,NA,NA,SAN DIEGO,SAN DIEGO,-117.11935424804688,32.692840576171875
9255246,2021,2021-05-10,3711,2021-04-30,1255,6774,NA,5,5,7,3711,0,0,0,NA,0,312,SANTO  RD,REMORA ST,28,N,N,A,-,N,NA,NA,NA,NA,NA,NA,NA,NA,NA,Y,4,0,2,2,A,-,09,21804,A,N,D,C,A,A,H,-,A,A,0,NA,NA,NA,NA,Y,NA,A,01,0,0,2,0,0,0,0,0,0,-,-,NA,NA,SAN DIEGO,SAN DIEGO,-117.10292053222656,32.83097457885742
9255955,2021,2021-05-26,3711,2021-05-01,2015,SD7661,NA,6,5,7,3711,0,0,0,NA,0,441,IMPERIAL AV,S 37TH ST,35,E,N,B,-,N,NA,NA,NA,NA,NA,NA,NA,NA,NA,N,3,0,2,2,A,-,08,38314,NA,N,E,C,A,A,H,-,C,A,0,NA,NA,NA,Y,Y,Y,A,01,0,1,1,0,0,0,0,0,0,-,-,NA,NA,SAN DIEGO,SAN DIEGO,-117.1145248413086,32.70484161376953
9256062,2021,2021-08-17,3711,2021-06-15,1500,SD1509,NA,2,5,7,3711,0,0,0,NA,0,246,SCRIPPS POWAY,SCRIPPS POWAY 10800,0,NA,N,A,-,N,NA,NA,NA,NA,NA,NA,NA,NA,NA,N,4,0,1,3,A,-,03,22350,NA,N,C,C,A,A,H,-,A,A,0,NA,NA,NA,Y,Y,NA,F,26,0,0,1,0,0,0,0,0,0,-,-,NA,NA,SAN DIEGO,SAN DIEGO,-117.11064910888672,32.93648910522461
9256797,2021,2021-07-09,3711,2021-06-01,1135,SD8447,NA,2,5,7,3711,0,0,0,NA,0,713,AVENIDA DE LA FUENTE,AVENIDA COSTA ESTE,0,NA,Y,A,-,N,NA,NA,NA,NA,NA,NA,NA,NA,NA,N,4,0,1,3,A,-,09,21802,B,N,D,C,A,A,H,-,A,D,0,NA,NA,NA,NA,Y,NA,A,01,0,0,1,0,0,0,0,0,0,-,-,NA,NA,SAN DIEGO,SAN DIEGO,-116.95503997802734,32.55621337890625
9258342,2021,2021-05-04,3711,2021-04-23,2140,SD8404,NA,5,5,7,3711,0,0,0,NA,0,621,LINDA VISTA RD,COMSTOCK ST,0,NA,Y,A,-,N,NA,NA,NA,NA,NA,NA,NA,NA,NA,Y,4,0,1,2,A,-,03,22350,NA,N,C,C,A,A,H,-,C,A,0,NA,NA,NA,NA,Y,NA,-,99,0,0,1,0,0,0,0,0,0,-,-,NA,NA,SAN DIEGO,SAN DIEGO,-117.17173767089844,32.78337478637695
9258359,2021,2021-05-04,3711,2021-04-21,1627,SD7738,NA,3,5,7,3711,0,0,0,NA,0,122,JEWELL ST,HORNBLEND ST,0,NA,Y,B,-,N,NA,NA,NA,NA,NA,NA,NA,NA,NA,N,3,0,1,2,A,-,09,21800,B,N,D,C,A,A,H,-,A,D,0,NA,NA,NA,NA,Y,NA,A,07,0,1,0,0,0,0,0,0,0,-,-,NA,NA,SAN DIEGO,SAN DIEGO,-117.23870849609376,32.79924011230469
9258880,2021,2021-05-12,3711,2021-04-24,1920,SD6146,NA,6,5,7,3711,0,0,0,NA,0,315,FAIRMOUNT,FAIRMOUNT AV,13,S,N,A,-,N,NA,NA,NA,NA,NA,NA,NA,NA,NA,Y,3,0,3,3,A,-,03,22350,NA,N,C,C,A,A,H,-,A,A,0,NA,NA,NA,NA,Y,NA,A,01,0,2,1,0,0,0,0,0,0,-,-,NA,NA,SAN DIEGO,SAN DIEGO,-117.10157012939452,32.78016662597656
9258986,2021,2021-05-12,3711,2021-04-27,1334,SD7574,NA,2,5,7,3711,0,0,0,NA,0,611,SPORTS ARENA BL,ROSECRANS ST,411,E,N,A,-,N,NA,NA,NA,NA,NA,NA,NA,NA,NA,N,3,0,1,2,A,-,03,22350,NA,N,D,G,A,A,H,-,A,D,0,NA,Y,NA,NA,Y,NA,L,04,0,1,0,0,0,0,1,0,0,-,-,NA,NA,SAN DIEGO,SAN DIEGO,-117.20494079589844,32.751529693603516
9258991,2021,2021-05-12,3711,2021-04-28,1827,SD1204,NA,3,5,7,3711,0,0,0,NA,0,611,KURTZ ST,SMITH ST,0,NA,Y,A,-,N,NA,NA,NA,NA,NA,NA,NA,NA,NA,N,4,0,2,2,A,-,09,21801,A,N,A,C,A,A,H,-,A,D,0,NA,NA,NA,NA,Y,NA,A,01,0,0,2,0,0,0,0,0,0,-,-,NA,NA,SAN DIEGO,SAN DIEGO,-117.20101928710938,32.75054931640625
9259429,2021,2021-05-19,3711,2021-05-10,1615,7945,NA,1,5,7,3711,0,0,0,NA,0,441,IMPERIAL AV,36TH ST,2,W,N,A,-,N,NA,NA,NA,NA,NA,NA,NA,NA,NA,Y,4,0,1,1,A,-,08,22107,NA,N,F,J,A,A,H,-,A,A,0,NA,NA,NA,NA,Y,NA,-,NA,0,0,1,0,0,0,0,0,0,-,-,NA,NA,SAN DIEGO,SAN DIEGO,-117.11685943603516,32.705631256103516
92596505,2024,2024-07-24,9650,2024-07-20,1440,022588,NA,6,2,6,3706,0,1,1,NA,2,023,I-15 NB,VALLEY PKWY,1300,N,N,A,-,Y,SD,NA,15,NA,R,30.803,H,NA,R,Y,3,0,1,2,A,-,08,22107,NA,F,F,A,A,A,H,-,A,D,0,NA,NA,Y,NA,Y,NA,-,99,0,1,0,0,0,0,0,0,1,-,-,33.11764144897461,-117.09986114501952,SAN DIEGO,ESCONDIDO,-117.10004425048828,33.11756896972656
92596803,2024,2024-07-24,9645,2024-07-16,141,019410,NA,2,3,7,3711,0,1,1,NA,2,007,I-5 NB,DEL MAR HTS.,2000,N,N,B,-,Y,SD,NA,5,NA,R,34.68,H,NA,R,Y,4,0,1,2,A,-,03,22350,NA,N,C,C,A,A,H,-,C,D,0,NA,NA,NA,NA,Y,NA,A,01,0,0,1,0,0,0,0,0,0,-,-,32.95785140991211,-117.24497985839844,SAN DIEGO,SAN DIEGO,-117.24504089355467,32.95783996582031
92596891,2024,2024-07-24,9680,2024-07-13,1505,021764,NA,6,2,9,3700,0,3,5,NA,2,002,AUSTIN DR,MOUNDGLEN LN,259,W,N,A,-,N,NA,NA,NA,NA,NA,NA,NA,NA,NA,Y,3,0,1,2,A,-,08,22107,NA,N,D,2,A,A,H,-,A,D,0,NA,NA,NA,NA,Y,NA,A,01,0,1,0,0,0,0,0,0,0,-,-,32.733131408691406,-116.98483276367188,SAN DIEGO,UNINCORPORATED,-116.9849090576172,32.73313903808594
9260074,2021,2021-05-20,3711,2021-05-03,1553,7426,NA,1,5,7,3711,0,0,0,NA,0,841,UNIVERSITY AV,BONILLO DR,0,NA,Y,B,-,N,NA,NA,NA,NA,NA,NA,NA,NA,NA,N,3,0,4,3,A,-,03,22350,NA,N,C,C,A,A,A,-,A,D,0,NA,NA,NA,NA,Y,NA,A,01,0,1,3,0,0,0,0,0,0,-,-,NA,NA,SAN DIEGO,SAN DIEGO,-117.05995178222656,32.75421142578125
9260214,2021,2021-05-24,3711,2021-05-05,1514,8377,NA,3,5,7,3711,0,0,0,NA,0,524,FIRST AV,W A ST,0,NA,Y,A,-,N,NA,NA,NA,NA,NA,NA,NA,NA,NA,N,3,0,1,2,D,-,00,NA,NA,N,D,C,A,A,H,-,A,A,0,NA,NA,NA,NA,Y,NA,-,-,0,1,0,0,0,0,0,0,0,-,-,NA,NA,SAN DIEGO,SAN DIEGO,-117.1638412475586,32.718833923339844
9260220,2021,2021-05-24,3711,2021-05-06,1402,7888,NA,4,5,7,3711,0,0,0,NA,0,315,QUALCOMM WY,CAMINO DEL RIO N,0,NA,Y,A,-,N,NA,NA,NA,NA,NA,NA,NA,NA,NA,Y,4,0,1,2,A,-,12,21457,A,N,H,C,A,A,H,-,A,A,0,NA,NA,NA,NA,Y,NA,A,01,0,0,1,0,0,0,0,0,0,-,-,NA,NA,SAN DIEGO,SAN DIEGO,-117.14019012451172,32.77202224731445