CASE_ID,ACCIDENT_YEAR,PROC_DATE,JURIS,COLLISION_DATE,COLLISION_TIME,OFFICER_ID,REPORTING_DISTRICT,DAY_OF_WEEK,CHP_SHIFT,POPULATION,CNTY_CITY_LOC,SPECIAL_COND,BEAT_TYPE,CHP_BEAT_TYPE,CITY_DIVISION_LAPD,CHP_BEAT_CLASS,BEAT_NUMBER,PRIMARY_RD,SECONDARY_RD,DISTANCE,DIRECTION,INTERSECTION,WEATHER_1,WEATHER_2,STATE_HWY_IND,CALTRANS_COUNTY,CALTRANS_DISTRICT,STATE_ROUTE,ROUTE_SUFFIX,POSTMILE_PREFIX,POSTMILE,LOCATION_TYPE,RAMP_INTERSECTION,SIDE_OF_HWY,TOW_AWAY,COLLISION_SEVERITY,NUMBER_KILLED,NUMBER_INJURED,PARTY_COUNT,PRIMARY_COLL_FACTOR,PCF_CODE_OF_VIOL,PCF_VIOL_CATEGORY,PCF_VIOLATION,PCF_VIOL_SUBSECTION,HIT_AND_RUN,TYPE_OF_COLLISION,MVIW,PED_ACTION,ROAD_SURFACE,ROAD_COND_1,ROAD_COND_2,LIGHTING,CONTROL_DEVICE,CHP_ROAD_TYPE,PEDESTRIAN_ACCIDENT,BICYCLE_ACCIDENT,MOTORCYCLE_ACCIDENT,TRUCK_ACCIDENT,NOT_PRIVATE_PROPERTY,ALCOHOL_INVOLVED,STWD_VEHTYPE_AT_FAULT,CHP_VEHTYPE_AT_FAULT,COUNT_SEVERE_INJ,COUNT_VISIBLE_INJ,COUNT_COMPLAINT_PAIN,COUNT_PED_KILLED,COUNT_PED_INJURED,COUNT_BICYCLIST_KILLED,COUNT_BICYCLIST_INJURED,COUNT_MC_KILLED,COUNT_MC_INJURED,PRIMARY_RAMP,SECONDARY_RAMP,LATITUDE,LONGITUDE,COUNTY,CITY,POINT_X,POINT_Y
9375962,2021,2021-12-23,3702,2021-10-26,1126,CV0986,NA,2,5,6,3702,0,0,0,NA,0,014,H ST,CORTE MARIA,15,E,N,A,-,N,NA,NA,NA,NA,NA,NA,NA,NA,NA,Y,4,0,3,3,A,-,03,22350,NA,N,C,C,A,A,H,-,A,A,0,NA,NA,NA,NA,Y,NA,A,07,0,0,3,0,0,0,0,0,0,-,-,NA,NA,SAN DIEGO,CHULA VISTA,-117.0673828125,32.63716125488281
9375970,2021,2021-12-23,3702,2021-10-17,1903,CV1268,NA,7,5,6,3702,0,0,0,NA,0,021,BROADWAY,OXFORD ST,0,NA,Y,A,-,N,NA,NA,NA,NA,NA,NA,NA,NA,NA,Y,4,0,3,3,A,-,03,22350,NA,N,C,C,A,A,H,-,C,D,0,NA,NA,NA,NA,Y,NA,A,01,0,0,3,0,0,0,0,0,0,-,-,NA,NA,SAN DIEGO,CHULA VISTA,-117.08009338378906,32.6068115234375
93763827,2024,2024-08-06,9645,2024-07-29,640,015494,NA,1,1,7,3711,0,1,3,NA,2,023,SR-163 S/B,KEARNY VILLA ROAD,1000,N,N,A,-,Y,SD,NA,163,NA,R,10.99,H,NA,L,Y,3,0,1,1,A,-,08,22107,NA,N,F,A,A,A,H,-,A,D,0,NA,NA,Y,NA,Y,NA,C,02,0,1,0,0,0,0,0,0,1,-,-,32.85599136352539,-117.1167221069336,SAN DIEGO,SAN DIEGO,-117.11682891845705,32.85609436035156
93768116,2024,2024-08-07,9680,2024-07-26,1730,018672,NA,5,2,9,3700,0,3,5,NA,2,007,GREAT SOUTHERN OVERLAND STAGE RTE,SIN NOMBRE CANYON ROAD,10560,N,N,A,-,N,NA,NA,NA,NA,NA,NA,NA,NA,NA,Y,3,0,1,1,A,-,08,22107,NA,N,F,A,A,A,H,-,A,D,0,NA,NA,NA,NA,Y,NA,A,01,0,1,0,0,0,0,0,0,0,-,-,32.83852005004883,-116.19361114501952,SAN DIEGO,UNINCORPORATED,NA,NA
93768321,2024,2024-08-07,9680,2024-07-27,1905,023332,NA,6,2,9,3700,0,1,3,NA,1,040,SR-94 (CAMPO RD),SR-188,7920,W,N,A,-,Y,SD,NA,94,NA,NA,37.399,H,NA,R,N,3,0,1,2,A,-,09,21804,A,N,F,A,A,A,H,-,A,D,0,NA,NA,Y,NA,Y,NA,A,07,0,1,0,0,0,0,0,0,1,-,-,32.59342956542969,-116.6662368774414,SAN DIEGO,UNINCORPORATED,-116.66625213623048,32.59340286254883
93769384,2024,2024-08-08,9650,2024-08-05,1230,018496,NA,1,1,9,3700,0,3,5,NA,2,213,SOUTH GRADE ROAD,MPM 44.0,194,S,N,A,-,N,NA,NA,NA,NA,NA,NA,NA,NA,NA,Y,3,0,2,2,A,-,05,21752,A,N,A,C,A,A,H,-,A,D,0,NA,NA,NA,NA,Y,NA,A,01,0,2,0,0,0,0,0,0,0,-,-,33.304080963134766,-116.88771057128906,SAN DIEGO,UNINCORPORATED,NA,NA
9378266,2021,2022-01-21,3705,2021-12-13,1714,EC0407,NA,1,5,5,3705,0,0,0,NA,0,001,N JOHNSON AV,WEST MAIN ST,275,N,N,A,-,N,NA,NA,NA,NA,NA,NA,NA,NA,NA,Y,4,0,1,2,A,-,07,21658,A,N,B,C,A,B,H,-,B,D,0,NA,NA,NA,NA,Y,NA,A,01,0,0,1,0,0,0,0,0,0,-,-,NA,NA,SAN DIEGO,EL CAJON,-116.97103881835938,32.79572296142578
9378720,2021,2021-12-22,3702,2021-10-19,0550,CV1086,NA,2,5,6,3702,0,0,0,NA,0,024,MAIN ST,RT 805,2,W,N,A,-,Y,SD,11,805,-,-,3.851,R,4,N,Y,4,0,2,2,A,-,-,NA,NA,N,A,C,A,A,H,-,B,A,0,NA,NA,NA,NA,Y,NA,-,-,0,0,2,0,0,0,0,0,0,-,NO,NA,NA,SAN DIEGO,CHULA VISTA,-117.0361328125,32.597633361816406
9379729,2022,2022-02-02,3711,2022-01-11,1844,SD4310,NA,2,5,7,3711,0,0,0,NA,0,123,MISSION BAY DR,N MISSION BAY DR SERVICE RD,0,NA,Y,A,-,Y,SD,11,5,-,R,22.745,R,4,S,Y,2,0,3,2,A,-,12,21453,A,N,D,C,A,A,H,-,C,A,0,NA,NA,NA,NA,Y,NA,A,01,1,1,1,0,0,0,0,0,0,-,-,NA,NA,SAN DIEGO,SAN DIEGO,-117.2099380493164,32.79724884033203
9380837,2022,2022-01-21,3703,2022-01-06,1210,1312,1,4,5,3,3703,0,0,0,NA,0,001,J AV,3RD ST,0,NA,Y,A,-,N,NA,NA,NA,NA,NA,NA,NA,NA,NA,Y,4,0,1,2,A,-,09,21802,A,N,D,C,A,A,H,-,A,A,0,NA,NA,NA,NA,Y,NA,D,22,0,0,1,0,0,0,0,0,0,-,-,32.699180603027344,-117.18228912353516,SAN DIEGO,CORONADO,-117.18179321289063,32.69915008544922
9381317,2022,2022-02-03,3711,2022-01-14,2500,SD6967,NA,5,5,7,3711,0,0,0,NA,0,326,EL CAJON BL,EL CAJON BL 7000,0,NA,N,A,-,N,NA,NA,NA,NA,NA,NA,NA,NA,NA,N,3,0,1,2,A,-,03,22350,NA,M,C,C,A,A,H,-,B,A,0,NA,NA,NA,NA,Y,NA,-,99,0,1,0,0,0,0,0,0,0,-,-,NA,NA,SAN DIEGO,SAN DIEGO,-116.9778289794922,32.784767150878906
9381560,2022,2022-02-14,3711,2022-01-10,1710,SD1539,NA,1,5,7,3711,0,0,0,NA,0,838,ORANGE AV,35TH ST,0,NA,Y,A,-,N,NA,NA,NA,NA,NA,NA,NA,NA,NA,N,3,0,1,2,A,-,08,22107,NA,M,G,B,B,A,H,-,C,A,0,Y,NA,NA,NA,Y,NA,-,99,0,1,0,0,1,0,0,0,0,-,-,NA,NA,SAN DIEGO,SAN DIEGO,-117.11795806884766,32.7532844543457
9381748,2021,2022-02-03,3700,2021-12-16,1720,SH3684,NA,4,5,5,3713,0,0,0,NA,0,308,OLIVE AV,GRANADA DR,0,NA,Y,A,-,N,NA,NA,NA,NA,NA,NA,NA,NA,NA,N,4,0,1,2,A,-,05,21650,NA,N,D,G,A,A,H,-,C,D,0,NA,Y,NA,NA,Y,NA,L,04,0,0,1,0,0,0,1,0,0,-,-,NA,NA,SAN DIEGO,VISTA,-117.2703094482422,33.20475387573242
9383433,2021,2022-01-06,3711,2021-12-15,1932,SD7980,NA,3,5,7,3711,0,0,0,NA,0,233,CARMEL MOUNTAIN RD,BLACK MOUNTAIN RD,0,NA,Y,A,-,N,NA,NA,NA,NA,NA,NA,NA,NA,NA,Y,2,0,5,2,A,-,12,21453,A,N,D,C,A,A,H,-,C,A,0,NA,NA,NA,NA,Y,NA,A,01,2,0,3,0,0,0,0,0,0,-,-,NA,NA,SAN DIEGO,SAN DIEGO,-117.12677764892578,32.96334457397461
9383439,2021,2022-01-06,3711,2021-12-10,1348,SD1150,NA,5,5,7,3711,0,0,0,NA,0,122,CROWN POINT DR,CROWN POINT DR 3416,0,NA,-,A,-,N,NA,NA,NA,NA,NA,NA,NA,NA,NA,N,3,0,1,2,A,-,03,22350,NA,N,H,I,A,A,H,-,A,D,0,NA,NA,Y,NA,Y,NA,C,02,0,1,0,0,0,0,0,0,1,-,-,NA,NA,SAN DIEGO,SAN DIEGO,-117.23471,32.781506
9384242,2021,2021-12-28,3702,2021-11-03,1520,CV1263,NA,3,5,6,3702,0,0,0,NA,0,013,4TH AV,PARK WY,0,NA,Y,A,-,N,NA,NA,NA,NA,NA,NA,NA,NA,NA,N,4,0,1,2,A,-,08,22107,NA,N,D,C,A,A,H,-,A,D,0,NA,NA,NA,NA,Y,NA,A,01,0,0,1,0,0,0,0,0,0,-,-,NA,NA,SAN DIEGO,CHULA VISTA,-117.08297729492188,32.637535095214844
9384584,2021,2022-01-12,3711,2021-12-17,0947,SD8447,NA,5,5,7,3711,0,0,0,NA,0,725,DEL SOL BL,DENNERY RD,0,NA,Y,A,-,N,NA,NA,NA,NA,NA,NA,NA,NA,NA,Y,3,0,2,2,A,-,03,22350,NA,N,A,C,A,A,-,-,A,D,0,NA,NA,NA,NA,Y,NA,A,01,0,1,1,0,0,0,0,0,0,-,-,NA,NA,SAN DIEGO,SAN DIEGO,-117.03600311279295,32.573158264160156
9384665,2021,2021-12-27,3705,2021-05-26,1521,EC0371,NA,3,5,5,3705,0,0,0,NA,0,004,AVOCADO AV,CARTER ST,14,N,N,A,-,N,NA,NA,NA,NA,NA,NA,NA,NA,NA,N,4,0,1,2,A,-,09,21802,A,N,D,C,A,A,H,-,A,A,0,NA,NA,NA,NA,Y,NA,A,01,0,0,1,0,0,0,0,0,0,-,-,NA,NA,SAN DIEGO,EL CAJON,-116.9577407836914,32.78266906738281
9384687,2021,2022-01-19,3711,2021-12-01,0708,SD6834,NA,3,5,7,3711,0,0,0,NA,0,937,TEMPLETON ST,PASEO DEL SUR,181,E,N,E,-,N,NA,NA,NA,NA,NA,NA,NA,NA,NA,N,3,0,1,2,A,-,08,22107,NA,N,B,E,A,A,H,-,A,D,0,NA,NA,NA,NA,Y,NA,A,07,0,1,0,0,0,0,0,0,0,-,-,NA,NA,SAN DIEGO,SAN DIEGO,-117.1307373046875,33.01938247680664
9385250,2021,2022-01-12,3711,2021-12-27,0140,SD1042,NA,1,5,7,3711,0,0,0,NA,0,624,TEXAS ST,TEXAS ST 4100,0,NA,N,A,-,N,NA,NA,NA,NA,NA,NA,NA,NA,NA,Y,3,0,1,3,A,-,08,22107,NA,N,C,E,A,A,H,-,C,A,0,NA,NA,NA,NA,Y,Y,A,01,0,1,0,0,0,0,0,0,0,-,-,NA,NA,SAN DIEGO,SAN DIEGO,-117.13963317871094,32.76919937133789
9385839,2021,2022-01-26,3700,2021-12-01,1718,SH3684,NA,3,5,5,3713,0,0,0,NA,0,319,SOUTH MELROSE DR,DAWSON DR,102,NA,N,A,-,N,NA,NA,NA,NA,NA,NA,NA,NA,NA,N,4,0,1,2,A,-,03,22350,NA,N,C,C,A,A,H,-,C,D,0,NA,NA,NA,NA,Y,NA,D,22,0,0,1,0,0,0,0,0,0,-,-,NA,NA,SAN DIEGO,VISTA,-117.2422332763672,33.150169372558594
9387421,2021,2022-01-04,3711,2021-12-04,2355,SD5531,NA,6,5,7,3711,0,0,0,NA,0,126,MERRYFIELD RD,TORREYANA RD,10,E,N,A,-,N,NA,NA,NA,NA,NA,NA,NA,NA,NA,Y,2,0,1,1,A,-,03,22350,NA,N,E,I,A,A,H,-,C,D,0,NA,NA,NA,NA,Y,Y,A,01,1,0,0,0,0,0,0,0,0,-,-,NA,NA,SAN DIEGO,SAN DIEGO,-117.23876953125,32.90184783935547
9387513,2021,2022-01-11,3711,2021-12-03,1443,SD7758,NA,5,5,7,3711,0,0,0,NA,0,713,OTAY MESA RD,INNOVATIVE DR,0,NA,Y,A,-,N,NA,NA,NA,NA,NA,NA,NA,NA,NA,N,3,0,1,1,A,-,03,22350,NA,N,H,J,A,A,H,-,A,A,0,NA,NA,Y,NA,Y,NA,C,02,0,1,0,0,0,0,0,0,1,-,-,NA,NA,SAN DIEGO,SAN DIEGO,-117.0012664794922,32.568363189697266
9388697,2022,2022-01-28,3711,2022-01-04,1805,SD1155,NA,2,5,7,3711,0,0,0,NA,0,936,CAMINO DEL SUR,WOLVERINE WY,525,S,N,-,-,N,NA,NA,NA,NA,NA,NA,NA,NA,NA,Y,3,0,2,2,A,-,03,22350,NA,N,C,C,A,A,H,-,C,A,0,NA,NA,NA,NA,Y,NA,A,01,0,2,0,0,0,0,0,0,0,-,-,NA,NA,SAN DIEGO,SAN DIEGO,-117.14775848388672,32.96540451049805
9390571,2022,2022-03-14,3710,2022-01-08,1629,OC1480,NA,6,5,6,3710,0,0,0,NA,0,004,VISTA WY,SOUTH COAST HWY,20,E,N,B,-,N,NA,NA,NA,NA,NA,NA,NA,NA,NA,N,4,0,1,2,A,-,03,22350,NA,M,C,C,A,A,H,-,A,A,0,NA,NA,NA,NA,Y,Y,D,22,0,0,1,0,0,0,0,0,0,-,-,NA,NA,SAN DIEGO,OCEANSIDE,-117.35950469970705,33.17211151123047
9391192,2021,2022-01-18,3711,2021-12-26,2240,SD8684,NA,7,5,7,3711,0,0,0,NA,0,122,GARNET AV,LAMONT ST,150,E,N,A,-,N,NA,NA,NA,NA,NA,NA,NA,NA,NA,Y,3,0,1,1,A,-,08,22107,NA,N,E,I,A,-,H,-,C,D,0,NA,NA,NA,NA,Y,Y,A,01,0,1,0,0,0,0,0,0,0,-,-,NA,NA,SAN DIEGO,SAN DIEGO,-117.23484802246094,32.801116943359375
9391290,2021,2022-01-14,3702,2021-11-29,0936,CV1378,NA,1,5,6,3702,0,0,0,NA,0,024,MAIN ST,MELROSE AV,15,E,N,A,-,N,NA,NA,NA,NA,NA,NA,NA,NA,NA,N,4,0,1,2,A,-,10,21950,A,N,G,B,B,A,H,-,A,D,0,Y,NA,NA,NA,Y,NA,A,01,0,0,1,0,1,0,0,0,0,-,-,NA,NA,SAN DIEGO,CHULA VISTA,-117.04006958007813,32.594810485839844
9392186,2022,2022-02-01,3711,2022-01-04,2134,SD6946,NA,2,5,7,3711,0,0,0,NA,0,611,SPORTS ARENA BL,KEMPER ST,0,NA,Y,A,-,N,NA,NA,NA,NA,NA,NA,NA,NA,NA,N,3,0,1,2,A,-,10,21950,A,N,G,B,B,-,H,-,C,A,0,Y,NA,NA,NA,Y,NA,A,01,0,1,0,0,1,0,0,0,0,-,-,NA,NA,SAN DIEGO,SAN DIEGO,-117.21379852294922,32.75407791137695
9392535,2021,2022-02-10,3709,2021-01-14,1922,NC0530,NA,4,5,5,3709,0,0,0,NA,0,021,EAST 16TH ST,E 16TH ST 1100,0,NA,Y,A,-,N,NA,NA,NA,NA,NA,NA,NA,NA,NA,N,4,0,1,2,A,-,11,21955,NA,N,G,B,C,A,H,-,B,D,0,Y,NA,NA,NA,Y,NA,N,60,0,0,1,0,0,0,0,0,0,-,-,NA,NA,SAN DIEGO,NATIONAL CITY,-117.1037139892578,32.669071197509766
9395532,2021,2022-01-28,3700,2021-12-24,1500,SH0206,NA,5,5,5,3712,0,0,0,NA,0,356,LAS POSAS RD,WEST MISSION RD,0,NA,Y,A,-,N,NA,NA,NA,NA,NA,NA,NA,NA,NA,Y,4,0,1,2,A,-,12,21453,A,N,D,C,A,A,H,-,A,A,0,NA,NA,NA,NA,Y,NA,A,01,0,0,1,0,0,0,0,0,0,-,-,NA,NA,SAN DIEGO,SAN MARCOS,-117.18900299072266,33.148414611816406
9395560,2022,2022-01-28,3700,2022-01-19,1938,SH0141,NA,3,5,5,3712,0,0,0,NA,0,357,EAST MISSION RD,BARHAM DR,27,W,N,A,-,N,NA,NA,NA,NA,NA,NA,NA,NA,NA,Y,4,0,1,2,A,-,01,23152,A,N,C,C,A,A,H,-,C,A,0,NA,NA,NA,NA,Y,NA,A,01,0,0,1,0,0,0,0,0,0,-,-,NA,NA,SAN DIEGO,SAN MARCOS,-117.124755859375,33.1318244934082
9396001,2022,2022-02-04,3711,2022-01-17,1430,SD1549,NA,1,5,7,3711,0,0,0,NA,0,627,6TH AV,UNIVERSITY AV,0,NA,Y,A,-,N,NA,NA,NA,NA,NA,NA,NA,NA,NA,N,4,0,1,2,A,-,04,21703,NA,M,C,C,A,A,H,-,A,A,0,NA,NA,NA,NA,Y,Y,-,NA,0,0,1,0,0,0,0,0,0,-,-,NA,NA,SAN DIEGO,SAN DIEGO,-117.15953063964844,32.74832534790039
9400550,2022,2022-02-24,3702,2022-01-18,1215,CV1356,NA,2,5,6,3702,0,0,0,NA,0,012,H ST,RT 5,0,NA,Y,A,-,Y,SD,11,5,-,-,7.676,R,4,N,N,4,0,1,2,A,-,03,22350,NA,N,C,C,A,A,H,-,A,A,0,NA,NA,NA,NA,Y,NA,D,22,0,0,1,0,0,0,0,0,0,-,NF,NA,NA,SAN DIEGO,CHULA VISTA,-117.09502410888672,32.627342224121094
94018915,2024,2024-08-09,9650,2024-08-08,1000,017328,NA,4,1,9,3700,0,2,4,NA,2,061,E. MISSION RD.,KNOLL PARK LN,2,W,N,A,-,N,NA,NA,NA,NA,NA,NA,NA,NA,NA,Y,4,0,1,2,A,-,03,22350,NA,N,D,C,A,A,H,-,A,D,0,NA,NA,NA,NA,Y,NA,A,01,0,0,1,0,0,0,0,0,0,-,-,33.38747024536133,-117.2353286743164,SAN DIEGO,UNINCORPORATED,-117.23526763916016,33.38747024536133
9403731,2022,2022-06-11,3711,2022-02-25,1955,SD7816,NA,5,5,7,3711,0,0,0,NA,0,321,RIVERDALE ST,GLACIER AV,80,N,N,A,-,N,NA,NA,NA,NA,NA,NA,NA,NA,NA,Y,3,0,1,2,C,-,18,NA,NA,N,B,C,A,A,H,-,C,D,0,NA,NA,NA,NA,Y,NA,-,-,0,1,0,0,0,0,0,0,0,-,-,NA,NA,SAN DIEGO,SAN DIEGO,-117.099609375,32.788978576660156
9406192,2022,2022-02-25,3711,2022-02-01,1810,SD7200,NA,2,5,7,3711,0,0,0,NA,0,114,REGENTS RD,RT 52,0,NA,Y,A,-,N,NA,NA,NA,NA,NA,NA,NA,NA,NA,N,4,0,1,2,A,-,04,21703,NA,N,C,C,A,A,H,-,C,A,0,NA,NA,NA,NA,Y,NA,A,01,0,0,1,0,0,0,0,0,0,-,EF,NA,NA,SAN DIEGO,SAN DIEGO,-117.21762847900392,32.841739654541016
9407349,2022,2022-03-16,3709,2022-02-13,1546,NC0530,NA,7,5,5,3709,0,0,0,NA,0,023,N 2ND ST,N 2ND ST 3000,0,NA,Y,A,-,N,NA,NA,NA,NA,NA,NA,NA,NA,NA,Y,2,0,1,1,A,-,03,22350,NA,N,H,J,A,A,H,-,A,D,0,NA,NA,Y,NA,Y,Y,C,02,1,0,0,0,0,0,0,0,1,-,-,NA,NA,SAN DIEGO,NATIONAL CITY,-117.10894775390624,32.68098831176758
9407735,2022,2022-03-07,3702,2022-02-16,1430,CV1380,NA,3,5,6,3702,0,0,0,NA,0,023,E NAPLE ST,NEPTUNE DR,17,W,N,A,-,N,NA,NA,NA,NA,NA,NA,NA,NA,NA,Y,4,0,2,2,A,-,08,22107,NA,N,A,C,A,A,H,-,A,D,0,NA,NA,NA,NA,Y,NA,A,07,0,0,2,0,0,0,0,0,0,-,-,NA,NA,SAN DIEGO,CHULA VISTA,-117.04305267333984,32.62104415893555
9410915,2021,2022-02-18,3700,2021-12-09,0711,SH4148,NA,4,5,4,3707,0,0,0,NA,0,705,12TH ST,ELM AV,8,N,N,B,C,Y,NA,NA,NA,NA,NA,NA,NA,NA,NA,N,4,0,1,5,A,-,03,22350,NA,N,A,E,A,B,G,-,D,D,0,NA,NA,NA,NA,Y,NA,A,01,0,0,1,0,0,0,0,0,0,-,-,NA,NA,SAN DIEGO,IMPERIAL BEACH,-117.10813903808594,32.58072280883789
9411378,2021,2022-02-22,3711,2021-11-14,1429,SD7277,NA,7,5,7,3711,0,0,0,NA,0,614,NIAGARA AV,OCEAN FRONT WY,1,E,N,A,-,N,NA,NA,NA,NA,NA,NA,NA,NA,NA,N,4,0,1,2,A,-,09,21804,A,N,D,G,A,A,H,-,A,D,0,NA,Y,NA,NA,Y,NA,L,04,0,0,1,0,0,0,1,0,0,-,-,NA,NA,SAN DIEGO,SAN DIEGO,NA,NA
9411490,2022,2022-03-29,3710,2022-01-13,1236,OC1506,NA,4,5,6,3710,0,0,0,NA,0,010,MISSION AV,BROOKS ST,0,NA,Y,A,-,N,NA,NA,NA,NA,NA,NA,NA,NA,NA,N,4,0,1,3,A,-,03,22350,NA,F,C,C,A,A,H,-,A,A,0,NA,NA,NA,NA,Y,NA,D,22,0,0,1,0,0,0,0,0,0,-,-,NA,NA,SAN DIEGO,OCEANSIDE,-117.36945343017578,33.20146942138672
9411591,2022,2022-02-16,3711,2022-01-22,0833,SD7758,NA,6,5,7,3711,0,0,0,NA,0,713,AIRWAY RD,AIRWAY RD 7800,0,NA,-,A,-,N,NA,NA,NA,NA,NA,NA,NA,NA,NA,N,3,0,1,2,A,-,09,21804,A,N,D,C,A,A,H,-,A,D,0,NA,NA,Y,NA,Y,NA,A,01,0,1,0,0,0,0,0,0,1,-,-,NA,NA,SAN DIEGO,SAN DIEGO,-116.93431091308594,32.560237884521484
9411594,2022,2022-02-16,3711,2022-01-20,1647,SD1628,NA,4,5,7,3711,0,0,0,NA,0,623,HOTEL CIRCLE SOUTH,HOTEL CIRCLE CT,118,W,N,A,-,N,NA,NA,NA,NA,NA,NA,NA,NA,NA,Y,4,0,2,2,A,-,08,22107,NA,N,B,C,A,A,H,-,B,D,0,NA,NA,NA,NA,Y,NA,A,01,0,0,2,0,0,0,0,0,0,-,-,NA,NA,SAN DIEGO,SAN DIEGO,-117.17463684082033,32.759193420410156
9411670,2022,2022-02-17,3711,2022-01-16,1935,SD7426,NA,7,5,7,3711,0,0,0,NA,0,824,FAIRMOUNT AV,MEADE AV,0,NA,Y,A,-,N,NA,NA,NA,NA,NA,NA,NA,NA,NA,N,3,0,1,1,A,-,03,22350,NA,N,H,A,A,A,D,H,D,A,0,NA,NA,Y,NA,Y,NA,C,02,0,1,0,0,0,0,0,0,1,-,-,NA,NA,SAN DIEGO,SAN DIEGO,-117.10186767578124,32.75706481933594
9411918,2022,2022-02-24,3711,2022-02-09,1620,SD5531,NA,3,5,7,3711,0,0,0,NA,0,122,DIAMOND ST,INGRAHAM ST,0,NA,Y,A,-,N,NA,NA,NA,NA,NA,NA,NA,NA,NA,N,3,0,1,2,A,-,12,21453,A,N,D,C,A,A,H,-,A,A,0,NA,NA,Y,NA,Y,NA,C,03,0,1,0,0,0,0,0,0,1,-,-,NA,NA,SAN DIEGO,SAN DIEGO,-117.24173736572266,32.80253219604492
9412403,2022,2022-03-01,3711,2022-02-11,2350,SD1026,NA,5,5,7,3711,0,0,0,NA,0,327,63RD ST,MONTEZUMA RD,0,NA,Y,A,-,N,NA,NA,NA,NA,NA,NA,NA,NA,NA,N,3,0,1,2,A,-,08,22103,NA,N,G,B,D,A,H,-,C,A,0,Y,NA,NA,NA,Y,NA,A,01,0,1,0,0,1,0,0,0,0,-,-,NA,NA,SAN DIEGO,SAN DIEGO,-117.06439971923828,32.77046585083008
9412423,2022,2022-03-01,3711,2022-02-04,2110,SD6146,NA,5,5,7,3711,0,0,0,NA,0,521,14TH ST,IMPERIAL AV,127,N,N,A,-,N,NA,NA,NA,NA,NA,NA,NA,NA,NA,N,3,0,1,2,A,-,11,21954,A,F,G,B,E,A,H,-,D,D,0,Y,NA,NA,NA,Y,NA,N,60,0,1,0,0,1,0,0,0,0,-,-,NA,NA,SAN DIEGO,SAN DIEGO,-117.1518783569336,32.706626892089844
9412430,2022,2022-03-01,3711,2022-02-13,1820,SD7245,NA,7,5,7,3711,0,0,0,NA,0,937,CAMINO DEL SUR,PASEO DEL SUR,0,NA,Y,A,-,N,NA,NA,NA,NA,NA,NA,NA,NA,NA,Y,4,0,5,2,A,-,12,21453,A,N,D,C,A,A,H,-,C,A,0,NA,NA,NA,NA,Y,NA,A,01,0,0,5,0,0,0,0,0,0,-,-,NA,NA,SAN DIEGO,SAN DIEGO,-117.1473388671875,33.01313400268555
9412440,2022,2022-03-07,3711,2022-02-12,1615,SD7909,NA,6,5,7,3711,0,0,0,NA,0,934,DEL MAR TRAILS RD,CARMEL PARK DR,51,W,N,A,-,N,NA,NA,NA,NA,NA,NA,NA,NA,NA,N,4,0,1,1,B,-,22,NA,NA,N,E,I,A,A,H,-,A,D,0,NA,NA,NA,NA,Y,NA,A,07,0,0,1,0,0,0,0,0,0,-,-,NA,NA,SAN DIEGO,SAN DIEGO,-117.22845458984376,32.94451141357422
9413499,2022,2022-03-17,3711,2022-02-17,0850,SD5450,NA,4,5,7,3711,0,0,0,NA,0,326,MONTEZUMA RD,54TH ST,0,NA,Y,A,-,N,NA,NA,NA,NA,NA,NA,NA,NA,NA,N,4,0,1,2,A,-,12,21453,A,N,D,C,A,B,H,-,A,A,0,NA,NA,NA,NA,Y,NA,A,01,0,0,1,0,0,0,0,0,0,-,-,NA,NA,SAN DIEGO,SAN DIEGO,-117.07947540283205,32.77112579345703
9414758,2022,2022-03-01,3700,2022-02-15,1431,SH0690,NA,2,5,5,3712,0,0,0,NA,0,358,WEST SAN MARCOS BL,BUSINESS PARK DR,0,NA,Y,B,-,N,NA,NA,NA,NA,NA,NA,NA,NA,NA,N,4,0,1,2,A,-,03,22350,NA,N,C,C,A,B,H,-,A,A,0,NA,NA,NA,NA,Y,NA,A,01,0,0,1,0,0,0,0,0,0,-,-,NA,NA,SAN DIEGO,SAN MARCOS,-117.22825622558594,33.13153839111328
9415007,2022,2022-03-01,3710,2022-02-13,1150,OC1516,NA,7,5,6,3710,0,0,0,NA,0,018,NORTH RIVER RD,W REDONDO,0,NA,Y,A,-,N,NA,NA,NA,NA,NA,NA,NA,NA,NA,Y,4,0,2,2,A,-,12,21453,A,N,D,C,A,A,H,-,A,A,0,NA,NA,NA,NA,Y,NA,A,01,0,0,2,0,0,0,0,0,0,-,-,NA,NA,SAN DIEGO,OCEANSIDE,-117.30119323730467,33.24931335449219
9415311,2022,2022-03-01,3705,2022-01-20,1641,EC0383,NA,4,5,5,3705,0,0,0,NA,0,002,E MADISON AV,SHADY LN,0,NA,Y,A,-,N,NA,NA,NA,NA,NA,NA,NA,NA,NA,Y,3,0,1,2,A,-,09,21802,A,N,D,C,A,A,H,-,A,D,0,NA,NA,NA,NA,Y,NA,A,01,0,1,0,0,0,0,0,0,0,-,-,NA,NA,SAN DIEGO,EL CAJON,-116.93801879882813,32.800132751464844
9415362,2022,2022-03-09,3710,2022-02-05,1608,OC0873,NA,6,5,6,3710,0,0,0,NA,0,018,VANDEGRIFT BL,REDONDO DR,20,N,N,A,-,N,NA,NA,NA,NA,NA,NA,NA,NA,NA,N,4,0,2,2,A,-,04,21703,NA,F,C,C,A,A,H,-,A,A,0,NA,NA,NA,NA,Y,NA,D,22,0,0,2,0,0,0,0,0,0,-,-,NA,NA,SAN DIEGO,OCEANSIDE,-117.29939270019533,33.25487518310547