CASE_ID,ACCIDENT_YEAR,PROC_DATE,JURIS,COLLISION_DATE,COLLISION_TIME,OFFICER_ID,REPORTING_DISTRICT,DAY_OF_WEEK,CHP_SHIFT,POPULATION,CNTY_CITY_LOC,SPECIAL_COND,BEAT_TYPE,CHP_BEAT_TYPE,CITY_DIVISION_LAPD,CHP_BEAT_CLASS,BEAT_NUMBER,PRIMARY_RD,SECONDARY_RD,DISTANCE,DIRECTION,INTERSECTION,WEATHER_1,WEATHER_2,STATE_HWY_IND,CALTRANS_COUNTY,CALTRANS_DISTRICT,STATE_ROUTE,ROUTE_SUFFIX,POSTMILE_PREFIX,POSTMILE,LOCATION_TYPE,RAMP_INTERSECTION,SIDE_OF_HWY,TOW_AWAY,COLLISION_SEVERITY,NUMBER_KILLED,NUMBER_INJURED,PARTY_COUNT,PRIMARY_COLL_FACTOR,PCF_CODE_OF_VIOL,PCF_VIOL_CATEGORY,PCF_VIOLATION,PCF_VIOL_SUBSECTION,HIT_AND_RUN,TYPE_OF_COLLISION,MVIW,PED_ACTION,ROAD_SURFACE,ROAD_COND_1,ROAD_COND_2,LIGHTING,CONTROL_DEVICE,CHP_ROAD_TYPE,PEDESTRIAN_ACCIDENT,BICYCLE_ACCIDENT,MOTORCYCLE_ACCIDENT,TRUCK_ACCIDENT,NOT_PRIVATE_PROPERTY,ALCOHOL_INVOLVED,STWD_VEHTYPE_AT_FAULT,CHP_VEHTYPE_AT_FAULT,COUNT_SEVERE_INJ,COUNT_VISIBLE_INJ,COUNT_COMPLAINT_PAIN,COUNT_PED_KILLED,COUNT_PED_INJURED,COUNT_BICYCLIST_KILLED,COUNT_BICYCLIST_INJURED,COUNT_MC_KILLED,COUNT_MC_INJURED,PRIMARY_RAMP,SECONDARY_RAMP,LATITUDE,LONGITUDE,COUNTY,CITY,POINT_X,POINT_Y
9415764,2021,2022-03-15,3700,2021-12-23,0904,SH0375,NA,4,5,4,3720,0,0,0,NA,0,066,PALM ST,LEMON GROVE AV,0,NA,Y,A,-,N,NA,NA,NA,NA,NA,NA,NA,NA,NA,N,4,0,1,4,A,-,12,21453,A,F,B,C,A,A,-,-,A,A,0,NA,NA,NA,NA,Y,Y,D,22,0,0,1,0,0,0,0,0,0,-,-,NA,NA,SAN DIEGO,LEMON GROVE,-117.03194427490234,32.734745025634766
9416196,2022,2022-03-25,3711,2022-03-06,1812,SD1619,NA,7,5,7,3711,0,0,0,NA,0,515,28TH ST,28TH ST 435,0,NA,Y,A,-,N,NA,NA,NA,NA,NA,NA,NA,NA,NA,N,4,0,1,2,A,-,04,21703,NA,M,C,C,A,A,H,-,C,A,0,NA,NA,NA,NA,Y,NA,A,01,0,0,1,0,0,0,0,0,0,-,-,NA,NA,SAN DIEGO,SAN DIEGO,-117.13388061523438,32.70528793334961
9416220,2022,2022-03-25,3711,2022-03-04,0317,SD1604,NA,5,5,7,3711,0,0,0,NA,0,242,MIRA MESA BL,RICKERT RD,360,E,N,C,-,N,NA,NA,NA,NA,NA,NA,NA,NA,NA,N,3,0,1,1,A,-,03,22350,NA,N,E,I,A,B,H,-,C,A,0,NA,NA,NA,NA,Y,NA,A,01,0,1,0,0,0,0,0,0,0,-,-,NA,NA,SAN DIEGO,SAN DIEGO,-117.12589263916016,32.91706848144531
9416454,2022,2022-03-21,3702,2022-02-22,1341,CV1326,NA,2,5,6,3702,0,0,0,NA,0,012,WOODLAWN AV,G ST,104,S,N,A,-,N,NA,NA,NA,NA,NA,NA,NA,NA,NA,Y,4,0,1,2,A,-,09,21804,A,N,D,C,A,A,H,-,A,D,0,NA,NA,NA,NA,Y,NA,A,01,0,0,1,0,0,0,0,0,0,-,-,NA,NA,SAN DIEGO,CHULA VISTA,-117.09514617919922,32.63290023803711
9416457,2022,2022-03-21,3702,2022-02-22,0953,CV1360,NA,2,5,6,3702,0,0,0,NA,0,041,BRANDYWINE AV,RIVERA ST,0,NA,Y,B,-,N,NA,NA,NA,NA,NA,NA,NA,NA,NA,Y,3,0,1,2,A,-,03,22350,NA,N,A,E,A,A,H,-,A,D,0,NA,NA,NA,NA,Y,NA,A,01,0,1,0,0,0,0,0,0,0,-,-,NA,NA,SAN DIEGO,CHULA VISTA,-117.02817535400392,32.6087646484375
9418679,2022,2022-03-25,3700,2022-01-08,1832,SH2659,NA,6,5,5,3712,0,0,0,NA,0,360,POPPY RD,WINDRIDGE CIR,10,E,N,A,-,N,NA,NA,NA,NA,NA,NA,NA,NA,NA,Y,3,0,2,2,A,-,17,24250,NA,N,D,C,A,A,H,-,C,D,0,NA,NA,Y,NA,Y,NA,C,03,0,1,1,0,0,0,0,0,2,-,-,NA,NA,SAN DIEGO,SAN MARCOS,-117.18286895751952,33.125614166259766
9418944,2022,2022-04-04,3700,2022-03-11,1923,SH3905,NA,5,5,5,3712,0,0,0,NA,0,357,NORTH TWIN OAKS VALLEY DR,WEST SAN MARCOS BL,90,S,N,A,-,N,NA,NA,NA,NA,NA,NA,NA,NA,NA,N,4,0,1,2,D,-,00,NA,NA,F,C,C,A,A,H,-,C,A,0,NA,NA,NA,NA,Y,NA,-,-,0,0,1,0,0,0,0,0,0,-,-,NA,NA,SAN DIEGO,SAN MARCOS,-117.16394805908205,33.14088821411133
9419049,2022,2022-04-06,3711,2022-03-16,1400,SD8404,NA,3,5,7,3711,0,0,0,NA,0,613,WEST POINT LOMA BL,NIMITZ BL,0,NA,Y,-,-,N,NA,NA,NA,NA,NA,NA,NA,NA,NA,N,4,0,1,2,A,-,12,22450,A,M,G,B,B,A,-,-,A,D,0,Y,NA,NA,NA,Y,NA,-,99,0,0,1,0,1,0,0,0,0,-,-,NA,NA,SAN DIEGO,SAN DIEGO,-117.23612213134766,32.751243591308594
9419214,2022,2022-05-13,3711,2022-04-03,1004,SD1133,NA,7,5,7,3711,0,0,0,NA,0,712,WEST SAN YSIDRO BL,SUNSET LN,0,NA,Y,A,B,N,NA,NA,NA,NA,NA,NA,NA,NA,NA,Y,4,0,2,2,B,-,22,NA,NA,N,A,C,A,B,H,-,A,-,0,NA,NA,NA,NA,Y,NA,A,01,0,0,2,0,0,0,0,0,0,-,-,NA,NA,SAN DIEGO,SAN DIEGO,-117.05975341796876,32.558128356933594
9419749,2021,2022-04-18,3700,2021-11-10,1618,SH3192,NA,3,5,5,3782,0,0,0,NA,0,222,EL CAMINO REAL,ENCINITAS BL,0,NA,Y,A,-,N,NA,NA,NA,NA,NA,NA,NA,NA,NA,Y,4,0,2,2,B,-,22,NA,NA,N,D,C,A,A,H,-,A,A,0,NA,NA,NA,NA,Y,NA,J,48,0,0,2,0,0,0,0,0,0,-,-,NA,NA,SAN DIEGO,ENCINITAS,-117.2594985961914,33.045928955078125
9420068,2022,2022-04-21,3702,2022-03-01,0550,CV1219,NA,2,5,6,3702,0,0,0,NA,0,013,3RD AV,H ST,0,NA,Y,A,-,N,NA,NA,NA,NA,NA,NA,NA,NA,NA,Y,4,0,2,2,A,-,09,21453,C,N,D,C,A,A,H,-,A,A,0,NA,NA,NA,NA,Y,NA,A,07,0,0,2,0,0,0,0,0,0,-,-,NA,NA,SAN DIEGO,CHULA VISTA,-117.07723236083984,32.634395599365234
9420488,2022,2022-05-06,3710,2022-03-30,2230,OC1419,NA,3,5,6,3710,0,0,0,NA,0,009,SOUTH COAST HWY,VISTA WY,10,N,N,A,-,N,NA,NA,NA,NA,NA,NA,NA,NA,NA,N,2,0,1,2,A,-,12,21453,A,F,G,B,B,A,H,-,C,A,0,Y,NA,NA,NA,Y,Y,-,-,1,0,0,0,1,0,0,0,0,-,-,NA,NA,SAN DIEGO,OCEANSIDE,-117.35958099365234,33.17210388183594
9420521,2022,2022-05-05,3710,2022-04-01,0920,OC1519,NA,5,5,6,3710,0,0,0,NA,0,004,WHALEY ST,STEWART ST,0,NA,Y,B,-,N,NA,NA,NA,NA,NA,NA,NA,NA,NA,N,4,0,1,2,A,-,09,21804,A,N,A,C,A,A,H,-,A,A,0,NA,NA,NA,NA,Y,NA,A,01,0,0,1,0,0,0,0,0,0,-,-,NA,NA,SAN DIEGO,OCEANSIDE,-117.3576202392578,33.180389404296875
9421385,2022,2022-04-13,3711,2022-03-09,1519,SD7280,NA,3,5,7,3711,0,0,0,NA,0,445,MARKET ST,MARKET ST 4600,0,NA,-,A,-,N,NA,NA,NA,NA,NA,NA,NA,NA,NA,N,4,0,2,2,A,-,09,21801,A,N,A,C,A,A,H,-,A,D,0,NA,NA,NA,NA,Y,NA,A,01,0,0,2,0,0,0,0,0,0,-,-,NA,NA,SAN DIEGO,SAN DIEGO,-117.16378784179688,32.71141815185547
9421396,2022,2022-04-11,3711,2022-03-04,1440,SD7909,NA,5,5,7,3711,0,0,0,NA,0,931,CARROLL RD,CAMINO SANTA FE,21,W,N,B,-,N,NA,NA,NA,NA,NA,NA,NA,NA,NA,Y,3,0,2,2,A,-,04,21703,NA,N,C,C,A,A,H,-,A,A,0,NA,NA,NA,NA,Y,Y,A,01,0,1,1,0,0,0,0,0,0,-,-,NA,NA,SAN DIEGO,SAN DIEGO,-117.16714477539063,32.88545608520508
9421693,2022,2022-04-18,3703,2022-03-03,1132,1381,3,4,5,3,3703,0,0,0,NA,0,003,SILVER STRAND BL,RT 75,0,NA,Y,A,-,Y,SD,11,75,-,-,13.993,I,5,N,Y,3,0,2,2,A,-,12,21453,NA,N,D,C,A,A,H,-,A,A,0,NA,NA,NA,NA,Y,NA,D,22,0,1,1,0,0,0,0,0,0,-,-,32.625030517578125,-117.13746643066406,SAN DIEGO,CORONADO,-117.13772583007813,32.6251335144043
9422518,2022,2022-05-17,3700,2022-04-10,1545,SH5476,NA,7,5,4,3707,0,0,0,NA,0,702,PALM AV,9TH ST,0,NA,Y,A,-,N,NA,NA,NA,NA,NA,NA,NA,NA,NA,Y,4,0,1,2,A,-,00,20002,B,M,C,C,A,A,H,-,A,A,0,NA,NA,NA,NA,Y,Y,-,NA,0,0,1,0,0,0,0,0,0,-,-,NA,NA,SAN DIEGO,IMPERIAL BEACH,-117.11431884765624,32.5838623046875
9422685,2022,2022-04-12,3711,2022-03-12,1830,SD7294,NA,6,5,7,3711,0,0,0,NA,0,436,SIENA ST,SIENA ST 100,0,NA,-,A,-,N,NA,NA,NA,NA,NA,NA,NA,NA,NA,Y,4,0,1,5,A,-,01,23152,A,N,B,E,A,A,H,-,C,D,0,NA,NA,NA,NA,Y,Y,-,NA,0,0,1,0,0,0,0,0,0,-,-,NA,NA,SAN DIEGO,SAN DIEGO,-117.0369110107422,32.702842712402344
9422689,2022,2022-04-19,3711,2022-03-13,0750,SD7673,NA,7,5,7,3711,0,0,0,NA,0,613,WEST POINT LOMA BL,TEMECULA ST,100,E,N,A,-,N,NA,NA,NA,NA,NA,NA,NA,NA,NA,Y,4,0,2,2,A,-,08,22107,NA,N,D,C,A,A,H,-,A,D,0,NA,NA,NA,NA,Y,NA,D,22,0,0,2,0,0,0,0,0,0,-,-,NA,NA,SAN DIEGO,SAN DIEGO,-117.23210906982422,32.75236892700195
9422759,2022,2022-04-01,3711,2022-03-06,1631,SD7713,NA,7,5,7,3711,0,0,0,NA,0,311,GRAMMERCY DR,TOWSER ST,452,E,N,A,-,N,NA,NA,NA,NA,NA,NA,NA,NA,NA,Y,3,0,1,1,A,-,08,22107,NA,N,E,I,A,A,H,-,A,D,0,NA,NA,NA,NA,Y,NA,A,01,0,1,0,0,0,0,0,0,0,-,-,NA,NA,SAN DIEGO,SAN DIEGO,-117.13661956787108,32.802982330322266
9422761,2022,2022-03-29,3711,2022-03-14,1558,SD1113,NA,1,5,7,3711,0,0,0,NA,0,614,DEL MONTE AV,ELBERS ST,0,NA,Y,A,-,N,NA,NA,NA,NA,NA,NA,NA,NA,NA,N,3,0,1,1,D,-,00,NA,NA,N,H,G,A,A,H,-,A,D,0,NA,Y,NA,NA,Y,Y,-,-,0,1,0,0,0,0,1,0,0,-,-,NA,NA,SAN DIEGO,SAN DIEGO,-117.24803161621094,32.741153717041016
9422768,2022,2022-03-29,3711,2022-03-04,1827,SD1549,NA,5,5,7,3711,0,0,0,NA,0,611,SPORTS ARENA BL,EAST DR,33,E,N,A,-,N,NA,NA,NA,NA,NA,NA,NA,NA,NA,N,3,0,2,3,A,-,10,21950,A,N,G,B,B,A,H,-,C,A,0,Y,NA,NA,NA,Y,NA,A,08,0,2,0,0,2,0,0,0,0,-,-,NA,NA,SAN DIEGO,SAN DIEGO,-117.2096939086914,32.753238677978516
9422797,2022,2022-03-29,3711,2022-03-14,1700,SD1663,NA,1,5,7,3711,0,0,0,NA,0,521,BROADWAY,13TH ST,0,NA,-,A,-,N,NA,NA,NA,NA,NA,NA,NA,NA,NA,N,3,0,2,2,A,-,12,21453,A,N,A,C,A,A,H,-,A,A,0,NA,NA,NA,NA,Y,NA,A,01,0,2,0,0,0,0,0,0,0,-,-,NA,NA,SAN DIEGO,SAN DIEGO,-117.15287017822266,32.71574783325195
94235117,2024,2024-08-13,9680,2024-08-01,1205,023909,NA,4,1,5,3705,0,1,1,NA,2,082,I8 W/B,MOLLISON AVE,1584,E,N,A,-,Y,SD,NA,8,NA,NA,16.755,H,NA,L,Y,3,0,1,2,A,-,03,22350,NA,N,C,C,A,A,H,-,A,D,0,NA,NA,NA,NA,Y,NA,A,01,0,1,0,0,0,0,0,0,0,-,-,32.80323028564453,-116.9461669921875,SAN DIEGO,EL CAJON,-116.9461669921875,32.803157806396484
9423555,2022,2022-03-29,3710,2022-02-28,1142,OC1495,NA,1,5,6,3710,0,0,0,NA,0,036,MELROSE DR,MEADOWBROOK DR,0,NA,Y,A,-,N,NA,NA,NA,NA,NA,NA,NA,NA,NA,Y,3,0,3,2,A,-,12,21453,A,N,D,C,A,A,H,-,A,A,0,NA,NA,NA,NA,Y,NA,A,01,0,1,2,0,0,0,0,0,0,-,-,NA,NA,SAN DIEGO,OCEANSIDE,-117.26309967041016,33.223480224609375
9425333,2022,2022-04-12,3700,2022-02-25,1900,SH7710,NA,5,5,5,3782,0,0,0,NA,0,222,ENCINITAS BL,VIA CANTEBRIA,0,NA,Y,A,-,N,NA,NA,NA,NA,NA,NA,NA,NA,NA,Y,2,0,1,2,A,-,01,23153,A,N,D,C,A,A,H,-,C,A,0,NA,NA,NA,NA,Y,Y,A,07,1,0,0,0,0,0,0,0,0,-,-,NA,NA,SAN DIEGO,ENCINITAS,-117.2668685913086,33.046146392822266
9425652,2022,2022-04-21,3711,2022-03-28,1123,SD6929,NA,1,5,7,3711,0,0,0,NA,0,242,CAMINO RUIZ,CAMINO RUIZ 10700,0,NA,Y,B,-,N,NA,NA,NA,NA,NA,NA,NA,NA,NA,N,3,0,1,2,D,-,00,NA,NA,M,G,B,F,A,H,-,A,D,0,Y,NA,NA,NA,Y,NA,-,-,0,1,0,0,1,0,0,0,0,-,-,NA,NA,SAN DIEGO,SAN DIEGO,NA,NA
9425700,2022,2022-04-15,3711,2022-04-02,0403,SD7955,NA,6,5,7,3711,0,0,0,NA,0,611,CAMINO DEL RIO W,KURTZ ST,0,NA,Y,C,-,N,NA,NA,NA,NA,NA,NA,NA,NA,NA,N,4,0,1,2,A,-,00,20002,A,M,G,B,B,B,H,-,C,A,0,Y,NA,NA,NA,Y,NA,A,01,0,0,1,0,1,0,0,0,0,-,-,NA,NA,SAN DIEGO,SAN DIEGO,-117.2050323486328,32.75301742553711
9426427,2022,2022-03-30,3711,2022-03-11,2145,SD7774,NA,5,5,7,3711,0,0,0,NA,0,437,BRIARWOOD RD,ALTA VIEW RD,18,E,N,A,-,N,NA,NA,NA,NA,NA,NA,NA,NA,NA,Y,4,0,1,2,A,-,03,22350,NA,M,C,C,A,-,H,-,A,A,0,NA,NA,NA,NA,Y,NA,A,01,0,0,1,0,0,0,0,0,0,-,-,NA,NA,SAN DIEGO,SAN DIEGO,-117.0317840576172,32.68280029296875
9426430,2022,2022-03-30,3711,2022-03-10,0150,SD1301,NA,4,5,7,3711,0,0,0,NA,0,313,RUFFNER ST,ENGINEER RD,0,NA,Y,A,-,N,NA,NA,NA,NA,NA,NA,NA,NA,NA,N,4,0,1,2,A,-,11,21954,A,N,A,B,D,A,H,-,C,D,0,Y,NA,NA,NA,Y,NA,N,60,0,0,1,0,1,0,0,0,0,-,-,NA,NA,SAN DIEGO,SAN DIEGO,-117.15805053710938,32.82717514038086
9427137,2022,2022-04-18,3711,2022-03-23,0800,SD1642,NA,3,5,7,3711,0,0,0,NA,0,833,MENLO AV,WIGHTMAN ST,0,NA,Y,A,-,N,NA,NA,NA,NA,NA,NA,NA,NA,NA,N,3,0,1,2,A,-,10,21950,A,N,G,B,D,A,H,-,A,D,0,Y,NA,NA,NA,Y,NA,A,01,0,1,0,0,1,0,0,0,0,-,-,NA,NA,SAN DIEGO,SAN DIEGO,-117.09446716308594,32.74772262573242
9427235,2022,2022-04-15,3709,2022-03-11,0653,NC0531,NA,5,5,5,3709,0,0,0,NA,0,021,PARADISE VALLEY RD,EAST 8TH ST,0,NA,N,A,-,N,NA,NA,NA,NA,NA,NA,NA,NA,NA,Y,4,0,1,1,B,-,22,NA,NA,N,F,A,A,A,H,-,A,A,0,NA,NA,Y,NA,Y,NA,C,02,0,0,1,0,0,0,0,0,1,-,-,NA,NA,SAN DIEGO,NATIONAL CITY,-117.0707550048828,32.686012268066406
9429760,2022,2022-04-12,3711,2022-03-14,1410,SD1569,NA,1,5,7,3711,0,0,0,NA,0,242,MIRA MESA BL,MIRA MESA BL 9051,0,NA,N,A,-,N,NA,NA,NA,NA,NA,NA,NA,NA,NA,N,2,0,1,1,B,-,22,NA,NA,N,G,B,A,A,H,-,A,D,0,NA,NA,NA,NA,Y,NA,-,NA,1,0,0,0,0,0,0,0,0,-,-,NA,NA,SAN DIEGO,SAN DIEGO,NA,NA
9430982,2022,2022-04-18,3711,2022-03-26,1800,SD7739,NA,6,5,7,3711,0,0,0,NA,0,123,INGRAHAM ST,WEST MISSION BAY DR,0,NA,N,A,-,N,NA,NA,NA,NA,NA,NA,NA,NA,NA,N,4,0,1,4,A,-,08,22107,NA,M,B,C,A,A,H,-,A,D,0,NA,NA,Y,NA,Y,NA,-,NA,0,0,1,0,0,0,0,0,1,-,-,NA,NA,SAN DIEGO,SAN DIEGO,-117.23281097412108,32.76414108276367
9431972,2022,2022-04-19,3700,2022-01-14,1430,SH7710,NA,5,5,5,3782,0,0,0,NA,0,241,S COAST HWY 101,2655 S COAST HWY 101,21,S,N,A,-,N,NA,NA,NA,NA,NA,NA,NA,NA,NA,Y,3,0,3,2,C,-,18,NA,NA,N,C,C,A,A,H,-,A,A,0,NA,NA,NA,NA,Y,NA,-,-,0,1,2,0,0,0,0,0,0,-,-,NA,NA,SAN DIEGO,ENCINITAS,NA,NA
9432528,2022,2022-08-18,3700,2022-07-30,0915,SH0029,NA,6,5,5,3713,0,0,0,NA,0,315,MAR VISTA DR,RT 78,0,NA,Y,A,-,Y,SD,11,78,-,-,7.709,R,4,W,N,4,0,1,2,A,-,09,21801,A,N,D,C,A,A,H,-,A,D,0,NA,NA,NA,NA,Y,NA,A,01,0,0,1,0,0,0,0,0,0,-,WO,NA,NA,SAN DIEGO,VISTA,-117.23030090332033,33.18122863769531
94354464,2024,2024-08-14,9645,2024-08-08,1700,022765,NA,4,2,7,3711,0,1,1,NA,2,009,I-805 S/B,MAIN STREET,1293,S,N,A,-,Y,SD,NA,805,NA,NA,3.411,H,NA,L,Y,3,0,1,3,A,-,03,22350,NA,N,C,C,A,A,H,-,A,D,0,NA,NA,NA,NA,Y,NA,A,01,0,1,0,0,0,0,0,0,0,-,-,32.591190338134766,-117.03658294677734,SAN DIEGO,SAN DIEGO,-117.03652191162108,32.591190338134766
94355079,2024,2024-08-15,9650,2024-08-08,1555,019270,NA,4,2,6,3710,0,1,1,NA,2,005,I-5 S/B,CASSIDY ST,1584,N,N,A,-,Y,SD,NA,5,NA,R,51.788,H,NA,L,Y,4,0,1,2,A,-,03,22350,NA,N,C,C,A,A,H,-,A,D,0,NA,NA,NA,NA,Y,NA,A,01,0,0,1,0,0,0,0,0,0,-,-,33.1839714050293,-117.35713958740234,SAN DIEGO,OCEANSIDE,-117.35718536376952,33.18394088745117
9435585,2022,2022-04-21,3702,2022-03-19,0822,CV1107,NA,6,5,6,3702,0,0,0,NA,0,042,EAST PALOMAR ST,MAGDALENA,56,W,N,A,-,N,NA,NA,NA,NA,NA,NA,NA,NA,NA,Y,4,0,1,1,A,-,01,23152,A,N,E,I,A,A,H,-,A,D,0,NA,NA,NA,NA,Y,Y,A,01,0,0,1,0,0,0,0,0,0,-,-,NA,NA,SAN DIEGO,CHULA VISTA,-116.97498321533205,32.62664031982422
94355903,2024,2024-08-15,9680,2024-08-05,1605,016372,NA,1,2,9,3700,0,2,4,NA,1,019,RIVERSIDE DR.,LAKESIDE AVE.,494,W,N,A,-,N,NA,NA,NA,NA,NA,NA,NA,NA,NA,Y,4,0,1,1,A,-,01,23152,A,M,E,I,A,A,H,-,A,D,0,NA,NA,NA,NA,Y,Y,A,01,0,0,1,0,0,0,0,0,0,-,-,32.86552047729492,-116.93479919433594,SAN DIEGO,UNINCORPORATED,-116.93475341796876,32.865657806396484
94356319,2024,2024-08-15,9645,2024-08-10,1140,022193,NA,6,1,7,3711,0,1,1,NA,2,010,I-8 E/B,WARING ROAD,300,W,N,A,-,Y,SD,NA,8,NA,NA,7.038,H,NA,R,N,4,0,1,1,A,-,03,22350,NA,N,F,I,A,A,H,-,A,D,0,NA,NA,Y,NA,Y,NA,C,02,0,0,1,0,0,0,0,0,1,-,-,32.780609130859375,-117.08856201171876,SAN DIEGO,SAN DIEGO,-117.08856201171876,32.78059768676758
9435798,2022,2022-04-27,3702,2022-03-02,1919,CV1340,NA,3,5,6,3702,0,0,0,NA,0,022,4TH AV,KITTIWAKE ST,111,S,N,A,-,N,NA,NA,NA,NA,NA,NA,NA,NA,NA,Y,4,0,2,2,A,-,09,21801,A,N,D,C,A,A,H,-,C,D,0,NA,NA,NA,NA,Y,NA,A,01,0,0,2,0,0,0,0,0,0,-,-,NA,NA,SAN DIEGO,CHULA VISTA,-117.0749282836914,32.61697006225586
9435820,2021,2022-04-25,3705,2021-11-23,1830,EC0410,NA,2,5,5,3705,0,0,0,NA,0,001,W RENETTE AV,EMERALD AV,144,E,N,A,-,N,NA,NA,NA,NA,NA,NA,NA,NA,NA,N,3,0,1,2,A,-,11,21954,A,F,G,B,D,A,H,-,A,A,0,Y,NA,NA,NA,Y,NA,N,60,0,1,0,0,1,0,0,0,0,-,-,NA,NA,SAN DIEGO,EL CAJON,-116.96826934814452,32.78403091430664
94359655,2024,2024-08-19,9645,2024-08-14,1740,022506,NA,3,2,7,3711,0,1,1,NA,2,003,I-5 S/B (SAN DIEGO FWY),SASSAFRAS STREET,1373,S,N,A,-,Y,SD,NA,5,NA,R,17.513,H,NA,L,Y,4,0,1,2,A,-,03,22350,NA,N,C,C,A,A,H,-,A,D,0,NA,NA,Y,NA,Y,NA,C,02,0,0,1,0,0,0,0,0,1,-,-,32.73395919799805,-117.17371368408205,SAN DIEGO,SAN DIEGO,-117.17375183105467,32.73393249511719
94361610,2024,2024-08-20,9650,2024-08-15,2245,022992,NA,4,3,9,3700,0,3,5,NA,2,211,MOUNTAIN MEADOW ROAD,OAK RANCH WAY,45,N,N,A,-,N,NA,NA,NA,NA,NA,NA,NA,NA,NA,Y,2,0,1,1,A,-,08,22107,NA,N,E,I,A,A,H,-,D,D,0,NA,NA,NA,NA,Y,NA,D,22,1,0,0,0,0,0,0,0,0,-,-,33.21862030029297,-117.11045837402344,SAN DIEGO,UNINCORPORATED,-117.11053466796876,33.21870040893555
94362444,2024,2024-08-20,9645,2024-08-19,1115,020515,NA,1,1,7,3711,0,1,1,NA,2,010,I-8 E/B TO I-5 S/B,I-5 S/B TO ROSECRANS AVENUE,183,W,N,A,-,Y,SD,NA,8,NA,L,2.255,H,NA,R,Y,4,0,1,2,A,-,08,22107,NA,N,B,C,A,A,H,-,A,D,0,NA,NA,Y,NA,Y,NA,-,-,0,0,1,0,0,0,0,0,1,-,-,32.759029388427734,-117.20619964599608,SAN DIEGO,SAN DIEGO,-117.20619201660156,32.75920867919922
94363885,2024,2024-08-21,9645,2024-08-12,1,022252,NA,1,3,7,3711,0,1,1,NA,2,007,I-5 SOUTHBOUND,DEL MAR HEIGHTS ROAD,1500,N,N,A,-,Y,SD,NA,5,NA,R,34.422,H,NA,L,N,4,0,1,3,A,-,03,22350,NA,N,C,C,A,A,H,-,A,D,0,NA,NA,NA,NA,Y,NA,A,01,0,0,1,0,0,0,0,0,0,-,-,32.95412063598633,-117.24469757080078,SAN DIEGO,SAN DIEGO,-117.2446060180664,32.954132080078125
94364070,2024,2024-08-21,9645,2024-08-15,1110,023617,NA,4,1,7,3711,0,3,5,NA,2,111,I-5 S/B,SAN YSIDRO POE,1000,N,N,A,-,Y,NA,NA,NA,NA,NA,NA,NA,NA,NA,Y,4,0,1,1,A,-,03,22350,NA,N,A,I,A,A,H,-,A,D,0,NA,NA,NA,NA,Y,NA,A,01,0,0,1,0,0,0,0,0,0,-,-,32.543758392333984,-117.0322036743164,SAN DIEGO,SAN DIEGO,-117.05809783935548,32.556880950927734
94365049,2024,2024-08-22,9645,2024-08-16,1055,017139,NA,5,1,7,3711,0,1,3,NA,2,023,SR-163 S/B,EL PRADO O/C,1656,N,N,A,-,Y,SD,NA,163,NA,NA,1.739,H,NA,L,N,4,0,1,2,A,-,03,22350,NA,N,C,C,A,A,H,-,A,D,0,NA,NA,NA,NA,Y,NA,A,07,0,0,1,0,0,0,0,0,0,-,-,32.73590850830078,-117.1560287475586,SAN DIEGO,SAN DIEGO,-117.1560287475586,32.73590850830078
94365752,2024,2024-08-22,9645,2024-08-16,1625,019577,NA,5,2,7,3711,0,1,1,NA,2,010,I-8 E/B FROM QUALCOMM WY,QUALCOMM WY.,645,E,N,A,-,Y,NA,NA,NA,NA,NA,NA,NA,NA,NA,N,4,0,1,2,A,-,03,22350,NA,N,C,C,A,A,H,-,A,A,0,NA,NA,NA,NA,Y,NA,A,07,0,0,1,0,0,0,0,0,0,-,-,32.769779205322266,-117.13748168945313,SAN DIEGO,SAN DIEGO,-117.13775634765624,32.77036666870117
94366513,2024,2024-08-22,9680,2024-08-11,1620,021584,NA,7,2,9,3700,0,2,4,NA,1,095,SAN VICENTE ROAD,WILDCAT CANYON ROAD,3168,E,N,C,-,N,NA,NA,NA,NA,NA,NA,NA,NA,NA,Y,4,0,1,1,A,-,08,22107,NA,N,E,I,A,B,H,-,A,D,0,NA,NA,NA,NA,Y,NA,A,01,0,0,1,0,0,0,0,0,0,-,-,33.000701904296875,-116.83502197265624,SAN DIEGO,UNINCORPORATED,-116.8351821899414,33.00053405761719
94366516,2024,2024-08-23,9680,2024-08-11,1635,023846,NA,7,2,9,3700,0,1,1,NA,2,081,I-8 W/B,LAKE JENNINGS PARK RD,0.22,E,N,C,-,Y,SD,NA,8,NA,R,22.048,H,NA,L,Y,3,0,1,1,A,-,08,22107,NA,N,E,J,A,B,H,-,A,D,0,NA,NA,NA,NA,Y,NA,A,07,0,1,0,0,0,0,0,0,0,-,-,32.84560012817383,-116.87811279296876,SAN DIEGO,UNINCORPORATED,-116.87808990478516,32.84553146362305
94370084,2024,2024-08-26,9645,2024-08-16,1600,023641,NA,5,2,7,3711,0,1,1,NA,2,005,I-5 S/B,PACIFIC HWY,200,S,N,A,-,Y,SD,NA,5,NA,R,20.52,H,NA,L,Y,4,0,1,2,A,-,07,21658,A,N,B,C,A,A,H,-,A,D,0,NA,NA,Y,NA,Y,NA,A,07,0,0,1,0,0,0,0,0,1,-,-,32.765769958496094,-117.2057876586914,SAN DIEGO,SAN DIEGO,-117.20570373535156,32.765785217285156