CASE_ID,ACCIDENT_YEAR,PROC_DATE,JURIS,COLLISION_DATE,COLLISION_TIME,OFFICER_ID,REPORTING_DISTRICT,DAY_OF_WEEK,CHP_SHIFT,POPULATION,CNTY_CITY_LOC,SPECIAL_COND,BEAT_TYPE,CHP_BEAT_TYPE,CITY_DIVISION_LAPD,CHP_BEAT_CLASS,BEAT_NUMBER,PRIMARY_RD,SECONDARY_RD,DISTANCE,DIRECTION,INTERSECTION,WEATHER_1,WEATHER_2,STATE_HWY_IND,CALTRANS_COUNTY,CALTRANS_DISTRICT,STATE_ROUTE,ROUTE_SUFFIX,POSTMILE_PREFIX,POSTMILE,LOCATION_TYPE,RAMP_INTERSECTION,SIDE_OF_HWY,TOW_AWAY,COLLISION_SEVERITY,NUMBER_KILLED,NUMBER_INJURED,PARTY_COUNT,PRIMARY_COLL_FACTOR,PCF_CODE_OF_VIOL,PCF_VIOL_CATEGORY,PCF_VIOLATION,PCF_VIOL_SUBSECTION,HIT_AND_RUN,TYPE_OF_COLLISION,MVIW,PED_ACTION,ROAD_SURFACE,ROAD_COND_1,ROAD_COND_2,LIGHTING,CONTROL_DEVICE,CHP_ROAD_TYPE,PEDESTRIAN_ACCIDENT,BICYCLE_ACCIDENT,MOTORCYCLE_ACCIDENT,TRUCK_ACCIDENT,NOT_PRIVATE_PROPERTY,ALCOHOL_INVOLVED,STWD_VEHTYPE_AT_FAULT,CHP_VEHTYPE_AT_FAULT,COUNT_SEVERE_INJ,COUNT_VISIBLE_INJ,COUNT_COMPLAINT_PAIN,COUNT_PED_KILLED,COUNT_PED_INJURED,COUNT_BICYCLIST_KILLED,COUNT_BICYCLIST_INJURED,COUNT_MC_KILLED,COUNT_MC_INJURED,PRIMARY_RAMP,SECONDARY_RAMP,LATITUDE,LONGITUDE,COUNTY,CITY,POINT_X,POINT_Y
94735646,2025,2025-06-23,9645,2025-06-09,2255,023659,NA,1,3,5,3709,0,1,1,NA,2,009,I-805 N/B FROM E. PLAZA BLVD,E. PLAZA BLVD,898,N,N,A,-,Y,SD,NA,805,NA,NA,10.468,H,NA,R,N,4,0,3,2,A,-,03,22350,NA,N,C,C,A,A,C,-,D,D,0,NA,NA,NA,NA,Y,NA,A,01,0,0,3,0,0,0,0,0,0,-,-,32.67961120605469,-117.08560943603516,SAN DIEGO,NATIONAL CITY,-117.085693359375,32.6795768737793
94735987,2025,2025-06-23,9645,2025-06-09,1826,023850,NA,1,2,7,3711,0,1,1,NA,2,010,I-8 E/B,I-15,50,W,N,A,-,Y,SD,NA,8,NA,NA,5.494,H,NA,R,N,4,0,1,2,A,-,03,22350,NA,N,C,C,A,A,H,-,A,D,0,NA,NA,NA,NA,Y,NA,A,07,0,0,1,0,0,0,0,0,0,-,-,32.778438568115234,-117.11490631103516,SAN DIEGO,SAN DIEGO,-117.11491394042967,32.77845001220703
94736125,2025,2025-06-23,9650,2025-06-14,330,023426,NA,6,3,9,3700,0,3,5,NA,1,212,VALLEY CENTER RD,NORTH LAKE WOHLFORD RD,2534,E,N,E,-,N,NA,NA,NA,NA,NA,NA,NA,NA,NA,Y,4,0,1,2,A,-,08,22107,NA,N,A,C,A,A,H,-,D,D,0,NA,NA,NA,NA,Y,NA,A,01,0,0,1,0,0,0,0,0,0,-,-,33.22840881347656,-116.9673309326172,SAN DIEGO,UNINCORPORATED,-116.96767425537108,33.22808837890625
94736366,2025,2025-06-23,9645,2025-06-14,1550,023923,NA,6,2,7,3711,0,1,1,NA,2,009,I-805 S/B,MARKET STREET O/C,147,S,N,A,-,Y,SD,NA,805,NA,NA,12.915,H,NA,L,N,4,0,2,2,A,-,03,22350,NA,F,C,C,A,A,H,-,A,D,0,NA,NA,Y,NA,Y,Y,-,99,0,0,2,0,0,0,0,0,2,-,-,32.7110595703125,-117.10044860839844,SAN DIEGO,SAN DIEGO,-117.10047149658205,32.71104431152344
94736463,2025,2025-06-23,9680,2025-06-12,1430,022893,NA,4,2,9,3700,0,1,3,NA,1,071,SR-78,OLD KANE SPRINGS RD,528,E,N,A,-,Y,SD,NA,78,NA,NA,83.981,H,NA,R,Y,4,0,1,1,A,-,08,22107,NA,N,F,A,A,A,H,-,A,A,0,NA,NA,NA,NA,Y,NA,D,22,0,0,1,0,0,0,0,0,0,-,-,33.14419937133789,-116.26746368408205,SAN DIEGO,UNINCORPORATED,-116.26741027832033,33.14414978027344
9473737,2022,2022-08-19,3702,2022-06-28,1530,CV1406,NA,2,5,6,3702,0,0,0,NA,0,013,K ST,3RD AV,366,W,N,A,-,N,NA,NA,NA,NA,NA,NA,NA,NA,NA,Y,4,0,1,2,A,-,08,22103,NA,N,D,C,A,A,H,-,A,A,0,NA,NA,NA,NA,Y,NA,A,01,0,0,1,0,0,0,0,0,0,-,-,NA,NA,SAN DIEGO,CHULA VISTA,-117.07427215576172,32.623741149902344
9473740,2022,2022-08-19,3702,2022-06-13,1240,CV1004,NA,1,5,6,3702,0,0,0,NA,0,042,HERRITAGE RD,SANTA VICTORIA,0,NA,Y,A,-,N,NA,NA,NA,NA,NA,NA,NA,NA,NA,Y,4,0,2,2,A,-,12,21453,A,N,A,C,A,A,H,-,A,A,0,NA,NA,NA,NA,Y,NA,A,01,0,0,2,0,0,0,0,0,0,-,-,NA,NA,SAN DIEGO,CHULA VISTA,-116.99938201904295,32.611202239990234
94737808,2025,2025-06-24,9650,2025-06-19,1230,022588,NA,4,1,9,3700,0,3,5,NA,2,170,E VISTA WAY,HUTCHISON ST,350,N,N,A,-,N,NA,NA,NA,NA,NA,NA,NA,NA,NA,Y,3,0,1,1,A,-,08,22107,NA,N,E,J,A,A,H,-,A,D,0,NA,NA,NA,NA,Y,NA,A,01,0,1,0,0,0,0,0,0,0,-,-,33.25267028808594,-117.23184967041016,SAN DIEGO,UNINCORPORATED,-117.23107147216795,33.25151824951172
94737827,2025,2025-06-24,9650,2025-06-19,1825,022911,NA,4,2,9,3700,0,1,1,NA,2,003,I-5 S/B,HARBOR DR,2000,N,N,A,-,Y,SD,NA,5,NA,R,54.941,H,NA,L,Y,4,0,1,1,A,-,08,22107,NA,N,E,I,A,A,H,-,A,D,0,NA,NA,NA,NA,Y,NA,A,01,0,0,1,0,0,0,0,0,0,-,-,33.217899322509766,-117.39108276367188,SAN DIEGO,UNINCORPORATED,-117.39096832275392,33.21792221069336
94739919,2025,2025-06-25,9680,2025-06-16,2300,023917,NA,1,3,9,3700,0,1,3,NA,1,024,SR-94 E/B,AVOCADO BLVD,982,E,N,A,-,Y,SD,NA,94,NA,NA,13.587,H,NA,R,N,4,0,1,2,A,-,03,22350,NA,F,C,C,A,A,H,-,C,D,0,NA,NA,NA,NA,Y,NA,-,99,0,0,1,0,0,0,0,0,0,-,-,32.74552917480469,-116.96114349365234,SAN DIEGO,UNINCORPORATED,-116.96114349365234,32.745548248291016
9474049,2022,2022-08-25,3708,2022-07-01,1530,LM1206,NA,5,5,5,3708,0,0,0,NA,0,003,LAKE MURRAY BL,PARKWAY DR,0,NA,Y,A,-,N,NA,NA,NA,NA,NA,NA,NA,NA,NA,Y,2,0,4,2,A,-,12,21453,A,N,D,C,A,A,H,-,A,A,0,NA,NA,NA,NA,Y,NA,A,01,1,1,2,0,0,0,0,0,0,-,-,NA,NA,SAN DIEGO,LA MESA,-117.04534912109376,32.775047302246094
9474065,2022,2022-09-06,3711,2022-08-04,1013,SD1611,NA,4,5,7,3711,0,0,0,NA,0,243,MIRAMAR RD,KEARNY MESA RD,0,NA,Y,A,-,N,NA,NA,NA,NA,NA,NA,NA,NA,NA,Y,4,0,1,2,A,-,08,22107,NA,N,G,C,A,A,H,-,A,A,0,NA,NA,NA,NA,Y,NA,A,01,0,0,1,0,0,0,0,0,0,-,-,NA,NA,SAN DIEGO,SAN DIEGO,-117.11840057373048,32.893741607666016
9474100,2022,2022-08-16,3710,2022-08-01,1844,OC1533,NA,1,5,6,3710,0,0,0,NA,0,028,OCEANSIDE BL,TEMPLE HEIGHTS DR,23,W,N,A,-,N,NA,NA,NA,NA,NA,NA,NA,NA,NA,Y,3,0,2,3,A,-,12,21453,A,N,D,C,A,A,H,-,A,A,0,NA,NA,NA,NA,Y,NA,-,NA,0,1,1,0,0,0,0,0,0,-,-,NA,NA,SAN DIEGO,OCEANSIDE,-117.27067565917967,33.21666717529297
94741430,2025,2025-06-26,9680,2025-06-17,1313,021077,NA,2,1,9,3700,0,3,5,NA,2,003,GRANITE HILLS DR,ARVILLA LN,100,N,N,A,-,N,NA,NA,NA,NA,NA,NA,NA,NA,NA,Y,3,0,1,2,A,-,03,22350,NA,N,C,C,A,A,H,-,A,D,0,NA,NA,NA,NA,Y,NA,A,07,0,1,0,0,0,0,0,0,0,-,-,32.791561126708984,-116.92017364501952,SAN DIEGO,UNINCORPORATED,-116.92008972167967,32.79151153564453
94742027,2025,2025-06-27,9645,2025-06-11,224,023617,NA,3,3,7,3711,0,1,1,NA,2,001,I-5 NORTHBOUND,MAIN/DIVISION STREET,300,N,N,A,-,Y,SD,NA,5,NA,R,11.785,H,NA,R,Y,4,0,1,4,A,-,03,22350,NA,N,C,C,A,A,H,-,C,D,0,NA,NA,NA,NA,Y,NA,A,01,0,0,1,0,0,0,0,0,0,-,-,32.68394088745117,-117.11160278320313,SAN DIEGO,SAN DIEGO,-117.1116180419922,32.683937072753906
94742155,2025,2025-06-27,9650,2025-06-25,2120,020340,NA,3,2,9,3700,0,3,5,NA,2,170,BUENA CREEK ROAD,LAKESIDE ROAD,50,N,N,A,-,N,NA,NA,NA,NA,NA,NA,NA,NA,NA,N,3,0,1,1,A,-,08,22107,NA,F,E,I,A,A,H,-,D,D,0,NA,NA,NA,NA,Y,NA,A,01,0,1,0,0,0,0,0,0,0,-,-,33.180721282958984,-117.20377349853516,SAN DIEGO,UNINCORPORATED,-117.20392608642578,33.18024444580078
94744009,2025,2025-06-30,9680,2025-06-18,815,019555,NA,3,1,5,3781,0,1,3,NA,2,015,SR-52 W/B,FANITA DR,325,E,N,A,-,Y,SD,NA,52,NA,NA,15.184,H,NA,L,N,4,0,3,2,A,-,03,22350,NA,N,C,C,A,A,H,-,A,D,0,NA,NA,NA,NA,Y,NA,D,22,0,0,3,0,0,0,0,0,0,-,-,32.8367805480957,-116.9995574951172,SAN DIEGO,SANTEE,-116.9995574951172,32.83681869506836
9474502,2022,2022-07-06,3708,2022-06-18,0810,LM1304,NA,6,5,5,3708,0,0,0,NA,0,002,SPRING ST,LEMON AV,17,S,N,A,-,N,NA,NA,NA,NA,NA,NA,NA,NA,NA,N,4,0,1,2,A,-,03,22350,NA,N,C,C,A,A,H,-,A,A,0,NA,NA,NA,NA,Y,NA,A,01,0,0,1,0,0,0,0,0,0,-,-,NA,NA,SAN DIEGO,LA MESA,-117.0195541381836,32.76365661621094
94745552,2025,2025-07-01,9650,2025-06-04,1551,017833,NA,3,2,9,3700,0,3,5,NA,1,160,WEST LILAC RD,ANNA MARIE LN,216,E,N,A,-,N,NA,NA,NA,NA,NA,NA,NA,NA,NA,N,3,0,3,1,A,-,03,22350,NA,F,E,I,A,A,H,-,A,D,0,NA,NA,NA,NA,Y,Y,A,01,0,1,2,0,0,0,0,0,0,-,-,33.2947883605957,-117.19490051269533,SAN DIEGO,UNINCORPORATED,-117.1950912475586,33.29485321044922
94746324,2025,2025-07-02,9645,2025-05-26,1810,023850,NA,1,2,9,3700,0,1,1,NA,2,021,STATE ROUTE 15 N/B,OCEAN VIEW BLVD,300,N,N,A,-,Y,NA,NA,NA,NA,NA,NA,NA,NA,NA,Y,2,0,1,1,A,-,03,22350,NA,N,E,I,A,A,H,-,D,D,0,NA,NA,NA,NA,Y,NA,A,01,1,0,0,0,0,0,0,0,0,-,-,32.702640533447266,-117.11997985839844,SAN DIEGO,UNINCORPORATED,-117.1206283569336,32.70206069946289
94746649,2025,2025-07-07,9680,2025-06-19,2345,023220,NA,4,3,9,3700,0,2,4,NA,1,025,TROY ST,SWEETWATER RD,0,NA,Y,A,-,N,NA,NA,NA,NA,NA,NA,NA,NA,NA,Y,3,0,1,2,A,-,12,21453,A,N,D,C,A,A,H,-,C,A,0,NA,NA,NA,NA,Y,NA,A,01,0,1,0,0,0,0,0,0,0,-,-,32.736690521240234,-117.01455688476563,SAN DIEGO,UNINCORPORATED,-117.01447296142578,32.7366828918457
9474705,2022,2022-07-06,3700,2022-05-06,1423,SH7690,NA,5,5,4,3780,0,0,0,NA,0,416,COMMUNITY RD,STOWE DR,0,NA,Y,A,-,N,NA,NA,NA,NA,NA,NA,NA,NA,NA,Y,3,0,2,2,A,-,12,21453,A,N,D,C,A,A,H,-,A,A,0,NA,NA,NA,NA,Y,NA,A,08,0,1,1,0,0,0,0,0,0,-,-,NA,NA,SAN DIEGO,POWAY,-117.04500579833984,32.94295120239258
9474791,2022,2022-07-11,3709,2022-06-11,2159,NC0490,NA,6,5,5,3709,0,0,0,NA,0,021,8TH ST,EUCLID AV,36,W,N,A,-,N,NA,NA,NA,NA,NA,NA,NA,NA,NA,Y,3,0,1,1,A,-,01,23152,A,N,F,A,A,A,H,-,C,D,0,NA,NA,Y,NA,Y,Y,C,02,0,1,0,0,0,0,0,0,1,-,-,NA,NA,SAN DIEGO,NATIONAL CITY,-117.08248901367188,32.68267822265625
9475019,2022,2022-07-08,3702,2022-05-04,0923,CV1004,NA,3,5,6,3702,0,0,0,NA,0,022,L ST,5TH AV,0,NA,Y,A,-,N,NA,NA,NA,NA,NA,NA,NA,NA,NA,Y,3,0,2,2,A,-,12,21453,A,N,D,C,A,A,H,-,A,A,0,NA,NA,NA,NA,Y,NA,A,07,0,1,1,0,0,0,0,0,0,-,-,NA,NA,SAN DIEGO,CHULA VISTA,-117.07996368408205,32.61831283569336
94751170,2025,2025-07-07,9650,2025-07-02,1550,021359,NA,3,2,9,3700,0,3,5,NA,2,210,SR-78 E/B,SUMMIT DR,0,NA,Y,A,-,N,NA,NA,NA,NA,NA,NA,NA,NA,NA,N,4,0,1,2,A,-,09,21802,A,N,D,D,A,A,H,-,A,A,0,NA,NA,NA,NA,Y,NA,D,22,0,0,1,0,0,0,0,0,0,-,-,33.1072998046875,-117.04501342773438,SAN DIEGO,UNINCORPORATED,-117.04517364501952,33.10749053955078
9475316,2022,2022-07-21,3711,2022-06-20,2024,HB6166,NA,1,5,7,3711,0,0,0,NA,0,503,NORTH HARBOR DR,WINSHIP LN,0,NA,N,A,-,N,NA,NA,NA,NA,NA,NA,NA,NA,NA,Y,4,0,1,2,A,-,03,22350,NA,N,C,C,A,A,H,-,C,A,0,NA,NA,NA,NA,Y,NA,-,-,0,0,1,0,0,0,0,0,0,-,-,NA,NA,SAN DIEGO,SAN DIEGO,-117.19106292724608,32.729122161865234
9475338,2022,2022-07-20,3711,2022-07-04,2233,SD1631,NA,1,5,7,3711,0,0,0,NA,0,122,GARNET AV,NOYES ST,0,NA,Y,A,-,N,NA,NA,NA,NA,NA,NA,NA,NA,NA,N,4,0,4,2,A,-,03,22350,NA,M,C,C,A,A,H,-,C,B,0,NA,NA,NA,NA,Y,NA,-,NA,0,0,4,0,0,0,0,0,0,-,-,NA,NA,SAN DIEGO,SAN DIEGO,-117.231689453125,32.801815032958984
94756253,2025,2025-07-10,9650,2025-07-01,1030,019270,NA,2,1,5,3701,0,3,5,NA,2,050,CARLSBAD STATE BEACH PARKING LOT,CARLSBAD VILLAGE DR,104,W,N,A,-,Y,NA,NA,NA,NA,NA,NA,NA,NA,NA,N,3,0,1,2,A,-,21,22106,NA,N,G,B,F,A,H,-,A,D,0,Y,NA,NA,NA,Y,NA,D,22,0,1,0,0,1,0,0,0,0,-,-,33.14596939086914,-117.34464263916016,SAN DIEGO,CARLSBAD,NA,NA
94758053,2025,2025-07-11,9645,2025-06-25,1745,024493,NA,3,2,7,3711,0,1,3,NA,2,025,SR-163 N/B,AERO DRIVE,300,N,N,A,-,Y,SD,NA,163,NA,NA,7.246,H,NA,R,Y,4,0,2,4,A,-,08,22107,NA,N,D,C,A,A,H,-,A,D,0,NA,NA,NA,NA,Y,NA,A,01,0,0,2,0,0,0,0,0,0,-,-,32.81161880493164,-117.15175628662108,SAN DIEGO,SAN DIEGO,-117.15172576904295,32.81161117553711
94758490,2025,2025-07-24,9645,2025-06-25,1820,024508,NA,3,2,7,3711,0,1,1,NA,2,015,I-805 SOUTHBOUND,LINDA VISTA RD,528,S,N,A,-,Y,SD,NA,805,NA,NA,20.804,H,NA,L,N,3,0,1,2,A,-,07,21658,A,F,B,C,A,A,H,-,A,D,0,NA,NA,NA,NA,Y,NA,A,01,0,1,0,0,0,0,0,0,0,-,-,32.8111686706543,-117.15505981445313,SAN DIEGO,SAN DIEGO,-117.15512847900392,32.81112289428711
94762009,2025,2025-07-15,9680,2025-07-02,940,023077,NA,3,1,9,3700,0,3,5,NA,2,003,ALPINE BLVD,LOUISE DR,95,W,N,A,-,N,NA,NA,NA,NA,NA,NA,NA,NA,NA,N,3,0,2,2,A,-,05,21650,NA,N,H,G,A,A,H,-,A,D,0,NA,Y,NA,NA,Y,NA,M,91,0,2,0,0,0,0,1,0,0,-,-,32.83470153808594,-116.75596618652344,SAN DIEGO,UNINCORPORATED,-116.75593566894533,32.83461380004883
94764192,2024,2025-07-17,9645,2024-07-19,125,022683,NA,5,3,7,3711,0,1,3,NA,2,025,STATE ROUTE 163 SOUTHBOUND,INTERSTATE 805 NORTHBOUND,240,N,N,A,-,Y,SD,NA,163,NA,NA,7.11,H,NA,L,Y,1,4,1,2,A,-,01,23152,A,N,C,2,A,A,H,-,C,D,0,NA,NA,NA,NA,Y,Y,D,22,0,1,0,0,0,0,0,0,0,-,-,32.80990982055664,-117.15264129638672,SAN DIEGO,SAN DIEGO,-117.15260314941406,32.809898376464844
94765533,2025,2025-10-03,9680,2025-07-03,1920,024178,NA,4,2,5,3705,0,1,1,NA,2,082,I-8 E/B,BROADWAY,525,E,N,B,-,Y,SD,NA,8,NA,R,18.528,H,NA,R,N,4,0,1,2,A,-,07,21658,A,F,B,2,A,A,H,-,A,D,0,NA,NA,NA,NA,Y,NA,M,47,0,0,1,0,0,0,0,0,0,-,-,32.809051513671875,-116.918701171875,SAN DIEGO,EL CAJON,-116.918701171875,32.80904769897461
9476607,2022,2022-07-22,3711,2022-07-07,2344,SD7956,NA,4,5,7,3711,0,0,0,NA,0,525,1ST AV,WEST BROADWAY,27,S,N,A,-,N,NA,NA,NA,NA,NA,NA,NA,NA,NA,N,3,0,1,2,A,-,10,21950,A,N,G,B,B,A,H,-,C,A,0,Y,NA,NA,NA,Y,NA,A,01,0,1,0,0,1,0,0,0,0,-,-,NA,NA,SAN DIEGO,SAN DIEGO,-117.16380310058594,32.7155647277832
94773833,2025,2025-07-23,9680,2025-07-11,1400,023467,NA,5,2,9,3700,0,1,3,NA,1,022,SR-54 (JAMACHA RD),GROVE RD,0,NA,Y,A,-,Y,SD,NA,54,NA,T,14.178,H,NA,R,Y,4,0,2,2,A,-,09,21802,A,N,D,C,A,A,H,-,A,A,0,NA,NA,NA,NA,Y,NA,A,01,0,0,2,0,0,0,0,0,0,-,-,32.77560043334961,-116.927978515625,SAN DIEGO,UNINCORPORATED,-116.92784118652344,32.77560043334961
94775789,2025,2025-07-24,9680,2025-07-14,940,017621,NA,1,1,9,3700,0,1,3,NA,1,090,SR-67,MUSSEY GRADE RD.,750,W,N,A,-,Y,SD,NA,67,NA,R,20.757,H,NA,R,Y,3,0,1,2,A,-,08,22107,NA,N,B,C,A,A,H,-,A,A,0,NA,NA,NA,NA,Y,NA,A,01,0,1,0,0,0,0,0,0,0,-,-,33.00933837890625,-116.91660308837892,SAN DIEGO,UNINCORPORATED,-116.91661834716795,33.00931167602539
94777279,2025,2025-07-25,9680,2025-07-15,945,023077,NA,2,1,9,3700,0,2,4,NA,1,026,JAMACHA BLVD,RUXTON AVE,0,NA,Y,B,-,N,NA,NA,NA,NA,NA,NA,NA,NA,NA,Y,4,0,1,2,A,-,09,21801,A,N,D,C,A,A,H,-,A,A,0,NA,NA,NA,NA,Y,NA,A,01,0,0,1,0,0,0,0,0,0,-,-,32.70772171020508,-117.0058135986328,SAN DIEGO,UNINCORPORATED,-117.00576782226563,32.70774459838867
94778521,2025,2025-07-28,9680,2025-07-19,1733,017928,NA,6,2,9,3700,0,1,3,NA,1,091,SR-78 (PINE ST),A ST.,155,E,N,A,-,Y,SD,NA,78,NA,NA,35.423,H,NA,R,Y,4,0,2,2,A,-,04,21703,NA,N,C,C,A,A,H,-,A,D,0,NA,NA,NA,NA,Y,NA,A,07,0,0,2,0,0,0,0,0,0,-,-,33.043399810791016,-116.8696517944336,SAN DIEGO,UNINCORPORATED,-116.86965942382813,33.04339599609375
9477953,2022,2022-08-08,3711,2022-07-05,0240,SD7225,NA,2,5,7,3711,0,0,0,NA,0,811,MEADE AV,SWIFT AV,0,NA,Y,A,-,N,NA,NA,NA,NA,NA,NA,NA,NA,NA,Y,4,0,1,1,A,-,03,22350,NA,N,E,I,A,A,H,-,C,D,0,NA,NA,NA,NA,Y,Y,A,07,0,0,1,0,0,0,0,0,0,-,-,NA,NA,SAN DIEGO,SAN DIEGO,-117.11898040771484,32.75718307495117
94781111,2025,2025-07-29,9650,2025-03-31,420,022924,NA,1,3,9,3700,0,1,1,NA,2,003,INTERSTATE 5 NORTHBOUND,DONALD COOK ROAD,9662,N,N,B,-,Y,SD,NA,5,NA,R,60.197,H,NA,R,N,1,1,0,2,A,-,00,21960,A,N,G,B,E,B,H,-,D,D,0,Y,NA,NA,NA,Y,NA,N,60,0,0,0,1,0,0,0,0,0,-,-,33.27667999267578,-117.44551849365234,SAN DIEGO,UNINCORPORATED,-117.44550323486328,33.27668762207031
94781743,2025,2025-07-29,9645,2025-07-17,1700,024015,NA,4,2,7,3711,0,1,1,NA,2,009,I-805 S/B,IMPERIAL AVENUE,413,N,N,A,-,Y,SD,NA,805,NA,NA,12.437,H,NA,L,N,4,0,1,2,A,-,03,22350,NA,N,C,C,A,A,H,-,A,D,0,NA,NA,NA,NA,Y,NA,A,01,0,0,1,0,0,0,0,0,0,-,-,32.70539093017578,-117.09574127197266,SAN DIEGO,SAN DIEGO,-117.09564971923828,32.705421447753906
94784381,2025,2025-07-31,9645,2025-05-24,142,023210,NA,6,3,7,3711,0,1,1,NA,2,027,I-15 NORTHBOUND,AERO DRIVE,2287,S,N,A,-,Y,SD,NA,15,NA,R,7.926,H,NA,R,Y,4,0,1,2,A,-,03,22350,NA,F,C,C,A,A,H,-,C,D,0,NA,NA,NA,NA,Y,NA,A,01,0,0,1,0,0,0,0,0,0,-,-,32.804161071777344,-117.11286163330078,SAN DIEGO,SAN DIEGO,-117.11294555664063,32.80414962768555
94784878,2025,2025-07-31,9645,2025-07-23,1500,022193,NA,3,2,7,3711,0,1,1,NA,2,017,I-15 NORTHBOUND,MIRAMAR ROAD,1056,S,N,A,-,Y,SD,NA,15,NA,M,13.818,H,NA,R,N,4,0,1,2,A,-,03,22350,NA,N,C,C,A,A,H,-,A,D,0,NA,NA,NA,NA,Y,NA,D,22,0,0,1,0,0,0,0,0,0,-,-,32.88692855834961,-117.11190032958984,SAN DIEGO,SAN DIEGO,-117.1117706298828,32.886985778808594
94786262,2025,2025-08-01,9650,2025-07-27,725,021532,NA,7,1,9,3700,0,3,5,NA,2,006,SANTA MARGARITA DR,PORTER STREET,0,NA,Y,A,-,N,NA,NA,NA,NA,NA,NA,NA,NA,NA,Y,4,0,1,3,A,-,03,22350,NA,N,E,I,A,A,H,-,A,A,0,NA,NA,NA,NA,Y,NA,A,07,0,0,1,0,0,0,0,0,0,-,-,33.38928985595703,-117.24057769775392,SAN DIEGO,UNINCORPORATED,-117.24061584472656,33.389225006103516
94787095,2025,2025-08-04,9680,2025-07-25,700,017928,NA,5,1,9,3700,0,1,3,NA,1,052,SR-78,SUTHERLAND DAM RD,1056,W,N,A,-,Y,SD,NA,78,NA,NA,41.782,H,NA,R,Y,3,0,1,2,A,-,08,22107,NA,N,D,C,A,A,H,-,A,D,0,NA,NA,NA,NA,Y,Y,-,-,0,1,0,0,0,0,0,0,0,-,-,33.08403015136719,-116.79379272460938,SAN DIEGO,UNINCORPORATED,-116.79383087158205,33.084041595458984
9478775,2022,2022-08-18,3711,2022-07-18,0508,SD7900,NA,1,5,7,3711,0,0,0,NA,0,712,DAIRYMART RD,CAMINO DE LA PLAZA,0,NA,Y,A,-,N,NA,NA,NA,NA,NA,NA,NA,NA,NA,N,4,0,1,1,A,-,12,22450,A,N,F,J,A,A,H,-,A,D,0,NA,NA,NA,NA,Y,NA,A,01,0,0,1,0,0,0,0,0,0,-,-,NA,NA,SAN DIEGO,SAN DIEGO,-117.0624542236328,32.55458450317383
94788478,2025,2025-08-04,9680,2025-07-25,2345,023706,NA,5,3,9,3700,0,3,5,NA,2,006,LAKE MORENA DRIVE,AMANDA CT,690,N,N,A,-,N,NA,NA,NA,NA,NA,NA,NA,NA,NA,Y,4,0,1,1,A,-,08,22107,NA,N,E,8,A,A,H,-,D,D,0,NA,NA,NA,NA,Y,NA,A,01,0,0,1,0,0,0,0,0,0,-,-,32.65707015991211,-116.49770355224608,SAN DIEGO,UNINCORPORATED,-116.49765014648438,32.657020568847656
94793515,2025,2025-08-07,9645,2025-07-16,2310,024357,NA,3,3,7,3711,0,1,1,NA,2,021,STATE ROUTE 15,STATE ROUTE 94,2724,N,N,A,-,Y,SD,NA,15,NA,T,2.766,H,NA,R,Y,3,0,1,2,A,-,07,21658,A,N,B,2,A,A,H,-,C,D,0,NA,NA,NA,NA,Y,NA,A,01,0,1,0,0,0,0,0,0,0,-,-,32.72418975830078,-117.11506652832033,SAN DIEGO,SAN DIEGO,-117.11483001708984,32.72406005859375
94793750,2025,2025-08-07,9645,2025-07-26,2026,024447,NA,6,2,5,3709,0,1,1,NA,2,001,INTERSTATE 5 N/B TO STATE ROUTE 54 E/B,NATIONAL CITY BOULEVARD,834,W,N,A,-,Y,SD,NA,54,NA,NA,0.229,H,NA,R,N,4,0,1,2,A,-,07,21658,A,N,B,C,A,A,H,-,B,D,0,NA,NA,NA,NA,Y,NA,A,01,0,0,1,0,0,0,0,0,0,-,-,32.65093994140625,-117.10018920898438,SAN DIEGO,NATIONAL CITY,-117.10026550292967,32.651126861572266
94794122,2025,2025-08-07,9680,2025-07-28,1518,023233,NA,1,2,9,3700,0,3,5,NA,2,002,RAMONA AVENUE,CHESTNUT STREET,0,NA,Y,A,-,N,NA,NA,NA,NA,NA,NA,NA,NA,NA,Y,4,0,1,2,A,-,08,22107,NA,N,A,C,A,A,H,-,A,D,0,NA,NA,NA,NA,Y,NA,D,22,0,0,1,0,0,0,0,0,0,-,-,32.71847152709961,-116.99517059326172,SAN DIEGO,UNINCORPORATED,-116.99523162841795,32.71845626831055