CASE_ID,ACCIDENT_YEAR,PROC_DATE,JURIS,COLLISION_DATE,COLLISION_TIME,OFFICER_ID,REPORTING_DISTRICT,DAY_OF_WEEK,CHP_SHIFT,POPULATION,CNTY_CITY_LOC,SPECIAL_COND,BEAT_TYPE,CHP_BEAT_TYPE,CITY_DIVISION_LAPD,CHP_BEAT_CLASS,BEAT_NUMBER,PRIMARY_RD,SECONDARY_RD,DISTANCE,DIRECTION,INTERSECTION,WEATHER_1,WEATHER_2,STATE_HWY_IND,CALTRANS_COUNTY,CALTRANS_DISTRICT,STATE_ROUTE,ROUTE_SUFFIX,POSTMILE_PREFIX,POSTMILE,LOCATION_TYPE,RAMP_INTERSECTION,SIDE_OF_HWY,TOW_AWAY,COLLISION_SEVERITY,NUMBER_KILLED,NUMBER_INJURED,PARTY_COUNT,PRIMARY_COLL_FACTOR,PCF_CODE_OF_VIOL,PCF_VIOL_CATEGORY,PCF_VIOLATION,PCF_VIOL_SUBSECTION,HIT_AND_RUN,TYPE_OF_COLLISION,MVIW,PED_ACTION,ROAD_SURFACE,ROAD_COND_1,ROAD_COND_2,LIGHTING,CONTROL_DEVICE,CHP_ROAD_TYPE,PEDESTRIAN_ACCIDENT,BICYCLE_ACCIDENT,MOTORCYCLE_ACCIDENT,TRUCK_ACCIDENT,NOT_PRIVATE_PROPERTY,ALCOHOL_INVOLVED,STWD_VEHTYPE_AT_FAULT,CHP_VEHTYPE_AT_FAULT,COUNT_SEVERE_INJ,COUNT_VISIBLE_INJ,COUNT_COMPLAINT_PAIN,COUNT_PED_KILLED,COUNT_PED_INJURED,COUNT_BICYCLIST_KILLED,COUNT_BICYCLIST_INJURED,COUNT_MC_KILLED,COUNT_MC_INJURED,PRIMARY_RAMP,SECONDARY_RAMP,LATITUDE,LONGITUDE,COUNTY,CITY,POINT_X,POINT_Y
9867865,2025,2025-08-15,3710,2025-07-27,1548,OC1543,NA,7,5,6,3710,0,0,0,NA,0,016,MISSION AV,EL CAMINIO REAL,45,E,N,A,-,N,NA,NA,NA,NA,NA,NA,NA,NA,NA,N,3,0,1,2,A,-,03,22350,NA,N,C,C,A,A,H,-,A,A,0,NA,NA,NA,NA,Y,NA,A,01,0,1,0,0,0,0,0,0,0,-,-,NA,NA,SAN DIEGO,OCEANSIDE,-117.33091735839844,33.22594451904297
9868483,2025,2025-08-04,3705,2025-07-10,1609,EC0438,NA,4,5,5,3705,0,0,0,NA,0,001,CUYAMACA ST,PARTRIDGE AV,0,NA,Y,A,-,N,NA,NA,NA,NA,NA,NA,NA,NA,NA,Y,3,0,2,2,A,-,09,21801,A,N,D,C,A,A,H,-,A,A,0,NA,NA,NA,NA,Y,NA,A,07,0,1,1,0,0,0,0,0,0,-,-,NA,NA,SAN DIEGO,EL CAJON,-116.97962951660156,32.80841827392578
9869778,2025,2025-08-21,3705,2025-03-27,2017,EC0309,NA,4,5,5,3705,0,0,0,NA,0,004,EAST MAIN ST,N FIRST ST,210,E,N,A,-,N,NA,NA,NA,NA,NA,NA,NA,NA,NA,Y,3,0,1,1,A,-,08,22107,NA,N,E,I,A,A,H,-,D,D,0,NA,NA,NA,NA,Y,NA,A,01,0,1,0,0,0,0,0,0,0,-,-,NA,NA,SAN DIEGO,EL CAJON,-116.94391632080078,32.79494094848633
9869891,2025,2025-08-11,3708,2025-07-21,714,LM1337,NA,1,5,5,3708,0,0,0,NA,0,003,70TH ST,SARANAC ST,353,N,N,A,-,N,NA,NA,NA,NA,NA,NA,NA,NA,NA,Y,4,0,2,3,A,-,03,22350,NA,N,C,D,A,A,H,-,A,A,0,NA,NA,NA,NA,Y,NA,A,01,0,0,2,0,0,0,0,0,0,-,-,NA,NA,SAN DIEGO,LA MESA,-117.04694366455078,32.77176284790039
9870069,2025,2025-08-15,3702,2025-07-22,922,CV1310,NA,2,5,6,3702,0,0,0,NA,0,022,3RD AVE,OXFORD ST,43,N,N,A,-,N,NA,NA,NA,NA,NA,NA,NA,NA,NA,N,3,0,1,2,A,-,03,22350,NA,N,C,C,A,A,H,-,A,A,0,NA,NA,NA,Y,Y,NA,F,26,0,1,0,0,0,0,0,0,0,-,-,NA,NA,SAN DIEGO,CHULA VISTA,-117.06777191162108,32.6103401184082
9870592,2025,2025-09-19,3711,2025-07-17,1753,SD1719,NA,4,5,7,3711,0,0,0,NA,0,933,CARMEL VALLEY RD,RT I,0,NA,Y,A,-,Y,SD,11,5,-,R,33.131,R,4,S,N,3,0,1,3,A,-,09,21801,A,N,B,C,A,A,H,-,A,A,0,NA,NA,NA,Y,Y,NA,G,25,0,1,0,0,0,0,0,0,0,-,SO,NA,NA,SAN DIEGO,SAN DIEGO,-117.24160766601563,32.9354133605957
9871155,2025,2025-08-06,3702,2025-07-18,1735,CV1297,NA,5,5,6,3702,0,0,0,NA,0,012,F ST,BROADWAY,543,W,N,A,-,N,NA,NA,NA,NA,NA,NA,NA,NA,NA,Y,3,0,2,3,A,-,09,21804,A,N,D,C,A,A,H,-,A,D,0,NA,NA,NA,NA,Y,Y,A,08,0,1,1,0,0,0,0,0,0,-,-,NA,NA,SAN DIEGO,CHULA VISTA,-117.09384155273438,32.63737106323242
9871185,2025,2025-08-07,3702,2025-07-09,1255,CV1451,NA,3,5,6,3702,0,0,0,NA,0,032,EASTLAKE DR,LAKESHORE DR,46,N,N,A,-,N,NA,NA,NA,NA,NA,NA,NA,NA,NA,N,3,0,2,3,A,-,03,22350,NA,F,G,B,B,A,H,-,A,A,0,Y,NA,NA,NA,Y,NA,A,01,0,2,0,0,2,0,0,0,0,-,-,NA,NA,SAN DIEGO,CHULA VISTA,-116.97910308837892,32.6544303894043
9871462,2025,2025-09-26,3711,2025-08-04,1857,SD7520,NA,1,5,7,3711,0,0,0,NA,0,514,L ST,21ST ST,0,NA,Y,A,-,N,NA,NA,NA,NA,NA,NA,NA,NA,NA,N,3,0,1,2,A,-,12,22450,A,M,G,B,B,A,H,-,B,D,0,Y,NA,NA,NA,Y,NA,-,NA,0,1,0,0,1,0,0,0,0,-,-,NA,NA,SAN DIEGO,SAN DIEGO,-117.14485931396484,32.707313537597656
9871666,2025,2025-08-20,3711,2025-07-29,1740,SD1534,NA,2,5,7,3711,0,0,0,NA,0,311,KEARNEY VILLA RD,AERO DR,0,NA,Y,A,-,N,NA,NA,NA,NA,NA,NA,NA,NA,NA,N,4,0,1,2,A,-,03,22350,NA,N,H,C,A,A,H,-,A,A,0,NA,NA,Y,NA,Y,NA,C,02,0,0,1,0,0,0,0,0,1,-,-,NA,NA,SAN DIEGO,SAN DIEGO,-117.15097808837892,32.810020446777344
9871774,2025,2025-08-25,3711,2025-07-23,1337,SD7412,NA,3,5,7,3711,0,0,0,NA,0,233,RANCHO PENASQUITOS BL,RANCHO PENASQUITOS BL 12900,0,NA,N,A,-,N,NA,NA,NA,NA,NA,NA,NA,NA,NA,Y,3,0,2,4,C,-,18,NA,NA,N,C,C,A,A,H,-,A,D,0,NA,NA,NA,Y,Y,NA,-,-,0,2,0,0,0,0,0,0,0,-,-,NA,NA,SAN DIEGO,SAN DIEGO,-117.10710144042967,32.949649810791016
9872000,2025,2025-09-04,3702,2025-08-02,1203,CV1429,NA,6,5,6,3702,0,0,0,NA,0,032,VIA MAGGIORE,AGUA VISTA DR,0,NA,Y,A,-,N,NA,NA,NA,NA,NA,NA,NA,NA,NA,Y,4,0,1,2,A,-,08,22107,NA,N,A,C,A,A,H,-,A,D,0,NA,NA,NA,Y,Y,NA,F,26,0,0,1,0,0,0,0,0,0,-,-,NA,NA,SAN DIEGO,CHULA VISTA,-116.93959045410156,32.66632843017578
9872237,2025,2025-08-19,3705,2025-04-16,820,EC0380,NA,3,5,5,3705,0,0,0,NA,0,003,E LEXINGTON AV,BEARING LN,0,NA,Y,B,-,N,NA,NA,NA,NA,NA,NA,NA,NA,NA,Y,2,0,2,3,A,-,08,22107,NA,N,D,C,A,A,H,-,A,D,0,NA,NA,NA,NA,Y,NA,A,07,1,0,1,0,0,0,0,0,0,-,-,NA,NA,SAN DIEGO,EL CAJON,-116.9253158569336,32.79269790649414
9872289,2025,2025-08-21,3705,2025-05-02,1315,EC0438,NA,5,5,5,3705,0,0,0,NA,0,002,MOLLISON AV,MADISON AV,279,N,N,A,-,N,NA,NA,NA,NA,NA,NA,NA,NA,NA,Y,4,0,1,4,A,-,03,22350,NA,N,C,C,A,A,H,-,A,A,0,NA,NA,NA,NA,Y,NA,A,01,0,0,1,0,0,0,0,0,0,-,-,NA,NA,SAN DIEGO,EL CAJON,-116.95098114013672,32.8009147644043
9872311,2025,2025-10-01,3711,2025-08-07,1640,SD2003,NA,4,5,7,3711,0,0,0,NA,0,234,WEST BERNARDO DR,WEST BERNARDO DR 16550,0,NA,N,A,-,N,NA,NA,NA,NA,NA,NA,NA,NA,NA,Y,3,0,1,2,A,-,08,22107,NA,N,D,C,A,A,H,-,A,D,0,NA,NA,Y,NA,Y,NA,A,01,0,1,0,0,0,0,0,0,1,-,-,NA,NA,SAN DIEGO,SAN DIEGO,-117.07325744628906,33.05582046508789
9872541,2025,2025-09-08,3711,2025-08-17,1332,SD1139,NA,7,5,7,3711,0,0,0,NA,0,122,LA JOLLA BL,LA JOLLA BL 5100,0,NA,N,A,-,N,NA,NA,NA,NA,NA,NA,NA,NA,NA,Y,3,0,1,2,A,-,04,21703,NA,N,C,C,A,A,H,-,A,D,0,NA,NA,Y,NA,Y,NA,C,02,0,1,0,0,0,0,0,0,1,-,-,NA,NA,SAN DIEGO,SAN DIEGO,-117.25162506103516,32.85003662109375
9872689,2025,2025-08-28,3700,2025-02-28,2500,SH0138,NA,5,5,5,3781,0,0,0,NA,0,518,CUYAMCA ST,MISSION GORGE RD,0,NA,Y,A,-,N,NA,NA,NA,NA,NA,NA,NA,NA,NA,Y,3,0,1,2,A,-,08,22107,NA,F,B,C,A,A,H,-,C,A,0,NA,NA,Y,NA,Y,NA,A,01,0,1,0,0,0,0,0,0,1,-,-,32.83866882324219,-116.98381805419922,SAN DIEGO,SANTEE,-116.98387908935548,32.83860778808594
9873152,2025,2025-09-08,3700,2025-05-07,1512,SH4419,NA,3,5,5,3781,0,0,0,NA,0,508,CLEARY ST,2ND ST,5,N,N,A,-,N,NA,NA,NA,NA,NA,NA,NA,NA,NA,N,3,0,1,2,A,-,08,22107,NA,N,G,B,E,A,H,-,A,D,0,Y,NA,NA,NA,Y,NA,A,01,0,1,0,0,1,0,0,0,0,-,-,NA,NA,SAN DIEGO,SANTEE,-116.96527862548828,32.8587532043457
9873260,2025,2025-09-16,3711,2025-08-31,835,SD1785,NA,7,5,7,3711,0,0,0,NA,0,311,AERO DR,SANROCK RD,4.5,E,N,A,-,N,NA,NA,NA,NA,NA,NA,NA,NA,NA,Y,3,0,1,1,A,-,12,21453,A,N,E,I,A,A,H,-,A,A,0,NA,NA,NA,NA,Y,NA,A,01,0,1,0,0,0,0,0,0,0,-,-,NA,NA,SAN DIEGO,SAN DIEGO,-117.14013671875,32.80970001220703
9873295,2025,2025-09-11,3711,2025-08-22,1140,SD7018,NA,5,5,7,3711,0,0,0,NA,0,323,COLLEGE AV,ELDERGARDENS ST,200,S,N,A,-,N,NA,NA,NA,NA,NA,NA,NA,NA,NA,Y,3,0,1,2,A,-,08,38314,NA,N,C,E,A,A,-,-,A,D,0,NA,NA,NA,NA,Y,NA,A,01,0,1,0,0,0,0,0,0,0,-,-,NA,NA,SAN DIEGO,SAN DIEGO,-117.0657196044922,32.79018783569336
9874243,2025,2025-09-26,3705,2025-03-07,2117,EC0448,NA,5,5,5,3705,0,0,0,NA,0,003,JAMACHA RD,GRANITE HILLS DR,144,N,N,A,-,N,NA,NA,NA,NA,NA,NA,NA,NA,NA,N,3,0,1,2,A,-,05,21650,1,N,H,G,A,A,H,-,C,A,0,NA,Y,NA,NA,Y,NA,L,04,0,1,0,0,0,0,1,0,0,-,-,NA,NA,SAN DIEGO,EL CAJON,-116.9279327392578,32.785682678222656
9874272,2025,2025-09-24,3705,2025-07-30,1824,EC0465,NA,3,5,5,3705,0,0,0,NA,0,001,N MARSHALL AV,CUYAMACA ST,0,NA,Y,A,-,N,NA,NA,NA,NA,NA,NA,NA,NA,NA,Y,3,0,1,2,A,-,12,21453,A,N,D,C,A,A,H,-,A,A,0,NA,NA,NA,NA,Y,NA,A,01,0,1,0,0,0,0,0,0,0,-,-,NA,NA,SAN DIEGO,EL CAJON,-116.98381805419922,32.82764434814453
9875555,2025,2025-11-06,3708,2025-10-04,1437,LM1331,NA,6,5,5,3708,0,0,0,NA,0,002,BANCROFT DR,TERRACE DR,0,NA,N,A,-,N,NA,NA,NA,NA,NA,NA,NA,NA,NA,Y,3,0,4,3,A,-,03,22350,NA,N,C,C,A,A,H,-,A,D,0,NA,NA,NA,NA,Y,NA,A,01,0,1,3,0,0,0,0,0,0,-,-,NA,NA,SAN DIEGO,LA MESA,-117.00139617919922,32.7532844543457
9876325,2025,2025-10-02,3709,2025-08-21,1141,NC0560,NA,4,5,5,3709,0,0,0,NA,0,021,EAST PLAZA BL,RT 805,483,W,N,A,-,Y,SD,11,805,-,-,10.117,R,4,S,Y,3,0,2,2,A,-,09,21804,A,N,D,C,A,A,H,-,A,D,0,NA,NA,NA,NA,Y,NA,A,01,0,1,1,0,0,0,0,0,0,-,SO,NA,NA,SAN DIEGO,NATIONAL CITY,-117.08363342285156,32.67478942871094
9876326,2025,2025-09-18,3709,2025-08-22,1428,NC0555,NA,5,5,5,3709,0,0,0,NA,0,021,PLAZA BL,OLIVE AV,0,NA,N,A,-,N,NA,NA,NA,NA,NA,NA,NA,NA,NA,N,3,0,1,1,A,-,08,22107,NA,N,-,-,A,A,H,-,A,D,0,NA,NA,Y,NA,Y,NA,C,02,0,1,0,0,0,0,0,0,1,-,-,NA,NA,SAN DIEGO,NATIONAL CITY,-117.0718002319336,32.68341064453125
9876442,2025,2025-09-22,3711,2025-09-08,630,SD7824,NA,1,5,7,3711,0,0,0,NA,0,122,INGRAHAM ST,LA PLAYA AV,0,NA,N,A,-,N,NA,NA,NA,NA,NA,NA,NA,NA,NA,N,3,0,1,2,A,-,10,21950,A,N,G,B,B,A,H,-,A,A,0,Y,NA,NA,Y,Y,NA,F,26,0,1,0,0,1,0,0,0,0,-,-,NA,NA,SAN DIEGO,SAN DIEGO,-117.23748016357422,32.78873825073242
9876976,2025,2025-10-10,3711,2025-09-19,1545,SD2088,NA,5,5,7,3711,0,0,0,NA,0,934,CARMEL VALLEY RD,RT 56,0,NA,Y,A,-,Y,SD,11,56,-,-,3.366,R,1,W,N,3,0,1,2,A,-,09,21453,B,N,G,G,A,A,H,-,A,A,0,NA,NA,NA,NA,Y,NA,A,01,0,1,0,0,0,0,0,0,0,-,-,NA,NA,SAN DIEGO,SAN DIEGO,-117.19021606445313,32.95377731323242
9877241,2025,2025-10-01,3711,2025-09-16,828,SD1534,NA,2,5,7,3711,0,0,0,NA,0,315,MISSION CENTER RD,HAZARD CENTER DR,0,NA,Y,A,-,N,NA,NA,NA,NA,NA,NA,NA,NA,NA,Y,4,0,1,2,B,-,22,NA,NA,N,D,C,A,A,H,-,A,A,0,NA,NA,NA,NA,Y,NA,A,01,0,0,1,0,0,0,0,0,0,-,-,NA,NA,SAN DIEGO,SAN DIEGO,-117.15481567382813,32.770809173583984
9878587,2025,2025-10-09,3710,2025-09-16,850,OC1441,NA,2,5,6,3710,0,0,0,NA,0,010,MISSION AV,CANYON DR,198,W,N,A,-,N,NA,NA,NA,NA,NA,NA,NA,NA,NA,N,3,0,2,3,A,-,03,22350,NA,N,C,C,A,A,H,-,A,A,0,NA,NA,NA,NA,Y,NA,A,01,0,2,0,0,0,0,0,0,0,-,-,NA,NA,SAN DIEGO,OCEANSIDE,-117.36486053466795,33.203983306884766
9878607,2025,2025-10-09,3711,2025-09-13,626,SD2149,NA,6,5,7,3711,0,0,0,NA,0,713,ROLL DR,SIEMPRE VIVA RD,300,S,N,A,-,N,NA,NA,NA,NA,NA,NA,NA,NA,NA,N,3,0,2,2,A,-,03,22350,NA,N,C,C,A,A,H,-,A,A,0,NA,NA,NA,NA,Y,NA,A,01,0,2,0,0,0,0,0,0,0,-,-,NA,NA,SAN DIEGO,SAN DIEGO,-116.93743896484376,32.55571746826172
9878645,2025,2025-10-01,3702,2025-09-01,1238,CV1603,NA,1,5,6,3702,0,0,0,NA,0,024,MAIN ST,MELROSE AV,53,W,N,A,-,N,NA,NA,NA,NA,NA,NA,NA,NA,NA,Y,2,0,2,2,A,-,08,22100,A,N,C,C,A,A,H,-,A,A,0,NA,NA,NA,NA,Y,NA,A,01,1,0,1,0,0,0,0,0,0,-,-,NA,NA,SAN DIEGO,CHULA VISTA,-117.04029083251952,32.59480667114258
9882058,2025,2025-10-15,3711,2025-09-26,1832,SD1895,NA,5,5,7,3711,0,0,0,NA,0,243,MIRAMAR RD,COMMERCE AV,0,NA,Y,A,-,N,NA,NA,NA,NA,NA,NA,NA,NA,NA,Y,3,0,1,2,D,-,00,NA,NA,N,D,C,A,A,H,-,B,A,0,NA,NA,NA,NA,Y,NA,-,-,0,1,0,0,0,0,0,0,0,-,-,NA,NA,SAN DIEGO,SAN DIEGO,-117.16831207275392,32.87824249267578
9882716,2025,2025-10-30,3711,2025-10-02,2127,SD1429,NA,4,5,7,3711,0,0,0,NA,0,824,EL CAJON BL,53RD ST,30,W,N,A,-,N,NA,NA,NA,NA,NA,NA,NA,NA,NA,Y,3,0,1,1,A,-,08,22107,NA,N,A,I,A,A,H,-,C,D,0,NA,NA,NA,NA,Y,NA,A,01,0,1,0,0,0,0,0,0,0,-,-,NA,NA,SAN DIEGO,SAN DIEGO,-117.08182525634766,32.757484436035156
9882830,2025,2025-11-17,3702,2025-10-12,1324,CV1252,NA,7,5,6,3702,0,0,0,NA,0,032,MACKENZIE CREEK RD,POINT RD,143,W,N,A,-,N,NA,NA,NA,NA,NA,NA,NA,NA,NA,Y,3,0,1,2,A,-,08,22107,NA,N,F,C,A,A,H,-,A,D,0,NA,NA,NA,NA,Y,NA,A,01,0,1,0,0,0,0,0,0,0,-,-,NA,NA,SAN DIEGO,CHULA VISTA,NA,NA
9882852,2025,2025-11-24,3702,2025-10-10,2300,CV1473,NA,5,5,6,3702,0,0,0,NA,0,043,HERITAGE RD,AVENIDA ESCAYA,493,W,N,B,-,N,NA,NA,NA,NA,NA,NA,NA,NA,NA,Y,4,0,2,3,A,-,03,22350,NA,N,C,C,A,A,H,-,C,D,0,NA,NA,NA,NA,Y,NA,D,22,0,0,2,0,0,0,0,0,0,-,-,NA,NA,SAN DIEGO,CHULA VISTA,-117.00198364257813,32.59993362426758
9883234,2025,2025-10-24,3710,2025-06-28,1521,OC1586,NA,6,5,6,3710,0,0,0,NA,0,009,SOUTH COAST HWY,EATON ST,55,N,N,A,-,N,NA,NA,NA,NA,NA,NA,NA,NA,NA,Y,2,0,1,2,A,-,08,22107,NA,N,C,C,A,A,H,-,A,D,0,NA,NA,Y,NA,Y,NA,C,02,1,0,0,0,0,0,0,0,1,-,-,NA,NA,SAN DIEGO,OCEANSIDE,-117.3584213256836,33.17073440551758
9883266,2025,2025-12-10,3709,2025-10-15,320,NC0565,NA,3,5,5,3709,0,0,0,NA,0,021,DIVISION ST,DIVISION ST 2700,0,NA,N,B,-,N,NA,NA,NA,NA,NA,NA,NA,NA,NA,N,3,0,1,2,A,-,11,21954,A,N,G,B,D,B,H,-,C,D,0,Y,NA,Y,NA,Y,NA,N,60,0,1,0,0,0,0,0,0,1,-,-,NA,NA,SAN DIEGO,NATIONAL CITY,-117.0776824951172,32.691654205322266
9883938,2025,2025-11-05,3711,2025-10-11,1352,SD1970,NA,6,5,7,3711,0,0,0,NA,0,231,POWAY RD,CREEKVIEW DR,0,NA,Y,A,-,N,NA,NA,NA,NA,NA,NA,NA,NA,NA,Y,3,0,2,2,A,-,09,21453,C,N,A,C,A,A,H,-,A,A,0,NA,NA,NA,NA,Y,NA,A,01,0,2,0,0,0,0,0,0,0,-,-,NA,NA,SAN DIEGO,SAN DIEGO,-117.09024047851563,32.94626235961914
9883947,2025,2025-11-13,3711,2025-10-09,828,SD6104,NA,4,5,7,3711,0,0,0,NA,0,832,POLK AV,MARLBOROUGH AV,0,NA,Y,A,-,N,NA,NA,NA,NA,NA,NA,NA,NA,NA,N,4,0,1,2,A,-,17,21657,NA,N,G,B,D,A,H,-,A,B,0,Y,NA,NA,NA,Y,NA,N,60,0,0,1,0,1,0,0,0,0,-,-,NA,NA,SAN DIEGO,SAN DIEGO,-117.1056671142578,32.751441955566406
9883968,2025,2025-11-10,3710,2025-10-17,1011,OC0873,NA,5,5,6,3710,0,0,0,NA,0,031,SOUTH MELROSE DR,CANNON RD,240,N,N,A,-,N,NA,NA,NA,NA,NA,NA,NA,NA,NA,Y,3,0,2,2,A,-,09,21804,A,N,B,C,A,A,H,-,A,A,0,NA,NA,NA,NA,Y,NA,A,07,0,2,0,0,0,0,0,0,0,-,-,NA,NA,SAN DIEGO,OCEANSIDE,-117.25262451171876,33.172279357910156
9883975,2025,2025-11-10,3710,2025-10-03,739,OC1571,NA,5,5,6,3710,0,0,0,NA,0,035,ALAMOSA PARK,N SANTA FE  AV,0,NA,Y,A,-,N,NA,NA,NA,NA,NA,NA,NA,NA,NA,N,3,0,1,2,A,-,05,21650,1,N,D,G,A,A,H,-,A,D,0,NA,NA,NA,NA,Y,NA,-,NA,0,1,0,0,0,0,0,0,0,-,-,NA,NA,SAN DIEGO,OCEANSIDE,-117.27864074707033,33.24314880371094
9884310,2025,2025-11-03,3711,2025-10-01,704,SD2030,NA,3,5,7,3711,0,0,0,NA,0,621,LINDA VISTA RD,COMSTOCK ST,0,NA,N,A,-,N,NA,NA,NA,NA,NA,NA,NA,NA,NA,Y,3,0,2,2,A,-,09,21801,A,N,D,C,A,A,H,-,A,A,0,NA,NA,NA,NA,Y,NA,A,01,0,2,0,0,0,0,0,0,0,-,-,NA,NA,SAN DIEGO,SAN DIEGO,-117.17173767089844,32.78337478637695
9884941,2025,2025-10-24,3711,2025-10-07,1911,SD1788,NA,2,5,7,3711,0,0,0,NA,0,446,IMPERIAL AV,49TH ST,26400,S,N,A,-,N,NA,NA,NA,NA,NA,NA,NA,NA,NA,Y,3,0,2,2,D,-,00,NA,NA,N,B,C,A,A,-,-,C,A,0,NA,NA,NA,NA,Y,NA,-,-,0,1,1,0,0,0,0,0,0,-,-,NA,NA,SAN DIEGO,SAN DIEGO,-117.1168212890625,32.704830169677734
9884965,2025,2025-11-04,3710,2025-10-14,1427,OC1586,NA,2,5,6,3710,0,0,0,NA,0,028,OCALA AV,OLIVE DR,95,N,N,C,-,N,NA,NA,NA,NA,NA,NA,NA,NA,NA,N,4,0,1,2,A,-,03,22350,NA,M,C,C,A,B,H,-,A,A,0,NA,NA,NA,NA,Y,NA,A,01,0,0,1,0,0,0,0,0,0,-,-,NA,NA,SAN DIEGO,OCEANSIDE,NA,NA
9885057,2025,2025-10-29,3700,2025-09-12,2212,SH0841,NA,5,5,5,3713,0,0,0,NA,0,305,NORTH SANTA FE AV,E BOBIER,260,S,N,A,-,N,NA,NA,NA,NA,NA,NA,NA,NA,NA,N,3,0,1,2,A,-,11,21954,A,N,G,B,E,A,H,-,C,A,0,Y,NA,NA,NA,Y,NA,N,60,0,1,0,0,1,0,0,0,0,-,-,NA,NA,SAN DIEGO,VISTA,-117.24488067626952,33.22045135498047
9885060,2025,2025-10-29,3700,2025-09-15,1341,SH3684,NA,1,5,5,3713,0,0,0,NA,0,311,EAST VISTA WY,CIVIC CENTER DR,0,NA,Y,A,-,N,NA,NA,NA,NA,NA,NA,NA,NA,NA,Y,4,0,2,2,A,-,09,21453,C,N,A,C,A,A,H,-,A,A,0,NA,NA,NA,NA,Y,NA,A,01,0,0,2,0,0,0,0,0,0,-,-,NA,NA,SAN DIEGO,VISTA,-117.23712921142578,33.20532989501953
9885246,2025,2025-11-14,3711,2025-10-07,825,SD1456,NA,2,5,7,3711,0,0,0,NA,0,243,KEARNY VILLA RD,RT 163,0,NA,Y,A,-,Y,SD,11,163,-,R,10.504,R,4,N,Y,3,0,1,2,A,-,09,21453,C,N,A,C,A,A,H,-,A,A,0,NA,NA,NA,NA,Y,NA,A,01,0,1,0,0,0,0,0,0,0,-,-,NA,NA,SAN DIEGO,SAN DIEGO,-117.12357330322266,32.852054595947266
9885585,2025,2025-11-13,3711,2025-10-28,2000,SD1609,NA,2,5,7,3711,0,0,0,NA,0,713,SIEMPRE VIVA RD,OTAY CENTER CT,75,N,N,A,-,N,NA,NA,NA,NA,NA,NA,NA,NA,NA,Y,3,0,1,2,A,-,12,21453,A,N,D,C,A,A,H,-,C,A,0,NA,NA,NA,NA,Y,NA,A,01,0,1,0,0,0,0,0,0,0,-,-,NA,NA,SAN DIEGO,SAN DIEGO,-116.94223022460938,32.554176330566406
9885854,2025,2025-12-02,3710,2025-10-18,326,OC1559,NA,6,5,6,3710,0,0,0,NA,0,016,MISSION AV,DOUGLAS DR,0,NA,Y,A,-,N,NA,NA,NA,NA,NA,NA,NA,NA,NA,N,3,0,1,2,A,-,12,21453,A,N,D,C,A,A,H,-,C,A,0,NA,NA,NA,NA,Y,NA,A,01,0,1,0,0,0,0,0,0,0,-,-,NA,NA,SAN DIEGO,OCEANSIDE,-117.3260498046875,33.227821350097656
9886429,2025,2025-12-22,3711,2025-11-19,124,SD1600,NA,3,5,7,3711,0,0,0,NA,0,827,UNIVERSITY AV,SHILOH RD,250,W,N,A,-,N,NA,NA,NA,NA,NA,NA,NA,NA,NA,N,3,0,1,2,A,-,-,NA,NA,N,C,E,A,A,D,-,C,D,0,NA,NA,NA,NA,Y,NA,I,20,0,1,0,0,0,0,0,0,0,-,-,NA,NA,SAN DIEGO,SAN DIEGO,-117.08232879638672,32.74908447265625
9888468,2025,2025-11-13,3702,2025-10-09,1130,CV1530,NA,4,5,6,3702,0,0,0,NA,0,014,3RD AV,N GLOVER AV,0,NA,Y,A,-,N,NA,NA,NA,NA,NA,NA,NA,NA,NA,N,3,0,2,2,A,-,09,21802,A,N,D,C,A,A,H,-,A,A,0,NA,NA,NA,NA,Y,NA,A,07,0,1,1,0,0,0,0,0,0,-,-,NA,NA,SAN DIEGO,CHULA VISTA,-117.08638763427734,32.65053176879883
9888764,2025,2025-12-11,3710,2025-09-21,1832,OC1592,NA,7,5,6,3710,0,0,0,NA,0,001,PACIFIC ST,SURFRIDER WY,0,NA,Y,B,-,N,NA,NA,NA,NA,NA,NA,NA,NA,NA,Y,3,0,1,2,A,-,01,23152,A,N,A,E,A,A,H,-,B,D,0,NA,NA,NA,NA,Y,Y,I,11,0,1,0,0,0,0,0,0,0,-,-,NA,NA,SAN DIEGO,OCEANSIDE,-117.385498046875,33.19743728637695
9888786,2025,2025-11-19,3711,2025-10-11,1351,SD2071,NA,6,5,7,3711,0,0,0,NA,0,712,SAN YSIDRO BL,DAIRY MART RD,78,E,N,A,-,N,NA,NA,NA,NA,NA,NA,NA,NA,NA,N,3,0,2,3,A,-,04,21703,NA,N,C,C,A,A,-,-,A,-,0,NA,NA,NA,Y,Y,NA,A,01,0,2,0,0,0,0,0,0,0,-,-,NA,NA,SAN DIEGO,SAN DIEGO,-117.06217193603516,32.55955123901367
9889055,2025,2025-12-17,3711,2025-11-02,58,SD7281,NA,7,5,7,3711,0,0,0,NA,0,122,MISSION BL,FELSPAR ST,10,N,N,B,-,N,NA,NA,NA,NA,NA,NA,NA,NA,NA,N,3,0,2,4,A,-,10,21950,A,M,G,B,B,A,H,-,C,A,0,Y,NA,NA,NA,Y,NA,-,99,0,2,0,0,2,0,0,0,0,-,-,NA,NA,SAN DIEGO,SAN DIEGO,-117.25576782226563,32.797508239746094
9889252,2025,2025-12-12,3700,2025-10-21,825,SH4805,NA,2,5,4,3780,0,0,0,NA,0,410,TWIN PEAKS RD,POMERADO RD,960,E,N,B,-,N,NA,NA,NA,NA,NA,NA,NA,NA,NA,N,3,0,1,2,A,-,03,22350,NA,N,H,-,A,A,B,-,A,D,0,NA,Y,NA,NA,Y,NA,L,04,0,1,0,0,0,0,1,0,0,-,-,NA,NA,SAN DIEGO,POWAY,-117.05987548828124,32.981529235839844