CASE_ID,ACCIDENT_YEAR,PROC_DATE,JURIS,COLLISION_DATE,COLLISION_TIME,OFFICER_ID,REPORTING_DISTRICT,DAY_OF_WEEK,CHP_SHIFT,POPULATION,CNTY_CITY_LOC,SPECIAL_COND,BEAT_TYPE,CHP_BEAT_TYPE,CITY_DIVISION_LAPD,CHP_BEAT_CLASS,BEAT_NUMBER,PRIMARY_RD,SECONDARY_RD,DISTANCE,DIRECTION,INTERSECTION,WEATHER_1,WEATHER_2,STATE_HWY_IND,CALTRANS_COUNTY,CALTRANS_DISTRICT,STATE_ROUTE,ROUTE_SUFFIX,POSTMILE_PREFIX,POSTMILE,LOCATION_TYPE,RAMP_INTERSECTION,SIDE_OF_HWY,TOW_AWAY,COLLISION_SEVERITY,NUMBER_KILLED,NUMBER_INJURED,PARTY_COUNT,PRIMARY_COLL_FACTOR,PCF_CODE_OF_VIOL,PCF_VIOL_CATEGORY,PCF_VIOLATION,PCF_VIOL_SUBSECTION,HIT_AND_RUN,TYPE_OF_COLLISION,MVIW,PED_ACTION,ROAD_SURFACE,ROAD_COND_1,ROAD_COND_2,LIGHTING,CONTROL_DEVICE,CHP_ROAD_TYPE,PEDESTRIAN_ACCIDENT,BICYCLE_ACCIDENT,MOTORCYCLE_ACCIDENT,TRUCK_ACCIDENT,NOT_PRIVATE_PROPERTY,ALCOHOL_INVOLVED,STWD_VEHTYPE_AT_FAULT,CHP_VEHTYPE_AT_FAULT,COUNT_SEVERE_INJ,COUNT_VISIBLE_INJ,COUNT_COMPLAINT_PAIN,COUNT_PED_KILLED,COUNT_PED_INJURED,COUNT_BICYCLIST_KILLED,COUNT_BICYCLIST_INJURED,COUNT_MC_KILLED,COUNT_MC_INJURED,PRIMARY_RAMP,SECONDARY_RAMP,LATITUDE,LONGITUDE,COUNTY,CITY,POINT_X,POINT_Y
6518656,2014,2016-02-06,9645,2014-05-14,1415,17717,NA,3,2,7,3711,0,1,1,NA,2,003,RT 5,3RD AV,60,S,N,A,-,Y,SD,11,5,-,R,16.46,H,-,N,N,4,0,2,4,A,-,03,22350,NA,N,C,C,A,A,H,-,A,D,1,NA,NA,NA,NA,Y,NA,A,01,0,0,2,0,0,0,0,0,0,-,-,32.72864,-117.16661,SAN DIEGO,SAN DIEGO,-117.16185608,32.72279435
6518703,2014,2016-03-28,9645,2014-05-17,1030,18118,NA,6,1,7,3711,0,1,3,NA,2,006,RT 94,47TH ST,100,W,N,A,-,Y,SD,11,94,-,-,4.65,H,-,E,Y,3,0,1,2,A,-,03,22350,NA,N,C,C,A,A,H,-,A,D,1,NA,NA,Y,NA,Y,NA,C,02,0,1,0,0,0,0,0,0,1,-,-,NA,NA,SAN DIEGO,SAN DIEGO,-117.09329276,32.71798873
6519157,2014,2014-08-13,9680,2014-06-01,0030,20105,NA,7,3,5,3705,0,3,5,NA,2,001,BRADLEY AV,GRAVES AV,1025,E,N,A,-,N,NA,NA,NA,NA,NA,NA,NA,NA,NA,Y,3,0,2,2,A,-,08,22107,NA,N,E,I,A,A,H,-,C,D,0,NA,NA,NA,NA,Y,Y,A,01,0,1,1,0,0,0,0,0,0,-,-,32.81915,-116.95525,SAN DIEGO,EL CAJON,-116.95563576,32.81912
6519341,2014,2015-09-24,3701,2014-05-20,1930,5444,26,2,5,5,3701,0,0,0,NA,0,004,COLLEGE BL,RICHFIELD DR,0,NA,Y,B,-,N,NA,NA,NA,NA,NA,NA,NA,NA,NA,Y,3,0,2,2,A,-,12,21453,A,N,D,C,A,A,H,-,A,A,0,NA,NA,NA,NA,Y,NA,-,-,0,2,0,0,0,0,0,0,0,-,-,33.15912,-117.2909,SAN DIEGO,CARLSBAD,-117.29099006,33.15931012
6519490,2014,2016-03-26,9645,2014-05-29,1700,018801,NA,4,2,7,3711,0,1,1,NA,2,010,RT 8,WARING RD,350,E,N,A,-,Y,SD,11,8,-,-,7.16,H,-,E,Y,4,0,2,3,A,-,03,22350,NA,N,C,C,A,A,H,-,B,D,1,NA,NA,NA,NA,Y,NA,A,01,0,0,2,0,0,0,0,0,0,-,-,32.7807,-117.08653,SAN DIEGO,SAN DIEGO,-117.08646994,32.78067391
6523508,2014,2014-07-18,3700,2014-04-26,0402,SH0076,NA,6,5,5,3713,0,0,0,NA,0,311,SANTA FE  AV,EUCALYPTUS AV,528,W,N,B,-,N,NA,NA,NA,NA,NA,NA,NA,NA,NA,Y,4,0,1,1,A,-,08,22107,NA,N,E,I,A,A,H,-,C,D,0,NA,NA,NA,NA,Y,NA,A,01,0,0,1,0,0,0,0,0,0,-,-,NA,NA,SAN DIEGO,VISTA,-117.24267453,33.20049417
6523816,2014,2014-08-04,3705,2014-05-18,1754,EC0163,NA,7,5,5,3705,0,0,0,NA,0,007,BALLANTYNE,BROADWAY,274,N,N,A,-,N,NA,NA,NA,NA,NA,NA,NA,NA,NA,N,4,0,2,2,A,-,09,21804,A,N,D,C,A,A,H,-,A,D,0,NA,NA,NA,NA,Y,NA,A,01,0,0,2,0,0,0,0,0,0,-,-,NA,NA,SAN DIEGO,EL CAJON,-116.95816358,32.8084301
6524102,2014,2014-07-17,3711,2014-04-21,0840,6961,NA,1,5,7,3711,0,0,0,NA,0,523,BROADWAY,5TH AV,0,NA,Y,A,-,N,NA,NA,NA,NA,NA,NA,NA,NA,NA,N,4,0,1,2,A,-,04,21703,NA,N,C,C,A,A,H,-,A,A,0,NA,NA,NA,NA,Y,NA,-,NA,0,0,1,0,0,0,0,0,0,-,-,NA,NA,SAN DIEGO,SAN DIEGO,-117.16015007,32.71571009
6524267,2014,2014-08-06,3701,2014-05-07,0738,5248,3701,3,5,5,3701,0,0,0,NA,0,004,CHESTNUT AV,EL CAMINIO REAL,0,NA,Y,A,-,N,NA,NA,NA,NA,NA,NA,NA,NA,NA,N,4,0,1,2,A,-,03,22350,NA,N,-,-,A,A,-,-,A,-,0,NA,NA,NA,NA,Y,NA,A,01,0,0,1,0,0,0,0,0,0,-,-,NA,NA,SAN DIEGO,CARLSBAD,-117.31992005,33.16417002
6524401,2014,2014-08-04,3711,2014-05-09,1100,6776,SANDI,5,5,7,3711,0,0,0,NA,0,124,GILMAN DR,EVENING WY,246,S,N,A,-,N,NA,NA,NA,NA,NA,NA,NA,NA,NA,N,3,0,1,1,A,-,05,21651,A,N,-,-,A,A,H,-,A,-,0,NA,NA,NA,NA,Y,NA,-,NA,0,1,0,0,0,0,0,0,0,-,-,NA,NA,SAN DIEGO,SAN DIEGO,-117.23802041,32.86854236
6524474,2014,2014-08-04,3711,2014-05-03,1759,6982,NA,6,5,7,3711,0,0,0,NA,0,122,MISSION BL,GARNET AV,54,S,N,A,-,N,NA,NA,NA,NA,NA,NA,NA,NA,NA,Y,4,0,1,3,A,-,04,21703,NA,N,C,C,A,A,H,-,A,A,0,NA,NA,NA,NA,Y,NA,-,-,0,0,1,0,0,0,0,0,0,-,-,NA,NA,SAN DIEGO,SAN DIEGO,-117.25544726,32.79643653
6524623,2014,2015-04-21,9650,2014-06-08,1335,015531,NA,7,1,5,3782,0,1,1,NA,2,007,RT 5,SANTA FE DR,1056,S,N,A,-,Y,SD,11,5,-,R,40.4,H,-,N,Y,4,0,1,2,A,-,08,22107,NA,N,D,C,A,A,H,-,A,D,1,NA,NA,NA,NA,Y,NA,A,07,0,0,1,0,0,0,0,0,0,-,-,33.0359,-117.28094,SAN DIEGO,ENCINITAS,-117.27956076,33.03364003
6524795,2014,2014-07-17,3702,2014-04-24,1600,CV0896,NA,4,5,6,3702,0,0,0,NA,0,011,FLOWER ST,CEDAR AV,0,NA,Y,A,-,N,NA,NA,NA,NA,NA,NA,NA,NA,NA,N,3,0,1,2,A,-,03,22350,NA,F,G,B,B,A,H,-,A,D,0,Y,NA,NA,NA,Y,NA,-,99,0,1,0,0,1,0,0,0,0,-,-,NA,NA,SAN DIEGO,CHULA VISTA,-117.09121011,32.6438601
6524809,2014,2014-08-06,3702,2014-05-13,2017,CV1026,NA,2,5,6,3702,0,0,0,NA,0,032,OLYMPIC PKWY,E PALOMAR,0,NA,Y,A,-,N,NA,NA,NA,NA,NA,NA,NA,NA,NA,Y,4,0,2,2,A,-,09,21453,C,N,A,C,A,A,H,-,C,A,0,NA,NA,NA,NA,Y,NA,A,01,0,0,2,0,0,0,0,0,0,-,-,NA,NA,SAN DIEGO,CHULA VISTA,-116.97952012,32.62956004
6524862,2014,2014-08-06,3702,2014-05-04,1018,CV1032,NA,7,5,6,3702,0,0,0,NA,0,021,BROADWAY,NAPLES ST,428,S,N,A,-,N,NA,NA,NA,NA,NA,NA,NA,NA,NA,N,4,0,1,2,D,-,00,NA,NA,N,D,G,A,A,H,-,A,D,0,NA,Y,NA,NA,Y,NA,-,-,0,0,1,0,0,0,1,0,0,-,-,NA,NA,SAN DIEGO,CHULA VISTA,-117.08099911,32.60911591
6525010,2014,2014-08-20,3711,2014-06-06,1608,7044,NA,5,5,7,3711,0,0,0,NA,0,931,LUSK BL,PACIFIC CENTER BL,500,W,N,A,-,N,NA,NA,NA,NA,NA,NA,NA,NA,NA,N,4,0,2,2,A,-,09,21804,NA,N,B,C,A,A,H,-,A,D,0,NA,NA,NA,NA,Y,NA,-,NA,0,0,2,0,0,0,0,0,0,-,-,NA,NA,SAN DIEGO,SAN DIEGO,-117.20121269,32.90182233
6525014,2014,2014-08-11,3711,2014-06-05,1646,6043,NA,4,5,7,3711,0,0,0,NA,0,242,GOLD COAST DR,AMBASSADOR AV,0,NA,Y,A,-,N,NA,NA,NA,NA,NA,NA,NA,NA,NA,N,4,0,1,2,A,-,09,21802,A,N,D,G,A,A,H,-,A,D,0,NA,Y,NA,NA,Y,NA,A,01,0,0,1,0,0,0,1,0,0,-,-,NA,NA,SAN DIEGO,SAN DIEGO,-117.14724005,32.90532004
6527724,2014,2014-07-17,9680,2014-04-01,0815,15733,NA,2,1,9,3700,0,2,4,NA,1,096,HIGHLAND VALLEY RD,RT 67,6336,W,N,C,-,N,NA,NA,NA,NA,NA,NA,NA,NA,NA,Y,4,0,1,1,A,-,08,22107,NA,N,E,I,A,B,H,-,A,D,0,NA,NA,NA,NA,Y,NA,A,07,0,0,1,0,0,0,0,0,0,-,-,33.02308,-116.92723,SAN DIEGO,UNINCORPORATED,-116.92724,33.023004
6528172,2014,2015-04-21,9650,2014-06-13,1410,16485,NA,5,2,5,3782,0,1,1,NA,2,007,RT 5,LA COSTA AV,2500,S,N,A,-,Y,SD,11,5,-,R,43.6,H,-,N,Y,2,0,1,2,A,-,03,22350,NA,N,C,C,A,A,H,-,A,D,1,NA,NA,Y,NA,Y,NA,C,02,1,0,0,0,0,0,0,0,1,-,-,33.0445,-117.1747,SAN DIEGO,ENCINITAS,-117.29590012,33.07763724
6528203,2014,2016-03-26,9680,2014-06-07,0321,020116,NA,6,3,5,3705,0,1,1,NA,2,082,RT 8,LOS COCHES RD,420,W,N,A,-,Y,SD,11,8,-,R,19.96,H,-,E,Y,4,0,1,2,A,-,03,22350,NA,N,D,C,A,A,C,-,D,D,1,NA,NA,NA,NA,Y,NA,D,22,0,0,1,0,0,0,0,0,0,-,-,32.82468,-116.90554,SAN DIEGO,EL CAJON,-116.9044494,32.82559089
6528587,2014,2016-04-09,9680,2014-06-12,2040,017389,NA,4,2,5,3708,0,1,3,NA,2,028,RT 125,SPRING ST,340,N,N,A,-,Y,SD,11,125,-,-,13.618,R,1,S,Y,4,0,1,4,A,-,03,22350,NA,N,C,C,A,A,H,-,D,D,1,NA,NA,NA,NA,Y,NA,A,01,0,0,1,0,0,0,0,0,0,SF,-,32.75467,-117.01127,SAN DIEGO,LA MESA,-117.01020871,32.75476793
6528641,2014,2015-01-29,9650,2014-06-20,0825,13570,NA,5,1,5,3713,0,1,3,NA,2,017,RT 78,MAR VISTA DR,2700,E,N,A,-,Y,SD,11,78,-,-,8.22,H,-,E,N,4,0,1,1,A,-,08,22107,NA,N,E,I,A,A,H,-,A,D,1,NA,NA,NA,NA,Y,NA,A,01,0,0,1,0,0,0,0,0,0,-,-,33.17394,-117.22557,SAN DIEGO,VISTA,-117.22606961,33.17457355
6531071,2014,2014-08-09,3711,2014-06-13,1525,3773,NA,5,5,7,3711,0,0,0,NA,0,529,4TH AV,ELM ST,57,N,N,A,-,N,NA,NA,NA,NA,NA,NA,NA,NA,NA,Y,4,0,2,2,A,-,03,22350,NA,N,C,C,A,A,H,-,A,A,0,NA,NA,NA,NA,Y,NA,-,NA,0,0,2,0,0,0,0,0,0,-,-,NA,NA,SAN DIEGO,SAN DIEGO,-117.16114828,32.72423538
6533670,2014,2014-08-12,3706,2014-06-20,1755,0473,ESPD,5,5,6,3706,0,0,0,NA,0,052,ASH ST,VALLEY PKWY,118,S,N,A,-,N,NA,NA,NA,NA,NA,NA,NA,NA,NA,N,3,0,1,2,A,-,05,21650,1,N,A,G,A,A,H,-,A,D,0,NA,Y,NA,NA,Y,Y,L,04,0,1,0,0,0,0,1,0,0,-,-,NA,NA,SAN DIEGO,ESCONDIDO,-117.06689202,33.1301754
6534728,2014,2014-07-31,3710,2014-05-12,1650,OC0754,NA,1,5,6,3710,0,0,0,NA,0,029,NORTH AV,AUTUMN DR,897,E,N,A,-,N,NA,NA,NA,NA,NA,NA,NA,NA,NA,Y,2,0,1,1,C,-,18,NA,NA,N,F,I,A,A,H,-,A,D,0,NA,NA,NA,NA,Y,NA,-,-,1,0,0,0,0,0,0,0,0,-,-,NA,NA,SAN DIEGO,OCEANSIDE,-117.27067785,33.21078412
6535767,2014,2014-07-25,3710,2014-05-08,1735,OC1390,NA,4,5,6,3710,0,0,0,NA,0,018,N RIVER,AVENIDA DESCANSO,300,E,N,A,-,N,NA,NA,NA,NA,NA,NA,NA,NA,NA,Y,4,0,1,2,A,-,09,21802,B,N,B,I,A,A,H,-,A,D,0,NA,NA,NA,NA,Y,NA,A,01,0,0,1,0,0,0,0,0,0,-,-,NA,NA,SAN DIEGO,OCEANSIDE,-117.31362193,33.24529
6536907,2014,2014-08-21,3710,2014-06-08,1130,OC0778,NA,7,5,6,3710,0,0,0,NA,0,007,SEAGAZE,TREMONT,0,NA,Y,A,-,N,NA,NA,NA,NA,NA,NA,NA,NA,NA,N,3,0,1,3,A,-,09,21802,A,N,F,A,A,A,H,-,A,A,0,NA,NA,Y,NA,Y,NA,A,01,0,1,0,0,0,0,0,0,1,-,-,NA,NA,SAN DIEGO,OCEANSIDE,-117.37961009,33.19456003
6536988,2014,2014-08-19,3706,2014-06-10,2057,ES0477,ESPD,2,5,6,3706,0,0,0,NA,0,045,E BARHAM DR,MEYERS AV,0,NA,Y,A,-,N,NA,NA,NA,NA,NA,NA,NA,NA,NA,N,3,0,1,2,A,-,09,21801,A,F,D,G,A,A,H,-,C,D,0,NA,Y,NA,NA,Y,NA,-,NA,0,1,0,0,0,0,1,0,0,-,-,NA,NA,SAN DIEGO,ESCONDIDO,-117.12841009,33.13276006
6537783,2014,2014-07-30,3710,2014-05-27,1448,OC1322,NA,2,5,6,3710,0,0,0,NA,0,016,MISSION,FIRESIDE,45,W,N,A,-,N,NA,NA,NA,NA,NA,NA,NA,NA,NA,N,4,0,1,2,A,-,03,22350,NA,N,C,C,A,A,H,-,A,A,0,NA,NA,NA,NA,Y,NA,A,01,0,0,1,0,0,0,0,0,0,-,-,NA,NA,SAN DIEGO,OCEANSIDE,-117.33558227,33.22232064
6538058,2014,2016-03-28,9650,2014-06-25,1150,013570,NA,3,1,6,3710,0,1,3,NA,2,015,RT 78,JEFFERSON ST,500,W,N,A,-,Y,SD,11,78,-,-,0.65,H,-,W,N,4,0,1,2,A,-,03,22350,NA,N,C,C,A,A,H,-,A,D,1,NA,NA,NA,NA,Y,NA,A,01,0,0,1,0,0,0,0,0,0,-,-,33.18063,-117.34478,SAN DIEGO,OCEANSIDE,-117.3414606,33.18122847
6538070,2014,2014-08-20,9650,2014-06-24,1610,015531,NA,2,2,9,3700,0,3,5,NA,2,070,PASEO DELICIAS,LA VALLE PLATEADA,528,E,N,A,-,N,NA,NA,NA,NA,NA,NA,NA,NA,NA,Y,4,0,2,2,A,-,03,22350,NA,N,C,C,A,A,H,-,A,D,0,NA,NA,NA,NA,Y,NA,A,01,0,0,2,0,0,0,0,0,0,-,-,33.02523,-117.1967,SAN DIEGO,UNINCORPORATED,-117.1962337,33.02547593
6538414,2014,2014-08-12,3711,2014-06-27,1703,6946,NA,5,5,7,3711,0,0,0,NA,0,826,EL CAJON BL,EUCLID,12,E,N,A,-,N,NA,NA,NA,NA,NA,NA,NA,NA,NA,N,4,0,1,2,A,-,12,21453,A,N,D,C,A,A,H,-,A,A,0,NA,NA,NA,NA,Y,NA,-,NA,0,0,1,0,0,0,0,0,0,-,-,NA,NA,SAN DIEGO,SAN DIEGO,-117.09217177,32.75604607
6538923,2014,2014-08-05,3700,2014-06-01,1625,SH2439,NA,7,5,5,3713,0,0,0,NA,0,301,NORTH SANTA FE AV,OSBORNE ST,1015,N,N,A,-,N,NA,NA,NA,NA,NA,NA,NA,NA,NA,Y,4,0,1,2,D,-,00,NA,NA,N,D,C,A,A,H,-,A,A,0,NA,NA,NA,NA,Y,NA,-,-,0,0,1,0,0,0,0,0,0,-,-,NA,NA,SAN DIEGO,VISTA,-117.25430617,33.23455288
6538985,2014,2014-06-27,3705,2014-03-22,1623,EC0278,NA,6,5,5,3705,0,0,0,NA,0,007,N 2ND,CLARENDON,0,NA,Y,A,-,N,NA,NA,NA,NA,NA,NA,NA,NA,NA,Y,4,0,1,3,A,-,09,21802,A,N,D,C,A,A,H,-,A,A,0,NA,NA,NA,NA,Y,NA,A,01,0,0,1,0,0,0,0,0,0,-,-,NA,NA,SAN DIEGO,EL CAJON,-116.9358001,32.80874012
6539448,2014,2014-08-15,3702,2014-06-08,1543,CV1053,NA,7,5,6,3702,0,0,0,NA,0,021,NAPLES ST,BROADWAY,100,W,N,A,-,N,NA,NA,NA,NA,NA,NA,NA,NA,NA,N,4,0,1,2,A,-,09,21804,A,N,D,C,A,A,H,-,A,D,0,NA,NA,NA,NA,Y,NA,A,01,0,0,1,0,0,0,0,0,0,-,-,NA,NA,SAN DIEGO,CHULA VISTA,-117.0817348,32.61013793
6539451,2014,2014-08-16,3711,2014-06-20,1410,4294,NA,5,5,7,3711,0,0,0,NA,0,123,INGRAHAM ST,PAREZ COVE WY,528,S,N,A,-,N,NA,NA,NA,NA,NA,NA,NA,NA,NA,Y,3,0,1,2,A,-,08,22107,NA,N,H,C,A,A,H,-,A,D,0,NA,NA,NA,NA,Y,NA,-,-,0,1,0,0,0,0,0,0,0,-,-,NA,NA,SAN DIEGO,SAN DIEGO,-117.23337227,32.76640362
6539468,2014,2014-08-15,3702,2014-06-13,1210,CV1115,NA,5,5,6,3702,0,0,0,NA,0,013,I ST,TWIN OAKS AV,90,W,N,A,-,N,NA,NA,NA,NA,NA,NA,NA,NA,NA,Y,3,0,1,2,A,-,08,22107,NA,N,C,C,A,A,H,-,A,D,0,NA,NA,NA,NA,Y,NA,A,01,0,1,0,0,0,0,0,0,0,-,-,NA,NA,SAN DIEGO,CHULA VISTA,-117.07307755,32.63169506
6541737,2014,2016-05-20,9645,2014-07-20,1625,019033,NA,7,2,6,3702,0,1,1,NA,2,009,RT 805,H ST,618,S,N,A,-,Y,SD,11,805,-,-,7.04,H,-,N,Y,4,0,2,1,A,-,08,22107,NA,N,B,C,A,A,H,-,A,D,1,NA,NA,NA,NA,Y,NA,A,07,0,0,2,0,0,0,0,0,0,-,-,NA,NA,SAN DIEGO,CHULA VISTA,-117.05365946,32.63942344
6543952,2014,2014-08-13,3706,2014-06-15,1431,ES1603,ESCON,7,5,6,3706,0,0,0,NA,0,055,FELICITA RD,BERKSHIRE CT,40,E,N,A,-,N,NA,NA,NA,NA,NA,NA,NA,NA,NA,Y,4,0,1,2,A,-,03,22350,NA,N,C,C,A,A,H,-,A,D,0,NA,NA,NA,NA,Y,NA,A,01,0,0,1,0,0,0,0,0,0,-,-,NA,NA,SAN DIEGO,ESCONDIDO,-117.08278408,33.09875737
6544730,2014,2014-08-19,3706,2014-06-16,0727,ES0424,NA,1,5,6,3706,0,0,0,NA,0,052,S ESCONDIDO BL,W 5TH AV,0,NA,Y,A,-,N,NA,NA,NA,NA,NA,NA,NA,NA,NA,Y,4,0,1,2,A,-,12,21453,A,N,D,C,A,A,H,-,A,A,0,NA,NA,NA,NA,Y,NA,A,01,0,0,1,0,0,0,0,0,0,-,-,NA,NA,SAN DIEGO,ESCONDIDO,-117.08162008,33.11667001
6545043,2014,2014-08-18,3711,2014-06-30,0037,6483,NA,1,5,7,3711,0,0,0,NA,0,832,EL CAJON BL,43RD ST,0,NA,Y,A,-,N,NA,NA,NA,NA,NA,NA,NA,NA,NA,N,4,0,1,2,A,-,12,21453,A,N,D,C,A,A,H,-,C,A,0,NA,NA,NA,NA,Y,NA,-,NA,0,0,1,0,0,0,0,0,0,-,-,NA,NA,SAN DIEGO,SAN DIEGO,-117.10191009,32.75522001
6545055,2014,2014-08-19,3711,2014-06-26,1641,5779,5DPD,4,5,7,3711,0,0,0,NA,0,313,KEARNY VILLA RD,BALBOA DR,0,NA,Y,A,-,N,NA,NA,NA,NA,NA,NA,NA,NA,NA,N,4,0,1,2,A,-,03,22350,NA,N,C,C,A,A,H,-,A,A,0,NA,NA,NA,NA,Y,NA,-,NA,0,0,1,0,0,0,0,0,0,-,-,NA,NA,SAN DIEGO,SAN DIEGO,-117.14432004,32.82171009
6545626,2014,2014-08-19,3706,2014-06-24,1734,ES0322,ESPD,2,5,6,3706,0,0,0,NA,0,042,WASHINGTON AV,WAVERLY PL,0,NA,Y,A,-,N,NA,NA,NA,NA,NA,NA,NA,NA,NA,N,3,0,1,2,A,-,09,21801,A,N,H,J,A,A,H,-,A,A,0,NA,NA,Y,NA,Y,NA,A,01,0,1,0,0,0,0,0,0,1,-,-,NA,NA,SAN DIEGO,ESCONDIDO,-117.08265001,33.12735012
6545939,2014,2016-02-17,9650,2014-06-24,1546,014772,NA,2,2,9,3700,0,1,1,NA,2,021,RT 15,RT 76,1238,S,N,A,-,Y,SD,11,15,-,R,46.173,R,2,N,Y,3,0,2,1,A,-,01,23152,E,N,F,A,A,A,H,-,A,D,1,NA,NA,NA,NA,Y,NA,A,07,0,2,0,0,0,0,0,0,0,TO,-,33.32619,-117.15868,SAN DIEGO,UNINCORPORATED,-117.15883005,33.32672133
6550021,2014,2016-03-28,9645,2014-06-23,1548,018950,NA,1,2,7,3711,0,1,3,NA,2,023,RT 163,RT 8,1584,N,N,A,-,Y,SD,11,163,-,-,4.22,H,-,N,Y,4,0,1,2,A,-,07,21658,A,N,C,C,A,A,H,-,A,D,1,NA,NA,NA,NA,Y,NA,A,01,0,0,1,0,0,0,0,0,0,-,-,32.75266,-117.10317,SAN DIEGO,SAN DIEGO,-117.16165381,32.76991644
6550050,2014,2016-03-26,9645,2014-06-24,1640,16728,NA,2,2,7,3711,0,1,1,NA,2,011,RT 805,LANDIS ST,338,S,N,A,-,Y,SD,11,805,-,-,15.66,H,-,S,Y,4,0,2,2,A,-,03,22350,NA,N,C,C,A,A,H,-,A,D,1,NA,NA,NA,NA,Y,NA,A,01,0,0,2,0,0,0,0,0,0,-,-,32.74479,-117.11967,SAN DIEGO,SAN DIEGO,-117.11978232,32.74513322
6550167,2014,2014-09-02,3711,2014-06-30,1620,5989,NA,1,5,7,3711,0,0,0,NA,0,124,LA JOLLA BL,MIDWAY ST,300,N,N,A,-,N,NA,NA,NA,NA,NA,NA,NA,NA,NA,N,4,0,2,2,A,-,04,21703,NA,N,C,C,A,A,H,-,A,D,0,NA,NA,NA,NA,Y,NA,-,NA,0,0,2,0,0,0,0,0,0,-,-,NA,NA,SAN DIEGO,SAN DIEGO,-117.26896048,32.81313369
6550263,2014,2016-05-25,9645,2014-07-01,0810,014669,NA,2,1,7,3711,0,1,1,NA,2,010,RT 8,PRESIDIO PARK,168,W,N,A,-,Y,SD,11,8,-,R,0.92,H,-,W,Y,4,0,1,4,A,-,03,22350,NA,N,C,C,A,A,H,-,A,D,1,NA,NA,NA,NA,Y,NA,A,01,0,0,1,0,0,0,0,0,0,-,-,32.76062,-117.16256,SAN DIEGO,SAN DIEGO,-117.18873146,32.7599238
6550450,2014,2014-09-02,3700,2014-07-08,1655,SH1847,NA,2,5,5,3713,0,0,0,NA,0,311,WEST VISTA WY,VISTA VILLAGE DR,25,W,N,A,-,N,NA,NA,NA,NA,NA,NA,NA,NA,NA,Y,4,0,1,4,A,-,08,22107,NA,F,A,C,A,A,H,-,A,A,0,NA,NA,NA,NA,Y,Y,A,01,0,0,1,0,0,0,0,0,0,-,-,NA,NA,SAN DIEGO,VISTA,-117.24890474,33.19756275
6551150,2014,2014-08-28,3700,2014-07-10,0919,SH2505,NA,4,5,5,3712,0,0,0,NA,0,352,NORTH TWIN OAKS VALLEY DR,W BORDEN RD,90,S,N,A,-,N,NA,NA,NA,NA,NA,NA,NA,NA,NA,Y,4,0,1,2,C,-,18,NA,NA,N,D,C,A,A,H,-,A,A,0,NA,NA,NA,NA,Y,NA,-,-,0,0,1,0,0,0,0,0,0,-,-,NA,NA,SAN DIEGO,SAN MARCOS,-117.1617712,33.15063486
6553273,2014,2014-08-21,9680,2014-07-05,1912,019418,NA,6,2,9,3700,0,2,4,NA,1,026,JAMACHA RD,PRESIOCA ST,0,NA,Y,A,-,N,NA,NA,NA,NA,NA,NA,NA,NA,NA,Y,3,0,2,2,A,-,01,23152,A,F,D,C,A,A,H,-,A,A,0,NA,NA,NA,NA,Y,Y,A,01,0,2,0,0,0,0,0,0,0,-,-,32.715,-117.00132,SAN DIEGO,UNINCORPORATED,-117.00149012,32.71486004
6556773,2014,2014-08-14,9645,2014-06-24,1935,18587,NA,2,2,9,3700,0,3,5,NA,2,018,ANDORRA WY,BONITA RD,500,S,N,A,-,N,NA,NA,NA,NA,NA,NA,NA,NA,NA,N,3,0,1,2,A,-,03,22350,NA,F,C,C,A,A,H,-,A,D,0,NA,NA,Y,NA,Y,NA,-,99,0,1,0,0,0,0,0,0,1,-,-,32.6482,-117.05405,SAN DIEGO,UNINCORPORATED,-117.0539,32.64746
6556774,2014,2016-04-09,9645,2014-06-26,1255,016542,NA,4,1,7,3711,0,1,3,NA,2,006,RT 94,RT 15,726,W,N,A,-,Y,SD,11,94,-,-,3.11,H,-,W,Y,3,0,4,2,A,-,08,22107,NA,N,C,C,A,A,H,-,A,D,1,NA,NA,NA,NA,Y,NA,A,01,0,1,3,0,0,0,0,0,0,-,-,32.717530000000004,-117.11678,SAN DIEGO,SAN DIEGO,-117.11920146,32.71687777
6558585,2014,2014-08-14,3702,2014-06-19,1725,CV1079,NA,4,5,6,3702,0,0,0,NA,0,022,4TH AV,NAPLE ST,0,NA,Y,A,-,N,NA,NA,NA,NA,NA,NA,NA,NA,NA,Y,3,0,3,2,A,-,09,21801,A,N,D,C,A,A,H,-,A,A,0,NA,NA,NA,NA,Y,NA,A,01,0,3,0,0,0,0,0,0,0,-,-,NA,NA,SAN DIEGO,CHULA VISTA,-117.07317012,32.61251001
6558589,2014,2014-08-14,3702,2014-06-18,1230,CV0652,NA,3,5,6,3702,0,0,0,NA,0,023,EAST ORANGE AV,MELROSE AV,0,NA,Y,A,-,N,NA,NA,NA,NA,NA,NA,NA,NA,NA,N,4,0,2,2,A,-,09,21801,A,N,D,C,A,A,H,-,A,A,0,NA,NA,NA,NA,Y,NA,A,01,0,0,2,0,0,0,0,0,0,-,-,NA,NA,SAN DIEGO,CHULA VISTA,-117.03896011,32.60470001
6558733,2014,2016-05-21,9650,2014-07-13,1740,013452,NA,7,2,5,3713,0,1,3,NA,2,017,RT 78,VISTA VILLAGE DR,40,E,N,A,-,Y,SD,11,78,-,-,6.21,H,-,W,Y,4,0,1,1,A,-,08,22107,NA,N,E,I,A,A,H,-,A,D,1,NA,NA,NA,NA,Y,NA,A,01,0,0,1,0,0,0,0,0,0,-,-,33.19495,-117.24967,SAN DIEGO,VISTA,-117.24987266,33.19493654
6558739,2014,2016-05-20,9650,2014-07-02,1930,016155,NA,3,2,5,3701,0,1,1,NA,2,005,RT 5,TAMARACK AV,1320,S,N,A,-,Y,SD,11,5,-,R,48.98,H,-,N,Y,4,0,5,4,A,-,03,22350,NA,N,C,C,A,A,H,-,A,D,1,NA,NA,NA,NA,Y,NA,A,08,0,0,5,0,0,0,0,0,0,-,-,34.14568,-117.33338,SAN DIEGO,CARLSBAD,-117.33407594,33.14830099