CASE_ID,ACCIDENT_YEAR,PROC_DATE,JURIS,COLLISION_DATE,COLLISION_TIME,OFFICER_ID,REPORTING_DISTRICT,DAY_OF_WEEK,CHP_SHIFT,POPULATION,CNTY_CITY_LOC,SPECIAL_COND,BEAT_TYPE,CHP_BEAT_TYPE,CITY_DIVISION_LAPD,CHP_BEAT_CLASS,BEAT_NUMBER,PRIMARY_RD,SECONDARY_RD,DISTANCE,DIRECTION,INTERSECTION,WEATHER_1,WEATHER_2,STATE_HWY_IND,CALTRANS_COUNTY,CALTRANS_DISTRICT,STATE_ROUTE,ROUTE_SUFFIX,POSTMILE_PREFIX,POSTMILE,LOCATION_TYPE,RAMP_INTERSECTION,SIDE_OF_HWY,TOW_AWAY,COLLISION_SEVERITY,NUMBER_KILLED,NUMBER_INJURED,PARTY_COUNT,PRIMARY_COLL_FACTOR,PCF_CODE_OF_VIOL,PCF_VIOL_CATEGORY,PCF_VIOLATION,PCF_VIOL_SUBSECTION,HIT_AND_RUN,TYPE_OF_COLLISION,MVIW,PED_ACTION,ROAD_SURFACE,ROAD_COND_1,ROAD_COND_2,LIGHTING,CONTROL_DEVICE,CHP_ROAD_TYPE,PEDESTRIAN_ACCIDENT,BICYCLE_ACCIDENT,MOTORCYCLE_ACCIDENT,TRUCK_ACCIDENT,NOT_PRIVATE_PROPERTY,ALCOHOL_INVOLVED,STWD_VEHTYPE_AT_FAULT,CHP_VEHTYPE_AT_FAULT,COUNT_SEVERE_INJ,COUNT_VISIBLE_INJ,COUNT_COMPLAINT_PAIN,COUNT_PED_KILLED,COUNT_PED_INJURED,COUNT_BICYCLIST_KILLED,COUNT_BICYCLIST_INJURED,COUNT_MC_KILLED,COUNT_MC_INJURED,PRIMARY_RAMP,SECONDARY_RAMP,LATITUDE,LONGITUDE,COUNTY,CITY,POINT_X,POINT_Y
6601752,2014,2016-05-21,3711,2014-08-08,2150,6286,NA,5,5,7,3711,0,0,0,NA,0,515,28TH ST,RT 94,0,NA,Y,A,-,Y,SD,11,94,-,-,2.34,R,4,E,Y,3,0,1,1,A,-,08,22107,NA,N,F,J,A,A,H,-,C,D,0,NA,NA,Y,NA,Y,NA,C,02,0,1,0,0,0,0,0,0,1,-,-,NA,NA,SAN DIEGO,SAN DIEGO,-117.13171472,32.71327324
6603201,2014,2014-09-03,3711,2014-08-08,1510,7129,NA,5,5,7,3711,0,0,0,NA,0,833,FAIRMOUNT AV,WIGHTMAN AV,20,N,N,A,-,N,NA,NA,NA,NA,NA,NA,NA,NA,NA,N,4,0,1,2,A,-,04,21703,NA,N,C,C,A,A,H,-,A,D,0,NA,NA,NA,NA,Y,NA,I,11,0,0,1,0,0,0,0,0,0,-,-,NA,NA,SAN DIEGO,SAN DIEGO,-117.10092888,32.74793478
6603640,2014,2016-01-05,9645,2014-08-21,2035,018801,NA,4,2,6,3702,0,3,5,NA,2,111,RT 5,US/ MEXICO INTERNATIONAL BORDER,33,N,N,A,-,N,NA,NA,NA,NA,NA,NA,NA,NA,NA,N,4,0,1,2,A,-,03,22350,NA,N,C,C,A,A,H,-,C,A,0,NA,NA,NA,NA,Y,NA,D,22,0,0,1,0,0,0,0,0,0,-,-,32.54243,-117.02954,SAN DIEGO,CHULA VISTA,-117.02938825,32.54254812
6603872,2014,2016-05-24,9645,2014-08-14,1445,019322,NA,4,2,7,3711,0,1,1,NA,2,003,RT 5,PARK BL,180,N,N,A,-,Y,SD,11,5,-,R,15.844,R,1,N,Y,3,0,1,2,A,-,03,22350,NA,N,F,A,A,A,H,-,A,D,1,NA,NA,Y,NA,Y,NA,C,02,0,1,0,0,0,0,0,0,1,-,-,32.72454,-117.15184000000001,SAN DIEGO,SAN DIEGO,-117.15158243,32.72425957
6603934,2014,2014-09-10,9650,2014-08-09,0819,016490,NA,6,1,9,3700,0,3,5,NA,2,231,ANAHEIM ST,MARY LN,150,E,N,A,-,N,NA,NA,NA,NA,NA,NA,NA,NA,NA,Y,3,0,1,1,A,-,01,23152,A,N,E,I,A,A,H,-,A,D,0,NA,NA,NA,NA,Y,Y,A,01,0,1,0,0,0,0,0,0,0,-,-,33.08426,-117.04593,SAN DIEGO,UNINCORPORATED,-117.04619349,33.08437475
6604929,2014,2014-09-22,3711,2014-03-27,1554,6989,SOUTH,4,5,7,3711,0,0,0,NA,0,724,HOLLISTER ST,PALM,117,S,N,A,-,N,NA,NA,NA,NA,NA,NA,NA,NA,NA,Y,4,0,2,3,A,-,08,22107,NA,N,B,E,A,A,H,-,A,D,0,NA,NA,NA,NA,Y,NA,A,07,0,0,2,0,0,0,0,0,0,-,-,NA,NA,SAN DIEGO,SAN DIEGO,-117.08411086,32.58346181
6605451,2014,2016-05-21,9650,2014-08-05,1910,017328,NA,2,2,5,3713,0,1,3,NA,2,017,RT 78,SYCAMORE AV,3168,W,N,A,-,Y,SD,11,78,-,-,8.47,H,-,W,Y,4,0,1,1,A,-,08,22107,NA,N,E,I,A,A,H,-,A,D,1,NA,NA,NA,NA,Y,NA,-,NA,0,0,1,0,0,0,0,0,0,-,-,33.17373,-117.22516,SAN DIEGO,VISTA,-117.22350595,33.17163181
6605491,2014,2014-09-11,9650,2014-08-18,1355,017905,NA,1,1,9,3700,0,3,5,NA,1,212,GOPHER CANYON RD,DISNEY LN,20,W,N,A,-,N,NA,NA,NA,NA,NA,NA,NA,NA,NA,Y,4,0,2,3,A,-,03,22350,NA,N,C,C,A,A,H,-,A,D,0,NA,NA,NA,NA,Y,NA,A,07,0,0,2,0,0,0,0,0,0,-,-,NA,NA,SAN DIEGO,UNINCORPORATED,-117.18344031,33.25285917
6607704,2014,2014-09-08,3711,2014-07-15,1318,5313,NA,2,5,7,3711,0,0,0,NA,0,712,RAIL CT,EAST SAN YSIDRO BL,0,NA,Y,A,-,N,NA,NA,NA,NA,NA,NA,NA,NA,NA,N,4,0,1,2,A,-,03,22350,NA,N,C,C,A,A,H,-,A,A,0,NA,NA,NA,NA,Y,NA,A,01,0,0,1,0,0,0,0,0,0,-,-,NA,NA,SAN DIEGO,SAN DIEGO,-117.02872004,32.54420008
6611623,2014,2014-09-22,3711,2014-08-30,1115,5569,NA,6,5,7,3711,0,0,0,NA,0,313,CLAIREMONT MESA BL,RUFFNER ST,300,W,N,A,-,N,NA,NA,NA,NA,NA,NA,NA,NA,NA,N,3,0,1,2,A,-,09,21804,A,N,H,A,A,A,C,-,A,D,0,NA,NA,Y,NA,Y,NA,A,01,0,1,0,0,0,0,0,0,1,-,-,NA,NA,SAN DIEGO,SAN DIEGO,-117.16019331,32.83269
6611651,2014,2014-09-19,3711,2014-08-29,0725,4298,NA,5,5,7,3711,0,0,0,NA,0,315,CAMINO DEL RIO S,TEXAS ST,2000,E,N,A,-,N,NA,NA,NA,NA,NA,NA,NA,NA,NA,N,4,0,1,2,A,-,10,21952,NA,N,G,B,F,A,H,-,A,D,0,Y,NA,NA,NA,Y,NA,-,NA,0,0,1,0,1,0,0,0,0,-,-,NA,NA,SAN DIEGO,SAN DIEGO,-117.13446442,32.77004457
6611787,2014,2016-05-16,9650,2014-08-28,1400,014772,NA,4,2,9,3700,0,1,1,NA,2,022,RT 15,RAINBOW VALLEY BL,5280,S,N,A,-,Y,SD,11,15,-,R,53.07,H,-,N,Y,3,0,1,2,A,-,07,21658,A,N,C,C,A,A,H,-,A,D,1,NA,NA,Y,NA,Y,NA,A,07,0,1,0,0,0,0,0,0,1,-,-,33.41865,-117.15568,SAN DIEGO,UNINCORPORATED,-117.15561256,33.41899839
6611905,2014,2016-05-16,3702,2014-08-20,1627,CV0991,NA,3,5,6,3702,0,0,0,NA,0,032,OTAY LAKES RD,RT 125,241,E,N,A,-,Y,SD,11,125,-,-,4.272,R,4,N,Y,4,0,3,4,A,-,03,22350,NA,N,C,C,A,A,H,-,A,A,0,NA,NA,NA,NA,Y,NA,-,99,0,0,3,0,0,0,0,0,0,-,-,NA,NA,SAN DIEGO,CHULA VISTA,-116.97070628,32.64939867
6611955,2014,2016-05-16,3702,2014-07-30,1702,CV0991,NA,3,5,6,3702,0,0,0,NA,0,032,SAN MIGUEL RANCH RD,RT 125,0,NA,Y,A,-,Y,SD,11,125,-,R,6.269,R,4,N,Y,3,0,3,1,A,-,08,22107,NA,N,E,I,A,A,H,-,A,A,0,NA,NA,NA,NA,Y,NA,A,07,0,3,0,0,0,0,0,0,0,-,-,NA,NA,SAN DIEGO,CHULA VISTA,-116.98433494,32.66802609
6612596,2014,2014-09-19,3711,2014-08-27,1317,7175,NA,3,5,7,3711,0,0,0,NA,0,613,ORCHARD,CATALINA,0,NA,Y,A,-,N,NA,NA,NA,NA,NA,NA,NA,NA,NA,Y,3,0,1,2,A,-,09,21802,A,N,D,C,A,A,-,-,A,A,0,NA,NA,NA,NA,Y,NA,-,NA,0,1,0,0,0,0,0,0,0,-,-,NA,NA,SAN DIEGO,SAN DIEGO,-117.24237001,32.73251008
6612599,2014,2014-09-19,3711,2014-08-23,1725,5611,NA,6,5,7,3711,0,0,0,NA,0,232,TED WILLIAMS PKWY,HIGHLAND RANCH RD,8,W,N,A,-,N,NA,NA,NA,NA,NA,NA,NA,NA,NA,Y,3,0,2,2,A,-,08,22100,A,N,D,C,A,A,H,-,A,A,0,NA,NA,Y,NA,Y,NA,C,06,0,1,1,0,0,0,0,0,2,-,-,NA,NA,SAN DIEGO,SAN DIEGO,-117.06824772,32.97373397
6612646,2014,2014-10-06,3711,2014-09-02,1014,6799,NA,2,5,7,3711,0,0,0,NA,0,115,TOWNE CENTRE DR,GOLDEN HAVEN DR,0,NA,Y,A,-,N,NA,NA,NA,NA,NA,NA,NA,NA,NA,Y,4,0,2,2,A,-,03,22350,NA,N,C,C,A,A,H,-,A,A,0,NA,NA,NA,NA,Y,NA,-,NA,0,0,2,0,0,0,0,0,0,-,-,NA,NA,SAN DIEGO,SAN DIEGO,-117.20704007,32.87001004
6614942,2014,2014-09-12,3710,2014-08-14,0450,OC1395,NA,4,5,6,3710,0,0,0,NA,0,001,N COAST,SURFRIDER,0,NA,Y,A,-,N,NA,NA,NA,NA,NA,NA,NA,NA,NA,Y,3,0,1,2,D,-,00,NA,NA,N,D,C,A,A,H,-,C,A,0,NA,NA,Y,NA,Y,NA,-,-,0,1,0,0,0,0,0,0,1,-,-,NA,NA,SAN DIEGO,OCEANSIDE,-117.38239008,33.19929004
6616181,2014,2014-09-25,3710,2014-08-09,0930,OC1400,NA,6,5,6,3710,0,0,0,NA,0,006,HORNE ST,PIER VIEW WY,0,NA,Y,A,-,N,NA,NA,NA,NA,NA,NA,NA,NA,NA,N,4,0,1,2,A,-,09,21804,A,F,D,C,A,A,H,-,A,A,0,NA,NA,Y,NA,Y,NA,D,22,0,0,1,0,0,0,0,0,1,-,-,NA,NA,SAN DIEGO,OCEANSIDE,-117.3764701,33.1990001
6616384,2014,2016-06-06,9645,2014-09-05,1640,16864,NA,5,2,7,3711,0,1,1,NA,2,007,RT 5,CARMEL VALLEY RD,900,S,N,A,-,Y,SD,11,5,-,R,32.73,H,-,N,Y,4,0,3,4,A,-,07,21658,A,N,B,C,A,A,H,-,A,D,1,NA,NA,NA,Y,Y,NA,A,01,0,0,3,0,0,0,0,0,0,-,-,32.55474,-117.1426,SAN DIEGO,SAN DIEGO,-117.24061425,32.92979699
6616452,2014,2014-10-03,9680,2014-09-05,0615,018152,NA,5,1,9,3700,0,2,4,NA,1,013,WILDCAT CANYON RD,OLD BARONA RD,3696,N,N,A,-,N,NA,NA,NA,NA,NA,NA,NA,NA,NA,Y,2,0,4,1,A,-,08,22107,NA,N,E,I,A,A,H,-,A,A,0,NA,NA,NA,NA,Y,NA,D,22,1,3,0,0,0,0,0,0,0,-,-,32.93481,-116.86822,SAN DIEGO,UNINCORPORATED,-116.87528666,32.9247364
6616767,2014,2016-01-05,3706,2014-08-19,1934,ES0455,NA,2,5,6,3706,0,0,0,NA,0,054,EAST VALLEY PKWY,PALOMAR COLLEGE,25,E,N,A,-,N,NA,NA,NA,NA,NA,NA,NA,NA,NA,Y,4,0,1,1,B,-,22,NA,NA,N,E,I,A,A,H,-,B,D,0,NA,NA,NA,NA,Y,NA,A,01,0,0,1,0,0,0,0,0,0,-,-,NA,NA,SAN DIEGO,ESCONDIDO,-117.052691,33.13709
6617808,2014,2015-01-13,3700,2014-09-02,0943,SH0059,NA,2,5,5,3713,0,0,0,NA,0,307,VISTA VILLAGE DR,PALM DR,373,N,N,A,-,N,NA,NA,NA,NA,NA,NA,NA,NA,NA,Y,4,0,3,2,A,-,09,21801,A,N,D,C,A,A,H,-,A,A,0,NA,NA,NA,NA,Y,NA,A,01,0,0,3,0,0,0,0,0,0,-,-,NA,NA,SAN DIEGO,VISTA,-117.23861629,33.20431277
6619630,2014,2014-10-27,3711,2014-09-03,1012,6082,NA,3,5,7,3711,0,0,0,NA,0,124,TORREY PINES RD,CAMINITO DEL CID,18,W,N,A,-,N,NA,NA,NA,NA,NA,NA,NA,NA,NA,N,4,0,1,2,A,-,03,22350,NA,M,C,C,A,A,H,-,A,A,0,NA,NA,NA,NA,Y,NA,-,NA,0,0,1,0,0,0,0,0,0,-,-,NA,NA,SAN DIEGO,SAN DIEGO,-117.25199826,32.85050364
6619631,2014,2014-10-27,3711,2014-09-01,1610,6518,NA,1,5,7,3711,0,0,0,NA,0,242,MAYA LINDA RD,MESA SPRINGS WY,394,W,N,A,-,N,NA,NA,NA,NA,NA,NA,NA,NA,NA,N,3,0,1,2,A,-,21,22106,NA,N,B,C,A,A,H,-,A,D,0,NA,NA,Y,NA,Y,NA,-,NA,0,1,0,0,0,0,0,0,1,-,-,NA,NA,SAN DIEGO,SAN DIEGO,-117.11929346,32.90090012
6620741,2014,2016-05-20,9650,2014-08-31,1130,014615,NA,7,1,6,3710,0,1,1,NA,2,005,RT 5,RT 78,5,N,N,A,-,Y,SD,11,5,-,R,51.2,H,-,S,Y,4,0,1,1,A,-,03,22350,NA,N,F,A,A,A,H,-,A,D,1,NA,NA,Y,NA,Y,NA,C,02,0,0,1,0,0,0,0,0,1,-,-,NA,NA,SAN DIEGO,OCEANSIDE,-117.35140574,33.17693936
6621609,2014,2014-09-30,3711,2014-09-06,0043,5198,NA,6,5,7,3711,0,0,0,NA,0,813,30TH ST,UNIVERSITY AV,308,N,N,A,-,N,NA,NA,NA,NA,NA,NA,NA,NA,NA,N,3,0,2,3,A,-,11,21955,NA,M,-,B,D,A,H,-,C,D,0,Y,NA,NA,NA,Y,Y,N,60,0,1,1,0,2,0,0,0,0,-,-,NA,NA,SAN DIEGO,SAN DIEGO,-117.13015396,32.74929016
6623101,2014,2015-01-09,3700,2014-08-26,0720,SH2497,NA,2,5,5,3712,0,0,0,NA,0,349,SAN ELIJO RD,QUESTHAVEN RD,140,W,N,A,-,N,NA,NA,NA,NA,NA,NA,NA,NA,NA,Y,3,0,2,3,A,-,03,22350,NA,N,C,C,A,A,H,-,A,A,0,NA,NA,NA,NA,Y,NA,A,01,0,2,0,0,0,0,0,0,0,-,-,NA,NA,SAN DIEGO,SAN MARCOS,-117.18674253,33.10222505
6627100,2014,2014-09-25,3710,2014-08-25,1628,OC0754,NA,1,5,6,3710,0,0,0,NA,0,033,COLLEGE,CHROMA,1032,N,N,A,-,N,NA,NA,NA,NA,NA,NA,NA,NA,NA,Y,2,0,3,3,A,-,17,21209,NA,N,G,B,E,A,H,-,A,D,0,Y,NA,NA,NA,Y,NA,-,NA,1,2,0,0,1,0,0,0,0,-,-,NA,NA,SAN DIEGO,OCEANSIDE,-117.29329516,33.23186468
6628885,2014,2016-05-24,9645,2014-08-29,1745,17473,NA,5,2,7,3711,0,1,1,NA,2,019,RT 15,DUENDA RD,1000,N,N,A,-,Y,SD,11,15,-,M,24.58,H,-,N,Y,4,0,1,2,A,-,03,22350,NA,N,C,C,A,A,H,-,A,D,1,NA,NA,NA,NA,Y,NA,A,07,0,0,1,0,0,0,0,0,0,-,-,33.03931,-117.07448,SAN DIEGO,SAN DIEGO,-117.07667087,33.03558514
6628993,2014,2016-03-22,3701,2014-08-30,1228,5444,3,6,5,5,3701,0,0,0,NA,0,002,CARLSBAD VILLAGE DR,HARDING ST,120,E,N,A,-,N,NA,NA,NA,NA,NA,NA,NA,NA,NA,N,4,0,1,2,A,-,09,21801,A,N,D,C,A,A,H,-,A,A,0,NA,NA,Y,NA,Y,NA,C,02,0,0,1,0,0,0,0,0,1,-,-,NA,NA,SAN DIEGO,CARLSBAD,-117.3443442,33.1621717
6628997,2014,2014-09-30,3701,2014-08-29,1317,5291,84,5,5,5,3701,0,0,0,NA,0,006,PALOMAR AIRPORT RD,PASEO VALINDO,750,W,N,A,-,N,NA,NA,NA,NA,NA,NA,NA,NA,NA,Y,3,0,1,1,C,-,18,NA,NA,N,E,I,A,A,H,-,A,D,0,NA,NA,NA,NA,Y,NA,-,-,0,1,0,0,0,0,0,0,0,-,-,NA,NA,SAN DIEGO,CARLSBAD,-117.24049876,33.1288179
6629876,2014,2014-09-30,3711,2014-09-16,2037,7187,NA,2,5,7,3711,0,0,0,NA,0,621,DRESCHER ST,GOODWIN ST,180,S,N,A,-,N,NA,NA,NA,NA,NA,NA,NA,NA,NA,N,3,0,1,2,A,-,08,22107,NA,M,G,B,E,A,H,-,C,D,0,Y,NA,NA,NA,Y,NA,-,NA,0,1,0,0,1,0,0,0,0,-,-,NA,NA,SAN DIEGO,SAN DIEGO,-117.17359834,32.7777386
6629979,2014,2014-09-29,3711,2014-08-25,0850,145,NA,1,5,7,3711,0,0,0,NA,0,111,MARLESTA ST,CHASEWOOD ST,87,W,N,A,-,N,NA,NA,NA,NA,NA,NA,NA,NA,NA,Y,3,0,1,2,A,-,21,22106,NA,N,D,C,A,A,H,-,A,D,0,NA,NA,NA,NA,Y,NA,A,01,0,1,0,0,0,0,0,0,0,-,-,NA,NA,SAN DIEGO,SAN DIEGO,-117.17253628,32.80644736
6629995,2014,2014-09-29,3711,2014-08-30,0249,5901,NA,6,5,7,3711,0,0,0,NA,0,623,HOTEL CIRCLE SOUTH,HOTEL CIRCLE SOUTH 2000,0,NA,N,A,-,N,NA,NA,NA,NA,NA,NA,NA,NA,NA,N,4,0,1,2,A,-,06,21750,NA,N,-,C,A,A,H,-,C,D,0,NA,NA,NA,NA,Y,NA,-,NA,0,0,1,0,0,0,0,0,0,-,-,NA,NA,SAN DIEGO,SAN DIEGO,-117.17934251,32.75904775
6630028,2014,2014-09-25,3700,2014-05-19,1136,SH2552,NA,1,5,4,3780,0,0,0,NA,0,411,HILLEARY PL,COMMUNITY RD,0,NA,Y,A,-,N,NA,NA,NA,NA,NA,NA,NA,NA,NA,N,4,0,1,3,A,-,03,22350,NA,N,C,C,A,A,H,-,A,A,0,NA,NA,NA,NA,Y,NA,A,08,0,0,1,0,0,0,0,0,0,-,-,NA,NA,SAN DIEGO,POWAY,-117.04056011,32.96004009
6630601,2014,2016-05-23,9645,2014-09-09,1040,14922,NA,2,1,6,3702,0,1,1,NA,2,001,RT 5,E ST,100,N,N,A,-,Y,SD,11,5,-,-,8.58,H,-,N,Y,4,0,1,3,A,-,07,21658,A,F,B,C,A,A,H,-,A,D,1,NA,NA,NA,NA,Y,NA,A,01,0,0,1,0,0,0,0,0,0,-,-,32.66322,-117.1089,SAN DIEGO,CHULA VISTA,-117.09999116,32.63978866
6630839,2014,2016-05-24,9645,2014-09-06,0655,016542,NA,6,1,7,3711,0,1,1,NA,2,019,RT 15,WEST BERNARDO DR,2640,S,N,A,-,Y,SD,11,15,S,-,25.52,H,-,N,Y,3,0,1,1,A,-,08,22107,NA,N,E,I,A,A,H,-,A,D,1,NA,NA,NA,NA,Y,NA,A,01,0,1,0,0,0,0,0,0,0,-,-,33.04488,-117.07284,SAN DIEGO,SAN DIEGO,-117.07283139,33.04865825
6631107,2014,2014-11-03,3711,2014-09-15,0738,6909,NA,1,5,7,3711,0,0,0,NA,0,934,EL CAMINO REAL,CARMEL VALLEY RD,0,NA,Y,A,-,N,NA,NA,NA,NA,NA,NA,NA,NA,NA,N,3,0,1,1,A,-,03,22350,NA,N,H,A,A,B,H,-,A,A,0,NA,Y,NA,NA,Y,NA,L,04,0,1,0,0,0,0,1,0,0,-,-,NA,NA,SAN DIEGO,SAN DIEGO,-117.23715001,32.93471002
6631523,2014,2014-10-10,9650,2014-09-08,2030,018406,NA,1,2,9,3700,0,3,5,NA,2,006,SOUTH MISSION RD,STAGE COACH LN,0,NA,Y,A,-,N,NA,NA,NA,NA,NA,NA,NA,NA,NA,Y,3,0,2,2,A,-,09,21453,C,N,D,C,A,A,H,-,C,A,0,NA,NA,NA,NA,Y,NA,A,01,0,1,1,0,0,0,0,0,0,-,-,33.34983,-117.24417,SAN DIEGO,UNINCORPORATED,-117.24442008,33.3493201
6632358,2014,2016-05-24,3703,2014-09-12,0912,1028,NA,5,5,3,3703,0,0,0,NA,0,001,ORANGE AV,5TH ST,28,S,N,A,-,Y,SD,11,75,-,-,19.486,I,5,S,N,3,0,1,2,A,-,09,21802,A,N,D,C,A,A,H,-,A,A,0,NA,NA,NA,NA,Y,NA,A,01,0,1,0,0,0,0,0,0,0,-,-,NA,NA,SAN DIEGO,CORONADO,-117.17578783,32.69308607
6632361,2014,2016-05-25,9645,2014-09-04,1520,18095,NA,4,2,7,3711,0,1,1,NA,2,017,RT 15,BALBOA AV,1780,N,N,A,-,Y,SD,11,15,-,R,9.58,H,-,N,Y,4,0,1,2,A,-,06,21755,NA,N,B,C,A,A,H,-,A,D,1,NA,NA,Y,NA,Y,NA,C,02,0,0,1,0,0,0,0,0,1,-,-,32.82865,-117.11757,SAN DIEGO,SAN DIEGO,-117.11725957,32.82786865
6632633,2014,2014-09-26,3700,2014-07-22,0905,SH1654,NA,2,5,3,3783,0,0,0,NA,0,273,LOMA SANTA FE,RIOS AV,0,NA,Y,A,-,N,NA,NA,NA,NA,NA,NA,NA,NA,NA,N,4,0,1,2,A,-,08,22107,NA,N,C,G,A,A,H,-,A,A,0,NA,Y,NA,NA,Y,NA,A,01,0,0,1,0,0,0,1,0,0,-,-,NA,NA,SAN DIEGO,SOLANA BEACH,-117.2694701,32.99226012
6634106,2014,2014-10-31,3700,2014-09-17,1947,SH2560,NA,3,5,5,3713,0,0,0,NA,0,319,SOUTH MELROSE DR,SHADOWRIDGE DR,45,S,N,A,-,N,NA,NA,NA,NA,NA,NA,NA,NA,NA,N,4,0,1,1,A,-,08,22107,NA,N,E,I,A,A,H,-,C,A,0,NA,NA,Y,NA,Y,NA,C,02,0,0,1,0,0,0,0,0,1,-,-,NA,NA,SAN DIEGO,VISTA,-117.24211528,33.1614126
6636182,2014,2014-10-07,3711,2014-09-04,1813,5046,NA,4,5,7,3711,0,0,0,NA,0,524,WEST ASH ST,UNION ST,0,NA,Y,A,-,N,NA,NA,NA,NA,NA,NA,NA,NA,NA,N,4,0,1,2,A,-,12,21453,A,N,D,C,A,A,H,-,A,A,0,NA,NA,NA,NA,Y,NA,D,22,0,0,1,0,0,0,0,0,0,-,-,NA,NA,SAN DIEGO,SAN DIEGO,-117.16562006,32.71985004
6636874,2014,2014-11-03,3711,2014-09-06,0025,6293,NA,6,5,7,3711,0,0,0,NA,0,122,GRAND AV,CASS ST,0,NA,Y,A,-,N,NA,NA,NA,NA,NA,NA,NA,NA,NA,Y,4,0,2,2,A,-,12,21453,A,N,D,C,A,A,H,-,C,A,0,NA,NA,NA,NA,Y,NA,-,NA,0,0,2,0,0,0,0,0,0,-,-,NA,NA,SAN DIEGO,SAN DIEGO,-117.25126002,32.79553008
6636885,2014,2016-05-28,9680,2014-09-17,1720,018427,NA,3,2,9,3700,0,1,1,NA,2,083,RT 8,LAKE JENNINGS PARK RD,1,E,N,A,-,Y,SD,11,8,-,R,22.84,H,-,E,Y,4,0,1,1,A,-,08,22107,NA,N,E,I,A,A,H,-,A,D,1,NA,NA,NA,NA,Y,NA,A,01,0,0,1,0,0,0,0,0,0,-,-,32.85356,-116.86329,SAN DIEGO,UNINCORPORATED,-116.86767388,32.85217535
6636913,2014,2016-05-25,9680,2014-09-11,0540,015008,NA,4,3,9,3700,0,1,3,NA,1,091,RT 78,3RD ST,132,W,N,A,-,Y,SD,11,78,-,-,36.27,H,-,W,Y,3,0,1,1,C,-,18,NA,NA,N,H,H,A,A,H,-,D,D,0,NA,NA,Y,NA,Y,NA,-,-,0,1,0,0,0,0,0,0,1,-,-,33.04796,-116.8582,SAN DIEGO,UNINCORPORATED,-116.85806687,33.04801682
6638303,2014,2014-10-08,3711,2014-09-14,1934,6989,NORTH,7,5,7,3711,0,0,0,NA,0,123,SEA WORLD DR,SEA WORLD WY,528,E,N,A,-,N,NA,NA,NA,NA,NA,NA,NA,NA,NA,N,4,0,1,2,A,-,04,21703,NA,N,C,C,A,A,H,-,C,D,0,NA,NA,NA,NA,Y,NA,A,01,0,0,1,0,0,0,0,0,0,-,-,NA,NA,SAN DIEGO,SAN DIEGO,-117.2301,32.76147
6638307,2014,2014-10-08,3711,2014-09-14,1359,6819,NA,7,5,7,3711,0,0,0,NA,0,434,SAN VICENTE ST,JACUMBA ST,0,NA,Y,A,-,N,NA,NA,NA,NA,NA,NA,NA,NA,NA,Y,4,0,4,2,A,-,12,22450,A,N,B,C,A,A,H,-,A,D,0,NA,NA,NA,NA,Y,NA,-,NA,0,0,4,0,0,0,0,0,0,-,-,NA,NA,SAN DIEGO,SAN DIEGO,-117.02949008,32.71132009
6639164,2014,2014-10-15,3706,2014-09-10,1924,ES0464,NA,3,5,6,3706,0,0,0,NA,0,051,17TH AV,10TH AV,0,S,N,A,-,N,NA,NA,NA,NA,NA,NA,NA,NA,NA,Y,3,0,1,1,A,-,01,23152,A,N,A,J,A,A,H,-,C,D,0,NA,NA,NA,NA,Y,Y,D,23,0,1,0,0,0,0,0,0,0,-,-,NA,NA,SAN DIEGO,ESCONDIDO,NA,NA
6640510,2014,2016-05-21,3706,2014-09-13,1915,ES0443,NA,6,5,6,3706,0,0,0,NA,0,041,N CENTRE CITY PKWY,RT 78,1056,N,N,A,-,Y,SD,11,78,-,R,17.327,R,4,W,Y,4,0,1,1,A,-,03,22350,NA,N,E,I,A,A,H,-,C,D,0,NA,NA,Y,NA,Y,NA,C,02,0,0,1,0,0,0,0,0,1,-,-,NA,NA,SAN DIEGO,ESCONDIDO,-117.09211594,33.13103862
6640530,2014,2014-10-08,3706,2014-09-10,1815,ES0393,NA,3,5,6,3706,0,0,0,NA,0,042,ESCONDIDO BL,WASHINGTON AV,425,N,N,A,-,N,NA,NA,NA,NA,NA,NA,NA,NA,NA,N,3,0,1,2,A,-,09,21804,A,N,D,G,A,A,H,-,A,D,0,NA,Y,NA,NA,Y,NA,A,01,0,1,0,0,0,0,1,0,0,-,-,NA,NA,SAN DIEGO,ESCONDIDO,-117.08840397,33.12680669
6641493,2014,2014-10-22,3711,2014-09-27,1038,6774,SAN D,6,5,7,3711,0,0,0,NA,0,611,PACIFIC HWY,ENTERPRISE ST,44,S,N,A,-,N,NA,NA,NA,NA,NA,NA,NA,NA,NA,Y,4,0,2,2,A,-,08,22100,B,N,D,C,A,A,H,-,A,A,0,NA,NA,NA,NA,Y,NA,A,01,0,0,2,0,0,0,0,0,0,-,-,NA,NA,SAN DIEGO,SAN DIEGO,-117.19755848,32.74700485
6644063,2014,2015-01-14,9650,2014-11-18,0705,16103,NA,2,1,6,3706,0,1,1,NA,2,023,RT 15,EL NORTE PKWY,528,S,N,A,-,Y,NA,NA,NA,NA,NA,NA,NA,NA,NA,Y,3,0,1,2,A,-,08,22107,NA,N,D,C,A,A,H,-,A,D,0,NA,NA,Y,NA,Y,NA,A,07,0,1,0,0,0,0,0,0,1,-,-,33.14528,-117.16481,SAN DIEGO,ESCONDIDO,-117.10470993,33.14525533
6644077,2014,2015-01-16,9650,2014-11-20,0925,13570,NA,4,1,6,3710,0,1,3,NA,2,015,RT 78,COLLEGE BL,1500,E,N,A,-,Y,NA,NA,78,NA,NA,NA,NA,NA,NA,Y,4,0,1,1,A,-,08,22107,NA,N,E,I,A,A,H,-,A,D,0,NA,NA,NA,NA,Y,NA,A,01,0,0,1,0,0,0,0,0,0,-,-,33.18418,-117.28743,SAN DIEGO,OCEANSIDE,-117.28741082,33.18411627
6644820,2014,2014-10-13,3711,2014-09-18,1932,7006,NA,4,5,7,3711,0,0,0,NA,0,832,FAIRMOUNT AV,EL CAJON BL,0,NA,Y,A,-,N,NA,NA,NA,NA,NA,NA,NA,NA,NA,N,4,0,3,4,A,-,03,22350,NA,M,C,C,A,A,H,-,C,A,0,NA,NA,NA,NA,Y,NA,-,99,0,0,3,0,0,0,0,0,0,-,-,NA,NA,SAN DIEGO,SAN DIEGO,-117.10083011,32.75520007