CASE_ID,ACCIDENT_YEAR,PROC_DATE,JURIS,COLLISION_DATE,COLLISION_TIME,OFFICER_ID,REPORTING_DISTRICT,DAY_OF_WEEK,CHP_SHIFT,POPULATION,CNTY_CITY_LOC,SPECIAL_COND,BEAT_TYPE,CHP_BEAT_TYPE,CITY_DIVISION_LAPD,CHP_BEAT_CLASS,BEAT_NUMBER,PRIMARY_RD,SECONDARY_RD,DISTANCE,DIRECTION,INTERSECTION,WEATHER_1,WEATHER_2,STATE_HWY_IND,CALTRANS_COUNTY,CALTRANS_DISTRICT,STATE_ROUTE,ROUTE_SUFFIX,POSTMILE_PREFIX,POSTMILE,LOCATION_TYPE,RAMP_INTERSECTION,SIDE_OF_HWY,TOW_AWAY,COLLISION_SEVERITY,NUMBER_KILLED,NUMBER_INJURED,PARTY_COUNT,PRIMARY_COLL_FACTOR,PCF_CODE_OF_VIOL,PCF_VIOL_CATEGORY,PCF_VIOLATION,PCF_VIOL_SUBSECTION,HIT_AND_RUN,TYPE_OF_COLLISION,MVIW,PED_ACTION,ROAD_SURFACE,ROAD_COND_1,ROAD_COND_2,LIGHTING,CONTROL_DEVICE,CHP_ROAD_TYPE,PEDESTRIAN_ACCIDENT,BICYCLE_ACCIDENT,MOTORCYCLE_ACCIDENT,TRUCK_ACCIDENT,NOT_PRIVATE_PROPERTY,ALCOHOL_INVOLVED,STWD_VEHTYPE_AT_FAULT,CHP_VEHTYPE_AT_FAULT,COUNT_SEVERE_INJ,COUNT_VISIBLE_INJ,COUNT_COMPLAINT_PAIN,COUNT_PED_KILLED,COUNT_PED_INJURED,COUNT_BICYCLIST_KILLED,COUNT_BICYCLIST_INJURED,COUNT_MC_KILLED,COUNT_MC_INJURED,PRIMARY_RAMP,SECONDARY_RAMP,LATITUDE,LONGITUDE,COUNTY,CITY,POINT_X,POINT_Y
6700978,2014,2014-12-05,9645,2014-10-29,0910,14804,NA,3,1,7,3711,0,1,1,NA,2,027,RT 15,RT 8,25,S,N,A,-,Y,NA,NA,15,NA,NA,NA,NA,NA,NA,Y,4,0,4,4,A,-,04,21703,NA,N,C,C,A,A,H,-,A,D,0,NA,NA,NA,NA,Y,NA,A,01,0,0,4,0,0,0,0,0,0,-,-,32.77978,-117.11274,SAN DIEGO,SAN DIEGO,-117.11282926,32.77975158
6700982,2014,2014-12-04,9645,2014-10-31,1450,018801,NA,5,2,7,3711,0,1,1,NA,2,015,RT 805,GOVERNOR DR,1500,N,N,A,-,Y,NA,NA,805,NA,NA,NA,NA,NA,NA,N,4,0,3,2,A,-,03,22350,NA,N,C,C,A,A,H,-,A,D,0,NA,NA,NA,NA,Y,NA,A,01,0,0,3,0,0,0,0,0,0,-,-,32.86148,-117.18702,SAN DIEGO,SAN DIEGO,-117.18695463,32.86154184
6701055,2014,2015-01-08,3711,2014-11-10,0125,5972,NA,1,5,7,3711,0,0,0,NA,0,433,BROOKLYN AV,65TH ST,135,E,N,A,-,N,NA,NA,NA,NA,NA,NA,NA,NA,NA,Y,3,0,1,5,A,-,08,22107,NA,M,E,I,A,A,H,-,C,D,0,NA,NA,NA,NA,Y,Y,A,01,0,1,0,0,0,0,0,0,0,-,-,NA,NA,SAN DIEGO,SAN DIEGO,-117.05760265,32.71312492
6701057,2014,2015-01-08,3711,2014-11-07,1823,7207,NA,5,5,7,3711,0,0,0,NA,0,432,DIVISION ST,PARADISE RD,120,E,N,A,-,N,NA,NA,NA,NA,NA,NA,NA,NA,NA,N,3,0,1,1,A,-,03,22350,NA,N,H,A,A,A,H,-,C,D,0,NA,NA,NA,NA,Y,NA,-,NA,0,1,0,0,0,0,0,0,0,-,-,NA,NA,SAN DIEGO,SAN DIEGO,-117.07527937,32.69229907
6701114,2014,2015-01-29,3711,2014-11-08,0842,7223,NA,6,5,7,3711,0,0,0,NA,0,524,BEECH ST,4TH AV,21,W,N,A,-,N,NA,NA,NA,NA,NA,NA,NA,NA,NA,N,2,0,1,2,A,-,-,NA,NA,N,G,B,B,A,H,-,A,A,0,Y,NA,NA,NA,Y,NA,N,60,1,0,0,0,1,0,0,0,0,-,-,NA,NA,SAN DIEGO,SAN DIEGO,-117.16122805,32.72090921
6701647,2014,2015-01-08,3706,2014-11-01,1023,ES0354,NA,6,5,6,3706,0,0,0,NA,0,045,HARMONY GROVE RD,PACIFIC OAKS PL,518,W,N,B,-,N,NA,NA,NA,NA,NA,NA,NA,NA,NA,N,3,0,1,2,A,-,09,21804,A,N,D,G,A,B,H,-,A,D,0,NA,Y,NA,NA,Y,NA,L,04,0,1,0,0,0,0,1,0,0,-,-,NA,NA,SAN DIEGO,ESCONDIDO,-117.11791593,33.10938135
6702499,2014,2014-12-04,3711,2014-10-26,1151,4298,NA,7,5,7,3711,0,0,0,NA,0,315,CAM DE LA REINA,MISSION CENTER RD,30,E,N,B,-,N,NA,NA,NA,NA,NA,NA,NA,NA,NA,N,3,0,1,1,A,-,08,22107,NA,N,E,-,A,A,H,-,A,A,0,NA,Y,NA,NA,Y,NA,L,04,0,1,0,0,0,0,1,0,0,-,-,NA,NA,SAN DIEGO,SAN DIEGO,-117.15374976,32.7681765
6703400,2014,2014-12-04,9650,2014-10-13,0635,12120,NA,1,1,9,3700,0,1,1,NA,2,003,RT 5,ALISO CREEK REST AREA,2924,N,N,B,-,Y,NA,NA,5,NA,NA,NA,NA,NA,NA,Y,4,0,1,1,C,-,18,NA,NA,N,E,I,A,A,H,-,A,D,0,NA,NA,NA,NA,Y,NA,-,-,0,0,1,0,0,0,0,0,0,-,-,33.28187,-117.44992,SAN DIEGO,UNINCORPORATED,-117.44983803,33.28193281
6703505,2014,2014-12-04,9645,2014-10-15,1140,017498,NA,3,1,7,3711,0,1,3,NA,2,006,RT 94,EUCLID AV,906,W,N,B,-,Y,NA,NA,NA,NA,NA,NA,NA,NA,NA,Y,3,0,1,1,A,-,08,22107,NA,N,E,I,A,A,H,-,A,D,0,NA,NA,NA,NA,Y,NA,A,01,0,1,0,0,0,0,0,0,0,-,-,NA,NA,SAN DIEGO,SAN DIEGO,-117.08788991,32.71796621
6703717,2014,2016-05-25,9645,2014-11-11,2226,019035,NA,2,3,7,3711,0,1,3,NA,2,023,RT 8,RT 163,350,E,N,A,-,Y,SD,11,163,-,-,3.643,R,2,N,Y,3,0,2,1,A,-,08,22107,NA,N,F,A,A,A,H,-,C,D,1,NA,NA,NA,NA,Y,NA,A,07,0,1,1,0,0,0,0,0,0,-,-,32.76201,-117.16267,SAN DIEGO,SAN DIEGO,-117.16332246,32.76199257
6705723,2014,2016-06-11,9650,2014-10-26,0956,015503,NA,7,1,9,3700,0,1,1,NA,2,003,RT 5,LAS PULGAS RD,13728,S,N,A,-,Y,SD,11,5,-,R,59.48,H,-,S,Y,2,0,2,2,A,-,08,22107,NA,N,B,C,A,A,H,-,A,D,1,NA,NA,NA,Y,Y,NA,F,26,1,1,0,0,0,0,0,0,0,-,-,33.267,-117.43498,SAN DIEGO,UNINCORPORATED,-117.43765394,33.26880287
6706018,2014,2015-01-08,9645,2014-11-01,1500,018697,NA,6,2,7,3711,0,1,1,NA,2,017,RT 15,AMMO RD,2200,S,N,C,-,Y,NA,NA,15,NA,NA,NA,NA,NA,NA,N,4,0,1,2,A,-,03,22350,NA,F,C,C,A,A,H,-,A,D,0,NA,NA,NA,NA,Y,NA,A,01,0,0,1,0,0,0,0,0,0,-,-,32.86807,-117.10839,SAN DIEGO,SAN DIEGO,-117.10852516,32.868122
6706021,2014,2015-01-08,9645,2014-11-02,1453,017667,NA,7,2,7,3711,0,1,1,NA,2,017,RT 15,MIRA MESA RD,400,S,N,B,-,Y,NA,NA,15,NA,NA,NA,NA,NA,NA,N,4,0,1,2,A,-,03,22350,NA,N,C,C,A,A,H,-,A,D,0,NA,NA,NA,NA,Y,NA,A,01,0,0,1,0,0,0,0,0,0,-,-,32.90931,-117.11611,SAN DIEGO,SAN DIEGO,-117.11627504,32.90931032
6708453,2014,2015-01-07,9645,2014-11-01,0358,19322,NA,6,3,7,3711,0,1,1,NA,2,019,RT 15,BERNARDO CENTER DR,2500,S,N,C,-,Y,NA,NA,15,NA,NA,NA,NA,NA,NA,Y,3,0,2,1,A,-,03,22350,NA,N,E,I,A,B,H,-,C,D,0,NA,NA,NA,NA,Y,NA,A,01,0,1,1,0,0,0,0,0,0,-,-,33.01193,-117.07945,SAN DIEGO,SAN DIEGO,-117.07976802,33.01196549
6708499,2014,2015-01-08,9680,2014-11-03,0830,017996,NA,1,1,9,3700,0,2,4,NA,1,026,JAMACHA RD,SWEETWATER RD,0,NA,Y,A,-,N,NA,NA,NA,NA,NA,NA,NA,NA,NA,Y,4,0,1,2,A,-,03,22350,NA,N,C,C,A,A,H,-,A,A,0,NA,NA,NA,NA,Y,NA,A,01,0,0,1,0,0,0,0,0,0,-,-,32.71459,-117.01187,SAN DIEGO,UNINCORPORATED,-117.01272009,32.71476009
6708584,2014,2015-01-21,3711,2014-11-08,1535,6960,NA,6,5,7,3711,0,0,0,NA,0,122,MISSION BL,HORNBLEND ST,16,S,N,A,-,N,NA,NA,NA,NA,NA,NA,NA,NA,NA,Y,3,0,1,2,A,-,09,21801,B,N,D,C,A,A,H,-,A,A,0,NA,NA,NA,NA,Y,NA,A,01,0,1,0,0,0,0,0,0,0,-,-,NA,NA,SAN DIEGO,SAN DIEGO,-117.25520703,32.79561756
6709633,2014,2014-11-26,9650,2014-10-28,0235,018741,NA,2,3,9,3700,0,1,1,NA,2,003,RT 5,COCKLEBURR RD,3168,S,N,A,-,Y,NA,NA,5,NA,NA,NA,NA,NA,NA,Y,4,0,1,1,A,-,08,22107,NA,N,F,A,A,A,H,-,D,D,0,NA,NA,NA,NA,Y,NA,A,07,0,0,1,0,0,0,0,0,0,-,-,33.24603,-117.41783,SAN DIEGO,UNINCORPORATED,-117.41771142,33.24608327
6711017,2014,2015-01-12,9645,2014-11-07,0811,19410,NA,5,1,7,3711,0,1,1,NA,2,010,RT 8,PRESIDIO PARK,700,W,N,A,-,Y,NA,NA,8,NA,NA,NA,NA,NA,NA,N,4,0,1,2,A,-,03,22350,NA,F,C,C,A,A,H,-,A,D,0,NA,NA,NA,NA,Y,NA,A,07,0,0,1,0,0,0,0,0,0,-,-,32.76025,-117.19067,SAN DIEGO,SAN DIEGO,-117.19067521,32.76021893
6711033,2014,2015-01-12,9645,2014-11-06,1255,12503,NA,4,1,7,3711,0,1,1,NA,2,019,RT 15,BERNARDO CENTER DR,2540,S,N,A,-,Y,NA,NA,15,NA,NA,NA,NA,NA,NA,Y,3,0,5,3,A,-,07,21658,A,N,B,C,A,A,H,-,A,D,0,NA,NA,NA,NA,Y,NA,A,07,0,3,2,0,0,0,0,0,0,-,-,33.0161,-117.07894,SAN DIEGO,SAN DIEGO,-117.07935196,33.01613988
6711493,2014,2015-01-12,9645,2014-11-14,1715,17678,NA,5,2,7,3711,0,1,1,NA,2,001,RT 5,RT 805,200,S,N,A,-,Y,NA,NA,NA,NA,NA,NA,NA,NA,NA,N,4,0,1,2,A,-,07,21658,A,N,B,C,A,A,H,-,D,D,0,NA,NA,NA,NA,Y,NA,A,08,0,0,1,0,0,0,0,0,0,-,-,32.54259,-117.03922,SAN DIEGO,SAN DIEGO,-117.22728722,32.91007029
6712311,2014,2016-06-16,9680,2014-11-10,0830,18166,NA,1,1,5,3708,0,1,1,NA,2,081,RT 8,GROSSMONT BL,125,W,N,A,-,Y,SD,11,8,-,-,13.02,H,-,W,Y,3,0,1,2,A,-,03,22350,NA,N,C,C,A,A,H,-,A,D,1,NA,NA,Y,NA,Y,NA,C,02,0,1,0,0,0,0,0,0,1,-,-,32.77932,-116.99032,SAN DIEGO,LA MESA,-116.99084941,32.77921209
6712604,2014,2014-12-30,3705,2014-10-18,0005,EC0328,NA,6,5,5,3705,0,0,0,NA,0,010,MOLLISON,MAIN ST,12,N,N,A,-,N,NA,NA,NA,NA,NA,NA,NA,NA,NA,Y,4,0,1,2,A,-,01,23152,A,N,C,C,A,A,H,-,C,A,0,NA,NA,NA,NA,Y,Y,D,22,0,0,1,0,0,0,0,0,0,-,-,NA,NA,SAN DIEGO,EL CAJON,-116.95098023,32.79498286
6712608,2014,2015-01-15,3705,2014-11-05,2224,EC0324,NA,3,5,5,3705,0,0,0,NA,0,009,E WASHINGTON,S FIRST,142,W,N,A,-,N,NA,NA,NA,NA,NA,NA,NA,NA,NA,Y,4,0,2,2,A,-,03,22350,NA,N,C,C,A,A,H,-,C,A,0,NA,NA,NA,NA,Y,NA,D,22,0,0,2,0,0,0,0,0,0,-,-,NA,NA,SAN DIEGO,EL CAJON,-116.94507039,32.78764
6713867,2014,2015-01-07,9650,2014-11-06,1605,15654,NA,4,2,9,3700,0,3,5,NA,2,006,DE LUZ RD,W KALMIA ST,0,NA,Y,A,-,N,NA,NA,NA,NA,NA,NA,NA,NA,NA,N,4,0,1,2,A,-,09,21802,A,N,F,A,A,A,H,-,A,A,0,NA,NA,Y,NA,Y,NA,A,01,0,0,1,0,0,0,0,0,1,-,-,33.3856,-117.2534,SAN DIEGO,UNINCORPORATED,-117.25241006,33.38554002
6714509,2014,2015-01-28,3706,2014-11-24,1554,ES0322,NA,1,5,6,3706,0,0,0,NA,0,042,VALLEY PKWY,FIG ST,0,NA,Y,A,-,N,NA,NA,NA,NA,NA,NA,NA,NA,NA,Y,4,0,3,4,A,-,12,21453,A,N,D,C,A,A,H,-,B,A,0,NA,NA,NA,NA,Y,NA,A,07,0,0,3,0,0,0,0,0,0,-,-,NA,NA,SAN DIEGO,ESCONDIDO,-117.07392002,33.12729008
6716176,2014,2015-06-02,3700,2014-11-13,2500,SH2505,NA,4,5,5,3712,0,0,0,NA,0,355,SOUTH RANCHO SANTA FE RD,RT 78,0,NA,Y,A,-,Y,NA,NA,NA,NA,NA,NA,NA,NA,NA,N,3,0,1,2,A,-,08,22107,NA,F,D,C,A,A,H,-,A,A,0,NA,NA,NA,Y,Y,Y,F,26,0,1,0,0,0,0,0,0,0,-,-,NA,NA,SAN DIEGO,SAN MARCOS,-117.19837001,33.15009012
6716321,2014,2014-12-02,3702,2014-09-28,1540,CV0979,NA,7,5,6,3702,0,0,0,NA,0,011,F ST,5TH AV,0,NA,Y,A,-,N,NA,NA,NA,NA,NA,NA,NA,NA,NA,Y,3,0,1,2,A,-,12,21453,A,N,D,G,A,A,H,-,A,A,0,NA,Y,NA,NA,Y,NA,L,04,0,1,0,0,0,0,1,0,0,-,-,NA,NA,SAN DIEGO,CHULA VISTA,-117.08805003,32.63899001
6718203,2014,2016-01-14,9680,2014-12-20,1810,16822,NA,6,2,9,3700,0,1,3,NA,1,090,RT 67,11TH ST,241,S,N,A,-,Y,SD,11,67,-,-,24.22,H,-,N,N,1,1,0,2,A,-,11,21954,A,N,G,B,D,A,H,-,C,D,0,Y,NA,NA,NA,Y,Y,N,60,0,0,0,1,0,0,0,0,0,-,-,33.04069,-116.87089,SAN DIEGO,UNINCORPORATED,-116.96227111,32.80333936
6718334,2015,2017-04-04,3711,2015-01-03,0025,4310,NA,6,5,7,3711,0,0,0,NA,0,614,BACON ST,CORONADO AV,0,NA,Y,A,-,N,NA,NA,NA,NA,NA,NA,NA,NA,NA,Y,1,1,1,1,A,-,03,22350,NA,N,E,I,A,A,H,-,C,D,0,NA,NA,NA,NA,Y,Y,A,07,1,0,0,0,0,0,0,0,0,-,-,NA,NA,SAN DIEGO,SAN DIEGO,-117.25468002,32.74266007
6718449,2014,2014-12-11,9650,2014-08-27,1005,15027,NA,3,1,9,3700,0,3,5,NA,2,213,PALA TEMECULA RD,PALA MISSION RD,16896,N,N,A,-,N,NA,NA,NA,NA,NA,NA,NA,NA,NA,Y,1,1,0,1,A,-,08,22107,NA,N,E,I,A,A,H,-,A,D,0,NA,NA,NA,NA,Y,NA,A,01,0,0,0,0,0,0,0,0,0,-,-,33.40044,-117.08367,SAN DIEGO,UNINCORPORATED,-117.09114015,33.3981562
6718480,2014,2014-12-16,3711,2014-11-06,1829,5393,NA,4,5,7,3711,0,0,0,NA,0,516,MARKET ST,32ND ST,0,NA,Y,A,-,N,NA,NA,NA,NA,NA,NA,NA,NA,NA,Y,1,1,0,2,A,-,09,21801,B,N,D,C,A,A,H,-,C,A,0,NA,NA,Y,NA,Y,NA,C,02,0,0,0,0,0,0,0,1,0,-,-,NA,NA,SAN DIEGO,SAN DIEGO,-117.12527004,32.71168011
6718687,2017,2019-04-08,3700,2017-10-03,1648,SH7236,NA,2,5,5,3712,0,0,0,NA,0,349,SAN ELIJO RD,BAKER ST,340,S,N,A,-,N,NA,NA,NA,NA,NA,NA,NA,NA,NA,Y,1,1,0,2,A,-,11,21954,A,N,G,B,D,A,H,-,A,D,0,Y,NA,NA,NA,Y,Y,N,60,0,0,0,1,0,0,0,0,0,-,-,NA,NA,SAN DIEGO,SAN MARCOS,-117.20143497,33.09642523
6720365,2014,2014-12-04,3700,2014-09-21,1119,SH7552,NA,7,5,4,3707,0,0,0,NA,0,705,ELM AV,FLORENCE ST,0,NA,Y,A,-,N,NA,NA,NA,NA,NA,NA,NA,NA,NA,Y,3,0,2,3,A,-,08,22100,B,N,D,C,A,A,H,-,A,D,0,NA,NA,NA,NA,Y,NA,A,01,0,1,1,0,0,0,0,0,0,-,-,NA,NA,SAN DIEGO,IMPERIAL BEACH,-117.10690008,32.5806801
6720397,2014,2014-12-04,3700,2014-09-09,1925,SH7366,NA,2,5,4,3707,0,0,0,NA,0,702,7TH AV,DONAX AV,0,NA,Y,A,-,N,NA,NA,NA,NA,NA,NA,NA,NA,NA,N,4,0,1,2,A,-,01,23152,B,N,G,B,E,A,H,-,D,A,0,Y,NA,NA,NA,Y,Y,A,01,0,0,1,0,1,0,0,0,0,-,-,NA,NA,SAN DIEGO,IMPERIAL BEACH,-117.11798011,32.58230006
6720586,2014,2015-01-13,9650,2014-11-07,1905,17905,NA,5,2,6,3710,0,1,3,NA,2,015,RT 78,EMERALD DR,800,W,N,A,-,Y,NA,NA,NA,NA,NA,NA,NA,NA,NA,N,4,0,1,2,A,-,07,21658,A,N,C,C,A,A,H,-,C,D,0,NA,NA,NA,NA,Y,NA,A,07,0,0,1,0,0,0,0,0,0,-,-,NA,NA,SAN DIEGO,OCEANSIDE,-117.28181309,33.18693387
6721157,2014,2015-01-21,9650,2014-11-12,1533,15446,NA,3,2,9,3700,0,1,1,NA,2,023,RT 15,DEER SPRINGS RD,5280,N,N,A,-,Y,NA,NA,15,NA,NA,NA,NA,NA,NA,Y,4,0,1,2,A,-,03,22350,NA,N,C,C,A,A,H,-,A,D,0,NA,NA,NA,Y,Y,NA,A,01,0,0,1,0,0,0,0,0,0,-,-,33.21348,-117.13723,SAN DIEGO,UNINCORPORATED,-117.13705693,33.21360401
6721206,2014,2015-01-08,3710,2014-11-18,1030,OC0646,NA,2,5,6,3710,0,0,0,NA,0,025,VISTA WY,RANCHO DEL ORO,292,W,N,A,-,N,NA,NA,NA,NA,NA,NA,NA,NA,NA,N,4,0,2,2,A,-,03,22350,NA,N,C,C,A,A,H,-,A,D,0,NA,NA,NA,NA,Y,NA,A,01,0,0,2,0,0,0,0,0,0,-,-,NA,NA,SAN DIEGO,OCEANSIDE,-117.31225231,33.18159938
6721792,2014,2015-01-13,3711,2014-11-23,1900,4654,NA,7,5,7,3711,0,0,0,NA,0,321,WARD RD,CAMINO DEL RIO N,210,N,N,A,-,N,NA,NA,NA,NA,NA,NA,NA,NA,NA,Y,4,0,1,2,A,-,08,22107,NA,N,C,E,A,A,H,-,C,D,0,NA,NA,NA,NA,Y,NA,-,NA,0,0,1,0,0,0,0,0,0,-,-,NA,NA,SAN DIEGO,SAN DIEGO,-117.11043799,32.78051519
6723313,2014,2015-01-05,3702,2014-10-18,1040,CV1042,NA,6,5,6,3702,0,0,0,NA,0,042,SANTA PAULA,TARUP CREEK,45,E,N,B,-,N,NA,NA,NA,NA,NA,NA,NA,NA,NA,N,2,0,1,2,A,-,11,21954,A,N,G,B,D,A,H,-,A,D,0,Y,NA,NA,NA,Y,NA,N,60,1,0,0,0,1,0,0,0,0,-,-,NA,NA,SAN DIEGO,CHULA VISTA,-116.97690684,32.63719994
6723317,2014,2015-01-06,3702,2014-10-29,1530,CV0921,NA,3,5,6,3702,0,0,0,NA,0,014,1ST AV,SHASTA ST,27,N,N,A,-,N,NA,NA,NA,NA,NA,NA,NA,NA,NA,N,4,0,1,3,A,-,03,22350,NA,N,C,C,A,A,H,-,A,D,0,NA,NA,NA,NA,Y,NA,A,01,0,0,1,0,0,0,0,0,0,-,-,NA,NA,SAN DIEGO,CHULA VISTA,-117.06872788,32.63589009
6724012,2014,2015-01-13,9645,2014-11-10,0820,13111,NA,1,1,7,3711,0,1,1,NA,2,015,RT 805,CLAIREMONT MESA BL,1093,S,N,A,-,Y,NA,NA,805,NA,NA,NA,NA,NA,NA,Y,2,0,1,3,A,-,03,22350,NA,F,C,C,A,A,H,-,A,D,0,NA,NA,Y,NA,Y,NA,C,02,1,0,0,0,0,0,0,0,1,-,-,32.82988,-117.16722,SAN DIEGO,SAN DIEGO,-117.16720885,32.82988698
6724020,2014,2016-06-18,9645,2014-11-13,0650,18529,NA,4,1,5,3709,0,1,3,NA,2,008,RT 54,NATIONAL CITY BL,100,W,N,B,-,Y,SD,11,54,-,-,0.29,H,-,W,N,4,0,1,2,A,-,07,21658,A,N,B,C,A,A,H,-,A,D,1,NA,NA,Y,NA,Y,NA,A,01,0,0,1,0,0,0,0,0,1,-,-,32.6531,-117.1,SAN DIEGO,NATIONAL CITY,-117.09988631,32.65289885
6724550,2014,2015-01-14,9680,2014-11-30,1330,16494,NA,7,1,9,3700,0,1,1,NA,2,084,RT 8,E WILLOWS RD,3168,E,N,B,-,Y,NA,NA,8,NA,NA,NA,NA,NA,NA,Y,4,0,1,1,A,-,08,22107,NA,N,F,A,A,A,H,-,A,D,0,NA,NA,Y,NA,Y,NA,C,02,0,0,1,0,0,0,0,0,1,-,-,32.83817,-116.67262,SAN DIEGO,UNINCORPORATED,-116.67263713,32.83824902
6727824,2014,2015-01-14,3711,2014-11-24,1805,4939,NA,1,5,7,3711,0,0,0,NA,0,841,UNIVERSITY AV,COLLEGE AV,500,E,N,A,-,N,NA,NA,NA,NA,NA,NA,NA,NA,NA,Y,4,0,4,3,A,-,03,22350,NA,N,C,C,A,A,H,-,C,A,0,NA,NA,NA,NA,Y,NA,-,NA,0,0,4,0,0,0,0,0,0,-,-,NA,NA,SAN DIEGO,SAN DIEGO,-117.0629533,32.75331961
6730625,2014,2015-01-23,3706,2014-11-25,1616,ES0438,NA,2,5,6,3706,0,0,0,NA,0,055,W 9TH AV,S QUINCE ST,57,E,N,A,-,N,NA,NA,NA,NA,NA,NA,NA,NA,NA,N,4,0,1,2,A,-,03,22350,NA,N,C,C,A,A,H,-,A,A,0,NA,NA,Y,Y,Y,NA,C,02,0,0,1,0,0,0,0,0,1,-,-,NA,NA,SAN DIEGO,ESCONDIDO,-117.08297162,33.11116129
6731667,2014,2015-02-23,3711,2014-12-09,1527,6812,NA,2,5,7,3711,0,0,0,NA,0,116,CLAIREMONT DR,RT 5,0,NA,Y,A,-,Y,NA,NA,NA,NA,NA,NA,NA,NA,NA,Y,3,0,2,2,A,-,-,NA,NA,N,D,C,A,A,H,-,A,A,0,NA,NA,NA,Y,Y,NA,-,-,0,1,1,0,0,0,0,0,0,-,NF,NA,NA,SAN DIEGO,SAN DIEGO,-117.20723002,32.79069001
6731693,2014,2015-01-30,3711,2014-12-03,1015,7211,NA,3,5,7,3711,0,0,0,NA,0,242,CAMINO RUIZ,GOLD COAST DR,240,N,N,B,C,N,NA,NA,NA,NA,NA,NA,NA,NA,NA,N,3,0,1,2,A,-,09,21804,A,N,D,G,A,B,H,-,A,A,0,NA,Y,NA,NA,Y,NA,-,NA,0,1,0,0,0,0,1,0,0,-,-,NA,NA,SAN DIEGO,SAN DIEGO,-117.14615836,32.90598637
6731729,2014,2015-02-17,3711,2014-12-08,2500,6606,NA,1,5,7,3711,0,0,0,NA,0,312,BALBOA,SANTO  AV,300,W,N,A,-,N,NA,NA,NA,NA,NA,NA,NA,NA,NA,Y,4,0,1,2,A,-,03,22350,NA,N,C,C,A,A,H,-,C,D,0,NA,NA,NA,NA,Y,NA,-,NA,0,0,1,0,0,0,0,0,0,-,-,NA,NA,SAN DIEGO,SAN DIEGO,NA,NA
6731890,2014,2015-01-29,3711,2014-12-09,1205,6415,NA,2,5,7,3711,0,0,0,NA,0,323,RIDGE MANOR AV,DEL PASO AV,0,NA,Y,A,-,N,NA,NA,NA,NA,NA,NA,NA,NA,NA,N,4,0,1,2,A,-,12,22450,A,N,D,C,A,A,H,-,A,-,0,NA,NA,NA,NA,Y,NA,A,01,0,0,1,0,0,0,0,0,0,-,-,NA,NA,SAN DIEGO,SAN DIEGO,-117.05896005,32.79556005
6731897,2014,2015-01-30,3711,2014-12-06,1720,6609,NA,6,5,7,3711,0,0,0,NA,0,511,NATIONAL AV,SAMPSON ST,0,NA,Y,A,-,N,NA,NA,NA,NA,NA,NA,NA,NA,NA,Y,4,0,1,2,A,-,09,21801,A,N,B,C,A,A,H,-,C,A,0,NA,NA,NA,NA,Y,NA,-,NA,0,0,1,0,0,0,0,0,0,-,-,NA,NA,SAN DIEGO,SAN DIEGO,-117.14006,32.69722006
6731957,2014,2015-01-23,3702,2014-11-17,1321,CV0617,NA,1,5,6,3702,0,0,0,NA,0,041,SANTA VICTORIA RD,HERITAGE RD,17,E,N,A,-,N,NA,NA,NA,NA,NA,NA,NA,NA,NA,Y,4,0,1,1,A,-,03,22350,NA,N,E,I,A,A,H,-,A,D,0,NA,NA,Y,NA,Y,NA,C,02,0,0,1,0,0,0,0,0,1,-,-,NA,NA,SAN DIEGO,CHULA VISTA,-116.99904511,32.61113305
6732660,2014,2015-01-29,3711,2014-12-03,0950,7204,NA,3,5,7,3711,0,0,0,NA,0,621,COMSTOCK RD,KELLY,25,W,N,B,C,N,NA,NA,NA,NA,NA,NA,NA,NA,NA,Y,4,0,1,2,A,-,09,21802,A,N,D,C,A,B,H,-,A,A,0,NA,NA,NA,NA,Y,NA,-,NA,0,0,1,0,0,0,0,0,0,-,-,NA,NA,SAN DIEGO,SAN DIEGO,-117.17218815,32.78347823
6732716,2014,2015-01-30,3711,2014-12-02,1518,6823,NA,2,5,7,3711,0,0,0,NA,0,327,MONTEZUMA RD,COLLEGE AV,39,E,N,C,-,N,NA,NA,NA,NA,NA,NA,NA,NA,NA,Y,4,0,1,2,A,-,08,22107,NA,N,D,C,A,B,H,-,A,A,0,NA,NA,NA,NA,Y,NA,A,01,0,0,1,0,0,0,0,0,0,-,-,NA,NA,SAN DIEGO,SAN DIEGO,-117.06968358,32.77071218
6733781,2014,2016-06-11,9650,2014-12-03,0945,13452,NA,3,1,5,3701,0,1,1,NA,2,005,RT 5,CANNON RD,1320,S,N,B,-,Y,SD,11,5,-,R,47.73,H,-,N,Y,3,0,2,2,A,-,03,22350,NA,N,C,C,A,B,H,-,A,D,1,NA,NA,NA,Y,Y,NA,A,01,0,2,0,0,0,0,0,0,0,-,-,33.13124,-117.32722,SAN DIEGO,CARLSBAD,-117.32738074,33.1312527
6735853,2014,2015-01-22,9650,2014-11-26,1745,015803,NA,3,2,6,3706,0,3,5,NA,2,231,MARY LN,PRINCE ST,200,E,N,A,-,N,NA,NA,NA,NA,NA,NA,NA,NA,NA,Y,3,0,1,1,A,-,01,23152,A,N,F,A,A,A,H,-,D,D,0,NA,NA,NA,NA,Y,Y,A,01,0,1,0,0,0,0,0,0,0,-,-,33.07835,-117.0499,SAN DIEGO,ESCONDIDO,-117.04964382,33.07850871
6737133,2014,2015-01-23,9650,2014-11-26,0915,013452,NA,3,1,9,3700,0,1,1,NA,2,001,RT 5,USBP CHECKPOINT,2112,S,N,A,-,Y,NA,NA,NA,NA,NA,NA,NA,NA,NA,Y,4,0,2,2,A,-,03,22350,NA,N,C,C,A,A,H,-,A,D,0,NA,NA,NA,NA,Y,NA,A,01,0,0,2,0,0,0,0,0,0,-,-,33.10705,-117.31298,SAN DIEGO,UNINCORPORATED,NA,NA
6737207,2014,2015-02-02,9645,2014-12-04,0640,019054,NA,4,1,5,3709,0,1,1,NA,2,001,RT 5,8TH ST,40,N,N,B,-,Y,NA,NA,5,NA,NA,NA,NA,NA,NA,N,4,0,1,2,A,-,03,22350,NA,M,C,C,A,B,H,-,B,D,0,NA,NA,NA,NA,Y,NA,A,01,0,0,1,0,0,0,0,0,0,-,-,32.67478,-117.10994,SAN DIEGO,NATIONAL CITY,-117.10989418,32.67476111