CASE_ID,ACCIDENT_YEAR,PROC_DATE,JURIS,COLLISION_DATE,COLLISION_TIME,OFFICER_ID,REPORTING_DISTRICT,DAY_OF_WEEK,CHP_SHIFT,POPULATION,CNTY_CITY_LOC,SPECIAL_COND,BEAT_TYPE,CHP_BEAT_TYPE,CITY_DIVISION_LAPD,CHP_BEAT_CLASS,BEAT_NUMBER,PRIMARY_RD,SECONDARY_RD,DISTANCE,DIRECTION,INTERSECTION,WEATHER_1,WEATHER_2,STATE_HWY_IND,CALTRANS_COUNTY,CALTRANS_DISTRICT,STATE_ROUTE,ROUTE_SUFFIX,POSTMILE_PREFIX,POSTMILE,LOCATION_TYPE,RAMP_INTERSECTION,SIDE_OF_HWY,TOW_AWAY,COLLISION_SEVERITY,NUMBER_KILLED,NUMBER_INJURED,PARTY_COUNT,PRIMARY_COLL_FACTOR,PCF_CODE_OF_VIOL,PCF_VIOL_CATEGORY,PCF_VIOLATION,PCF_VIOL_SUBSECTION,HIT_AND_RUN,TYPE_OF_COLLISION,MVIW,PED_ACTION,ROAD_SURFACE,ROAD_COND_1,ROAD_COND_2,LIGHTING,CONTROL_DEVICE,CHP_ROAD_TYPE,PEDESTRIAN_ACCIDENT,BICYCLE_ACCIDENT,MOTORCYCLE_ACCIDENT,TRUCK_ACCIDENT,NOT_PRIVATE_PROPERTY,ALCOHOL_INVOLVED,STWD_VEHTYPE_AT_FAULT,CHP_VEHTYPE_AT_FAULT,COUNT_SEVERE_INJ,COUNT_VISIBLE_INJ,COUNT_COMPLAINT_PAIN,COUNT_PED_KILLED,COUNT_PED_INJURED,COUNT_BICYCLIST_KILLED,COUNT_BICYCLIST_INJURED,COUNT_MC_KILLED,COUNT_MC_INJURED,PRIMARY_RAMP,SECONDARY_RAMP,LATITUDE,LONGITUDE,COUNTY,CITY,POINT_X,POINT_Y
8024164,2016,2016-08-29,3711,2016-04-07,1701,HB5625,NA,4,5,7,3711,0,0,0,NA,0,503,NORTH HARBOR DR,N HARBOR DR 2750,0,NA,-,C,-,N,NA,NA,NA,NA,NA,NA,NA,NA,NA,Y,4,0,3,4,B,-,22,NA,NA,N,C,C,A,B,-,-,A,D,0,NA,NA,NA,NA,Y,NA,A,01,0,0,3,0,0,0,0,0,0,-,-,NA,NA,SAN DIEGO,SAN DIEGO,-117.1820569,32.72794343
8024196,2016,2016-04-19,3711,2016-04-07,2132,6086,NA,4,5,7,3711,0,0,0,NA,0,315,MISSION CENTER RD,HAZARD CENTER DR,397,N,N,B,-,N,NA,NA,NA,NA,NA,NA,NA,NA,NA,Y,4,0,1,2,A,-,09,21804,A,N,D,C,A,B,H,-,C,A,0,NA,NA,NA,NA,Y,NA,A,01,0,0,1,0,0,0,0,0,0,-,-,NA,NA,SAN DIEGO,SAN DIEGO,-117.15478608,32.77188941
8024198,2016,2016-04-28,3711,2016-04-08,1436,7498,NA,5,5,7,3711,0,0,0,NA,0,437,SKYLINE DR,TUTHER WY,0,NA,Y,B,G,N,NA,NA,NA,NA,NA,NA,NA,NA,NA,Y,3,0,7,3,A,-,09,21802,A,N,D,C,A,A,H,-,-,A,0,NA,NA,NA,NA,Y,NA,A,01,0,4,3,0,0,0,0,0,0,-,-,NA,NA,SAN DIEGO,SAN DIEGO,-117.04739011,32.70272009
8024357,2016,2016-08-29,3711,2016-04-13,1651,4495,NA,3,5,7,3711,0,0,0,NA,0,313,KEARNY VILLA RD,BALBOA AV,0,NA,Y,A,-,N,NA,NA,NA,NA,NA,NA,NA,NA,NA,N,4,0,1,2,A,-,03,22350,NA,N,C,C,A,A,H,-,A,A,0,NA,NA,NA,NA,Y,NA,A,01,0,0,1,0,0,0,0,0,0,-,-,NA,NA,SAN DIEGO,SAN DIEGO,-117.14432004,32.82171009
8024991,2016,2016-05-17,3711,2016-05-09,1236,7168,NA,1,5,7,3711,0,0,0,NA,0,525,BROADWAY,BROADWAY CIR,0,NA,Y,A,-,N,NA,NA,NA,NA,NA,NA,NA,NA,NA,N,3,0,1,2,A,-,10,21950,A,M,G,B,B,A,H,-,A,A,0,Y,NA,NA,NA,Y,NA,-,NA,0,1,0,0,1,0,0,0,0,-,-,NA,NA,SAN DIEGO,SAN DIEGO,-117.16288,32.71578003
8025196,2016,2016-05-20,3705,2016-05-08,1635,EC0337,NA,7,5,5,3705,0,0,0,NA,0,006,WINDMILL VIEW RD,LIDDIARD ST,594,S,N,A,-,N,NA,NA,NA,NA,NA,NA,NA,NA,NA,Y,3,0,1,2,A,-,01,23152,A,M,C,C,A,A,H,-,A,D,0,NA,NA,NA,NA,Y,Y,D,22,0,1,0,0,0,0,0,0,0,-,-,NA,NA,SAN DIEGO,EL CAJON,-116.99691089,32.81703473
8025337,2016,2016-04-20,3706,2016-04-07,0736,464,ESCON,4,5,6,3706,0,0,0,NA,0,041,BROADWAY,TRELLIS LN,26,N,N,A,-,N,NA,NA,NA,NA,NA,NA,NA,NA,NA,N,4,0,1,2,A,-,11,21950,B,N,G,B,D,A,H,-,A,D,0,Y,NA,NA,NA,Y,NA,N,60,0,0,1,0,1,0,0,0,0,-,-,NA,NA,SAN DIEGO,ESCONDIDO,-117.0903128,33.1451004
8025532,2016,2016-04-20,3705,2016-03-13,0017,EC0354,NA,7,5,5,3705,0,0,0,NA,0,009,S ANZA,MERRITT,81,N,N,A,-,N,NA,NA,NA,NA,NA,NA,NA,NA,NA,Y,4,0,1,2,A,-,08,22107,NA,N,F,C,A,A,H,-,C,D,0,NA,NA,NA,NA,Y,NA,A,01,0,0,1,0,0,0,0,0,0,-,-,NA,NA,SAN DIEGO,EL CAJON,-116.94819,32.78494183
8026190,2015,2016-04-22,3700,2015-11-19,1454,SH7366,NA,4,5,4,3707,0,0,0,NA,0,704,9TH ST,DONAX AV,0,NA,Y,A,-,N,NA,NA,NA,NA,NA,NA,NA,NA,NA,N,3,0,1,2,A,-,06,21951,NA,N,G,B,D,A,H,-,A,D,0,Y,NA,NA,NA,Y,NA,A,01,0,1,0,0,1,0,0,0,0,-,-,NA,NA,SAN DIEGO,IMPERIAL BEACH,-117.11431007,32.5822801
8027040,2016,2016-04-26,3701,2016-04-01,1643,5291,8,5,5,5,3701,0,0,0,NA,0,004,JEFFERSON,MARRON RD,283,W,N,A,-,N,NA,NA,NA,NA,NA,NA,NA,NA,NA,N,3,0,1,1,A,-,08,22107,NA,N,E,I,A,A,H,-,A,D,0,NA,NA,Y,NA,Y,NA,C,02,0,1,0,0,0,0,0,0,1,-,-,33.17799,-117.34144,SAN DIEGO,CARLSBAD,-117.34133833,33.1779363
8027419,2016,2016-05-02,3706,2016-04-18,0937,383,ESCON,1,5,6,3706,0,0,0,NA,0,051,VIA RANCHO PKWY,SUNSET DR,0,NA,Y,A,-,N,NA,NA,NA,NA,NA,NA,NA,NA,NA,Y,3,0,2,2,D,-,00,NA,NA,N,D,C,A,A,H,-,A,A,0,NA,NA,NA,NA,Y,NA,-,-,0,1,1,0,0,0,0,0,0,-,-,33.0678,-117.06491,SAN DIEGO,ESCONDIDO,-117.06468009,33.06785005
8029186,2016,2016-04-27,3701,2016-03-23,1815,5351,NA,3,5,5,3701,0,0,0,NA,0,006,PALOMAR AIRPORT RD,PASEO VALINDO,9,W,N,A,-,N,NA,NA,NA,NA,NA,NA,NA,NA,NA,Y,4,0,2,2,A,-,03,22350,A,N,C,C,A,A,H,-,A,A,0,NA,NA,NA,NA,Y,NA,A,01,0,0,2,0,0,0,0,0,0,-,-,NA,NA,SAN DIEGO,CARLSBAD,-117.23809911,33.12876714
8029526,2016,2017-02-18,3703,2016-04-13,0802,1035,NA,3,5,3,3703,0,0,0,NA,0,001,3RD ST,W B AV,7,E,N,A,-,Y,SD,11,75,-,R,19.85,I,5,S,Y,4,0,1,2,A,-,03,22350,NA,N,D,C,A,A,H,-,A,A,0,NA,NA,Y,NA,Y,NA,C,02,0,0,1,0,0,0,0,0,1,-,-,NA,NA,SAN DIEGO,CORONADO,-117.17170861,32.69495566
8031062,2016,2016-05-06,3711,2016-04-27,1340,7018,NA,3,5,7,3711,0,0,0,NA,0,327,ALVARADO RD,RESERVOIR DR,2000,E,N,A,-,N,NA,NA,NA,NA,NA,NA,NA,NA,NA,Y,4,0,1,2,A,-,08,22107,NA,N,B,C,A,A,H,-,A,D,0,NA,NA,NA,NA,Y,NA,A,08,0,0,1,0,0,0,0,0,0,-,-,NA,NA,SAN DIEGO,SAN DIEGO,-117.04997689,32.77559705
8031963,2016,2016-05-12,3711,2016-05-01,2137,7048,NA,7,5,7,3711,0,0,0,NA,0,122,MISSION BL,FELSPAR,93,S,N,A,-,N,NA,NA,NA,NA,NA,NA,NA,NA,NA,N,4,0,1,2,A,-,11,21955,NA,N,G,B,D,A,H,-,C,D,0,Y,NA,NA,NA,Y,NA,N,60,0,0,1,0,1,0,0,0,0,-,-,NA,NA,SAN DIEGO,SAN DIEGO,-117.2556859,32.79723301
8032954,2016,2016-05-04,3711,2016-04-23,1400,7405,SDPD,6,5,7,3711,0,0,0,NA,0,324,JACKSON DR,JACKSON DR 6400,0,NA,-,A,-,N,NA,NA,NA,NA,NA,NA,NA,NA,NA,Y,4,0,2,2,A,-,09,21802,NA,N,D,C,A,A,H,-,A,A,0,NA,NA,NA,NA,Y,NA,A,01,0,0,2,0,0,0,0,0,0,-,-,NA,NA,SAN DIEGO,SAN DIEGO,-117.02047795,32.79354668
8033376,2016,2016-05-09,3706,2016-04-21,1103,374,ESCON,4,5,6,3706,0,0,0,NA,0,055,AUTOPARK WY,VALLEY PKWY,0,NA,Y,A,-,N,NA,NA,NA,NA,NA,NA,NA,NA,NA,Y,4,0,2,2,A,-,12,21453,A,N,D,C,A,A,H,-,A,A,0,NA,NA,NA,NA,Y,NA,A,07,0,0,2,0,0,0,0,0,0,-,-,33.11304,-117.10206,SAN DIEGO,ESCONDIDO,-117.10215004,33.11306009
8035285,2016,2016-05-27,3711,2016-05-13,2148,7427,NA,5,5,7,3711,0,0,0,NA,0,611,CAMINO DEL RIO W,MOORE ST,0,NA,Y,A,-,N,NA,NA,NA,NA,NA,NA,NA,NA,NA,Y,3,0,3,2,A,-,09,21802,A,M,B,C,A,A,H,-,C,D,0,NA,NA,NA,NA,Y,Y,A,01,0,1,2,0,0,0,0,0,0,-,-,NA,NA,SAN DIEGO,SAN DIEGO,-117.20497,32.75537004
8036193,2016,2016-05-03,3708,2016-04-01,1814,LM1158,NA,5,5,5,3708,0,0,0,NA,0,002,LA MESA BL E,UNIVERSITY AV,0,NA,Y,A,-,N,NA,NA,NA,NA,NA,NA,NA,NA,NA,Y,2,0,2,2,A,-,12,21453,A,N,D,C,A,A,H,-,A,A,0,NA,NA,Y,NA,Y,NA,A,08,1,1,0,0,0,0,0,0,1,-,-,NA,NA,SAN DIEGO,LA MESA,-117.02646003,32.76493006
8036345,2016,2016-05-04,3700,2016-04-11,0039,SH4541,NA,1,5,5,3712,0,0,0,NA,0,359,WEST SAN MARCOS BL,SOUTH RANCHO SANTA FE RD,0,NA,Y,A,-,N,NA,NA,NA,NA,NA,NA,NA,NA,NA,Y,4,0,1,2,A,-,12,21453,A,N,D,C,A,A,H,-,C,A,0,NA,NA,NA,NA,Y,NA,A,01,0,0,1,0,0,0,0,0,0,-,-,NA,NA,SAN DIEGO,SAN MARCOS,-117.20844013,33.13135006
8037601,2016,2016-05-11,3711,2016-04-24,1418,4759,NA,7,5,7,3711,0,0,0,NA,0,121,MISSION BAY DR,BAYSIDE LN,410,E,N,B,-,N,NA,NA,NA,NA,NA,NA,NA,NA,NA,Y,3,0,2,2,A,-,09,21801,A,N,D,C,A,A,H,-,A,D,0,NA,NA,NA,NA,Y,NA,-,NA,0,1,1,0,0,0,0,0,0,-,-,NA,NA,SAN DIEGO,SAN DIEGO,-117.24867602,32.7719892
8038085,2016,2016-05-17,3710,2016-04-30,1727,OC1420,NA,6,5,6,3710,0,0,0,NA,0,026,SOUTH EL CAMINO REAL,VIA LAS ROSAS,71,S,N,A,-,N,NA,NA,NA,NA,NA,NA,NA,NA,NA,Y,3,0,1,1,C,-,18,NA,NA,N,F,I,A,A,H,-,A,A,0,NA,NA,NA,NA,Y,NA,-,-,0,1,0,0,0,0,0,0,0,-,-,NA,NA,SAN DIEGO,OCEANSIDE,-117.32840723,33.18671641
8038137,2016,2016-05-18,3705,2016-03-18,2223,EC0360,NA,5,5,5,3705,0,0,0,NA,0,008,E WASHINGTON,E WASHINGTON  1000,0,E,N,A,-,N,NA,NA,NA,NA,NA,NA,NA,NA,NA,Y,3,0,1,2,A,-,06,21750,NA,N,B,C,A,A,H,-,C,A,0,NA,NA,Y,NA,Y,NA,C,02,0,1,0,0,0,0,0,0,1,-,-,NA,NA,SAN DIEGO,EL CAJON,-116.948195,32.787643
8038286,2016,2016-05-17,3711,2016-04-29,0620,5842,NA,5,5,7,3711,0,0,0,NA,0,931,MIRA MESA BL,SEQUENCE DR,0,NA,Y,B,F,N,NA,NA,NA,NA,NA,NA,NA,NA,NA,Y,4,0,2,3,A,-,12,21453,A,M,-,C,A,A,H,-,A,A,0,NA,NA,NA,NA,Y,NA,-,NA,0,0,2,0,0,0,0,0,0,-,-,NA,NA,SAN DIEGO,SAN DIEGO,-117.18436002,32.90348003
8039373,2016,2016-05-23,3702,2016-04-19,0745,CV1037,NA,2,5,6,3702,0,0,0,NA,0,041,MEDICAL CENTER DR,WILDAUER ST,0,NA,Y,A,-,N,NA,NA,NA,NA,NA,NA,NA,NA,NA,N,4,0,1,2,A,-,10,21950,A,N,G,B,B,A,H,-,A,A,0,Y,NA,NA,NA,Y,NA,N,60,0,0,1,0,1,0,0,0,0,-,-,NA,NA,SAN DIEGO,CHULA VISTA,-117.02713008,32.61902001
8040365,2016,2016-05-16,3700,2016-03-31,1106,SH4791,NA,4,5,5,3782,0,0,0,NA,0,222,NORTH EL CAMINIO REAL,N EL CAMINO REAL 131,0,NA,Y,A,-,N,NA,NA,NA,NA,NA,NA,NA,NA,NA,N,4,0,1,2,A,-,09,21801,A,N,D,G,A,A,H,-,A,A,0,NA,Y,NA,NA,Y,NA,A,01,0,0,1,0,0,0,1,0,0,-,-,NA,NA,SAN DIEGO,ENCINITAS,-117.259576,33.048143
8040385,2016,2016-05-16,3700,2016-03-07,0834,SH0242,NA,1,5,5,3782,0,0,0,NA,0,241,SOUTH VULCAN AV,ENCINITAS BL,25,S,N,A,-,N,NA,NA,NA,NA,NA,NA,NA,NA,NA,N,4,0,1,2,A,-,03,22350,NA,M,C,C,A,B,H,-,A,D,0,NA,NA,NA,NA,Y,NA,A,01,0,0,1,0,0,0,0,0,0,-,-,NA,NA,SAN DIEGO,ENCINITAS,-117.2929762,33.04879158
8040492,2016,2016-05-16,3710,2016-02-28,2215,OC1363,NA,7,5,6,3710,0,0,0,NA,0,016,MISSION,FRONTIER,504,E,N,E,-,N,NA,NA,NA,NA,NA,NA,NA,NA,NA,Y,2,0,1,1,C,-,18,NA,NA,N,E,I,A,A,H,-,D,D,0,NA,NA,NA,NA,Y,NA,-,-,1,0,0,0,0,0,0,0,0,-,-,NA,NA,SAN DIEGO,OCEANSIDE,-117.33854609,33.22024204
8042846,2016,2016-07-07,3711,2016-05-07,0845,HB5062,NA,6,5,7,3711,0,0,0,NA,0,503,NORTH HARBOR DR,LIBERATOR WY,104,E,N,A,-,N,NA,NA,NA,NA,NA,NA,NA,NA,NA,Y,3,0,2,3,A,-,03,22350,NA,N,C,C,A,A,H,-,A,A,0,NA,NA,NA,NA,Y,NA,A,01,0,1,1,0,0,0,0,0,0,-,-,NA,NA,SAN DIEGO,SAN DIEGO,-117.18759381,32.7289195
8043687,2016,2016-05-24,3700,2016-01-08,1813,SH3368,NA,5,5,5,3781,0,0,0,NA,0,519,N MAGNOLIA AV,ALEXANDER WY,0,NA,Y,A,-,N,NA,NA,NA,NA,NA,NA,NA,NA,NA,Y,4,0,1,1,A,-,08,22107,NA,N,E,I,A,B,H,-,C,A,0,NA,NA,NA,NA,Y,NA,A,01,0,0,1,0,0,0,0,0,0,-,-,NA,NA,SAN DIEGO,SANTEE,-116.96548003,32.83524008
8043723,2016,2016-05-24,3700,2016-01-21,1444,SH5794,NA,4,5,5,3781,0,0,0,NA,0,507,N MAGNOLIA AV,2ND ST,9,S,N,A,-,N,NA,NA,NA,NA,NA,NA,NA,NA,NA,N,3,0,1,2,A,-,10,21950,A,N,G,B,B,A,H,-,A,A,0,Y,NA,NA,NA,Y,NA,A,01,0,1,0,0,1,0,0,0,0,-,-,NA,NA,SAN DIEGO,SANTEE,-116.97116,32.85869535
8045424,2016,2016-05-23,3702,2016-05-06,0840,CV0979,NA,5,5,6,3702,0,0,0,NA,0,014,HILLTOP DR,EAST PALOMAR ST,0,NA,Y,C,-,N,NA,NA,NA,NA,NA,NA,NA,NA,NA,Y,4,0,2,2,A,-,03,22350,NA,N,C,C,A,B,H,-,A,D,0,NA,NA,NA,NA,Y,NA,A,07,0,0,2,0,0,0,0,0,0,-,-,NA,NA,SAN DIEGO,CHULA VISTA,-117.05419009,32.61021004
8045555,2016,2016-05-26,3701,2016-05-11,0812,5191,104,3,5,5,3701,0,0,0,NA,0,008,EL CAMINO REAL,COSTA DEL MAR RD,504,S,N,B,-,N,NA,NA,NA,NA,NA,NA,NA,NA,NA,N,4,0,1,2,A,-,03,22350,NA,N,C,C,A,A,H,-,A,D,0,NA,NA,NA,NA,Y,NA,A,07,0,0,1,0,0,0,0,0,0,-,-,33.0878,-117.26915,SAN DIEGO,CARLSBAD,-117.26921583,33.08796488
8046674,2016,2016-05-17,3711,2016-05-06,2036,7158,SD,5,5,7,3711,0,0,0,NA,0,441,35TH ST,35TH ST  500,0,NA,N,C,-,N,NA,NA,NA,NA,NA,NA,NA,NA,NA,N,4,0,1,2,A,-,09,21802,A,N,D,C,A,B,H,-,C,D,0,NA,NA,NA,NA,Y,NA,A,01,0,0,1,0,0,0,0,0,0,-,-,NA,NA,SAN DIEGO,SAN DIEGO,-117.11873531,32.70122063
8047620,2016,2016-05-24,3711,2016-05-13,1450,7018,NA,5,5,7,3711,0,0,0,NA,0,322,FONTAINE ST,PRINCESS VIEW,100,E,N,A,-,N,NA,NA,NA,NA,NA,NA,NA,NA,NA,N,4,0,1,1,B,-,22,NA,NA,N,E,J,A,A,H,-,A,D,0,NA,NA,Y,NA,Y,NA,-,-,0,0,1,0,0,0,0,0,1,-,-,NA,NA,SAN DIEGO,SAN DIEGO,-117.07780378,32.80180162
8049299,2016,2016-06-02,3711,2016-05-18,1651,7424,SANDI,3,5,7,3711,0,0,0,NA,0,113,CLAIREMONT DR,FEATHER AV,30,N,N,A,-,N,NA,NA,NA,NA,NA,NA,NA,NA,NA,Y,3,0,1,1,A,-,08,22107,NA,N,E,I,A,A,H,-,A,D,0,NA,NA,NA,NA,Y,NA,-,NA,0,1,0,0,0,0,0,0,0,-,-,NA,NA,SAN DIEGO,SAN DIEGO,-117.20374302,32.81954892
8049305,2016,2016-06-02,3711,2016-05-19,1555,7339,SAN D,4,5,7,3711,0,0,0,NA,0,433,60TH ST,AKINS AV,0,NA,Y,A,-,N,NA,NA,NA,NA,NA,NA,NA,NA,NA,N,4,0,1,2,A,-,09,21802,A,N,D,C,A,A,H,-,A,D,0,NA,NA,NA,NA,Y,NA,A,01,0,0,1,0,0,0,0,0,0,-,-,NA,NA,SAN DIEGO,SAN DIEGO,-117.06801013,32.7096801
8049317,2016,2016-06-02,3711,2016-05-19,1900,7203,SAN D,4,5,7,3711,0,0,0,NA,0,452,CERVANTES AV,61ST ST,300,W,N,A,-,N,NA,NA,NA,NA,NA,NA,NA,NA,NA,N,3,0,1,1,A,-,12,22450,NA,N,H,A,A,A,H,-,A,D,0,NA,NA,NA,NA,Y,NA,-,NA,0,1,0,0,0,0,0,0,0,-,-,NA,NA,SAN DIEGO,SAN DIEGO,-117.0678618,32.69794565
8049339,2016,2016-06-02,3711,2016-05-18,1740,4653,NA,3,5,7,3711,0,0,0,NA,0,311,ALTRIDGE ST,GLENHAVEN ST,0,NA,Y,B,-,N,NA,NA,NA,NA,NA,NA,NA,NA,NA,N,3,0,1,2,A,-,10,21950,A,M,G,B,B,A,H,-,A,D,0,Y,NA,NA,NA,Y,NA,-,99,0,1,0,0,1,0,0,0,0,-,-,NA,NA,SAN DIEGO,SAN DIEGO,-117.13921004,32.80558012
8049942,2016,2016-06-09,3711,2016-05-29,1602,7406,NA,7,5,7,3711,0,0,0,NA,0,123,EAST MISSION BAY DR,FIESTA ISLAND RD,0,N,N,B,-,N,NA,NA,NA,NA,NA,NA,NA,NA,NA,N,4,0,1,2,A,-,04,21703,NA,N,C,C,A,A,H,-,A,D,0,NA,NA,NA,NA,Y,NA,-,NA,0,0,1,0,0,0,0,0,0,-,-,NA,NA,SAN DIEGO,SAN DIEGO,-117.20920004,32.76884009
8050400,2016,2016-06-10,3701,2016-05-28,0526,5438,128,6,5,5,3701,0,0,0,NA,0,007,CARLSBAD BL,AVENIDA ENCINAS,0,NA,Y,A,-,N,NA,NA,NA,NA,NA,NA,NA,NA,NA,Y,4,0,1,1,A,-,01,23152,A,N,E,I,A,A,H,-,B,A,0,NA,NA,Y,NA,Y,Y,C,06,0,0,1,0,0,0,0,0,1,-,-,33.09198,-117.31354,SAN DIEGO,CARLSBAD,-117.31424008,33.09169011
8051049,2016,2016-06-01,3710,2016-05-22,2350,OC1352,NA,7,5,6,3710,0,0,0,NA,0,037,COLLEGE BL,MARRON RD,5,S,N,A,-,N,NA,NA,NA,NA,NA,NA,NA,NA,NA,Y,3,0,1,1,A,-,01,23152,A,N,A,I,A,A,H,-,C,A,0,NA,NA,NA,NA,Y,Y,A,01,0,1,0,0,0,0,0,0,0,-,-,NA,NA,SAN DIEGO,OCEANSIDE,-117.29406481,33.17858702
8051158,2016,2016-06-02,3710,2016-04-21,1500,OC0646,NA,4,5,6,3710,0,0,0,NA,0,011,MISSION,CANYON,33,E,N,A,-,N,NA,NA,NA,NA,NA,NA,NA,NA,NA,N,4,0,2,2,A,-,03,22350,NA,F,C,C,A,A,H,-,A,A,0,NA,NA,NA,NA,Y,NA,A,01,0,0,2,0,0,0,0,0,0,-,-,NA,NA,SAN DIEGO,OCEANSIDE,-117.36423424,33.20433457
8053139,2016,2016-06-13,3711,2016-05-28,2015,7336,SD,6,5,7,3711,0,0,0,NA,0,813,MONROE AV,TEXAS ST,0,NA,Y,A,-,N,NA,NA,NA,NA,NA,NA,NA,NA,NA,N,4,0,1,2,A,-,12,22450,A,M,G,B,D,A,H,-,B,A,0,Y,NA,NA,NA,Y,NA,-,NA,0,0,1,0,1,0,0,0,0,-,-,NA,NA,SAN DIEGO,SAN DIEGO,-117.13884003,32.75912007
8054627,2016,2016-07-12,3709,2016-05-30,1941,491,NA,1,5,5,3709,0,0,0,NA,0,024,HIGHLAND AV,30TH ST,416,S,N,A,-,N,NA,NA,NA,NA,NA,NA,NA,NA,NA,Y,4,0,1,2,A,-,01,23152,A,N,D,C,A,A,H,-,B,D,0,NA,NA,NA,NA,Y,Y,-,NA,0,0,1,0,0,0,0,0,0,-,-,NA,NA,SAN DIEGO,NATIONAL CITY,-117.09090891,32.65807776
8054773,2016,2016-07-07,3711,2016-06-12,1712,5046,NA,7,5,7,3711,0,0,0,NA,0,511,MAIN ST,DIVISION ST,19,W,N,A,-,N,NA,NA,NA,NA,NA,NA,NA,NA,NA,N,4,0,1,2,A,-,04,21706,NA,N,D,C,A,A,H,-,A,D,0,NA,NA,Y,NA,Y,NA,C,02,0,0,1,0,0,0,0,0,1,-,-,NA,NA,SAN DIEGO,SAN DIEGO,-117.11103374,32.68240662
8055259,2016,2017-02-18,3711,2016-05-26,2256,7034,NA,4,5,7,3711,0,0,0,NA,0,B721,MAIN ST,RT 5,0,NA,Y,B,-,Y,SD,11,5,-,-,5.391,R,4,N,Y,4,0,1,2,A,-,12,21453,A,N,D,C,A,A,H,-,C,A,0,NA,NA,NA,NA,Y,NA,-,99,0,0,1,0,0,0,0,0,0,-,-,NA,NA,SAN DIEGO,SAN DIEGO,-117.08863131,32.59475052
8055356,2016,2017-02-18,3711,2016-05-26,2028,7449,NA,4,5,7,3711,0,0,0,NA,0,311,FRIARS RD,RT 15,62,E,N,A,-,Y,SD,11,15,-,R,6.823,R,4,S,Y,4,0,4,3,A,-,03,22350,NA,N,C,C,A,A,H,-,C,A,0,NA,NA,NA,NA,Y,NA,-,NA,0,0,4,0,0,0,0,0,0,-,SF,NA,NA,SAN DIEGO,SAN DIEGO,-117.11406511,32.78863426
8055505,2016,2016-06-03,3700,2016-04-04,0742,SH3284,NA,1,5,4,3780,0,0,0,NA,0,411,COMMUNITY RD,AUBREY ST,0,NA,Y,A,-,N,NA,NA,NA,NA,NA,NA,NA,NA,NA,Y,4,0,1,3,A,-,12,21453,A,N,D,C,A,A,H,-,A,A,0,NA,NA,NA,NA,Y,NA,A,01,0,0,1,0,0,0,0,0,0,-,-,NA,NA,SAN DIEGO,POWAY,-117.04058005,32.97110004
8056190,2016,2016-06-08,3706,2016-05-15,2025,492,ESCON,7,5,6,3706,0,0,0,NA,0,043,EL NORTE PKWY,CENTRE CITY PKWY,260,W,N,A,-,N,NA,NA,NA,NA,NA,NA,NA,NA,NA,N,4,0,1,2,A,-,10,21952,NA,N,G,B,F,A,H,-,C,D,0,Y,NA,NA,NA,Y,NA,A,08,0,0,1,0,1,0,0,0,0,-,-,33.13977,-117.09332,SAN DIEGO,ESCONDIDO,-117.0940276,33.1402548
8057455,2016,2016-06-14,3711,2016-06-01,1500,7448,SD,3,5,7,3711,0,0,0,NA,0,811,MONROE AV,WILSON AV,153,W,N,A,-,N,NA,NA,NA,NA,NA,NA,NA,NA,NA,N,4,0,1,2,A,-,08,22107,NA,N,C,E,A,A,H,-,A,D,0,NA,NA,NA,NA,Y,NA,-,NA,0,0,1,0,0,0,0,0,0,-,-,NA,NA,SAN DIEGO,SAN DIEGO,-117.116766,32.75901
8057991,2016,2016-07-21,3711,2016-07-11,1553,7462,SAN D,1,5,7,3711,0,0,0,NA,0,624,WASHINGTON ST,LINCOLN AV,0,NA,Y,A,-,N,NA,NA,NA,NA,NA,NA,NA,NA,NA,N,4,0,3,3,A,-,03,22350,NA,N,C,C,A,A,H,-,A,A,0,NA,NA,NA,NA,Y,NA,-,NA,0,0,3,0,0,0,0,0,0,-,-,NA,NA,SAN DIEGO,SAN DIEGO,-117.15045005,32.75176001
8057999,2016,2016-11-28,3711,2016-07-12,1425,6344,NA,2,5,7,3711,0,0,0,NA,0,313,CONVOY ST,KEARNY MESA RD,0,NA,Y,A,-,N,NA,NA,NA,NA,NA,NA,NA,NA,NA,Y,4,0,1,2,A,-,12,21453,A,M,D,C,A,A,H,-,A,A,0,NA,NA,NA,NA,Y,NA,-,NA,0,0,1,0,0,0,0,0,0,-,-,NA,NA,SAN DIEGO,SAN DIEGO,-117.15266,32.8135101
8059239,2016,2016-06-15,3703,2016-06-05,1829,1277,NA,7,5,3,3703,0,0,0,NA,0,003,ADELLA AV,ORANGE AV,55,E,N,A,-,N,NA,NA,NA,NA,NA,NA,NA,NA,NA,Y,3,0,2,3,A,-,01,23152,A,N,A,E,A,A,H,-,A,A,0,NA,NA,NA,NA,Y,Y,A,01,0,2,0,0,0,0,0,0,0,-,-,NA,NA,SAN DIEGO,CORONADO,-117.17785317,32.68233158
8059317,2016,2016-06-15,3711,2016-06-01,1750,4965,SANDI,3,5,7,3711,0,0,0,NA,0,311,MISSION VILLAGE,MISSION VILLAGE 3200,25,S,N,A,-,N,NA,NA,NA,NA,NA,NA,NA,NA,NA,Y,3,0,1,2,A,-,03,22350,NA,N,C,C,A,A,H,-,A,A,0,NA,NA,Y,NA,Y,NA,C,02,0,1,0,0,0,0,0,0,1,-,-,NA,NA,SAN DIEGO,SAN DIEGO,NA,NA
8059325,2016,2016-06-15,3711,2016-06-04,0950,7143,NA,6,5,7,3711,0,0,0,NA,0,528,WEST GRAPE ST,INDIA ST,72,E,N,A,-,N,NA,NA,NA,NA,NA,NA,NA,NA,NA,Y,3,0,2,2,A,-,04,21703,NA,N,C,C,A,A,H,-,A,A,0,NA,NA,Y,NA,Y,NA,C,02,0,1,1,0,0,0,0,0,1,-,-,NA,NA,SAN DIEGO,SAN DIEGO,-117.16877293,32.72548236
8059333,2016,2016-06-15,3711,2016-06-03,1430,7008,SANDI,5,5,7,3711,0,0,0,NA,0,839,UNIVERSITY AV,33RD ST,0,NA,Y,A,-,N,NA,NA,NA,NA,NA,NA,NA,NA,NA,Y,4,0,1,2,A,-,09,21802,A,N,D,C,A,A,H,-,A,A,0,NA,NA,NA,NA,Y,NA,A,01,0,0,1,0,0,0,0,0,0,-,-,NA,NA,SAN DIEGO,SAN DIEGO,-117.1219801,32.74878012