CASE_ID,ACCIDENT_YEAR,PROC_DATE,JURIS,COLLISION_DATE,COLLISION_TIME,OFFICER_ID,REPORTING_DISTRICT,DAY_OF_WEEK,CHP_SHIFT,POPULATION,CNTY_CITY_LOC,SPECIAL_COND,BEAT_TYPE,CHP_BEAT_TYPE,CITY_DIVISION_LAPD,CHP_BEAT_CLASS,BEAT_NUMBER,PRIMARY_RD,SECONDARY_RD,DISTANCE,DIRECTION,INTERSECTION,WEATHER_1,WEATHER_2,STATE_HWY_IND,CALTRANS_COUNTY,CALTRANS_DISTRICT,STATE_ROUTE,ROUTE_SUFFIX,POSTMILE_PREFIX,POSTMILE,LOCATION_TYPE,RAMP_INTERSECTION,SIDE_OF_HWY,TOW_AWAY,COLLISION_SEVERITY,NUMBER_KILLED,NUMBER_INJURED,PARTY_COUNT,PRIMARY_COLL_FACTOR,PCF_CODE_OF_VIOL,PCF_VIOL_CATEGORY,PCF_VIOLATION,PCF_VIOL_SUBSECTION,HIT_AND_RUN,TYPE_OF_COLLISION,MVIW,PED_ACTION,ROAD_SURFACE,ROAD_COND_1,ROAD_COND_2,LIGHTING,CONTROL_DEVICE,CHP_ROAD_TYPE,PEDESTRIAN_ACCIDENT,BICYCLE_ACCIDENT,MOTORCYCLE_ACCIDENT,TRUCK_ACCIDENT,NOT_PRIVATE_PROPERTY,ALCOHOL_INVOLVED,STWD_VEHTYPE_AT_FAULT,CHP_VEHTYPE_AT_FAULT,COUNT_SEVERE_INJ,COUNT_VISIBLE_INJ,COUNT_COMPLAINT_PAIN,COUNT_PED_KILLED,COUNT_PED_INJURED,COUNT_BICYCLIST_KILLED,COUNT_BICYCLIST_INJURED,COUNT_MC_KILLED,COUNT_MC_INJURED,PRIMARY_RAMP,SECONDARY_RAMP,LATITUDE,LONGITUDE,COUNTY,CITY,POINT_X,POINT_Y
81504753,2021,2021-06-24,3706,2021-06-11,1220,479,ESCON,5,5,6,3706,0,0,0,NA,0,041,CENTRE CITY PY,DECATUR WY,0,NA,Y,A,-,N,NA,NA,NA,NA,NA,NA,NA,NA,NA,N,3,0,2,3,A,-,10,21950,A,N,G,B,B,A,H,-,A,C,0,Y,NA,NA,NA,Y,NA,A,01,0,1,1,0,2,0,0,0,0,-,-,33.1356086730957,-117.09339141845705,SAN DIEGO,ESCONDIDO,-117.09342956542967,33.13544464111328
8150700,2016,2016-10-24,3700,2016-06-10,2127,SH0514,NA,5,5,5,3781,0,0,0,NA,0,504,HEALY ST,LEN ST,18,N,N,A,-,N,NA,NA,NA,NA,NA,NA,NA,NA,NA,N,2,0,1,2,A,-,11,21954,A,N,G,B,E,A,H,-,C,D,0,Y,NA,NA,NA,Y,NA,N,60,1,0,0,0,1,0,0,0,0,-,-,NA,NA,SAN DIEGO,SANTEE,-116.96779936,32.86606929
8150741,2016,2016-10-25,3700,2016-07-02,1311,SH0575,NA,6,5,5,3781,0,0,0,NA,0,519,WOODSIDE AV,NORTH MAGNOLIA AV,27,E,N,A,-,N,NA,NA,NA,NA,NA,NA,NA,NA,NA,Y,4,0,1,2,A,-,01,23152,A,N,D,C,A,A,H,-,A,A,0,NA,NA,NA,NA,Y,Y,A,01,0,0,1,0,0,0,0,0,0,-,-,NA,NA,SAN DIEGO,SANTEE,-116.96714729,32.83842433
81509484,2021,2021-06-30,3701,2021-06-24,1819,CB5492,002,4,5,5,3701,0,0,0,NA,0,001,CARLSBAD VILLAGE DR,HARDING ST,11,W,N,A,-,N,NA,NA,NA,NA,NA,NA,NA,NA,NA,N,3,0,1,2,A,-,10,21950,A,N,G,B,B,A,H,-,A,A,0,Y,NA,NA,NA,Y,NA,A,01,0,1,0,0,1,0,0,0,0,-,-,33.16184997558594,-117.34458160400392,SAN DIEGO,CARLSBAD,-117.34469604492188,33.16197204589844
81512470,2021,2021-07-05,3706,2021-06-24,1311,501,ESCON,4,5,6,3706,0,0,0,NA,0,045,VALLEY PY,11TH AV,0,NA,Y,A,-,N,NA,NA,NA,NA,NA,NA,NA,NA,NA,N,4,0,1,2,A,-,12,21453,A,N,D,C,A,A,H,-,A,A,0,NA,NA,NA,NA,Y,NA,D,22,0,0,1,0,0,0,0,0,0,-,-,33.10708999633789,-117.10452270507813,SAN DIEGO,ESCONDIDO,-117.10452270507813,33.10712814331055
8141703,2016,2016-10-18,3711,2016-08-20,1820,5202,SANDI,6,5,7,3711,0,0,0,NA,0,122,EAST MISSION BAY DR,WEST MISSION BAY DR,1000,S,N,A,-,N,NA,NA,NA,NA,NA,NA,NA,NA,NA,N,4,0,1,2,A,-,16,24002,A,N,C,J,A,A,H,-,A,D,0,NA,NA,NA,NA,Y,NA,D,22,0,0,1,0,0,0,0,0,0,-,-,NA,NA,SAN DIEGO,SAN DIEGO,-117.25113,32.77204
8151708,2016,2016-10-26,3702,2016-10-04,1553,CV1060,NA,2,5,6,3702,0,0,0,NA,0,013,3RD AV,L ST,435,E,N,A,-,N,NA,NA,NA,NA,NA,NA,NA,NA,NA,Y,4,0,2,2,D,-,00,NA,NA,N,B,C,A,A,H,-,A,D,0,NA,NA,NA,NA,Y,NA,-,-,0,0,2,0,0,0,0,0,0,-,-,NA,NA,SAN DIEGO,CHULA VISTA,-117.07134083,32.61946794
81517311,2021,2021-07-12,3701,2021-07-08,2001,CB5512,002,4,5,5,3701,0,0,0,NA,0,001,CARLSBAD BL,STATE ST,0,NA,Y,A,-,N,NA,NA,NA,NA,NA,NA,NA,NA,NA,N,2,0,1,2,A,-,09,21803,A,N,D,G,A,A,H,-,B,D,0,NA,Y,NA,NA,Y,NA,L,04,1,0,0,0,0,0,1,0,0,-,-,33.166568756103516,-117.35482788085938,SAN DIEGO,CARLSBAD,-117.354377,33.165758
8151895,2016,2016-10-26,3711,2016-10-10,1242,7544,NA,1,5,7,3711,0,0,0,NA,0,622,GAINES ST,NAPA ST,293,E,N,A,-,N,NA,NA,NA,NA,NA,NA,NA,NA,NA,N,3,0,1,1,A,-,03,22350,NA,N,F,J,A,A,H,-,A,D,0,NA,NA,Y,NA,Y,NA,C,02,0,1,0,0,0,0,0,0,1,-,-,NA,NA,SAN DIEGO,SAN DIEGO,-117.19475811,32.76458624
8151922,2016,2016-10-28,3711,2016-10-11,2315,6811,SD,2,5,7,3711,0,0,0,NA,0,821,70TH ST,EL CAJON BL,0,NA,Y,A,-,N,NA,NA,NA,NA,NA,NA,NA,NA,NA,Y,4,0,1,2,B,-,22,NA,NA,N,D,C,A,A,H,-,C,A,0,NA,NA,NA,NA,Y,NA,-,NA,0,0,1,0,0,0,0,0,0,-,-,NA,NA,SAN DIEGO,SAN DIEGO,-117.04710002,32.76870002
8151950,2016,2016-12-02,3711,2016-10-02,2020,6863,NA,7,5,7,3711,0,0,0,NA,0,325,NAVAJO RD,MARGERUM AV,0,NA,Y,A,-,N,NA,NA,NA,NA,NA,NA,NA,NA,NA,N,3,0,3,2,A,-,12,21453,A,N,A,C,A,A,H,-,C,A,0,NA,NA,NA,NA,Y,NA,-,NA,0,3,0,0,0,0,0,0,0,-,-,NA,NA,SAN DIEGO,SAN DIEGO,-117.06443005,32.79641003
81524982,2021,2021-07-21,3706,2021-05-04,0014,322,ESCON,2,5,6,3706,0,0,0,NA,0,044,VALLEY PY,ROSE ST,463,E,N,A,-,N,NA,NA,NA,NA,NA,NA,NA,NA,NA,Y,1,1,0,1,A,-,08,22107,NA,N,E,J,A,A,H,-,C,D,0,NA,NA,NA,NA,Y,NA,A,01,0,0,0,0,0,0,0,0,0,-,-,33.133628845214844,-117.05967712402344,SAN DIEGO,ESCONDIDO,-117.05815887451172,33.13458251953125
81524989,2021,2021-07-21,3706,2021-07-10,1420,1862,ESCON,6,5,6,3706,0,0,0,NA,0,042,JUNIPER ST,WASHINGTON AV,190,N,N,A,-,N,NA,NA,NA,NA,NA,NA,NA,NA,NA,N,4,0,1,2,A,-,10,21950,A,N,G,B,D,A,H,-,A,D,0,Y,NA,NA,NA,Y,NA,A,01,0,0,1,0,1,0,0,0,0,-,-,33.12736892700195,-117.0821533203125,SAN DIEGO,ESCONDIDO,-117.0820541381836,33.12807846069336
81530192,2021,2021-07-28,3706,2021-06-30,2210,473,ESCON,3,5,6,3706,0,0,0,NA,0,056,VALLEY CENTER RD,LAKE WOHLFORD RD,3400,N,N,A,-,N,NA,NA,NA,NA,NA,NA,NA,NA,NA,Y,4,0,1,2,A,-,04,21703,NA,N,C,C,A,A,H,-,D,D,0,NA,NA,NA,NA,Y,NA,A,01,0,0,1,0,0,0,0,0,0,-,-,33.160400390625,-117.03037261962892,SAN DIEGO,ESCONDIDO,-117.03066253662108,33.16048049926758
8153576,2016,2016-10-25,3706,2016-10-05,1609,223,ESCON,3,5,6,3706,0,0,0,NA,0,041,BROADWAY,LINCOLN AV,0,NA,Y,A,-,N,NA,NA,78,NA,NA,NA,NA,NA,NA,Y,3,0,3,2,A,-,08,22101,D,N,D,C,A,A,H,-,A,D,0,NA,NA,NA,NA,Y,NA,A,01,0,2,1,0,0,0,0,0,0,-,-,33.13387,-117.08691,SAN DIEGO,ESCONDIDO,-117.08655028,33.13307335
81547532,2021,2021-08-18,3701,2021-08-11,1427,CB5568,57,3,5,5,3701,0,0,0,NA,0,005,COLLEGE BL,FARADAY AV,7,N,N,A,-,N,NA,NA,NA,NA,NA,NA,NA,NA,NA,Y,3,0,3,3,A,-,12,21453,A,N,D,C,A,A,H,-,A,A,0,NA,NA,NA,NA,Y,NA,A,01,0,2,1,0,0,0,0,0,0,-,-,33.13544845581055,-117.28591918945313,SAN DIEGO,CARLSBAD,-117.28598022460938,33.135501861572266
8154914,2016,2017-01-19,3711,2016-10-20,1732,7447,SANDI,4,5,7,3711,0,0,0,NA,0,522,WEST BROADWAY,PACIFIC HWY,0,W,N,A,-,N,NA,NA,NA,NA,NA,NA,NA,NA,NA,N,4,0,2,2,A,-,03,22350,NA,M,C,C,A,A,H,-,B,A,0,NA,NA,NA,NA,Y,NA,-,NA,0,0,2,0,0,0,0,0,0,-,-,NA,NA,SAN DIEGO,SAN DIEGO,-117.17107004,32.71579005
8154930,2016,2016-11-02,3711,2016-10-19,1420,5472,NA,3,5,7,3711,0,0,0,NA,0,243,MIRAMAR RD,CABOT DR,0,NA,Y,A,-,N,NA,NA,NA,NA,NA,NA,NA,NA,NA,N,4,0,1,2,A,-,12,21453,A,N,D,C,A,A,H,-,A,A,0,NA,NA,NA,NA,Y,NA,-,NA,0,0,1,0,0,0,0,0,0,-,-,NA,NA,SAN DIEGO,SAN DIEGO,-117.14278011,32.88978007
8154946,2016,2016-11-02,3711,2016-10-17,1327,4237,NA,1,5,7,3711,0,0,0,NA,0,621,FRIARS RD,ULRIC CT,55,W,N,A,-,N,NA,NA,NA,NA,NA,NA,NA,NA,NA,N,4,0,2,2,A,-,04,21703,NA,N,C,C,A,A,-,-,A,A,0,NA,NA,NA,NA,Y,NA,-,NA,0,0,2,0,0,0,0,0,0,-,-,NA,NA,SAN DIEGO,SAN DIEGO,-117.16303658,32.77070526
8154950,2016,2016-11-02,3711,2016-10-07,1728,7440,NA,5,5,7,3711,0,0,0,NA,0,322,FONTAINE ST,KEIGHLEY ST,0,NA,Y,A,-,N,NA,NA,NA,NA,NA,NA,NA,NA,NA,N,3,0,1,2,A,-,09,21802,A,N,H,G,A,A,H,-,A,D,0,NA,Y,NA,NA,Y,NA,A,07,0,1,0,0,0,0,1,0,0,-,-,NA,NA,SAN DIEGO,SAN DIEGO,-117.08164,32.80108009
81554476,2021,2021-08-26,3706,2021-08-13,1530,466,ESCON,5,5,6,3706,0,0,0,NA,0,044,EL NORTE PY,RIMROCK DR,0,NA,Y,A,-,N,NA,NA,NA,NA,NA,NA,NA,NA,NA,Y,3,0,3,2,A,-,09,21801,A,N,D,C,A,A,H,-,A,D,0,NA,NA,NA,NA,Y,NA,A,01,0,2,1,0,0,0,0,0,0,-,-,33.149078369140625,-117.066650390625,SAN DIEGO,ESCONDIDO,-117.06673431396484,33.14914321899414
81556584,2021,2021-08-27,3706,2021-08-17,0845,474,ESCON,2,5,6,3706,0,0,0,NA,0,043,BENNETT AV,EL NORTE PY,0,NA,Y,A,-,N,NA,NA,NA,NA,NA,NA,NA,NA,NA,N,4,0,1,2,A,-,10,21950,A,N,G,B,B,A,H,-,A,A,0,Y,NA,NA,NA,Y,NA,D,22,0,0,1,0,1,0,0,0,0,-,-,33.15264892578125,-117.1213836669922,SAN DIEGO,ESCONDIDO,-117.12139892578124,33.15251541137695
81557453,2021,2021-08-30,3706,2021-08-05,1600,1883,ESCON,4,5,6,3706,0,0,0,NA,0,042,VALLEY PY,FIG ST,0,NA,Y,-,-,N,NA,NA,NA,NA,NA,NA,NA,NA,NA,N,4,0,2,2,A,-,09,21801,A,M,D,C,A,A,H,-,A,A,0,NA,NA,NA,NA,Y,NA,A,01,0,0,2,0,0,0,0,0,0,-,-,33.12730026245117,-117.07407379150392,SAN DIEGO,ESCONDIDO,-117.07392120361328,33.127288818359375
81557725,2021,2021-08-30,3701,2021-08-27,0950,CB5497,067,5,5,5,3701,0,0,0,NA,0,002,CANNON RD,AVENIDA ENCINAS,0,NA,Y,A,-,N,NA,NA,NA,NA,NA,NA,NA,NA,NA,Y,3,0,2,2,A,-,12,21453,A,N,D,C,A,A,H,-,A,A,0,NA,NA,NA,NA,Y,NA,A,01,0,1,1,0,0,0,0,0,0,-,-,33.13393020629883,-117.33099365234376,SAN DIEGO,CARLSBAD,-117.33101654052734,33.13398742675781
8157013,2016,2016-11-02,3711,2016-10-24,1647,7496,NA,1,5,7,3711,0,0,0,NA,0,722,WARDLOW AV,WARDLOW CT,42,N,N,B,-,N,NA,NA,NA,NA,NA,NA,NA,NA,NA,N,3,0,1,2,A,-,05,21650,1,N,B,B,A,A,H,-,A,D,0,NA,Y,Y,NA,Y,NA,L,04,0,1,0,0,0,0,1,0,0,-,-,NA,NA,SAN DIEGO,SAN DIEGO,-117.07394758,32.56114953
8157034,2016,2016-11-02,3711,2016-10-21,1109,7204,SD,5,5,7,3711,0,0,0,NA,0,122,MISSOURI ST,JEWELL ST,249,W,N,A,-,N,NA,NA,NA,NA,NA,NA,NA,NA,NA,Y,4,0,1,2,A,-,08,22107,NA,N,B,E,A,A,H,-,A,D,0,NA,NA,NA,NA,Y,NA,-,NA,0,0,1,0,0,0,0,0,0,-,-,NA,NA,SAN DIEGO,SAN DIEGO,-117.24090714,32.80372399
8157545,2016,2017-03-04,3703,2016-10-26,0626,1309,NA,3,5,3,3703,0,0,0,NA,0,003,RT 75,CORONADO BAY RD,449,S,N,A,-,Y,SD,11,75,-,-,14.23,H,-,N,N,4,0,1,2,A,-,03,22350,NA,N,C,C,A,A,H,-,B,D,0,NA,NA,NA,NA,Y,NA,A,07,0,0,1,0,0,0,0,0,0,-,-,NA,NA,SAN DIEGO,CORONADO,-117.13884466,32.62842799
81576127,2021,2021-09-22,3706,2021-09-10,1449,1833,ESCON,5,5,6,3706,0,0,0,NA,0,051,FELICITA AV,CENTRE CITY PY,334,W,N,A,-,N,NA,NA,NA,NA,NA,NA,NA,NA,NA,N,4,0,1,2,A,-,09,21801,A,N,D,C,A,A,H,-,A,D,0,NA,NA,NA,NA,Y,NA,A,07,0,0,1,0,0,0,0,0,0,-,-,33.10337829589844,-117.07559204101563,SAN DIEGO,ESCONDIDO,-117.07659912109376,33.102867126464844
81585497,2021,2021-10-01,3701,2021-09-20,1238,CB5434,056,1,5,5,3701,0,0,0,NA,0,005,FARADAY AV,EL CAMINO REAL,100,E,N,A,-,N,NA,NA,NA,NA,NA,NA,NA,NA,NA,Y,4,0,1,3,A,-,21,22106,NA,N,C,C,A,A,H,-,A,A,0,NA,NA,NA,NA,Y,NA,A,01,0,0,1,0,0,0,0,0,0,-,-,33.1368408203125,-117.27242279052734,SAN DIEGO,CARLSBAD,-117.27291870117188,33.136775970458984
81591224,2021,2021-10-08,3706,2021-09-29,1415,515,ESCON,3,5,6,3706,0,0,0,NA,0,042,MISSION AV,FIG ST,0,NA,Y,A,-,N,NA,NA,NA,NA,NA,NA,NA,NA,NA,Y,4,0,1,3,A,-,12,21453,A,N,A,C,A,A,H,-,A,A,0,NA,NA,NA,NA,Y,NA,A,08,0,0,1,0,0,0,0,0,0,-,-,33.12955093383789,-117.0757064819336,SAN DIEGO,ESCONDIDO,-117.07726287841795,33.132877349853516
81594815,2021,2021-10-13,3701,2021-09-27,1600,CB5548,23,1,5,5,3701,0,0,0,NA,0,004,TAMARACK AV,BRITTANY WY,0,NA,Y,A,-,N,NA,NA,NA,NA,NA,NA,NA,NA,NA,N,3,0,1,2,A,-,04,21703,NA,F,H,G,A,A,H,-,A,D,0,NA,Y,NA,NA,Y,NA,-,99,0,1,0,0,0,0,1,0,0,-,-,33.17428970336914,-117.29898071289063,SAN DIEGO,CARLSBAD,-117.2989501953125,33.17417907714844
81614108,2021,2021-11-03,3706,2021-09-23,1904,551,ESCON,4,5,6,3706,0,0,0,NA,0,042,VALLEY PY,FIG ST,11,E,N,A,-,N,NA,NA,NA,NA,NA,NA,NA,NA,NA,N,1,1,0,2,A,-,11,21950,B,N,G,B,B,A,H,-,C,A,0,Y,NA,NA,NA,Y,NA,N,60,0,0,0,1,0,0,0,0,0,-,-,33.12730026245117,-117.07407379150392,SAN DIEGO,ESCONDIDO,-117.07389068603516,33.12730407714844
81619482,2021,2021-11-09,3706,2021-10-25,0655,551,ESCON,1,5,6,3706,0,0,0,NA,0,045,HOWARD AV,AUTO PARK WY (S),184,E,N,B,-,N,NA,NA,NA,NA,NA,NA,NA,NA,NA,Y,3,0,1,2,A,-,08,21460,5,N,B,C,A,A,H,-,A,D,0,NA,NA,NA,NA,Y,NA,J,48,0,1,0,0,0,0,0,0,0,-,-,33.11520004272461,-117.1090087890625,SAN DIEGO,ESCONDIDO,-117.1086654663086,33.11565017700195
81621076,2021,2021-11-10,3706,2021-11-05,2329,538,ESCON,5,5,6,3706,0,0,0,NA,0,056,CITRUS AV,VALLEY PY,95,S,N,A,-,N,NA,NA,NA,NA,NA,NA,NA,NA,NA,Y,4,0,2,2,A,-,01,23152,A,F,C,C,A,A,H,-,C,D,0,NA,NA,NA,NA,Y,Y,A,07,0,0,2,0,0,0,0,0,0,-,-,33.140968322753906,-117.04422760009766,SAN DIEGO,ESCONDIDO,-117.04411315917967,33.14076614379883
8164088,2016,2016-11-07,3711,2016-10-25,1730,7534,NORTH,2,5,7,3711,0,0,0,NA,0,122,CASS ST,THOMAS AV,6,N,N,A,-,N,NA,NA,NA,NA,NA,NA,NA,NA,NA,N,4,0,1,2,A,-,09,21802,A,N,D,G,A,A,H,-,A,-,0,NA,Y,NA,NA,Y,NA,-,NA,0,0,1,0,0,0,1,0,0,-,-,NA,NA,SAN DIEGO,SAN DIEGO,-117.25096463,32.79449596
8164092,2016,2016-11-07,3711,2016-10-26,1040,6614,NA,3,5,7,3711,0,0,0,NA,0,124,NAUTILUS ST,MUIRLANDS VISTA WY,21,E,N,A,-,N,NA,NA,NA,NA,NA,NA,NA,NA,NA,Y,4,0,1,2,A,-,09,21802,A,N,D,C,A,A,H,-,A,A,0,NA,NA,NA,NA,Y,NA,A,01,0,0,1,0,0,0,0,0,0,-,-,NA,NA,SAN DIEGO,SAN DIEGO,-117.26431572,32.83268479
8164458,2016,2016-11-08,3711,2016-10-25,2358,6686,NA,2,5,7,3711,0,0,0,NA,0,325,JACKSON DR,HYDE PARK DR,665,E,N,A,-,N,NA,NA,NA,NA,NA,NA,NA,NA,NA,N,3,0,1,4,A,-,08,22107,NA,N,C,E,A,-,H,-,C,D,0,NA,NA,NA,NA,Y,NA,A,07,0,1,0,0,0,0,0,0,0,-,-,NA,NA,SAN DIEGO,SAN DIEGO,-117.04308851,32.80161246
8164466,2016,2016-11-09,3711,2016-10-30,0014,6146,NA,7,5,7,3711,0,0,0,NA,0,615,NIMITZ BL,EVERGREEN ST,66,E,N,A,-,N,NA,NA,NA,NA,NA,NA,NA,NA,NA,Y,2,0,1,1,A,-,03,22350,NA,N,E,I,A,A,H,-,C,D,0,NA,NA,NA,NA,Y,Y,A,01,1,0,0,0,0,0,0,0,0,-,-,NA,NA,SAN DIEGO,SAN DIEGO,-117.22765252,32.72963366
8164928,2016,2016-11-09,3706,2016-10-20,1637,458,ESPD,4,5,6,3706,0,0,0,NA,0,042,MISSION AV,CENTRE CITY PKWY,272,E,N,A,-,N,NA,NA,NA,NA,NA,NA,NA,NA,NA,N,4,0,1,2,A,-,09,21801,A,N,H,G,A,A,H,-,A,D,0,NA,Y,NA,NA,Y,NA,A,08,0,0,1,0,0,0,1,0,0,-,-,NA,NA,SAN DIEGO,ESCONDIDO,-117.09085201,33.12862344
8164954,2016,2016-11-14,3706,2016-10-23,0743,464,ESCON,7,5,6,3706,0,0,0,NA,0,042,CENTRE CITY PKWY,MISSION AV,43,S,N,A,-,N,NA,NA,NA,NA,NA,NA,NA,NA,NA,Y,4,0,3,3,A,-,03,22350,NA,N,C,C,A,A,H,-,A,A,0,NA,NA,NA,NA,Y,NA,A,01,0,0,3,0,0,0,0,0,0,-,-,33.1285,-117.09149,SAN DIEGO,ESCONDIDO,-117.09162441,33.12825191
81659382,2021,2021-12-23,3706,2021-12-14,0530,543,ESCON,2,5,6,3706,0,0,0,NA,0,043,EL NORTE PY,REES RD,0,NA,Y,C,-,N,NA,NA,NA,NA,NA,NA,NA,NA,NA,Y,4,0,2,2,A,-,12,21453,A,N,D,C,A,B,H,-,C,A,0,NA,NA,NA,NA,Y,NA,A,01,0,0,2,0,0,0,0,0,0,-,-,33.14891052246094,-117.11522674560548,SAN DIEGO,ESCONDIDO,-117.1151885986328,33.14888000488281
81659389,2021,2021-12-23,3706,2021-12-13,1703,1888,ESCON,1,5,6,3706,0,0,0,NA,0,045,MISSION AV,CENTRE CITY PY,162,E,N,A,-,N,NA,NA,NA,NA,NA,NA,NA,NA,NA,N,4,0,1,2,A,-,03,22350,NA,N,C,C,A,A,H,-,C,A,0,NA,NA,NA,NA,Y,NA,A,01,0,0,1,0,0,0,0,0,0,-,-,33.12834167480469,-117.091552734375,SAN DIEGO,ESCONDIDO,-117.0911865234375,33.12851333618164
81665021,2021,2021-12-29,3706,2021-12-14,2057,518,ESCON,2,5,6,3706,0,0,0,NA,0,056,CITRUS AV,MTN VIEW DR,0,NA,Y,B,-,N,NA,NA,NA,NA,NA,NA,NA,NA,NA,Y,4,0,4,2,A,-,09,21802,A,N,D,C,A,B,H,-,C,A,0,NA,NA,NA,NA,Y,NA,-,98,0,0,4,0,0,0,0,0,0,-,-,33.12641143798828,-117.03894805908205,SAN DIEGO,ESCONDIDO,-117.03881072998048,33.12641525268555
81665164,2021,2021-12-29,3701,2021-12-20,1840,CB5571,074,1,5,5,3701,0,0,0,NA,0,006,PALOMAR AIRPORT RD,AVIARA PY,475,W,N,A,-,N,NA,NA,NA,NA,NA,NA,NA,NA,NA,Y,3,0,1,1,A,-,08,22107,NA,N,E,I,A,A,H,-,C,D,0,NA,NA,NA,NA,Y,NA,A,01,0,1,0,0,0,0,0,0,0,-,-,33.12406921386719,-117.3015594482422,SAN DIEGO,CARLSBAD,-117.30326080322266,33.124061584472656
81665979,2021,2021-12-30,3706,2021-12-23,1103,562,ESCON,4,5,6,3706,0,0,0,NA,0,043,EL NORTE PY,IRIS LN,0,NA,Y,A,B,N,NA,NA,NA,NA,NA,NA,NA,NA,NA,N,4,0,1,2,A,-,08,22100,A,N,D,C,A,A,H,-,A,A,0,NA,NA,NA,NA,Y,NA,A,01,0,0,1,0,0,0,0,0,0,-,-,33.14411926269531,-117.09824371337892,SAN DIEGO,ESCONDIDO,-117.09810638427734,33.14418411254883
8166708,2016,2017-02-21,3700,2016-11-25,0740,SH2439,NA,5,5,5,3713,0,0,0,NA,0,313,VISTA VILLAGE DR,HACIENDA DR,53,N,N,A,-,N,NA,NA,NA,NA,NA,NA,NA,NA,NA,Y,1,1,0,4,C,-,18,NA,NA,N,F,E,A,A,H,-,A,A,0,NA,NA,NA,NA,Y,NA,-,-,0,0,0,0,0,0,0,0,0,-,-,NA,NA,SAN DIEGO,VISTA,-117.25116108,33.19374902
8166907,2016,2017-04-19,3710,2016-04-17,1135,OC1185,NA,7,5,6,3710,0,0,0,NA,0,029,OCEANSIDE BL,GATEWAY CENTER DR,98,W,N,A,-,N,NA,NA,NA,NA,NA,NA,NA,NA,NA,Y,1,1,0,1,D,-,00,NA,NA,N,F,I,A,A,H,-,C,A,0,NA,NA,NA,NA,Y,NA,-,-,0,0,0,0,0,0,0,0,0,-,-,NA,NA,SAN DIEGO,OCEANSIDE,-117.28336483,33.20774952
8166917,2016,2017-04-21,3710,2016-09-30,0152,OC1185,NA,5,5,6,3710,0,0,0,NA,0,001,N COAST,MONTEREY,148,S,N,A,-,N,NA,NA,NA,NA,NA,NA,NA,NA,NA,Y,1,1,0,1,A,-,01,23152,A,N,F,I,A,A,H,-,C,D,0,NA,NA,Y,NA,Y,NA,C,02,0,0,0,0,0,0,0,1,0,-,-,NA,NA,SAN DIEGO,OCEANSIDE,-117.38589654,33.20755814
81670512,2021,2022-01-05,3706,2021-12-27,2018,524,ESCON,1,5,6,3706,0,0,0,NA,0,041,CENTRE CITY PY,EL NORTE PY,0,NA,Y,C,-,N,NA,NA,NA,NA,NA,NA,NA,NA,NA,Y,3,0,2,2,A,-,09,21453,C,N,D,C,A,B,H,-,C,A,0,NA,NA,NA,NA,Y,NA,A,01,0,1,1,0,0,0,0,0,0,-,-,33.13949966430664,-117.09343719482422,SAN DIEGO,ESCONDIDO,-117.09339141845705,33.13960266113281
81670734,2021,2022-01-05,3701,2021-12-31,1322,CB5551,039,5,5,5,3701,0,0,0,NA,0,003,ADAMS ST,HIGHLAND DR,645,S,N,B,-,N,NA,NA,NA,NA,NA,NA,NA,NA,NA,N,3,0,1,1,C,-,18,NA,NA,N,E,H,A,D,H,-,A,D,0,NA,Y,NA,NA,Y,NA,-,-,0,1,0,0,0,0,1,0,0,-,-,33.1461296081543,-117.32795715332033,SAN DIEGO,CARLSBAD,-117.3261489868164,33.145233154296875
8168103,2019,2019-10-28,3706,2019-09-16,1724,393,ESCON,1,5,6,3706,0,0,0,NA,0,045,ROCK SPRINGS RD,MISSION AV,273,N,N,A,-,N,NA,NA,NA,NA,NA,NA,NA,NA,NA,N,4,0,1,2,A,-,03,22350,NA,N,C,C,A,A,H,-,A,A,0,NA,NA,NA,NA,Y,NA,A,01,0,0,1,0,0,0,0,0,0,-,-,33.12649917602539,-117.09739685058594,SAN DIEGO,ESCONDIDO,-117.09774017333984,33.12727737426758
81696519,2022,2022-02-09,3701,2022-01-28,1944,CB5557,079,5,5,5,3701,0,0,0,NA,0,006,EL CAMINO REAL,TOWN GARDEN RD,0,NA,Y,A,-,N,NA,NA,NA,NA,NA,NA,NA,NA,NA,Y,3,0,1,2,A,-,12,21453,A,N,D,C,A,A,H,-,C,A,0,NA,NA,NA,NA,Y,NA,-,-,0,1,0,0,0,0,0,0,0,-,-,33.1238899230957,-117.26580047607422,SAN DIEGO,CARLSBAD,-117.26644897460938,33.123653411865234
8169751,2016,2016-11-16,3711,2016-11-06,1546,7428,SANDI,7,5,7,3711,0,0,0,NA,0,121,BAYSIDE LN,SAN JOSE PL,0,NA,Y,A,-,N,NA,NA,NA,NA,NA,NA,NA,NA,NA,N,3,0,1,2,A,-,09,21800,A,N,D,G,A,A,H,-,A,D,0,NA,Y,NA,NA,Y,NA,L,04,0,1,0,0,0,0,1,0,0,-,-,NA,NA,SAN DIEGO,SAN DIEGO,-117.2521001,32.7848701