CASE_ID,ACCIDENT_YEAR,PROC_DATE,JURIS,COLLISION_DATE,COLLISION_TIME,OFFICER_ID,REPORTING_DISTRICT,DAY_OF_WEEK,CHP_SHIFT,POPULATION,CNTY_CITY_LOC,SPECIAL_COND,BEAT_TYPE,CHP_BEAT_TYPE,CITY_DIVISION_LAPD,CHP_BEAT_CLASS,BEAT_NUMBER,PRIMARY_RD,SECONDARY_RD,DISTANCE,DIRECTION,INTERSECTION,WEATHER_1,WEATHER_2,STATE_HWY_IND,CALTRANS_COUNTY,CALTRANS_DISTRICT,STATE_ROUTE,ROUTE_SUFFIX,POSTMILE_PREFIX,POSTMILE,LOCATION_TYPE,RAMP_INTERSECTION,SIDE_OF_HWY,TOW_AWAY,COLLISION_SEVERITY,NUMBER_KILLED,NUMBER_INJURED,PARTY_COUNT,PRIMARY_COLL_FACTOR,PCF_CODE_OF_VIOL,PCF_VIOL_CATEGORY,PCF_VIOLATION,PCF_VIOL_SUBSECTION,HIT_AND_RUN,TYPE_OF_COLLISION,MVIW,PED_ACTION,ROAD_SURFACE,ROAD_COND_1,ROAD_COND_2,LIGHTING,CONTROL_DEVICE,CHP_ROAD_TYPE,PEDESTRIAN_ACCIDENT,BICYCLE_ACCIDENT,MOTORCYCLE_ACCIDENT,TRUCK_ACCIDENT,NOT_PRIVATE_PROPERTY,ALCOHOL_INVOLVED,STWD_VEHTYPE_AT_FAULT,CHP_VEHTYPE_AT_FAULT,COUNT_SEVERE_INJ,COUNT_VISIBLE_INJ,COUNT_COMPLAINT_PAIN,COUNT_PED_KILLED,COUNT_PED_INJURED,COUNT_BICYCLIST_KILLED,COUNT_BICYCLIST_INJURED,COUNT_MC_KILLED,COUNT_MC_INJURED,PRIMARY_RAMP,SECONDARY_RAMP,LATITUDE,LONGITUDE,COUNTY,CITY,POINT_X,POINT_Y
8583921,2018,2018-04-09,3702,2018-02-23,1724,CV1098,NA,5,5,6,3702,0,0,0,NA,0,014,2ND AV,H ST,8,N,N,A,-,N,NA,NA,NA,NA,NA,NA,NA,NA,NA,N,4,0,1,2,A,-,03,22350,NA,N,C,C,A,A,H,-,B,A,0,NA,NA,NA,NA,Y,NA,A,01,0,0,1,0,0,0,0,0,0,-,-,NA,NA,SAN DIEGO,CHULA VISTA,-117.07312774658205,32.635581970214844
8587790,2018,2018-05-10,3702,2018-04-01,2115,CV1206,NA,7,5,6,3702,0,0,0,NA,0,014,HILLTOP DR 300,HILTON DR 300,0,NA,N,B,-,N,NA,NA,NA,NA,NA,NA,NA,NA,NA,Y,3,0,1,6,A,-,01,23152,A,F,B,E,A,A,H,-,C,D,0,NA,NA,NA,NA,Y,Y,A,07,0,1,0,0,0,0,0,0,0,-,-,NA,NA,SAN DIEGO,CHULA VISTA,-117.06764013,32.64461552
8587907,2018,2018-05-04,3711,2018-04-21,1813,7390,NA,6,5,7,3711,0,0,0,NA,0,122,RIVIERA DR,FORTUNA AV,150,S,N,A,-,N,NA,NA,NA,NA,NA,NA,NA,NA,NA,Y,3,0,1,2,A,-,09,21801,A,N,D,C,A,A,H,-,A,D,0,NA,NA,NA,NA,Y,NA,-,NA,0,1,0,0,0,0,0,0,0,-,-,NA,NA,SAN DIEGO,SAN DIEGO,-117.24119567871094,32.791358947753906
8587931,2018,2018-04-27,3711,2018-04-14,1633,6404,SD,6,5,7,3711,0,0,0,NA,0,123,WEST MISSION BAY DR,SUNSET BL,0,N,N,A,-,N,NA,NA,NA,NA,NA,NA,NA,NA,NA,N,3,0,1,1,A,-,03,22350,NA,N,F,I,A,A,H,-,A,D,0,NA,NA,Y,NA,Y,NA,C,03,0,1,0,0,0,0,0,0,1,-,-,NA,NA,SAN DIEGO,SAN DIEGO,NA,NA
8588081,2018,2018-04-24,3711,2018-04-04,1630,6618,NA,3,5,7,3711,0,0,0,NA,0,712,WEST SAN YSIDRO BL,E PARK AV,15,E,N,A,-,N,NA,NA,NA,NA,NA,NA,NA,NA,NA,N,4,0,1,2,A,-,09,21801,A,N,D,C,A,A,H,-,A,D,0,NA,NA,NA,NA,Y,NA,-,NA,0,0,1,0,0,0,0,0,0,-,-,NA,NA,SAN DIEGO,SAN DIEGO,-117.04411315917967,32.55223846435547
8588696,2018,2018-04-03,3705,2018-03-01,1516,EC0337,NA,4,5,5,3705,0,0,0,NA,0,003,JAMACHA,E WASHINGTON,290,S,N,A,-,N,NA,NA,NA,NA,NA,NA,NA,NA,NA,N,3,0,1,2,A,-,05,21650,1,N,D,G,A,A,H,-,A,D,0,NA,Y,NA,NA,Y,NA,L,04,0,1,0,0,0,0,1,0,0,-,-,NA,NA,SAN DIEGO,EL CAJON,-116.92792510986328,32.78690719604492
8590374,2018,2018-04-06,3711,2018-03-15,1419,6366,NA,4,5,7,3711,0,0,0,NA,0,627,RICHMOND ST,ROBINSON AV,34,N,N,A,-,N,NA,NA,NA,NA,NA,NA,NA,NA,NA,Y,3,0,3,2,A,-,09,21801,A,N,A,C,A,A,H,-,A,A,0,NA,NA,NA,NA,Y,Y,A,01,0,2,1,0,0,0,0,0,0,-,-,NA,NA,SAN DIEGO,SAN DIEGO,-117.15122222900392,32.74651336669922
8591000,2018,2018-04-10,3710,2018-02-08,1644,OC1424,006,4,5,6,3710,0,0,0,NA,0,001,CIVIC CENTER DR,NORTH WEITZEL,150,E,N,A,-,N,NA,NA,NA,NA,NA,NA,NA,NA,NA,N,3,0,1,2,A,-,08,22107,NA,N,H,G,A,A,H,-,A,D,0,NA,Y,NA,NA,Y,NA,L,04,0,1,0,0,0,0,1,0,0,-,-,NA,NA,SAN DIEGO,OCEANSIDE,-117.37558746337892,33.20078659057617
8591019,2018,2018-04-06,3710,2018-01-17,1905,OC1434,022,3,5,6,3710,0,0,0,NA,0,009,NORTH RIVER RD,STALLION DR,525,E,N,A,-,N,NA,NA,NA,NA,NA,NA,NA,NA,NA,Y,4,0,1,1,C,-,18,NA,NA,N,E,I,A,A,H,-,C,D,0,NA,NA,NA,NA,Y,NA,-,-,0,0,1,0,0,0,0,0,0,-,-,NA,NA,SAN DIEGO,OCEANSIDE,-117.28672790527344,33.255210876464844
8591247,2018,2018-04-12,3702,2018-03-09,1613,CV1237,NA,5,5,6,3702,0,0,0,NA,0,013,L ST,1ST AV,0,NA,Y,A,-,N,NA,NA,NA,NA,NA,NA,NA,NA,NA,Y,4,0,1,2,A,-,08,22107,NA,N,F,C,A,A,H,-,A,A,0,NA,NA,NA,NA,Y,NA,A,01,0,0,1,0,0,0,0,0,0,-,-,NA,NA,SAN DIEGO,CHULA VISTA,-117.06375885009766,32.623199462890625
8591271,2018,2018-04-12,3702,2018-03-09,1028,CV1060,NA,5,5,6,3702,0,0,0,NA,0,031,TELEGRAPH CANYON,CREST DR,0,NA,Y,A,-,N,NA,NA,NA,NA,NA,NA,NA,NA,NA,Y,4,0,1,3,A,-,12,21453,A,N,D,C,A,A,H,-,A,A,0,NA,NA,NA,NA,Y,NA,A,01,0,0,1,0,0,0,0,0,0,-,-,NA,NA,SAN DIEGO,CHULA VISTA,-117.03668975830078,32.628021240234375
8591417,2018,2018-04-11,3711,2018-03-27,0045,8816,NA,2,5,7,3711,0,0,0,NA,0,116,KNOXVILLE ST,TONOPAH AV,150,S,N,A,-,N,NA,NA,NA,NA,NA,NA,NA,NA,NA,Y,3,0,1,2,A,-,08,22107,NA,N,C,E,A,A,H,-,C,A,0,NA,NA,NA,NA,Y,Y,A,01,0,1,0,0,0,0,0,0,0,-,-,NA,NA,SAN DIEGO,SAN DIEGO,-117.20297241210938,32.774234771728516
8592130,2018,2018-04-19,3711,2018-03-30,1128,7422,WESTE,5,5,7,3711,0,0,0,NA,0,024,LINCOLN AV,MISSISSIPPI ST,27,E,N,A,-,N,NA,NA,NA,NA,NA,NA,NA,NA,NA,Y,3,0,3,2,A,-,09,21804,A,N,D,-,A,A,H,-,A,A,0,NA,NA,NA,NA,Y,NA,A,01,0,2,1,0,0,0,0,0,0,-,-,NA,NA,SAN DIEGO,SAN DIEGO,-117.14118957519533,32.750301361083984
8592688,2018,2018-04-06,3711,2018-03-21,0859,5072,NA,3,5,7,3711,0,0,0,NA,0,434,JAMACHA RD,GLENCOE DR,520,E,N,A,-,N,NA,NA,NA,NA,NA,NA,NA,NA,NA,Y,3,0,1,2,A,-,08,22107,NA,N,B,E,A,A,H,-,A,D,0,NA,NA,NA,NA,Y,NA,A,01,0,1,0,0,0,0,0,0,0,-,-,NA,NA,SAN DIEGO,SAN DIEGO,-117.0303192138672,32.71593475341797
8592691,2018,2018-04-06,3711,2018-03-20,0705,6200,NA,2,5,7,3711,0,0,0,NA,0,325,HYDE PARK DR,EVERGLADES AV,75,E,N,A,-,N,NA,NA,NA,NA,NA,NA,NA,NA,NA,N,3,0,1,2,A,-,08,22107,NA,N,D,G,A,A,H,-,A,D,0,NA,Y,NA,NA,Y,NA,L,04,0,1,0,0,0,0,1,0,0,-,-,NA,NA,SAN DIEGO,SAN DIEGO,-117.0455322265625,32.80207061767578
8593472,2018,2018-08-09,3700,2018-02-26,0715,SH2558,2,1,5,5,3712,0,0,0,NA,0,001,WEST SAN MARCOS BL,RT 78,0,NA,Y,A,-,Y,SD,11,78,-,-,11.996,R,4,E,Y,4,0,1,2,A,-,12,21453,A,N,D,C,A,A,H,-,A,A,0,NA,NA,NA,NA,Y,NA,A,07,0,0,1,0,0,0,0,0,0,-,EF,NA,NA,SAN DIEGO,SAN MARCOS,-117.178955078125,33.138675689697266
8593688,2018,2018-04-17,3711,2018-03-27,0800,7274,NA,2,5,7,3711,0,0,0,NA,0,621,TAIT ST,ULRIC ST,0,NA,Y,A,-,N,NA,NA,NA,NA,NA,NA,NA,NA,NA,N,4,0,1,2,A,-,10,21952,NA,N,A,B,B,A,H,-,A,A,0,Y,NA,NA,NA,Y,NA,-,99,0,0,1,0,1,0,0,0,0,-,-,NA,NA,SAN DIEGO,SAN DIEGO,-117.1694107055664,32.78099060058594
8594141,2018,2018-04-19,3711,2018-04-05,1650,6931,SD,4,5,7,3711,0,0,0,NA,0,511,CESAR CHAVEZ PKWY,E HARBOR DR,0,NA,Y,A,-,N,NA,NA,NA,NA,NA,NA,NA,NA,NA,N,4,0,1,2,A,-,17,21451,A,N,D,C,A,A,H,-,A,A,0,NA,NA,NA,NA,Y,NA,-,NA,0,0,1,0,0,0,0,0,0,-,-,NA,NA,SAN DIEGO,SAN DIEGO,-117.14745993,32.69821006
8594333,2018,2018-04-20,3711,2018-04-08,1652,7719,NA,7,5,7,3711,0,0,0,NA,0,121,WEST MISSION BAY DR,QUIVIRA,1056,W,N,A,-,N,NA,NA,NA,NA,NA,NA,NA,NA,NA,N,4,0,1,2,A,-,04,21703,NA,N,C,C,A,A,H,-,A,D,0,NA,NA,NA,NA,Y,NA,-,NA,0,0,1,0,0,0,0,0,0,-,-,NA,NA,SAN DIEGO,SAN DIEGO,-117.24086761474608,32.76688766479492
8594920,2018,2018-04-20,3705,2018-03-25,1345,EC0324,NA,7,5,5,3705,0,0,0,NA,0,002,FLETCHER PKWY,MAGNOLIA,5,E,N,A,-,N,NA,NA,NA,NA,NA,NA,NA,NA,NA,N,2,0,1,2,A,-,12,21453,A,F,D,G,A,A,H,-,A,A,0,NA,Y,NA,NA,Y,Y,L,04,1,0,0,0,0,0,1,0,0,-,-,NA,NA,SAN DIEGO,EL CAJON,-116.96434020996094,32.80778884887695
8596016,2018,2018-05-07,3706,2018-03-14,0810,469,ESCON,3,5,6,3706,0,0,0,NA,0,054,ROSE ST,VALLEY PKWY,233,S,N,C,-,N,NA,NA,NA,NA,NA,NA,NA,NA,NA,N,4,0,1,2,A,-,09,21801,A,N,B,C,A,B,H,-,A,D,0,NA,NA,NA,NA,Y,NA,A,01,0,0,1,0,0,0,0,0,0,-,-,33.1338996887207,-117.0595474243164,SAN DIEGO,ESCONDIDO,-117.0591278076172,33.13340759277344
8596024,2018,2018-05-07,3706,2018-03-20,1315,342,ESCON,2,5,6,3706,0,0,0,NA,0,042,MISSION AV,FIG ST,0,NA,Y,A,-,N,NA,NA,NA,NA,NA,NA,NA,NA,NA,N,4,0,1,2,A,-,12,21453,A,N,D,C,A,A,H,-,A,A,0,NA,NA,NA,NA,Y,NA,A,07,0,0,1,0,0,0,0,0,0,-,-,33.13291931152344,-117.07733154296876,SAN DIEGO,ESCONDIDO,-117.07726287841795,33.13288116455078
8597800,2018,2018-06-28,3711,2018-03-25,0605,7704,NA,7,5,7,3711,0,0,0,NA,0,512,RT 15,NORMAN SCOTT RD,0,NA,Y,A,-,N,NA,NA,NA,NA,NA,NA,NA,NA,NA,Y,4,0,1,1,C,-,18,NA,NA,N,E,I,A,A,A,-,A,-,0,NA,NA,Y,NA,Y,NA,-,-,0,0,1,0,0,0,0,0,1,-,-,NA,NA,SAN DIEGO,SAN DIEGO,NA,NA
8597876,2018,2018-06-28,3711,2018-03-28,1556,7373,NA,3,5,7,3711,0,0,0,NA,0,114,CLAIREMONT DR,CLAIREMONT MESA BL,0,NA,Y,A,-,N,NA,NA,NA,NA,NA,NA,NA,NA,NA,Y,4,0,2,2,A,-,12,21453,A,N,D,C,A,A,H,-,A,A,0,NA,NA,NA,NA,Y,NA,-,NA,0,0,2,0,0,0,0,0,0,-,-,NA,NA,SAN DIEGO,SAN DIEGO,-117.20615386962892,32.82770919799805
8598904,2018,2018-04-23,3711,2018-03-30,0707,6886,SD,5,5,7,3711,0,0,0,NA,0,828,EUCLID AV,AUBURN DR,28,S,-,B,-,N,NA,NA,NA,NA,NA,NA,NA,NA,NA,N,4,0,1,2,A,-,05,21650,A,N,G,G,A,A,H,-,A,D,0,NA,Y,Y,NA,Y,NA,C,06,0,0,1,0,0,0,1,0,0,-,-,NA,NA,SAN DIEGO,SAN DIEGO,-117.09230041503906,32.74827194213867
8599318,2018,2018-04-25,3701,2018-03-30,1446,CB5519,NA,5,5,5,3701,0,0,0,NA,0,006,MELROSE AV,PASEO CORTO,30,S,N,A,-,N,NA,NA,NA,NA,NA,NA,NA,NA,NA,N,4,0,1,2,A,-,03,22350,NA,N,C,C,A,A,H,-,A,B,0,NA,NA,NA,NA,Y,NA,A,01,0,0,1,0,0,0,0,0,0,-,-,NA,NA,SAN DIEGO,CARLSBAD,-117.23776245117188,33.122840881347656
8599530,2018,2018-05-07,3711,2018-03-25,1800,7402,NA,7,5,7,3711,0,0,0,NA,0,521,PARK BL,11TH,0,NA,Y,A,-,N,NA,NA,NA,NA,NA,NA,NA,NA,NA,N,3,0,1,1,A,-,03,22350,NA,N,H,J,A,A,H,-,A,B,0,NA,Y,NA,NA,Y,NA,L,04,0,1,0,0,0,0,1,0,0,-,-,NA,NA,SAN DIEGO,SAN DIEGO,-117.15425872802734,32.707969665527344
8599605,2018,2018-04-24,3711,2018-04-08,1505,7464,SDPD,7,5,7,3711,0,0,0,NA,0,834,REDWOOD ST,40TH ST,95,W,N,A,-,N,NA,NA,NA,NA,NA,NA,NA,NA,NA,N,4,0,4,1,-,-,-,NA,NA,N,H,A,A,A,H,-,A,D,0,NA,NA,NA,NA,Y,NA,-,-,0,0,4,0,0,0,0,0,0,-,-,NA,NA,SAN DIEGO,SAN DIEGO,-117.11045074462892,32.738460540771484
8599666,2018,2018-04-23,3711,2018-04-07,2129,8861,NA,6,5,7,3711,0,0,0,NA,0,614,BACON ST,CAPE MAY AV,20,N,N,A,-,N,NA,NA,NA,NA,NA,NA,NA,NA,NA,Y,4,0,2,2,A,-,09,21802,A,N,F,C,A,A,H,-,A,A,0,NA,NA,NA,NA,Y,NA,A,01,0,0,2,0,0,0,0,0,0,-,-,NA,NA,SAN DIEGO,SAN DIEGO,-117.24880981445313,32.74942398071289
8601246,2018,2018-07-30,3706,2018-04-29,0843,488,ESCON,7,5,6,3706,0,0,0,NA,0,052,13TH AV,ESCONDIDO BL,0,NA,Y,A,-,N,NA,NA,NA,NA,NA,NA,NA,NA,NA,Y,3,0,3,2,A,-,09,21801,A,N,A,C,A,A,H,-,A,A,0,NA,NA,NA,NA,Y,NA,A,08,0,1,2,0,0,0,0,0,0,-,-,33.10953903198242,-117.07649993896484,SAN DIEGO,ESCONDIDO,-117.07655334472656,33.1095085144043
8602275,2018,2018-05-15,3708,2018-03-14,1440,LM1206,NA,3,5,5,3708,0,0,0,NA,0,003,LAKE MURRAY BL,LAKE MURRAY BL 6126,0,NA,N,A,-,N,NA,NA,NA,NA,NA,NA,NA,NA,NA,Y,4,0,1,1,A,-,03,22350,NA,N,E,I,A,A,H,-,A,D,0,NA,NA,NA,NA,Y,NA,A,01,0,0,1,0,0,0,0,0,0,-,-,NA,NA,SAN DIEGO,LA MESA,-117.02082753,32.79073347
8604126,2018,2018-07-30,3711,2018-04-17,1341,7592,SD,2,5,7,3711,0,0,0,NA,0,115,GENESEE AV,GENESEE AV 9800,51,W,N,A,-,N,NA,NA,NA,NA,NA,NA,NA,NA,NA,Y,4,0,2,2,A,-,12,21453,A,N,B,B,B,A,D,-,A,A,0,Y,NA,NA,NA,Y,NA,A,07,0,0,2,0,1,0,0,0,0,-,-,NA,NA,SAN DIEGO,SAN DIEGO,NA,NA
8608312,2018,2018-04-27,3711,2018-04-13,1830,6794,NA,5,5,7,3711,0,0,0,NA,0,234,BERNARDO CENTER DR,CLOUDCREST DR,33,N,N,A,-,N,NA,NA,NA,NA,NA,NA,NA,NA,NA,Y,4,0,1,2,A,-,12,21453,A,N,D,C,A,A,H,-,A,A,0,NA,NA,NA,NA,Y,NA,-,NA,0,0,1,0,0,0,0,0,0,-,-,NA,NA,SAN DIEGO,SAN DIEGO,-117.08750915527344,33.0095100402832
8610852,2017,2018-05-15,3700,2017-11-29,1327,SH5794,NA,3,5,5,3781,0,0,0,NA,0,518,CUYAMACA ST,BUENA VISTA AV,349,N,N,A,-,N,NA,NA,NA,NA,NA,NA,NA,NA,NA,N,4,0,1,2,A,-,08,22107,NA,N,B,C,A,A,H,-,A,D,0,NA,NA,NA,NA,Y,NA,I,20,0,0,1,0,0,0,0,0,0,-,-,NA,NA,SAN DIEGO,SANTEE,-116.98388518,32.83598574
8610896,2018,2018-05-07,3702,2018-04-07,0230,CV1198,NA,6,5,6,3702,0,0,0,NA,0,022,3RD AV,PALOMAR ST,0,NA,Y,A,-,N,NA,NA,NA,NA,NA,NA,NA,NA,NA,Y,4,0,2,2,A,-,01,23152,B,N,D,C,A,A,H,-,C,A,0,NA,NA,NA,NA,Y,Y,A,01,0,0,2,0,0,0,0,0,0,-,-,NA,NA,SAN DIEGO,CHULA VISTA,-117.06639099121094,32.6068000793457
8612461,2018,2018-05-07,3706,2018-04-11,1822,318,ESCON,3,5,6,3706,0,0,0,NA,0,044,SHERIDAN AV,RINCON VILLA DR,210,E,N,A,-,N,NA,NA,NA,NA,NA,NA,NA,NA,NA,Y,4,0,2,2,A,-,08,22103,NA,N,F,C,A,A,H,-,A,D,0,NA,NA,NA,NA,Y,NA,A,01,0,0,2,0,0,0,0,0,0,-,-,33.14748001098633,-117.07946014404295,SAN DIEGO,ESCONDIDO,-117.07891845703124,33.14765930175781
8612667,2018,2018-05-09,3700,2018-04-14,1926,SH1725,NA,6,5,5,3712,0,0,0,NA,0,352,DEER SPRINGS RD,SYCAMORE DR,0,NA,Y,A,-,N,NA,NA,NA,NA,NA,NA,NA,NA,NA,Y,4,0,2,2,A,-,01,23152,A,N,A,C,A,A,H,-,C,A,0,NA,NA,NA,NA,Y,Y,A,01,0,0,2,0,0,0,0,0,0,-,-,NA,NA,SAN DIEGO,SAN MARCOS,-117.152099609375,33.186458587646484
8612705,2018,2018-05-09,3700,2018-04-12,1815,SH0320,NA,4,5,5,3713,0,0,0,NA,0,317,BUSINESS PARK DR,PARK CENTER DR,0,NA,Y,A,-,N,NA,NA,NA,NA,NA,NA,NA,NA,NA,Y,4,0,1,2,A,-,12,21453,A,N,D,C,A,A,H,-,A,A,0,NA,NA,NA,NA,Y,NA,A,01,0,0,1,0,0,0,0,0,0,-,-,NA,NA,SAN DIEGO,VISTA,-117.23236083984376,33.1432991027832
8612759,2018,2018-05-02,3705,2018-02-22,0304,EC0278,NA,4,5,5,3705,0,0,0,NA,0,003,E MAIN,FLUME DR,0,NA,Y,B,-,N,NA,NA,NA,NA,NA,NA,NA,NA,NA,Y,4,0,1,1,A,-,01,23152,F,N,E,I,A,B,H,-,C,D,0,NA,NA,NA,NA,Y,Y,-,NA,0,0,1,0,0,0,0,0,0,-,-,NA,NA,SAN DIEGO,EL CAJON,NA,NA
8613514,2018,2018-05-11,3702,2018-02-27,1945,CV1124,NA,2,5,6,3702,0,0,0,NA,0,021,MAIN ST,3RD AV,210,W,N,C,-,N,NA,NA,NA,NA,NA,NA,NA,NA,NA,N,3,0,1,2,A,-,09,21804,A,M,G,B,D,B,H,-,C,D,0,Y,NA,NA,NA,Y,NA,-,99,0,1,0,0,1,0,0,0,0,-,-,NA,NA,SAN DIEGO,CHULA VISTA,-117.06519317626952,32.59477615356445
8615532,2018,2018-05-07,3711,2018-04-25,1400,5842,NA,3,5,7,3711,0,0,0,NA,0,937,SAN DIEGUITO RD,CAMINO DEL SUR,0,NA,Y,A,-,N,NA,NA,NA,NA,NA,NA,NA,NA,NA,Y,3,0,2,2,A,-,12,21453,A,N,D,C,A,A,H,-,A,A,0,NA,NA,NA,NA,Y,NA,-,NA,0,2,0,0,0,0,0,0,0,-,-,NA,NA,SAN DIEGO,SAN DIEGO,-117.15654754638672,32.997371673583984
8615678,2018,2018-07-06,3706,2018-03-30,2104,504,ESCON,5,5,6,3706,0,0,0,NA,0,052,VALLEY PKWY,BEECH ST,164,W,N,A,-,N,NA,NA,NA,NA,NA,NA,NA,NA,NA,N,3,0,1,2,A,-,11,21954,A,N,G,B,D,A,H,-,C,D,0,Y,NA,NA,NA,Y,Y,N,60,0,1,0,0,1,0,0,0,0,-,-,33.12981033325195,-117.06854248046876,SAN DIEGO,ESCONDIDO,-117.06888580322266,33.12962341308594
8616057,2018,2018-05-18,3711,2018-05-05,2050,4212,NA,6,5,7,3711,0,0,0,NA,0,811,ADAMS AV,34TH ST,75,E,N,A,-,N,NA,NA,NA,NA,NA,NA,NA,NA,NA,N,4,0,1,2,A,-,04,21703,NA,N,C,C,A,A,H,-,C,D,0,NA,NA,NA,NA,Y,NA,-,NA,0,0,1,0,0,0,0,0,0,-,-,NA,NA,SAN DIEGO,SAN DIEGO,-117.12041473388672,32.76336669921875
8616070,2018,2018-05-17,3705,2018-05-01,1406,EC0278,NA,2,5,5,3705,0,0,0,NA,0,002,MOLLISON,PARK,232,S,N,B,-,N,NA,NA,NA,NA,NA,NA,NA,NA,NA,Y,4,0,1,2,A,-,09,21801,A,N,D,C,A,A,H,-,A,D,0,NA,NA,NA,NA,Y,NA,A,01,0,0,1,0,0,0,0,0,0,-,-,NA,NA,SAN DIEGO,EL CAJON,-116.95098876953124,32.79756546020508
8616116,2018,2018-05-16,3701,2018-04-19,0723,CB5342,NA,4,5,5,3701,0,0,0,NA,0,004,CARLSBAD VILLAGE DR,TAMARAK AV,6,E,N,A,-,N,NA,NA,NA,NA,NA,NA,NA,NA,NA,N,3,0,1,2,A,-,09,21453,B,N,D,G,A,A,H,-,A,A,0,NA,Y,NA,NA,Y,NA,A,01,0,1,0,0,0,0,1,0,0,-,-,NA,NA,SAN DIEGO,CARLSBAD,-117.30062103271484,33.16726303100586
8617446,2018,2018-05-24,3700,2018-03-25,1849,SH2784,NA,7,5,2,3704,0,0,0,NA,0,294,CAMINO DEL MAR,LA AMATISTA RD,0,NA,Y,A,-,N,NA,NA,NA,NA,NA,NA,NA,NA,NA,Y,2,0,2,2,A,-,09,21801,A,N,D,C,A,A,H,-,B,D,0,NA,NA,Y,NA,Y,NA,A,01,1,0,1,0,0,0,0,0,1,-,-,NA,NA,SAN DIEGO,DEL MAR,-117.26181030273438,32.95016098022461
8618479,2018,2018-05-29,3711,2018-05-02,0945,7273,NA,3,5,7,3711,0,0,0,NA,0,436,SKYLINE DR,SIENA ST,210,W,N,A,B,N,NA,NA,NA,NA,NA,NA,NA,NA,NA,NA,4,0,4,2,A,-,09,21804,A,N,C,C,A,A,H,-,A,D,0,NA,NA,NA,NA,Y,NA,A,01,0,0,4,0,0,0,0,0,0,-,-,NA,NA,SAN DIEGO,SAN DIEGO,-117.03753662109376,32.703067779541016
8618673,2018,2018-06-28,3708,2018-03-20,1814,LM1158,NA,2,5,5,3708,0,0,0,NA,0,001,MASSACHUSETTS AV,WAITE DR,60,S,N,A,-,N,NA,NA,NA,NA,NA,NA,NA,NA,NA,Y,4,0,1,3,A,-,03,22350,NA,N,C,C,A,A,H,-,A,A,0,NA,NA,NA,NA,Y,NA,A,01,0,0,1,0,0,0,0,0,0,-,-,NA,NA,SAN DIEGO,LA MESA,-117.04279327392578,32.74607467651367
8619190,2018,2018-06-08,3711,2018-05-07,0621,7042,NA,1,5,7,3711,0,0,0,NA,0,622,PACIFIC HWY,PACIFIC HWY 4800,38,E,N,A,-,N,NA,NA,NA,NA,NA,NA,NA,NA,NA,Y,4,0,1,2,A,-,08,22107,NA,N,B,G,A,A,H,-,A,D,0,NA,Y,NA,NA,Y,NA,L,04,0,0,1,0,0,0,1,0,0,-,-,NA,NA,SAN DIEGO,SAN DIEGO,NA,NA
8620668,2018,2018-05-18,3700,2018-04-28,0442,SH1725,NA,6,5,5,3712,0,0,0,NA,0,357,EAST MISSION RD,FALCON PL,21,E,N,A,-,N,NA,NA,NA,NA,NA,NA,NA,NA,NA,Y,4,0,1,1,A,-,03,22350,NA,N,E,I,A,A,H,-,C,D,0,NA,NA,NA,NA,Y,NA,A,01,0,0,1,0,0,0,0,0,0,-,-,NA,NA,SAN DIEGO,SAN MARCOS,-117.15354919433594,33.144004821777344
8621352,2018,2018-05-25,3711,2018-05-05,2235,7435,NA,6,5,7,3711,0,0,0,NA,0,122,GARNET AV,FOGG ST,0,NA,Y,A,-,N,NA,NA,NA,NA,NA,NA,NA,NA,NA,Y,3,0,1,3,A,-,09,21801,A,N,D,C,A,-,H,-,C,A,0,NA,NA,NA,NA,Y,NA,-,NA,0,1,0,0,0,0,0,0,0,-,-,NA,NA,SAN DIEGO,SAN DIEGO,-117.2260971069336,32.80324172973633
8621453,2018,2018-05-29,3711,2018-05-09,1721,7474,N2,3,5,7,3711,0,0,0,NA,0,115,GENESEE AV,SCRIPPS  HOSPITAL DRWY,300,S,N,A,-,N,NA,NA,NA,NA,NA,NA,NA,NA,NA,Y,4,0,1,2,A,-,04,21703,NA,N,C,C,A,A,H,-,A,D,0,NA,NA,NA,NA,Y,NA,-,-,0,0,1,0,0,0,0,0,0,-,-,NA,NA,SAN DIEGO,SAN DIEGO,-117.22192436,32.88381737
8622794,2018,2018-06-01,3705,2018-05-01,1808,EC0359,NA,2,5,5,3705,0,0,0,NA,0,001,PALM AV,MILLAR AV,0,NA,Y,B,-,N,NA,NA,NA,NA,NA,NA,NA,NA,NA,Y,3,0,3,3,A,-,09,21802,A,N,D,C,A,A,H,-,B,D,0,NA,NA,NA,NA,Y,NA,A,01,0,1,2,0,0,0,0,0,0,-,-,NA,NA,SAN DIEGO,EL CAJON,-116.97437286376952,32.79132843017578
8624048,2018,2018-05-22,3700,2018-03-30,1202,SH2581,NA,5,5,5,3782,0,0,0,NA,0,214,LEUCADIA BL,HYGEIA AV,0,NA,Y,A,-,N,NA,NA,NA,NA,NA,NA,NA,NA,NA,N,4,0,2,2,A,-,09,21800,B,N,B,C,A,A,H,-,A,A,0,NA,NA,NA,NA,Y,NA,-,-,0,0,2,0,0,0,0,0,0,-,-,NA,NA,SAN DIEGO,ENCINITAS,-117.29843139648438,33.0649299621582
8624246,2018,2018-05-30,3705,2018-04-27,1432,EC0337,NA,5,5,5,3705,0,0,0,NA,0,004,S MAGNOLIA,LINDELL,35,S,N,A,-,N,NA,NA,NA,NA,NA,NA,NA,NA,NA,Y,4,0,1,2,A,-,03,22350,NA,F,C,C,A,A,H,-,A,D,0,NA,NA,NA,NA,Y,NA,-,99,0,0,1,0,0,0,0,0,0,-,-,NA,NA,SAN DIEGO,EL CAJON,-116.96231079101563,32.78572463989258