CASE_ID,ACCIDENT_YEAR,PROC_DATE,JURIS,COLLISION_DATE,COLLISION_TIME,OFFICER_ID,REPORTING_DISTRICT,DAY_OF_WEEK,CHP_SHIFT,POPULATION,CNTY_CITY_LOC,SPECIAL_COND,BEAT_TYPE,CHP_BEAT_TYPE,CITY_DIVISION_LAPD,CHP_BEAT_CLASS,BEAT_NUMBER,PRIMARY_RD,SECONDARY_RD,DISTANCE,DIRECTION,INTERSECTION,WEATHER_1,WEATHER_2,STATE_HWY_IND,CALTRANS_COUNTY,CALTRANS_DISTRICT,STATE_ROUTE,ROUTE_SUFFIX,POSTMILE_PREFIX,POSTMILE,LOCATION_TYPE,RAMP_INTERSECTION,SIDE_OF_HWY,TOW_AWAY,COLLISION_SEVERITY,NUMBER_KILLED,NUMBER_INJURED,PARTY_COUNT,PRIMARY_COLL_FACTOR,PCF_CODE_OF_VIOL,PCF_VIOL_CATEGORY,PCF_VIOLATION,PCF_VIOL_SUBSECTION,HIT_AND_RUN,TYPE_OF_COLLISION,MVIW,PED_ACTION,ROAD_SURFACE,ROAD_COND_1,ROAD_COND_2,LIGHTING,CONTROL_DEVICE,CHP_ROAD_TYPE,PEDESTRIAN_ACCIDENT,BICYCLE_ACCIDENT,MOTORCYCLE_ACCIDENT,TRUCK_ACCIDENT,NOT_PRIVATE_PROPERTY,ALCOHOL_INVOLVED,STWD_VEHTYPE_AT_FAULT,CHP_VEHTYPE_AT_FAULT,COUNT_SEVERE_INJ,COUNT_VISIBLE_INJ,COUNT_COMPLAINT_PAIN,COUNT_PED_KILLED,COUNT_PED_INJURED,COUNT_BICYCLIST_KILLED,COUNT_BICYCLIST_INJURED,COUNT_MC_KILLED,COUNT_MC_INJURED,PRIMARY_RAMP,SECONDARY_RAMP,LATITUDE,LONGITUDE,COUNTY,CITY,POINT_X,POINT_Y
8793946,2019,2019-03-19,3711,2019-02-05,1029,8167,NA,2,5,7,3711,0,0,0,NA,0,937,CAMINO DEL SUR,BING CROSBY BL,1320,N,N,C,-,N,NA,NA,NA,NA,NA,NA,NA,NA,NA,Y,2,0,1,1,A,-,03,22350,NA,N,E,I,A,B,H,-,A,D,0,NA,NA,NA,NA,Y,NA,-,NA,1,0,0,0,0,0,0,0,0,-,-,NA,NA,SAN DIEGO,SAN DIEGO,-117.14492034912108,33.02092742919922
8794484,2018,2019-03-27,3700,2018-07-09,0918,SH7790,NA,1,5,5,3781,0,0,0,NA,0,519,PROSPECT AV,MAGNOLIA AV,0,NA,Y,A,-,N,NA,NA,NA,NA,NA,NA,NA,NA,NA,N,4,0,1,2,A,-,03,22350,NA,M,C,C,A,A,H,-,A,A,0,NA,NA,NA,NA,Y,NA,A,01,0,0,1,0,0,0,0,0,0,-,-,NA,NA,SAN DIEGO,SANTEE,-116.96312713623048,32.83103942871094
8794551,2018,2019-03-27,3700,2018-06-02,1603,SH7790,NA,6,5,5,3781,0,0,0,NA,0,511,CUYAMACA ST,MISSION CREEK DR,0,NA,Y,A,-,N,NA,NA,NA,NA,NA,NA,NA,NA,NA,N,4,0,1,2,A,-,10,21950,A,N,G,B,B,A,H,-,A,D,0,Y,NA,NA,NA,Y,NA,D,22,0,0,1,0,1,0,0,0,0,-,-,NA,NA,SAN DIEGO,SANTEE,-116.98348236083984,32.84941101074219
8794942,2019,2019-02-22,3711,2019-01-27,0145,7245,NA,7,5,7,3711,0,0,0,NA,0,122,MISSION BL,THOMAS AV,0,NA,Y,A,-,N,NA,NA,NA,NA,NA,NA,NA,NA,NA,N,4,0,1,2,A,-,10,21950,A,N,G,B,B,A,H,-,C,A,0,Y,NA,NA,NA,Y,Y,A,01,0,0,1,0,1,0,0,0,0,-,-,NA,NA,SAN DIEGO,SAN DIEGO,-117.2545928955078,32.79362869262695
8795215,2019,2019-02-12,3705,2019-01-02,0851,EC0337,NA,3,5,5,3705,0,0,0,NA,0,003,GREENFIELD DR,E MAIN,145,W,N,A,-,N,NA,NA,NA,NA,NA,NA,NA,NA,NA,N,3,0,1,2,A,-,05,21202,A,N,D,G,A,A,H,-,A,D,0,NA,Y,NA,NA,Y,NA,L,04,0,1,0,0,0,0,1,0,0,-,-,NA,NA,SAN DIEGO,EL CAJON,-116.91897583007813,32.81248092651367
8796637,2018,2019-03-06,3708,2018-12-14,1427,LM8263,NA,5,5,5,3708,0,0,0,NA,0,001,UNIVERSITY AV,LOWELL ST,0,NA,Y,A,-,N,NA,NA,NA,NA,NA,NA,NA,NA,NA,Y,4,0,1,3,A,-,03,22350,NA,N,C,C,A,A,D,-,A,A,0,NA,NA,NA,NA,Y,NA,A,01,0,0,1,0,0,0,0,0,0,-,-,NA,NA,SAN DIEGO,LA MESA,-117.0372314453125,32.7578010559082
8796698,2019,2019-03-05,3711,2019-01-29,1540,668/4,NA,2,5,7,3711,0,0,0,NA,0,315,CAMINO DEL RIO N,AUTO CIR,156,W,N,A,-,N,NA,NA,NA,NA,NA,NA,NA,NA,NA,Y,3,0,1,1,A,-,08,22107,NA,N,E,I,A,A,H,-,A,D,0,NA,NA,NA,NA,Y,NA,-,NA,0,1,0,0,0,0,0,0,0,-,-,NA,NA,SAN DIEGO,SAN DIEGO,-117.1537857055664,32.76667404174805
8797213,2019,2019-02-25,3701,2019-02-04,1631,CB5497,3701,1,5,5,3701,0,0,0,NA,0,005,EAGLE DR,GREY HAWK CT,0,NA,Y,A,C,N,NA,NA,NA,NA,NA,NA,NA,NA,NA,NA,4,0,1,2,A,-,09,21801,A,N,D,C,A,B,H,-,A,D,0,NA,NA,NA,NA,Y,NA,-,NA,0,0,1,0,0,0,0,0,0,-,-,NA,NA,SAN DIEGO,CARLSBAD,-117.23861694335938,33.13003158569336
8797224,2018,2019-02-15,3701,2018-12-08,1618,CB5514,3701,6,5,5,3701,0,0,0,NA,0,006,MELROSE DR,PALOMAR AIRPORT RD,123,N,N,A,-,N,NA,NA,NA,NA,NA,NA,NA,NA,NA,N,4,0,1,2,A,-,04,21703,NA,N,C,C,A,A,H,-,A,A,0,NA,NA,NA,NA,Y,NA,A,07,0,0,1,0,0,0,0,0,0,-,-,NA,NA,SAN DIEGO,CARLSBAD,-117.24543762207033,33.13043212890625
8799162,2018,2019-02-19,3700,2018-07-11,1943,SH3095,NA,3,5,5,3781,0,0,0,NA,0,520,WOODSIDE AV,NORTHCOTE RD,0,NA,Y,A,-,N,NA,NA,NA,NA,NA,NA,NA,NA,NA,Y,4,0,2,3,A,-,09,21801,A,N,D,C,A,A,H,-,B,D,0,NA,NA,NA,NA,Y,NA,A,01,0,0,2,0,0,0,0,0,0,-,-,NA,NA,SAN DIEGO,SANTEE,-116.95571899414063,32.84696960449219
8799196,2018,2019-02-26,3700,2018-06-19,1149,SH5794,NA,2,5,5,3781,0,0,0,NA,0,518,MISSION GORGE RD,CUYAMACA ST,0,NA,Y,A,-,N,NA,NA,NA,NA,NA,NA,NA,NA,NA,Y,3,0,2,2,A,-,09,21453,C,N,D,C,A,A,H,-,A,A,0,NA,NA,NA,NA,Y,NA,A,01,0,1,1,0,0,0,0,0,0,-,-,NA,NA,SAN DIEGO,SANTEE,-116.98387908935548,32.83876037597656
8800076,2019,2019-02-19,3705,2019-01-03,1935,0319,NA,4,5,5,3705,0,0,0,NA,0,003,DEHESA RD,GRANITE HILLS DR,0,NA,Y,A,-,N,NA,NA,NA,NA,NA,NA,NA,NA,NA,N,4,0,1,2,A,-,08,22107,NA,F,B,C,A,A,H,-,C,A,0,NA,NA,Y,NA,Y,Y,-,NA,0,0,1,0,0,0,0,0,1,-,-,NA,NA,SAN DIEGO,EL CAJON,-116.9177703857422,32.78757858276367
8800118,2019,2019-02-14,3711,2019-01-21,1907,8861,NA,1,5,7,3711,0,0,0,NA,0,512,OCEAN VIEW WY,SOUTH 32ND ST,18,W,N,A,-,N,NA,NA,NA,NA,NA,NA,NA,NA,NA,N,3,0,1,2,A,-,12,21453,A,N,B,C,A,A,H,-,C,A,0,NA,NA,NA,NA,Y,NA,A,01,0,1,0,0,0,0,0,0,0,-,-,NA,NA,SAN DIEGO,SAN DIEGO,-117.12525177001952,32.70119094848633
8800158,2019,2019-02-15,3711,2019-01-18,1630,4203,NA,5,5,7,3711,0,0,0,NA,0,243,MIRAMAR RD,CABOT DR,0,NA,Y,B,-,N,NA,NA,NA,NA,NA,NA,NA,NA,NA,Y,3,0,4,3,A,-,12,21453,A,N,-,C,A,A,H,-,A,A,0,NA,NA,NA,NA,Y,NA,-,NA,0,4,0,0,0,0,0,0,0,-,-,NA,NA,SAN DIEGO,SAN DIEGO,-117.1427764892578,32.8897819519043
8800306,2018,2019-02-22,3700,2018-08-22,0753,SH5476,NA,3,5,4,3707,0,0,0,NA,0,702,CYPRESS AV,ALLEY,3,W,N,A,-,N,NA,NA,NA,NA,NA,NA,NA,NA,NA,N,4,0,1,2,A,-,09,21804,A,N,-,C,A,A,H,-,A,D,0,NA,NA,NA,NA,Y,NA,A,01,0,0,1,0,0,0,0,0,0,-,-,NA,NA,SAN DIEGO,IMPERIAL BEACH,NA,NA
8800382,2019,2019-02-19,3711,2019-01-21,1640,7836,NA,1,5,7,3711,0,0,0,NA,0,832,FAIRMONT AV,POLK AV,181,S,N,A,-,N,NA,NA,NA,NA,NA,NA,NA,NA,NA,N,3,0,1,2,A,-,05,21650,1,N,D,G,A,A,H,-,A,D,0,NA,Y,NA,NA,Y,NA,L,04,0,1,0,0,0,0,1,0,0,-,-,NA,NA,SAN DIEGO,SAN DIEGO,-117.10089111328124,32.75091552734375
8800476,2019,2019-02-26,3702,2019-01-19,1300,CV0767,NA,6,5,6,3702,0,0,0,NA,0,023,OLYMPIC PKWY,BRANDYWINE AV,236,W,N,A,-,N,NA,NA,NA,NA,NA,NA,NA,NA,NA,N,4,0,1,2,A,-,03,22350,NA,F,C,C,A,A,H,-,A,A,0,NA,NA,NA,NA,Y,NA,D,22,0,0,1,0,0,0,0,0,0,-,-,NA,NA,SAN DIEGO,CHULA VISTA,-117.02872467041016,32.60811996459961
8800741,2019,2019-02-26,3702,2019-01-05,1640,CV1246,NA,6,5,6,3702,0,0,0,NA,0,014,H ST,1ST AV,0,NA,Y,C,-,N,NA,NA,NA,NA,NA,NA,NA,NA,NA,Y,4,0,3,4,A,-,12,21453,A,N,D,C,A,B,H,-,B,A,0,NA,NA,NA,NA,Y,NA,D,22,0,0,3,0,0,0,0,0,0,-,-,NA,NA,SAN DIEGO,CHULA VISTA,-117.06905364990234,32.63669967651367
8800916,2018,2019-02-22,3702,2018-12-27,1920,CV1113,NA,4,5,6,3702,0,0,0,NA,0,022,HILLTOP DR,NAPLES ST,150,S,N,A,-,N,NA,NA,NA,NA,NA,NA,NA,NA,NA,N,3,0,1,2,A,-,03,22350,NA,F,C,C,A,A,H,-,D,D,0,NA,NA,NA,NA,Y,NA,-,99,0,1,0,0,0,0,0,0,0,-,-,NA,NA,SAN DIEGO,CHULA VISTA,-117.05671691894533,32.61669158935547
8801073,2019,2019-02-21,3701,2019-01-14,1833,CB5521,NA,1,5,5,3701,0,0,0,NA,0,005,CANNON RD,FROST AV,50,E,N,A,-,N,NA,NA,NA,NA,NA,NA,NA,NA,NA,Y,3,0,1,2,A,-,08,22107,NA,N,B,C,A,A,H,-,C,D,0,NA,NA,NA,NA,Y,NA,A,01,0,1,0,0,0,0,0,0,0,-,-,NA,NA,SAN DIEGO,CARLSBAD,-117.30012512207033,33.147159576416016
8801137,2019,2019-02-22,3711,2019-01-25,1910,4310,NA,5,5,7,3711,0,0,0,NA,0,523,F ST,4TH AV,0,NA,Y,A,-,N,NA,NA,NA,NA,NA,NA,NA,NA,NA,Y,2,0,3,3,A,-,03,22350,NA,F,G,B,B,A,H,-,C,A,0,Y,NA,Y,NA,Y,Y,C,02,2,1,0,0,2,0,0,0,1,-,-,NA,NA,SAN DIEGO,SAN DIEGO,-117.16105651855467,32.7136116027832
8802653,2019,2019-02-25,3706,2019-01-29,2346,487,ESCON,2,5,6,3706,0,0,0,NA,0,056,CITRUS AV,DARROW GLEN,128,S,N,C,-,N,NA,NA,NA,NA,NA,NA,NA,NA,NA,Y,3,0,2,2,A,-,03,22350,NA,N,H,E,A,B,H,-,D,D,0,NA,NA,NA,Y,Y,NA,A,01,0,2,0,0,0,0,0,0,0,-,-,33.12479019165039,-117.03955078125,SAN DIEGO,ESCONDIDO,-117.03951263427734,33.12443542480469
8802783,2019,2019-02-22,3711,2019-02-01,2113,8672,NA,5,5,7,3711,0,0,0,NA,0,614,VOLTARE ST,FROUDE ST,0,NA,Y,B,-,N,NA,NA,NA,NA,NA,NA,NA,NA,NA,N,3,0,1,2,A,-,10,21950,A,N,G,B,B,B,H,-,C,D,0,Y,NA,NA,NA,Y,NA,-,-,0,1,0,0,1,0,0,0,0,-,-,NA,NA,SAN DIEGO,SAN DIEGO,-117.2397232055664,32.747718811035156
8803135,2019,2019-02-26,3700,2019-01-29,1832,SH7275,NA,2,5,5,3713,0,0,0,NA,0,307,CRESCENT DR,CRESCENT LN,0,NA,Y,A,-,N,NA,NA,NA,NA,NA,NA,NA,NA,NA,N,3,0,1,2,A,-,10,21950,A,N,G,B,E,A,H,-,D,D,0,Y,NA,NA,NA,Y,NA,A,01,0,1,0,0,1,0,0,0,0,-,-,NA,NA,SAN DIEGO,VISTA,-117.2277374267578,33.19776153564453
8804607,2019,2019-03-06,3705,2019-02-02,1050,EC0219,NA,6,5,5,3705,0,0,0,NA,0,003,E LEXINGTON AV,DICHTER ST,14,E,N,B,-,N,NA,NA,NA,NA,NA,NA,NA,NA,NA,Y,3,0,2,2,A,-,09,21802,A,N,D,C,A,A,H,-,A,A,0,NA,NA,NA,NA,Y,NA,A,01,0,1,1,0,0,0,0,0,0,-,-,NA,NA,SAN DIEGO,EL CAJON,-116.92456817626952,32.792701721191406
8807607,2019,2019-02-28,3700,2019-01-05,1345,SH0141,NA,6,5,5,3712,0,0,0,NA,0,350,WEST SAN MARCOS BL,TIGER WY,0,NA,Y,C,-,N,NA,NA,NA,NA,NA,NA,NA,NA,NA,Y,4,0,2,2,D,-,00,NA,NA,N,D,C,A,B,H,-,A,A,0,NA,NA,NA,NA,Y,NA,-,-,0,0,2,0,0,0,0,0,0,-,-,NA,NA,SAN DIEGO,SAN MARCOS,-117.16719818115234,33.140411376953125
8808002,2018,2020-05-22,3700,2018-10-01,0545,SH2659,NA,1,5,5,3712,0,0,0,NA,0,352,NORTH TWIN OAKS VALLEY DR,EQUESTRIAN CT,2,N,N,A,-,N,NA,NA,NA,NA,NA,NA,NA,NA,NA,Y,1,1,2,2,A,-,03,22350,NA,N,D,C,A,A,H,-,D,D,0,NA,NA,Y,NA,Y,NA,C,02,0,1,1,0,0,0,0,1,1,-,-,NA,NA,SAN DIEGO,SAN MARCOS,-117.15546417236328,33.18367385864258
8808397,2019,2019-07-31,3700,2019-04-15,2020,SH0690,NA,1,5,5,3712,0,0,0,NA,0,355,SMILAX RD,SMILAX RD 300BLK,0,NA,N,B,-,N,NA,NA,NA,NA,NA,NA,NA,NA,NA,N,1,1,0,2,D,-,00,NA,NA,F,G,B,D,A,H,-,C,D,0,Y,NA,NA,NA,Y,NA,-,-,0,0,0,1,0,0,0,0,0,-,-,NA,NA,SAN DIEGO,SAN MARCOS,-117.20729,33.157457
8808433,2018,2019-08-23,3702,2018-12-22,0354,CV0991,NA,6,5,6,3702,0,0,0,NA,0,023,3RD AV,QUINTARD ST,44,S,N,A,-,N,NA,NA,NA,NA,NA,NA,NA,NA,NA,Y,1,1,0,2,A,-,01,21221,5,N,D,C,E,A,H,-,C,D,0,Y,NA,NA,NA,Y,NA,N,60,0,0,0,1,0,0,0,0,0,-,-,NA,NA,SAN DIEGO,CHULA VISTA,-117.06499481201172,32.603206634521484
8811359,2018,2019-03-25,3700,2018-12-06,1704,SH2573,NA,4,5,5,3782,0,0,0,NA,0,241,BIRMINGHAM DR,NEWCASTLE AV,40,E,N,C,-,N,NA,NA,NA,NA,NA,NA,NA,NA,NA,Y,3,0,2,2,A,-,01,23152,B,N,-,C,A,B,H,-,C,A,0,NA,NA,NA,NA,Y,Y,A,01,0,1,1,0,0,0,0,0,0,-,-,NA,NA,SAN DIEGO,ENCINITAS,-117.28243255615234,33.023216247558594
8812500,2019,2019-03-25,3700,2019-03-02,1710,SH0817,NA,6,5,5,3712,0,0,0,NA,0,355,SOUTH RANCHO SANTA FE RD,LINDA VISTA DR,70,N,N,B,-,N,NA,NA,NA,NA,NA,NA,NA,NA,NA,Y,4,0,1,2,D,-,00,NA,NA,F,C,C,A,B,H,-,A,A,0,NA,NA,NA,NA,Y,NA,-,-,0,0,1,0,0,0,0,0,0,-,-,NA,NA,SAN DIEGO,SAN MARCOS,-117.2032470703125,33.14048767089844
8813500,2019,2019-03-12,3706,2019-02-19,0811,524,ESCON,2,5,6,3706,0,0,0,NA,0,052,ESCONDIDO BL,3RD AV,107,S,N,A,-,N,NA,NA,NA,NA,NA,NA,NA,NA,NA,N,4,0,1,2,A,-,08,22102,NA,N,D,C,A,A,H,-,A,D,0,NA,NA,NA,NA,Y,NA,A,01,0,0,1,0,0,0,0,0,0,-,-,33.11851119995117,-117.08289337158205,SAN DIEGO,ESCONDIDO,-117.08271026611328,33.11821746826172
8814551,2019,2019-03-08,3710,2019-02-07,0712,OC1463,NA,4,5,6,3710,0,0,0,NA,0,006,RANCHO DEL ORO DR,VISTA DEL ORO DR,28,N,N,A,-,N,NA,NA,NA,NA,NA,NA,NA,NA,NA,N,4,0,1,2,A,-,08,22107,NA,N,H,G,A,A,H,-,A,A,0,NA,Y,NA,NA,Y,NA,L,04,0,0,1,0,0,0,1,0,0,-,-,33.197208404541016,-117.30924987792967,SAN DIEGO,OCEANSIDE,-117.30908203125,33.197265625
8817267,2019,2019-05-22,3700,2019-01-09,1022,SH2573,NA,3,5,5,3782,0,0,0,NA,0,210,RT 101,LEUCADIA BL,160,S,N,A,-,N,NA,NA,NA,NA,NA,NA,NA,NA,NA,N,3,0,1,2,A,-,17,22517,NA,N,H,G,A,A,H,-,A,D,0,NA,Y,NA,NA,Y,NA,A,01,0,1,0,0,0,0,1,0,0,-,-,NA,NA,SAN DIEGO,ENCINITAS,-117.30220794677734,33.064048767089844
8818379,2019,2019-03-25,3711,2019-02-24,2338,7124,NA,7,5,7,3711,0,0,0,NA,0,432,EUCLID AV,NARANJA ST,0,NA,Y,A,-,N,NA,NA,NA,NA,NA,NA,NA,NA,NA,Y,4,0,1,2,A,-,04,21703,NA,M,C,C,A,A,H,-,C,A,0,NA,NA,NA,NA,Y,NA,-,NA,0,0,1,0,0,0,0,0,0,-,-,NA,NA,SAN DIEGO,SAN DIEGO,-117.08503723144533,32.7086296081543
8819695,2019,2019-03-18,3711,2019-02-27,2120,5105,NA,3,5,7,3711,0,0,0,NA,0,246,SCRIPPS POWAY PKWY,VILLAGE RIDGE RD,0,NA,Y,A,-,N,NA,NA,NA,NA,NA,NA,NA,NA,NA,Y,4,0,1,2,A,-,12,21453,A,N,D,C,A,A,H,-,C,A,0,NA,NA,NA,NA,Y,NA,A,07,0,0,1,0,0,0,0,0,0,-,-,NA,NA,SAN DIEGO,SAN DIEGO,-117.08896636962892,32.934959411621094
8819882,2018,2019-04-04,3700,2018-09-06,1414,SH3309,NA,4,5,5,3781,0,0,0,NA,0,513,TOWN CENTER PKWY,TOWN CENTER PKWY 101,0,NA,-,A,-,N,NA,NA,NA,NA,NA,NA,NA,NA,NA,N,4,0,1,2,A,-,09,21801,A,N,D,C,A,A,H,-,A,D,0,NA,NA,NA,NA,Y,NA,A,01,0,0,1,0,0,0,0,0,0,-,-,NA,NA,SAN DIEGO,SANTEE,-116.988745,32.84066
8820359,2019,2019-03-22,3711,2019-03-08,1101,SD6677,NA,5,5,7,3711,0,0,0,NA,0,313,RUFFNER ST,CLAIREMONT MESA BL,0,NA,Y,B,-,N,NA,NA,NA,NA,NA,NA,NA,NA,NA,N,4,0,1,2,A,-,09,21804,A,N,A,C,A,A,H,-,A,D,0,NA,NA,NA,NA,Y,NA,A,01,0,0,1,0,0,0,0,0,0,-,-,NA,NA,SAN DIEGO,SAN DIEGO,-117.15921783447266,32.832698822021484
8820987,2019,2019-03-22,3700,2019-03-08,0531,SH3079,NA,5,5,5,3713,0,0,0,NA,0,306,EAST BOBIER DR,ANZA AV,0,NA,Y,B,-,N,NA,NA,NA,NA,NA,NA,NA,NA,NA,Y,4,0,1,2,A,-,12,21453,A,N,D,C,A,B,H,-,D,A,0,NA,NA,NA,NA,Y,NA,A,01,0,0,1,0,0,0,0,0,0,-,-,NA,NA,SAN DIEGO,VISTA,-117.23422241210938,33.219268798828125
8821319,2019,2019-03-22,3711,2019-03-02,1814,7231,3711,6,5,7,3711,0,0,0,NA,0,451,STREAMVIEW DR,BOREN ST,9,E,N,A,-,N,NA,NA,NA,NA,NA,NA,NA,NA,NA,N,4,0,1,2,A,-,09,21802,A,M,D,C,A,A,H,-,C,-,0,NA,NA,NA,NA,Y,NA,-,NA,0,0,1,0,0,0,0,0,0,-,-,NA,NA,SAN DIEGO,SAN DIEGO,-117.05947875976563,32.74472427368164
8821979,2018,2019-03-27,3706,2018-12-30,0842,470,ESCON,7,5,6,3706,0,0,0,NA,0,044,HARDING ST,WASHINGTON AV,0,NA,Y,A,-,N,NA,NA,NA,NA,NA,NA,NA,NA,NA,N,4,0,1,1,C,-,18,NA,NA,N,F,A,A,A,H,-,A,A,0,NA,NA,Y,NA,Y,NA,-,-,0,0,1,0,0,0,0,0,1,-,-,33.13447189331055,-117.06568145751952,SAN DIEGO,ESCONDIDO,-117.06568908691406,33.134429931640625
8822052,2019,2019-04-11,3706,2019-03-14,1400,380,ESCON,4,5,6,3706,0,0,0,NA,0,053,GAMBLE LN,FELICITA RD,570,W,N,A,-,N,NA,NA,NA,NA,NA,NA,NA,NA,NA,N,3,0,1,1,A,-,01,23152,A,N,E,I,A,A,H,-,A,D,0,NA,NA,NA,NA,Y,Y,D,22,0,1,0,0,0,0,0,0,0,-,-,NA,NA,SAN DIEGO,ESCONDIDO,-117.08614349365234,33.093101501464844
8822068,2019,2019-05-14,3706,2019-03-13,1605,223,ESCON,3,5,6,3706,0,0,0,NA,0,052,ESCONDIDO BL,6TH AV,0,NA,Y,A,-,N,NA,NA,NA,NA,NA,NA,NA,NA,NA,N,4,0,1,3,A,-,01,23152,A,N,A,D,A,A,H,-,A,D,0,NA,NA,NA,NA,Y,Y,D,22,0,0,1,0,0,0,0,0,0,-,-,NA,NA,SAN DIEGO,ESCONDIDO,-117.08099365234376,33.115779876708984
8822269,2019,2019-08-22,3706,2019-02-04,1145,342,ESCON,1,5,6,3706,0,0,0,NA,0,042,WASHINGTON AV,ASH ST,0,NA,Y,B,-,Y,SD,11,78,-,T,19.094,I,5,W,N,4,0,3,3,A,-,12,21453,A,N,D,C,A,B,H,-,A,A,0,NA,NA,NA,NA,Y,NA,D,22,0,0,3,0,0,0,0,0,0,-,-,33.13309097290039,-117.06803894042967,SAN DIEGO,ESCONDIDO,-117.06797790527344,33.133113861083984
8822290,2019,2019-05-22,3706,2019-02-27,1125,453,ESCON,3,5,6,3706,0,0,0,NA,0,043,CENTRE CITY PKWY,DECATUR WY,310,N,N,A,-,N,NA,NA,NA,NA,NA,NA,NA,NA,NA,NA,4,0,1,2,A,-,03,22350,NA,M,C,C,A,A,H,-,A,A,0,NA,NA,NA,NA,Y,Y,A,01,0,0,1,0,0,0,0,0,0,-,-,NA,NA,SAN DIEGO,ESCONDIDO,-117.09342193603516,33.136287689208984
8823918,2019,2019-03-25,3711,2019-03-01,1113,7798,NA,5,5,7,3711,0,0,0,NA,0,541,IMPERIAL AV,14TH ST,0,NA,Y,A,-,N,NA,NA,NA,NA,NA,NA,NA,NA,NA,N,3,0,1,2,A,-,09,21804,A,M,D,C,A,A,H,-,A,A,0,NA,NA,NA,NA,Y,NA,-,NA,0,1,0,0,0,0,0,0,0,-,-,NA,NA,SAN DIEGO,SAN DIEGO,-117.1518783569336,32.70627975463867
8825406,2019,2019-03-29,3702,2019-03-05,1530,CV1141,NA,2,5,6,3702,0,0,0,NA,0,022,3RD AV,NAPLES ST,0,NA,Y,A,-,N,NA,NA,NA,NA,NA,NA,NA,NA,NA,Y,4,0,2,2,A,-,12,21453,A,N,A,C,A,A,H,-,A,A,0,NA,NA,NA,NA,Y,NA,A,01,0,0,2,0,0,0,0,0,0,-,-,NA,NA,SAN DIEGO,CHULA VISTA,-117.069091796875,32.61368179321289
8827069,2019,2019-04-02,3700,2019-03-20,0048,SH0690,NA,3,5,5,3712,0,0,0,NA,0,357,ENTERPRISE ST,TRADE ST,235,W,N,A,-,N,NA,NA,NA,NA,NA,NA,NA,NA,NA,Y,3,0,1,1,A,-,03,22350,NA,N,E,I,A,A,H,-,C,B,0,NA,NA,NA,NA,Y,NA,A,01,0,1,0,0,0,0,0,0,0,-,-,NA,NA,SAN DIEGO,SAN MARCOS,-117.15670776367188,33.13650131225586
8827135,2019,2019-03-29,3711,2019-03-18,2335,SD7233,NA,1,5,7,3711,0,0,0,NA,0,432,IMPERIAL AV,53RD ST,281,W,N,A,-,N,NA,NA,NA,NA,NA,NA,NA,NA,NA,Y,3,0,1,3,A,-,08,22107,NA,N,B,E,A,A,H,-,C,D,0,NA,NA,NA,NA,Y,Y,A,01,0,1,0,0,0,0,0,0,0,-,-,NA,NA,SAN DIEGO,SAN DIEGO,-117.08158111572266,32.70635223388672
8827147,2019,2019-03-29,3711,2019-03-13,1909,6799,NA,3,5,7,3711,0,0,0,NA,0,116,UTE DR,VISTA DE LA BAHIA,0,NA,Y,A,-,N,NA,NA,NA,NA,NA,NA,NA,NA,NA,Y,3,0,2,2,A,-,03,22350,NA,N,A,C,A,A,H,-,B,D,0,NA,NA,NA,NA,Y,NA,-,NA,0,2,0,0,0,0,0,0,0,-,-,NA,NA,SAN DIEGO,SAN DIEGO,-117.20587921142578,32.80649948120117
8827158,2019,2019-03-27,3701,2019-03-13,0116,CB5522,066,3,5,5,3701,0,0,0,NA,0,002,PASEO DEL NORTE,CAR COUNTRY DR,285,N,N,B,C,N,NA,NA,NA,NA,NA,NA,NA,NA,NA,NA,3,0,1,1,A,-,01,23152,A,N,E,I,A,B,H,-,C,D,0,NA,NA,NA,NA,Y,Y,A,01,0,1,0,0,0,0,0,0,0,-,-,NA,NA,SAN DIEGO,CARLSBAD,-117.3238525390625,33.12839126586914
8827370,2019,2019-04-03,3700,2019-02-05,2048,SH3913,NA,2,5,5,3712,0,0,0,NA,0,351,W BORDEN RD,COMET CIRCLE,0,NA,Y,B,-,N,NA,NA,NA,NA,NA,NA,NA,NA,NA,N,2,0,1,2,A,-,11,21954,A,F,G,B,D,B,H,-,C,A,0,Y,NA,NA,NA,Y,NA,N,60,1,0,0,0,1,0,0,0,0,-,-,NA,NA,SAN DIEGO,SAN MARCOS,-117.17603,33.15352
8827426,2019,2019-04-03,3702,2019-02-08,0542,CV1087,NA,5,5,6,3702,0,0,0,NA,0,013,H ST,3RD AV,525,N,N,A,-,N,NA,NA,NA,NA,NA,NA,NA,NA,NA,Y,3,0,1,2,A,-,09,21804,A,N,D,C,A,A,H,-,C,D,0,NA,NA,Y,NA,Y,NA,C,02,0,1,0,0,0,0,0,0,1,-,-,NA,NA,SAN DIEGO,CHULA VISTA,-117.07561492919922,32.634857177734375
8827438,2019,2019-04-03,3702,2019-02-17,1236,CV1237,NA,7,5,6,3702,0,0,0,NA,0,012,H ST,BROADWAY AV,480,W,N,A,-,N,NA,NA,NA,NA,NA,NA,NA,NA,NA,Y,4,0,4,2,A,-,09,21804,A,N,D,C,A,A,H,-,A,D,0,NA,NA,NA,NA,Y,NA,A,07,0,0,4,0,0,0,0,0,0,-,-,NA,NA,SAN DIEGO,CHULA VISTA,-117.09093475341795,32.630550384521484
8828723,2019,2019-04-11,3703,2019-03-19,1000,1270,NA,2,5,3,3703,0,0,0,NA,0,002,5TH ST,D AV,76,E,N,A,-,N,NA,NA,NA,NA,NA,NA,NA,NA,NA,Y,4,0,3,2,A,-,09,21804,A,N,B,C,A,A,H,-,A,D,0,NA,NA,NA,NA,Y,NA,A,01,0,0,3,0,0,0,0,0,0,-,-,NA,NA,SAN DIEGO,CORONADO,-117.17662811279295,32.69343566894531