CASE_ID,ACCIDENT_YEAR,PROC_DATE,JURIS,COLLISION_DATE,COLLISION_TIME,OFFICER_ID,REPORTING_DISTRICT,DAY_OF_WEEK,CHP_SHIFT,POPULATION,CNTY_CITY_LOC,SPECIAL_COND,BEAT_TYPE,CHP_BEAT_TYPE,CITY_DIVISION_LAPD,CHP_BEAT_CLASS,BEAT_NUMBER,PRIMARY_RD,SECONDARY_RD,DISTANCE,DIRECTION,INTERSECTION,WEATHER_1,WEATHER_2,STATE_HWY_IND,CALTRANS_COUNTY,CALTRANS_DISTRICT,STATE_ROUTE,ROUTE_SUFFIX,POSTMILE_PREFIX,POSTMILE,LOCATION_TYPE,RAMP_INTERSECTION,SIDE_OF_HWY,TOW_AWAY,COLLISION_SEVERITY,NUMBER_KILLED,NUMBER_INJURED,PARTY_COUNT,PRIMARY_COLL_FACTOR,PCF_CODE_OF_VIOL,PCF_VIOL_CATEGORY,PCF_VIOLATION,PCF_VIOL_SUBSECTION,HIT_AND_RUN,TYPE_OF_COLLISION,MVIW,PED_ACTION,ROAD_SURFACE,ROAD_COND_1,ROAD_COND_2,LIGHTING,CONTROL_DEVICE,CHP_ROAD_TYPE,PEDESTRIAN_ACCIDENT,BICYCLE_ACCIDENT,MOTORCYCLE_ACCIDENT,TRUCK_ACCIDENT,NOT_PRIVATE_PROPERTY,ALCOHOL_INVOLVED,STWD_VEHTYPE_AT_FAULT,CHP_VEHTYPE_AT_FAULT,COUNT_SEVERE_INJ,COUNT_VISIBLE_INJ,COUNT_COMPLAINT_PAIN,COUNT_PED_KILLED,COUNT_PED_INJURED,COUNT_BICYCLIST_KILLED,COUNT_BICYCLIST_INJURED,COUNT_MC_KILLED,COUNT_MC_INJURED,PRIMARY_RAMP,SECONDARY_RAMP,LATITUDE,LONGITUDE,COUNTY,CITY,POINT_X,POINT_Y
90322106,2016,2016-11-17,9650,2016-11-13,1230,016026,NA,7,1,6,3706,0,1,1,NA,2,023,I-15 N/B,VALLEY PARKWAY,400,S,N,A,-,Y,NA,NA,15,NA,NA,NA,NA,NA,N,Y,4,0,1,2,A,-,03,22350,NA,N,C,C,A,A,H,-,A,D,0,NA,NA,NA,NA,Y,NA,A,01,0,0,1,0,0,0,0,0,0,-,-,33.11468,-117.09909,SAN DIEGO,ESCONDIDO,-117.0986012,33.11497328
9032477,2019,2020-02-04,3701,2019-12-14,1057,CB5545,066,6,5,5,3701,0,0,0,NA,0,002,PASEO DEL NORTE,CAR COUNTRY DR,419,N,N,A,-,N,NA,NA,NA,NA,NA,NA,NA,NA,NA,NA,3,0,2,2,A,-,09,21804,A,N,D,C,A,A,H,-,A,A,0,NA,NA,NA,NA,Y,NA,A,01,0,1,1,0,0,0,0,0,0,-,-,NA,NA,SAN DIEGO,CARLSBAD,-117.32408142089844,33.12870407104492
90325000,2016,2016-11-18,9680,2016-11-11,1610,019418,NA,5,2,9,3700,0,3,5,NA,2,002,KENWOOD DR,CAMPO RD,30,S,N,A,-,N,NA,NA,NA,NA,NA,NA,NA,NA,NA,N,3,0,1,2,A,-,08,22107,NA,N,B,C,A,A,H,-,A,A,0,NA,NA,Y,NA,Y,NA,D,22,0,1,0,0,0,0,0,0,1,-,-,32.74784,-116.98843,SAN DIEGO,UNINCORPORATED,-117.00795432,32.75263792
90325146,2016,2016-11-18,9645,2016-11-11,2335,020480,NA,5,3,7,3711,0,1,1,NA,2,011,I-805 S/B,MURRAY RIDGE RD,200,N,N,A,-,Y,NA,NA,NA,NA,NA,NA,NA,NA,NA,N,4,0,1,1,A,-,08,22107,NA,N,E,I,A,A,H,-,C,D,0,NA,NA,NA,NA,Y,NA,A,01,0,0,1,0,0,0,0,0,0,-,-,32.78196,-117.1464,SAN DIEGO,SAN DIEGO,-117.1459044,32.78573245
90328445,2016,2016-11-23,9650,2016-11-07,0735,015758,NA,1,1,5,3701,0,1,1,NA,2,005,I-5 S/B,POINSETTA LN,2176,S,N,A,-,Y,NA,NA,5,NA,NA,NA,NA,NA,S,Y,4,0,1,4,A,-,03,22350,NA,N,C,C,A,A,H,-,A,D,0,NA,NA,NA,NA,Y,NA,A,01,0,0,1,0,0,0,0,0,0,-,-,33.09802,-117.30724,SAN DIEGO,CARLSBAD,-117.30722833,33.09802767
90328581,2016,2016-11-23,9650,2016-11-17,0750,013696,NA,4,1,5,3713,0,1,3,NA,2,017,SR-78 W/B,CIVIC CENTER DR,1056,W,N,A,-,Y,NA,NA,78,NA,NA,NA,NA,NA,W,Y,4,0,1,3,A,-,03,22350,NA,N,C,C,A,A,H,-,A,D,0,NA,NA,NA,NA,Y,NA,A,07,0,0,1,0,0,0,0,0,0,-,-,33.19147,-117.24336,SAN DIEGO,VISTA,-117.24331202,33.19155017
90329358,2016,2016-11-25,9650,2016-11-10,1810,017328,NA,4,2,6,3706,0,1,1,NA,2,023,I-15 N/B,N. HALE AVE. UNDER CROSSING (U/C),600,S,N,A,-,Y,NA,NA,15,NA,NA,NA,NA,NA,N,N,4,0,1,3,A,-,03,22350,NA,N,C,C,A,A,H,-,C,D,0,NA,NA,Y,NA,Y,NA,C,02,0,0,1,0,0,0,0,0,0,-,-,33.11862,-117.10036,SAN DIEGO,ESCONDIDO,-117.10063605,33.11846058
90330294,2016,2016-11-28,9680,2016-11-14,0215,019490,NA,1,3,9,3700,0,3,5,NA,2,001,ASHWOOD ST,WILLOW RD,596,S,N,A,-,N,NA,NA,NA,NA,NA,NA,NA,NA,NA,Y,3,0,2,2,A,-,05,21460,A,N,A,C,A,A,H,-,D,D,0,NA,NA,NA,NA,Y,NA,A,07,0,1,1,0,0,0,0,0,0,-,-,32.87369,-116.91068,SAN DIEGO,UNINCORPORATED,-116.91073623,32.87359776
90332225,2016,2017-02-14,9650,2016-11-23,2145,018496,NA,3,2,5,3713,0,1,3,NA,2,017,SR-78 W/B TO MAR VISTA DR,MAR VISTA DR,500,E,N,A,-,Y,NA,NA,78,NA,NA,NA,R,NA,W,Y,2,0,1,1,A,-,01,23152,A,N,E,I,A,A,H,-,D,D,0,NA,NA,Y,NA,Y,Y,C,02,1,0,0,0,0,0,0,0,1,-,-,33.17898,-117.22862,SAN DIEGO,VISTA,-117.22862,33.17898
90332581,2016,2016-11-29,9680,2016-11-27,1420,016102,NA,7,2,9,3700,0,1,3,NA,1,040,STATE ROUTE 94 (SR-94),EMERY ROAD,1584,E,N,B,C,Y,NA,NA,94,NA,NA,NA,NA,NA,NA,Y,4,0,1,1,A,-,03,22350,NA,N,F,A,A,B,H,-,A,D,0,NA,NA,NA,NA,Y,NA,D,22,0,0,1,0,0,0,0,0,0,-,-,32.60139,-116.63359,SAN DIEGO,UNINCORPORATED,-116.63361915,32.60143253
90333601,2016,2016-11-30,9645,2016-11-22,1741,016864,NA,2,2,7,3711,0,1,1,NA,2,007,I-5 N/B,SORRENTO VALLEY ROAD,1320,S,N,A,-,Y,NA,NA,NA,NA,NA,NA,NA,NA,NA,Y,4,0,1,2,A,-,07,21658,A,N,B,C,A,A,H,-,C,D,0,NA,NA,NA,NA,Y,NA,A,07,0,0,1,0,0,0,0,0,0,-,-,32.53542,-117.13305,SAN DIEGO,SAN DIEGO,-117.22508602,32.8984528
90333635,2016,2016-11-30,9645,2016-11-15,1800,018950,NA,2,2,7,3711,0,1,1,NA,2,010,I-8 E/B,PRESIDIO PARK O/C,50,E,N,A,-,Y,NA,NA,8,NA,NA,NA,NA,NA,E,N,4,0,1,2,A,-,03,22350,NA,N,C,C,A,A,H,-,D,D,0,NA,NA,NA,NA,Y,NA,A,07,0,0,1,0,0,0,0,0,0,-,-,32.75952,-117.1875,SAN DIEGO,SAN DIEGO,-117.18749257,32.75957973
90334538,2016,2016-12-01,9680,2016-11-21,1327,016181,NA,1,1,9,3700,0,2,4,NA,1,094,WILDCAT CANYON RD,FEATHERSTONE CANYON RD,8976,N,N,B,-,N,NA,NA,NA,NA,NA,NA,NA,NA,NA,N,3,0,1,1,A,-,03,22350,NA,N,F,A,A,B,H,-,A,A,0,NA,NA,NA,NA,Y,NA,A,07,0,1,0,0,0,0,0,0,0,-,-,32.97395,-116.82879,SAN DIEGO,UNINCORPORATED,-116.828899,32.974042
90334603,2016,2016-12-01,9650,2016-08-27,1600,019227,NA,6,2,9,3700,0,3,5,NA,2,213,SOUTH GRADE RD.,SR-76,3062,N,N,A,-,N,NA,NA,NA,NA,NA,NA,NA,NA,NA,Y,1,1,0,1,A,-,08,22107,NA,N,F,A,A,A,H,-,A,D,0,NA,NA,Y,NA,Y,NA,C,02,0,0,0,0,0,0,0,1,0,-,-,33.29589,-116.89121,SAN DIEGO,UNINCORPORATED,-116.89142989,33.29415234
90335549,2016,2016-12-02,9645,2016-11-17,0146,019010,NA,4,3,7,3711,0,1,1,NA,2,010,I-8 W/B TO W. MISSION BAY DR.,W. MISSION BAY DR.,25,E,N,A,-,Y,NA,NA,8,NA,NA,NA,R,NA,W,Y,4,0,1,1,A,-,08,22107,NA,N,E,I,A,A,H,-,C,A,0,NA,NA,NA,NA,Y,NA,A,01,0,0,1,0,0,0,0,0,0,-,-,32.75744,-117.22342,SAN DIEGO,SAN DIEGO,-117.22342,32.75744
90337704,2016,2016-12-06,9650,2016-11-30,1450,017328,NA,3,2,5,3712,0,1,3,NA,2,019,SR-78 E/B,WOODLAND PARKWAY U/C,50,E,N,A,-,Y,NA,NA,78,NA,NA,NA,NA,NA,E,Y,4,0,1,2,A,-,03,22350,NA,N,C,C,A,A,H,-,A,D,0,NA,NA,NA,NA,Y,NA,A,01,0,0,1,0,0,0,0,0,0,-,-,33.13847,-117.14088,SAN DIEGO,SAN MARCOS,-117.14087677,33.13847741
90337728,2016,2016-12-06,9680,2016-11-25,1400,015081,NA,5,2,9,3700,0,1,3,NA,1,051,STATE ROUTE 79,HARRISON PARK ROAD,4752,N,N,A,-,Y,NA,NA,79,NA,NA,NA,NA,NA,NA,N,3,0,1,1,A,-,03,22350,NA,N,F,A,A,A,H,-,A,A,0,NA,NA,Y,NA,Y,NA,C,02,0,1,0,0,0,0,0,0,1,-,-,33.0364,-116.56202,SAN DIEGO,UNINCORPORATED,-116.56216371,33.03640833
90341263,2016,2016-12-09,9650,2016-09-12,1550,016485,NA,1,2,9,3700,0,1,1,NA,2,003,I-5 S/B,SANTA MARGARITA RIVER,150,N,N,A,-,Y,NA,NA,NA,NA,NA,NA,NA,NA,NA,Y,1,1,0,1,A,-,08,22107,NA,N,E,I,A,A,H,-,A,D,0,NA,NA,NA,NA,Y,NA,A,07,0,0,0,0,0,0,0,0,0,-,-,33.14158,-117.24452,SAN DIEGO,UNINCORPORATED,NA,NA
90341690,2016,2016-12-12,9645,2016-11-18,1900,019344,NA,5,2,7,3711,0,1,1,NA,2,005,I-5 S/B TO CAMINO DEL RIO W.,I-8 W/B U/C,100,N,N,A,-,Y,NA,NA,5,NA,NA,NA,R,NA,S,Y,3,0,2,4,A,-,03,22350,NA,N,C,C,A,A,H,-,C,D,0,NA,NA,NA,NA,Y,NA,A,01,0,2,0,0,0,0,0,0,0,-,-,32.7601,-117.2053,SAN DIEGO,SAN DIEGO,-117.2053,32.7601
9034190,2019,2020-01-23,3711,2019-11-24,1950,SD6897,NA,7,5,7,3711,0,0,0,NA,0,811,ADAMS AV,E MT VIEW,0,NA,Y,-,-,N,NA,NA,NA,NA,NA,NA,NA,NA,NA,N,4,0,4,3,A,-,08,22107,NA,N,-,-,A,-,-,-,-,-,0,NA,NA,NA,NA,Y,NA,A,01,0,0,4,0,0,0,0,0,0,-,-,NA,NA,SAN DIEGO,SAN DIEGO,-117.1121826171875,32.76327896118164
90342303,2016,2016-12-12,9645,2016-12-09,1807,019352,NA,5,2,7,3711,0,1,1,NA,2,027,SR-15 S/B,ADAMS AVE.,1584,N,N,A,-,Y,NA,NA,NA,NA,NA,NA,NA,NA,NA,Y,4,0,1,2,A,-,03,22350,NA,N,C,C,A,A,H,-,C,D,0,NA,NA,NA,NA,Y,NA,A,01,0,0,1,0,0,0,0,0,0,-,-,32.76517,-117.12828,SAN DIEGO,SAN DIEGO,-117.11127814,32.76726397
90344859,2016,2016-12-14,9650,2016-12-05,0715,019227,NA,1,1,9,3700,0,3,5,NA,1,160,GOPHER CANYON RD.,LITTLE GOPHER CANYON RD.,0,NA,Y,A,-,N,NA,NA,NA,NA,NA,NA,NA,NA,NA,Y,3,0,1,1,A,-,08,22107,NA,N,E,I,A,A,H,-,A,D,0,NA,NA,NA,NA,Y,NA,A,01,0,1,0,0,0,0,0,0,0,-,-,33.25708,-117.21292,SAN DIEGO,UNINCORPORATED,-117.21285013,33.25713006
90345410,2016,2016-12-15,9645,2016-12-12,0625,014804,NA,1,1,7,3711,0,1,1,NA,2,007,I-5 (N/B),GENESEE AVENUE,1056,S,N,B,-,Y,NA,NA,5,NA,NA,NA,NA,NA,NA,Y,4,0,1,2,A,-,04,21703,NA,N,C,C,A,A,H,-,A,D,0,NA,NA,NA,NA,Y,NA,A,01,0,0,1,0,0,0,0,0,0,-,-,32.88099,-117.22818,SAN DIEGO,SAN DIEGO,-117.2282149,32.8809936
90345810,2016,2016-12-15,9650,2016-12-07,1605,019126,NA,3,2,9,3700,0,2,4,NA,1,027,VALLEY CENTER RD,MILLER RD,101,S,N,A,-,N,NA,NA,NA,NA,NA,NA,NA,NA,NA,Y,3,0,6,2,A,-,03,22350,NA,N,C,C,A,A,H,-,A,D,0,NA,NA,NA,NA,Y,NA,A,01,0,1,5,0,0,0,0,0,0,-,-,33.13516,-117.01585,SAN DIEGO,UNINCORPORATED,-117.03336859,33.23092384
9034619,2019,2020-02-10,3711,2019-12-16,1200,SD4491,NA,1,5,7,3711,0,0,0,NA,0,627,UNIVERSITY,6TH AV,0,NA,Y,A,-,N,NA,NA,NA,NA,NA,NA,NA,NA,NA,N,3,0,3,2,A,-,12,21453,A,N,D,C,A,A,H,-,A,A,0,NA,NA,NA,NA,Y,NA,A,01,0,1,2,0,0,0,0,0,0,-,-,NA,NA,SAN DIEGO,SAN DIEGO,-117.15953063964844,32.748329162597656
9034623,2019,2020-02-08,3706,2019-12-30,0832,531,NA,1,5,6,3706,0,0,0,NA,0,043,MORNING VIEW DR,LINCOLN AV,0,NA,Y,B,-,N,NA,NA,NA,NA,NA,NA,NA,NA,NA,N,3,0,2,1,A,-,03,22350,NA,N,E,I,A,A,H,-,A,D,0,NA,NA,NA,NA,Y,NA,A,01,0,1,1,0,0,0,0,0,0,-,-,33.13151168823242,-117.05438232421876,SAN DIEGO,ESCONDIDO,-117.09445190429688,33.13140106201172
9034635,2019,2020-02-10,3706,2019-12-24,1113,362,NA,2,5,6,3706,0,0,0,NA,0,041,LINCOLN AV,ASH ST,0,NA,Y,A,-,N,NA,NA,NA,NA,NA,NA,NA,NA,NA,N,3,0,1,2,A,-,08,22101,D,N,D,C,A,A,H,-,A,A,0,NA,NA,Y,NA,Y,NA,A,01,0,1,0,0,0,0,0,0,1,-,-,33.138790130615234,-117.07308959960938,SAN DIEGO,ESCONDIDO,-117.07292938232422,33.1390495300293
90346429,2016,2016-12-16,9645,2016-11-08,1750,019054,NA,2,2,9,3700,0,1,3,NA,2,008,SR-54 E/B,I-805,1056,W,N,A,-,Y,NA,NA,NA,NA,NA,NA,NA,NA,NA,Y,4,0,2,2,A,-,03,22350,NA,N,C,C,A,A,H,-,D,D,0,NA,NA,NA,NA,Y,NA,A,01,0,0,2,0,0,0,0,0,0,-,-,32.65755,-117.08263,SAN DIEGO,UNINCORPORATED,NA,NA
90346436,2016,2016-12-16,9645,2016-11-10,1550,019054,NA,4,2,7,3711,0,1,1,NA,2,011,I-805 S/B,MURRAY RIDGE ROAD O/C,500,S,N,A,-,Y,NA,NA,805,NA,NA,NA,NA,NA,S,N,4,0,1,1,A,-,08,22107,NA,N,F,A,A,A,H,-,A,D,0,NA,NA,Y,NA,Y,NA,C,02,0,0,1,0,0,0,0,0,1,-,-,32.78007,-117.13804,SAN DIEGO,SAN DIEGO,-117.13807787,32.78004023
90347891,2016,2016-12-19,9680,2016-12-08,0930,017011,NA,4,1,9,3700,0,1,3,NA,2,028,SR-125 S/B TO ELKELTON BLVD.,ELKELTON BLVD,0,NA,Y,A,-,Y,NA,NA,125,NA,NA,NA,R,NA,S,Y,3,0,1,2,A,-,12,21453,A,N,D,C,A,A,H,-,A,A,0,NA,NA,NA,NA,Y,NA,A,01,0,1,0,0,0,0,0,0,0,-,-,32.7021,-117.0118,SAN DIEGO,UNINCORPORATED,-117.0118,32.7021
90350640,2016,2016-12-21,9680,2016-12-13,1915,019946,NA,2,2,9,3700,0,3,5,NA,2,002,GROVE RD,CHASE AVE,0,NA,Y,A,-,N,NA,NA,NA,NA,NA,NA,NA,NA,NA,Y,4,0,1,2,A,-,09,21802,A,N,D,C,A,A,H,-,D,A,0,NA,NA,NA,NA,Y,NA,D,22,0,0,1,0,0,0,0,0,0,-,-,32.77589,-116.94276,SAN DIEGO,UNINCORPORATED,-116.94255,32.77549011
90350845,2016,2016-12-21,9680,2016-11-21,1308,016435,NA,1,1,9,3700,0,1,3,NA,1,090,STATE ROUTE 67,ARCHIE MOORE ROAD,5808,S,N,B,-,Y,NA,NA,67,NA,NA,NA,NA,NA,NA,Y,1,1,3,3,A,-,03,22350,NA,N,A,C,A,B,H,-,A,D,0,NA,NA,NA,NA,Y,NA,A,07,0,2,1,0,0,0,0,0,0,-,-,32.9985,-116.96084,SAN DIEGO,UNINCORPORATED,-116.96084005,32.99850029
90354655,2016,2016-12-27,9645,2016-11-26,1555,019054,NA,6,2,7,3711,0,1,1,NA,2,017,I-15 N/B,CLAIREMONT MESA BLVD.,100,N,N,C,-,Y,NA,NA,15,NA,NA,NA,NA,NA,N,Y,4,0,1,1,A,-,03,22350,NA,N,E,I,A,B,H,-,A,D,0,NA,NA,NA,NA,Y,NA,A,01,0,0,1,0,0,0,0,0,0,-,-,32.83442,-117.11915,SAN DIEGO,SAN DIEGO,-117.11912839,32.83443166
90357370,2016,2016-12-29,9650,2016-12-18,0001,013890,NA,7,3,9,3700,0,1,1,NA,2,001,I-5 S/B,LAS PULGAS RD.,8976,N,N,A,-,Y,NA,NA,5,NA,NA,NA,NA,NA,S,Y,3,0,2,1,A,-,08,22107,NA,N,E,I,A,A,H,-,D,D,0,NA,NA,NA,NA,Y,NA,A,01,0,2,0,0,0,0,0,0,0,-,-,33.3185,-117.48235,SAN DIEGO,UNINCORPORATED,-117.48255549,33.31848621
90358568,2016,2016-12-30,9680,2016-12-23,1540,017717,NA,5,2,5,3705,0,1,3,NA,2,016,SR-67 S/B TO MAGNOLIA AVE,FLETCHER PARKWAY,100,S,N,B,-,Y,NA,NA,67,NA,NA,NA,R,NA,S,Y,4,0,2,4,A,-,03,22350,NA,N,C,C,A,A,H,-,A,D,0,NA,NA,NA,NA,Y,NA,A,01,0,0,2,0,0,0,0,0,0,-,-,32.8071,-116.96232,SAN DIEGO,EL CAJON,-116.96232,32.8071
90359007,2016,2017-01-02,9650,2016-12-27,1433,015446,NA,2,2,9,3700,0,3,5,NA,1,160,GOPHER CANYON ROAD,FAIRVIEW DRIVE,300,W,N,A,-,N,NA,NA,NA,NA,NA,NA,NA,NA,NA,Y,3,0,1,4,A,-,05,21460,A,N,A,C,A,A,H,-,A,D,0,NA,NA,NA,Y,Y,NA,A,01,0,1,0,0,0,0,0,0,0,-,-,33.24924,-117.22398,SAN DIEGO,UNINCORPORATED,-117.22290633,33.24952477
90359798,2016,2017-01-03,9650,2016-12-24,0503,018386,NA,6,3,9,3700,0,1,3,NA,2,065,SR-76,GIRD RD,5808,E,N,C,-,Y,NA,NA,76,NA,NA,NA,NA,NA,NA,Y,4,0,1,2,A,-,03,22350,NA,N,A,C,A,B,H,-,D,D,0,NA,NA,NA,NA,Y,NA,A,01,0,0,1,0,0,0,0,0,0,-,-,33.31579,-117.17704,SAN DIEGO,UNINCORPORATED,-117.1771395,33.31607371
90359886,2016,2017-01-03,9680,2016-12-21,2241,019867,NA,3,3,9,3700,0,3,5,NA,2,003,MOUNTAIN VIEW RD,ALMYRA RD,4224,W,N,B,C,N,NA,NA,NA,NA,NA,NA,NA,NA,NA,Y,3,0,1,1,A,-,01,23152,A,N,E,I,A,B,H,-,D,D,0,NA,NA,NA,NA,Y,Y,A,07,0,1,0,0,0,0,0,0,0,-,-,32.82746,-116.84381,SAN DIEGO,UNINCORPORATED,-116.84321211,32.82742506
90361817,2016,2017-01-05,9645,2016-11-20,1900,017678,NA,7,2,7,3711,0,1,3,NA,2,023,SR-163 S/B,I-8,200,N,N,B,C,Y,NA,NA,163,NA,NA,NA,NA,NA,S,Y,4,0,2,2,A,-,08,22107,NA,N,D,C,A,B,H,-,C,D,0,NA,NA,NA,NA,Y,NA,A,01,0,0,2,0,0,0,0,0,0,-,-,32.76357,-117.1634,SAN DIEGO,SAN DIEGO,-117.16355182,32.76358879
90361948,2016,2017-01-05,9645,2016-12-24,0705,015847,NA,6,1,7,3711,0,1,1,NA,2,010,I-8 E/B TO SR-163 N/B,I-8 E/B,50,S,N,B,-,Y,NA,NA,8,NA,NA,NA,R,NA,E,Y,4,0,1,2,A,-,08,22107,NA,N,E,I,A,B,H,-,A,D,0,NA,NA,NA,NA,Y,NA,A,01,0,0,1,0,0,0,0,0,0,-,-,32.76258,-117.16208,SAN DIEGO,SAN DIEGO,-117.16208,32.76258
90362202,2016,2017-01-05,9645,2016-11-16,1413,014625,NA,3,2,7,3711,0,1,1,NA,2,005,INTERSTATE 5 NORTHBOUND,INTERSTATE 8 OVERCROSSING (O/C),1200,S,N,B,-,Y,NA,NA,5,NA,NA,NA,NA,NA,N,Y,2,0,1,2,A,-,07,21658,A,N,B,C,A,A,H,-,A,D,0,NA,NA,Y,NA,Y,NA,A,01,1,0,0,0,0,0,0,0,1,-,-,32.75498,-117.20161,SAN DIEGO,SAN DIEGO,-117.20161417,32.75497497
90362225,2016,2017-01-05,9645,2016-11-17,1735,014625,NA,4,2,7,3711,0,1,1,NA,2,017,I-15 S/B,SR-52,750,N,N,A,-,Y,NA,NA,15,NA,NA,NA,NA,NA,S,N,4,0,1,2,A,-,07,21658,A,N,B,C,A,A,H,-,C,D,0,NA,NA,Y,NA,Y,NA,A,07,0,0,1,0,0,0,0,0,1,-,-,32.84409,-117.11973,SAN DIEGO,SAN DIEGO,-117.11980484,32.84414185
90363030,2017,2017-01-06,9645,2017-01-03,1503,017401,NA,2,2,7,3711,0,1,1,NA,2,005,I-5 SOUTHBOUND,MISSION BAY DR.,528,N,N,B,-,Y,NA,NA,5,NA,NA,NA,NA,NA,S,Y,4,0,2,2,A,-,03,22350,NA,N,C,C,A,A,H,-,A,A,0,NA,NA,NA,NA,Y,NA,A,01,0,0,2,0,0,0,0,0,0,-,-,32.81541,-117.22288,SAN DIEGO,SAN DIEGO,-117.22287219,32.81541695
90363578,2016,2017-01-09,9650,2016-12-25,2112,017194,NA,7,2,9,3700,0,1,3,NA,1,028,SR-76 W/B,RICE CANYON RD,1584,W,N,A,-,Y,NA,NA,76,NA,NA,NA,NA,NA,W,Y,3,0,1,1,A,-,08,22107,NA,N,F,A,A,A,H,-,D,D,0,NA,NA,NA,NA,Y,Y,A,01,0,1,0,0,0,0,0,0,0,-,-,33.33939,-117.13484,SAN DIEGO,UNINCORPORATED,-117.13478836,33.33945878
9036417,2020,2020-03-18,3711,2020-01-06,1224,SD7996,NA,1,5,7,3711,0,0,0,NA,0,243,ACTIVITY RD,ACTIVITY RD 8900,0,NA,N,A,-,N,NA,NA,NA,NA,NA,NA,NA,NA,NA,N,4,0,1,2,A,-,08,22107,NA,N,-,E,A,A,H,-,A,D,0,NA,NA,NA,Y,Y,NA,A,01,0,0,1,0,0,0,0,0,0,-,-,NA,NA,SAN DIEGO,SAN DIEGO,NA,NA
9036450,2020,2020-03-19,3711,2020-01-01,1604,SD5812,NA,3,5,7,3711,0,0,0,NA,0,126,TORREY PINES RD,LA JOLLA VILLAGE DR,600,S,N,A,-,N,NA,NA,NA,NA,NA,NA,NA,NA,NA,Y,4,0,1,3,A,-,03,22350,NA,N,C,C,A,A,H,-,A,D,0,NA,NA,NA,NA,Y,NA,A,01,0,0,1,0,0,0,0,0,0,-,-,NA,NA,SAN DIEGO,SAN DIEGO,-117.24266815185548,32.8685302734375
9036473,2020,2020-03-18,3711,2020-01-03,0958,SD6418,NA,5,5,7,3711,0,0,0,NA,0,242,MIRA MESA BL,GREENFORD DR,297,W,N,A,-,N,NA,NA,NA,NA,NA,NA,NA,NA,NA,N,2,0,1,1,A,-,08,22107,NA,N,E,I,A,A,H,-,A,D,0,NA,NA,Y,NA,Y,NA,C,02,1,0,0,0,0,0,0,0,1,-,-,NA,NA,SAN DIEGO,SAN DIEGO,-117.13371276855467,32.91335678100586
90365239,2016,2017-07-24,9645,2016-12-31,0432,020623,NA,6,3,7,3711,0,1,1,NA,2,003,I-5 NORTHBOUND,NATIONAL AVENUE,380,S,N,C,-,Y,NA,NA,5,NA,NA,NA,NA,NA,N,Y,2,0,2,1,A,-,01,23152,A,N,E,I,A,B,H,-,D,D,0,NA,NA,NA,NA,Y,Y,A,01,1,1,0,0,0,0,0,0,0,-,-,32.69501,-117.1324,SAN DIEGO,SAN DIEGO,-117.13248227,32.69466784
90366388,2016,2017-01-11,9645,2016-12-29,1145,015847,NA,4,1,7,3711,0,1,1,NA,2,010,I-8 W/B,I-5,1056,W,N,A,-,Y,NA,NA,8,NA,NA,NA,NA,NA,W,Y,4,0,1,2,A,-,07,21658,A,N,E,I,A,A,H,-,A,D,0,NA,NA,NA,NA,Y,NA,A,01,0,0,1,0,0,0,0,0,0,-,-,32.75918,-117.20906,SAN DIEGO,SAN DIEGO,-117.20906616,32.75923371
90366771,2016,2017-01-11,9645,2016-12-21,1455,019445,NA,3,2,7,3711,0,1,1,NA,2,010,I-8 W/B,LAKE MURRAY BLVD O/C,2000,W,N,B,-,Y,NA,NA,8,NA,NA,NA,NA,NA,W,N,4,0,1,3,A,-,07,21658,A,F,B,C,A,A,H,-,A,D,0,NA,NA,NA,NA,Y,NA,-,99,0,0,1,0,0,0,0,0,0,-,-,32.77695,-117.05193,SAN DIEGO,SAN DIEGO,-117.05196288,32.77682421
9036687,2019,2020-02-07,3702,2019-12-12,1640,CV1263,NA,4,5,6,3702,0,0,0,NA,0,041,OLYMPIC PKWY,HERITAGE RD,342,W,N,A,-,N,NA,NA,NA,NA,NA,NA,NA,NA,NA,N,3,0,1,2,A,-,07,21658,A,N,C,G,A,A,H,-,B,D,0,NA,Y,NA,NA,Y,NA,L,04,0,1,0,0,0,0,1,0,0,-,-,NA,NA,SAN DIEGO,CHULA VISTA,-117.00320434570313,32.61677551269531
9036799,2019,2020-01-31,3711,2019-11-21,1139,SD7527,NA,4,5,7,3711,0,0,0,NA,0,824,4600 EL CAJON BL,EL CAJON BL 4600,0,NA,N,B,-,N,NA,NA,NA,NA,NA,NA,NA,NA,NA,N,4,0,2,1,A,-,09,21800,B,M,D,C,A,A,H,-,A,D,0,NA,NA,NA,NA,Y,NA,-,NA,0,0,2,0,0,0,0,0,0,-,-,NA,NA,SAN DIEGO,SAN DIEGO,-117.095515,32.755588
90368621,2017,2017-01-13,9645,2017-01-07,0240,018987,NA,6,3,7,3711,0,1,1,NA,2,010,I-8 EASTBOUND,LAKE MURRAY BL,2419,W,N,A,-,Y,NA,NA,8,NA,NA,NA,NA,NA,E,Y,3,0,1,1,A,-,01,23152,A,N,E,I,A,A,H,-,C,D,0,NA,NA,NA,NA,Y,Y,A,01,0,1,0,0,0,0,0,0,0,-,-,32.77654,-117.05221,SAN DIEGO,SAN DIEGO,-117.05217476,32.77667868
90368906,2016,2017-01-13,9645,2016-11-19,0545,015270,NA,6,3,7,3711,0,1,1,NA,2,019,I-15 NORTHBOUND,VIA RANCHO PARKWAY,2112,S,N,A,-,Y,NA,NA,15,NA,NA,NA,NA,NA,N,Y,4,0,1,2,A,-,03,22350,NA,N,C,C,A,A,H,-,C,D,0,NA,NA,NA,Y,Y,NA,D,22,0,0,1,0,0,0,0,0,0,-,-,33.06288,-117.06873,SAN DIEGO,SAN DIEGO,-117.06879768,33.0628869