CASE_ID,ACCIDENT_YEAR,PROC_DATE,JURIS,COLLISION_DATE,COLLISION_TIME,OFFICER_ID,REPORTING_DISTRICT,DAY_OF_WEEK,CHP_SHIFT,POPULATION,CNTY_CITY_LOC,SPECIAL_COND,BEAT_TYPE,CHP_BEAT_TYPE,CITY_DIVISION_LAPD,CHP_BEAT_CLASS,BEAT_NUMBER,PRIMARY_RD,SECONDARY_RD,DISTANCE,DIRECTION,INTERSECTION,WEATHER_1,WEATHER_2,STATE_HWY_IND,CALTRANS_COUNTY,CALTRANS_DISTRICT,STATE_ROUTE,ROUTE_SUFFIX,POSTMILE_PREFIX,POSTMILE,LOCATION_TYPE,RAMP_INTERSECTION,SIDE_OF_HWY,TOW_AWAY,COLLISION_SEVERITY,NUMBER_KILLED,NUMBER_INJURED,PARTY_COUNT,PRIMARY_COLL_FACTOR,PCF_CODE_OF_VIOL,PCF_VIOL_CATEGORY,PCF_VIOLATION,PCF_VIOL_SUBSECTION,HIT_AND_RUN,TYPE_OF_COLLISION,MVIW,PED_ACTION,ROAD_SURFACE,ROAD_COND_1,ROAD_COND_2,LIGHTING,CONTROL_DEVICE,CHP_ROAD_TYPE,PEDESTRIAN_ACCIDENT,BICYCLE_ACCIDENT,MOTORCYCLE_ACCIDENT,TRUCK_ACCIDENT,NOT_PRIVATE_PROPERTY,ALCOHOL_INVOLVED,STWD_VEHTYPE_AT_FAULT,CHP_VEHTYPE_AT_FAULT,COUNT_SEVERE_INJ,COUNT_VISIBLE_INJ,COUNT_COMPLAINT_PAIN,COUNT_PED_KILLED,COUNT_PED_INJURED,COUNT_BICYCLIST_KILLED,COUNT_BICYCLIST_INJURED,COUNT_MC_KILLED,COUNT_MC_INJURED,PRIMARY_RAMP,SECONDARY_RAMP,LATITUDE,LONGITUDE,COUNTY,CITY,POINT_X,POINT_Y
90819711,2018,2018-09-24,9680,2018-09-12,1548,019910,NA,3,2,9,3700,0,3,5,NA,2,001,ASHWOOD ST,MAPLEVIEW ST,830,N,N,A,-,N,NA,NA,NA,NA,NA,NA,NA,NA,NA,Y,3,0,1,2,A,-,03,22350,NA,N,C,C,A,A,H,-,A,D,0,NA,NA,Y,NA,Y,NA,C,02,0,1,0,0,0,0,0,0,1,-,-,32.86576843261719,-116.91696166992188,SAN DIEGO,UNINCORPORATED,-116.91716003417967,32.865657806396484
90821670,2018,2018-09-26,9645,2018-09-14,1243,014804,NA,5,1,7,3711,0,1,1,NA,2,007,I-5 (N/B),VIA DE LA VALLE U/C,1584,S,N,A,-,Y,NA,NA,5,NA,NA,NA,NA,NA,NA,Y,4,0,2,3,A,-,04,21703,NA,N,C,C,A,A,H,-,A,D,0,NA,NA,NA,NA,Y,NA,A,01,0,0,2,0,0,0,0,0,0,-,-,32.96942138671875,-117.24903869628906,SAN DIEGO,SAN DIEGO,-117.24900817871094,32.96943283081055
9082208,2020,2020-08-03,3701,2020-02-28,1453,CBCB5393,92,5,5,5,3701,0,0,0,NA,0,007,AVIARA PY',EL CAMINO REAL,61,W,N,A,-,N,NA,NA,NA,NA,NA,NA,NA,NA,NA,N,4,0,1,2,C,-,18,NA,NA,N,C,C,A,A,H,-,A,D,0,NA,NA,NA,Y,Y,NA,-,-,0,0,1,0,0,0,0,0,0,-,-,33.68159866333008,-117.16088104248048,SAN DIEGO,CARLSBAD,-117.26677703857422,33.1023063659668
90822133,2018,2018-09-26,9680,2018-09-16,1845,021944,NA,7,2,5,3708,0,1,3,NA,2,027,SR-94 W/B,SR-125 SB FROM SPRING ST.,220,W,N,A,-,Y,NA,NA,94,NA,NA,NA,NA,NA,W,Y,3,0,2,1,A,-,08,22107,NA,N,E,I,A,A,H,-,A,D,0,NA,NA,NA,NA,Y,NA,A,01,0,2,0,0,0,0,0,0,0,-,-,32.75156021118164,-117.01502990722656,SAN DIEGO,LA MESA,-117.01506042480467,32.7515869140625
90828790,2018,2018-10-04,9645,2018-09-28,1550,020066,NA,5,2,7,3711,0,1,1,NA,2,015,I-805 S/B,GOVERNOR DRIVE,1000,N,N,A,-,Y,NA,NA,805,NA,NA,NA,NA,NA,S,N,4,0,1,3,A,-,03,22350,NA,N,C,C,A,A,H,-,A,D,0,NA,NA,NA,NA,Y,NA,D,22,0,0,1,0,0,0,0,0,0,-,-,32.8644905090332,-117.1899185180664,SAN DIEGO,SAN DIEGO,-117.18999481201172,32.864418029785156
90828807,2018,2018-10-04,9645,2018-09-15,0652,018149,NA,6,1,7,3711,0,1,1,NA,2,010,I-8 W/B,SUNSET CLIFFS BLVD.,1250,E,N,A,-,Y,NA,NA,8,NA,NA,NA,NA,NA,W,Y,4,0,1,1,A,-,08,22107,NA,N,F,A,A,A,H,-,A,D,0,NA,NA,NA,NA,Y,Y,A,01,0,0,1,0,0,0,0,0,0,-,-,32.75632095336914,-117.2328872680664,SAN DIEGO,SAN DIEGO,-117.23287963867188,32.75619125366211
90829133,2018,2018-10-04,9645,2018-09-29,1240,017723,NA,6,1,7,3711,0,1,1,NA,2,021,SR-15 S/B TO OCEAN VIEW BLVD.,OCEAN VIEW BLVD.,528,N,N,A,-,Y,NA,NA,15,NA,NA,NA,R,NA,S,Y,4,0,1,1,A,-,08,22107,NA,N,E,I,A,A,H,-,A,D,0,NA,NA,NA,NA,Y,NA,A,01,0,0,1,0,0,0,0,0,0,-,-,32.702999114990234,-117.12110137939452,SAN DIEGO,SAN DIEGO,-117.12110137939452,32.702999114990234
9082916,2020,2020-07-07,3711,2020-03-08,2127,SD6513,NA,7,5,7,3711,0,0,0,NA,0,242,MIRA MESA BL,REAGAN RD,0,NA,Y,A,-,N,NA,NA,NA,NA,NA,NA,NA,NA,NA,N,2,0,1,2,A,-,11,21954,A,N,G,B,D,A,H,-,C,A,0,Y,NA,NA,NA,Y,NA,N,60,1,0,0,0,1,0,0,0,0,-,-,NA,NA,SAN DIEGO,SAN DIEGO,-117.14920043945313,32.91250991821289
9082924,2020,2020-07-07,3711,2020-03-11,1320,SD5842,NA,3,5,7,3711,0,0,0,NA,0,931,SHAW LOPEZ RD,SORRENTO VALLEY BL,442,S,N,A,-,N,NA,NA,NA,NA,NA,NA,NA,NA,NA,N,3,0,1,1,A,-,08,22107,NA,N,E,I,A,A,H,-,A,D,0,NA,NA,NA,NA,Y,NA,A,01,0,1,0,0,0,0,0,0,0,-,-,NA,NA,SAN DIEGO,SAN DIEGO,-117.19176483154295,32.91362380981445
90829430,2018,2019-02-01,9680,2018-09-26,1420,018356,NA,3,2,5,3705,0,1,1,NA,2,081,I-8 W/B,EL CAJON BLVD,250,W,N,A,-,Y,NA,NA,8,NA,NA,NA,NA,NA,W,Y,4,0,1,3,A,-,03,22350,NA,N,C,C,A,A,H,-,A,D,0,NA,NA,NA,NA,Y,NA,A,07,0,0,1,0,0,0,0,0,0,-,-,32.78160095214844,-116.98181915283205,SAN DIEGO,EL CAJON,-116.98185729980467,32.78162384033203
90830341,2018,2018-10-08,9645,2018-09-23,2050,021617,NA,7,2,7,3711,0,1,1,NA,2,027,I-15 S/B,FRIARS RD,1950,N,N,B,-,Y,NA,NA,15,NA,NA,NA,NA,NA,S,Y,3,0,1,1,A,-,08,22107,NA,N,F,A,A,A,H,-,C,D,0,NA,NA,Y,NA,Y,NA,C,02,0,1,0,0,0,0,0,0,1,-,-,32.79356002807617,-117.11219024658205,SAN DIEGO,SAN DIEGO,-117.11221313476563,32.79356384277344
9083186,2020,2020-07-09,3705,2020-03-12,1018,EC0219,NA,4,5,5,3705,0,0,0,NA,0,001,S JOHNSON AV,W CHASE AV,0,NA,Y,C,-,N,NA,NA,NA,NA,NA,NA,NA,NA,NA,NA,4,0,2,2,A,-,12,21453,A,N,D,C,A,B,H,-,A,A,0,NA,NA,NA,NA,Y,NA,A,01,0,0,2,0,0,0,0,0,0,-,-,NA,NA,SAN DIEGO,EL CAJON,-116.9705810546875,32.78041076660156
90832895,2018,2018-10-10,9680,2018-09-29,1020,019594,NA,6,1,9,3700,0,3,5,NA,2,002,HARNESS ST,PRESIOCA ST,45,E,N,A,-,N,NA,NA,NA,NA,NA,NA,NA,NA,NA,N,3,0,1,1,A,-,08,22107,NA,N,F,A,A,A,H,-,A,A,0,NA,NA,Y,NA,Y,NA,C,02,0,1,0,0,0,0,0,0,1,-,-,32.71855926513672,-117.00129699707033,SAN DIEGO,UNINCORPORATED,-117.00131225585938,32.718544006347656
90834519,2018,2018-10-12,9645,2018-10-02,1550,016137,NA,2,2,7,3711,0,1,1,NA,2,007,I-5 SOUTHBOUND,GENESEE AVE O/C,300,N,N,A,-,Y,NA,NA,5,NA,NA,NA,NA,NA,S,Y,3,0,1,2,A,-,03,22350,NA,N,C,C,A,A,H,-,A,D,0,NA,NA,NA,NA,Y,NA,A,01,0,1,0,0,0,0,0,0,0,-,-,32.88869857788086,-117.22769927978516,SAN DIEGO,SAN DIEGO,-117.22774505615234,32.888702392578125
90834567,2018,2018-10-12,9645,2018-10-10,0735,014461,NA,3,1,7,3711,0,1,3,NA,2,012,SR-52 WESTBOUND,REGENTS RD.,600,E,N,A,-,Y,NA,NA,52,NA,NA,NA,NA,NA,W,N,4,0,1,2,A,-,03,22350,NA,N,C,C,A,A,H,-,A,D,0,NA,NA,NA,NA,Y,NA,A,01,0,0,1,0,0,0,0,0,0,-,-,32.842838287353516,-117.21595764160156,SAN DIEGO,SAN DIEGO,-117.21598815917967,32.842891693115234
90834958,2018,2018-10-12,9645,2018-07-26,2348,020561,NA,4,3,7,3711,0,1,3,NA,2,023,SR-163 N/B TO I-8 E/B,I-8,300,S,N,A,-,Y,NA,NA,163,NA,NA,NA,R,NA,N,Y,3,0,1,1,A,-,03,22350,NA,N,F,I,A,A,H,-,D,D,0,NA,NA,Y,NA,Y,NA,C,02,0,1,0,0,0,0,0,0,1,-,-,32.76750946044922,-117.16297912597656,SAN DIEGO,SAN DIEGO,-117.16297912597656,32.76750946044922
90835700,2018,2018-10-15,9680,2018-10-03,2240,016694,NA,3,3,9,3700,0,2,4,NA,1,013,WILDCAT CANYON RD,BLUE SKY RANCH RD,10,S,N,A,-,N,NA,NA,NA,NA,NA,NA,NA,NA,NA,N,2,0,1,2,A,-,11,21954,A,N,G,B,D,A,H,-,D,D,0,Y,NA,NA,NA,Y,Y,N,60,1,0,0,0,1,0,0,0,0,-,-,32.91255187988281,-116.88466644287108,SAN DIEGO,UNINCORPORATED,-116.88485717773438,32.91249465942383
90836782,2018,2018-10-16,9645,2018-10-11,1749,019496,NA,4,2,7,3711,0,1,1,NA,2,011,I-805 S/B,I-8,50,S,N,A,-,Y,NA,NA,805,NA,NA,NA,NA,NA,S,Y,3,0,1,3,A,-,07,21658,A,N,C,C,A,A,H,-,A,D,0,NA,NA,Y,NA,Y,NA,A,07,0,1,0,0,0,0,0,0,1,-,-,32.771629333496094,-117.13182830810548,SAN DIEGO,SAN DIEGO,-117.13184356689452,32.77162170410156
90839331,2018,2018-10-18,9680,2018-10-09,1814,021441,NA,2,2,9,3700,0,2,4,NA,1,029,CAMPO RD,BONITA ST,200,W,N,A,-,N,NA,NA,NA,NA,NA,NA,NA,NA,NA,Y,4,0,1,2,A,-,09,21804,A,N,D,C,A,A,H,-,A,D,0,NA,NA,NA,NA,Y,NA,A,07,0,0,1,0,0,0,0,0,0,-,-,32.74789810180664,-116.98409271240234,SAN DIEGO,UNINCORPORATED,-116.98397064208984,32.74796676635742
90842371,2018,2018-10-23,9680,2018-10-13,1301,020349,NA,6,1,9,3700,0,2,4,NA,1,094,WILDCAT CANYON RD,PAINTED ROCK RD,2640,N,N,B,C,N,NA,NA,NA,NA,NA,NA,NA,NA,NA,Y,4,0,1,2,A,-,05,21460,A,N,B,C,A,B,H,-,A,D,0,NA,NA,NA,NA,Y,NA,D,22,0,0,1,0,0,0,0,0,0,-,-,32.97962951660156,-116.82511901855467,SAN DIEGO,UNINCORPORATED,-116.82966613769533,32.98115539550781
90842431,2018,2018-10-23,9650,2018-10-18,1840,021327,NA,4,2,5,3712,0,1,3,NA,2,019,SR-78 W/B,LAS POSAS RD,1345,E,N,A,-,Y,NA,NA,78,NA,NA,NA,NA,NA,W,Y,4,0,1,1,A,-,08,22107,NA,N,F,A,A,A,H,-,C,D,0,NA,NA,NA,NA,Y,NA,A,07,0,0,1,0,0,0,0,0,0,-,-,33.14191818237305,-117.18718719482422,SAN DIEGO,SAN MARCOS,-117.1872100830078,33.14186096191406
90843531,2018,2018-10-24,9650,2018-10-18,1717,021327,NA,4,2,9,3700,0,3,5,NA,2,170,SMILAX RD,SANTA FE DR,0,NA,Y,A,-,N,NA,NA,NA,NA,NA,NA,NA,NA,NA,Y,3,0,1,2,A,-,09,21802,A,N,D,C,A,A,H,-,A,B,0,NA,NA,NA,NA,Y,NA,A,01,0,1,0,0,0,0,0,0,0,-,-,33.1617317199707,-117.20509338378906,SAN DIEGO,UNINCORPORATED,-117.2051010131836,33.16176986694336
90843740,2018,2018-11-28,9650,2018-10-13,0615,019352,NA,6,1,6,3706,0,1,1,NA,2,023,I-15 S/B,EL NORTE PARKWAY,3045,S,N,B,-,Y,NA,NA,15,NA,NA,NA,NA,NA,S,Y,1,1,0,4,A,-,03,22350,NA,N,C,C,A,B,H,-,B,D,0,NA,NA,NA,Y,Y,NA,A,01,0,0,0,0,0,0,0,0,0,-,-,33.1386604309082,-117.1050262451172,SAN DIEGO,ESCONDIDO,-117.10509490966795,33.13866424560547
90844003,2018,2018-10-24,9645,2018-10-03,1535,021639,NA,3,2,7,3711,0,1,1,NA,2,010,I-8 EASTBOUND,COLLEGE AVE. O/C,500,E,N,A,-,Y,NA,NA,8,NA,NA,NA,NA,NA,E,Y,3,0,1,2,A,-,03,22350,NA,N,C,C,A,A,H,-,A,D,0,NA,NA,Y,NA,Y,NA,C,02,0,1,0,0,0,0,0,0,1,-,-,32.77927017211914,-117.06424713134766,SAN DIEGO,SAN DIEGO,-117.06424713134766,32.779335021972656
90844982,2018,2018-10-25,9680,2018-10-15,1200,021584,NA,1,1,9,3700,0,3,5,NA,2,005,MESA GRANDE ROAD,STATE ROUTE 79,13200,W,N,A,-,N,NA,NA,NA,NA,NA,NA,NA,NA,NA,Y,4,0,1,1,A,-,08,22107,NA,N,E,I,A,A,H,-,A,D,0,NA,NA,NA,NA,Y,Y,D,22,0,0,1,0,0,0,0,0,0,-,-,33.148521423339844,-116.70677947998048,SAN DIEGO,UNINCORPORATED,-116.7095184326172,33.15031433105469
90847478,2018,2018-10-29,9680,2018-10-17,1620,021944,NA,3,2,9,3700,0,2,4,NA,1,026,JAMACHA BLVD,SR-94,399,S,N,A,-,N,NA,NA,NA,NA,NA,NA,NA,NA,NA,N,4,0,2,3,A,-,03,22350,NA,N,C,C,A,A,H,-,A,A,0,NA,NA,NA,NA,Y,NA,A,01,0,0,2,0,0,0,0,0,0,-,-,32.739288330078125,-116.95282745361328,SAN DIEGO,UNINCORPORATED,-116.95282745361328,32.739288330078125
90848153,2018,2018-10-29,9650,2018-09-16,1815,020966,NA,7,2,9,3700,0,3,5,NA,2,006,ALVARADO ST,SOUTH MISSION RD,0,NA,Y,A,-,N,NA,NA,NA,NA,NA,NA,NA,NA,NA,Y,4,0,1,2,A,-,09,21801,A,N,A,C,A,A,H,-,B,A,0,NA,NA,NA,NA,Y,NA,D,22,0,0,1,0,0,0,0,0,0,-,-,33.3820915222168,-117.25356292724608,SAN DIEGO,UNINCORPORATED,-117.25356292724608,33.3820686340332
90849780,2018,2018-10-31,9645,2018-10-21,0343,020265,NA,7,3,7,3711,0,1,1,NA,2,021,SR-15 S/B,SR-94 FREEWAY,2006,N,N,A,-,Y,NA,NA,15,NA,NA,NA,NA,NA,S,Y,2,0,2,1,A,-,01,23152,A,N,E,I,A,A,H,-,D,D,0,NA,NA,NA,NA,Y,Y,A,01,2,0,0,0,0,0,0,0,0,-,-,32.7222900390625,-117.11621856689452,SAN DIEGO,SAN DIEGO,-117.11619567871094,32.72227096557617
90849888,2018,2018-10-31,9680,2018-10-20,1440,022106,NA,6,2,9,3700,0,2,4,NA,1,026,JAMACHA BLVD,PECOS ST,30,W,N,A,-,N,NA,NA,NA,NA,NA,NA,NA,NA,NA,Y,4,0,2,3,A,-,09,21801,A,N,D,C,A,A,H,-,A,D,0,NA,NA,NA,NA,Y,NA,A,01,0,0,2,0,0,0,0,0,0,-,-,32.70779037475586,-116.99263763427734,SAN DIEGO,UNINCORPORATED,-116.99250793457033,32.70784378051758
90851747,2018,2018-11-02,9645,2018-10-30,0905,017498,NA,2,1,7,3711,0,1,1,NA,2,010,I-8 EASTBOUND,COLLEGE OVER CROSS,2112,W,N,A,-,Y,NA,NA,8,NA,NA,NA,NA,NA,E,Y,4,0,1,3,A,-,08,22107,NA,N,B,C,A,A,H,-,A,D,0,NA,NA,NA,NA,Y,NA,A,01,0,0,1,0,0,0,0,0,0,-,-,32.77949905395508,-117.07926940917967,SAN DIEGO,SAN DIEGO,-117.07923889160156,32.77974319458008
90854474,2018,2018-11-06,9680,2018-10-26,2200,021859,NA,5,3,4,3720,0,1,3,NA,2,027,SR-94 W/B,SPRING ST.,2112,W,N,A,-,Y,NA,NA,94,NA,NA,NA,NA,NA,W,Y,3,0,3,2,A,-,01,23152,A,F,C,C,A,A,H,-,D,D,0,NA,NA,NA,NA,Y,Y,A,01,0,2,1,0,0,0,0,0,0,-,-,32.749149322509766,-117.01680755615234,SAN DIEGO,LEMON GROVE,-117.01702117919922,32.74930953979492
90855365,2018,2018-11-07,9645,2018-11-01,1640,015790,NA,4,2,7,3711,0,1,3,NA,2,023,SR-163 (SB),ROBINSON AVENUE (OC),600,S,N,A,-,Y,NA,NA,NA,NA,NA,NA,NA,NA,NA,N,3,0,2,3,A,-,03,22350,NA,N,C,C,A,A,H,-,A,D,0,NA,NA,NA,NA,Y,NA,D,22,0,2,0,0,0,0,0,0,0,-,-,33.02185821533203,-117.27313995361328,SAN DIEGO,SAN DIEGO,-117.15646362304688,32.74512481689453
9085763,2020,2020-08-05,3702,2020-04-04,1500,CV1278,NA,6,5,6,3702,0,0,0,NA,0,011,C ST,5TH AV,0,NA,Y,A,-,N,NA,NA,NA,NA,NA,NA,NA,NA,NA,N,3,0,2,2,A,-,12,21453,A,N,C,G,A,A,H,-,A,A,0,NA,Y,NA,NA,Y,NA,L,04,0,2,0,0,0,0,1,0,0,-,-,NA,NA,SAN DIEGO,CHULA VISTA,-117.09207916259766,32.64939880371094
90858620,2018,2019-03-26,9680,2018-10-31,0132,022021,NA,3,3,9,3700,0,3,5,NA,2,002,ALTO DR,ALTO CT,140,W,N,A,-,N,NA,NA,NA,NA,NA,NA,NA,NA,NA,Y,3,0,1,1,A,-,01,23152,A,M,E,I,A,A,H,-,C,D,0,NA,NA,NA,NA,Y,Y,A,01,0,1,0,0,0,0,0,0,0,-,-,32.772499084472656,-116.99481964111328,SAN DIEGO,UNINCORPORATED,-116.99468231201172,32.77251052856445
9085872,2020,2020-07-24,3711,2020-04-25,1329,SD7782,NA,6,5,7,3711,0,0,0,NA,0,935,PACIFIC HIGHLANDS RANCH PKWY,MOONFLOWER MEADOWS TRL,0,NA,Y,A,-,N,NA,NA,NA,NA,NA,NA,NA,NA,NA,N,4,0,1,2,A,-,09,21802,A,N,A,G,A,A,H,-,A,A,0,NA,Y,NA,NA,Y,NA,A,01,0,0,1,0,0,0,1,0,0,-,-,NA,NA,SAN DIEGO,SAN DIEGO,-117.1919403076172,32.963890075683594
90859806,2018,2018-11-14,9680,2018-11-02,1550,021944,NA,5,2,9,3700,0,3,5,NA,2,002,LAKEVIEW AVE,QUARRY RD,0,NA,Y,A,-,N,NA,NA,NA,NA,NA,NA,NA,NA,NA,Y,3,0,3,2,A,-,01,23152,F,F,D,C,A,A,H,-,A,D,0,NA,NA,NA,NA,Y,NA,A,01,0,1,2,0,0,0,0,0,0,-,-,32.69947814941406,-117.00508880615234,SAN DIEGO,UNINCORPORATED,-117.00502014160156,32.6994514465332
90860709,2018,2018-11-15,9650,2018-11-08,1855,018386,NA,4,2,6,3710,0,1,1,NA,2,005,I-5 N/B,CASSIDY ST,200,S,N,A,-,Y,NA,NA,NA,NA,NA,NA,NA,NA,NA,Y,2,0,2,3,A,-,03,22350,NA,N,B,C,A,A,H,-,C,D,0,NA,NA,Y,NA,Y,NA,C,02,2,0,0,0,0,0,0,0,2,-,-,33.104610443115234,-117.21109771728516,SAN DIEGO,OCEANSIDE,-117.35340881347656,33.1797981262207
90861183,2018,2018-11-15,9650,2018-11-14,0943,015446,NA,3,1,5,3712,0,1,3,NA,2,019,SR-78 WESTBOUND,RANCHO SANTA FE ROAD,800,E,N,A,-,Y,NA,NA,78,NA,NA,NA,NA,NA,W,Y,4,0,1,2,A,-,03,22350,NA,N,C,C,A,A,H,-,A,D,0,NA,NA,NA,NA,Y,NA,D,23,0,0,1,0,0,0,0,0,0,-,-,33.148681640625,-117.1962432861328,SAN DIEGO,SAN MARCOS,-117.19630432128906,33.14860916137695
90861588,2018,2018-11-16,9680,2018-11-05,0925,021501,NA,1,1,9,3700,0,3,5,NA,2,007,GREAT SOUTHERN OVERLAND STAGE RTE,GREAT SANDY TRL,3168,S,N,A,-,N,NA,NA,NA,NA,NA,NA,NA,NA,NA,Y,3,0,1,1,A,-,08,22107,NA,N,E,I,A,A,H,-,A,D,0,NA,NA,NA,NA,Y,NA,A,01,0,1,0,0,0,0,0,0,0,-,-,33.06153106689453,-116.42568206787108,SAN DIEGO,UNINCORPORATED,-116.42568206787108,33.06153106689453
90861625,2018,2018-11-16,9680,2018-11-05,1330,020625,NA,1,1,5,3708,0,1,3,NA,2,028,SR-125 N/B,MARIPOSA ST,425,S,N,A,-,Y,NA,NA,125,NA,NA,NA,NA,NA,N,Y,4,0,3,2,A,-,03,22350,NA,N,C,C,A,A,H,-,A,D,0,NA,NA,NA,NA,Y,NA,A,07,0,0,3,0,0,0,0,0,0,-,-,32.758689880371094,-117.00527191162108,SAN DIEGO,LA MESA,-117.00528717041016,32.75870895385742
90863309,2018,2018-11-19,9650,2018-11-11,1205,017743,NA,7,1,9,3700,0,3,5,NA,2,213,SOUTH GRADE RD,EAST GRADE RD,5280,S,N,A,-,N,NA,NA,NA,NA,NA,NA,NA,NA,NA,Y,3,0,1,1,A,-,08,22107,NA,N,F,A,A,A,H,-,A,D,0,NA,NA,Y,NA,Y,NA,C,02,0,1,0,0,0,0,0,0,1,-,-,33.307281494140625,-116.87159729003906,SAN DIEGO,UNINCORPORATED,-116.8722915649414,33.30746078491211
90863366,2018,2018-11-19,9680,2018-11-07,0810,015578,NA,3,1,4,3720,0,1,3,NA,2,027,SR-94 EASTBOUND,MASSACHUSETTS AVE.,1584,E,N,A,-,Y,NA,NA,94,NA,NA,NA,NA,NA,E,Y,4,0,1,2,A,-,07,21658,A,N,C,C,A,A,H,-,A,D,0,NA,NA,NA,NA,Y,NA,A,01,0,0,1,0,0,0,0,0,0,-,-,32.74477005004883,-117.03759765625,SAN DIEGO,LEMON GROVE,-117.03759765625,32.74471664428711
90863992,2018,2018-11-20,9645,2018-11-09,1840,018223,NA,5,2,7,3711,0,1,1,NA,2,010,I-8 WB,HOTEL CIRCLE,2640,W,N,A,-,Y,NA,NA,8,NA,NA,NA,NA,NA,W,Y,3,0,1,2,A,-,03,22350,NA,N,F,C,A,A,H,-,D,D,0,NA,NA,Y,NA,Y,NA,C,02,0,1,0,0,0,0,0,0,1,-,-,32.759639739990234,-117.17733001708984,SAN DIEGO,SAN DIEGO,-117.17733001708984,32.75938415527344
90864108,2018,2018-11-20,9645,2018-11-13,1750,017480,NA,2,2,7,3711,0,1,3,NA,2,016,STATE ROUTE 52 E/B,SANTO ROAD,2192,W,N,A,-,Y,NA,NA,52,NA,NA,NA,NA,NA,E,Y,3,0,1,3,A,-,03,22350,NA,N,C,C,A,A,H,-,D,D,0,NA,NA,NA,NA,Y,NA,E,22,0,1,0,0,0,0,0,0,0,-,-,32.84135818481445,-117.10494995117188,SAN DIEGO,SAN DIEGO,-117.10494232177734,32.84146499633789
90864683,2018,2018-11-21,9680,2018-11-08,1515,020349,NA,4,2,9,3700,0,1,3,NA,1,090,SR-67 (MAIN STREET),11TH ST,0,NA,Y,A,-,Y,NA,NA,67,NA,NA,NA,NA,NA,NA,N,4,0,2,2,A,-,09,21802,A,N,D,C,A,A,H,-,A,D,0,NA,NA,NA,NA,Y,NA,A,07,0,0,2,0,0,0,0,0,0,-,-,33.041099548339844,-116.87019348144533,SAN DIEGO,UNINCORPORATED,-116.87020874023438,33.04113006591797
90865319,2018,2018-11-21,9650,2018-11-13,2241,020588,NA,2,3,5,3782,0,1,1,NA,2,007,I-5 S/B,LA COSTA AVE,164,S,N,A,-,Y,NA,NA,5,NA,NA,NA,NA,NA,S,Y,2,0,1,1,A,-,01,23152,A,N,E,I,A,A,H,-,C,D,0,NA,NA,NA,NA,Y,Y,A,08,1,0,0,0,0,0,0,0,0,-,-,33.08380889892578,-117.29804229736328,SAN DIEGO,ENCINITAS,-117.29810333251952,33.08378219604492
90865547,2018,2018-11-22,9680,2018-11-09,1930,020116,NA,5,2,9,3700,0,2,4,NA,1,013,WILDCAT CANYON RD,MUTH VALLEY RD,300,N,N,A,-,N,NA,NA,NA,NA,NA,NA,NA,NA,NA,Y,4,0,2,2,A,-,03,22350,NA,N,C,C,A,A,H,-,D,D,0,NA,NA,NA,NA,Y,NA,A,01,0,0,2,0,0,0,0,0,0,-,-,32.90026092529297,-116.88712310791016,SAN DIEGO,UNINCORPORATED,-116.88759613037108,32.89983367919922
90865894,2018,2018-11-23,9680,2018-11-10,0838,018672,NA,6,1,9,3700,0,1,3,NA,1,052,SR-78,PINE HILLS ROAD,1056,E,N,A,-,Y,NA,NA,78,NA,NA,NA,NA,NA,NA,N,3,0,1,1,A,-,08,22107,NA,N,E,I,A,A,H,-,A,D,0,NA,NA,Y,NA,Y,NA,C,02,0,1,0,0,0,0,0,0,1,-,-,33.07786178588867,-116.61502838134766,SAN DIEGO,UNINCORPORATED,-116.6150131225586,33.07799530029297
90865923,2018,2018-11-23,9645,2018-11-10,1625,021731,NA,6,2,7,3711,0,1,1,NA,2,010,I-8 W/B,MISSION CENTER PKWY,300,W,N,A,-,Y,NA,NA,8,NA,NA,NA,NA,NA,W,Y,4,0,2,3,A,-,08,22107,NA,N,D,C,A,A,H,-,B,D,0,NA,NA,NA,NA,Y,NA,D,22,0,0,2,0,0,0,0,0,0,-,-,32.77457046508789,-117.1254425048828,SAN DIEGO,SAN DIEGO,-117.12545776367188,32.77460861206055