CASE_ID,ACCIDENT_YEAR,PROC_DATE,JURIS,COLLISION_DATE,COLLISION_TIME,OFFICER_ID,REPORTING_DISTRICT,DAY_OF_WEEK,CHP_SHIFT,POPULATION,CNTY_CITY_LOC,SPECIAL_COND,BEAT_TYPE,CHP_BEAT_TYPE,CITY_DIVISION_LAPD,CHP_BEAT_CLASS,BEAT_NUMBER,PRIMARY_RD,SECONDARY_RD,DISTANCE,DIRECTION,INTERSECTION,WEATHER_1,WEATHER_2,STATE_HWY_IND,CALTRANS_COUNTY,CALTRANS_DISTRICT,STATE_ROUTE,ROUTE_SUFFIX,POSTMILE_PREFIX,POSTMILE,LOCATION_TYPE,RAMP_INTERSECTION,SIDE_OF_HWY,TOW_AWAY,COLLISION_SEVERITY,NUMBER_KILLED,NUMBER_INJURED,PARTY_COUNT,PRIMARY_COLL_FACTOR,PCF_CODE_OF_VIOL,PCF_VIOL_CATEGORY,PCF_VIOLATION,PCF_VIOL_SUBSECTION,HIT_AND_RUN,TYPE_OF_COLLISION,MVIW,PED_ACTION,ROAD_SURFACE,ROAD_COND_1,ROAD_COND_2,LIGHTING,CONTROL_DEVICE,CHP_ROAD_TYPE,PEDESTRIAN_ACCIDENT,BICYCLE_ACCIDENT,MOTORCYCLE_ACCIDENT,TRUCK_ACCIDENT,NOT_PRIVATE_PROPERTY,ALCOHOL_INVOLVED,STWD_VEHTYPE_AT_FAULT,CHP_VEHTYPE_AT_FAULT,COUNT_SEVERE_INJ,COUNT_VISIBLE_INJ,COUNT_COMPLAINT_PAIN,COUNT_PED_KILLED,COUNT_PED_INJURED,COUNT_BICYCLIST_KILLED,COUNT_BICYCLIST_INJURED,COUNT_MC_KILLED,COUNT_MC_INJURED,PRIMARY_RAMP,SECONDARY_RAMP,LATITUDE,LONGITUDE,COUNTY,CITY,POINT_X,POINT_Y
91136136,2019,2019-12-04,9645,2019-11-23,2048,021601,NA,6,2,7,3711,0,1,1,NA,2,015,I-805 N/B,CLAIREMONT MESA BLVD,1267,N,N,A,-,Y,NA,NA,805,NA,NA,NA,NA,NA,N,Y,4,0,3,2,A,-,03,22350,NA,N,C,C,A,A,H,-,C,D,0,NA,NA,Y,NA,Y,NA,A,07,0,0,3,0,0,0,0,0,1,-,-,32.83681869506836,-117.17140197753906,SAN DIEGO,SAN DIEGO,-117.17145538330078,32.836788177490234
91136140,2019,2019-12-04,9645,2019-11-22,0900,014625,NA,5,1,7,3711,0,1,3,NA,2,023,STATE ROUTE 163 SOUTHBOUND,UNIVERSITY AVENUE O/C,100,S,N,A,-,Y,NA,NA,163,NA,NA,NA,NA,NA,S,Y,3,0,3,3,A,-,03,22350,NA,N,C,C,A,A,H,-,A,D,0,NA,NA,NA,NA,Y,NA,A,01,0,1,2,0,0,0,0,0,0,-,-,32.74802017211914,-117.15615081787108,SAN DIEGO,SAN DIEGO,-117.15614318847656,32.74802017211914
91137560,2019,2019-12-06,9645,2019-11-26,1810,016137,NA,2,2,7,3711,0,1,1,NA,2,007,I-5 NORTHBOUND,CARMEL MT RD U/C,400,N,N,A,-,Y,NA,NA,5,NA,NA,NA,NA,NA,N,Y,4,0,1,2,A,-,03,22350,NA,N,C,C,A,A,H,-,C,D,0,NA,NA,NA,NA,Y,NA,A,01,0,0,1,0,0,0,0,0,0,-,-,32.92660140991211,-117.2393035888672,SAN DIEGO,SAN DIEGO,-117.2396240234375,32.92649459838867
9113771,2020,2020-08-20,3706,2020-06-12,0622,1833,ESCON,5,5,6,3706,0,0,0,NA,0,044,WABASH ST,WILSON AV,0,NA,Y,A,-,N,NA,NA,NA,NA,NA,NA,NA,NA,NA,Y,4,0,1,2,A,-,09,21801,A,N,D,C,A,A,H,-,A,D,0,NA,NA,NA,NA,Y,NA,D,22,0,0,1,0,0,0,0,0,0,-,-,33.14004898071289,-117.06221771240234,SAN DIEGO,ESCONDIDO,-117.0622100830078,33.140079498291016
91137730,2019,2019-12-06,9680,2019-11-22,1723,021476,NA,5,2,5,3708,0,1,1,NA,2,081,I-8 WESTBOUND,GROSSMONT BOULEVARD,145,W,N,A,-,Y,NA,NA,8,NA,NA,NA,NA,NA,W,Y,4,0,1,2,A,-,03,22350,NA,N,C,C,A,A,H,-,D,D,0,NA,NA,NA,NA,Y,NA,D,22,0,0,1,0,0,0,0,0,0,-,-,32.77925109863281,-116.99095916748048,SAN DIEGO,LA MESA,-116.99095916748048,32.779212951660156
9113810,2020,2020-08-24,3710,2020-06-04,2017,OC1484,NA,4,5,6,3710,0,0,0,NA,0,030,WARING RD,THUNDER DR,170,W,N,A,-,N,NA,NA,NA,NA,NA,NA,NA,NA,NA,Y,3,0,1,4,A,-,01,23152,A,N,A,E,A,-,H,-,C,A,0,NA,NA,NA,NA,Y,Y,A,01,0,1,0,0,0,0,0,0,0,-,-,NA,NA,SAN DIEGO,OCEANSIDE,-117.28878021240234,33.187599182128906
91139301,2019,2019-12-10,9680,2019-11-25,1855,022224,Baron,1,2,9,3700,0,2,4,NA,1,094,WILDCAT CANYON RD,KETTUULL UUNYAA WAY,2640,N,N,A,-,N,NA,NA,NA,NA,NA,NA,NA,NA,NA,Y,3,0,1,2,A,-,05,21460,A,N,D,C,A,A,H,-,D,D,0,NA,NA,NA,NA,Y,NA,A,01,0,1,0,0,0,0,0,0,0,-,-,32.967689514160156,-116.83334350585938,SAN DIEGO,UNINCORPORATED,-116.83341979980467,32.967529296875
91144628,2019,2019-12-16,9645,2019-12-04,1140,015270,NA,3,1,7,3711,0,1,1,NA,2,001,I-5 SOUTHBOUND,SR-905,500,N,N,C,-,Y,NA,NA,5,NA,NA,NA,NA,NA,S,Y,3,0,1,1,A,-,08,22107,NA,N,E,I,A,B,H,-,A,D,0,NA,NA,NA,NA,Y,NA,A,07,0,1,0,0,0,0,0,0,0,-,-,32.56589889526367,-117.07414245605467,SAN DIEGO,SAN DIEGO,-117.0742416381836,32.56578826904297
91145409,2019,2019-12-17,9645,2019-12-05,1720,017953,NA,4,2,7,3711,0,1,1,NA,2,019,I-15 N/B,DUENDA ROAD O/C,1320,N,N,B,-,Y,NA,NA,15,NA,NA,NA,NA,NA,N,N,4,0,1,2,A,-,04,21703,NA,N,C,C,A,A,H,-,D,D,0,NA,NA,NA,NA,Y,NA,A,07,0,0,1,0,0,0,0,0,0,-,-,33.0364990234375,-117.07623291015624,SAN DIEGO,SAN DIEGO,-117.07627105712892,33.03651809692383
91146094,2019,2019-12-18,9650,2019-11-08,0701,013133,NA,5,1,9,3700,0,3,5,NA,2,213,OLD HIGHWAY 395,5TH ST,611,S,N,A,-,N,NA,NA,NA,NA,NA,NA,NA,NA,NA,Y,4,0,1,2,A,-,08,22107,NA,N,D,C,A,A,H,-,A,D,0,NA,NA,NA,NA,Y,NA,J,48,0,0,1,0,0,0,0,0,0,-,-,33.24449157714844,-117.09349822998048,SAN DIEGO,UNINCORPORATED,-117.15966033935548,33.412513732910156
9114983,2020,2020-08-14,3711,2020-05-17,1726,SD5939,NA,7,5,7,3711,0,0,0,NA,0,436,WOODMAN ST,IMPERIAL AV,97,S,N,A,-,N,NA,NA,NA,NA,NA,NA,NA,NA,NA,N,4,0,1,1,A,-,03,22350,NA,N,E,I,A,A,H,-,A,D,0,NA,Y,NA,NA,Y,NA,L,04,0,0,1,0,0,0,1,0,0,-,-,NA,NA,SAN DIEGO,SAN DIEGO,-117.05486297607422,32.71066665649414
91150565,2019,2019-12-23,9680,2019-12-11,0655,016535,NA,3,1,9,3700,0,3,5,NA,2,002,FURY LN,CALLE VERDE,0,NA,Y,A,-,N,NA,NA,NA,NA,NA,NA,NA,NA,NA,Y,4,0,1,2,A,-,12,22450,A,N,D,C,A,A,H,-,A,A,0,NA,NA,NA,NA,Y,NA,A,01,0,0,1,0,0,0,0,0,0,-,-,32.751319885253906,-116.95562744140624,SAN DIEGO,UNINCORPORATED,-116.95565795898438,32.7513313293457
91150715,2019,2019-12-23,9645,2019-12-11,1710,021680,NA,3,2,5,3709,0,1,1,NA,2,001,I-5 SOUTHBOUND,MILE OF CARS WAY U/C,500,S,N,A,-,Y,NA,NA,5,NA,NA,NA,NA,NA,S,Y,4,0,1,5,A,-,03,22350,NA,N,C,C,A,A,H,-,C,D,0,NA,NA,NA,NA,Y,NA,D,22,0,0,1,0,0,0,0,0,0,-,-,32.659420013427734,-117.10791015625,SAN DIEGO,NATIONAL CITY,-117.10794830322266,32.65940475463867
91151009,2019,2019-12-23,9645,2019-12-16,1824,016864,NA,1,2,7,3711,0,1,1,NA,2,015,I-805 S/B,GOVERNOR DRIVE,1320,S,N,A,-,Y,NA,NA,805,NA,NA,NA,NA,NA,S,Y,3,0,1,1,A,-,08,22107,NA,N,F,A,A,A,H,-,C,D,0,NA,NA,Y,NA,Y,NA,C,02,0,1,0,0,0,0,0,0,1,-,-,32.85377883911133,-117.18226623535156,SAN DIEGO,SAN DIEGO,-117.18214416503906,32.85385513305664
91151997,2019,2019-12-24,9645,2019-11-19,0630,016156,NA,2,1,7,3711,0,1,1,NA,2,010,I-8 W/B,COLLEGE AVENUE,800,W,N,B,-,Y,NA,NA,8,NA,NA,NA,NA,NA,W,Y,4,0,1,5,A,-,03,22350,NA,N,C,C,A,A,H,-,A,D,0,NA,NA,NA,NA,Y,NA,A,01,0,0,1,0,0,0,0,0,0,-,-,32.77935028076172,-117.06961822509766,SAN DIEGO,SAN DIEGO,-117.06961822509766,32.779388427734375
91154798,2019,2019-12-30,9650,2019-12-22,1044,019352,NA,7,1,6,3710,0,1,3,NA,2,015,SR-78 W/B,EL CAMINO REAL,3168,E,N,A,-,Y,NA,NA,78,NA,NA,NA,NA,NA,W,Y,4,0,1,2,A,-,08,22107,NA,N,E,I,A,A,H,-,A,D,0,NA,NA,NA,NA,Y,NA,A,01,0,0,1,0,0,0,0,0,0,-,-,33.180511474609375,-117.31485748291016,SAN DIEGO,OCEANSIDE,-117.31487274169922,33.180442810058594
91155147,2019,2019-12-30,9680,2019-12-17,1405,021584,NA,2,2,9,3700,0,1,3,NA,1,051,STATE ROUTE 79,STATE ROUTE 78,6336,N,N,A,G,Y,NA,NA,79,NA,NA,NA,NA,NA,NA,N,3,0,1,1,A,-,03,22350,NA,N,F,A,A,A,H,-,A,D,0,NA,NA,Y,NA,Y,NA,C,02,0,1,0,0,0,0,0,0,1,-,-,33.126338958740234,-116.67868041992188,SAN DIEGO,UNINCORPORATED,-116.67862701416016,33.12635040283203
91155577,2019,2019-12-30,9650,2019-12-23,1750,022031,NA,1,2,9,3700,0,2,4,NA,1,027,VALLEY CENTER RD N/B,RIDGE RANCH RD,2100,S,N,A,-,N,NA,NA,NA,NA,NA,NA,NA,NA,NA,Y,4,0,1,1,A,-,08,22107,NA,N,E,I,A,B,H,-,D,D,0,NA,NA,NA,NA,Y,NA,D,22,0,0,1,0,0,0,0,0,0,-,-,33.19245147705078,-117.0305404663086,SAN DIEGO,UNINCORPORATED,-117.03043365478516,33.19265365600586
91156493,2019,2019-12-31,9645,2019-12-19,1747,017953,NA,4,2,7,3711,0,1,1,NA,2,011,I-805 S/B,UNIVERSITY AVENUE,500,N,N,A,-,Y,NA,NA,805,NA,NA,NA,NA,NA,S,N,4,0,1,2,A,-,03,22350,NA,F,C,C,A,A,H,-,D,D,0,NA,NA,NA,NA,Y,NA,A,01,0,0,1,0,0,0,0,0,0,-,-,32.75004959106445,-117.12328338623048,SAN DIEGO,SAN DIEGO,-117.12323760986328,32.750064849853516
91159424,2019,2020-01-06,9650,2019-12-14,1830,018041,NA,6,2,5,3712,0,1,3,NA,2,019,SR-78 E/B,NORDAHL RD,1250,W,N,C,-,Y,NA,NA,78,NA,NA,NA,NA,NA,E,Y,4,0,2,6,A,-,08,22107,NA,F,B,C,A,B,H,-,C,D,0,NA,NA,NA,NA,Y,NA,D,22,0,0,2,0,0,0,0,0,0,-,-,33.13365173339844,-117.1252212524414,SAN DIEGO,SAN MARCOS,-117.12521362304688,33.1336669921875
91160339,2019,2020-01-06,9650,2019-11-28,1402,017392,NA,4,2,9,3700,0,3,5,NA,2,070,DEL DIOS HIGHWAY,MOUNT ISRAEL RD,845,W,N,B,C,Y,NA,NA,NA,NA,NA,NA,NA,NA,NA,Y,1,1,1,2,A,-,03,22350,NA,N,A,C,A,B,H,-,A,D,0,NA,NA,NA,NA,Y,NA,D,22,1,0,0,0,0,0,0,0,0,-,-,33.04309844970703,-117.13320159912108,SAN DIEGO,UNINCORPORATED,-117.12429809570313,33.06248092651367
91162404,2019,2020-01-09,9645,2019-12-30,0230,019577,NA,1,3,7,3711,0,1,1,NA,2,001,I-5 S/B,PALOMAR ST.,922,S,N,B,-,Y,NA,NA,NA,NA,NA,NA,NA,NA,NA,Y,3,0,1,2,A,-,03,22350,NA,N,C,C,A,A,H,-,D,D,0,NA,NA,NA,NA,Y,NA,A,01,0,1,0,0,0,0,0,0,0,-,-,NA,NA,SAN DIEGO,SAN DIEGO,NA,NA
91163559,2020,2020-01-13,9650,2020-01-08,1510,021933,NA,3,2,5,3713,0,1,3,NA,2,017,SR-78 W/B FROM CIVIC CENTER DR.,CIVIC CENTER DR,375,W,N,B,-,Y,NA,NA,78,NA,NA,NA,R,NA,W,Y,4,0,1,2,A,-,03,22350,NA,N,C,C,A,A,H,-,A,A,0,NA,NA,NA,NA,Y,NA,A,07,0,0,1,0,0,0,0,0,0,-,-,33.190208435058594,-117.24053955078124,SAN DIEGO,VISTA,-117.24053955078124,33.190208435058594
91164893,2020,2020-01-14,9680,2020-01-02,1354,021510,NA,4,1,9,3700,0,2,4,NA,1,014,WINTER GARDENS BOULEVARD,LAUREL LEE LN,100,N,N,A,-,N,NA,NA,NA,NA,NA,NA,NA,NA,NA,N,4,0,1,1,A,-,01,23152,A,N,E,J,A,A,H,-,A,D,0,NA,NA,NA,NA,Y,Y,A,01,0,0,1,0,0,0,0,0,0,-,-,32.83699035644531,-116.93327331542967,SAN DIEGO,UNINCORPORATED,-116.93338012695313,32.83698272705078
91165510,2020,2020-01-14,9680,2020-01-02,1225,015733,NA,4,1,9,3700,0,3,5,NA,2,009,RAMONA ST,RAYMOND AVE,9,S,N,A,-,N,NA,NA,NA,NA,NA,NA,NA,NA,NA,Y,2,0,1,1,C,-,18,NA,NA,N,F,A,A,A,H,-,A,D,0,NA,NA,Y,NA,Y,NA,-,-,1,0,0,0,0,0,0,0,1,-,-,33.03337860107422,-116.87947845458984,SAN DIEGO,UNINCORPORATED,-116.87943267822266,33.03353500366211
91166219,2020,2020-01-15,9645,2020-01-06,1520,021651,NA,1,2,7,3711,0,1,1,NA,2,005,I-5 S/B TO MISSION BAY DR,BLUFFSIDE AVE,150,N,N,A,-,Y,NA,NA,5,NA,NA,NA,R,NA,S,N,4,0,2,2,A,-,03,22350,NA,N,C,C,A,A,H,-,A,A,0,NA,NA,NA,NA,Y,NA,D,22,0,0,2,0,0,0,0,0,0,-,-,32.81174850463867,-117.22030639648438,SAN DIEGO,SAN DIEGO,-117.22030639648438,32.81174850463867
91167014,2020,2020-01-16,9680,2020-01-06,2030,018427,NA,1,2,9,3700,0,2,4,NA,1,013,EL MONTE RD,HAZY MEADOW LN,86,E,N,A,-,N,NA,NA,NA,NA,NA,NA,NA,NA,NA,Y,4,0,1,1,A,-,08,22107,NA,N,F,A,A,A,H,-,D,D,0,NA,NA,NA,NA,Y,NA,D,22,0,0,1,0,0,0,0,0,0,-,-,32.88399887084961,-116.85384368896484,SAN DIEGO,UNINCORPORATED,-116.8538055419922,32.88399887084961
91167033,2020,2020-01-16,9650,2020-01-09,1850,021435,NA,4,2,6,3710,0,1,3,NA,2,015,I-5 SOUTHBOUND FROM VISTA WAY,SR-78,445,S,N,B,C,Y,NA,NA,5,NA,NA,NA,R,NA,S,N,4,0,1,1,A,-,03,22350,NA,N,F,A,A,B,H,-,D,D,0,NA,NA,Y,NA,Y,NA,C,02,0,0,1,0,0,0,0,0,1,-,-,33.175228118896484,-117.35166168212892,SAN DIEGO,OCEANSIDE,-117.35166168212892,33.175228118896484
91167164,2020,2020-01-16,9680,2020-01-07,1845,020116,NA,2,2,5,3708,0,1,1,NA,2,081,I-8 E/B TO LAKE MURRAY BLVD,LAKE MURRAY BLVD,150,W,N,A,-,Y,NA,NA,8,NA,NA,NA,R,NA,E,Y,4,0,3,2,A,-,03,22350,NA,N,C,C,A,A,H,-,D,D,0,NA,NA,NA,NA,Y,NA,A,01,0,0,3,0,0,0,0,0,0,-,-,32.77476119995117,-117.04754638671876,SAN DIEGO,LA MESA,-117.04754638671876,32.77476119995117
91167168,2020,2020-01-16,9680,2020-01-08,1450,020116,NA,3,2,5,3708,0,1,1,NA,2,081,I-8 W/B TO SR-125 S/B,GROSSMONT BLVD,500,N,N,A,-,Y,NA,NA,8,NA,NA,NA,R,NA,W,N,4,0,1,3,A,-,03,22350,NA,N,C,C,A,A,H,-,A,D,0,NA,NA,NA,NA,Y,NA,A,08,0,0,1,0,0,0,0,0,0,-,-,32.77505111694336,-117.00318908691406,SAN DIEGO,LA MESA,-117.00318908691406,32.77505111694336
91167208,2020,2020-01-17,9645,2020-01-09,0653,017473,NA,4,1,7,3711,0,1,1,NA,2,027,I-15 N/B,CLAIREMONT MESA BLVD.,1000,S,N,A,-,Y,NA,NA,15,NA,NA,NA,NA,NA,N,Y,4,0,1,2,A,-,03,22350,NA,N,C,C,A,A,H,-,A,D,0,NA,NA,NA,NA,Y,NA,D,22,0,0,1,0,0,0,0,0,0,-,-,32.82838821411133,-117.11753082275392,SAN DIEGO,SAN DIEGO,-117.1174087524414,32.82842254638672
91167215,2020,2020-01-17,9645,2020-01-10,1436,021735,NA,5,2,5,3709,0,1,1,NA,2,001,I-5 S/B TO SR-54 E/B,MILE OF CARS WAY,3520,S,N,A,-,Y,NA,NA,NA,NA,NA,NA,NA,NA,NA,Y,4,0,1,2,A,-,08,22107,NA,N,C,C,A,A,H,-,A,D,0,NA,NA,Y,NA,Y,NA,C,02,0,0,1,0,0,0,0,0,1,-,-,NA,NA,SAN DIEGO,NATIONAL CITY,-117.10428619384766,32.650997161865234
91167610,2020,2020-01-17,9645,2020-01-07,0105,021359,NA,2,3,7,3711,0,1,1,NA,2,009,I-805 S/B,SR-54,587,S,N,A,-,Y,NA,NA,NA,NA,NA,NA,NA,NA,NA,N,4,0,2,3,A,-,08,22107,NA,F,C,C,A,A,H,-,C,D,0,NA,NA,NA,NA,Y,NA,A,01,0,0,2,0,0,0,0,0,0,-,-,32.656898498535156,-117.07341003417967,SAN DIEGO,SAN DIEGO,NA,NA
91169556,2019,2020-04-07,9645,2019-12-01,1747,021651,NA,7,2,7,3711,0,1,1,NA,2,021,SR-15 N/B,I-805,1200,N,N,A,-,Y,NA,NA,15,NA,NA,NA,NA,NA,N,Y,4,0,1,2,A,-,08,22107,NA,M,B,C,A,A,H,-,D,D,0,NA,NA,NA,NA,Y,NA,D,22,0,0,1,0,0,0,0,0,0,-,-,32.73551940917969,-117.11241912841795,SAN DIEGO,SAN DIEGO,-117.11244964599608,32.73550796508789
91169606,2020,2020-01-21,9645,2020-01-11,0805,017139,NA,6,1,6,3702,0,1,1,NA,2,001,I-5 N/B,E ST O/C,350,N,N,A,-,Y,NA,NA,5,NA,NA,NA,NA,NA,N,Y,4,0,1,3,A,-,03,22350,NA,N,C,C,A,A,H,-,A,D,0,NA,NA,NA,NA,Y,NA,A,01,0,0,1,0,0,0,0,0,0,-,-,32.63999938964844,-117.10006713867188,SAN DIEGO,CHULA VISTA,-117.1000747680664,32.63999938964844
91169779,2020,2020-01-22,9650,2020-01-17,1555,021435,NA,5,2,9,3700,0,3,5,NA,2,191,ELFIN FOREST RD,ELFIN OAKS RD,1500,W,N,B,-,N,NA,NA,NA,NA,NA,NA,NA,NA,NA,Y,4,0,1,3,A,-,03,22350,NA,N,B,C,A,A,H,-,A,D,0,NA,NA,NA,NA,Y,NA,D,22,0,0,1,0,0,0,0,0,0,-,-,33.083221435546875,-117.18343353271484,SAN DIEGO,UNINCORPORATED,-117.18321990966795,33.08311462402344
91170459,2019,2020-01-22,9645,2019-12-08,0525,017139,NA,7,3,7,3711,0,1,3,NA,2,008,SR-54 W/B,NATIONAL CITY CITY LIMIT SIGN,175,E,N,B,-,Y,NA,NA,54,NA,NA,NA,NA,NA,W,Y,4,0,2,3,A,-,01,23152,A,N,C,C,A,B,H,-,C,D,0,NA,NA,NA,NA,Y,Y,D,22,0,0,2,0,0,0,0,0,0,-,-,32.66643142700195,-117.05137634277344,SAN DIEGO,SAN DIEGO,-117.05136871337892,32.66640090942383
91170701,2019,2020-01-22,9645,2019-12-18,1540,020992,NA,3,2,7,3711,0,1,3,NA,2,006,SR-94 WESTBOUND,I-805,250,E,N,A,-,Y,NA,NA,NA,NA,NA,NA,NA,NA,NA,Y,4,0,1,2,A,-,07,21658,A,N,B,C,A,A,H,-,A,D,0,NA,NA,NA,NA,Y,NA,A,01,0,0,1,0,0,0,0,0,0,-,-,32.67826843261719,-117.7267837524414,SAN DIEGO,SAN DIEGO,-117.10208129882813,32.719173431396484
91171349,2020,2020-01-23,9645,2020-01-07,1235,015698,NA,2,1,7,3711,0,1,3,NA,2,006,SR-94 EB,EUCLID AVE. O/C,600,E,N,A,-,Y,NA,NA,94,NA,NA,NA,NA,NA,E,Y,3,0,1,1,A,-,08,22107,NA,M,E,I,A,A,H,-,A,D,0,NA,NA,NA,NA,Y,NA,A,01,0,1,0,0,0,0,0,0,0,-,-,32.71900177001953,-117.08232879638672,SAN DIEGO,SAN DIEGO,-117.0823211669922,32.71898651123047
9117184,2020,2020-08-28,3711,2020-06-27,1615,SD7788,NA,6,5,7,3711,0,0,0,NA,0,512,OCEANVIEW BL,32 ND ST,16,E,N,A,-,N,NA,NA,NA,NA,NA,NA,NA,NA,NA,N,4,0,1,2,B,-,22,NA,NA,N,D,C,A,A,H,-,A,A,0,NA,NA,NA,NA,Y,Y,A,01,0,0,1,0,0,0,0,0,0,-,-,NA,NA,SAN DIEGO,SAN DIEGO,-117.12513732910156,32.70119094848633
9117197,2020,2020-08-28,3711,2020-06-28,1439,SD7536,NA,7,5,7,3711,0,0,0,NA,0,121,OCEAN FRONT WALK,BRIGHTON CT,38,N,N,B,-,N,NA,NA,NA,NA,NA,NA,NA,NA,NA,N,3,0,1,2,A,-,17,21208,B,N,A,G,A,A,H,-,A,D,0,NA,Y,NA,NA,Y,NA,L,04,0,1,0,0,0,0,1,0,0,-,-,NA,NA,SAN DIEGO,SAN DIEGO,-117.25228881835938,32.76309585571289
91175409,2020,2020-01-28,9680,2020-01-16,2215,020720,NA,4,3,5,3705,0,1,1,NA,2,082,I-8 W/B TO E. MAIN STREET,E. MAIN ST,525,E,N,A,-,Y,NA,NA,8,NA,NA,NA,R,NA,W,N,2,0,1,2,A,-,11,21954,A,N,B,B,E,A,H,-,D,D,0,Y,NA,NA,NA,Y,NA,N,60,1,0,0,0,1,0,0,0,0,-,-,32.80366897583008,-116.92566680908205,SAN DIEGO,EL CAJON,-116.92566680908205,32.80366897583008
91176010,2019,2020-01-29,9645,2019-11-19,1220,016047,NA,2,1,6,3702,0,1,1,NA,2,009,I-805 SOUTHBOUND,MAIN STREET,1290,N,N,A,-,Y,NA,NA,805,NA,NA,NA,NA,NA,S,Y,4,0,1,2,A,-,03,22350,NA,F,C,C,A,A,H,-,A,D,0,NA,NA,NA,NA,Y,NA,A,01,0,0,1,0,0,0,0,0,0,-,-,32.59846115112305,-117.036376953125,SAN DIEGO,CHULA VISTA,-117.03648376464844,32.59846115112305
91176110,2020,2020-01-29,9645,2020-01-27,1600,017498,NA,1,2,7,3711,0,1,3,NA,2,016,SR-52 EASTBOUND,MAST BLVD UNDER CROSS,4224,W,N,A,-,Y,NA,NA,52,NA,NA,NA,NA,NA,E,Y,4,0,1,4,A,-,03,22350,NA,N,C,C,A,A,H,-,A,D,0,NA,NA,NA,NA,Y,NA,A,08,0,0,1,0,0,0,0,0,0,-,-,32.85295867919922,-117.04979705810548,SAN DIEGO,SAN DIEGO,-117.0498046875,32.85295104980469
91176290,2020,2020-01-29,9680,2020-01-17,0852,015660,NA,5,1,9,3700,0,2,4,NA,1,013,WILDCAT CANYON RD,FOUNDERS WAY,3696,S,N,B,C,N,NA,NA,NA,NA,NA,NA,NA,NA,NA,Y,3,0,1,1,A,-,08,22107,NA,N,E,I,A,B,H,-,A,D,0,NA,NA,NA,NA,Y,NA,A,01,0,1,0,0,0,0,0,0,0,-,-,32.92496871948242,-116.87525177001952,SAN DIEGO,UNINCORPORATED,-116.8751983642578,32.9249382019043
91177451,2020,2020-01-31,9645,2020-01-30,1725,018678,NA,4,2,6,3702,0,1,1,NA,2,009,I-805 (S/B),TELEGRAPH CANYON ROAD U/C,65,S,N,A,-,Y,NA,NA,805,NA,NA,NA,NA,NA,NA,Y,4,0,1,3,A,-,03,22350,NA,N,C,C,A,A,H,-,C,D,0,NA,NA,NA,NA,Y,NA,A,07,0,0,1,0,0,0,0,0,0,-,-,32.628849029541016,-117.04376983642578,SAN DIEGO,CHULA VISTA,-117.04384613037108,32.628814697265625
91177472,2020,2020-01-31,9680,2020-01-21,0030,020682,NA,2,3,5,3781,0,1,3,NA,2,015,SR-52 E/B,OLIVE LN,1056,W,N,B,C,Y,NA,NA,52,NA,NA,NA,NA,NA,E,Y,4,0,2,2,A,-,03,22350,NA,F,C,C,A,B,H,-,D,D,0,NA,NA,NA,NA,Y,NA,-,99,0,0,2,0,0,0,0,0,0,-,-,32.83638000488281,-116.9931411743164,SAN DIEGO,SANTEE,-116.99313354492188,32.83642578125
9117850,2020,2020-08-04,3706,2020-06-21,0126,530,NA,7,5,6,3706,0,0,0,NA,0,041,BROADWAY,LINCOLN AV,0,NA,Y,C,-,N,NA,NA,78,NA,NA,NA,NA,NA,NA,N,3,0,6,2,D,-,00,NA,NA,N,D,C,A,A,H,-,C,A,0,NA,NA,NA,NA,Y,NA,-,-,0,1,5,0,0,0,0,0,0,-,-,33.13309097290039,-117.08657073974608,SAN DIEGO,ESCONDIDO,-117.08656311035156,33.1330680847168
91178650,2019,2020-02-03,9645,2019-08-06,1108,016838,NA,2,1,7,3711,0,1,3,NA,2,006,STATE ROUTE 94 EASTBOUND,47TH STREET,70,E,N,A,-,Y,NA,NA,94,NA,NA,NA,NA,NA,E,N,1,1,0,2,A,-,11,21954,A,N,G,B,D,A,H,-,A,D,0,Y,NA,NA,Y,Y,NA,N,60,0,0,0,1,0,0,0,0,0,-,-,32.718048095703125,-117.09332275390624,SAN DIEGO,SAN DIEGO,-117.09333038330078,32.71799850463867
91180510,2020,2020-02-05,9645,2020-01-31,1647,018428,NA,5,2,7,3711,0,1,3,NA,2,006,SR-94 W/B,SR-15 U/C,300,W,N,A,-,Y,NA,NA,94,NA,NA,NA,NA,NA,W,Y,3,0,1,2,A,-,03,22350,NA,N,C,C,A,A,H,-,A,D,0,NA,NA,NA,NA,Y,NA,A,07,0,1,0,0,0,0,0,0,0,-,-,32.71651840209961,-117.12084197998048,SAN DIEGO,SAN DIEGO,-117.12081146240234,32.71642303466797