CASE_ID,ACCIDENT_YEAR,PROC_DATE,JURIS,COLLISION_DATE,COLLISION_TIME,OFFICER_ID,REPORTING_DISTRICT,DAY_OF_WEEK,CHP_SHIFT,POPULATION,CNTY_CITY_LOC,SPECIAL_COND,BEAT_TYPE,CHP_BEAT_TYPE,CITY_DIVISION_LAPD,CHP_BEAT_CLASS,BEAT_NUMBER,PRIMARY_RD,SECONDARY_RD,DISTANCE,DIRECTION,INTERSECTION,WEATHER_1,WEATHER_2,STATE_HWY_IND,CALTRANS_COUNTY,CALTRANS_DISTRICT,STATE_ROUTE,ROUTE_SUFFIX,POSTMILE_PREFIX,POSTMILE,LOCATION_TYPE,RAMP_INTERSECTION,SIDE_OF_HWY,TOW_AWAY,COLLISION_SEVERITY,NUMBER_KILLED,NUMBER_INJURED,PARTY_COUNT,PRIMARY_COLL_FACTOR,PCF_CODE_OF_VIOL,PCF_VIOL_CATEGORY,PCF_VIOLATION,PCF_VIOL_SUBSECTION,HIT_AND_RUN,TYPE_OF_COLLISION,MVIW,PED_ACTION,ROAD_SURFACE,ROAD_COND_1,ROAD_COND_2,LIGHTING,CONTROL_DEVICE,CHP_ROAD_TYPE,PEDESTRIAN_ACCIDENT,BICYCLE_ACCIDENT,MOTORCYCLE_ACCIDENT,TRUCK_ACCIDENT,NOT_PRIVATE_PROPERTY,ALCOHOL_INVOLVED,STWD_VEHTYPE_AT_FAULT,CHP_VEHTYPE_AT_FAULT,COUNT_SEVERE_INJ,COUNT_VISIBLE_INJ,COUNT_COMPLAINT_PAIN,COUNT_PED_KILLED,COUNT_PED_INJURED,COUNT_BICYCLIST_KILLED,COUNT_BICYCLIST_INJURED,COUNT_MC_KILLED,COUNT_MC_INJURED,PRIMARY_RAMP,SECONDARY_RAMP,LATITUDE,LONGITUDE,COUNTY,CITY,POINT_X,POINT_Y
91347627,2020,2020-11-18,9680,2020-11-06,2045,021441,NA,5,2,9,3700,0,2,4,NA,1,029,SWEETWATER SPRINGS BLVD,CALLE MARINERO,0,NA,Y,C,-,N,NA,NA,NA,NA,NA,NA,NA,NA,NA,Y,4,0,2,2,A,-,09,21801,A,N,D,C,A,B,H,-,C,A,0,NA,NA,NA,NA,Y,NA,A,01,0,0,2,0,0,0,0,0,0,-,-,32.72809982299805,-116.9709014892578,SAN DIEGO,UNINCORPORATED,-116.97087860107422,32.728111267089844
9135033,2020,2020-10-16,3711,2020-08-01,1823,SD7687,NA,6,5,7,3711,0,0,0,NA,0,112,MOUNT ACADIA BL,MOUNT ACADIA BL 3501,0,NA,-,-,-,N,NA,NA,NA,NA,NA,NA,NA,NA,NA,Y,4,0,1,2,A,-,12,22450,A,N,-,-,A,-,-,-,-,-,0,NA,NA,NA,NA,Y,Y,A,01,0,0,1,0,0,0,0,0,0,-,-,NA,NA,SAN DIEGO,SAN DIEGO,-117.183786,32.805109
9135066,2020,2020-10-05,3706,2020-07-31,1530,522,ESCON,5,5,6,3706,0,0,0,NA,0,052,2ND AV,IVY ST,128,E,N,A,-,N,NA,NA,NA,NA,NA,NA,NA,NA,NA,N,4,0,1,1,A,-,01,23152,A,N,E,I,A,A,H,-,A,A,0,NA,NA,NA,NA,Y,Y,D,23,0,0,1,0,0,0,0,0,0,-,-,33.12284851074219,-117.07673645019533,SAN DIEGO,ESCONDIDO,-117.07669830322266,33.12303924560547
9135074,2020,2020-10-20,3706,2020-07-12,1712,0532,ESCON,7,5,6,3706,0,0,0,NA,0,5252,VALLEY PKWY,BROADWAY ST,0,NA,Y,A,-,N,NA,NA,NA,NA,NA,NA,NA,NA,NA,NA,4,0,1,2,A,-,12,21453,A,N,D,C,A,A,H,-,A,A,0,NA,NA,NA,NA,Y,NA,D,22,0,0,1,0,0,0,0,0,0,-,-,33.12268829345703,-117.08188629150392,SAN DIEGO,ESCONDIDO,-117.08194732666016,33.1226692199707
91353845,2020,2020-11-25,9680,2020-11-18,1240,015877,NA,3,1,5,3708,0,1,3,NA,2,028,SR-125 N/B TO AMAYA DR./ FLETCHER PKWAY,AMAYA DR.,345,S,N,A,-,Y,NA,NA,125,NA,NA,NA,R,NA,N,Y,4,0,1,1,A,-,08,22107,NA,N,E,I,A,A,H,-,A,D,0,NA,NA,NA,NA,Y,NA,A,01,0,0,1,0,0,0,0,0,0,-,-,32.78755187988281,-117.00544738769533,SAN DIEGO,LA MESA,-117.00544738769533,32.78755187988281
91354401,2020,2020-11-26,9650,2020-11-24,1730,021933,NA,2,2,6,3706,0,1,1,NA,2,023,I-15 N/B,9TH AVE,1928,S,N,A,-,Y,NA,NA,15,NA,NA,NA,NA,NA,N,Y,4,0,2,4,A,-,03,22350,NA,F,C,C,A,A,H,-,C,D,0,NA,NA,NA,NA,Y,NA,-,99,0,0,2,0,0,0,0,0,0,-,-,33.10369110107422,-117.0919189453125,SAN DIEGO,ESCONDIDO,-117.09195709228516,33.103668212890625
91356329,2020,2020-12-01,9650,2020-11-24,1120,020422,NA,2,1,9,3700,0,3,5,NA,2,211,LAKE WOHLFORD RD,OAKVALE RD,4752,W,N,A,-,N,NA,NA,NA,NA,NA,NA,NA,NA,NA,Y,3,0,1,1,C,-,18,NA,NA,N,F,A,A,A,B,C,A,D,0,NA,NA,Y,NA,Y,NA,-,-,0,1,0,0,0,0,0,0,1,-,-,33.16790008544922,-117.01956939697266,SAN DIEGO,UNINCORPORATED,-117.0193099975586,33.16774368286133
91356740,2020,2020-12-01,9680,2020-11-18,1640,021859,NA,3,2,9,3700,0,2,4,NA,1,020,AVOCADO BLVD,LOUISA DR.,0,NA,Y,A,-,N,NA,NA,NA,NA,NA,NA,NA,NA,NA,Y,4,0,1,2,A,-,08,22107,NA,N,D,C,A,A,H,-,B,A,0,NA,NA,Y,NA,Y,NA,A,01,0,0,1,0,0,0,0,0,1,-,-,32.75035095214844,-116.962158203125,SAN DIEGO,UNINCORPORATED,-116.96199035644533,32.75035858154297
91358884,2020,2020-12-04,9680,2020-11-21,0015,022183,NA,6,3,9,3700,0,1,3,NA,1,040,RT 94,VISTA SAGE LN,1056,E,N,A,-,Y,NA,NA,94,NA,NA,NA,NA,NA,NA,Y,4,0,1,2,A,-,08,22107,NA,N,B,C,A,A,H,-,D,D,0,NA,NA,NA,NA,Y,NA,A,01,0,0,1,0,0,0,0,0,0,-,-,32.722618103027344,-116.88870239257813,SAN DIEGO,UNINCORPORATED,-116.88871002197266,32.722591400146484
9135911,2020,2020-11-24,3711,2020-04-22,1442,SD7705,NA,3,5,7,3711,0,0,0,NA,0,235,SAN PASQUAL VALLEY RD,SAN PASQUAL VALLEY RD 19066,0,NA,N,A,-,Y,SD,11,78,-,R,21.62,H,-,W,N,3,0,1,1,A,-,03,22350,NA,N,H,A,A,A,H,-,A,D,0,NA,Y,NA,NA,Y,NA,L,04,0,1,0,0,0,0,1,0,0,-,-,NA,NA,SAN DIEGO,SAN DIEGO,-117.03523254394533,33.102298736572266
91359381,2020,2020-12-04,9645,2020-11-26,1515,021338,NA,4,2,7,3711,0,1,3,NA,2,023,SR-163 S/B,MESA COLLEGE DR,1320,S,N,A,-,Y,NA,NA,163,NA,NA,NA,NA,NA,S,Y,4,0,1,1,A,-,08,22107,NA,N,E,I,A,A,H,-,A,D,0,NA,NA,NA,NA,Y,NA,A,01,0,0,1,0,0,0,0,0,0,-,-,32.79698181152344,-117.15734100341795,SAN DIEGO,SAN DIEGO,-117.1572265625,32.796939849853516
91359541,2020,2020-12-07,9650,2020-12-03,0140,021463,NA,4,3,9,3700,0,1,3,NA,2,065,SR-76 W/B,NORTH RIVER ROAD,220,W,N,A,-,N,NA,NA,76,NA,NA,NA,NA,NA,W,Y,3,0,1,1,C,-,18,NA,NA,N,H,H,A,A,C,-,C,D,0,NA,NA,Y,NA,Y,NA,-,-,0,1,0,0,0,0,0,0,1,-,-,33.26665115356445,-117.23715209960938,SAN DIEGO,UNINCORPORATED,-117.2366943359375,33.266605377197266
91360335,2020,2020-12-07,9680,2020-11-27,1610,021441,NA,5,2,9,3700,0,3,5,NA,2,002,LAMAR ST,SWEETWATER RD,25,E,N,A,-,N,NA,NA,NA,NA,NA,NA,NA,NA,NA,N,3,0,1,1,A,-,08,22107,NA,N,E,I,A,A,H,-,A,A,0,NA,NA,NA,NA,Y,NA,A,01,0,1,0,0,0,0,0,0,0,-,-,32.738670349121094,-117.01428985595705,SAN DIEGO,UNINCORPORATED,-117.01439666748048,32.73868942260742
91361334,2020,2020-12-08,9680,2020-11-29,1520,022233,NA,7,2,9,3700,0,3,5,NA,2,007,SAN FELIPE RD,MONTEZUMA VALLEY RD,4224,N,N,A,-,N,NA,NA,NA,NA,NA,NA,NA,NA,NA,Y,4,0,1,2,A,-,03,22350,NA,N,C,C,A,A,H,-,A,D,0,NA,NA,NA,NA,Y,NA,A,01,0,0,1,0,0,0,0,0,0,-,-,33.2264289855957,-116.61669158935548,SAN DIEGO,UNINCORPORATED,-116.6159896850586,33.22605895996094
91361899,2020,2020-12-09,9650,2020-11-28,0648,017392,NA,6,1,5,3701,0,1,1,NA,2,005,I-5 S/B,TAMARACK AVE,2112,S,N,A,-,Y,NA,NA,5,NA,NA,NA,NA,NA,S,Y,4,0,1,1,A,-,08,22107,NA,N,E,I,A,A,H,-,A,D,0,NA,NA,NA,NA,Y,NA,A,01,0,0,1,0,0,0,0,0,0,-,-,33.14693832397461,-117.33383941650392,SAN DIEGO,CARLSBAD,-117.3339385986328,33.146915435791016
91362098,2020,2020-12-09,9680,2020-12-01,1440,021501,NA,2,2,9,3700,0,1,3,NA,1,051,SR-79,FINK RD,14256,N,N,A,-,Y,NA,NA,79,NA,NA,NA,NA,NA,NA,Y,3,0,1,1,A,-,01,23152,A,N,E,I,A,A,H,-,A,D,0,NA,NA,NA,NA,Y,Y,D,22,0,1,0,0,0,0,0,0,0,-,-,33.33993148803711,-116.72100067138672,SAN DIEGO,UNINCORPORATED,-116.72098541259766,33.33995056152344
91362425,2020,2020-12-09,9650,2020-12-07,1455,014886,NA,1,2,9,3700,0,1,1,NA,2,003,I-5 S/B,LAS PULGAS RD,2112,S,N,A,-,Y,NA,NA,5,NA,NA,NA,NA,NA,S,Y,3,0,2,1,A,-,08,22107,NA,N,F,A,A,A,H,-,A,D,0,NA,NA,NA,NA,Y,NA,D,22,0,2,0,0,0,0,0,0,0,-,-,33.292659759521484,-117.45802307128906,SAN DIEGO,UNINCORPORATED,-117.45800018310548,33.29267501831055
91363693,2020,2020-12-10,9645,2020-12-07,1902,016864,NA,1,2,7,3711,0,1,1,NA,2,015,I-805 S/B,SR-52,600,S,N,B,-,Y,NA,NA,805,NA,NA,NA,NA,NA,S,Y,3,0,1,3,A,-,03,22350,NA,N,C,C,A,A,C,-,C,D,0,NA,NA,NA,NA,Y,NA,A,07,0,1,0,0,0,0,0,0,0,-,-,32.84560012817383,-117.1772232055664,SAN DIEGO,SAN DIEGO,-117.17713165283205,32.84564971923828
91364961,2020,2020-12-14,9650,2020-12-11,0520,021805,NA,5,3,9,3700,0,1,1,NA,2,001,I-5 S/B,BASILONE RD,23232,S,N,A,-,Y,NA,NA,5,NA,NA,NA,NA,NA,S,Y,4,0,2,3,A,-,03,22350,NA,N,C,C,A,A,H,-,C,D,0,NA,NA,NA,NA,Y,NA,A,01,0,0,2,0,0,0,0,0,0,-,-,33.35076141357422,-117.52300262451172,SAN DIEGO,UNINCORPORATED,-117.52302551269533,33.35072326660156
91367380,2020,2020-12-15,9680,2020-12-11,1126,021901,NA,5,1,9,3700,0,1,3,NA,1,052,SR-78,OLD JULIAN HWY.,1056,W,N,A,-,Y,NA,NA,78,NA,NA,NA,NA,NA,NA,Y,4,0,1,3,A,-,03,22350,NA,N,C,C,A,A,H,-,A,D,0,NA,NA,NA,NA,Y,NA,D,22,0,0,1,0,0,0,0,0,0,-,-,33.065391540527344,-116.75137329101563,SAN DIEGO,UNINCORPORATED,-116.75137329101563,33.06538772583008
9136768,2020,2020-10-23,3711,2020-08-07,2025,8377,NA,5,5,7,3711,0,0,0,NA,0,517,BROADWAY,F ST,644,N,N,A,-,N,NA,NA,NA,NA,NA,NA,NA,NA,NA,N,4,0,1,2,A,-,09,21801,A,M,D,C,A,A,H,-,A,D,0,NA,NA,NA,NA,Y,NA,-,99,0,0,1,0,0,0,0,0,0,-,-,NA,NA,SAN DIEGO,SAN DIEGO,-117.09280395507813,32.639522552490234
91369528,2020,2020-12-17,9680,2020-12-11,1425,019555,NA,5,2,5,3705,0,1,1,NA,2,081,I-8 E/B,SEVERIN DR,200,W,N,A,-,Y,NA,NA,NA,NA,NA,NA,NA,NA,NA,Y,4,0,2,2,A,-,03,22350,NA,N,C,C,A,A,H,-,A,D,0,NA,NA,NA,NA,Y,NA,A,01,0,0,2,0,0,0,0,0,0,-,-,32.77922821044922,-116.99803161621094,SAN DIEGO,EL CAJON,-116.99785614013672,32.779266357421875
9137201,2020,2020-09-24,3702,2020-07-24,0624,CV1218,NA,5,5,6,3702,0,0,0,NA,0,042,BIRCH RD,MAGDALENA AV,74,E,N,A,-,N,NA,NA,NA,NA,NA,NA,NA,NA,NA,Y,4,0,1,1,A,-,03,22350,NA,N,B,I,A,A,H,-,A,A,0,NA,NA,NA,NA,Y,NA,A,01,0,0,1,0,0,0,0,0,0,-,-,NA,NA,SAN DIEGO,CHULA VISTA,-116.97901916503906,32.617801666259766
9137208,2020,2020-09-24,3702,2020-07-04,1325,CV1147,NA,6,5,6,3702,0,0,0,NA,0,032,OTAY LAKES RD,OTAY LAKES RD 1900,0,NA,-,A,-,N,NA,NA,NA,NA,NA,NA,NA,NA,NA,N,4,0,1,2,A,-,21,22106,NA,N,G,B,E,A,H,-,A,D,0,Y,NA,NA,NA,Y,NA,A,01,0,0,1,0,1,0,0,0,0,-,-,NA,NA,SAN DIEGO,CHULA VISTA,NA,NA
9137380,2020,2020-09-24,3702,2020-07-03,1545,CV1254,NA,5,5,6,3702,0,0,0,NA,0,014,HILLTOP DR,EAST H ST,0,NA,Y,A,-,N,NA,NA,NA,NA,NA,NA,NA,NA,NA,Y,4,0,1,2,A,-,09,21453,C,N,D,C,A,A,H,-,A,A,0,NA,NA,NA,NA,Y,NA,A,01,0,0,1,0,0,0,0,0,0,-,-,NA,NA,SAN DIEGO,CHULA VISTA,-117.0649871826172,32.6378288269043
91374393,2020,2020-12-23,9650,2020-12-14,1410,021435,NA,1,2,9,3700,0,3,5,NA,1,212,COOL VALLEY RD,COOL VALLEY HIGHLANDS RD,415,W,N,A,-,N,NA,NA,NA,NA,NA,NA,NA,NA,NA,Y,3,0,1,1,A,-,01,23152,A,N,E,I,A,A,H,-,A,D,0,NA,NA,NA,NA,Y,Y,A,01,0,1,0,0,0,0,0,0,0,-,-,33.26742935180664,-117.00473785400392,SAN DIEGO,UNINCORPORATED,-117.00467681884766,33.26744842529297
91374395,2020,2020-12-24,9650,2020-12-21,1140,013636,NA,1,1,5,3701,0,1,1,NA,2,005,I-5 N/B,POINSETTIA LANE,50,N,N,A,-,Y,NA,NA,5,NA,NA,NA,NA,NA,N,Y,4,0,2,2,A,-,03,22350,NA,N,C,C,A,A,D,-,A,D,0,NA,NA,NA,NA,Y,NA,A,07,0,0,2,0,0,0,0,0,0,-,-,33.103981018066406,-117.3107681274414,SAN DIEGO,CARLSBAD,-117.310791015625,33.10396957397461
91374913,2020,2020-12-24,9645,2020-11-29,0041,021651,NA,7,3,6,3702,0,1,1,NA,2,001,I-5 S/B,PALOMAR ST. O/C,1500,S,N,A,-,Y,NA,NA,5,NA,NA,NA,NA,NA,S,Y,4,0,1,2,A,-,03,22350,NA,F,C,C,A,A,H,-,D,D,0,NA,NA,NA,NA,Y,NA,A,01,0,0,1,0,0,0,0,0,0,-,-,32.60116958618164,-117.08968353271484,SAN DIEGO,CHULA VISTA,-117.08972930908205,32.601165771484375
91375235,2020,2020-12-28,9650,2020-12-16,1620,019594,NA,3,2,6,3706,0,1,3,NA,2,019,SR-78 E/B,CENTRE CITY PKY,845,W,N,A,-,Y,NA,NA,78,NA,NA,NA,NA,NA,E,Y,4,0,1,2,A,-,01,23152,A,F,C,C,A,A,H,-,A,D,0,NA,NA,NA,NA,Y,Y,D,22,0,0,1,0,0,0,0,0,0,-,-,33.12977981567383,-117.0954818725586,SAN DIEGO,ESCONDIDO,-117.09548950195313,33.12980651855469
91375296,2020,2020-12-28,9650,2020-12-22,1442,021435,NA,2,2,9,3700,0,3,5,NA,1,212,W. LILAC RD.,N. BERRY RD.,730,W,N,A,-,N,NA,NA,NA,NA,NA,NA,NA,NA,NA,Y,4,0,1,1,A,-,08,22107,NA,N,E,I,A,A,H,-,A,D,0,NA,NA,NA,NA,Y,NA,A,01,0,0,1,0,0,0,0,0,0,-,-,33.26993179321289,-117.09407806396484,SAN DIEGO,UNINCORPORATED,-117.09387969970705,33.2697639465332
91375332,2020,2020-12-28,9650,2020-12-21,1229,018840,NA,1,1,9,3700,0,3,5,NA,2,150,HUTCHISON ST,E. VISTA WAY,330,W,N,A,-,N,NA,NA,NA,NA,NA,NA,NA,NA,NA,Y,3,0,1,1,A,-,01,23152,A,N,E,I,A,A,H,-,A,D,0,NA,NA,NA,NA,Y,Y,D,22,0,1,0,0,0,0,0,0,0,-,-,33.249839782714844,-117.2316665649414,SAN DIEGO,UNINCORPORATED,-117.23130035400392,33.250057220458984
9137728,2020,2020-10-10,3711,2020-08-14,1354,SD7904,NA,5,5,7,3711,0,0,0,NA,0,931,CALLE CRISTOBAL,CAMINO SANTA FE,0,NA,Y,A,-,N,NA,NA,NA,NA,NA,NA,NA,NA,NA,N,4,0,1,2,A,-,12,21453,A,N,D,C,A,A,H,-,A,A,0,NA,NA,NA,NA,Y,NA,A,01,0,0,1,0,0,0,0,0,0,-,-,NA,NA,SAN DIEGO,SAN DIEGO,-117.17787933349608,32.91865921020508
91379412,2020,2021-01-04,9650,2020-12-29,1237,020966,NA,2,1,9,3700,0,1,3,NA,1,028,SR-76,HAROLDS RD,990,E,N,A,-,Y,NA,NA,76,NA,NA,NA,NA,NA,NA,Y,4,0,2,2,A,-,03,22350,NA,N,C,C,A,A,H,-,A,D,0,NA,NA,NA,NA,Y,NA,A,01,0,0,2,0,0,0,0,0,0,-,-,33.29608154296875,-116.90667724609376,SAN DIEGO,UNINCORPORATED,-116.90670013427734,33.29606246948242
91379942,2020,2021-01-04,9645,2020-12-28,1728,020992,NA,1,2,7,3711,0,1,1,NA,2,005,I-5 SOUTHBOUND,SEA WORLD DRIVE,300,N,N,C,-,Y,NA,NA,NA,NA,NA,NA,NA,NA,NA,Y,3,0,1,1,A,-,03,22350,NA,N,F,A,A,B,H,-,D,D,0,NA,NA,NA,NA,Y,NA,A,01,0,1,0,0,0,0,0,0,0,-,-,32.829288482666016,-117.81722259521484,SAN DIEGO,SAN DIEGO,-117.20696258544922,32.77076721191406
91380223,2020,2021-01-04,9650,2020-12-30,1451,016516,NA,3,2,9,3700,0,3,5,NA,2,006,E. AVIATION RD,OLD STAGE RD,0,NA,Y,A,-,N,NA,NA,NA,NA,NA,NA,NA,NA,NA,Y,4,0,2,2,A,-,08,22100,B,N,D,C,A,A,H,-,A,D,0,NA,NA,NA,NA,Y,NA,A,01,0,0,2,0,0,0,0,0,0,-,-,33.373809814453125,-117.2493133544922,SAN DIEGO,UNINCORPORATED,-117.24928283691406,33.37385940551758
91383904,2021,2021-01-08,9650,2021-01-01,0540,015600,NA,5,3,7,3711,0,3,5,NA,2,006,OLD STAGE RD.,PALOMINO RD,250,N,N,A,-,N,NA,NA,NA,NA,NA,NA,NA,NA,NA,Y,3,0,1,2,A,-,01,23152,A,N,B,E,A,A,H,-,A,D,0,NA,NA,NA,NA,Y,Y,A,01,0,1,0,0,0,0,0,0,0,-,-,33.36867141723633,-117.2493133544922,SAN DIEGO,SAN DIEGO,-117.2493133544922,33.3663330078125
91384764,2021,2021-01-11,9645,2021-01-05,1215,019054,NA,2,1,7,3711,0,1,1,NA,2,010,I-8 W/B,MISSION CITY PKWY O/C,1028,W,N,A,-,Y,NA,NA,8,NA,NA,NA,NA,NA,W,Y,2,0,2,1,A,-,08,22107,NA,N,E,I,A,A,H,-,A,D,0,NA,NA,NA,NA,Y,NA,D,22,1,1,0,0,0,0,0,0,0,-,-,32.773651123046875,-117.1276397705078,SAN DIEGO,SAN DIEGO,-117.12754058837892,32.773475646972656
91385925,2021,2021-01-12,9645,2021-01-05,1050,016018,NA,2,1,7,3711,0,1,1,NA,2,030,I-15 SOUTHBOUND HOV,GEORGE COOKE EXPRESS DRIVE,0,NA,Y,A,-,Y,NA,NA,15,NA,NA,NA,NA,NA,S,Y,3,0,1,1,A,-,03,22350,NA,N,E,I,A,A,H,-,A,A,0,NA,NA,NA,NA,Y,NA,A,07,0,1,0,0,0,0,0,0,0,-,-,33.01633071899414,-117.07968139648438,SAN DIEGO,SAN DIEGO,-117.07977294921876,33.01634216308594
91386022,2021,2021-01-12,9645,2021-01-08,0755,017723,NA,5,1,7,3711,0,1,3,NA,2,006,SR-94 W/B,SR-15,528,E,N,A,-,Y,NA,NA,94,NA,NA,NA,NA,NA,W,N,4,0,1,2,A,-,08,22107,NA,N,D,C,A,A,H,-,A,D,0,NA,NA,NA,Y,Y,NA,D,22,0,0,1,0,0,0,0,0,0,-,-,32.71730041503906,-117.11720275878906,SAN DIEGO,SAN DIEGO,-117.1171875,32.717227935791016
91389213,2021,2021-01-18,9645,2021-01-15,1835,017953,NA,5,2,7,3711,0,1,1,NA,2,010,I-8 E/B,SPORTS ARENA BLVD.,4594,E,N,A,-,Y,NA,NA,8,NA,NA,NA,NA,NA,E,Y,3,0,3,3,A,-,03,22350,NA,N,C,C,A,A,H,-,D,D,0,NA,NA,NA,NA,Y,NA,A,07,0,1,2,0,0,0,0,0,0,-,-,32.75918960571289,-117.20712280273438,SAN DIEGO,SAN DIEGO,-117.20712280273438,32.75918197631836
91389497,2020,2021-01-18,9680,2020-12-18,1340,017928,NA,5,1,9,3700,0,1,3,NA,1,052,SR-78,SR-79,6864,W,N,A,-,Y,NA,NA,78,NA,NA,NA,NA,NA,NA,Y,4,0,1,2,A,-,03,22350,NA,N,B,C,A,A,H,-,A,D,0,NA,NA,Y,NA,Y,NA,C,02,0,0,1,0,0,0,0,0,1,-,-,33.10206985473633,-116.69550323486328,SAN DIEGO,UNINCORPORATED,-116.69547271728516,33.10204315185547
91389589,2020,2021-01-18,9680,2020-12-19,1740,022050,NA,6,2,9,3700,0,3,5,NA,2,002,JAMACHA RD,ELKELTON BLVD,300,E,N,A,-,N,NA,NA,NA,NA,NA,NA,NA,NA,NA,Y,3,0,1,2,A,-,06,21755,NA,N,D,C,A,A,H,-,C,D,0,NA,NA,NA,NA,Y,NA,A,01,0,1,0,0,0,0,0,0,0,-,-,32.71464157104492,-117.01654052734376,SAN DIEGO,UNINCORPORATED,-117.01667022705078,32.714759826660156
91390088,2021,2021-01-18,9680,2021-01-06,1140,015972,NA,3,1,5,3705,0,1,1,NA,2,081,I-8 E/B,GROSSMONT BOULEVARD,700,E,N,B,-,Y,NA,NA,8,NA,NA,NA,NA,NA,E,Y,4,0,1,3,A,-,03,22350,NA,N,C,C,A,A,H,-,A,D,0,NA,NA,NA,NA,Y,NA,D,22,0,0,1,0,0,0,0,0,0,-,-,32.778968811035156,-116.98795318603516,SAN DIEGO,EL CAJON,-116.98795318603516,32.77887725830078
91390282,2020,2021-01-19,9680,2020-09-11,2150,021646,NA,5,2,5,3705,0,1,1,NA,2,081,INTERSTATE 8 WESTBOUND,GROSSMONT BOULEVARD,1318,E,N,A,-,Y,NA,NA,8,NA,NA,NA,NA,NA,W,Y,2,0,1,1,A,-,08,22107,NA,N,E,I,A,A,H,-,D,D,0,NA,NA,NA,NA,Y,NA,A,01,1,0,0,0,0,0,0,0,0,-,-,32.77898025512695,-116.98638916015624,SAN DIEGO,EL CAJON,-116.98639678955078,32.77907943725586
91391622,2021,2021-01-20,9645,2021-01-19,1310,020066,NA,2,1,7,3711,0,1,1,NA,2,009,I-805 S/B,PALM AVE,2070,S,N,A,-,Y,NA,NA,805,NA,NA,NA,NA,NA,S,Y,3,0,1,3,A,-,03,22350,NA,N,C,C,A,A,H,-,A,D,0,NA,NA,NA,NA,Y,NA,E,22,0,1,0,0,0,0,0,0,0,-,-,32.577518463134766,-117.03823852539063,SAN DIEGO,SAN DIEGO,-117.0386199951172,32.577613830566406
91391813,2020,2021-01-21,9680,2020-12-20,1427,022030,NA,7,2,5,3708,0,1,1,NA,2,081,I-8 W/B,LAKE MURRAY BLVD,24,W,N,A,-,Y,NA,NA,8,NA,NA,NA,NA,NA,W,Y,3,0,1,1,A,-,08,22107,NA,N,B,I,A,A,H,-,A,D,0,NA,NA,NA,NA,Y,Y,A,01,0,1,0,0,0,0,0,0,0,-,-,32.77431106567383,-117.04592895507813,SAN DIEGO,LA MESA,-117.04597473144533,32.77423095703125
91392360,2021,2021-01-21,9680,2021-01-11,1300,021994,NA,1,1,9,3700,0,2,4,NA,1,021,DEHESA ROAD,WILLOW GLEN DR,480,S,N,A,-,N,NA,NA,NA,NA,NA,NA,NA,NA,NA,Y,3,0,1,1,A,-,03,22350,NA,M,F,A,A,A,H,-,A,D,0,NA,NA,Y,NA,Y,NA,C,02,0,1,0,0,0,0,0,0,1,-,-,32.78705978393555,-116.88922119140624,SAN DIEGO,UNINCORPORATED,-116.8891143798828,32.78759002685547
91393852,2021,2021-01-25,9645,2021-01-23,1328,020301,NA,6,1,7,3711,0,1,1,NA,2,027,I-15 S/B FROM BALBOA AVE,BALBOA AVE,20,N,N,C,-,Y,NA,NA,15,NA,NA,NA,R,NA,S,Y,3,0,1,1,A,-,08,22107,NA,N,E,J,A,B,H,-,A,D,0,NA,NA,NA,NA,Y,NA,A,07,0,1,0,0,0,0,0,0,0,-,-,32.82307815551758,-117.1168212890625,SAN DIEGO,SAN DIEGO,-117.1168212890625,32.82307815551758
91393861,2021,2021-01-25,9680,2021-01-13,0550,017011,NA,3,3,9,3700,0,1,3,NA,2,028,SR-125 S/B TO JAMACHA ROAD,JAMACHA ROAD,0,NA,Y,A,-,N,NA,NA,125,NA,NA,NA,R,NA,S,N,4,0,1,2,A,-,12,21453,A,N,D,C,A,A,H,-,C,A,0,NA,NA,NA,NA,Y,NA,D,22,0,0,1,0,0,0,0,0,0,-,-,32.714759826660156,-117.01499938964844,SAN DIEGO,UNINCORPORATED,-117.01499938964844,32.714759826660156