CASE_ID,ACCIDENT_YEAR,PROC_DATE,JURIS,COLLISION_DATE,COLLISION_TIME,OFFICER_ID,REPORTING_DISTRICT,DAY_OF_WEEK,CHP_SHIFT,POPULATION,CNTY_CITY_LOC,SPECIAL_COND,BEAT_TYPE,CHP_BEAT_TYPE,CITY_DIVISION_LAPD,CHP_BEAT_CLASS,BEAT_NUMBER,PRIMARY_RD,SECONDARY_RD,DISTANCE,DIRECTION,INTERSECTION,WEATHER_1,WEATHER_2,STATE_HWY_IND,CALTRANS_COUNTY,CALTRANS_DISTRICT,STATE_ROUTE,ROUTE_SUFFIX,POSTMILE_PREFIX,POSTMILE,LOCATION_TYPE,RAMP_INTERSECTION,SIDE_OF_HWY,TOW_AWAY,COLLISION_SEVERITY,NUMBER_KILLED,NUMBER_INJURED,PARTY_COUNT,PRIMARY_COLL_FACTOR,PCF_CODE_OF_VIOL,PCF_VIOL_CATEGORY,PCF_VIOLATION,PCF_VIOL_SUBSECTION,HIT_AND_RUN,TYPE_OF_COLLISION,MVIW,PED_ACTION,ROAD_SURFACE,ROAD_COND_1,ROAD_COND_2,LIGHTING,CONTROL_DEVICE,CHP_ROAD_TYPE,PEDESTRIAN_ACCIDENT,BICYCLE_ACCIDENT,MOTORCYCLE_ACCIDENT,TRUCK_ACCIDENT,NOT_PRIVATE_PROPERTY,ALCOHOL_INVOLVED,STWD_VEHTYPE_AT_FAULT,CHP_VEHTYPE_AT_FAULT,COUNT_SEVERE_INJ,COUNT_VISIBLE_INJ,COUNT_COMPLAINT_PAIN,COUNT_PED_KILLED,COUNT_PED_INJURED,COUNT_BICYCLIST_KILLED,COUNT_BICYCLIST_INJURED,COUNT_MC_KILLED,COUNT_MC_INJURED,PRIMARY_RAMP,SECONDARY_RAMP,LATITUDE,LONGITUDE,COUNTY,CITY,POINT_X,POINT_Y
91783363,2022,2022-05-27,9645,2022-05-23,2038,022739,NA,1,2,7,3711,0,1,1,NA,2,011,I-805 N/B,ADAMS AVENUE O/C,200,S,N,A,-,Y,SD,NA,805,NA,NA,16.939,H,NA,R,Y,3,0,1,3,A,-,08,22107,NA,N,B,C,A,A,H,-,D,D,0,NA,NA,NA,NA,Y,NA,-,-,0,1,0,0,0,0,0,0,0,-,-,32.76253890991211,-117.12715911865234,SAN DIEGO,SAN DIEGO,-117.1271514892578,32.762542724609375
91787090,2022,2022-08-02,9645,2022-05-20,1328,020265,NA,5,1,6,3702,0,1,3,NA,2,031,SR-125 S/B,BIRCH RD. U/C,1000,S,N,A,-,Y,SD,NA,125,NA,NA,1.352,H,NA,L,Y,3,0,2,2,A,-,07,21658,A,N,B,C,A,A,H,-,A,D,0,NA,NA,NA,NA,Y,NA,A,07,0,2,0,0,0,0,0,0,0,-,-,32.607601165771484,-116.96720123291016,SAN DIEGO,CHULA VISTA,-116.967041015625,32.60767364501953
91787172,2022,2022-06-02,9680,2022-05-21,1505,018672,NA,6,2,9,3700,0,1,3,NA,1,052,STATE ROUTE 78,PAYSON DRIVE,100,E,N,A,-,Y,SD,NA,78,NA,NA,57.319,H,NA,R,Y,2,0,1,2,A,-,05,21460,A,N,A,C,A,A,H,-,A,A,0,NA,NA,Y,NA,Y,NA,C,02,1,0,0,0,0,0,0,0,1,-,-,33.0779914855957,-116.6105728149414,SAN DIEGO,UNINCORPORATED,-116.61056518554688,33.077999114990234
91788164,2022,2022-06-03,9650,2022-05-29,1500,020474,NA,7,2,9,3700,0,1,1,NA,2,003,I-5 S/B,HARBOR DR UNDERCROSSING,528,N,N,A,-,Y,SD,NA,5,NA,R,54.635,H,NA,L,Y,4,0,1,2,A,-,03,22350,NA,N,C,C,A,A,H,-,A,D,0,NA,NA,NA,NA,Y,NA,A,01,0,0,1,0,0,0,0,0,0,-,-,33.2134895324707,-117.3893814086914,SAN DIEGO,UNINCORPORATED,-117.3893585205078,33.2135009765625
91788173,2022,2022-06-03,9680,2022-05-22,1550,019475,NA,7,2,9,3700,0,3,5,NA,2,004,BUCKMAN SPRINGS RD,OLD BUCKMAN SPRINGS RD,4224,S,N,A,-,N,NA,NA,NA,NA,NA,NA,NA,NA,NA,Y,3,0,1,1,A,-,08,22107,NA,N,E,I,A,A,H,-,A,D,0,NA,NA,NA,NA,Y,NA,A,01,0,1,0,0,0,0,0,0,0,-,-,32.74612045288086,-116.49404907226563,SAN DIEGO,UNINCORPORATED,-116.49406433105467,32.74580764770508
91788364,2022,2022-06-06,9650,2022-05-28,2054,021844,NA,6,2,9,3700,0,3,5,NA,1,212,OLD CASTLE ROAD,PAMOOSA LANE,400,W,N,A,-,N,NA,NA,NA,NA,NA,NA,NA,NA,NA,Y,3,0,1,1,A,-,01,23152,A,N,F,A,A,A,H,-,D,D,0,NA,NA,NA,NA,Y,Y,A,07,0,1,0,0,0,0,0,0,0,-,-,33.251808166503906,-117.11724090576172,SAN DIEGO,UNINCORPORATED,-117.1171646118164,33.25193405151367
91790707,2022,2022-06-08,9645,2022-05-26,0312,022206,NA,4,3,6,3702,0,1,1,NA,2,001,I-5 N/B,IRIS AVENUE,1250,N,N,B,-,Y,SD,NA,5,NA,NA,3.665,H,NA,R,N,4,0,1,2,A,-,03,22350,NA,N,E,C,A,A,H,-,C,D,0,NA,NA,NA,NA,Y,NA,A,01,0,0,1,0,0,0,0,0,0,-,-,32.5720100402832,-117.07869720458984,SAN DIEGO,CHULA VISTA,-117.0787353515625,32.571990966796875
91791465,2022,2022-06-09,9650,2022-06-02,1540,018321,NA,4,2,5,3701,0,1,1,NA,2,005,I-5 N/B,POINSETTIA AVE,2104,S,N,B,-,Y,SD,NA,5,NA,R,45.167,H,NA,R,N,4,0,1,2,A,-,03,22350,NA,N,C,C,A,A,H,-,A,D,0,NA,NA,NA,NA,Y,NA,A,01,0,0,1,0,0,0,0,0,0,-,-,33.09825134277344,-117.30712127685548,SAN DIEGO,CARLSBAD,-117.30706787109376,33.09827423095703
91792110,2022,2022-06-09,9645,2022-06-01,1428,020265,NA,3,2,6,3702,0,1,1,NA,2,009,I-805 S/B,E ST. U/C,700,N,N,A,-,Y,SD,NA,805,NA,NA,8.513,H,NA,L,Y,3,0,2,2,A,-,08,22107,NA,N,B,C,A,A,H,-,A,D,0,NA,NA,NA,NA,Y,NA,A,01,0,2,0,0,0,0,0,0,0,-,-,32.65439987182617,-117.07109832763672,SAN DIEGO,CHULA VISTA,-117.07114410400392,32.65436935424805
91795185,2022,2022-06-15,9650,2022-06-04,1420,021154,NA,6,2,9,3700,0,1,1,NA,2,001,I-5 S/B,BASILONE RD.,1915,N,N,A,-,Y,SD,NA,5,NA,R,71.746,H,NA,L,Y,4,0,1,2,A,-,08,22107,NA,N,B,C,A,A,H,-,A,D,0,NA,NA,NA,NA,Y,NA,A,01,0,0,1,0,0,0,0,0,0,-,-,33.38874053955078,-117.58811950683594,SAN DIEGO,UNINCORPORATED,-117.5881576538086,33.38871765136719
91796771,2022,2022-08-03,9680,2022-06-05,1023,017621,NA,7,1,9,3700,0,1,3,NA,1,090,SR-67 (MAIN ST.),13TH ST.,198,S,N,A,-,Y,SD,NA,67,NA,NA,24.012,H,NA,R,Y,2,0,1,2,A,-,03,22350,NA,N,D,C,A,A,H,-,A,A,0,NA,NA,Y,NA,Y,NA,C,02,1,0,0,0,0,0,0,0,1,-,-,33.03913879394531,-116.8740005493164,SAN DIEGO,UNINCORPORATED,-116.87390899658205,33.03902053833008
91797041,2022,2022-06-16,9645,2022-06-10,0518,021768,NA,5,3,7,3711,0,1,1,NA,2,017,I-15 N/B,SR-52 E/B O/C,830,S,N,A,-,Y,SD,NA,15,NA,R,10.402,H,NA,R,Y,4,0,1,2,A,-,08,22107,NA,N,B,C,A,A,H,-,B,D,0,NA,NA,NA,NA,Y,NA,A,01,0,0,1,0,0,0,0,0,0,-,-,32.839378356933594,-117.1208267211914,SAN DIEGO,SAN DIEGO,-117.12074279785156,32.839385986328125
91800969,2022,2022-06-22,9645,2022-06-14,0620,017678,NA,2,1,7,3711,0,1,1,NA,2,009,I-805 NORTHBOUND,IMPERIAL AVE. O/C,500,N,N,B,-,Y,SD,NA,805,NA,NA,12.252,H,NA,R,N,2,0,1,2,A,-,07,21658,A,N,B,C,A,A,H,-,A,D,0,NA,NA,Y,NA,Y,NA,A,01,1,0,0,0,0,0,0,0,1,-,-,32.70286178588867,-117.09471130371094,SAN DIEGO,SAN DIEGO,-117.09476470947266,32.702857971191406
91802059,2022,2022-06-23,9650,2022-06-22,1735,018496,NA,3,2,6,3710,0,1,1,NA,2,005,I-5 N/B,OCEANSIDE BLVD,100,N,N,B,-,Y,SD,NA,5,NA,R,52.346,H,NA,R,Y,4,0,1,3,A,-,03,22350,NA,M,C,C,A,A,H,-,A,D,0,NA,NA,NA,NA,Y,NA,D,22,0,0,1,0,0,0,0,0,0,-,-,33.19075012207031,-117.3624267578125,SAN DIEGO,OCEANSIDE,-117.36249542236328,33.190711975097656
91802866,2022,2022-06-24,9645,2022-06-10,1835,018678,NA,5,2,7,3711,0,1,1,NA,2,001,I-5 S/B TO SR-905 E/B,BEYER BLVD U/C,1900,E,N,A,-,Y,NA,NA,NA,NA,NA,NA,NA,NA,NA,Y,3,0,1,1,A,-,03,22350,NA,N,E,I,A,A,H,-,A,A,0,NA,NA,NA,NA,Y,NA,A,01,0,1,0,0,0,0,0,0,0,-,-,32.56618118286133,-117.07138061523438,SAN DIEGO,SAN DIEGO,-117.07138061523438,32.56618118286133
91809103,2022,2022-07-01,9680,2022-06-21,2350,016415,NA,2,3,9,3700,0,1,3,NA,1,017,SR-67 S/B,SLAUGHTERHOUSE CANYON RD,2200,N,N,A,-,Y,SD,NA,67,NA,R,9.746,H,NA,L,Y,2,0,1,1,A,-,08,22107,NA,N,F,A,A,A,H,-,D,D,0,NA,NA,NA,NA,Y,NA,A,01,1,0,0,0,0,0,0,0,0,-,-,32.91147994995117,-116.94709777832033,SAN DIEGO,UNINCORPORATED,-116.94695281982422,32.911476135253906
91809174,2022,2022-07-01,9680,2022-06-22,0105,017996,NA,3,3,9,3700,0,1,1,NA,2,083,I-8 EASTBOUND,LAKE JENNINGS PARK ROAD,4752,E,N,A,-,Y,SD,NA,8,NA,R,22.727,H,NA,R,N,3,0,1,1,A,-,01,23152,A,N,E,8,A,A,H,-,C,D,0,NA,NA,NA,NA,Y,Y,A,07,0,1,0,0,0,0,0,0,0,-,-,32.851348876953125,-116.86917114257813,SAN DIEGO,UNINCORPORATED,-116.86921691894533,32.851402282714844
91810051,2022,2022-07-05,9645,2022-06-23,0615,016047,NA,4,1,7,3711,0,1,3,NA,2,023,SR-163 NORTHBOUND,I-8,590,S,N,A,-,Y,SD,NA,163,NA,NA,3.612,H,NA,R,N,4,0,1,2,A,-,08,22107,NA,F,B,C,A,A,H,-,A,D,0,NA,NA,NA,NA,Y,NA,-,99,0,0,1,0,0,0,0,0,0,-,-,32.760799407958984,-117.16295623779295,SAN DIEGO,SAN DIEGO,-117.16297912597656,32.76079177856445
91810358,2022,2022-07-05,9680,2022-06-22,0650,022657,NA,3,1,9,3700,0,2,4,NA,1,025,SWEETWATER RD,BLOSSOM LANE,0,NA,Y,A,-,N,NA,NA,NA,NA,NA,NA,NA,NA,NA,Y,3,0,2,2,D,-,00,NA,NA,N,D,C,A,A,H,-,A,A,0,NA,NA,NA,NA,Y,NA,-,-,0,2,0,0,0,0,0,0,0,-,-,32.72489929199219,-117.01412963867188,SAN DIEGO,UNINCORPORATED,-117.01409149169922,32.724910736083984
91810625,2022,2022-07-05,9645,2022-06-27,1510,022729,NA,1,2,7,3711,0,1,3,NA,2,006,SR-94 WESTBOUND,EUCLID AVENUE,1584,W,N,A,-,Y,SD,NA,94,NA,NA,4.839,H,NA,L,Y,3,0,1,1,A,-,01,23152,A,N,A,J,A,A,H,-,A,D,0,NA,NA,NA,NA,Y,Y,A,01,0,1,0,0,0,0,0,0,0,-,-,32.7181396484375,-117.0901336669922,SAN DIEGO,SAN DIEGO,-117.0901336669922,32.717987060546875
91810937,2022,2022-07-06,9650,2022-06-29,0120,014532,NA,3,3,9,3700,0,1,3,NA,2,065,SR-76 WESTBOUND,RAMONA DRIVE,525,E,N,A,-,Y,NA,NA,NA,NA,NA,NA,NA,NA,NA,Y,4,0,1,2,A,-,01,23152,A,N,C,C,A,A,H,-,C,D,0,NA,NA,NA,NA,Y,Y,A,01,0,0,1,0,0,0,0,0,0,-,-,33.190879821777344,-117.2584228515625,SAN DIEGO,UNINCORPORATED,-117.21418762207033,33.30369186401367
9181281,2020,2020-12-03,3711,2020-10-30,2058,SD7630,NA,5,5,7,3711,0,0,0,NA,0,111,PALOA WY,CHATEAU DR,0,NA,Y,A,-,N,NA,NA,NA,NA,NA,NA,NA,NA,NA,Y,4,0,3,5,A,-,03,22350,NA,N,D,C,A,A,H,-,C,D,0,NA,NA,NA,NA,Y,NA,A,01,0,0,3,0,0,0,0,0,0,-,-,NA,NA,SAN DIEGO,SAN DIEGO,-117.17835998535156,32.824100494384766
9181295,2020,2020-12-03,3711,2020-10-28,0907,SD6504,NA,3,5,7,3711,0,0,0,NA,0,241,SCRIPPS RANCH BL,MIRA MESA BL,480,S,N,A,-,N,NA,NA,NA,NA,NA,NA,NA,NA,NA,N,4,0,1,1,A,-,08,22107,NA,N,E,I,A,A,B,-,A,D,0,NA,NA,NA,NA,Y,NA,A,01,0,0,1,0,0,0,0,0,0,-,-,NA,NA,SAN DIEGO,SAN DIEGO,-117.11070251464844,32.915771484375
9181301,2020,2020-12-04,3711,2020-10-28,1255,SD5985,NA,3,5,7,3711,0,0,0,NA,0,529,SPRUCE ST,6TH AV,0,NA,Y,A,-,N,NA,NA,NA,NA,NA,NA,NA,NA,NA,Y,4,0,1,3,A,-,09,21802,A,N,D,C,A,A,H,-,A,A,0,NA,NA,NA,NA,Y,NA,A,01,0,0,1,0,0,0,0,0,0,-,-,NA,NA,SAN DIEGO,SAN DIEGO,-117.159423828125,32.73870849609375
91813225,2022,2022-07-08,9680,2022-06-30,1517,021441,NA,4,2,9,3700,0,3,5,NA,2,002,CALLE VERDE,AVOCADO BLVD,280,E,N,A,-,N,NA,NA,NA,NA,NA,NA,NA,NA,NA,Y,3,0,2,2,A,-,09,21804,A,N,D,C,A,A,H,-,A,D,0,NA,NA,NA,NA,Y,NA,A,07,0,1,1,0,0,0,0,0,0,-,-,32.74821090698242,-116.96095275878906,SAN DIEGO,UNINCORPORATED,-116.96109008789063,32.748291015625
9181338,2020,2020-12-04,3711,2020-10-31,1353,SD1002,NA,6,5,7,3711,0,0,0,NA,0,326,MONTEZUMA RD,YERBA SANTA DR,63,W,N,A,-,N,NA,NA,NA,NA,NA,NA,NA,NA,NA,Y,3,0,1,2,A,-,04,21703,NA,N,C,C,A,A,H,-,A,A,0,NA,NA,NA,NA,Y,NA,A,01,0,1,0,0,0,0,0,0,0,-,-,NA,NA,SAN DIEGO,SAN DIEGO,-117.0846710205078,32.770721435546875
9181631,2020,2020-12-08,3702,2020-10-28,1542,CV0986,NA,3,5,6,3702,0,0,0,NA,0,011,E ST,BROADWAY,158,W,N,A,-,N,NA,NA,NA,NA,NA,NA,NA,NA,NA,N,4,0,1,2,A,-,09,21804,A,F,D,C,A,A,H,-,A,D,0,NA,NA,NA,NA,Y,NA,-,99,0,0,1,0,0,0,0,0,0,-,-,NA,NA,SAN DIEGO,CHULA VISTA,-117.093994140625,32.64118576049805
9181667,2020,2020-11-20,3702,2020-08-23,1810,CV1206,NA,7,5,6,3702,0,0,0,NA,0,032,EAST H ST,AUBURN AV,590,W,N,A,-,N,NA,NA,NA,NA,NA,NA,NA,NA,NA,Y,4,0,1,2,A,-,03,22350,NA,N,C,C,A,A,H,-,A,D,0,NA,NA,NA,NA,Y,NA,A,01,0,0,1,0,0,0,0,0,0,-,-,NA,NA,SAN DIEGO,CHULA VISTA,-116.99470520019533,32.645957946777344
91817385,2022,2022-07-14,9645,2022-07-07,1236,014909,NA,4,1,7,3711,0,1,1,NA,2,007,I-5 SOUTHBOUND,LA JOLLA VILLAGE DRIVE,10,N,N,A,-,Y,SD,NA,5,NA,R,28.442,H,NA,L,Y,3,0,1,1,A,-,03,22350,NA,N,F,A,A,A,H,-,A,D,0,NA,NA,Y,NA,Y,NA,C,02,0,1,0,0,0,0,0,0,1,-,-,32.87226867675781,-117.22928619384766,SAN DIEGO,SAN DIEGO,-117.22933197021484,32.87227249145508
91818093,2022,2022-07-15,9645,2022-07-10,0752,022948,NA,7,1,7,3711,0,1,1,NA,2,019,I-15 S/B,DUENDA  RD,3000,N,N,A,-,Y,NA,NA,NA,NA,NA,NA,NA,NA,NA,Y,2,0,1,1,A,-,01,23152,A,N,E,I,A,A,H,-,A,D,0,NA,NA,NA,NA,Y,Y,A,01,1,0,0,0,0,0,0,0,0,-,-,33.04008865356445,-117.07550048828124,SAN DIEGO,SAN DIEGO,-117.07522583007813,33.039974212646484
91818474,2022,2022-07-18,9650,2022-07-13,0910,017780,NA,3,1,6,3706,0,1,1,NA,2,023,I-15 S/B FROM EL NORTE PARKWAY,EL NORTE PARKWAY,760,S,N,A,-,Y,SD,NA,15,NA,R,32.727,H,NA,L,Y,3,0,1,6,A,-,03,22350,NA,N,C,C,A,A,H,-,A,A,0,NA,NA,NA,Y,Y,NA,F,26,0,1,0,0,0,0,0,0,0,-,-,33.144630432128906,-117.10498046875,SAN DIEGO,ESCONDIDO,-117.10472869873048,33.144622802734375
91821562,2022,2022-07-20,9645,2022-07-15,1630,021231,NA,5,2,7,3711,0,1,1,NA,2,009,I-805 SB,IMPERIAL AVENUE,200,N,N,A,-,Y,SD,NA,805,NA,NA,12.381,H,NA,L,Y,3,0,1,2,A,-,03,22350,NA,N,C,C,A,A,H,-,A,D,0,NA,NA,Y,NA,Y,NA,C,02,0,1,0,0,0,0,0,0,1,-,-,32.70466995239258,-117.0953369140625,SAN DIEGO,SAN DIEGO,-117.0953369140625,32.70466995239258
91822424,2022,2022-07-21,9645,2022-07-10,0238,021768,NA,7,3,9,3700,0,3,5,NA,2,018,BONITA ROAD E/B,FRISBIE STREET,160,W,N,A,-,Y,NA,NA,NA,NA,NA,NA,NA,NA,NA,Y,2,0,2,2,A,-,01,23152,A,F,D,C,A,A,H,-,C,D,0,NA,NA,NA,NA,Y,Y,D,22,1,1,0,0,0,0,0,0,0,-,-,32.671958923339844,-117.02027130126952,SAN DIEGO,UNINCORPORATED,-117.02008819580078,32.67213439941406
91823049,2022,2022-07-22,9645,2022-07-18,0725,016838,NA,1,1,7,3711,0,1,1,NA,2,021,SR-15 S/B TO I-805 S/B,LANDIS STREET PED O/C,2000,S,N,A,-,Y,SD,NA,15,NA,M,3.877,H,NA,L,Y,4,0,2,3,A,-,07,21658,A,N,B,C,A,A,H,-,A,D,0,NA,NA,NA,Y,Y,NA,A,01,0,0,2,0,0,0,0,0,0,-,-,32.739498138427734,-117.11380004882813,SAN DIEGO,SAN DIEGO,-117.11370086669922,32.739479064941406
9182511,2020,2021-01-02,3702,2020-10-26,2009,CV1311,NA,1,5,6,3702,0,0,0,NA,0,021,5TH AV,MOSS ST,0,NA,Y,A,-,N,NA,NA,NA,NA,NA,NA,NA,NA,NA,Y,4,0,1,2,A,-,12,21453,A,N,D,C,A,A,H,-,C,A,0,NA,NA,NA,NA,Y,NA,A,01,0,0,1,0,0,0,0,0,0,-,-,NA,NA,SAN DIEGO,CHULA VISTA,-117.07858276367188,32.61484146118164
9182525,2020,2020-12-07,3702,2020-10-16,1205,CV1289,NA,5,5,6,3702,0,0,0,NA,0,021,MOSS ST,BROADWAY,700,E,N,A,-,N,NA,NA,NA,NA,NA,NA,NA,NA,NA,N,3,0,1,3,A,-,05,21460,B,F,C,C,A,A,H,-,A,D,0,NA,NA,NA,NA,Y,NA,-,99,0,1,0,0,0,0,0,0,0,-,-,NA,NA,SAN DIEGO,CHULA VISTA,-117.08062744140624,32.61427307128906
91825256,2022,2022-09-13,9680,2022-07-16,0800,022183,NA,6,1,9,3700,0,2,4,NA,1,020,AVOCADO BLVD,QUEEN AVE,0,NA,Y,A,-,N,NA,NA,NA,NA,NA,NA,NA,NA,NA,Y,4,0,1,1,A,-,01,23152,A,N,E,I,A,A,H,-,A,D,0,NA,NA,NA,NA,Y,Y,A,01,0,0,1,0,0,0,0,0,0,-,-,32.761940002441406,-116.96109008789063,SAN DIEGO,UNINCORPORATED,-116.96121215820313,32.76198959350586
9182597,2020,2020-11-24,3702,2020-09-30,1252,CV1298,NA,3,5,6,3702,0,0,0,NA,0,012,BROADWAY,F ST,125,S,N,A,-,N,NA,NA,NA,NA,NA,NA,NA,NA,NA,N,4,0,1,2,A,-,03,22350,NA,N,C,C,A,A,H,-,A,D,0,NA,NA,NA,NA,Y,NA,A,01,0,0,1,0,0,0,0,0,0,-,-,NA,NA,SAN DIEGO,CHULA VISTA,-117.092041015625,32.637516021728516
91829853,2022,2022-08-01,9645,2022-07-17,1640,022729,NA,7,2,7,3711,0,1,1,NA,2,027,I-15 NORTHBOUND,FRIARS ROAD,1584,N,N,A,-,Y,SD,NA,15,NA,R,7.105,H,NA,R,Y,2,0,1,1,A,-,08,22107,NA,F,E,I,A,A,H,-,A,D,0,NA,NA,NA,NA,Y,NA,A,01,1,0,0,0,0,0,0,0,0,-,-,32.79235076904297,-117.11237335205078,SAN DIEGO,SAN DIEGO,-117.1122589111328,32.79232406616211
91831376,2022,2022-08-02,9680,2022-07-23,1520,022030,NA,6,2,9,3700,0,2,4,NA,1,026,JAMACHA RD,PRESIOCA ST,62,W,N,A,-,N,NA,NA,NA,NA,NA,NA,NA,NA,NA,N,4,0,1,2,A,-,03,22350,NA,F,C,C,A,A,H,-,A,D,0,NA,NA,NA,NA,Y,NA,-,99,0,0,1,0,0,0,0,0,0,-,-,32.71488952636719,-117.00180816650392,SAN DIEGO,UNINCORPORATED,-117.00169372558594,32.71485900878906
91832175,2022,2022-08-03,9680,2022-07-23,2325,022657,NA,6,3,9,3700,0,1,3,NA,1,040,STATE ROUTE 94 (CAMPO ROAD),BARRETT SMITH RD,170,E,N,A,-,Y,SD,NA,94,NA,NA,36.342,H,NA,R,Y,4,0,1,1,A,-,01,23152,A,N,E,J,A,A,H,-,D,D,0,NA,NA,NA,NA,Y,Y,A,01,0,0,1,0,0,0,0,0,0,-,-,32.5991096496582,-116.68144989013672,SAN DIEGO,UNINCORPORATED,-116.68141174316406,32.59912872314453
91832241,2022,2022-08-03,9645,2022-07-31,1200,022932,NA,7,1,7,3711,0,1,3,NA,1,004,SR-75 S/B,I-5,5000,W,N,A,-,Y,SD,NA,75,NA,R,21.06,H,NA,L,Y,3,0,1,3,A,-,03,22350,NA,N,C,C,A,A,H,-,A,D,0,NA,NA,NA,NA,Y,NA,A,01,0,1,0,0,0,0,0,0,0,-,-,32.687591552734375,-117.155517578125,SAN DIEGO,SAN DIEGO,-117.15558624267578,32.68765640258789
91832328,2022,2022-08-03,9645,2022-08-02,1732,020952,NA,2,2,7,3711,0,1,1,NA,2,005,INTERSTATE 5 (NORTHBOUND),OLD TOWN ROAD,530,N,N,A,-,Y,SD,NA,5,NA,R,19.149,H,NA,R,Y,4,0,2,3,A,-,03,22350,NA,N,B,2,A,A,H,-,A,D,0,NA,NA,NA,NA,Y,NA,A,01,0,0,2,0,0,0,0,0,0,-,-,32.74885940551758,-117.19483184814452,SAN DIEGO,SAN DIEGO,-117.19483947753906,32.74885177612305
91833125,2022,2023-01-23,9650,2022-07-12,0858,015446,NA,2,1,9,3700,0,1,3,NA,1,028,SR-76,LAZY H DRIVE,1730,W,N,A,-,Y,SD,NA,76,NA,NA,31.869,H,NA,R,Y,1,1,0,1,A,-,08,22107,NA,N,E,8,A,A,H,-,A,D,0,NA,NA,NA,NA,Y,NA,A,01,0,0,0,0,0,0,0,0,0,-,-,33.2970085144043,-116.97113037109376,SAN DIEGO,UNINCORPORATED,-116.9712142944336,33.29697799682617
91833924,2022,2022-08-05,9645,2022-08-03,1700,020997,NA,3,2,7,3711,0,1,1,NA,2,015,I-805 S/B,CLAIREMONT MESA BOULEVARD,1000,N,N,A,-,Y,SD,NA,805,NA,NA,23.071,H,NA,L,N,3,0,1,4,A,-,03,22350,NA,N,C,C,A,A,H,-,A,D,0,NA,NA,NA,NA,Y,NA,A,01,0,1,0,0,0,0,0,0,0,-,-,32.84008026123047,-117.173828125,SAN DIEGO,SAN DIEGO,-117.1737823486328,32.8400993347168
9183545,2020,2021-01-13,3705,2020-10-26,1433,EC0416,NA,1,5,5,3705,0,0,0,NA,0,004,N 2ND,CLARENDON ST,0,NA,Y,A,-,N,NA,NA,NA,NA,NA,NA,NA,NA,NA,NA,4,0,1,2,A,-,09,21801,A,F,D,C,A,A,H,-,A,D,0,NA,NA,NA,NA,Y,NA,D,22,0,0,1,0,0,0,0,0,0,-,-,NA,NA,SAN DIEGO,EL CAJON,-116.93579864501952,32.808738708496094
91835457,2022,2022-08-08,9650,2022-07-27,1540,019490,NA,3,2,5,3712,0,1,3,NA,2,019,SR-78 E/B,SAN MARCOS BLVD,1584,W,N,B,-,Y,SD,NA,78,NA,NA,11.836,H,NA,R,N,3,0,1,2,A,-,07,21658,A,N,B,C,A,A,H,-,A,D,0,NA,NA,Y,NA,Y,NA,A,01,0,1,0,0,0,0,0,0,1,-,-,33.1396598815918,-117.18163299560548,SAN DIEGO,SAN MARCOS,-117.181640625,33.139644622802734
9183625,2020,2021-01-04,3705,2020-10-25,1601,EC5357,NA,7,5,5,3705,0,0,0,NA,0,002,E MADISON AV,SHADY LN,0,NA,Y,A,-,N,NA,NA,NA,NA,NA,NA,NA,NA,NA,NA,4,0,2,3,A,-,09,21802,B,N,D,C,A,A,H,-,A,D,0,NA,NA,NA,NA,Y,NA,A,01,0,0,2,0,0,0,0,0,0,-,-,NA,NA,SAN DIEGO,EL CAJON,-116.93801879882813,32.80012893676758
91836386,2022,2022-08-09,9645,2022-07-23,0030,021639,NA,6,3,7,3711,0,1,1,NA,2,005,I-5 NB,OLD TOWN AVE O/C,50,S,N,A,-,Y,SD,NA,5,NA,R,19.04,H,NA,R,Y,3,0,1,1,A,-,08,22107,NA,N,E,I,A,A,H,-,D,D,0,NA,NA,NA,NA,Y,NA,A,01,0,1,0,0,0,0,0,0,0,-,-,32.74789047241211,-117.193359375,SAN DIEGO,SAN DIEGO,-117.19343566894533,32.74781036376953