CASE_ID,ACCIDENT_YEAR,PROC_DATE,JURIS,COLLISION_DATE,COLLISION_TIME,OFFICER_ID,REPORTING_DISTRICT,DAY_OF_WEEK,CHP_SHIFT,POPULATION,CNTY_CITY_LOC,SPECIAL_COND,BEAT_TYPE,CHP_BEAT_TYPE,CITY_DIVISION_LAPD,CHP_BEAT_CLASS,BEAT_NUMBER,PRIMARY_RD,SECONDARY_RD,DISTANCE,DIRECTION,INTERSECTION,WEATHER_1,WEATHER_2,STATE_HWY_IND,CALTRANS_COUNTY,CALTRANS_DISTRICT,STATE_ROUTE,ROUTE_SUFFIX,POSTMILE_PREFIX,POSTMILE,LOCATION_TYPE,RAMP_INTERSECTION,SIDE_OF_HWY,TOW_AWAY,COLLISION_SEVERITY,NUMBER_KILLED,NUMBER_INJURED,PARTY_COUNT,PRIMARY_COLL_FACTOR,PCF_CODE_OF_VIOL,PCF_VIOL_CATEGORY,PCF_VIOLATION,PCF_VIOL_SUBSECTION,HIT_AND_RUN,TYPE_OF_COLLISION,MVIW,PED_ACTION,ROAD_SURFACE,ROAD_COND_1,ROAD_COND_2,LIGHTING,CONTROL_DEVICE,CHP_ROAD_TYPE,PEDESTRIAN_ACCIDENT,BICYCLE_ACCIDENT,MOTORCYCLE_ACCIDENT,TRUCK_ACCIDENT,NOT_PRIVATE_PROPERTY,ALCOHOL_INVOLVED,STWD_VEHTYPE_AT_FAULT,CHP_VEHTYPE_AT_FAULT,COUNT_SEVERE_INJ,COUNT_VISIBLE_INJ,COUNT_COMPLAINT_PAIN,COUNT_PED_KILLED,COUNT_PED_INJURED,COUNT_BICYCLIST_KILLED,COUNT_BICYCLIST_INJURED,COUNT_MC_KILLED,COUNT_MC_INJURED,PRIMARY_RAMP,SECONDARY_RAMP,LATITUDE,LONGITUDE,COUNTY,CITY,POINT_X,POINT_Y
9633217,2023,2024-02-01,3711,2023-11-03,1711,SD7994,NA,5,5,7,3711,0,0,0,NA,0,111,BALBOA AV,ALBERTINE AVE,95,W,N,A,-,N,NA,NA,NA,NA,NA,NA,NA,NA,NA,N,4,0,2,2,A,-,03,22350,NA,M,C,C,A,A,H,-,A,A,0,NA,NA,NA,NA,Y,NA,-,NA,0,0,2,0,0,0,0,0,0,-,-,NA,NA,SAN DIEGO,SAN DIEGO,-117.17182159423828,32.820228576660156
9633335,2023,2024-02-01,3711,2023-11-05,2342,SD1542,NA,7,5,7,3711,0,0,0,NA,0,614,SANTA CRUZ AV,CABLE ST,0,NA,Y,E,-,N,NA,NA,NA,NA,NA,NA,NA,NA,NA,N,3,0,1,1,D,-,00,NA,NA,N,-,A,A,A,H,-,C,-,0,NA,NA,NA,NA,Y,Y,-,-,0,1,0,0,0,0,0,0,0,-,-,NA,NA,SAN DIEGO,SAN DIEGO,-117.2522201538086,32.74245071411133
9633531,2023,2023-11-29,3711,2023-10-26,1050,SD1899,NA,4,5,7,3711,0,0,0,NA,0,612,CURTIS ST,LOCUST ST,0,NA,Y,A,-,N,NA,NA,NA,NA,NA,NA,NA,NA,NA,Y,4,0,1,1,A,-,03,22350,NA,N,E,I,A,A,H,-,A,D,0,NA,NA,NA,NA,Y,Y,A,01,0,0,1,0,0,0,0,0,0,-,-,NA,NA,SAN DIEGO,SAN DIEGO,-117.21807861328124,32.73945236206055
9633538,2023,2023-11-29,3711,2023-10-25,1935,SD4310,NA,3,5,7,3711,0,0,0,NA,0,616,F ST,F ST 500,0,NA,N,A,-,N,NA,NA,NA,NA,NA,NA,NA,NA,NA,N,4,0,1,2,A,-,21,22106,NA,M,H,C,A,A,H,-,C,D,0,NA,NA,NA,NA,Y,NA,A,01,0,0,1,0,0,0,0,0,0,-,-,NA,NA,SAN DIEGO,SAN DIEGO,-117.09922027587892,32.6358642578125
9633680,2023,2024-01-31,3711,2023-11-09,1548,SD1506,NA,4,5,7,3711,0,0,0,NA,0,242,CAMINO RUIZ,FLANDER DR,0,NA,Y,A,-,N,NA,NA,NA,NA,NA,NA,NA,NA,NA,N,4,0,1,2,A,-,11,21456,A,N,D,-,A,A,H,-,A,A,0,NA,Y,NA,NA,Y,NA,L,04,0,0,1,0,0,0,1,0,0,-,-,NA,NA,SAN DIEGO,SAN DIEGO,-117.14589691162108,32.90680694580078
9634122,2023,2023-12-27,3705,2023-10-19,1941,EC0410,NA,4,5,5,3705,0,0,0,NA,0,004,WASHINGTON AV,S MOLLISON AV,20,W,N,A,-,N,NA,NA,NA,NA,NA,NA,NA,NA,NA,Y,3,0,3,2,A,-,03,22350,NA,N,C,C,A,A,H,-,C,A,0,NA,NA,NA,NA,Y,NA,A,01,0,1,2,0,0,0,0,0,0,-,-,NA,NA,SAN DIEGO,EL CAJON,-116.95102691650392,32.78763961791992
9634690,2023,2024-01-23,3708,2023-11-12,2320,LM1291,NA,7,5,5,3708,0,0,0,NA,0,001,SPRING ST,GATESIDE RD,0,NA,Y,A,-,N,NA,NA,NA,NA,NA,NA,NA,NA,NA,Y,4,0,1,2,A,-,03,22350,NA,N,C,C,A,A,H,-,C,A,0,NA,NA,NA,NA,Y,NA,A,01,0,0,1,0,0,0,0,0,0,-,-,NA,NA,SAN DIEGO,LA MESA,-117.0144500732422,32.75557327270508
9636610,2023,2023-11-14,3711,2023-09-28,2024,SD1236,NA,4,5,7,3711,0,0,0,NA,0,526,ASH ST,5TH ST,0,NA,Y,A,-,N,NA,NA,NA,NA,NA,NA,NA,NA,NA,N,2,0,1,2,A,-,12,21453,A,F,D,C,A,A,H,-,C,A,0,NA,NA,Y,NA,Y,NA,-,99,1,0,0,0,0,0,0,0,1,-,-,NA,NA,SAN DIEGO,SAN DIEGO,-117.16019439697266,32.719886779785156
9636909,2023,2023-11-16,3702,2023-09-17,1300,CV1278,NA,7,5,6,3702,0,0,0,NA,0,041,OLYMPIC PKWY,SANTA VENETIA,227,W,N,B,-,N,NA,NA,NA,NA,NA,NA,NA,NA,NA,N,3,0,1,1,-,-,-,NA,NA,N,H,A,A,A,H,-,A,D,0,NA,NA,Y,NA,Y,NA,-,-,0,1,0,0,0,0,0,0,1,-,-,NA,NA,SAN DIEGO,CHULA VISTA,-116.99044799804688,32.622684478759766
9637230,2023,2023-12-21,3702,2023-09-14,1035,CV1350,NA,4,5,6,3702,0,0,0,NA,0,011,E ST,RT 5,0,NA,Y,A,-,Y,SD,11,5,-,-,9.152,R,3,N,Y,4,0,1,2,A,-,09,21801,B,M,D,C,A,A,H,-,A,B,0,NA,NA,NA,NA,Y,Y,A,01,0,0,1,0,0,0,0,0,0,-,NO,NA,NA,SAN DIEGO,CHULA VISTA,-117.10271453857422,32.64775466918945
9637309,2023,2023-11-20,3711,2023-11-06,856,SD1808,NA,1,5,7,3711,0,0,0,NA,0,725,OTAY MESA RD,CALIENTE AV,0,NA,Y,A,-,N,NA,NA,NA,NA,NA,NA,NA,NA,NA,N,4,0,1,2,A,-,12,22450,A,N,D,C,A,A,-,-,A,A,0,NA,NA,NA,NA,Y,NA,A,08,0,0,1,0,0,0,0,0,0,-,-,NA,NA,SAN DIEGO,SAN DIEGO,-117.01419830322266,32.568328857421875
9637587,2023,2023-12-13,3711,2023-11-27,1830,SD7956,NA,1,5,7,3711,0,0,0,NA,0,529,1ST AV,ELM ST,0,NA,Y,A,-,N,NA,NA,NA,NA,NA,NA,NA,NA,NA,N,4,0,1,2,A,-,12,21453,A,M,G,B,B,A,H,-,C,A,0,Y,NA,NA,NA,Y,NA,-,NA,0,0,1,0,1,0,0,0,0,-,-,NA,NA,SAN DIEGO,SAN DIEGO,-117.16388702392578,32.72407150268555
9637595,2023,2023-12-14,3711,2023-11-23,550,SD1664,NA,4,5,7,3711,0,0,0,NA,0,934,CARMEL MOUNTAIN RD,SENDA LUNA LLENA,170,N,N,A,-,N,NA,NA,NA,NA,NA,NA,NA,NA,NA,Y,3,0,2,1,A,-,03,22350,NA,N,A,I,A,B,H,-,B,A,0,NA,NA,NA,NA,Y,NA,A,07,0,1,1,0,0,0,0,0,0,-,-,NA,NA,SAN DIEGO,SAN DIEGO,-117.22026824951172,32.920562744140625
9639235,2023,2023-12-02,3711,2023-10-29,1145,SD0669,NA,7,5,7,3711,0,0,0,NA,0,626,PRINGLE ST,TORRANCE ST,41,W,N,A,-,N,NA,NA,NA,NA,NA,NA,NA,NA,NA,N,2,0,1,2,A,-,08,22107,NA,N,C,E,A,A,H,-,A,D,0,NA,Y,NA,NA,Y,NA,L,04,1,0,0,0,0,0,1,0,0,-,-,NA,NA,SAN DIEGO,SAN DIEGO,-117.18081665039063,32.74678039550781
9640088,2023,2024-01-08,3711,2023-10-31,1843,SD1236,NA,2,5,7,3711,0,0,0,NA,0,443,1600 S 43RD ST,GAMMA ST,48,N,N,A,-,N,NA,NA,NA,NA,NA,NA,NA,NA,NA,N,1,1,0,2,A,-,11,21950,B,N,G,B,D,A,H,-,C,D,0,Y,NA,NA,NA,Y,NA,N,60,0,0,0,1,0,0,0,0,0,-,-,NA,NA,SAN DIEGO,SAN DIEGO,-117.10246276855467,32.68994140625
9640107,2023,2025-06-24,3711,2023-12-07,1902,SD1067,NA,4,5,7,3711,0,0,0,NA,0,441,IMPERIAL AV,IMPERIAL AV 4400,0,NA,N,A,-,N,NA,NA,NA,NA,NA,NA,NA,NA,NA,Y,1,1,0,2,A,-,10,21950,A,N,G,B,B,A,H,-,C,-,0,Y,NA,NA,NA,Y,Y,A,01,0,0,0,1,0,0,0,0,0,-,-,NA,NA,SAN DIEGO,SAN DIEGO,NA,NA
9640131,2023,2024-01-09,3703,2023-12-01,1851,1312,1,5,5,3,3703,0,0,0,NA,0,001,5TH ST,D AV,27,E,N,A,-,N,NA,NA,NA,NA,NA,NA,NA,NA,NA,N,1,1,0,2,A,-,11,21954,A,N,G,B,D,A,H,-,C,A,0,Y,NA,NA,NA,Y,NA,A,01,0,0,0,1,0,0,0,0,0,-,-,32.693389892578125,-117.17685699462892,SAN DIEGO,CORONADO,-117.17677307128906,32.69349670410156
9640248,2023,2025-06-24,3711,2023-10-27,2016,SD6146,NA,5,5,7,3711,0,0,0,NA,0,611,CAMINO DEL RIO W,HANCOCK ST,238,N,N,A,-,N,NA,NA,NA,NA,NA,NA,NA,NA,NA,N,1,1,0,2,A,-,11,21954,A,N,G,B,D,A,H,-,C,D,0,Y,NA,NA,NA,Y,NA,N,60,0,0,0,1,0,0,0,0,0,-,-,NA,NA,SAN DIEGO,SAN DIEGO,-117.20502471923828,32.75489807128906
9640303,2024,2024-07-23,3700,2024-01-22,1737,SH0798,NA,1,5,4,3720,0,0,0,NA,0,606,LEMON GROVE AV,MASSACHUSETTS AV,808,S,N,C,-,N,NA,NA,NA,NA,NA,NA,NA,NA,NA,Y,1,1,0,2,A,-,03,22350,NA,N,E,J,A,B,B,C,C,D,0,NA,NA,NA,NA,Y,Y,A,08,0,0,0,0,0,0,0,0,0,-,-,NA,NA,SAN DIEGO,LEMON GROVE,-117.04035186767578,32.7222900390625
9640787,2023,2024-09-25,3700,2023-12-14,2347,SH3095,NA,4,5,5,3781,0,0,0,NA,0,516,MISSION GORGE RD,RT 125,0,NA,Y,A,-,Y,SD,11,125,-,-,22.301,I,5,N,N,1,1,0,1,D,-,00,NA,NA,N,E,I,A,A,H,-,C,A,0,NA,NA,NA,NA,Y,NA,-,-,0,0,0,0,0,0,0,0,0,-,NF,NA,NA,SAN DIEGO,SANTEE,-117.00318145751952,32.838584899902344
9640949,2024,2024-09-25,3700,2024-01-23,1829,SH3606,NA,2,5,5,3712,0,0,0,NA,0,359,SAN MARCOS BL,DISCOVERY ST,0,NA,Y,A,-,N,NA,NA,NA,NA,NA,NA,NA,NA,NA,N,1,1,0,2,A,-,01,23152,F,N,B,C,A,A,H,-,C,A,0,NA,NA,NA,NA,Y,NA,A,01,0,0,0,0,0,0,0,0,0,-,-,NA,NA,SAN DIEGO,SAN MARCOS,-117.2010498046875,33.131465911865234
9642213,2023,2023-12-19,3705,2023-10-09,2129,EC0403,NA,1,5,5,3705,0,0,0,NA,0,002,BROADWAY,GRAVES AV,0,NA,Y,A,-,N,NA,NA,NA,NA,NA,NA,NA,NA,NA,Y,4,0,1,2,A,-,09,21801,A,N,D,C,A,A,H,-,C,A,0,NA,NA,NA,NA,Y,NA,A,01,0,0,1,0,0,0,0,0,0,-,-,NA,NA,SAN DIEGO,EL CAJON,-116.96038818359376,32.80778121948242
9642677,2023,2023-11-16,3702,2023-10-09,1527,CV1494,NA,1,5,6,3702,0,0,0,NA,0,024,SEQUOIA ST,BRANDYWINE AV,291,W,N,A,-,N,NA,NA,NA,NA,NA,NA,NA,NA,NA,Y,3,0,1,2,A,-,03,22350,NA,N,B,E,A,A,H,-,A,D,0,NA,NA,NA,NA,Y,NA,A,01,0,1,0,0,0,0,0,0,0,-,-,NA,NA,SAN DIEGO,CHULA VISTA,-117.0302734375,32.60198974609375
9642701,2023,2024-01-31,3711,2023-11-01,1425,SD7806,NA,3,5,7,3711,0,0,0,NA,0,835,TULIP ST,SYCAMORE DR,100,S,N,A,-,N,NA,NA,NA,NA,NA,NA,NA,NA,NA,Y,4,0,1,2,A,-,08,22107,NA,N,C,E,A,A,H,-,A,D,0,NA,NA,NA,NA,Y,NA,D,22,0,0,1,0,0,0,0,0,0,-,-,NA,NA,SAN DIEGO,SAN DIEGO,-117.10749053955078,32.73078918457031
9642714,2023,2024-01-31,3711,2023-11-01,248,SD6951,NA,3,5,7,3711,0,0,0,NA,0,526,1ST AV,CEDAR ST,10,S,N,A,-,N,NA,NA,NA,NA,NA,NA,NA,NA,NA,N,3,0,2,2,A,-,03,22350,NA,N,C,C,A,A,H,-,C,A,0,NA,NA,NA,NA,Y,NA,A,01,0,1,1,0,0,0,0,0,0,-,-,NA,NA,SAN DIEGO,SAN DIEGO,-117.16385650634766,32.721981048583984
9642947,2023,2023-12-06,3711,2023-10-28,2250,HB6137,NA,6,5,7,3711,0,0,0,NA,0,503,SHELTER ISLAND DR,ANCHORAGE LN,2640,S,N,A,-,N,NA,NA,NA,NA,NA,NA,NA,NA,NA,Y,4,0,1,2,A,-,08,22107,NA,F,D,C,A,A,H,-,C,D,0,NA,NA,NA,NA,Y,Y,A,01,0,0,1,0,0,0,0,0,0,-,-,NA,NA,SAN DIEGO,SAN DIEGO,-117.22299194335938,32.717559814453125
9642948,2023,2023-12-11,3711,2023-10-23,1851,HB4531,NA,1,5,7,3711,0,0,0,NA,0,504,NORTH HARBOR DR,WEST LAUREL ST,301,E,N,A,-,N,NA,NA,NA,NA,NA,NA,NA,NA,NA,Y,4,0,1,2,B,-,22,NA,NA,N,C,C,A,A,H,-,C,A,0,NA,NA,NA,NA,Y,NA,A,08,0,0,1,0,0,0,0,0,0,-,-,NA,NA,SAN DIEGO,SAN DIEGO,-117.17647552490234,32.72743225097656
9643618,2023,2023-11-29,3700,2023-06-28,446,SH0915,NA,3,5,5,3713,0,0,0,NA,0,311,VISTA VILLAGE DR,PALM DR,0,NA,Y,A,-,N,NA,NA,NA,NA,NA,NA,NA,NA,NA,Y,4,0,1,1,A,-,08,22107,NA,N,E,I,A,A,H,-,D,A,0,NA,NA,NA,NA,Y,Y,A,01,0,0,1,0,0,0,0,0,0,-,-,NA,NA,SAN DIEGO,VISTA,-117.23973846435548,33.20393371582031
9643761,2023,2024-01-25,3711,2023-11-19,820,SD1719,NA,7,5,7,3711,0,0,0,NA,0,936,CAMINO DEL SUR,CARMEL VALLEY RD,0,NA,Y,B,C,N,NA,NA,NA,NA,NA,NA,NA,NA,NA,N,3,0,1,1,A,-,03,22350,NA,N,E,I,A,B,H,-,A,A,0,NA,NA,NA,NA,Y,NA,A,01,0,1,0,0,0,0,0,0,0,-,-,NA,NA,SAN DIEGO,SAN DIEGO,-117.14639282226563,32.97611618041992
9648158,2023,2023-12-20,3709,2023-10-21,1542,NC0531,NA,6,5,5,3709,0,0,0,NA,0,024,MILLE OF CARS WAY,NATIONAL CITY BL,0,NA,Y,A,-,N,NA,NA,NA,NA,NA,NA,NA,NA,NA,N,2,0,1,2,A,-,12,21453,A,N,D,G,A,A,H,-,A,A,0,NA,Y,NA,NA,Y,NA,-,NA,1,0,0,0,0,0,1,0,0,-,-,NA,NA,SAN DIEGO,NATIONAL CITY,NA,NA
9648224,2023,2023-12-13,3700,2023-10-05,1723,SH3783,NA,4,5,2,3704,0,0,0,NA,0,293,LUNETA DR,14TH ST,167,N,N,A,-,N,NA,NA,NA,NA,NA,NA,NA,NA,NA,Y,4,0,1,1,A,-,03,22350,NA,N,E,I,A,A,H,-,A,D,0,NA,NA,NA,NA,Y,NA,A,01,0,0,1,0,0,0,0,0,0,-,-,NA,NA,SAN DIEGO,DEL MAR,-117.26329040527344,32.959449768066406
9648806,2023,2024-01-09,3705,2023-11-01,530,EC0446,NA,3,5,5,3705,0,0,0,NA,0,004,E WASHINGTON AV,S MOLLISON,318,E,N,A,-,N,NA,NA,NA,NA,NA,NA,NA,NA,NA,Y,4,0,1,2,A,-,08,22107,NA,N,E,I,A,A,H,-,C,D,0,NA,NA,NA,NA,Y,NA,A,08,0,0,1,0,0,0,0,0,0,-,-,NA,NA,SAN DIEGO,EL CAJON,-116.9499282836914,32.78765106201172
9648843,2023,2024-01-09,3705,2023-11-08,1243,EC0383,NA,3,5,5,3705,0,0,0,NA,0,001,W BRADLEY AV,WING AV,134,E,N,A,-,N,NA,NA,NA,NA,NA,NA,NA,NA,NA,Y,4,0,1,2,A,-,09,21802,B,N,D,C,A,A,H,-,A,D,0,NA,NA,NA,NA,Y,NA,A,07,0,0,1,0,0,0,0,0,0,-,-,NA,NA,SAN DIEGO,EL CAJON,-116.96463012695313,32.81864547729492
9649530,2023,2024-03-13,3711,2023-12-11,913,SD5454,NA,1,5,7,3711,0,0,0,NA,0,828,COLLEGE AV,ROCK PL,12,S,N,A,-,N,NA,NA,NA,NA,NA,NA,NA,NA,NA,N,4,0,2,2,A,-,09,21801,A,N,D,C,A,A,H,-,A,-,0,NA,NA,NA,NA,Y,NA,A,01,0,0,2,0,0,0,0,0,0,-,-,NA,NA,SAN DIEGO,SAN DIEGO,-117.06414794921876,32.75218200683594
9649876,2023,2024-07-01,3710,2023-12-19,2200,OC1552,NA,2,5,6,3710,0,0,0,NA,0,001,NORTH COAST HWY,SURFRIDER WY,0,NA,Y,A,-,N,NA,NA,NA,NA,NA,NA,NA,NA,NA,Y,4,0,2,2,A,-,09,21801,A,N,A,C,A,A,H,-,C,A,0,NA,NA,NA,NA,Y,NA,A,01,0,0,2,0,0,0,0,0,0,-,-,NA,NA,SAN DIEGO,OCEANSIDE,-117.38239288330078,33.19929122924805
9649970,2023,2024-01-05,3711,2023-12-28,1727,SD1766,NA,4,5,7,3711,0,0,0,NA,0,234,BERNADO RD,BERNADO RD 11200,0,NA,N,A,-,N,NA,NA,NA,NA,NA,NA,NA,NA,NA,N,3,0,2,2,A,-,08,22107,NA,N,H,C,A,A,H,-,C,D,0,NA,NA,NA,NA,Y,NA,A,01,0,1,1,0,0,0,0,0,0,-,-,NA,NA,SAN DIEGO,SAN DIEGO,NA,NA
9651332,2023,2024-03-15,3700,2023-12-03,1400,SD1076,NA,7,5,3,3783,0,0,0,NA,0,933,RT 56,VIA DE LA VALLE,0,NA,Y,A,-,Y,SD,11,5,-,R,36.536,R,1,S,N,3,0,1,2,A,-,08,22107,NA,N,G,B,B,A,H,-,A,A,0,Y,NA,NA,NA,Y,NA,A,01,0,1,0,0,1,0,0,0,0,SF,-,NA,NA,SAN DIEGO,SOLANA BEACH,-117.25460815429688,32.983551025390625
9652123,2023,2024-01-30,3705,2023-11-24,1543,EC0410,NA,5,5,5,3705,0,0,0,NA,0,002,EAST MAIN ST,ROANOKE RD,137,W,N,B,-,N,NA,NA,NA,NA,NA,NA,NA,NA,NA,N,4,0,1,2,A,-,10,21952,NA,N,D,G,A,A,H,-,A,D,0,NA,Y,NA,NA,Y,Y,A,01,0,0,1,0,0,0,1,0,0,-,-,NA,NA,SAN DIEGO,EL CAJON,-116.955322265625,32.79494857788086
9652129,2023,2024-02-16,3705,2023-11-24,1108,EC0410,NA,5,5,5,3705,0,0,0,NA,0,003,N 2ND ST,RT 8,0,NA,Y,B,-,Y,SD,11,8,-,-,17.494,R,4,W,Y,2,0,2,2,A,-,12,21453,A,N,D,C,A,A,H,-,A,A,0,NA,NA,NA,NA,Y,NA,A,01,1,1,0,0,0,0,0,0,0,-,WF,NA,NA,SAN DIEGO,EL CAJON,-116.93347930908205,32.80319595336914
9652356,2024,2024-03-26,3702,2024-01-02,907,CV1297,NA,2,5,6,3702,0,0,0,NA,0,013,4TH AV,J ST,0,NA,Y,A,-,N,NA,NA,NA,NA,NA,NA,NA,NA,NA,N,4,0,1,2,A,-,12,21453,A,N,D,C,A,A,H,-,A,A,0,NA,NA,NA,NA,Y,NA,A,01,0,0,1,0,0,0,0,0,0,-,-,NA,NA,SAN DIEGO,CHULA VISTA,-117.07858276367188,32.6263313293457
9652378,2024,2024-03-26,3708,2024-01-18,1645,IM1283,NA,4,5,5,3708,0,0,0,NA,0,003,JACKSON DR,EL PASO ST,0,NA,Y,A,-,N,NA,NA,NA,NA,NA,NA,NA,NA,NA,Y,4,0,1,1,A,-,08,22107,NA,N,E,I,A,A,H,-,A,A,0,NA,NA,NA,NA,Y,NA,A,01,0,0,1,0,0,0,0,0,0,-,-,NA,NA,SAN DIEGO,LA MESA,-117.01840209960938,32.788143157958984
9652686,2023,2024-02-05,3700,2023-12-12,1236,SH0392,NA,2,5,4,3780,0,0,0,NA,0,410,TED WILLIAMS PKWY,TWIN PEAKS RD,0,NA,Y,A,-,N,NA,NA,NA,NA,NA,NA,NA,NA,NA,N,2,0,1,2,A,-,17,21451,A,N,D,G,A,A,H,-,A,A,0,NA,Y,NA,NA,Y,NA,A,07,1,0,0,0,0,0,1,0,0,-,-,NA,NA,SAN DIEGO,POWAY,-117.05855560302734,32.98014831542969
9652931,2023,2024-02-12,3705,2023-12-16,1825,EC0410,NA,6,5,5,3705,0,0,0,NA,0,002,MADISON AV,ORLANDO ST,0,NA,Y,A,-,N,NA,NA,NA,NA,NA,NA,NA,NA,NA,Y,4,0,1,3,A,-,01,23152,B,N,A,C,A,A,H,-,C,A,0,NA,NA,NA,NA,Y,Y,A,01,0,0,1,0,0,0,0,0,0,-,-,NA,NA,SAN DIEGO,EL CAJON,-116.9401397705078,32.8001594543457
9653445,2023,2024-02-23,3711,2023-12-20,1239,SD8447,NA,3,5,7,3711,0,0,0,NA,0,723,AREY DR,PICADOR BL,0,NA,Y,A,-,N,NA,NA,NA,NA,NA,NA,NA,NA,NA,N,4,0,1,2,A,-,09,21804,A,M,D,C,A,A,H,-,A,D,0,NA,NA,NA,NA,Y,Y,A,01,0,0,1,0,0,0,0,0,0,-,-,NA,NA,SAN DIEGO,SAN DIEGO,-117.05879974365234,32.57852554321289
9653461,2023,2024-02-23,3711,2023-12-18,825,SD1772,NA,1,5,7,3711,0,0,0,NA,0,524,6TH AV,C ST,0,NA,Y,A,-,N,NA,NA,NA,NA,NA,NA,NA,NA,NA,N,4,0,1,2,A,-,12,21453,A,N,D,C,A,A,H,-,A,A,0,NA,NA,Y,NA,Y,NA,A,01,0,0,1,0,0,0,0,0,1,-,-,NA,NA,SAN DIEGO,SAN DIEGO,-117.1592254638672,32.71674728393555
9654937,2023,2024-02-15,3711,2023-12-06,1738,SD1236,NA,3,5,7,3711,0,0,0,NA,0,321,TWAIN AV,FAIRMOUNT AV,506,E,N,A,-,N,NA,NA,NA,NA,NA,NA,NA,NA,NA,N,2,0,1,2,A,-,11,21954,A,N,G,B,D,A,H,-,D,D,0,Y,NA,NA,NA,Y,Y,N,60,1,0,0,0,1,0,0,0,0,-,-,NA,NA,SAN DIEGO,SAN DIEGO,-117.09989166259766,32.785003662109375
9655695,2023,2024-01-25,3711,2023-12-27,2352,SD7739,NA,3,5,7,3711,0,0,0,NA,0,123,WEST MISSION BAY DR,WEST MISSION BAY DR 2100,0,NA,N,A,-,N,NA,NA,NA,NA,NA,NA,NA,NA,NA,N,3,0,1,1,A,-,08,22107,NA,N,A,I,A,A,H,-,D,D,0,NA,NA,Y,NA,Y,Y,C,02,0,1,0,0,0,0,0,0,1,-,-,NA,NA,SAN DIEGO,SAN DIEGO,-117.21102905273438,32.79828643798828
9656519,2023,2024-01-30,3709,2023-06-07,828,NC0554,NA,3,5,5,3709,0,0,0,NA,0,021,EAST 4TH ST,K AV,0,NA,Y,A,-,N,NA,NA,NA,NA,NA,NA,NA,NA,NA,Y,2,0,1,1,A,-,03,22350,NA,N,E,I,A,A,H,-,A,D,0,NA,NA,Y,NA,Y,NA,C,02,1,0,0,0,0,0,0,0,1,-,-,NA,NA,SAN DIEGO,NATIONAL CITY,-117.09700012207033,32.682430267333984
9657092,2024,2024-03-29,3711,2024-01-20,1629,SD1862,NA,6,5,7,3711,0,0,0,NA,0,521,G ST,13TH ST,0,NA,Y,B,C,N,NA,NA,NA,NA,NA,NA,NA,NA,NA,Y,4,0,2,2,A,-,08,22100,B,N,D,C,A,A,H,-,A,A,0,NA,NA,NA,NA,Y,NA,A,01,0,0,2,0,0,0,0,0,0,-,-,NA,NA,SAN DIEGO,SAN DIEGO,-117.15281677246094,32.71260452270508
9658075,2024,2024-05-03,3711,2024-02-01,1431,SD4310,NA,4,5,7,3711,0,0,0,NA,0,521,MARKET ST,11TH AV,11,W,N,B,-,N,NA,NA,NA,NA,NA,NA,NA,NA,NA,Y,3,0,1,2,A,-,10,21950,A,N,G,B,B,B,H,-,A,A,0,Y,NA,NA,NA,Y,NA,D,22,0,1,0,0,1,0,0,0,0,-,-,NA,NA,SAN DIEGO,SAN DIEGO,-117.15469360351563,32.71152114868164
9658138,2024,2024-04-04,3711,2024-01-28,1403,SD1916,NA,7,5,7,3711,0,0,0,NA,0,813,EL CAJON BL,ILLINOIS ST,0,NA,Y,A,-,N,NA,NA,NA,NA,NA,NA,NA,NA,NA,N,4,0,1,2,A,-,11,21456,NA,N,G,G,A,A,H,-,C,A,0,NA,Y,NA,NA,Y,NA,L,04,0,0,1,0,0,0,1,0,0,-,-,NA,NA,SAN DIEGO,SAN DIEGO,-117.12770080566406,32.7552375793457
9658266,2024,2024-02-29,3710,2024-01-25,2042,OC1550,NA,4,5,6,3710,0,0,0,NA,0,028,COLLEGE BL,OLD GROVE RD,100,N,N,A,-,N,NA,NA,NA,NA,NA,NA,NA,NA,NA,N,4,0,1,2,A,-,04,21703,NA,M,C,C,A,A,H,-,C,A,0,NA,NA,NA,NA,Y,NA,A,07,0,0,1,0,0,0,0,0,0,-,-,NA,NA,SAN DIEGO,OCEANSIDE,-117.28771209716795,33.21748352050781
9658618,2024,2024-03-20,3711,2024-01-28,1055,SD1546,NA,7,5,7,3711,0,0,0,NA,0,112,GENESSEE AV,MOUNT ETNA DR,0,NA,Y,A,-,N,NA,NA,NA,NA,NA,NA,NA,NA,NA,Y,4,0,1,2,A,-,12,21453,A,N,D,C,A,A,H,-,A,A,0,NA,NA,NA,NA,Y,NA,A,01,0,0,1,0,0,0,0,0,0,-,-,NA,NA,SAN DIEGO,SAN DIEGO,-117.18305206298828,32.82136154174805
9658838,2024,2024-05-02,3710,2024-02-01,1800,OC1506,NA,4,5,6,3710,0,0,0,NA,0,018,VANDERGRIFT BL,GOLD DR,10,S,N,B,-,N,NA,NA,NA,NA,NA,NA,NA,NA,NA,N,4,0,1,2,A,-,10,21950,A,N,G,B,B,B,H,-,C,A,0,Y,NA,NA,NA,Y,NA,D,22,0,0,1,0,1,0,0,0,0,-,-,NA,NA,SAN DIEGO,OCEANSIDE,-117.2987823486328,33.258033752441406
9660393,2024,2024-03-05,3700,2024-01-10,1836,SH3197,NA,3,5,5,3712,0,0,0,NA,0,355,DESCANSO AV,SOUTH RANCHO SANTA FE RD,8,E,N,A,-,N,NA,NA,NA,NA,NA,NA,NA,NA,NA,Y,2,0,1,2,A,-,10,21950,A,N,G,B,B,A,H,-,C,A,0,Y,NA,NA,NA,Y,NA,A,01,1,0,0,0,1,0,0,0,0,-,-,NA,NA,SAN DIEGO,SAN MARCOS,-117.19876861572266,33.14896011352539