CASE_ID,ACCIDENT_YEAR,PROC_DATE,JURIS,COLLISION_DATE,COLLISION_TIME,OFFICER_ID,REPORTING_DISTRICT,DAY_OF_WEEK,CHP_SHIFT,POPULATION,CNTY_CITY_LOC,SPECIAL_COND,BEAT_TYPE,CHP_BEAT_TYPE,CITY_DIVISION_LAPD,CHP_BEAT_CLASS,BEAT_NUMBER,PRIMARY_RD,SECONDARY_RD,DISTANCE,DIRECTION,INTERSECTION,WEATHER_1,WEATHER_2,STATE_HWY_IND,CALTRANS_COUNTY,CALTRANS_DISTRICT,STATE_ROUTE,ROUTE_SUFFIX,POSTMILE_PREFIX,POSTMILE,LOCATION_TYPE,RAMP_INTERSECTION,SIDE_OF_HWY,TOW_AWAY,COLLISION_SEVERITY,NUMBER_KILLED,NUMBER_INJURED,PARTY_COUNT,PRIMARY_COLL_FACTOR,PCF_CODE_OF_VIOL,PCF_VIOL_CATEGORY,PCF_VIOLATION,PCF_VIOL_SUBSECTION,HIT_AND_RUN,TYPE_OF_COLLISION,MVIW,PED_ACTION,ROAD_SURFACE,ROAD_COND_1,ROAD_COND_2,LIGHTING,CONTROL_DEVICE,CHP_ROAD_TYPE,PEDESTRIAN_ACCIDENT,BICYCLE_ACCIDENT,MOTORCYCLE_ACCIDENT,TRUCK_ACCIDENT,NOT_PRIVATE_PROPERTY,ALCOHOL_INVOLVED,STWD_VEHTYPE_AT_FAULT,CHP_VEHTYPE_AT_FAULT,COUNT_SEVERE_INJ,COUNT_VISIBLE_INJ,COUNT_COMPLAINT_PAIN,COUNT_PED_KILLED,COUNT_PED_INJURED,COUNT_BICYCLIST_KILLED,COUNT_BICYCLIST_INJURED,COUNT_MC_KILLED,COUNT_MC_INJURED,PRIMARY_RAMP,SECONDARY_RAMP,LATITUDE,LONGITUDE,COUNTY,CITY,POINT_X,POINT_Y
9661069,2024,2024-01-30,3711,2024-01-18,11,SD7277,NA,4,5,7,3711,0,0,0,NA,0,821,EL CAJON BL,73RD ST,0,NA,Y,A,-,N,NA,NA,NA,NA,NA,NA,NA,NA,NA,Y,3,0,1,2,A,-,04,21703,NA,N,C,C,A,A,H,-,C,A,0,NA,NA,NA,NA,Y,NA,A,01,0,1,0,0,0,0,0,0,0,-,-,NA,NA,SAN DIEGO,SAN DIEGO,-117.04039764404295,32.768821716308594
9661391,2023,2024-02-01,3702,2023-11-23,1438,CV1420,NA,4,5,6,3702,0,0,0,NA,0,023,TELEGRAPH CANYON RD,CREST DR,1760,W,N,A,-,N,NA,NA,NA,NA,NA,NA,NA,NA,NA,Y,4,0,1,2,A,-,08,22107,NA,N,D,C,A,A,H,-,A,A,0,NA,NA,Y,NA,Y,Y,A,01,0,0,1,0,0,0,0,0,1,-,-,NA,NA,SAN DIEGO,CHULA VISTA,-117.0421905517578,32.628746032714844
9662006,2024,2024-03-28,3711,2024-01-19,1734,SD5812,NA,5,5,7,3711,0,0,0,NA,0,124,FAY AV,GENTER ST,0,NA,Y,A,-,N,NA,NA,NA,NA,NA,NA,NA,NA,NA,N,4,0,1,2,A,-,09,21800,A,N,D,G,A,A,H,-,C,D,0,NA,Y,NA,NA,Y,NA,A,01,0,0,1,0,0,0,1,0,0,-,-,NA,NA,SAN DIEGO,SAN DIEGO,-117.27274322509766,32.83716583251953
9662569,2024,2024-02-12,3710,2024-01-10,924,OC1487,NA,3,5,6,3710,0,0,0,NA,0,028,OCEANSIDE BL,COLLEGE BL,13,E,N,A,-,N,NA,NA,NA,NA,NA,NA,NA,NA,NA,N,3,0,2,2,A,-,12,21453,A,F,A,C,A,A,H,-,A,A,0,NA,NA,NA,NA,Y,NA,A,01,0,1,1,0,0,0,0,0,0,-,-,NA,NA,SAN DIEGO,OCEANSIDE,-117.28501892089844,33.20713424682617
9662592,2024,2024-02-21,3711,2024-01-20,1011,SD1908,NA,6,5,7,3711,0,0,0,NA,0,934,CARMEL VALLEY RD,EL CAMINO REAL,0,NA,Y,B,-,N,NA,NA,NA,NA,NA,NA,NA,NA,NA,N,4,0,1,2,B,-,22,NA,NA,N,H,G,A,A,H,-,A,A,0,NA,Y,NA,NA,Y,NA,L,04,0,0,1,0,0,0,1,0,0,-,-,NA,NA,SAN DIEGO,SAN DIEGO,-117.23715209960938,32.93470764160156
9663194,2024,2024-07-02,3700,2024-02-06,1101,SH0690,NA,2,5,5,3712,0,0,0,NA,0,351,WEST MISSION RD,NORTH LAS POSAS RD,485,W,N,B,-,N,NA,NA,NA,NA,NA,NA,NA,NA,NA,Y,4,0,1,3,A,-,09,21801,A,N,D,C,A,B,H,-,A,A,0,NA,NA,NA,NA,Y,NA,A,01,0,0,1,0,0,0,0,0,0,-,-,NA,NA,SAN DIEGO,SAN MARCOS,-117.19024658203124,33.14921951293945
9665361,2024,2024-03-13,3700,2024-01-16,1435,SH3319,NA,2,5,5,3712,0,0,0,NA,0,353,BENNETT AV,VIA LA RANCHITA,0,NA,Y,A,-,N,NA,NA,NA,NA,NA,NA,NA,NA,NA,Y,4,0,1,2,A,-,09,21802,A,N,D,C,A,A,H,-,A,D,0,NA,NA,NA,Y,Y,NA,A,01,0,0,1,0,0,0,0,0,0,-,-,NA,NA,SAN DIEGO,SAN MARCOS,-117.1265106201172,33.14000701904297
9665694,2024,2024-06-10,3711,2024-03-14,1720,SD1617,NA,4,5,7,3711,0,0,0,NA,0,123,INGRAHAM ST,VACATION RD,150,S,N,A,-,N,NA,NA,NA,NA,NA,NA,NA,NA,NA,N,4,0,1,3,A,-,04,21703,NA,M,C,C,A,A,H,-,A,D,0,NA,NA,NA,NA,Y,NA,-,NA,0,0,1,0,0,0,0,0,0,-,-,NA,NA,SAN DIEGO,SAN DIEGO,-117.23522186279295,32.774566650390625
9665704,2024,2024-05-23,3711,2024-03-13,1336,SD6882,NA,3,5,7,3711,0,0,0,NA,0,122,INGRAHAM ST,HORNBLEND ST,0,NA,Y,A,-,N,NA,NA,NA,NA,NA,NA,NA,NA,NA,N,4,0,1,2,A,-,09,21800,A,N,D,C,A,A,H,-,A,A,0,NA,NA,NA,NA,Y,NA,A,01,0,0,1,0,0,0,0,0,0,-,-,NA,NA,SAN DIEGO,SAN DIEGO,-117.24056243896484,32.7988166809082
9665711,2024,2024-05-21,3711,2024-03-09,135,SD1726,NA,6,5,7,3711,0,0,0,NA,0,522,FRONT ST,FRONT ST 400,0,NA,Y,A,-,N,NA,NA,NA,NA,NA,NA,NA,NA,NA,N,4,0,1,1,A,-,-,NA,NA,N,H,A,A,A,H,-,C,D,0,NA,Y,NA,NA,Y,NA,L,04,0,0,1,0,0,0,1,0,0,-,-,NA,NA,SAN DIEGO,SAN DIEGO,NA,NA
9665865,2024,2024-06-28,3705,2024-01-08,214,EC0428,NA,1,5,5,3705,0,0,0,NA,0,003,MAIN ST,BROADWAY,595,S,N,A,-,N,NA,NA,NA,NA,NA,NA,NA,NA,NA,Y,2,0,1,4,A,-,03,22350,NA,N,A,E,A,A,H,-,C,D,0,NA,NA,NA,NA,Y,NA,A,01,1,0,0,0,0,0,0,0,0,-,-,NA,NA,SAN DIEGO,EL CAJON,-116.92351531982422,32.80663299560547
9667110,2024,2024-03-19,3702,2024-01-07,834,CV1326,NA,7,5,6,3702,0,0,0,NA,0,NA,J ST,BEECH AV,180,W,N,A,-,NA,NA,NA,NA,NA,NA,NA,NA,NA,NA,NA,4,0,1,3,A,-,08,22107,NA,N,F,E,A,A,H,-,A,D,0,NA,NA,NA,NA,Y,NA,A,07,0,0,1,0,0,0,0,0,0,-,-,NA,NA,SAN DIEGO,CHULA VISTA,-117.08531188964844,32.624446868896484
9667311,2024,2024-05-02,3711,2024-02-06,1636,SD6303,NA,2,5,7,3711,0,0,0,NA,0,112,MOUNT ACADIA BL,VIA CARANCHO,0,NA,Y,B,-,N,NA,NA,NA,NA,NA,NA,NA,NA,NA,N,4,0,2,2,A,-,03,22350,NA,N,C,C,A,A,H,-,A,A,0,NA,NA,NA,NA,Y,NA,A,01,0,0,2,0,0,0,0,0,0,-,-,NA,NA,SAN DIEGO,SAN DIEGO,-117.18441772460938,32.803470611572266
9667324,2024,2024-05-02,3711,2024-02-05,940,SD5072,NA,1,5,7,3711,0,0,0,NA,0,522,1ST AV,ISLAND AV,0,NA,Y,B,-,N,NA,NA,NA,NA,NA,NA,NA,NA,NA,N,4,0,1,2,A,-,03,22350,NA,N,C,C,A,A,H,-,A,A,0,NA,NA,NA,NA,Y,NA,A,01,0,0,1,0,0,0,0,0,0,-,-,NA,NA,SAN DIEGO,SAN DIEGO,-117.16376495361328,32.7104377746582
9667330,2024,2024-05-03,3711,2024-02-03,1630,SD1951,NA,6,5,7,3711,0,0,0,NA,0,529,6TH AV,LAUREL ST,0,NA,Y,A,-,N,NA,NA,NA,NA,NA,NA,NA,NA,NA,N,4,0,1,2,A,-,04,21703,NA,N,C,C,A,A,H,-,A,A,0,NA,NA,NA,NA,Y,Y,A,07,0,0,1,0,0,0,0,0,0,-,-,NA,NA,SAN DIEGO,SAN DIEGO,-117.15943145751952,32.731388092041016
9667345,2024,2024-02-29,3711,2024-01-22,1135,SD1616,NA,1,5,7,3711,0,0,0,NA,0,824,44TH ST,44TH ST 4340,0,NA,Y,B,C,N,NA,NA,NA,NA,NA,NA,NA,NA,NA,N,4,0,1,2,A,-,09,21801,A,N,D,C,A,B,H,-,A,A,0,NA,NA,NA,NA,Y,Y,A,01,0,0,1,0,0,0,0,0,0,-,-,NA,NA,SAN DIEGO,SAN DIEGO,NA,NA
9667574,2024,2024-04-23,3710,2024-02-07,2154,OC1551,NA,3,5,6,3710,0,0,0,NA,0,037,LAKE BL,CANNON RD,870,E,N,C,-,N,NA,NA,NA,NA,NA,NA,NA,NA,NA,Y,3,0,2,2,A,-,09,21801,A,N,D,C,A,B,H,-,C,D,0,NA,NA,NA,NA,Y,NA,A,01,0,1,1,0,0,0,0,0,0,-,-,NA,NA,SAN DIEGO,OCEANSIDE,-117.25432586669922,33.16870880126953
9668378,2024,2024-06-11,3711,2024-02-16,1610,SD7580,NA,5,5,7,3711,0,0,0,NA,0,712,W SAN YSIDRO BLVD,SUNSET LN,0,NA,N,A,-,N,NA,NA,NA,NA,NA,NA,NA,NA,NA,N,2,0,1,2,A,-,09,21804,A,N,D,B,C,A,H,-,A,D,0,Y,NA,NA,NA,Y,NA,A,01,1,0,0,0,1,0,0,0,0,-,-,NA,NA,SAN DIEGO,SAN DIEGO,-117.05975341796876,32.558128356933594
9668689,2024,2024-06-04,3711,2024-03-05,1415,SD1557,NA,2,5,7,3711,0,0,0,NA,0,621,GENESEE AV,RT 163,0,NA,Y,A,-,Y,SD,11,163,-,-,5.934,R,4,S,N,4,0,2,2,A,-,12,21457,A,N,D,C,A,A,H,-,A,B,0,NA,NA,NA,NA,Y,NA,I,12,0,0,2,0,0,0,0,0,0,-,SF,NA,NA,SAN DIEGO,SAN DIEGO,-117.1585693359375,32.79343795776367
9668861,2024,2024-04-17,3702,2024-02-29,2236,CV1404,NA,4,5,6,3702,0,0,0,NA,0,041,EAST PALOMAR ST,BRANDYWINE AV,0,NA,Y,A,-,N,NA,NA,NA,NA,NA,NA,NA,NA,NA,Y,4,0,1,2,A,-,12,21453,A,N,D,C,A,A,H,-,C,A,0,NA,NA,NA,NA,Y,NA,A,01,0,0,1,0,0,0,0,0,0,-,-,NA,NA,SAN DIEGO,CHULA VISTA,-117.02716064453124,32.614524841308594
9670275,2024,2024-06-21,3702,2024-03-02,2105,CV1465,NA,6,5,6,3702,0,0,0,NA,0,031,H ST,RT 805,32,W,N,B,-,Y,SD,11,805,-,-,7,R,4,S,Y,4,0,2,2,A,-,12,21453,A,N,D,C,A,A,H,-,C,A,0,NA,NA,NA,NA,Y,NA,A,01,0,0,2,0,0,0,0,0,0,-,-,NA,NA,SAN DIEGO,CHULA VISTA,-117.05356597900392,32.63893127441406
9670529,2024,2024-06-28,3711,2024-02-21,1216,HB6123,NA,3,5,7,3711,0,0,0,NA,0,504,NORTH HARBOR DR,GRAPE ST,0,NA,Y,A,-,N,NA,NA,NA,NA,NA,NA,NA,NA,NA,N,4,0,1,2,A,-,08,22107,NA,N,D,C,A,A,-,-,A,A,0,NA,NA,NA,NA,Y,Y,A,01,0,0,1,0,0,0,0,0,0,-,-,NA,NA,SAN DIEGO,SAN DIEGO,-117.17321014404295,32.724117279052734
9671545,2024,2024-03-01,3709,2024-01-23,49,0551,NA,2,5,5,3709,0,0,0,NA,0,021,EAST 8TH ST,HIGHLAND AV,0,NA,Y,A,-,N,NA,NA,NA,NA,NA,NA,NA,NA,NA,Y,3,0,3,2,A,-,12,21453,A,N,D,C,A,A,H,-,C,A,0,NA,NA,NA,NA,Y,Y,A,01,0,2,1,0,0,0,0,0,0,-,-,NA,NA,SAN DIEGO,NATIONAL CITY,-117.09874725341795,32.67812728881836
9671573,2024,2024-03-11,3711,2024-01-29,746,SD1598,NA,1,5,7,3711,0,0,0,NA,0,511,MAIN ST,32ND ST,0,NA,N,A,-,N,NA,NA,NA,NA,NA,NA,NA,NA,NA,N,4,0,1,3,A,-,09,21804,B,N,D,C,A,A,H,-,A,D,0,NA,NA,Y,NA,Y,Y,C,06,0,0,1,0,0,0,0,0,1,-,-,NA,NA,SAN DIEGO,SAN DIEGO,-117.12533569335938,32.69237518310547
9671574,2024,2024-03-12,3711,2024-01-30,615,SD1826,NA,2,5,7,3711,0,0,0,NA,0,625,SAN DIEGO AV,OLD TOWN AV,0,NA,Y,A,-,N,NA,NA,NA,NA,NA,NA,NA,NA,NA,N,4,0,1,2,A,-,11,21456,B,N,G,B,B,A,H,-,B,A,0,Y,NA,NA,NA,Y,NA,N,60,0,0,1,0,1,0,0,0,0,-,-,NA,NA,SAN DIEGO,SAN DIEGO,-117.1922607421875,32.749290466308594
9671595,2024,2024-03-11,3711,2024-01-30,847,SD1781,NA,2,5,7,3711,0,0,0,NA,0,437,PARADISE VALLEY RD,S MEADOWBROOK DR,0,NA,Y,A,F,N,NA,NA,NA,NA,NA,NA,NA,NA,NA,N,4,0,3,2,A,-,08,38314,NA,N,D,C,A,A,H,-,A,A,0,NA,NA,NA,NA,Y,NA,A,01,0,0,3,0,0,0,0,0,0,-,-,NA,NA,SAN DIEGO,SAN DIEGO,-117.02584838867188,32.697513580322266
9671909,2024,2024-03-26,3702,2024-01-01,202,CV1450,NA,1,5,6,3702,0,0,0,NA,0,022,4TH AV,MOSS ST,620,S,N,A,-,N,NA,NA,NA,NA,NA,NA,NA,NA,NA,Y,2,0,1,3,A,-,09,21804,A,N,D,C,A,A,H,-,A,D,0,NA,NA,NA,NA,Y,NA,A,01,1,0,0,0,0,0,0,0,0,-,-,NA,NA,SAN DIEGO,CHULA VISTA,-117.07391357421876,32.61436462402344
9671916,2024,2024-03-26,3702,2024-01-18,1755,CV0969,NA,4,5,6,3702,0,0,0,NA,0,022,3RD AV,PALOMAR ST,135,N,N,A,-,N,NA,NA,NA,NA,NA,NA,NA,NA,NA,N,4,0,2,2,A,-,21,22106,NA,F,B,G,A,A,H,-,C,A,0,NA,Y,NA,NA,Y,NA,A,07,0,0,2,0,0,0,2,0,0,-,-,NA,NA,SAN DIEGO,CHULA VISTA,-117.06653594970705,32.60715103149414
9671997,2024,2024-04-22,3711,2024-02-13,1715,SD1172,NA,2,5,7,3711,0,0,0,NA,0,937,CAMINO DEL SUR,CASEY GLEN,170,W,N,A,-,N,NA,NA,NA,NA,NA,NA,NA,NA,NA,N,3,0,1,1,A,-,08,22107,NA,N,E,I,A,A,H,-,B,A,0,NA,NA,NA,NA,Y,NA,A,01,0,1,0,0,0,0,0,0,0,-,-,NA,NA,SAN DIEGO,SAN DIEGO,-117.14234924316406,33.021480560302734
9672076,2024,2024-03-29,3710,2024-02-16,2055,OC1552,NA,5,5,6,3710,0,0,0,NA,0,010,RT 76,CANYON RD,0,NA,Y,A,-,Y,SD,11,76,-,R,1.121,H,-,E,Y,4,0,3,3,A,-,01,23153,A,N,C,C,A,A,H,-,C,A,0,NA,NA,NA,NA,Y,Y,A,07,0,0,3,0,0,0,0,0,0,-,-,NA,NA,SAN DIEGO,OCEANSIDE,-117.36808776855467,33.212364196777344
9672215,2024,2024-03-06,3711,2024-01-10,905,SD1776,NA,3,5,7,3711,0,0,0,NA,0,122,MISSION BAY DR,GARNET AV,242,N,N,A,-,N,NA,NA,NA,NA,NA,NA,NA,NA,NA,N,4,0,1,2,D,-,00,NA,NA,N,D,D,A,A,H,-,A,A,0,NA,NA,NA,NA,Y,NA,-,-,0,0,1,0,0,0,0,0,0,-,-,NA,NA,SAN DIEGO,SAN DIEGO,-117.2192153930664,32.80677795410156
9672285,2024,2024-03-07,3711,2024-01-23,835,SD7746,NA,2,5,7,3711,0,0,0,NA,0,242,FLANDERS DR,KEOKI ST,138,E,N,B,-,N,NA,NA,NA,NA,NA,NA,NA,NA,NA,Y,4,0,1,2,A,-,08,22107,NA,M,B,C,A,B,H,-,A,D,0,NA,NA,NA,NA,Y,NA,A,01,0,0,1,0,0,0,0,0,0,-,-,NA,NA,SAN DIEGO,SAN DIEGO,-117.16797637939452,32.905452728271484
9672626,2024,2024-04-12,3710,2024-02-10,1055,OC1492,NA,6,5,6,3710,0,0,0,NA,0,011,CANYON DR,CROUCH ST,150,N,N,A,-,N,NA,NA,NA,NA,NA,NA,NA,NA,NA,Y,4,0,1,2,A,-,05,21650,NA,F,B,C,A,A,H,-,A,D,0,NA,NA,NA,NA,Y,NA,A,01,0,0,1,0,0,0,0,0,0,-,-,NA,NA,SAN DIEGO,OCEANSIDE,-117.35425567626952,33.1972770690918
9672885,2024,2024-05-16,3711,2024-02-28,1235,SD1727,NA,3,5,7,3711,0,0,0,NA,0,112,MOUNT ALIFAN DR,MT ACADIA BLVD,0,NA,Y,A,-,N,NA,NA,NA,NA,NA,NA,NA,NA,NA,N,4,0,1,2,A,-,08,22107,NA,N,A,C,A,A,H,-,A,A,0,NA,NA,Y,NA,Y,NA,D,22,0,0,1,0,0,0,0,0,1,-,-,NA,NA,SAN DIEGO,SAN DIEGO,-117.18280029296876,32.8165283203125
9672937,2024,2024-07-02,3702,2024-02-11,1029,CV1326,NA,7,5,6,3702,0,0,0,NA,0,013,3RD AV,I ST,0,NA,Y,A,-,N,NA,NA,NA,NA,NA,NA,NA,NA,NA,Y,4,0,2,2,A,-,12,21453,A,N,D,C,A,A,H,-,A,A,0,NA,NA,NA,NA,Y,NA,A,08,0,0,2,0,0,0,0,0,0,-,-,NA,NA,SAN DIEGO,CHULA VISTA,-117.07583618164063,32.63093185424805
9672975,2024,2024-04-16,3711,2024-02-03,1821,SD1833,NA,6,5,7,3711,0,0,0,NA,0,614,CABLE ST,DEL MONTE AVE,165,N,N,A,-,N,NA,NA,NA,NA,NA,NA,NA,NA,NA,N,4,0,1,2,A,-,03,22350,NA,N,H,G,A,A,H,-,C,D,0,NA,Y,NA,NA,Y,NA,L,04,0,0,1,0,0,0,1,0,0,-,-,NA,NA,SAN DIEGO,SAN DIEGO,-117.25118255615234,32.74363708496094
9673029,2024,2024-04-30,3711,2024-02-24,1350,SD1636,NA,6,5,7,3711,0,0,0,NA,0,838,EL CAJON BL,34TH ST,16,S,N,A,-,N,NA,NA,NA,NA,NA,NA,NA,NA,NA,N,4,0,1,2,A,-,09,21800,A,N,D,C,A,A,H,-,A,D,0,NA,NA,NA,NA,Y,NA,A,01,0,0,1,0,0,0,0,0,0,-,-,NA,NA,SAN DIEGO,SAN DIEGO,-117.12008666992188,32.75519943237305
9673307,2024,2024-05-24,3711,2024-03-01,1244,SD1782,NA,5,5,7,3711,0,0,0,NA,0,627,8TH AV,UNIVERSITY AV,0,NA,Y,A,-,N,NA,NA,NA,NA,NA,NA,NA,NA,NA,N,4,0,1,2,A,-,07,21658,A,N,B,C,A,A,H,-,A,A,0,NA,NA,NA,NA,Y,NA,A,01,0,0,1,0,0,0,0,0,0,-,-,NA,NA,SAN DIEGO,SAN DIEGO,-117.15741729736328,32.748390197753906
9674529,2024,2024-05-20,3702,2024-03-02,610,CV1342,NA,6,5,6,3702,0,0,0,NA,0,042,EASTLAKE PKWY,N GREENSVIEW DR,500,S,N,B,C,N,NA,NA,NA,NA,NA,NA,NA,NA,NA,Y,4,0,1,1,A,-,01,23152,A,N,E,I,A,B,H,-,A,D,0,NA,NA,NA,NA,Y,Y,A,01,0,0,1,0,0,0,0,0,0,-,-,NA,NA,SAN DIEGO,CHULA VISTA,NA,NA
9674606,2023,2024-06-21,3710,2023-12-24,647,OC1515,NA,7,5,6,3710,0,0,0,NA,0,014,RT 76,FOUSSAT RD,0,NA,Y,A,-,Y,SD,11,76,-,M,2.57,I,5,E,Y,3,0,1,1,A,-,08,22107,NA,N,E,I,A,A,H,-,A,A,0,NA,NA,NA,NA,Y,NA,D,22,0,1,0,0,0,0,0,0,0,-,-,NA,NA,SAN DIEGO,OCEANSIDE,-117.34410095214844,33.21830749511719
9676197,2024,2024-03-08,3711,2024-02-13,739,SD3871,NA,2,5,7,3711,0,0,0,NA,0,834,RT 15,UNIVERSITY AV,0,NA,Y,A,-,Y,SD,11,15,-,M,4.542,R,4,N,N,3,0,1,2,A,-,04,21703,NA,N,C,C,A,A,H,-,A,A,0,NA,NA,NA,NA,Y,NA,A,01,0,1,0,0,0,0,0,0,0,NF,-,NA,NA,SAN DIEGO,SAN DIEGO,-117.10858154296876,32.747962951660156
9676470,2024,2024-04-04,3705,2024-02-09,1652,EC5390,NA,5,5,5,3705,0,0,0,NA,0,004,E CAMDEN AV,CLAYDELLE AV,0,NA,Y,A,-,N,NA,NA,NA,NA,NA,NA,NA,NA,NA,N,4,0,1,2,A,-,09,21800,C,N,D,C,A,A,H,-,A,A,0,NA,NA,NA,NA,Y,NA,A,01,0,0,1,0,0,0,0,0,0,-,-,NA,NA,SAN DIEGO,EL CAJON,-116.9587860107422,32.79018783569336
9676640,2024,2024-06-03,3705,2024-04-15,1435,EC0383,NA,1,5,5,3705,0,0,0,NA,0,003,OAKDALE AV,GRAPE ST,230,E,N,A,-,N,NA,NA,NA,NA,NA,NA,NA,NA,NA,Y,4,0,2,2,A,-,09,21802,B,N,D,C,A,A,H,-,A,D,0,NA,NA,NA,NA,Y,NA,A,01,0,0,2,0,0,0,0,0,0,-,-,NA,NA,SAN DIEGO,EL CAJON,-116.93063354492188,32.80207824707031
9677452,2024,2024-07-22,3711,2024-05-18,900,SD8404,NA,6,5,7,3711,0,0,0,NA,0,611,CAMINO DEL RIO WEST,HANCOCK ST,0,N,N,B,-,N,NA,NA,NA,NA,NA,NA,NA,NA,NA,N,4,0,1,3,A,-,03,22350,NA,N,C,C,A,A,H,-,A,D,0,NA,NA,NA,NA,Y,NA,A,01,0,0,1,0,0,0,0,0,0,-,-,NA,NA,SAN DIEGO,SAN DIEGO,-117.205078125,32.754249572753906
9677939,2024,2024-05-31,3708,2024-04-20,1211,LM1305,NA,6,5,5,3708,0,0,0,NA,0,003,JACKSON DR,PARKWAY DR,0,NA,Y,A,-,N,NA,NA,NA,NA,NA,NA,NA,NA,NA,Y,4,0,1,2,A,-,09,21804,A,N,D,C,A,A,H,-,A,D,0,NA,NA,NA,NA,Y,NA,A,01,0,0,1,0,0,0,0,0,0,-,-,NA,NA,SAN DIEGO,LA MESA,-117.01841735839844,32.77839660644531
9678592,2023,2024-03-28,3700,2023-12-05,804,SH0084,NA,2,5,5,3782,0,0,0,NA,0,221,REQUEZA ST,DEVONSHIRE DR,0,NA,Y,A,-,N,NA,NA,NA,NA,NA,NA,NA,NA,NA,N,4,0,1,2,A,-,08,22107,NA,N,D,G,A,A,H,-,A,D,0,NA,Y,NA,NA,Y,NA,A,01,0,0,1,0,0,0,1,0,0,-,-,NA,NA,SAN DIEGO,ENCINITAS,-117.2864227294922,33.04351806640625
9678593,2023,2024-03-21,3700,2023-12-16,2149,SH3783,NA,6,5,5,3782,0,0,0,NA,0,211,NORTH VULCAN AV,E JASON ST,213,N,N,A,-,N,NA,NA,NA,NA,NA,NA,NA,NA,NA,Y,4,0,1,2,A,-,05,21650,NA,M,A,C,A,A,H,-,D,D,0,NA,NA,NA,NA,Y,NA,A,01,0,0,1,0,0,0,0,0,0,-,-,NA,NA,SAN DIEGO,ENCINITAS,-117.30398559570313,33.071311950683594
9680717,2024,2024-06-21,3711,2024-03-06,1037,SD1914,NA,3,5,7,3711,0,0,0,NA,0,114,GENESEE AV,RT 52,0,NA,Y,A,-,Y,SD,11,52,-,-,2.656,R,4,E,Y,3,0,1,2,A,-,12,21453,A,N,D,C,A,A,D,-,A,A,0,NA,NA,NA,NA,Y,NA,A,01,0,1,0,0,0,0,0,0,0,-,EO,NA,NA,SAN DIEGO,SAN DIEGO,-117.1968994140625,32.84563064575195
9680861,2024,2024-05-23,3710,2024-03-15,1805,OC1559,NA,5,5,6,3710,0,0,0,NA,0,011,APPLE ST,GREENBRIER DR,0,NA,Y,C,-,N,NA,NA,NA,NA,NA,NA,NA,NA,NA,N,3,0,1,2,A,-,03,22350,NA,N,D,G,A,B,H,-,A,D,0,NA,Y,NA,NA,Y,NA,L,04,0,1,0,0,0,0,1,0,0,-,-,NA,NA,SAN DIEGO,OCEANSIDE,-117.35582733154295,33.19548416137695
9680873,2024,2024-05-22,3711,2024-03-17,1530,SD1938,NA,7,5,7,3711,0,0,0,NA,0,813,TEXAS ST,UNIVERSITY AV,80,S,N,A,-,N,NA,NA,NA,NA,NA,NA,NA,NA,NA,N,4,0,1,2,B,-,22,NA,NA,M,G,B,D,A,H,-,A,-,0,Y,NA,NA,NA,Y,NA,-,NA,0,0,1,0,1,0,0,0,0,-,-,NA,NA,SAN DIEGO,SAN DIEGO,-117.13896942138672,32.74822235107422
9681075,2024,2024-06-28,3711,2024-02-23,1344,HB6141,NA,5,5,7,3711,0,0,0,NA,0,504,NORTH HARBOR DR,CROSSWIND WY,146,E,N,A,-,N,NA,NA,NA,NA,NA,NA,NA,NA,NA,Y,4,0,2,3,A,-,03,22350,NA,N,C,C,A,A,H,-,A,D,0,NA,NA,NA,NA,Y,NA,A,01,0,0,2,0,0,0,0,0,0,-,-,NA,NA,SAN DIEGO,SAN DIEGO,NA,NA
9681103,2024,2024-05-28,3711,2024-03-15,1231,SD8503,NA,5,5,7,3711,0,0,0,NA,0,511,LOGAN AV,SIGSBEE ST,21,N,N,A,-,N,NA,NA,NA,NA,NA,NA,NA,NA,NA,N,4,0,2,2,A,-,09,21802,A,N,D,C,A,A,H,-,A,A,0,NA,NA,NA,NA,Y,Y,A,01,0,0,2,0,0,0,0,0,0,-,-,NA,NA,SAN DIEGO,SAN DIEGO,-117.1476593017578,32.70380783081055
9682256,2023,2024-04-15,3700,2023-11-22,2124,SH0029,NA,3,5,5,3713,0,0,0,NA,0,305,SANTA FE AV,EAST DR,500,N,N,A,-,N,NA,NA,NA,NA,NA,NA,NA,NA,NA,Y,3,0,1,2,A,-,08,22107,NA,N,C,C,A,A,H,-,C,D,0,NA,NA,NA,NA,Y,Y,A,01,0,1,0,0,0,0,0,0,0,-,-,NA,NA,SAN DIEGO,VISTA,-117.24495697021484,33.215389251708984
9683050,2024,2024-04-19,3711,2024-03-21,2312,SD7335,NA,4,5,7,3711,0,0,0,NA,0,714,EAST SAN YSIDRO BL,CAMINO DE LA PLAZA,313,S,N,A,-,N,NA,NA,NA,NA,NA,NA,NA,NA,NA,N,4,0,1,2,A,-,08,22107,NA,N,B,C,A,A,H,-,C,D,0,NA,NA,NA,NA,Y,NA,A,01,0,0,1,0,0,0,0,0,0,-,-,NA,NA,SAN DIEGO,SAN DIEGO,-117.03057098388672,32.54548263549805
9683094,2023,2024-05-21,3700,2023-12-05,1300,SH0190,NA,2,5,5,3781,0,0,0,NA,0,519,CUYAMACA STREET,RT-52,0,NA,Y,A,-,Y,SD,11,52,-,-,16.299,R,4,E,Y,3,0,1,2,A,-,12,21453,A,N,D,C,A,A,H,-,A,A,0,NA,NA,NA,NA,Y,NA,A,01,0,1,0,0,0,0,0,0,0,-,EO,NA,NA,SAN DIEGO,SANTEE,-116.98134613037108,32.83283996582031
9684113,2024,2024-06-26,3711,2024-03-27,1447,SD5812,NA,3,5,7,3711,0,0,0,NA,0,124,FAY AV,MUIRLANDS DR,0,NA,Y,A,-,N,NA,NA,NA,NA,NA,NA,NA,NA,NA,Y,4,0,1,2,A,-,04,21703,NA,N,C,G,A,A,H,-,A,D,0,NA,Y,NA,NA,Y,NA,M,91,0,0,1,0,0,0,1,0,0,-,-,NA,NA,SAN DIEGO,SAN DIEGO,-117.27202606201172,32.835079193115234