CASE_ID,ACCIDENT_YEAR,PROC_DATE,JURIS,COLLISION_DATE,COLLISION_TIME,OFFICER_ID,REPORTING_DISTRICT,DAY_OF_WEEK,CHP_SHIFT,POPULATION,CNTY_CITY_LOC,SPECIAL_COND,BEAT_TYPE,CHP_BEAT_TYPE,CITY_DIVISION_LAPD,CHP_BEAT_CLASS,BEAT_NUMBER,PRIMARY_RD,SECONDARY_RD,DISTANCE,DIRECTION,INTERSECTION,WEATHER_1,WEATHER_2,STATE_HWY_IND,CALTRANS_COUNTY,CALTRANS_DISTRICT,STATE_ROUTE,ROUTE_SUFFIX,POSTMILE_PREFIX,POSTMILE,LOCATION_TYPE,RAMP_INTERSECTION,SIDE_OF_HWY,TOW_AWAY,COLLISION_SEVERITY,NUMBER_KILLED,NUMBER_INJURED,PARTY_COUNT,PRIMARY_COLL_FACTOR,PCF_CODE_OF_VIOL,PCF_VIOL_CATEGORY,PCF_VIOLATION,PCF_VIOL_SUBSECTION,HIT_AND_RUN,TYPE_OF_COLLISION,MVIW,PED_ACTION,ROAD_SURFACE,ROAD_COND_1,ROAD_COND_2,LIGHTING,CONTROL_DEVICE,CHP_ROAD_TYPE,PEDESTRIAN_ACCIDENT,BICYCLE_ACCIDENT,MOTORCYCLE_ACCIDENT,TRUCK_ACCIDENT,NOT_PRIVATE_PROPERTY,ALCOHOL_INVOLVED,STWD_VEHTYPE_AT_FAULT,CHP_VEHTYPE_AT_FAULT,COUNT_SEVERE_INJ,COUNT_VISIBLE_INJ,COUNT_COMPLAINT_PAIN,COUNT_PED_KILLED,COUNT_PED_INJURED,COUNT_BICYCLIST_KILLED,COUNT_BICYCLIST_INJURED,COUNT_MC_KILLED,COUNT_MC_INJURED,PRIMARY_RAMP,SECONDARY_RAMP,LATITUDE,LONGITUDE,COUNTY,CITY,POINT_X,POINT_Y
9684276,2024,2024-04-17,3700,2024-01-17,30,SH3384,NA,3,5,5,3781,0,0,0,NA,0,518,CUYAMACA ST,BUENA VISTA AV,0,NA,Y,B,-,N,NA,NA,NA,NA,NA,NA,NA,NA,NA,Y,3,0,1,1,A,-,08,22107,NA,M,E,J,A,A,H,-,C,A,0,NA,NA,NA,NA,Y,NA,A,01,0,1,0,0,0,0,0,0,0,-,-,NA,NA,SAN DIEGO,SANTEE,-116.98390197753906,32.83503341674805
9684277,2024,2024-04-17,3700,2024-01-06,1632,SH3095,NA,6,5,5,3781,0,0,0,NA,0,519,MAGNOLIA AV,ALEXANDER WY,0,NA,Y,A,-,N,NA,NA,NA,NA,NA,NA,NA,NA,NA,N,4,0,1,2,A,-,10,21950,A,N,G,B,B,A,H,-,A,A,0,Y,NA,NA,NA,Y,NA,A,01,0,0,1,0,1,0,0,0,0,-,-,NA,NA,SAN DIEGO,SANTEE,-116.96547698974608,32.83523941040039
9684800,2024,2024-05-08,3711,2024-03-24,1341,SD6532,NA,7,5,7,3711,0,0,0,NA,0,613,TENNYSON ST,WELLS ST,0,NA,Y,B,-,N,NA,NA,NA,NA,NA,NA,NA,NA,NA,N,4,0,1,2,A,-,09,21802,A,N,D,G,A,A,H,-,A,A,0,NA,Y,NA,NA,Y,NA,L,04,0,0,1,0,0,0,1,0,0,-,-,NA,NA,SAN DIEGO,SAN DIEGO,-117.2334442138672,32.740577697753906
9684962,2024,2024-05-08,3711,2024-03-28,2027,SD7550,NA,4,5,7,3711,0,0,0,NA,0,123,WEST MISSION BAY DR,RT 8,745,N,N,B,-,N,NA,NA,NA,NA,NA,NA,NA,NA,NA,N,4,0,2,4,A,-,03,22350,NA,M,C,C,A,A,H,-,C,D,0,NA,NA,NA,NA,Y,NA,A,01,0,0,2,0,0,0,0,0,0,-,-,NA,NA,SAN DIEGO,SAN DIEGO,-117.22537231445313,32.75837707519531
9685103,2024,2024-06-20,3711,2024-04-06,2003,SD8322,NA,6,5,7,3711,0,0,0,NA,0,122,GARNET AV,MISSION BAY DR,0,NA,Y,B,-,N,NA,NA,NA,NA,NA,NA,NA,NA,NA,Y,4,0,1,3,A,-,08,22107,NA,N,A,C,A,A,H,-,C,A,0,NA,NA,NA,NA,Y,Y,A,01,0,0,1,0,0,0,0,0,0,-,-,NA,NA,SAN DIEGO,SAN DIEGO,-117.2189712524414,32.80615234375
9686545,2024,2024-06-24,3705,2024-04-17,2219,EC0466,NA,3,5,5,3705,0,0,0,NA,0,002,LINCOLN,E WASHINGTON,170,S,N,A,-,N,NA,NA,NA,NA,NA,NA,NA,NA,NA,Y,2,0,1,2,A,-,00,23153,G,F,G,B,E,A,H,-,C,D,0,Y,NA,NA,NA,Y,Y,A,01,1,0,0,0,1,0,0,0,0,-,-,NA,NA,SAN DIEGO,EL CAJON,-116.95368194580078,32.787174224853516
9687025,2024,2024-08-26,3710,2024-06-18,1635,OC1455,NA,2,5,6,3710,0,0,0,NA,0,001,NORTH PACIFIC ST,S HARBOR DR,1143,N,N,A,-,N,NA,NA,NA,NA,NA,NA,NA,NA,NA,N,3,0,1,3,A,-,08,22107,NA,N,D,G,A,A,H,-,A,D,0,NA,Y,NA,NA,Y,NA,A,01,0,1,0,0,0,0,1,0,0,-,-,NA,NA,SAN DIEGO,OCEANSIDE,-117.39366912841795,33.205684661865234
9687384,2024,2024-05-14,3710,2024-03-21,1732,OC1506,NA,4,5,6,3710,0,0,0,NA,0,036,W BOBIER DR,MELROSE DR,33,E,N,A,-,N,NA,NA,NA,NA,NA,NA,NA,NA,NA,N,3,0,2,2,A,-,08,22107,NA,N,B,C,A,A,H,-,A,A,0,NA,NA,Y,NA,Y,NA,A,01,0,1,1,0,0,0,0,0,1,-,-,NA,NA,SAN DIEGO,OCEANSIDE,NA,NA
9687773,2024,2024-05-08,3711,2024-03-30,235,SD1921,NA,6,5,7,3711,0,0,0,NA,0,524,C ST,10TH AV,0,NA,Y,A,-,N,NA,NA,NA,NA,NA,NA,NA,NA,NA,N,4,0,1,2,B,-,22,NA,NA,M,C,C,A,A,H,-,C,A,0,NA,NA,NA,NA,Y,NA,A,01,0,0,1,0,0,0,0,0,0,-,-,NA,NA,SAN DIEGO,SAN DIEGO,-117.1556396484375,32.716800689697266
9689541,2024,2024-06-11,3702,2024-04-10,1510,CV1529,NA,3,5,6,3702,0,0,0,NA,0,021,BROADWAY,NAPLES ST,129,N,N,A,-,N,NA,NA,NA,NA,NA,NA,NA,NA,NA,Y,3,0,1,2,A,-,17,21209,NA,N,D,C,A,A,H,-,A,A,0,NA,NA,Y,NA,Y,NA,C,02,0,1,0,0,0,0,0,0,1,-,-,NA,NA,SAN DIEGO,CHULA VISTA,-117.08155822753906,32.610565185546875
9689697,2024,2024-05-29,3711,2024-04-16,1744,SD1965,NA,2,5,7,3711,0,0,0,NA,0,614,NIAGARA AV,SUNSET CLIFFS BL,0,NA,Y,A,-,N,NA,NA,NA,NA,NA,NA,NA,NA,NA,N,4,0,1,2,A,-,09,21802,A,N,D,C,A,A,H,-,A,A,0,NA,NA,NA,NA,Y,NA,A,01,0,0,1,0,0,0,0,0,0,-,-,NA,NA,SAN DIEGO,SAN DIEGO,-117.24834442138672,32.7439079284668
9689705,2024,2024-06-06,3710,2024-04-02,1328,OC1209,NA,2,5,6,3710,0,0,0,NA,0,011,OCEANSIDE BL,CROUCH ST,42,W,N,A,-,N,NA,NA,NA,NA,NA,NA,NA,NA,NA,Y,4,0,2,3,A,-,03,22350,NA,M,C,C,A,A,H,-,A,A,0,NA,NA,NA,NA,Y,NA,A,01,0,0,2,0,0,0,0,0,0,-,-,NA,NA,SAN DIEGO,OCEANSIDE,-117.35343933105467,33.195281982421875
9691636,2024,2024-05-07,3711,2024-04-18,1819,SD7599,NA,4,5,7,3711,0,0,0,NA,0,243,MIRAMAR RD,MIRAMAR RD 9550,0,NA,-,A,-,N,NA,NA,NA,NA,NA,NA,NA,NA,NA,Y,4,0,1,2,A,-,08,38314,NA,N,B,C,A,A,H,-,A,D,0,NA,NA,NA,NA,Y,NA,A,01,0,0,1,0,0,0,0,0,0,-,-,NA,NA,SAN DIEGO,SAN DIEGO,-117.19499969482422,32.875919342041016
9691774,2024,2024-05-15,3711,2024-03-27,1650,SD1365,NA,3,5,7,3711,0,0,0,NA,0,524,3RD AVENUE,B STREET,0,NA,Y,A,-,N,NA,NA,NA,NA,NA,NA,NA,NA,NA,N,4,0,1,2,D,-,00,NA,NA,M,G,B,B,A,H,-,A,A,0,Y,NA,NA,NA,Y,NA,-,-,0,0,1,0,1,0,0,0,0,-,-,NA,NA,SAN DIEGO,SAN DIEGO,-117.16200256347656,32.71780014038086
9692511,2024,2024-06-13,3710,2024-04-26,705,OC1211,NA,5,5,6,3710,0,0,0,NA,0,013,VISTA WAY,EL CAMINO REAL,225,E,N,B,-,N,NA,NA,NA,NA,NA,NA,NA,NA,NA,Y,3,0,3,3,A,-,05,21752,NA,F,C,C,A,A,H,-,A,A,0,NA,NA,NA,NA,Y,NA,A,01,0,1,2,0,0,0,0,0,0,-,-,NA,NA,SAN DIEGO,OCEANSIDE,-117.3263931274414,33.18301773071289
9692668,2024,2024-07-10,3702,2024-05-03,157,CV1404,NA,5,5,6,3702,0,0,0,NA,0,041,LA MEDIA RD,BIRCH RD,1001,S,N,A,-,N,NA,NA,NA,NA,NA,NA,NA,NA,NA,Y,4,0,1,1,A,-,03,22350,NA,N,E,I,A,A,H,-,C,D,0,NA,NA,NA,NA,Y,NA,A,01,0,0,1,0,0,0,0,0,0,-,-,NA,NA,SAN DIEGO,CHULA VISTA,-116.9840850830078,32.61472702026367
9692812,2024,2024-07-22,3711,2024-05-03,1650,SD8736,NA,5,5,7,3711,0,0,0,NA,0,723,PALM AV,PALM AV 4600,0,NA,-,A,F,Y,SD,11,805,-,-,3.137,R,4,N,N,4,0,1,2,A,-,04,21703,NA,M,C,C,A,A,H,-,A,A,0,NA,NA,NA,NA,Y,NA,-,NA,0,0,1,0,0,0,0,0,0,-,-,NA,NA,SAN DIEGO,SAN DIEGO,-117.03630065917967,32.587215423583984
9692819,2024,2024-07-11,3709,2024-05-03,100,NC0533,NA,5,5,5,3709,0,0,0,NA,0,021,DIVISION ST,S HARBISON AVENUE,0,NA,Y,A,-,N,NA,NA,NA,NA,NA,NA,NA,NA,NA,Y,4,0,1,3,A,-,01,23153,A,F,C,C,A,A,H,-,C,A,0,NA,NA,NA,NA,Y,Y,A,01,0,0,1,0,0,0,0,0,0,-,-,NA,NA,SAN DIEGO,NATIONAL CITY,-117.0778579711914,32.69160079956055
9692987,2024,2024-07-22,3711,2024-05-14,1551,SD1888,NA,2,5,7,3711,0,0,0,NA,0,931,MIRAMAR RD,CAMINO SANTA FE,0,NA,Y,A,B,N,NA,NA,NA,NA,NA,NA,NA,NA,NA,Y,4,0,1,2,A,-,03,22350,NA,N,C,C,A,A,D,-,A,A,0,NA,NA,NA,Y,Y,NA,A,01,0,0,1,0,0,0,0,0,0,-,-,NA,NA,SAN DIEGO,SAN DIEGO,-117.17262268066406,32.877899169921875
9694726,2024,2024-07-17,3710,2024-05-30,838,OC1487,NA,4,5,6,3710,0,0,0,NA,0,016,RT 76,DOUGLAS DR,29,W,N,B,-,Y,SD,11,76,-,R,3.745,I,5,E,N,3,0,1,1,A,-,03,22350,NA,N,H,A,A,A,H,-,A,A,0,NA,NA,Y,NA,Y,NA,C,02,0,1,0,0,0,0,0,0,1,-,-,NA,NA,SAN DIEGO,OCEANSIDE,-117.32586669921876,33.22560501098633
9694949,2024,2024-06-25,3711,2024-04-15,1545,SD8334,NA,1,5,7,3711,0,0,0,NA,0,436,JAMACHA RD,TIBBETT ST,0,NA,Y,A,-,N,NA,NA,NA,NA,NA,NA,NA,NA,NA,Y,4,0,1,3,A,-,03,22350,NA,N,D,C,A,A,H,-,A,D,0,NA,NA,NA,NA,Y,NA,D,22,0,0,1,0,0,0,0,0,0,-,-,NA,NA,SAN DIEGO,SAN DIEGO,-117.03986358642578,32.71086883544922
9695123,2024,2024-09-18,3700,2024-03-12,2053,SH0141,NA,2,5,5,3712,0,0,0,NA,0,357,NORTH TWIN OAKS VALLEY DR,RT 78,44,S,N,A,-,Y,SD,11,78,-,-,13.039,R,4,E,N,4,0,1,2,A,-,07,21658,A,N,B,C,A,A,H,-,D,A,0,NA,NA,NA,NA,Y,NA,A,01,0,0,1,0,0,0,0,0,0,-,EO,NA,NA,SAN DIEGO,SAN MARCOS,-117.16146087646484,33.13718032836914
9696316,2024,2024-05-14,3711,2024-04-24,2010,SD8404,NA,3,5,7,3711,0,0,0,NA,0,628,PACIFIC HWY,ENTERPRISE ST,780,E,N,B,-,N,NA,NA,NA,NA,NA,NA,NA,NA,NA,N,3,0,1,1,A,-,03,22350,NA,N,E,J,A,B,G,-,C,D,0,NA,NA,NA,NA,Y,NA,A,01,0,1,0,0,0,0,0,0,0,-,-,NA,NA,SAN DIEGO,SAN DIEGO,-117.19571685791016,32.74571990966797
9696630,2024,2024-06-26,3710,2024-05-12,2103,OC1415,NA,7,5,6,3710,0,0,0,NA,0,008,OCEANSIDE BL,NEVADA ST,200,E,N,A,-,N,NA,NA,NA,NA,NA,NA,NA,NA,NA,Y,2,0,2,2,A,-,01,23152,A,N,C,C,A,A,H,-,C,D,0,NA,NA,Y,NA,Y,Y,C,02,1,0,1,0,0,0,0,0,1,-,-,NA,NA,SAN DIEGO,OCEANSIDE,-117.36602020263672,33.185611724853516
9696820,2024,2024-05-06,3709,2024-03-27,551,NC0546,NA,3,5,5,3709,0,0,0,NA,0,021,HIGHLAND AV,DIVISION ST,0,NA,Y,A,-,N,NA,NA,NA,NA,NA,NA,NA,NA,NA,Y,4,0,1,2,A,-,04,21703,NA,N,C,C,A,A,H,-,B,A,0,NA,NA,NA,NA,Y,NA,A,01,0,0,1,0,0,0,0,0,0,-,-,NA,NA,SAN DIEGO,NATIONAL CITY,-117.10140991210938,32.68501281738281
9697000,2024,2024-05-30,3710,2024-04-11,1730,OC1422,NA,4,5,6,3710,0,0,0,NA,0,035,ALAMOSA PARK DR,PINEWEOOD DR,8,S,N,A,-,N,NA,NA,NA,NA,NA,NA,NA,NA,NA,N,3,0,1,2,A,-,08,22107,NA,N,B,G,A,A,H,-,A,D,0,NA,Y,NA,NA,Y,NA,A,01,0,1,0,0,0,0,1,0,0,-,-,NA,NA,SAN DIEGO,OCEANSIDE,-117.28083038330078,33.23939514160156
9697223,2024,2024-06-25,3711,2024-04-22,1945,SD1022,NA,1,5,7,3711,0,0,0,NA,0,611,ROSECRANS ST,KURTZ ST,0,NA,Y,B,-,N,NA,NA,NA,NA,NA,NA,NA,NA,NA,N,3,0,1,2,D,-,00,NA,NA,N,B,G,A,A,H,-,C,D,0,NA,Y,NA,NA,Y,NA,-,-,0,1,0,0,0,0,1,0,0,-,-,NA,NA,SAN DIEGO,SAN DIEGO,-117.2038803100586,32.752315521240234
9697229,2024,2024-06-25,3711,2024-04-21,1325,SD1111,NA,7,5,7,3711,0,0,0,NA,0,233,CARMEL MOUNTAIN RD,GERANA ST,0,NA,Y,A,-,N,NA,NA,NA,NA,NA,NA,NA,NA,NA,Y,4,0,3,2,A,-,12,21453,A,N,B,C,A,A,H,-,A,A,0,NA,NA,NA,NA,Y,NA,A,01,0,0,3,0,0,0,0,0,0,-,-,NA,NA,SAN DIEGO,SAN DIEGO,-117.09291076660156,32.97322082519531
9697286,2024,2024-06-21,3710,2024-04-26,750,OC1211,NA,5,5,6,3710,0,0,0,NA,0,013,VISTA WAY,EL CAMINO REAL,225,E,N,B,-,N,NA,NA,NA,NA,NA,NA,NA,NA,NA,Y,3,0,3,3,A,-,05,21752,NA,F,C,C,A,A,H,-,A,A,0,NA,NA,NA,NA,Y,NA,A,01,0,1,2,0,0,0,0,0,0,-,-,NA,NA,SAN DIEGO,OCEANSIDE,-117.3263931274414,33.18301773071289
9697449,2024,2024-06-28,3700,2024-04-05,815,SH3197,NA,5,5,5,3712,0,0,0,NA,0,352,EAST MISSION RD,MISSION HILLS CT,480,E,N,C,-,N,NA,NA,NA,NA,NA,NA,NA,NA,NA,N,4,0,1,2,D,-,00,NA,NA,N,B,C,A,B,H,-,A,D,0,NA,NA,NA,NA,Y,NA,-,-,0,0,1,0,0,0,0,0,0,-,-,NA,NA,SAN DIEGO,SAN MARCOS,-117.14459991455078,33.14406204223633
9697463,2024,2024-07-09,3700,2024-04-25,1546,SH7085,NA,4,5,5,3713,0,0,0,NA,0,317,PLUMOSA AV,LYNN WY,90,N,N,B,-,N,NA,NA,NA,NA,NA,NA,NA,NA,NA,Y,4,0,1,2,C,-,18,NA,NA,N,E,I,A,A,H,-,A,D,0,NA,NA,NA,NA,Y,NA,-,-,0,0,1,0,0,0,0,0,0,-,-,NA,NA,SAN DIEGO,VISTA,-117.21531677246094,33.16057205200195
9698109,2024,2024-06-12,3711,2024-04-25,1340,SD1150,NA,4,5,7,3711,0,0,0,NA,0,113,CLAIREMONT DR,CLAIREMONT MESA BL,0,NA,Y,B,-,N,NA,NA,NA,NA,NA,NA,NA,NA,NA,N,4,0,1,3,A,-,08,22107,NA,N,B,C,A,A,H,-,A,A,0,NA,NA,NA,NA,Y,NA,A,01,0,0,1,0,0,0,0,0,0,-,-,NA,NA,SAN DIEGO,SAN DIEGO,-117.20614624023438,32.82770538330078
9699143,2024,2024-05-22,3705,2024-03-06,1218,EC0455,NA,3,5,5,3705,0,0,0,NA,0,004,EAST MAIN ST,ROANOKE RD,51,W,N,A,-,N,NA,NA,NA,NA,NA,NA,NA,NA,NA,N,4,0,1,2,A,-,11,21950,B,N,G,B,D,A,H,-,A,D,0,Y,NA,NA,NA,Y,NA,N,60,0,0,1,0,1,0,0,0,0,-,-,NA,NA,SAN DIEGO,EL CAJON,-116.95504760742188,32.79494857788086
9699144,2024,2024-05-22,3705,2024-03-27,1911,EC0421,NA,3,5,5,3705,0,0,0,NA,0,002,N SECOND ST,E MADISON AVE,750,S,N,A,-,N,NA,NA,NA,NA,NA,NA,NA,NA,NA,Y,2,0,1,3,A,-,09,21801,A,N,D,C,A,A,H,-,C,D,0,NA,NA,Y,NA,Y,NA,A,01,1,0,0,0,0,0,0,0,1,-,-,NA,NA,SAN DIEGO,EL CAJON,-116.93586730957033,32.7981071472168
9699771,2024,2024-07-22,3711,2024-05-17,2130,SD1936,NA,5,5,7,3711,0,0,0,NA,0,613,VOLTAIRE ST,CATALINA BL,0,NA,Y,A,-,N,NA,NA,NA,NA,NA,NA,NA,NA,NA,N,3,0,1,2,A,-,04,21703,NA,N,C,G,A,A,H,-,C,A,0,NA,Y,NA,NA,Y,NA,-,NA,0,1,0,0,0,0,1,0,0,-,-,NA,NA,SAN DIEGO,SAN DIEGO,-117.23480987548828,32.74372863769531
9699840,2024,2024-06-04,3700,2024-03-14,1113,SH0214,NA,4,5,4,3720,0,0,0,NA,0,602,BROADWAY,BUENA VISTA AV,209,W,N,A,-,N,NA,NA,NA,NA,NA,NA,NA,NA,NA,N,3,0,1,2,A,-,11,21954,A,N,G,B,F,A,H,-,A,A,0,Y,NA,NA,NA,Y,NA,N,60,0,1,0,0,1,0,0,0,0,-,-,NA,NA,SAN DIEGO,LEMON GROVE,-117.03492736816406,32.74259948730469
9700573,2024,2024-06-21,3700,2024-04-16,1855,SH0313,NA,2,5,5,3782,0,0,0,NA,0,221,N VULCAN AVE,ENCINITAS BL,19,S,N,A,-,N,NA,NA,NA,NA,NA,NA,NA,NA,NA,N,4,0,1,2,A,-,12,21453,A,N,D,G,A,A,H,-,A,A,0,NA,Y,NA,NA,Y,NA,L,04,0,0,1,0,0,0,1,0,0,-,-,NA,NA,SAN DIEGO,ENCINITAS,-117.29297637939452,33.048858642578125
9702115,2024,2024-06-21,3710,2024-05-12,1407,OC1515,NA,7,5,6,3710,0,0,0,NA,0,008,OCEANSIDE BL,RT 5,118,E,N,A,-,Y,SD,11,5,-,R,52.354,R,4,S,N,4,0,1,2,A,-,03,22350,NA,N,C,C,A,A,H,-,A,A,0,NA,NA,NA,NA,Y,NA,A,01,0,0,1,0,0,0,0,0,0,-,SF,NA,NA,SAN DIEGO,OCEANSIDE,-117.36275482177734,33.19063186645508
9702370,2024,2024-07-09,3711,2024-06-11,2327,SD1513,NA,2,5,7,3711,0,0,0,NA,0,825,MONTEZUMA RD,FAIRMOUNT AV,0,NA,N,A,-,N,NA,NA,NA,NA,NA,NA,NA,NA,NA,N,3,0,1,1,A,-,03,22350,NA,N,F,A,A,A,-,-,C,D,0,NA,NA,Y,NA,Y,NA,C,02,0,1,0,0,0,0,0,0,1,-,-,NA,NA,SAN DIEGO,SAN DIEGO,-117.09698486328124,32.772403717041016
9702547,2024,2024-06-14,3702,2024-04-29,1748,CV1393,NA,1,5,6,3702,0,0,0,NA,0,024,BROADWAY AV,ANITA ST,36,N,N,A,-,N,NA,NA,NA,NA,NA,NA,NA,NA,NA,N,4,0,1,2,A,-,03,22350,NA,N,C,C,A,A,H,-,A,A,0,NA,NA,NA,NA,Y,NA,A,01,0,0,1,0,0,0,0,0,0,-,-,NA,NA,SAN DIEGO,CHULA VISTA,-117.0768585205078,32.59856414794922
9703058,2024,2024-09-10,3708,2024-06-06,1419,LM1206,NA,4,5,5,3708,0,0,0,NA,0,003,LAKE MURRAY BL,KIOWA DR,354,W,N,A,-,N,NA,NA,NA,NA,NA,NA,NA,NA,NA,Y,2,0,1,1,A,-,01,23153,A,N,F,I,A,A,H,-,A,D,0,NA,NA,NA,NA,Y,Y,A,01,1,0,0,0,0,0,0,0,0,-,-,NA,NA,SAN DIEGO,LA MESA,-117.04167938232422,32.779117584228516
9703414,2024,2024-08-28,3709,2024-06-03,1603,NC0556,NA,1,5,5,3709,0,0,0,NA,0,021,1ST ST,EUCLID AV,0,NA,Y,A,-,N,NA,NA,NA,NA,NA,NA,NA,NA,NA,N,4,0,1,2,A,-,04,21703,NA,N,C,C,A,A,H,-,A,D,0,NA,NA,NA,NA,Y,NA,A,01,0,0,1,0,0,0,0,0,0,-,-,NA,NA,SAN DIEGO,NATIONAL CITY,-117.08454895019533,32.68815231323242
9706560,2024,2024-07-26,3700,2024-06-14,945,SH3684,NA,5,5,5,3713,0,0,0,NA,0,308,EMERALD DR,VISTA WY,81,S,N,A,-,Y,SD,11,78,-,-,4.278,R,4,W,N,3,0,1,2,A,-,03,22350,NA,N,C,C,A,A,H,-,A,A,0,NA,NA,NA,NA,Y,NA,A,01,0,1,0,0,0,0,0,0,0,-,-,NA,NA,SAN DIEGO,VISTA,-117.28113555908205,33.187286376953125
9706754,2024,2024-07-08,3702,2024-05-08,2017,CV1429,NA,3,5,6,3702,0,0,0,NA,0,031,BONITA ROAD,ALLEN SCHOOL RD,0,NA,Y,A,-,N,NA,NA,NA,NA,NA,NA,NA,NA,NA,Y,4,0,3,2,A,-,03,22350,NA,N,D,D,A,A,H,-,C,A,0,NA,NA,NA,NA,Y,NA,A,01,0,0,3,0,0,0,0,0,0,-,-,NA,NA,SAN DIEGO,CHULA VISTA,-117.03656768798828,32.66049575805664
9706791,2024,2024-07-03,3711,2024-05-19,2140,SD7984,NA,7,5,7,3711,0,0,0,NA,0,841,UNIVERSITY AVE,COLLEGE AV,300,E,N,A,-,N,NA,NA,NA,NA,NA,NA,NA,NA,NA,N,3,0,1,2,C,-,18,NA,NA,N,G,B,D,A,H,-,C,D,0,Y,NA,NA,NA,Y,NA,-,-,0,1,0,0,1,0,0,0,0,-,-,NA,NA,SAN DIEGO,SAN DIEGO,-117.06356048583984,32.75313186645508
9706798,2024,2024-07-03,3711,2024-05-13,1155,SD1706,NA,1,5,7,3711,0,0,0,NA,0,622,MORENA BL,LINDA VISTA RD,0,NA,Y,A,-,N,NA,NA,NA,NA,NA,NA,NA,NA,NA,Y,3,0,2,2,A,-,12,21453,A,N,D,C,A,A,H,-,A,A,0,NA,NA,NA,NA,Y,NA,-,NA,0,1,1,0,0,0,0,0,0,-,-,NA,NA,SAN DIEGO,SAN DIEGO,-117.19783782958984,32.76449203491211
9706815,2024,2024-07-02,3711,2024-05-11,1747,SD6146,NA,6,5,7,3711,0,0,0,NA,0,825,MARLBOROUGH DR,HILLDALE RD,0,NA,Y,B,-,N,NA,NA,NA,NA,NA,NA,NA,NA,NA,Y,4,0,1,2,A,-,09,21802,B,N,D,C,A,A,H,-,A,A,0,NA,NA,NA,NA,Y,NA,A,01,0,0,1,0,0,0,0,0,0,-,-,NA,NA,SAN DIEGO,SAN DIEGO,-117.10643005371094,32.7701416015625
9706818,2024,2024-07-02,3711,2024-05-09,1144,SD1955,NA,4,5,7,3711,0,0,0,NA,0,934,QUARTER MILE DR,EL CAMINO REAL,0,NA,Y,A,B,N,NA,NA,NA,NA,NA,NA,NA,NA,NA,Y,4,0,1,2,A,-,12,21453,A,N,D,C,A,A,H,-,A,A,0,NA,NA,NA,NA,Y,NA,A,01,0,0,1,0,0,0,0,0,0,-,-,NA,NA,SAN DIEGO,SAN DIEGO,-117.23442840576172,32.95657730102539
9706820,2024,2024-07-02,3711,2024-05-08,1500,SD1861,NA,3,5,7,3711,0,0,0,NA,0,627,5TH AV,ANDERSON PL,111,S,N,A,-,N,NA,NA,NA,NA,NA,NA,NA,NA,NA,N,3,0,1,2,A,-,07,21658,A,N,B,C,A,A,H,-,A,D,0,NA,NA,Y,NA,Y,NA,A,07,0,1,0,0,0,0,0,0,1,-,-,NA,NA,SAN DIEGO,SAN DIEGO,-117.160400390625,32.74390411376953
9706984,2024,2024-07-25,3702,2024-05-22,1050,CV1528,NA,3,5,6,3702,0,0,0,NA,0,021,PALOMAR ST,TRANSIT CENTER PL,42,W,N,A,-,N,NA,NA,NA,NA,NA,NA,NA,NA,NA,N,4,0,1,2,A,-,04,21703,NA,N,C,C,A,A,H,-,A,A,0,NA,NA,NA,NA,Y,NA,A,01,0,0,1,0,0,0,0,0,0,-,-,NA,NA,SAN DIEGO,CHULA VISTA,NA,NA
9707205,2024,2024-07-24,3711,2024-05-30,2150,SD1811,NA,4,5,7,3711,0,0,0,NA,0,436,SKYLINE DR,69TH ST,52,W,N,A,-,N,NA,NA,NA,NA,NA,NA,NA,NA,NA,Y,4,0,1,2,A,-,03,22350,NA,N,C,C,A,A,H,-,C,A,0,NA,NA,NA,NA,Y,Y,A,01,0,0,1,0,0,0,0,0,0,-,-,NA,NA,SAN DIEGO,SAN DIEGO,-117.0490264892578,32.70267105102539
9707236,2024,2024-07-24,3711,2024-05-22,1433,SD1780,NA,3,5,7,3711,0,0,0,NA,0,626,AMPUDIA ST,HICKORY ST,0,NA,Y,A,-,N,NA,NA,NA,NA,NA,NA,NA,NA,NA,N,4,0,1,2,A,-,09,21800,D,N,E,C,A,A,H,-,A,D,0,NA,NA,Y,NA,Y,NA,A,01,0,0,1,0,0,0,0,0,1,-,-,NA,NA,SAN DIEGO,SAN DIEGO,-117.18853759765624,32.75529479980469
9707258,2024,2024-08-01,3711,2024-05-17,1100,SD1723,NA,5,5,7,3711,0,0,0,NA,0,724,PALM AV,HOLLISTER ST,387,W,N,A,-,N,NA,NA,NA,NA,NA,NA,NA,NA,NA,N,4,0,2,3,A,-,03,22350,NA,N,C,D,A,A,-,-,A,D,0,NA,NA,NA,NA,Y,NA,A,01,0,0,2,0,0,0,0,0,0,-,-,NA,NA,SAN DIEGO,SAN DIEGO,-117.08531951904295,32.583797454833984
9707262,2024,2024-07-23,3711,2024-05-28,940,SD1988,NA,2,5,7,3711,0,0,0,NA,0,441,DELTA ST,SOUTH 43RD ST,396,E,N,A,-,N,NA,NA,NA,NA,NA,NA,NA,NA,NA,N,4,0,1,2,A,-,08,22107,NA,N,A,D,A,A,H,-,A,D,0,NA,NA,NA,NA,Y,NA,A,01,0,0,1,0,0,0,0,0,0,-,-,NA,NA,SAN DIEGO,SAN DIEGO,-117.10118865966795,32.68895721435547
9707265,2024,2024-07-29,3711,2024-05-30,1407,SD7042,NA,4,5,7,3711,0,0,0,NA,0,324,NAVAJO ROAD,NAVAJO ROAD 8800,9,S,N,A,-,N,NA,NA,NA,NA,NA,NA,NA,NA,NA,N,3,0,2,2,A,-,03,22350,NA,N,C,C,A,A,H,-,A,D,0,NA,NA,NA,NA,Y,NA,A,01,0,1,1,0,0,0,0,0,0,-,-,NA,NA,SAN DIEGO,SAN DIEGO,NA,NA