CASE_ID,ACCIDENT_YEAR,PROC_DATE,JURIS,COLLISION_DATE,COLLISION_TIME,OFFICER_ID,REPORTING_DISTRICT,DAY_OF_WEEK,CHP_SHIFT,POPULATION,CNTY_CITY_LOC,SPECIAL_COND,BEAT_TYPE,CHP_BEAT_TYPE,CITY_DIVISION_LAPD,CHP_BEAT_CLASS,BEAT_NUMBER,PRIMARY_RD,SECONDARY_RD,DISTANCE,DIRECTION,INTERSECTION,WEATHER_1,WEATHER_2,STATE_HWY_IND,CALTRANS_COUNTY,CALTRANS_DISTRICT,STATE_ROUTE,ROUTE_SUFFIX,POSTMILE_PREFIX,POSTMILE,LOCATION_TYPE,RAMP_INTERSECTION,SIDE_OF_HWY,TOW_AWAY,COLLISION_SEVERITY,NUMBER_KILLED,NUMBER_INJURED,PARTY_COUNT,PRIMARY_COLL_FACTOR,PCF_CODE_OF_VIOL,PCF_VIOL_CATEGORY,PCF_VIOLATION,PCF_VIOL_SUBSECTION,HIT_AND_RUN,TYPE_OF_COLLISION,MVIW,PED_ACTION,ROAD_SURFACE,ROAD_COND_1,ROAD_COND_2,LIGHTING,CONTROL_DEVICE,CHP_ROAD_TYPE,PEDESTRIAN_ACCIDENT,BICYCLE_ACCIDENT,MOTORCYCLE_ACCIDENT,TRUCK_ACCIDENT,NOT_PRIVATE_PROPERTY,ALCOHOL_INVOLVED,STWD_VEHTYPE_AT_FAULT,CHP_VEHTYPE_AT_FAULT,COUNT_SEVERE_INJ,COUNT_VISIBLE_INJ,COUNT_COMPLAINT_PAIN,COUNT_PED_KILLED,COUNT_PED_INJURED,COUNT_BICYCLIST_KILLED,COUNT_BICYCLIST_INJURED,COUNT_MC_KILLED,COUNT_MC_INJURED,PRIMARY_RAMP,SECONDARY_RAMP,LATITUDE,LONGITUDE,COUNTY,CITY,POINT_X,POINT_Y
81737752,2022,2022-03-31,3706,2022-03-25,0858,474,ESCON,5,5,6,3706,0,0,0,NA,0,043,LINCOLN AV,ROCK SPRINGS RD,390,W,N,A,-,N,NA,NA,NA,NA,NA,NA,NA,NA,NA,N,4,0,2,2,A,-,09,21804,A,N,D,C,A,A,H,-,A,D,0,NA,NA,NA,NA,Y,NA,A,01,0,0,2,0,0,0,0,0,0,-,-,33.12992858886719,-117.09906768798828,SAN DIEGO,ESCONDIDO,-117.10027313232422,33.12956619262695
8173878,2016,2016-11-29,3706,2016-11-08,1546,424,ESCON,2,5,6,3706,0,0,0,NA,0,052,5TH AV,KALMIA ST,0,NA,Y,A,-,N,NA,NA,NA,NA,NA,NA,NA,NA,NA,N,4,0,1,2,A,-,09,21802,A,F,D,C,A,A,H,-,D,A,0,NA,NA,NA,NA,Y,NA,A,01,0,0,1,0,0,0,0,0,0,-,-,NA,NA,SAN DIEGO,ESCONDIDO,-117.07756007,33.11871005
8174102,2016,2016-11-22,3700,2016-10-22,0859,SH1706,NA,6,5,5,3782,0,0,0,NA,0,241,SAN ELIJO  AV,MANCHESTER AV,400,W,N,A,-,N,NA,NA,NA,NA,NA,NA,NA,NA,NA,Y,4,0,1,2,A,-,01,23152,B,N,C,E,A,A,H,-,A,D,0,NA,NA,NA,NA,Y,Y,A,07,0,0,1,0,0,0,0,0,0,-,-,NA,NA,SAN DIEGO,ENCINITAS,-117.27627295,33.01508281
8176229,2016,2016-11-30,3702,2016-10-14,1420,CV1174,NA,5,5,6,3702,0,0,0,NA,0,021,NAPLES ST,OAKLAWN AV,0,NA,Y,A,-,N,NA,NA,NA,NA,NA,NA,NA,NA,NA,Y,4,0,1,2,A,-,09,21802,A,N,D,C,A,A,H,-,A,D,0,NA,NA,NA,NA,Y,NA,A,01,0,0,1,0,0,0,0,0,0,-,-,NA,NA,SAN DIEGO,CHULA VISTA,-117.08442004,32.60937012
8176269,2016,2016-11-29,3702,2016-10-13,1536,CV1031,NA,4,5,6,3702,0,0,0,NA,0,031,EAST J ST,FLOYD AV,0,NA,Y,A,-,N,NA,NA,NA,NA,NA,NA,NA,NA,NA,Y,4,0,1,2,D,-,00,NA,NA,N,B,C,A,A,H,-,A,D,0,NA,NA,NA,NA,Y,NA,-,-,0,0,1,0,0,0,0,0,0,-,-,NA,NA,SAN DIEGO,CHULA VISTA,-117.04217003,32.63456004
8176289,2016,2016-11-29,3702,2016-10-22,0210,CV1179,NA,6,5,6,3702,0,0,0,NA,0,022,MOSS,KITTIWAKE LN,18,W,N,A,-,N,NA,NA,NA,NA,NA,NA,NA,NA,NA,N,2,0,1,2,D,-,00,NA,NA,F,G,B,E,A,H,-,D,D,0,Y,NA,NA,NA,Y,Y,-,-,1,0,0,0,1,0,0,0,0,-,-,NA,NA,SAN DIEGO,CHULA VISTA,-117.07619517,32.61552417
8176357,2016,2016-11-28,3702,2016-11-08,1030,CV0652,NA,2,5,6,3702,0,0,0,NA,0,022,MOSS ST,4TH AV,96,E,N,A,-,N,NA,NA,NA,NA,NA,NA,NA,NA,NA,N,4,0,1,2,A,-,09,21804,A,N,D,C,A,A,H,-,A,D,0,NA,NA,NA,NA,Y,NA,-,NA,0,0,1,0,0,0,0,0,0,-,-,NA,NA,SAN DIEGO,CHULA VISTA,-117.07424471,32.6160618
8176941,2016,2016-12-02,3711,2016-11-15,1134,5498,NA,2,5,7,3711,0,0,0,NA,0,521,F ST,9TH AV,0,NA,Y,A,-,N,NA,NA,NA,NA,NA,NA,NA,NA,NA,Y,3,0,2,2,A,-,12,21453,A,N,D,C,A,A,H,-,A,A,0,NA,NA,NA,NA,Y,NA,A,07,0,1,1,0,0,0,0,0,0,-,-,NA,NA,SAN DIEGO,SAN DIEGO,-117.15649013,32.71362004
8177063,2016,2016-12-01,3710,2016-11-20,0744,OC1059,NA,7,5,6,3710,0,0,0,NA,0,027,COLLEGE BL,ROSELLE AV,165,N,N,A,-,N,NA,NA,NA,NA,NA,NA,NA,NA,NA,Y,2,0,1,1,A,-,03,22350,NA,N,E,I,A,A,H,-,A,A,0,NA,NA,Y,NA,Y,NA,C,02,1,0,0,0,0,0,0,0,1,-,-,NA,NA,SAN DIEGO,OCEANSIDE,-117.29453902,33.19246973
81773400,2022,2022-05-17,3706,2022-05-06,1337,455,ESCON,5,5,6,3706,0,0,0,NA,0,055,VALLEY PY,LA TRZA BL,0,NA,Y,A,-,N,NA,NA,NA,NA,NA,NA,NA,NA,NA,Y,4,0,1,2,A,-,12,21453,A,N,D,C,A,A,H,-,A,A,0,NA,NA,NA,NA,Y,NA,A,01,0,0,1,0,0,0,0,0,0,-,-,33.11690902709961,-117.09662628173828,SAN DIEGO,ESCONDIDO,NA,NA
81773403,2022,2022-05-17,3706,2022-05-11,0711,464,ESCON,3,5,6,3706,0,0,0,NA,0,052,GRAND AV,CENTRE CITY PY,0,NA,Y,A,-,N,NA,NA,NA,NA,NA,NA,NA,NA,NA,Y,3,0,1,2,A,-,12,21453,A,N,D,C,A,A,H,-,A,A,0,NA,NA,NA,NA,Y,NA,A,07,0,1,0,0,0,0,0,0,0,-,-,33.11888122558594,-117.08702087402344,SAN DIEGO,ESCONDIDO,-117.08675384521484,33.11899185180664
81773594,2022,2022-05-17,3701,2022-04-29,1247,CB5499,030,5,5,5,3701,0,0,0,NA,0,004,EL CAMINO REAL,CHESTNUT AV,0,NA,Y,A,-,N,NA,NA,NA,NA,NA,NA,NA,NA,NA,Y,4,0,1,2,A,-,09,21453,C,N,D,C,A,A,H,-,A,A,0,NA,NA,NA,NA,Y,NA,A,07,0,0,1,0,0,0,0,0,0,-,-,33.16416931152344,-117.31999206542967,SAN DIEGO,CARLSBAD,-117.31985473632813,33.164188385009766
8177602,2016,2016-12-05,3701,2016-11-18,1549,5287,054,5,5,5,3701,0,0,0,NA,0,005,MELROSE DR,LIONSHEAD,0,NA,Y,A,-,N,NA,NA,NA,NA,NA,NA,NA,NA,NA,Y,4,0,1,2,A,-,12,21453,A,N,B,C,A,A,H,-,A,A,0,NA,NA,NA,NA,Y,NA,A,08,0,0,1,0,0,0,0,0,0,-,-,NA,NA,SAN DIEGO,CARLSBAD,-117.24430005,33.13370007
8177634,2016,2017-01-09,3701,2016-11-05,2218,5471,106,6,5,5,3701,0,0,0,NA,0,007,EL FUERTE,BABILONIA ST,108,S,N,E,-,N,NA,NA,NA,NA,NA,NA,NA,NA,NA,Y,4,0,1,1,A,-,01,23152,A,N,F,I,A,A,H,-,C,D,0,NA,NA,NA,NA,Y,Y,A,01,0,0,1,0,0,0,0,0,0,-,-,NA,NA,SAN DIEGO,CARLSBAD,-117.2434969,33.09839523
81779627,2022,2022-05-25,3706,2022-05-16,1655,525,ESCON,1,5,6,3706,0,0,0,NA,0,045,VALLEY PY,LA TRZA BL,0,NA,Y,A,-,N,NA,NA,NA,NA,NA,NA,NA,NA,NA,N,4,0,1,2,A,-,09,21801,A,N,B,C,A,A,H,-,A,A,0,NA,NA,Y,NA,Y,NA,A,07,0,0,1,0,0,0,0,0,1,-,-,33.11690902709961,-117.09662628173828,SAN DIEGO,ESCONDIDO,NA,NA
8178383,2016,2016-12-05,3700,2016-11-25,0949,SH4541,NA,5,5,5,3712,0,0,0,NA,0,352,BORDEN RD,WOODWARD ST,0,NA,Y,A,-,N,NA,NA,NA,NA,NA,NA,NA,NA,NA,Y,4,0,1,2,A,-,12,21453,A,N,D,C,A,A,H,-,A,A,0,NA,NA,NA,NA,Y,NA,A,08,0,0,1,0,0,0,0,0,0,-,-,NA,NA,SAN DIEGO,SAN MARCOS,-117.15944001,33.15090002
81785448,2022,2022-06-01,3706,2022-05-24,1448,445,ESCON,2,5,6,3706,0,0,0,NA,0,041,ASH ST,SHERIDAN AV,0,NA,Y,A,-,N,NA,NA,NA,NA,NA,NA,NA,NA,NA,N,2,0,1,1,A,-,03,22350,NA,N,F,A,A,A,H,-,A,A,0,NA,Y,NA,NA,Y,NA,L,04,1,0,0,0,0,0,1,0,0,-,-,33.14712142944336,-117.08029174804688,SAN DIEGO,ESCONDIDO,-117.08033752441406,33.147037506103516
81785452,2022,2022-06-01,3706,2022-05-25,0853,424,ESCON,3,5,6,3706,0,0,0,NA,0,042,WASHINGTON AV,CEDAR ST,0,NA,Y,A,-,Y,SD,NA,78,NA,T,18.867,H,NA,R,N,3,0,1,2,A,-,09,21801,A,N,D,C,A,A,H,-,A,A,0,NA,NA,NA,NA,Y,NA,D,22,0,1,0,0,0,0,0,0,0,-,-,33.131221771240234,-117.07122802734376,SAN DIEGO,ESCONDIDO,-117.07118225097656,33.13116455078125
8178642,2016,2016-12-06,3711,2016-11-04,0939,7348,NA,5,5,7,3711,0,0,0,NA,0,936,SAN DIEGUITO RD,EL CAMINO REAL,5280,E,N,A,-,N,NA,NA,NA,NA,NA,NA,NA,NA,NA,Y,4,0,2,2,A,-,08,22107,NA,N,B,E,A,A,H,-,A,A,0,NA,NA,NA,NA,Y,NA,A,01,0,0,2,0,0,0,0,0,0,-,-,NA,NA,SAN DIEGO,SAN DIEGO,-117.21464051,32.97507383
8178643,2016,2016-12-06,3711,2016-11-17,1442,8334,NA,4,5,7,3711,0,0,0,NA,0,437,SKYLINE DR,BRANDYWOOD ST,0,NA,Y,A,-,N,NA,NA,NA,NA,NA,NA,NA,NA,NA,N,3,0,1,2,A,-,09,21800,A,N,D,G,A,A,H,-,A,A,0,NA,Y,NA,NA,Y,NA,L,04,0,1,0,0,0,0,1,0,0,-,-,NA,NA,SAN DIEGO,SAN DIEGO,-117.05130014,32.70230001
8178653,2016,2016-12-06,3711,2016-11-16,1413,6461,NA,3,5,7,3711,0,0,0,NA,0,124,PEARL ST,EADS,3,E,N,A,-,N,NA,NA,NA,NA,NA,NA,NA,NA,NA,N,4,0,1,2,A,-,03,22350,NA,N,G,B,B,A,H,-,A,A,0,Y,NA,NA,NA,Y,NA,-,NA,0,0,1,0,1,0,0,0,0,-,-,NA,NA,SAN DIEGO,SAN DIEGO,-117.27490063,32.83995222
8178687,2016,2017-01-06,3711,2016-11-22,1745,6339,NA,2,5,7,3711,0,0,0,NA,0,242,CAMINO RUIZ,JADE COAST DR,0,NA,Y,A,-,N,NA,NA,NA,NA,NA,NA,NA,NA,NA,Y,4,0,1,2,A,-,09,21802,NA,M,D,C,A,A,H,-,C,D,0,NA,NA,NA,NA,Y,Y,-,NA,0,0,1,0,0,0,0,0,0,-,-,NA,NA,SAN DIEGO,SAN DIEGO,-117.14414004,32.9018901
8178711,2016,2016-12-06,3711,2016-11-05,2110,5555,NA,6,5,7,3711,0,0,0,NA,0,521,MARKET ST,11TH AV,100,W,N,A,-,N,NA,NA,NA,NA,NA,NA,NA,NA,NA,N,4,0,2,3,A,-,10,21950,A,N,A,B,B,A,H,-,C,A,0,Y,NA,NA,NA,Y,NA,-,NA,0,0,2,0,2,0,0,0,0,-,-,NA,NA,SAN DIEGO,SAN DIEGO,-117.15498403,32.71152
81792422,2022,2022-06-10,3701,2022-06-06,1440,CB5434,NA,1,5,5,3701,0,0,0,NA,0,NA,ACACIA AV,GARFIELD ST,595,E,N,A,-,N,NA,NA,NA,NA,NA,NA,NA,NA,NA,N,4,0,1,2,A,-,21,22106,NA,N,B,C,A,A,H,-,A,D,0,NA,NA,NA,NA,Y,NA,A,01,0,0,1,0,0,0,0,0,0,-,-,33.15279006958008,-117.3457489013672,SAN DIEGO,CARLSBAD,-117.3451919555664,33.15275573730469
8179470,2016,2016-12-12,3711,2016-11-23,0828,7516,SDPD,3,5,7,3711,0,0,0,NA,0,233,BLACK MOUNTAIN RD,CARMEL MOUNTAIN RD,0,NA,Y,A,-,N,NA,NA,NA,NA,NA,NA,NA,NA,NA,Y,4,0,1,2,A,-,12,21453,A,N,D,C,A,A,H,-,A,A,0,NA,NA,NA,NA,Y,NA,A,01,0,0,1,0,0,0,0,0,0,-,-,NA,NA,SAN DIEGO,SAN DIEGO,-117.12678009,32.96335002
81820854,2022,2022-07-20,3706,2022-06-28,1537,1891,ESCON,2,5,6,3706,0,0,0,NA,0,042,VALLEY PY,DATE ST,0,NA,Y,A,-,N,NA,NA,NA,NA,NA,NA,NA,NA,NA,Y,4,0,1,2,A,-,12,21453,A,N,B,C,A,A,H,-,A,A,0,NA,NA,NA,NA,Y,NA,A,08,0,0,1,0,0,0,0,0,0,-,-,33.1285514831543,-117.07131958007813,SAN DIEGO,ESCONDIDO,-117.07118988037108,33.12855911254883
81820857,2022,2022-07-20,3706,2022-06-29,1430,477,ESCON,3,5,6,3706,0,0,0,NA,0,045,VALLEY PY,QUINCE ST,0,NA,Y,A,-,N,NA,NA,NA,NA,NA,NA,NA,NA,NA,N,4,0,1,2,A,-,12,21453,A,N,D,C,A,A,H,-,A,A,0,NA,NA,NA,NA,Y,NA,A,01,0,0,1,0,0,0,0,0,0,-,-,33.11927032470703,-117.08885192871094,SAN DIEGO,ESCONDIDO,-117.08882904052734,33.119224548339844
8182999,2016,2016-12-09,3700,2016-11-28,1706,SH7146,NA,1,5,5,3712,0,0,0,NA,0,357,E BARHAM DR,E LA MOREE RD,797,E,N,B,-,N,NA,NA,NA,NA,NA,NA,NA,NA,NA,Y,4,0,3,3,A,-,03,22350,NA,N,C,C,A,A,H,-,C,D,0,NA,NA,NA,NA,Y,NA,A,01,0,0,3,0,0,0,0,0,0,-,-,NA,NA,SAN DIEGO,SAN MARCOS,-117.15149188,33.13569624
81840959,2022,2022-08-16,3706,2022-07-31,0046,567,ESCON,7,5,6,3706,0,0,0,NA,0,044,MISSION AV,BUCHANAN (N),40,E,N,A,-,N,NA,NA,NA,NA,NA,NA,NA,NA,NA,Y,3,0,1,3,A,-,04,21703,NA,N,C,C,A,A,H,-,C,D,0,NA,NA,NA,NA,Y,NA,A,01,0,1,0,0,0,0,0,0,0,-,-,33.13806915283203,-117.06675720214844,SAN DIEGO,ESCONDIDO,-117.06648254394533,33.13841247558594
81842136,2022,2022-08-17,3701,2022-07-21,0830,CB5512,36,4,5,5,3701,0,0,0,NA,0,002,900 TAMARACK AVE,PIO PICO,110,W,N,A,-,N,NA,NA,NA,NA,NA,NA,NA,NA,NA,N,4,0,1,2,A,-,04,21703,NA,N,C,C,A,A,H,-,A,D,0,NA,NA,NA,NA,Y,NA,A,01,0,0,1,0,0,0,0,0,0,-,-,NA,NA,SAN DIEGO,CARLSBAD,-117.33556365966795,33.15253829956055
81846118,2022,2022-08-23,3706,2022-08-08,0856,450,ESCON,1,5,6,3706,0,0,0,NA,0,045,VALLEY PY,11TH AV,0,NA,Y,A,-,N,NA,NA,NA,NA,NA,NA,NA,NA,NA,Y,4,0,1,2,A,-,12,21453,A,N,D,C,A,A,H,-,A,A,0,NA,NA,NA,NA,Y,NA,D,22,0,0,1,0,0,0,0,0,0,-,-,33.10708999633789,-117.10452270507813,SAN DIEGO,ESCONDIDO,-117.10452270507813,33.10712814331055
81846124,2022,2023-12-07,3706,2022-08-13,1242,540,ESCON,6,5,6,3706,0,0,0,NA,0,045,VALLEY PY,CLAUDAN RD,180,W,N,A,-,N,NA,NA,NA,NA,NA,NA,NA,NA,NA,Y,4,0,1,1,C,-,18,NA,NA,N,E,I,A,A,H,-,A,D,0,NA,NA,NA,NA,Y,NA,-,-,0,0,1,0,0,0,0,0,0,-,-,33.094879150390625,-117.1124267578125,SAN DIEGO,ESCONDIDO,-117.11276245117188,33.0944709777832
81847356,2022,2022-08-24,3701,2022-08-21,1901,CB5547,002,7,5,5,3701,0,0,0,NA,0,001,JEFFERSON ST,LAGUNA DR,0,NA,Y,A,-,N,NA,NA,NA,NA,NA,NA,NA,NA,NA,Y,3,0,4,2,A,-,09,21801,A,N,A,C,A,A,H,-,A,A,0,NA,NA,NA,NA,Y,NA,A,01,0,2,2,0,0,0,0,0,0,-,-,33.16518020629883,-117.34832763671876,SAN DIEGO,CARLSBAD,-117.34837341308594,33.16523361206055
8184854,2016,2017-03-27,3702,2016-10-13,2215,CV1060,NA,4,5,6,3702,0,0,0,NA,0,014,BONITA RD,RT 805,0,NA,Y,A,-,Y,SD,11,805,-,-,7.713,R,4,S,Y,2,0,3,2,A,-,01,23153,A,N,D,C,A,A,H,-,A,A,0,NA,NA,NA,NA,Y,Y,D,22,1,0,2,0,0,0,0,0,0,-,-,NA,NA,SAN DIEGO,CHULA VISTA,-117.06041514,32.64722428
81850273,2022,2022-08-26,3706,2022-08-24,2053,571,ESCON,3,5,6,3706,0,0,0,NA,0,051,JUNIPER ST,CHESTNUT ST,0,NA,Y,A,-,N,NA,NA,NA,NA,NA,NA,NA,NA,NA,Y,4,0,3,2,A,-,01,23152,A,F,B,C,A,A,H,-,C,D,0,NA,NA,NA,NA,Y,Y,D,22,0,0,3,0,0,0,0,0,0,-,-,33.112281799316406,-117.07174682617188,SAN DIEGO,ESCONDIDO,-117.07132720947266,33.1125373840332
8185048,2016,2016-12-15,3710,2016-11-28,0917,OC1311,NA,1,5,6,3710,0,0,0,NA,0,004,SOUTH PACIFIC ST,CASSIDY ST,670,N,N,A,-,N,NA,NA,NA,NA,NA,NA,NA,NA,NA,N,3,0,1,1,D,-,00,NA,NA,N,F,A,A,A,H,-,A,D,0,NA,Y,NA,NA,Y,NA,-,-,0,1,0,0,0,0,1,0,0,-,-,NA,NA,SAN DIEGO,OCEANSIDE,-117.36674421,33.17481059
81853736,2022,2022-08-31,3706,2022-08-07,1437,568,ESCON,7,5,6,3706,0,0,0,NA,0,045,MISSION AV,METCALF ST,0,NA,Y,A,-,N,NA,NA,NA,NA,NA,NA,NA,NA,NA,N,4,0,1,2,A,-,09,21801,A,F,E,I,A,A,H,-,A,D,0,NA,NA,NA,NA,Y,NA,D,22,0,0,1,0,0,0,0,0,0,-,-,33.12533950805664,-117.10150146484376,SAN DIEGO,ESCONDIDO,-117.10150146484376,33.125308990478516
8186200,2016,2016-12-20,3710,2016-11-27,2049,OC1430,NA,7,5,6,3710,0,0,0,NA,0,009,EVERGREEN PKWY,PARKWOOD LN,613,W,N,C,-,N,NA,NA,NA,NA,NA,NA,NA,NA,NA,N,4,0,1,1,A,-,03,22350,NA,N,F,A,A,B,H,-,D,D,0,NA,NA,Y,NA,Y,NA,C,02,0,0,1,0,0,0,0,0,1,-,-,NA,NA,SAN DIEGO,OCEANSIDE,-117.36375458,33.18717118
81871508,2022,2022-09-23,3706,2022-09-06,1444,479,ESCON,2,5,6,3706,0,0,0,NA,0,055,09TH AV,QUINCE ST,83,E,N,A,-,N,NA,NA,NA,NA,NA,NA,NA,NA,NA,Y,4,0,1,2,A,-,04,21703,NA,N,C,C,A,A,H,-,A,A,0,NA,NA,NA,NA,Y,NA,A,01,0,0,1,0,0,0,0,0,0,-,-,33.11088180541992,-117.08355712890624,SAN DIEGO,ESCONDIDO,-117.08289337158205,33.1111946105957
8187273,2016,2016-12-22,3711,2016-11-30,1700,4897,NA,3,5,7,3711,0,0,0,NA,0,613,NIMITZ BL,NIMITZ BL 4600,0,NA,Y,F,-,N,NA,NA,NA,NA,NA,NA,NA,NA,NA,N,4,0,1,2,D,-,00,NA,NA,N,H,-,A,-,G,-,-,-,0,NA,NA,NA,NA,Y,NA,-,-,0,0,1,0,0,0,0,0,0,-,-,NA,NA,SAN DIEGO,SAN DIEGO,-117.23612845,32.75123847
81874184,2022,2022-09-27,3701,2022-09-02,1553,CB5562,038,5,5,5,3701,0,0,0,NA,0,002,CARLSBAD BL,CANNON RD,1193,N,N,A,-,N,NA,NA,NA,NA,NA,NA,NA,NA,NA,Y,4,0,1,7,A,-,01,23152,A,N,C,E,A,A,H,-,A,D,0,NA,NA,NA,NA,Y,NA,A,07,0,0,1,0,0,0,0,0,0,-,-,33.13248062133789,-117.3354263305664,SAN DIEGO,CARLSBAD,-117.33729553222656,33.13536071777344
8188000,2016,2017-03-27,3703,2016-12-15,1306,1326,NA,4,5,3,3703,0,0,0,NA,0,002,ORANGE AV,7TH ST,0,NA,Y,A,-,Y,SD,11,75,-,-,19.266,I,5,S,N,4,0,1,2,A,-,12,22450,A,N,H,A,A,A,H,-,A,A,0,NA,NA,Y,NA,Y,NA,A,01,0,0,1,0,0,0,0,0,1,-,-,NA,NA,SAN DIEGO,CORONADO,-117.17746248,32.69023366
81883498,2022,2022-10-06,3706,2022-10-04,0750,1888,ESCON,2,5,6,3706,0,0,0,NA,0,044,SHERIDAN AV,CONWAY DR (E),0,NA,Y,A,-,N,NA,NA,NA,NA,NA,NA,NA,NA,NA,N,4,0,1,2,A,-,09,21802,A,N,B,C,A,A,H,-,A,A,0,NA,NA,NA,NA,Y,NA,A,01,0,0,1,0,0,0,0,0,0,-,-,33.149539947509766,-117.07447814941406,SAN DIEGO,ESCONDIDO,-117.07581329345705,33.14912414550781
81887913,2022,2022-10-12,3706,2022-09-28,1513,559,ESCON,3,5,6,3706,0,0,0,NA,0,042,BROADWAY,PARK AV,196,N,N,A,-,N,NA,NA,NA,NA,NA,NA,NA,NA,NA,N,4,0,1,2,A,-,04,21703,NA,N,C,C,A,A,H,-,A,A,0,NA,NA,NA,NA,Y,NA,D,22,0,0,1,0,0,0,0,0,0,-,-,33.128780364990234,-117.0845184326172,SAN DIEGO,ESCONDIDO,-117.08463287353516,33.12873077392578
8188798,2016,2017-04-07,3711,2016-12-04,0205,7469,SD,7,5,7,3711,0,0,0,NA,0,521,11TH AV,BROADWAY,30,N,N,A,-,N,NA,NA,NA,NA,NA,NA,NA,NA,NA,N,2,0,1,2,A,-,11,21456,B,N,G,B,B,A,H,-,C,A,0,Y,NA,NA,NA,Y,Y,N,60,1,0,0,0,1,0,0,0,0,-,-,NA,NA,SAN DIEGO,SAN DIEGO,-117.15472835999999,32.71582217
81908047,2022,2022-11-03,3706,2022-10-15,1929,539,ESCON,6,5,6,3706,0,0,0,NA,0,044,LINCOLN AV,MIDWAY DR,0,NA,Y,A,-,N,NA,NA,NA,NA,NA,NA,NA,NA,NA,Y,4,0,1,2,A,-,09,21802,A,N,D,C,A,A,H,-,C,A,0,NA,NA,NA,NA,Y,NA,-,-,0,0,1,0,0,0,0,0,0,-,-,33.1473388671875,-117.05880737304688,SAN DIEGO,ESCONDIDO,-117.0588607788086,33.14738845825195
8190989,2016,2016-12-20,3711,2016-12-08,1813,7410,NA,4,5,7,3711,0,0,0,NA,0,822,ANDROS CT,ANDROS CT 5800,0,NA,-,A,-,N,NA,NA,NA,NA,NA,NA,NA,NA,NA,N,4,0,1,2,A,-,12,22450,A,N,B,G,A,A,H,-,C,D,0,NA,Y,NA,NA,Y,NA,L,04,0,0,1,0,0,0,1,0,0,-,-,NA,NA,SAN DIEGO,SAN DIEGO,-117.07299292,32.75055045
8191014,2016,2016-12-21,3701,2016-12-02,1529,5356,96,5,5,5,3701,0,0,0,NA,0,007,AVIARA PKWY,POINSETTIA LN,10,S,N,A,-,N,NA,NA,NA,NA,NA,NA,NA,NA,NA,Y,4,0,2,3,A,-,03,22350,NA,N,B,C,A,A,H,-,B,A,0,NA,NA,NA,NA,Y,NA,A,01,0,0,2,0,0,0,0,0,0,-,-,33.10973,-117.29542,SAN DIEGO,CARLSBAD,-117.29562272,33.1099333
8192145,2016,2016-12-28,3711,2016-12-09,1150,6208,SAN D,5,5,7,3711,0,0,0,NA,0,313,CLAIREMONT MESA BL,KEARNEY VILLA RD,342,W,N,A,-,N,NA,NA,NA,NA,NA,NA,NA,NA,NA,Y,4,0,1,2,A,-,12,21453,A,M,D,C,A,A,H,-,A,A,0,NA,NA,NA,NA,Y,NA,-,NA,0,0,1,0,0,0,0,0,0,-,-,NA,NA,SAN DIEGO,SAN DIEGO,-117.13947376,32.83182279
81923813,2022,2022-11-22,3706,2022-11-15,1551,552,ESCON,2,5,6,3706,0,0,0,NA,0,045,MISSION AV,NORDAHL RD,0,S,Y,A,-,N,NA,NA,NA,NA,NA,NA,NA,NA,NA,Y,3,0,2,2,A,-,01,23152,B,N,D,C,A,A,A,B,A,A,0,NA,NA,NA,NA,Y,Y,A,01,0,2,0,0,0,0,0,0,0,-,-,NA,NA,SAN DIEGO,ESCONDIDO,NA,NA
8193748,2016,2017-01-12,3711,2016-12-14,1543,7413,MIDCI,3,5,7,3711,0,0,0,NA,0,826,EL CAJON BL,56TH ST,0,NA,Y,A,-,N,NA,NA,NA,NA,NA,NA,NA,NA,NA,Y,3,0,4,2,A,-,09,21801,A,N,A,C,A,A,H,-,A,A,0,NA,NA,Y,NA,Y,NA,C,06,0,1,3,0,0,0,0,0,4,-,-,NA,NA,SAN DIEGO,SAN DIEGO,-117.07492003,32.75847002
8193752,2016,2017-01-12,3711,2016-12-14,1432,7360,3711,3,5,7,3711,0,0,0,NA,0,723,PICADOR BL,ARRUZA ST,13,N,N,A,-,N,NA,NA,NA,NA,NA,NA,NA,NA,NA,Y,4,0,2,2,A,-,09,21801,A,N,B,C,A,A,H,-,A,D,0,NA,NA,NA,NA,Y,NA,-,NA,0,0,2,0,0,0,0,0,0,-,-,NA,NA,SAN DIEGO,SAN DIEGO,-117.05373802,32.57211495
81943014,2022,2022-12-15,3701,2022-11-16,1335,CB5517,107,3,5,5,3701,0,0,0,NA,0,008,RANCHO SANTA FE RD,MELROSE DR,20,S,N,A,-,N,NA,NA,NA,NA,NA,NA,NA,NA,NA,Y,3,0,1,2,A,-,09,21453,B,N,B,C,A,A,H,-,A,A,0,NA,NA,Y,NA,Y,NA,C,02,0,1,0,0,0,0,0,0,1,-,-,33.10700988769531,-117.22492980957033,SAN DIEGO,CARLSBAD,-117.22557830810548,33.107051849365234
81946633,2022,2022-12-20,3701,2022-11-25,1413,CB5575,084,5,5,5,3701,0,0,0,NA,0,006,MELROSE DR,PASEO CORTO,6,N,N,A,-,N,NA,NA,NA,NA,NA,NA,NA,NA,NA,N,3,0,2,2,A,-,12,21453,A,N,D,G,A,A,H,-,A,A,0,NA,Y,NA,NA,Y,NA,M,91,0,2,0,0,0,0,1,0,0,-,-,33.12281036376953,-117.23809051513672,SAN DIEGO,CARLSBAD,-117.23785400390624,33.12289810180664