CASE_ID,ACCIDENT_YEAR,PROC_DATE,JURIS,COLLISION_DATE,COLLISION_TIME,OFFICER_ID,REPORTING_DISTRICT,DAY_OF_WEEK,CHP_SHIFT,POPULATION,CNTY_CITY_LOC,SPECIAL_COND,BEAT_TYPE,CHP_BEAT_TYPE,CITY_DIVISION_LAPD,CHP_BEAT_CLASS,BEAT_NUMBER,PRIMARY_RD,SECONDARY_RD,DISTANCE,DIRECTION,INTERSECTION,WEATHER_1,WEATHER_2,STATE_HWY_IND,CALTRANS_COUNTY,CALTRANS_DISTRICT,STATE_ROUTE,ROUTE_SUFFIX,POSTMILE_PREFIX,POSTMILE,LOCATION_TYPE,RAMP_INTERSECTION,SIDE_OF_HWY,TOW_AWAY,COLLISION_SEVERITY,NUMBER_KILLED,NUMBER_INJURED,PARTY_COUNT,PRIMARY_COLL_FACTOR,PCF_CODE_OF_VIOL,PCF_VIOL_CATEGORY,PCF_VIOLATION,PCF_VIOL_SUBSECTION,HIT_AND_RUN,TYPE_OF_COLLISION,MVIW,PED_ACTION,ROAD_SURFACE,ROAD_COND_1,ROAD_COND_2,LIGHTING,CONTROL_DEVICE,CHP_ROAD_TYPE,PEDESTRIAN_ACCIDENT,BICYCLE_ACCIDENT,MOTORCYCLE_ACCIDENT,TRUCK_ACCIDENT,NOT_PRIVATE_PROPERTY,ALCOHOL_INVOLVED,STWD_VEHTYPE_AT_FAULT,CHP_VEHTYPE_AT_FAULT,COUNT_SEVERE_INJ,COUNT_VISIBLE_INJ,COUNT_COMPLAINT_PAIN,COUNT_PED_KILLED,COUNT_PED_INJURED,COUNT_BICYCLIST_KILLED,COUNT_BICYCLIST_INJURED,COUNT_MC_KILLED,COUNT_MC_INJURED,PRIMARY_RAMP,SECONDARY_RAMP,LATITUDE,LONGITUDE,COUNTY,CITY,POINT_X,POINT_Y
8300799,2017,2017-02-10,3708,2017-01-21,2347,LM1158,NA,6,5,5,3708,0,0,0,NA,0,003,BALTIMORE DR,LAKE PARK WY,0,NA,Y,A,-,N,NA,NA,NA,NA,NA,NA,NA,NA,NA,Y,4,0,1,2,A,-,01,23152,A,N,A,C,A,A,H,-,C,A,0,NA,NA,NA,NA,Y,Y,D,22,0,0,1,0,0,0,0,0,0,-,-,NA,NA,SAN DIEGO,LA MESA,-117.03333009,32.78277006
8300842,2016,2017-02-07,3710,2016-12-20,1530,OC1363,NA,2,5,6,3710,0,0,0,NA,0,034,COLLEGE BL,OCEANSIDE BL,581,N,N,B,-,N,NA,NA,NA,NA,NA,NA,NA,NA,NA,N,3,0,1,2,A,-,17,21208,A,N,D,G,A,A,H,-,A,D,0,NA,Y,NA,NA,Y,NA,L,04,0,1,0,0,0,0,1,0,0,-,-,NA,NA,SAN DIEGO,OCEANSIDE,-117.28504,33.20889151
8304099,2017,2017-02-08,3711,2017-01-25,2048,4824,NA,3,5,7,3711,0,0,0,NA,0,234,RANCHO BERNARDO RD,BERNARDO CENTER DR,1056,W,N,A,-,N,NA,NA,NA,NA,NA,NA,NA,NA,NA,Y,3,0,1,1,A,-,03,22350,NA,N,G,I,A,A,H,-,C,D,0,NA,NA,NA,NA,Y,NA,-,NA,0,1,0,0,0,0,0,0,0,-,-,NA,NA,SAN DIEGO,SAN DIEGO,-117.07785638,33.02299773
8304607,2017,2017-02-14,3711,2017-01-31,1430,7343,NA,2,5,7,3711,0,0,0,NA,0,324,SAN CARLOS DR,SAN CARLOS DR 8400,0,NA,Y,A,-,N,NA,NA,NA,NA,NA,NA,NA,NA,NA,N,4,0,1,2,A,-,06,21750,NA,N,D,C,A,A,H,-,A,D,0,NA,NA,NA,NA,Y,NA,-,NA,0,0,1,0,0,0,0,0,0,-,-,NA,NA,SAN DIEGO,SAN DIEGO,-117.01581717,32.80070819
8305266,2017,2017-02-15,3711,2017-02-02,1124,6468,3711,4,5,7,3711,0,0,0,NA,0,615,CANNON ST,LOCUST ST,0,NA,Y,A,-,N,NA,NA,NA,NA,NA,NA,NA,NA,NA,Y,3,0,1,2,A,-,09,21802,A,N,D,C,A,A,H,-,A,D,0,NA,NA,Y,NA,Y,NA,D,22,0,1,0,0,0,0,0,0,1,-,-,NA,NA,SAN DIEGO,SAN DIEGO,-117.23287001999999,32.72211004
8305686,2017,2017-02-15,3711,2017-01-31,1407,7494,NA,2,5,7,3711,0,0,0,NA,0,442,NATIONAL AV,38TH ST,14,W,N,A,-,N,NA,NA,NA,NA,NA,NA,NA,NA,NA,N,4,0,1,2,A,-,00,29150,A,M,A,B,E,A,H,-,A,A,0,Y,NA,NA,NA,Y,NA,-,NA,0,0,1,0,1,0,0,0,0,-,-,NA,NA,SAN DIEGO,SAN DIEGO,-117.11251535,32.69603
8305747,2017,2017-02-16,3711,2017-02-05,1801,7200,NA,7,5,7,3711,0,0,0,NA,0,122,GARNET AV,EVERTS ST,4,W,N,B,-,N,NA,NA,NA,NA,NA,NA,NA,NA,NA,N,4,0,1,2,A,-,03,22350,NA,N,C,G,A,A,H,-,C,A,0,NA,Y,NA,NA,Y,NA,-,NA,0,0,1,0,0,0,1,0,0,-,-,NA,NA,SAN DIEGO,SAN DIEGO,-117.24818255,32.79813721
8305772,2017,2017-02-24,3711,2017-02-06,1532,6865,NA,1,5,7,3711,0,0,0,NA,0,434,SAN FELIPE ST,ENCINITAS AV,0,NA,Y,B,C,N,NA,NA,NA,NA,NA,NA,NA,NA,NA,Y,4,0,1,2,A,-,09,21803,A,N,D,C,A,B,H,-,A,D,0,NA,NA,NA,NA,Y,NA,-,NA,0,0,1,0,0,0,0,0,0,-,-,NA,NA,SAN DIEGO,SAN DIEGO,-117.02456008,32.70938005
8305827,2017,2017-02-24,3711,2017-02-05,1057,6532,NA,7,5,7,3711,0,0,0,NA,0,123,SEA WORLD DR,FRIARS RD,219,W,N,A,-,N,NA,NA,NA,NA,NA,NA,NA,NA,NA,Y,3,0,1,1,A,-,08,22107,NA,N,F,A,A,A,H,-,A,D,0,NA,NA,NA,NA,Y,Y,A,01,0,1,0,0,0,0,0,0,0,-,-,NA,NA,SAN DIEGO,SAN DIEGO,-117.2101514,32.76308452
8307466,2016,2017-05-04,3711,2016-07-15,1757,7289,NA,5,5,7,3711,0,0,0,NA,0,622,MORENA BL,TECOLOTE,0,NA,Y,A,-,N,NA,NA,NA,NA,NA,NA,NA,NA,NA,Y,4,0,1,3,A,-,12,21453,A,N,D,C,A,A,H,-,A,A,0,NA,NA,NA,NA,Y,NA,-,NA,0,0,1,0,0,0,0,0,0,-,-,NA,NA,SAN DIEGO,SAN DIEGO,-117.20290011,32.77272011
8308104,2017,2017-12-26,3711,2017-03-09,1309,7503,NA,4,5,7,3711,0,0,0,NA,0,613,CATALINA BL,ATASCADERO DR,4100,W,N,A,-,N,NA,NA,NA,NA,NA,NA,NA,NA,NA,Y,4,0,1,2,A,-,09,21802,A,N,H,C,A,A,H,-,A,A,0,NA,NA,NA,NA,Y,NA,A,01,0,0,1,0,0,0,0,0,0,-,-,NA,NA,SAN DIEGO,SAN DIEGO,-117.24313029,32.73076243
8308393,2017,2017-02-22,3710,2017-02-06,1738,OC1437,NA,1,5,6,3710,0,0,0,NA,0,016,EL CAMINIO REAL,MISSION AV,1056,S,N,C,-,N,NA,NA,NA,NA,NA,NA,NA,NA,NA,Y,4,0,2,3,A,-,03,22350,NA,N,C,C,A,B,H,-,B,A,0,NA,NA,NA,NA,Y,NA,D,22,0,0,2,0,0,0,0,0,0,-,-,NA,NA,SAN DIEGO,OCEANSIDE,-117.33125,33.22385
8310121,2017,2017-03-10,3705,2017-02-10,1323,EC0337,NA,5,5,5,3705,0,0,0,NA,0,008,E CHASE AV,S ANZA,0,NA,Y,A,-,N,NA,NA,NA,NA,NA,NA,NA,NA,NA,Y,4,0,1,2,A,-,12,21453,A,N,D,C,A,A,H,-,A,A,0,NA,NA,NA,NA,Y,NA,D,22,0,0,1,0,0,0,0,0,0,-,-,NA,NA,SAN DIEGO,EL CAJON,-116.94823002,32.78038011
8312517,2017,2017-02-24,3700,2017-02-03,1637,SH3183,NA,5,5,5,3713,0,0,0,NA,0,307,VALE TERRACE DR,WILLIAMSTON ST,0,NA,Y,A,-,N,NA,NA,NA,NA,NA,NA,NA,NA,NA,Y,3,0,3,2,A,-,09,21801,A,N,A,C,A,A,H,-,A,D,0,NA,NA,NA,NA,Y,NA,A,01,0,1,2,0,0,0,0,0,0,-,-,NA,NA,SAN DIEGO,VISTA,-117.22922005,33.20906009
8313241,2017,2017-03-15,3710,2017-02-06,1030,OC0778,011,1,5,6,3710,0,0,0,NA,0,004,OCEANSIDE BL,STATE TREE DR,0,NA,Y,A,-,N,NA,NA,NA,NA,NA,NA,NA,NA,NA,Y,3,0,2,2,A,-,12,21453,A,N,D,C,A,A,H,-,A,A,0,NA,NA,NA,NA,Y,NA,A,01,0,1,1,0,0,0,0,0,0,-,-,33.19223,-117.35906,SAN DIEGO,OCEANSIDE,-117.35890007,33.19226008
8313403,2017,2018-02-14,3703,2017-02-19,1210,1209,NA,7,5,3,3703,0,0,0,NA,0,003,ORANGE AV,POMONA AV,0,NA,Y,B,-,Y,SD,11,75,-,-,18.47,I,5,S,Y,4,0,3,2,A,-,03,22350,NA,N,C,C,A,A,H,-,A,A,0,NA,NA,NA,NA,Y,NA,A,01,0,0,3,0,0,0,0,0,0,-,-,NA,NA,SAN DIEGO,CORONADO,-117.17612672,32.68026151
8315276,2017,2017-03-14,3711,2017-02-21,1624,5522,NA,2,5,7,3711,0,0,0,NA,0,315,CAMINO DEL RIO S,TEXAS ST,1056,E,N,A,-,N,NA,NA,NA,NA,NA,NA,NA,NA,NA,Y,4,0,4,3,A,-,09,21804,A,N,B,C,A,A,H,-,A,D,0,NA,NA,NA,NA,Y,NA,-,NA,0,0,4,0,0,0,0,0,0,-,-,NA,NA,SAN DIEGO,SAN DIEGO,-117.13741958,32.76938109
8318808,2017,2017-03-02,3711,2017-02-15,0823,6532,NA,3,5,7,3711,0,0,0,NA,0,621,LINDA VISTA RD,ALCALA KNOLLS DR,0,NA,Y,A,-,N,NA,NA,NA,NA,NA,NA,NA,NA,NA,Y,4,0,3,2,A,-,08,22107,NA,N,C,C,A,A,H,-,A,A,0,NA,NA,NA,NA,Y,NA,A,01,0,0,3,0,0,0,0,0,0,-,-,NA,NA,SAN DIEGO,SAN DIEGO,-117.17755003,32.7722
8319382,2017,2017-03-07,3711,2017-02-12,1816,6753,SANDI,7,5,7,3711,0,0,0,NA,0,627,5TH AV,5TH AV 3800,0,NA,N,A,-,N,NA,NA,NA,NA,NA,NA,NA,NA,NA,N,4,0,1,2,A,-,21,22106,NA,M,C,E,A,A,H,-,C,D,0,NA,NA,NA,NA,Y,NA,-,NA,0,0,1,0,0,0,0,0,0,-,-,NA,NA,SAN DIEGO,SAN DIEGO,-117.16161042,32.74712303
8321276,2017,2017-03-10,3711,2017-02-23,0345,6392,SD,4,5,7,3711,0,0,0,NA,0,521,11TH ST,E ST,222,N,N,A,-,N,NA,NA,NA,NA,NA,NA,NA,NA,NA,NA,3,0,2,1,A,-,08,22107,NA,N,A,I,A,-,H,-,C,A,0,NA,NA,NA,NA,Y,NA,D,22,0,1,1,0,0,0,0,0,0,-,-,NA,NA,SAN DIEGO,SAN DIEGO,-117.15471338,32.71530782
8323157,2017,2017-03-17,3706,2017-02-22,0745,318,ESCON,3,5,6,3706,0,0,0,NA,0,045,VALLEY PKWY,LAMBAR ST,0,NA,Y,A,-,N,NA,NA,NA,NA,NA,NA,NA,NA,NA,N,4,0,1,2,A,-,09,21801,A,N,D,-,A,A,H,-,A,D,0,NA,NA,NA,NA,Y,NA,D,22,0,0,1,0,0,0,0,0,0,-,-,NA,NA,SAN DIEGO,ESCONDIDO,-117.10089594,33.11416821
8323655,2017,2018-02-12,3706,2017-02-15,1419,466,ESCON,3,5,6,3706,0,0,0,NA,0,045,VALLEY PKWY,RT 15,0,NA,Y,A,-,Y,SD,11,8,-,R,50.685,R,4,E,Y,3,0,3,2,A,-,12,21453,A,N,D,C,A,A,H,-,A,A,0,NA,NA,NA,NA,Y,NA,A,01,0,1,2,0,0,0,0,0,0,-,-,33.11533,-117.09916,SAN DIEGO,ESCONDIDO,-116.48028168,32.73454917
8323793,2017,2018-02-14,3710,2017-02-24,0910,OC1211,014,5,5,6,3710,0,0,0,NA,0,004,RT 76,BENET RD,400,E,N,A,-,Y,SD,11,76,-,R,1.87,H,-,W,N,3,0,1,1,B,-,22,NA,NA,N,F,A,A,A,H,-,A,A,0,NA,NA,Y,NA,Y,NA,C,02,0,1,0,0,0,0,0,0,1,-,-,33.21483,-117.35713,SAN DIEGO,OCEANSIDE,-117.3556458,33.2153138
8325219,2017,2017-03-20,3705,2017-02-05,2012,0295,NA,7,5,5,3705,0,0,0,NA,0,006,MARSHALL,WAGNER AV,957,S,N,A,-,N,NA,NA,NA,NA,NA,NA,NA,NA,NA,Y,2,0,1,2,A,-,11,21954,A,N,G,B,-,A,H,-,A,D,0,Y,NA,NA,NA,Y,NA,N,60,1,0,0,0,1,0,0,0,0,-,-,NA,NA,SAN DIEGO,EL CAJON,-116.97544726,32.79968003
8326119,2017,2017-03-21,3708,2017-02-08,0732,LM1225,NA,3,5,5,3708,0,0,0,NA,0,001,SENECA PL,PARKS AV,49,W,N,A,-,N,NA,NA,NA,NA,NA,NA,NA,NA,NA,N,4,0,1,2,A,-,05,21650,NA,N,A,G,A,A,H,-,A,D,0,NA,Y,NA,NA,Y,NA,L,04,0,0,1,0,0,0,1,0,0,-,-,NA,NA,SAN DIEGO,LA MESA,-117.03408884,32.76185
8326309,2017,2017-04-05,3711,2017-02-24,1552,7248,NA,5,5,7,3711,0,0,0,NA,0,611,CAMINO DEL RIO W,MOORE ST,30,S,N,A,-,N,NA,NA,NA,NA,NA,NA,NA,NA,NA,Y,3,0,2,3,A,-,09,21801,A,N,A,C,A,A,H,-,A,D,0,NA,NA,NA,NA,Y,NA,A,01,0,1,1,0,0,0,0,0,0,-,-,NA,NA,SAN DIEGO,SAN DIEGO,-117.20498066,32.75528831
8326644,2017,2017-04-24,3711,2017-03-04,1040,6741,NA,6,5,7,3711,0,0,0,NA,0,529,5TH ST,KALMIA ST,0,NA,N,A,-,N,NA,NA,NA,NA,NA,NA,NA,NA,NA,N,4,0,1,1,A,-,08,22107,NA,N,-,A,A,A,H,-,A,A,0,NA,NA,NA,NA,Y,NA,-,NA,0,0,1,0,0,0,0,0,0,-,-,NA,NA,SAN DIEGO,SAN DIEGO,-117.16030003,32.7303301
8326691,2017,2017-04-29,3711,2017-03-05,1500,5558,NA,7,5,7,3711,0,0,0,NA,0,821,EL CAJON BL,COLLEGE AV,44,E,N,B,-,N,NA,NA,NA,NA,NA,NA,NA,NA,NA,N,4,0,1,2,A,-,04,21703,NA,N,C,C,A,A,H,-,A,A,0,NA,NA,NA,NA,Y,NA,A,01,0,0,1,0,0,0,0,0,0,-,-,NA,NA,SAN DIEGO,SAN DIEGO,-117.06690725,32.76141138
8326755,2017,2017-04-05,3711,2017-03-05,0940,6329,SAN D,7,5,7,3711,0,0,0,NA,0,834,UNIVERSITY AV,MARLBOROUGH AV,150,W,N,B,-,N,NA,NA,NA,NA,NA,NA,NA,NA,NA,N,4,0,2,3,A,-,04,21703,NA,M,C,C,A,A,A,-,A,D,0,NA,NA,NA,NA,Y,NA,-,NA,0,0,2,0,0,0,0,0,0,-,-,NA,NA,SAN DIEGO,SAN DIEGO,-117.10617622,32.74968
8326790,2017,2017-04-01,3711,2017-03-05,0844,7375,NA,7,5,7,3711,0,0,0,NA,0,111,CANNINGTON DR,HANNON CT,0,NA,Y,B,-,N,NA,NA,NA,NA,NA,NA,NA,NA,NA,Y,3,0,1,1,A,-,08,22107,NA,N,F,I,A,A,H,-,A,D,0,NA,NA,NA,NA,Y,NA,A,01,0,1,0,0,0,0,0,0,0,-,-,NA,NA,SAN DIEGO,SAN DIEGO,-117.16814003,32.82825004
8327425,2017,2017-03-20,3701,2017-03-02,0914,5191,59,4,5,5,3701,0,0,0,NA,0,005,CAMINO VIDA ROBLE,KELLOGG AV,83,W,N,A,-,N,NA,NA,NA,NA,NA,NA,NA,NA,NA,Y,4,0,2,2,A,-,09,21801,A,N,D,C,A,A,H,-,A,D,0,NA,NA,NA,NA,Y,NA,A,01,0,0,2,0,0,0,0,0,0,-,-,33.12246,-117.28497,SAN DIEGO,CARLSBAD,-117.28826354,33.12382857
8328296,2017,2017-03-28,3700,2017-02-17,1807,SH7790,NA,5,5,5,3781,0,0,0,NA,0,519,MISSION GORGE RD,COTTONWOOD AV,110,W,N,C,-,N,NA,NA,NA,NA,NA,NA,NA,NA,NA,Y,4,0,1,2,A,-,03,22350,NA,N,C,C,A,B,H,-,C,A,0,NA,NA,NA,Y,Y,NA,A,07,0,0,1,0,0,0,0,0,0,-,-,NA,NA,SAN DIEGO,SANTEE,-116.97395672,32.8384583
8328340,2017,2017-04-06,3711,2017-03-01,1055,5498,NA,3,5,7,3711,0,0,0,NA,0,511,E HARBOR DR,SCHLEY ST,176,E,N,A,-,N,NA,NA,NA,NA,NA,NA,NA,NA,NA,Y,4,0,1,2,A,-,09,21801,A,N,D,C,A,A,H,-,A,D,0,NA,NA,Y,NA,Y,NA,D,22,0,0,1,0,0,0,0,0,1,-,-,NA,NA,SAN DIEGO,SAN DIEGO,-117.13912738,32.69252072
8329244,2017,2017-03-28,3702,2017-01-10,0125,CV0986,NA,2,5,6,3702,0,0,0,NA,0,022,ORANGE AV,ALBANY AV,400,E,N,E,-,N,NA,NA,NA,NA,NA,NA,NA,NA,NA,N,2,0,1,2,A,-,11,21954,A,N,G,B,E,A,H,-,C,D,0,Y,NA,NA,NA,Y,NA,N,60,1,0,0,0,1,0,0,0,0,-,-,NA,NA,SAN DIEGO,CHULA VISTA,-117.05683253,32.60112751
8329815,2017,2017-06-08,3711,2017-03-06,1100,7075,NA,1,5,7,3711,0,0,0,NA,0,434,IMPERIAL AV,69TH ST,0,NA,Y,A,-,N,NA,NA,NA,NA,NA,NA,NA,NA,NA,Y,4,0,2,2,A,-,12,21453,A,N,C,C,A,A,H,-,A,A,0,NA,NA,NA,NA,Y,NA,A,01,0,0,2,0,0,0,0,0,0,-,-,NA,NA,SAN DIEGO,SAN DIEGO,-117.04926008,32.71206002
8330553,2017,2017-04-06,3705,2017-03-07,1738,EC0295,NA,2,5,5,3705,0,0,0,NA,0,007,NORTH 2ND,MARLINE,9,S,N,A,-,N,NA,NA,NA,NA,NA,NA,NA,NA,NA,N,4,0,1,2,A,-,09,21802,A,N,D,C,A,A,H,-,A,A,0,NA,NA,NA,NA,Y,NA,A,01,0,0,1,0,0,0,0,0,0,-,-,NA,NA,SAN DIEGO,EL CAJON,-116.93578,32.80512535
8331017,2017,2017-04-04,3711,2017-03-24,1930,7126,SDPD,5,5,7,3711,0,0,0,NA,0,934,DEL MAR HEIGHTS RD,SIGNATURE POINT,50,W,N,A,-,N,NA,NA,NA,NA,NA,NA,NA,NA,NA,Y,4,0,1,3,A,-,03,22350,NA,N,C,C,A,A,H,-,C,A,0,NA,NA,NA,NA,Y,NA,-,NA,0,0,1,0,0,0,0,0,0,-,-,NA,NA,SAN DIEGO,SAN DIEGO,-117.23211679,32.95468128
8331025,2017,2017-04-04,3711,2017-03-21,1807,5985,NA,2,5,7,3711,0,0,0,NA,0,521,B ST,16TH ST,168,E,N,B,-,N,NA,NA,NA,NA,NA,NA,NA,NA,NA,Y,4,0,1,3,C,-,18,NA,NA,N,C,E,A,A,H,-,A,A,0,NA,NA,NA,NA,Y,NA,-,-,0,0,1,0,0,0,0,0,0,-,-,NA,NA,SAN DIEGO,SAN DIEGO,-117.14900583,32.717853
8332956,2017,2017-03-29,3710,2017-02-20,2005,OC1391,NA,1,5,6,3710,0,0,0,NA,0,014,MISSION AV,AIRPORT RD,800,E,N,A,-,N,NA,NA,NA,NA,NA,NA,NA,NA,NA,Y,4,0,4,2,A,-,09,21801,A,N,D,C,A,A,H,-,C,D,0,NA,NA,NA,NA,Y,NA,A,01,0,0,4,0,0,0,0,0,0,-,-,NA,NA,SAN DIEGO,OCEANSIDE,-117.34628617,33.21476249
8334656,2017,2017-03-30,3711,2017-03-18,2154,5245,NA,6,5,7,3711,0,0,0,NA,0,315,MISSION CENTER RD,HAZARD CENTER DR,0,NA,Y,A,-,N,NA,NA,NA,NA,NA,NA,NA,NA,NA,Y,4,0,1,2,A,-,12,21453,A,N,D,C,A,A,H,-,C,A,0,NA,NA,NA,NA,Y,NA,-,NA,0,0,1,0,0,0,0,0,0,-,-,NA,NA,SAN DIEGO,SAN DIEGO,-117.15482001,32.77081006
8334664,2017,2018-02-12,3711,2017-03-18,1050,4957,NA,6,5,7,3711,0,0,0,NA,0,242,MIRA MESA BL,RT 15,80,W,N,A,-,Y,SD,11,15,-,M,15.683,R,4,N,N,4,0,1,2,A,-,04,21703,NA,N,-,C,A,A,H,-,A,D,0,NA,NA,NA,NA,Y,NA,-,NA,0,0,1,0,0,0,0,0,0,-,NO,NA,NA,SAN DIEGO,SAN DIEGO,-117.11616838,32.91343221
8334720,2017,2017-03-30,3711,2017-03-17,1650,7516,CE,5,5,7,3711,0,0,0,NA,0,521,PARK BL,B ST,200,N,N,A,-,N,NA,NA,NA,NA,NA,NA,NA,NA,NA,N,4,0,1,2,A,-,21,22106,NA,N,D,C,A,A,H,-,A,D,0,NA,NA,NA,NA,Y,NA,A,01,0,0,1,0,0,0,0,0,0,-,-,NA,NA,SAN DIEGO,SAN DIEGO,-117.15383846,32.71836765
8335110,2017,2017-04-11,3711,2017-03-09,1216,7475,SDSC,4,5,7,3711,0,0,0,NA,0,451,COLLEGE AV,COLLEGE GROVE DR,0,NA,Y,A,-,N,NA,NA,NA,NA,NA,NA,NA,NA,NA,Y,4,0,4,2,A,-,12,21453,A,N,D,C,A,A,H,-,A,A,0,NA,NA,NA,NA,Y,Y,A,01,0,0,4,0,0,0,0,0,0,-,-,NA,NA,SAN DIEGO,SAN DIEGO,-117.05364013,32.74436008
8335478,2017,2017-04-08,3705,2017-03-13,1527,EC0344,NA,1,5,5,3705,0,0,0,NA,0,007,MADISON,WALTER,342,E,N,A,-,N,NA,NA,NA,NA,NA,NA,NA,NA,NA,N,4,0,2,2,A,-,09,21804,A,N,D,C,A,A,H,-,A,D,0,NA,NA,NA,NA,Y,NA,A,01,0,0,2,0,0,0,0,0,0,-,-,NA,NA,SAN DIEGO,EL CAJON,-116.93347105,32.80016732
8336018,2017,2018-03-20,3711,2017-04-18,2040,4386,NA,2,5,7,3711,0,0,0,NA,0,623,HOTEL CIRCLE SOUTH,HOTEL CIRCLE NORTH,0,NA,Y,A,-,N,NA,NA,NA,NA,NA,NA,NA,NA,NA,Y,4,0,1,2,A,-,12,22450,NA,M,D,C,A,A,-,-,C,D,0,NA,NA,NA,NA,Y,NA,-,NA,0,0,1,0,0,0,0,0,0,-,-,NA,NA,SAN DIEGO,SAN DIEGO,-117.16638001,32.76146001
8337042,2017,2017-06-17,3711,2017-05-05,2001,7626,NA,5,5,7,3711,0,0,0,NA,0,614,SUNSET CLIFFS BL,WEST POINT LOMA BL,207,N,N,A,-,N,NA,NA,NA,NA,NA,NA,NA,NA,NA,N,3,0,1,2,A,-,11,21955,NA,N,B,B,D,A,H,-,C,A,0,Y,NA,NA,NA,Y,NA,N,60,0,1,0,0,1,0,0,0,0,-,-,NA,NA,SAN DIEGO,SAN DIEGO,-117.24186952,32.75139505
8337066,2017,2017-06-07,3710,2017-04-23,2004,OC1419,NA,7,5,6,3710,0,0,0,NA,0,024,MESA DR,RANCHO DEL ORO DR,0,NA,Y,A,-,N,NA,NA,NA,NA,NA,NA,NA,NA,NA,Y,2,0,3,2,A,-,09,21453,C,N,A,C,A,A,H,-,C,A,0,NA,NA,NA,NA,Y,NA,A,01,1,1,1,0,0,0,0,0,0,-,-,NA,NA,SAN DIEGO,OCEANSIDE,-117.31792013,33.21464003
8337607,2017,2017-04-10,3710,2017-03-12,0425,OC1416,NA,7,5,6,3710,0,0,0,NA,0,018,FESTIVAL DR,ANNE SLADON ST,128,S,N,E,-,N,NA,NA,NA,NA,NA,NA,NA,NA,NA,Y,4,0,1,3,A,-,03,22350,NA,N,E,E,A,A,H,-,C,D,0,NA,NA,NA,NA,Y,NA,A,01,0,0,1,0,0,0,0,0,0,-,-,NA,NA,SAN DIEGO,OCEANSIDE,-117.31793823,33.24684058
8339037,2017,2018-02-15,3702,2017-02-13,1225,CV0986,NA,1,5,6,3702,0,0,0,NA,0,014,BONITA RD,RT 805,48,E,N,A,-,Y,SD,11,805,-,-,8.075,R,4,S,Y,4,0,3,2,A,-,03,22350,NA,F,A,C,A,A,H,-,A,A,0,NA,NA,NA,NA,Y,NA,A,01,0,0,3,0,0,0,0,0,0,-,SO,NA,NA,SAN DIEGO,CHULA VISTA,-117.06552346,32.64996839
8341217,2017,2017-04-19,3700,2017-03-28,0835,SH2439,NA,2,5,5,3713,0,0,0,NA,0,317,POINSETTIA AV,ACTIVITY DR,0,NA,Y,A,-,N,NA,NA,NA,NA,NA,NA,NA,NA,NA,Y,4,0,1,2,A,-,12,21453,A,N,D,C,A,A,H,-,A,A,0,NA,NA,NA,NA,Y,NA,A,01,0,0,1,0,0,0,0,0,0,-,-,NA,NA,SAN DIEGO,VISTA,-117.21655,33.14392008
8343719,2017,2017-04-14,3711,2017-03-29,1324,6930,NA,3,5,7,3711,0,0,0,NA,0,521,F ST,10TH AV,12,W,N,A,-,N,NA,NA,NA,NA,NA,NA,NA,NA,NA,N,4,0,1,2,A,-,12,21453,A,N,D,C,A,A,H,-,A,A,0,NA,NA,NA,NA,Y,NA,-,NA,0,0,1,0,0,0,0,0,0,-,-,NA,NA,SAN DIEGO,SAN DIEGO,-117.15563888,32.71362956
8343725,2017,2017-12-26,3711,2017-03-29,1522,5985,NA,3,5,7,3711,0,0,0,NA,0,313,RUFFNER ST,BALBOA AV,0,NA,Y,A,-,N,NA,NA,NA,NA,NA,NA,NA,NA,NA,N,4,0,1,2,A,-,21,22106,NA,N,C,C,A,A,H,-,A,A,0,NA,NA,NA,NA,Y,NA,A,07,0,0,1,0,0,0,0,0,0,-,-,NA,NA,SAN DIEGO,SAN DIEGO,-117.15687001,32.8218301
8344530,2017,2017-04-17,3710,2017-03-28,1246,OC1313,NA,2,5,6,3710,0,0,0,NA,0,033,COLLEGE BL,FRAZEE RD,0,NA,Y,A,-,N,NA,NA,NA,NA,NA,NA,NA,NA,NA,Y,3,0,1,2,A,-,09,21453,C,N,B,C,A,A,H,-,A,A,0,NA,NA,NA,NA,Y,NA,A,01,0,1,0,0,0,0,0,0,0,-,-,NA,NA,SAN DIEGO,OCEANSIDE,-117.29286001,33.23694007
8345883,2017,2017-04-17,3703,2017-04-08,1245,1300,NA,6,5,3,3703,0,0,0,NA,0,002,7TH ST,ORANGE AV,0,NA,Y,B,-,N,NA,NA,NA,NA,NA,NA,NA,NA,NA,N,4,0,1,2,A,-,21,22106,NA,N,G,B,-,A,H,-,A,A,0,Y,NA,NA,NA,Y,NA,A,01,0,0,1,0,1,0,0,0,0,-,-,NA,NA,SAN DIEGO,CORONADO,-117.17745006,32.69021009
8346156,2017,2017-04-18,3711,2017-04-01,1315,5813,CLAIR,6,5,7,3711,0,0,0,NA,0,114,CLAIREMONT MESA BL,LAKEHURST AV,0,NA,Y,A,-,N,NA,NA,NA,NA,NA,NA,NA,NA,NA,Y,3,0,3,2,A,-,09,21801,A,N,D,C,A,A,H,-,A,D,0,NA,NA,NA,NA,Y,NA,A,01,0,1,2,0,0,0,0,0,0,-,-,NA,NA,SAN DIEGO,SAN DIEGO,-117.20172012,32.83117007
8346811,2017,2017-04-14,3706,2017-04-03,1356,322,ESCON,1,5,6,3706,0,0,0,NA,0,041,BROADWAY,ESPANAS GLEN,497,S,N,A,-,N,NA,NA,NA,NA,NA,NA,NA,NA,NA,N,3,0,1,2,A,-,08,22107,NA,N,D,G,A,A,H,-,A,D,0,NA,Y,NA,NA,Y,NA,A,01,0,1,0,0,0,0,1,0,0,-,-,33.13757,-117.08851,SAN DIEGO,ESCONDIDO,-117.08789852,33.13615642
8347173,2017,2017-04-18,3711,2017-03-29,1212,8192,NA,3,5,7,3711,0,0,0,NA,0,831,EL CAJON BL,CHAMOUNE AV,0,NA,Y,A,-,N,NA,NA,NA,NA,NA,NA,NA,NA,NA,Y,3,0,1,2,A,-,09,21453,B,N,D,C,A,A,H,-,A,A,0,NA,NA,NA,NA,Y,NA,A,01,0,1,0,0,0,0,0,0,0,-,-,NA,NA,SAN DIEGO,SAN DIEGO,-117.09693001,32.75540005
8347228,2017,2017-04-17,3711,2017-04-05,1446,7418,NA,3,5,7,3711,0,0,0,NA,0,115,GENESEE AV,GOVERNOR DR,39,S,N,A,-,N,NA,NA,NA,NA,NA,NA,NA,NA,NA,N,4,0,1,2,A,-,03,22350,NA,M,C,C,A,A,H,-,A,A,0,NA,NA,NA,NA,Y,NA,-,NA,0,0,1,0,0,0,0,0,0,-,-,NA,NA,SAN DIEGO,SAN DIEGO,-117.20464893,32.85450643