CASE_ID,ACCIDENT_YEAR,PROC_DATE,JURIS,COLLISION_DATE,COLLISION_TIME,OFFICER_ID,REPORTING_DISTRICT,DAY_OF_WEEK,CHP_SHIFT,POPULATION,CNTY_CITY_LOC,SPECIAL_COND,BEAT_TYPE,CHP_BEAT_TYPE,CITY_DIVISION_LAPD,CHP_BEAT_CLASS,BEAT_NUMBER,PRIMARY_RD,SECONDARY_RD,DISTANCE,DIRECTION,INTERSECTION,WEATHER_1,WEATHER_2,STATE_HWY_IND,CALTRANS_COUNTY,CALTRANS_DISTRICT,STATE_ROUTE,ROUTE_SUFFIX,POSTMILE_PREFIX,POSTMILE,LOCATION_TYPE,RAMP_INTERSECTION,SIDE_OF_HWY,TOW_AWAY,COLLISION_SEVERITY,NUMBER_KILLED,NUMBER_INJURED,PARTY_COUNT,PRIMARY_COLL_FACTOR,PCF_CODE_OF_VIOL,PCF_VIOL_CATEGORY,PCF_VIOLATION,PCF_VIOL_SUBSECTION,HIT_AND_RUN,TYPE_OF_COLLISION,MVIW,PED_ACTION,ROAD_SURFACE,ROAD_COND_1,ROAD_COND_2,LIGHTING,CONTROL_DEVICE,CHP_ROAD_TYPE,PEDESTRIAN_ACCIDENT,BICYCLE_ACCIDENT,MOTORCYCLE_ACCIDENT,TRUCK_ACCIDENT,NOT_PRIVATE_PROPERTY,ALCOHOL_INVOLVED,STWD_VEHTYPE_AT_FAULT,CHP_VEHTYPE_AT_FAULT,COUNT_SEVERE_INJ,COUNT_VISIBLE_INJ,COUNT_COMPLAINT_PAIN,COUNT_PED_KILLED,COUNT_PED_INJURED,COUNT_BICYCLIST_KILLED,COUNT_BICYCLIST_INJURED,COUNT_MC_KILLED,COUNT_MC_INJURED,PRIMARY_RAMP,SECONDARY_RAMP,LATITUDE,LONGITUDE,COUNTY,CITY,POINT_X,POINT_Y
84847196,2025,2025-09-17,3706,2025-09-03,1205,445,NA,3,5,6,3706,0,0,0,NA,0,044,VALLEY PY,ROSE ST,390,E,N,A,-,N,NA,NA,NA,NA,NA,NA,NA,NA,NA,N,4,0,1,2,A,-,03,22350,NA,N,C,C,A,A,H,-,A,D,0,NA,NA,NA,NA,Y,NA,A,01,0,0,1,0,0,0,0,0,0,-,-,33.1338996887207,-117.0595474243164,SAN DIEGO,ESCONDIDO,-117.0583724975586,33.13448715209961
8485140,2017,2017-12-12,3706,2017-11-08,0622,374,ESCON,3,5,6,3706,0,0,0,NA,0,041,EL NORTE PKWY,ESCONDIDO BL,0,NA,Y,A,-,N,NA,NA,NA,NA,NA,NA,NA,NA,NA,N,4,0,1,2,A,-,09,21804,A,F,B,C,A,A,H,-,B,D,0,NA,NA,NA,NA,Y,NA,D,22,0,0,1,0,0,0,0,0,0,-,-,33.13948,-117.09242,SAN DIEGO,ESCONDIDO,-117.09239002,33.13934006
8485644,2017,2018-06-14,3700,2017-09-27,1408,SH2558,NA,3,5,5,3712,0,0,0,NA,0,355,SOUTH RANCHO SANTA FE RD,RT 78,0,NA,Y,A,-,Y,SD,11,78,-,-,10.451,R,4,E,Y,4,0,1,4,A,-,04,21703,NA,N,C,C,A,A,H,-,A,D,0,NA,NA,NA,NA,Y,NA,A,01,0,0,1,0,0,0,0,0,0,-,-,NA,NA,SAN DIEGO,SAN MARCOS,-117.20020693,33.15162577
84858798,2025,2025-09-25,3701,2025-09-13,1506,CB5598,NA,6,5,5,3701,0,0,0,NA,0,007,MELROSE DR,ALGA RD,21,S,N,A,-,N,NA,NA,NA,NA,NA,NA,NA,NA,NA,N,3,0,1,2,A,-,08,22107,NA,N,D,C,A,A,H,-,A,A,0,NA,NA,NA,NA,Y,NA,A,01,0,1,0,0,0,0,0,0,0,-,-,33.11178970336914,-117.22920989990234,SAN DIEGO,CARLSBAD,-117.22988128662108,33.11182403564453
8486958,2017,2017-12-05,3709,2017-10-24,0919,NC0498,NA,2,5,5,3709,0,0,0,NA,0,020,F AV,E 6TH ST,25,S,N,A,-,N,NA,NA,NA,NA,NA,NA,NA,NA,NA,Y,4,0,1,2,A,-,09,21802,A,N,D,C,A,A,H,-,A,D,0,NA,NA,NA,NA,Y,NA,A,08,0,0,1,0,0,0,0,0,0,-,-,NA,NA,SAN DIEGO,NATIONAL CITY,-117.10142405,32.67920513
8487048,2017,2017-11-20,3711,2017-10-29,1540,7649,NA,7,5,7,3711,0,0,0,NA,0,515,MARKET ST,MARKET ST 2700,0,NA,N,B,-,N,NA,NA,NA,NA,NA,NA,NA,NA,NA,Y,4,0,1,2,A,-,08,22107,A,N,D,C,A,A,H,-,A,D,0,NA,NA,NA,NA,Y,NA,A,01,0,0,1,0,0,0,0,0,0,-,-,32.71174,-117.13381,SAN DIEGO,SAN DIEGO,-117.13599622,32.71162214
8487078,2017,2017-11-28,3711,2017-10-29,0010,7462,SD,7,5,7,3711,0,0,0,NA,0,521,G ST,15TH ST,17,W,N,A,-,N,NA,NA,NA,NA,NA,NA,NA,NA,NA,N,3,0,1,2,A,-,03,22350,NA,N,C,C,A,A,H,-,C,A,0,NA,NA,NA,NA,Y,NA,-,NA,0,1,0,0,0,0,0,0,0,-,-,NA,NA,SAN DIEGO,SAN DIEGO,-117.15043508,32.71261964
8487085,2017,2017-11-17,3711,2017-10-27,1815,4884,SDPD,5,5,7,3711,0,0,0,NA,0,234,POMERADO RD,HIGHLAND VALLEY RD,35,E,N,A,-,N,NA,NA,NA,NA,NA,NA,NA,NA,NA,N,4,0,1,2,A,-,04,21703,NA,M,C,C,A,A,H,-,B,A,0,NA,NA,NA,NA,Y,NA,-,NA,0,0,1,0,0,0,0,0,0,-,-,NA,NA,SAN DIEGO,SAN DIEGO,-117.06705747,33.05289495
8488203,2017,2017-11-22,3700,2017-09-09,1108,SH3306,NA,6,5,2,3704,0,0,0,NA,0,296,CAMINO DEL MAR,CARMEL VALLEY RD,1320,N,N,A,-,N,NA,NA,NA,NA,NA,NA,NA,NA,NA,N,2,0,1,1,D,-,00,NA,NA,N,H,I,A,A,A,-,A,D,0,NA,Y,NA,NA,Y,NA,-,-,1,0,0,0,0,0,1,0,0,-,-,NA,NA,SAN DIEGO,DEL MAR,-117.26050481,32.94383187
8488338,2017,2017-11-22,3700,2017-09-22,1927,SH0690,NA,5,5,5,3782,0,0,0,NA,0,214,ENCINITAS BL,DRIVEWAY OF MOONLIGHT MARKETPLACE,465,W,N,A,-,N,NA,NA,NA,NA,NA,NA,NA,NA,NA,Y,2,0,1,2,A,-,11,21954,A,F,G,B,D,A,H,-,C,D,0,Y,NA,NA,NA,Y,Y,N,60,1,0,0,0,1,0,0,0,0,-,-,NA,NA,SAN DIEGO,ENCINITAS,NA,NA
8488502,2017,2017-12-05,3711,2017-10-28,2305,6372,NA,6,5,7,3711,0,0,0,NA,0,621,TAIT ST,CRANDALL DR,0,NA,Y,B,-,N,NA,NA,NA,NA,NA,NA,NA,NA,NA,Y,4,0,1,2,A,-,12,22450,A,M,D,C,A,A,H,-,C,A,0,NA,NA,NA,NA,Y,NA,A,01,0,0,1,0,0,0,0,0,0,-,-,NA,NA,SAN DIEGO,SAN DIEGO,-117.16621002,32.78151007
8488578,2017,2017-12-06,3710,2017-10-22,0808,OC1311,025,7,5,6,3710,0,0,0,NA,0,006,OCEANSIDE BL,RANCHO DEL ORO DR,468,W,N,A,-,N,NA,NA,NA,NA,NA,NA,NA,NA,NA,Y,4,0,2,2,A,-,03,22350,NA,N,C,C,A,A,H,-,A,D,0,NA,NA,NA,NA,Y,NA,A,01,0,0,2,0,0,0,0,0,0,-,-,33.20322,-117.31099,SAN DIEGO,OCEANSIDE,-117.31249875,33.20288588
84890229,2025,2025-10-17,3701,2025-10-02,705,CB5588,NA,4,5,5,3701,0,0,0,NA,0,005,MELROSE DR,LIONSHEAD AV,0,NA,Y,A,-,N,NA,NA,NA,NA,NA,NA,NA,NA,NA,N,3,0,1,2,A,-,08,22108,NA,N,D,G,A,A,H,-,A,A,0,NA,Y,NA,NA,Y,NA,A,01,0,1,0,0,0,0,1,0,0,-,-,33.133689880371094,-117.24423217773438,SAN DIEGO,CARLSBAD,-117.24430084228516,33.133697509765625
8489610,2017,2017-11-16,3709,2017-08-30,1348,NC0403,NA,3,5,5,3709,0,0,0,NA,0,020,NATIONAL CITY BL,DIVISION ST,0,NA,Y,A,-,N,NA,NA,NA,NA,NA,NA,NA,NA,NA,Y,3,0,2,2,A,-,09,21802,A,N,B,C,A,A,H,-,A,D,0,NA,NA,NA,NA,Y,NA,I,20,0,1,1,0,0,0,0,0,0,-,-,NA,NA,SAN DIEGO,NATIONAL CITY,-117.11099004,32.68237006
84898629,2025,2025-10-23,3706,2025-10-21,2037,601,NA,2,5,6,3706,0,0,0,NA,0,052,09TH AV,MAPLE ST,110,E,N,A,-,N,NA,NA,NA,NA,NA,NA,NA,NA,NA,Y,3,0,1,2,A,-,08,22107,NA,N,C,E,A,A,H,-,C,D,0,NA,NA,NA,NA,Y,NA,A,01,0,1,0,0,0,0,0,0,0,-,-,33.11376953125,-117.07778167724608,SAN DIEGO,ESCONDIDO,NA,NA
84914272,2025,2025-11-06,3706,2025-10-29,1022,441,NA,3,5,6,3706,0,0,0,NA,0,056,VALLEY CENTER RD,LAKE WOHLFORD RD,124,N,N,A,-,N,NA,NA,NA,NA,NA,NA,NA,NA,NA,N,3,0,1,2,A,-,03,22350,NA,N,C,C,A,A,H,-,A,A,0,NA,NA,Y,NA,Y,NA,D,22,0,1,0,0,0,0,0,0,1,-,-,33.160400390625,-117.03037261962892,SAN DIEGO,ESCONDIDO,-117.03037261962892,33.1607780456543
84916125,2025,2025-11-07,3701,2025-03-03,730,CB5576,NA,1,5,5,3701,0,0,0,NA,0,003,TAMARACK AV,JEFFERSON ST,0,NA,Y,A,-,N,NA,NA,NA,NA,NA,NA,NA,NA,NA,N,3,0,2,3,A,-,08,22107,NA,N,A,G,A,A,H,-,A,A,0,NA,Y,NA,NA,Y,NA,A,01,0,2,0,0,0,0,2,0,0,-,-,33.15148162841797,-117.33805847167967,SAN DIEGO,CARLSBAD,-117.33802032470705,33.15146255493164
8492004,2017,2017-11-22,3709,2017-09-13,1642,NC0367,NA,3,5,5,3709,0,0,0,NA,0,020,E 14TH ST,F AV,0,NA,Y,A,-,N,NA,NA,NA,NA,NA,NA,NA,NA,NA,Y,4,0,1,2,A,-,09,21800,C,N,D,C,A,A,H,-,A,D,0,NA,NA,NA,NA,Y,NA,A,01,0,0,1,0,0,0,0,0,0,-,-,NA,NA,SAN DIEGO,NATIONAL CITY,-117.09875012,32.67242007
84921711,2025,2025-11-12,3701,2025-10-31,1614,CB5621,NA,5,5,5,3701,0,0,0,NA,0,007,AMBROSIA LN,POINSETTIA LN,314,S,N,A,-,N,NA,NA,NA,NA,NA,NA,NA,NA,NA,N,3,0,1,2,A,-,06,21750,A,N,B,G,A,A,H,-,A,A,0,NA,Y,NA,NA,Y,NA,A,01,0,1,0,0,0,0,1,0,0,-,-,33.11307907104492,-117.28118896484376,SAN DIEGO,CARLSBAD,-117.28148651123048,33.11221694946289
8492350,2017,2017-12-06,3711,2017-10-18,1100,7274,NA,3,5,7,3711,0,0,0,NA,0,622,MORENA BL,W MORENA BL,0,NA,Y,A,-,N,NA,NA,NA,NA,NA,NA,NA,NA,NA,Y,4,0,1,2,A,-,17,22109,NA,M,C,C,A,A,H,-,A,A,0,NA,NA,NA,NA,Y,NA,-,NA,0,0,1,0,0,0,0,0,0,-,-,NA,NA,SAN DIEGO,SAN DIEGO,-117.20689008,32.77501001
8493808,2017,2017-12-13,3710,2017-09-29,0054,OC1408,010,5,5,6,3710,0,0,0,NA,0,004,MISSION AV,BUTLER ST,204,W,N,A,-,N,NA,NA,NA,NA,NA,NA,NA,NA,NA,Y,4,0,1,1,A,-,03,22350,NA,N,E,I,A,A,H,-,C,D,0,NA,NA,NA,NA,Y,NA,A,01,0,0,1,0,0,0,0,0,0,-,-,NA,NA,SAN DIEGO,OCEANSIDE,-117.35104686,33.21083456
8494823,2017,2017-12-06,3711,2017-11-12,1841,6469,NA,7,5,7,3711,0,0,0,NA,0,813,UNIVERSITY AV,30TH ST,0,NA,Y,B,-,N,NA,NA,NA,NA,NA,NA,NA,NA,NA,Y,4,0,1,2,A,-,09,21801,A,N,D,C,A,A,H,-,C,A,0,NA,NA,Y,NA,Y,NA,A,01,0,0,1,0,0,0,0,0,1,-,-,NA,NA,SAN DIEGO,SAN DIEGO,-117.13011002,32.7484501
84949625,2025,2025-11-27,3706,2025-11-17,1315,519,NA,1,5,6,3706,0,0,0,NA,0,042,BROADWAY,CREST ST,0,NA,Y,A,-,N,NA,NA,NA,NA,NA,NA,NA,NA,NA,Y,3,0,2,2,A,-,09,21802,A,N,A,C,A,A,H,-,A,D,0,NA,NA,NA,NA,Y,NA,D,22,0,2,0,0,0,0,0,0,0,-,-,33.13172149658203,-117.08599090576172,SAN DIEGO,ESCONDIDO,-117.08589935302734,33.13161849975586
84949631,2025,2025-11-27,3706,2025-11-26,954,441,NA,3,5,6,3706,0,0,0,NA,0,055,FELICITA AV,CENTRE CITY PY,174,W,N,A,-,N,NA,NA,NA,NA,NA,NA,NA,NA,NA,N,4,0,2,2,A,-,09,21804,A,N,D,C,A,A,H,-,A,A,0,NA,NA,NA,NA,Y,NA,A,07,0,0,2,0,0,0,0,0,0,-,-,33.10337829589844,-117.07559967041016,SAN DIEGO,ESCONDIDO,-117.07615661621094,33.103092193603516
84955030,2025,2025-12-03,3701,2025-11-24,2259,CB5562,NA,1,5,5,3701,0,0,0,NA,0,006,POINSETTIA LN,CASSIA RD,0,NA,Y,A,-,N,NA,NA,NA,NA,NA,NA,NA,NA,NA,Y,4,0,1,2,A,-,03,22350,NA,N,B,C,A,A,H,-,C,A,0,NA,NA,NA,NA,Y,NA,A,07,0,0,1,0,0,0,0,0,0,-,-,33.11268997192383,-117.27881622314452,SAN DIEGO,CARLSBAD,-117.27940368652344,33.11235809326172
8496926,2017,2018-02-17,3711,2017-11-10,1429,4923,NA,5,5,7,3711,0,0,0,NA,0,242,KARMA DR,CHANCE WY,5,W,N,A,-,N,NA,NA,NA,NA,NA,NA,NA,NA,NA,N,3,0,1,2,A,-,11,21954,A,N,G,B,D,A,H,-,A,D,0,Y,NA,NA,NA,Y,NA,N,60,0,1,0,0,1,0,0,0,0,-,-,NA,NA,SAN DIEGO,SAN DIEGO,-117.1225262,32.92005095
8496942,2017,2018-02-17,3711,2017-10-07,1922,6841,SANDI,6,5,7,3711,0,0,0,NA,0,116,BALBOA AV,MORAGA AV,0,NA,Y,A,-,N,NA,NA,NA,NA,NA,NA,NA,NA,NA,Y,4,0,1,3,A,-,12,21453,A,N,D,C,A,A,H,-,A,A,0,NA,NA,NA,NA,Y,NA,-,NA,0,0,1,0,0,0,0,0,0,-,-,NA,NA,SAN DIEGO,SAN DIEGO,-117.21061003,32.80800011
8497197,2017,2018-01-08,3711,2017-11-27,1807,7050,NA,1,5,7,3711,0,0,0,NA,0,235,SAN PASQUAL VALLEY RD,SAN PASQUAL VALLEY RD 19200,75,W,N,A,-,N,NA,NA,NA,NA,NA,NA,NA,NA,NA,Y,4,0,2,2,A,-,08,22107,NA,N,A,C,A,A,H,-,D,D,0,NA,NA,NA,NA,Y,NA,A,01,0,0,2,0,0,0,0,0,0,-,-,NA,NA,SAN DIEGO,SAN DIEGO,NA,NA
84987768,2025,2025-12-31,3701,2025-12-20,1209,CB5618,NA,6,5,5,3701,0,0,0,NA,0,006,PALOMAR AIRPORT RD,YARROW DR,0,NA,Y,A,-,N,NA,NA,NA,NA,NA,NA,NA,NA,NA,Y,3,0,1,2,A,-,03,22350,NA,F,C,C,A,A,H,-,A,A,0,NA,NA,NA,NA,Y,NA,A,01,0,1,0,0,0,0,0,0,0,-,-,33.12554931640625,-117.27545166015624,SAN DIEGO,CARLSBAD,-117.2753448486328,33.125389099121094
8498779,2017,2018-01-10,3711,2017-11-26,0329,7289,NA,7,5,7,3711,0,0,0,NA,0,712,NAYLOR RD,JANSE WY,110,N,N,E,-,N,NA,NA,NA,NA,NA,NA,NA,NA,NA,Y,3,0,3,2,A,-,08,22107,NA,N,C,E,A,B,H,-,C,D,0,NA,NA,NA,NA,Y,NA,-,NA,0,1,2,0,0,0,0,0,0,-,-,NA,NA,SAN DIEGO,SAN DIEGO,-117.05338706,32.54834042
8498799,2017,2017-12-07,3711,2017-11-26,0610,7504,NA,7,5,7,3711,0,0,0,NA,0,931,MIRAMAR RD,MIRAMAR RD 5400,0,NA,Y,E,-,N,NA,NA,NA,NA,NA,NA,NA,NA,NA,Y,3,0,1,2,A,-,09,21453,C,N,D,C,A,B,H,-,B,A,0,NA,NA,NA,NA,Y,Y,A,01,0,1,0,0,0,0,0,0,0,-,-,NA,NA,SAN DIEGO,SAN DIEGO,-117.19099849,32.87651539
8499059,2017,2017-11-27,3710,2017-09-19,1850,OC1391,012,2,5,6,3710,0,0,0,NA,0,004,SHADOW TREE DR,MORNING VIEW DR,436,N,N,A,-,N,NA,NA,NA,NA,NA,NA,NA,NA,NA,N,4,0,1,2,A,-,11,21954,A,N,G,B,D,A,H,-,A,D,0,Y,NA,NA,NA,Y,NA,N,60,0,0,1,0,1,0,0,0,0,-,-,33.23418,-117.35012,SAN DIEGO,OCEANSIDE,-117.35256597,33.2325722
8499063,2017,2017-11-27,3710,2017-09-19,1817,OC1438,016,2,5,6,3710,0,0,0,NA,0,008,SOUTH EL CAMINO REAL,MISSION AV,300,S,N,A,-,N,NA,NA,NA,NA,NA,NA,NA,NA,NA,N,3,0,2,2,A,-,03,22350,NA,N,C,C,A,A,H,-,A,A,0,NA,NA,NA,NA,Y,NA,A,01,0,1,1,0,0,0,0,0,0,-,-,NA,NA,SAN DIEGO,OCEANSIDE,-117.33119308,33.22505516
84992691,2025,2025-12-31,3701,2025-12-14,1240,CB5592,NA,7,5,5,3701,0,0,0,NA,0,007,EL CAMINO REAL,COSTA DEL MAR RD,687,N,N,A,-,N,NA,NA,NA,NA,NA,NA,NA,NA,NA,N,3,0,2,2,A,-,08,22107,NA,N,B,C,A,A,H,-,A,D,0,NA,NA,Y,NA,Y,NA,C,02,0,2,0,0,0,0,0,0,2,-,-,33.08924865722656,-117.269287109375,SAN DIEGO,CARLSBAD,-117.26911163330078,33.091209411621094
8499723,2017,2017-12-06,3711,2017-11-19,1634,7050,NA,7,5,7,3711,0,0,0,NA,0,242,WESTVIEW PKWY,MIRA MESA BL,0,NA,Y,A,-,N,NA,NA,NA,NA,NA,NA,NA,NA,NA,N,4,0,1,2,A,-,17,21451,A,N,D,C,A,A,H,-,A,A,0,NA,NA,NA,NA,Y,NA,A,01,0,0,1,0,0,0,0,0,0,-,-,NA,NA,SAN DIEGO,SAN DIEGO,-117.12052007,32.9173201
8499997,2017,2017-12-12,3702,2017-10-23,0800,CV0984,NA,1,5,6,3702,0,0,0,NA,0,042,CROSSROADS ST,EXPLORATION FALLS DR,24,N,N,A,-,N,NA,NA,NA,NA,NA,NA,NA,NA,NA,N,2,0,2,4,A,-,09,21801,A,N,G,B,B,A,H,-,A,D,0,Y,NA,NA,NA,Y,NA,D,22,1,1,0,0,2,0,0,0,0,-,-,NA,NA,SAN DIEGO,CHULA VISTA,-116.95413342,32.62101503
8500795,2017,2017-12-06,3702,2017-10-14,0140,CV1193,NA,6,5,6,3702,0,0,0,NA,0,011,MONTE VISTA AV,D ST,160,N,N,A,-,N,NA,NA,NA,NA,NA,NA,NA,NA,NA,N,4,0,1,2,A,-,17,22517,NA,N,B,E,A,A,H,-,C,D,0,NA,NA,NA,NA,Y,NA,A,01,0,0,1,0,0,0,0,0,0,-,-,NA,NA,SAN DIEGO,CHULA VISTA,-117.08971721,32.6466776
85016208,2025,2026-01-16,3706,2025-12-29,1750,499,NA,1,5,6,3706,0,0,0,NA,0,052,FELICITA AV,CENTRE CITY PY,353,E,N,A,-,N,NA,NA,NA,NA,NA,NA,NA,NA,NA,N,3,0,1,2,A,-,09,21804,A,N,D,C,A,A,H,-,C,D,0,NA,NA,NA,NA,Y,NA,A,01,0,1,0,0,0,0,0,0,0,-,-,33.10337829589844,-117.07559967041016,SAN DIEGO,ESCONDIDO,-117.07469177246094,33.10384750366211
8501851,2017,2017-12-21,3711,2017-11-26,1535,6203,NA,7,5,7,3711,0,0,0,NA,0,835,HOME AV,RT 805,390,E,N,A,-,N,NA,NA,NA,NA,NA,NA,NA,NA,NA,N,4,0,2,3,A,-,04,21703,NA,N,C,C,A,A,H,-,A,A,0,NA,NA,NA,NA,Y,NA,A,01,0,0,2,0,0,0,0,0,0,-,NF,NA,NA,SAN DIEGO,SAN DIEGO,-117.1032,32.72577
85030245,2025,2026-01-27,3706,2025-12-23,1745,625,NA,2,5,6,3706,0,0,0,NA,0,055,CENTRE CITY PY,09TH AV,12,N,N,B,-,N,NA,NA,NA,NA,NA,NA,NA,NA,NA,Y,3,0,2,2,A,-,21,22106,NA,N,C,C,A,A,H,-,C,A,0,NA,NA,NA,NA,Y,NA,A,01,0,2,0,0,0,0,0,0,0,-,-,33.111881256103516,-117.08161926269533,SAN DIEGO,ESCONDIDO,NA,NA
85036274,2025,2026-01-30,3701,2025-12-21,1330,CB5593,NA,7,5,5,3701,0,0,0,NA,0,007,VIA VERANO,VIA MARINERO (S),230,E,N,A,-,N,NA,NA,NA,NA,NA,NA,NA,NA,NA,N,3,0,1,2,A,-,03,22350,NA,N,C,G,A,A,H,-,A,A,0,NA,Y,NA,NA,Y,NA,M,91,0,1,0,0,0,0,1,0,0,-,-,33.106849670410156,-117.22852325439452,SAN DIEGO,CARLSBAD,-117.22799682617188,33.1077995300293
8503772,2017,2018-07-05,3703,2017-12-05,1618,1289,NA,2,5,3,3703,0,0,0,NA,0,003,RT 75,W TULAGI RD,0,NA,Y,A,-,Y,SD,11,75,-,-,17.455,I,5,N,Y,3,0,2,2,A,-,12,21453,A,N,D,C,A,A,H,-,B,A,0,NA,NA,NA,NA,Y,NA,A,01,0,2,0,0,0,0,0,0,0,-,-,NA,NA,SAN DIEGO,CORONADO,-117.16396088,32.67004415
8503794,2017,2018-06-05,3706,2017-10-19,0705,453,ESCON,4,5,6,3706,0,0,0,NA,0,045,CENTRE CITY PKWY,EL NORTE PKWY,0,NA,Y,A,-,N,NA,NA,NA,NA,NA,NA,NA,NA,NA,Y,2,0,2,2,A,-,12,21453,A,N,D,C,A,A,H,-,A,A,0,NA,NA,Y,NA,Y,NA,A,01,1,0,1,0,0,0,0,0,1,-,-,33.13977,-117.09332,SAN DIEGO,ESCONDIDO,-117.09339013,33.13979005
8504355,2017,2018-06-15,3711,2017-12-17,0841,7348,NA,7,5,7,3711,0,0,0,NA,0,611,PACIFIC HWY,BARNETT ST,100,S,N,A,-,N,NA,NA,NA,NA,NA,NA,NA,NA,NA,Y,4,0,1,1,A,-,03,22350,NA,N,E,I,A,B,G,-,A,A,0,NA,NA,NA,NA,Y,NA,A,01,0,0,1,0,0,0,0,0,0,-,-,NA,NA,SAN DIEGO,SAN DIEGO,-117.19558597,32.74562433
8504800,2017,2018-07-05,3700,2017-12-10,1520,SH3121,NA,7,5,4,3707,0,0,0,NA,0,703,7TH ST,PALM AV,0,NA,Y,A,-,Y,SD,11,75,-,-,10.79,I,5,N,N,4,0,1,2,A,-,12,21453,A,N,G,B,D,A,H,-,A,A,0,Y,NA,NA,NA,Y,NA,N,60,0,0,1,0,1,0,0,0,0,-,-,NA,NA,SAN DIEGO,IMPERIAL BEACH,-117.1180451,32.584549
8506193,2017,2017-12-18,3711,2017-11-21,0500,6969,NA,2,5,7,3711,0,0,0,NA,0,241,KEARNY VILLA RD,HARRIS PLANT RD,1584,N,N,A,-,N,NA,NA,NA,NA,NA,NA,NA,NA,NA,N,3,0,1,2,A,-,03,22350,NA,N,C,G,A,A,H,-,D,D,0,NA,Y,NA,NA,Y,NA,L,04,0,1,0,0,0,0,1,0,0,-,-,NA,NA,SAN DIEGO,SAN DIEGO,-117.11662,32.86477015
8506226,2017,2017-12-13,3711,2017-11-25,1525,5923,NA,6,5,7,3711,0,0,0,NA,0,624,PARK BL,MEADE AV,9,E,N,A,-,N,NA,NA,NA,NA,NA,NA,NA,NA,NA,N,3,0,1,2,A,-,08,22107,NA,N,G,C,B,A,H,-,A,A,0,Y,NA,NA,NA,Y,NA,-,NA,0,1,0,0,1,0,0,0,0,-,-,NA,NA,SAN DIEGO,SAN DIEGO,-117.14626,32.75722
8507883,2017,2018-06-08,3706,2017-11-22,1300,1603,ESCON,3,5,6,3706,0,0,0,NA,0,055,11TH AV,VALLEY PKWY,0,NA,Y,A,-,N,NA,NA,NA,NA,NA,NA,NA,NA,NA,N,3,0,1,2,A,-,05,21650,1,N,H,G,A,A,H,-,A,A,0,NA,Y,NA,NA,Y,NA,L,04,0,1,0,0,0,0,1,0,0,-,-,33.10709,-117.10452,SAN DIEGO,ESCONDIDO,-117.10458006,33.10710006
8508588,2017,2018-01-04,3706,2017-11-27,2045,496,ESCON,1,5,6,3706,0,0,0,NA,0,045,VALLEY PKWY,AUTOPARK WY,0,NA,Y,A,-,N,NA,NA,NA,NA,NA,NA,NA,NA,NA,Y,3,0,2,2,A,-,12,21453,A,N,D,C,A,A,H,-,C,A,0,NA,NA,NA,NA,Y,NA,D,22,0,1,1,0,0,0,0,0,0,-,-,33.11304,-117.10206,SAN DIEGO,ESCONDIDO,-117.10215004,33.11306009
8511424,2017,2018-01-04,3702,2017-11-26,1107,CV1197,NA,7,5,6,3702,0,0,0,NA,0,041,OLYMPIC PKWY,HERITAGE RD,450,E,N,A,-,N,NA,NA,NA,NA,NA,NA,NA,NA,NA,Y,4,0,3,4,A,-,03,22350,NA,N,C,C,A,A,H,-,A,A,0,NA,NA,NA,NA,Y,NA,I,11,0,0,3,0,0,0,0,0,0,-,-,NA,NA,SAN DIEGO,CHULA VISTA,-117.00071331,32.617294
8511553,2017,2017-12-22,3710,2017-10-27,0712,OC1426,010,5,5,6,3710,0,0,0,NA,0,004,SAN LUIS REY RD,VIA EL CENTRO,9,E,N,A,-,N,NA,NA,NA,NA,NA,NA,NA,NA,NA,N,4,0,1,2,A,-,03,22350,NA,N,C,C,A,A,H,-,A,A,0,NA,NA,NA,NA,Y,NA,A,01,0,0,1,0,0,0,0,0,0,-,-,NA,NA,SAN DIEGO,OCEANSIDE,-117.34940768,33.212896
8511738,2017,2017-12-27,3702,2017-11-13,1427,CV1005,NA,1,5,6,3702,0,0,0,NA,0,032,EASTLAKE PKWY,FENTON ST,0,NA,N,A,-,N,NA,NA,NA,NA,NA,NA,NA,NA,NA,N,4,0,1,2,A,-,05,21650,1,N,D,G,A,A,H,-,A,A,0,NA,Y,NA,NA,Y,NA,L,04,0,0,1,0,0,0,1,0,0,-,-,NA,NA,SAN DIEGO,CHULA VISTA,-116.96642011,32.65080012
8512087,2017,2017-12-19,3711,2017-11-20,1400,6620,NA,1,5,7,3711,0,0,0,NA,0,937,CAMINO DEL SUR,CAMINO DEL SUR 17200,0,NA,N,A,-,N,NA,NA,NA,NA,NA,NA,NA,NA,NA,Y,3,0,1,1,A,-,08,22107,NA,N,A,I,A,A,H,-,A,D,0,NA,NA,NA,NA,Y,NA,A,01,0,1,0,0,0,0,0,0,0,-,-,33.0207,-117.1451,SAN DIEGO,SAN DIEGO,-117.1451,33.0207
8513385,2018,2018-02-20,3701,2018-01-01,2025,CB5497,NA,1,5,5,3701,0,0,0,NA,0,004,EL CAMINIO REAL,PLAZA DR,0,NA,Y,A,-,N,NA,NA,NA,NA,NA,NA,NA,NA,NA,Y,4,0,1,2,A,-,00,21483,A,N,D,C,A,A,H,-,C,A,0,NA,NA,NA,NA,Y,NA,-,NA,0,0,1,0,0,0,0,0,0,-,-,NA,NA,SAN DIEGO,CARLSBAD,-117.32684326171876,33.1793098449707
8513461,2017,2018-02-16,3705,2017-11-24,1533,EC0219,NA,5,5,5,3705,0,0,0,NA,0,008,CHASE AV,SUNSHINE AV,16,W,N,A,-,N,NA,NA,NA,NA,NA,NA,NA,NA,NA,Y,3,0,1,2,A,-,09,21802,A,N,D,C,A,A,H,-,A,D,0,NA,NA,NA,NA,Y,NA,A,01,0,1,0,0,0,0,0,0,0,-,-,NA,NA,SAN DIEGO,EL CAJON,-116.96463187,32.7804