CASE_ID,ACCIDENT_YEAR,PROC_DATE,JURIS,COLLISION_DATE,COLLISION_TIME,OFFICER_ID,REPORTING_DISTRICT,DAY_OF_WEEK,CHP_SHIFT,POPULATION,CNTY_CITY_LOC,SPECIAL_COND,BEAT_TYPE,CHP_BEAT_TYPE,CITY_DIVISION_LAPD,CHP_BEAT_CLASS,BEAT_NUMBER,PRIMARY_RD,SECONDARY_RD,DISTANCE,DIRECTION,INTERSECTION,WEATHER_1,WEATHER_2,STATE_HWY_IND,CALTRANS_COUNTY,CALTRANS_DISTRICT,STATE_ROUTE,ROUTE_SUFFIX,POSTMILE_PREFIX,POSTMILE,LOCATION_TYPE,RAMP_INTERSECTION,SIDE_OF_HWY,TOW_AWAY,COLLISION_SEVERITY,NUMBER_KILLED,NUMBER_INJURED,PARTY_COUNT,PRIMARY_COLL_FACTOR,PCF_CODE_OF_VIOL,PCF_VIOL_CATEGORY,PCF_VIOLATION,PCF_VIOL_SUBSECTION,HIT_AND_RUN,TYPE_OF_COLLISION,MVIW,PED_ACTION,ROAD_SURFACE,ROAD_COND_1,ROAD_COND_2,LIGHTING,CONTROL_DEVICE,CHP_ROAD_TYPE,PEDESTRIAN_ACCIDENT,BICYCLE_ACCIDENT,MOTORCYCLE_ACCIDENT,TRUCK_ACCIDENT,NOT_PRIVATE_PROPERTY,ALCOHOL_INVOLVED,STWD_VEHTYPE_AT_FAULT,CHP_VEHTYPE_AT_FAULT,COUNT_SEVERE_INJ,COUNT_VISIBLE_INJ,COUNT_COMPLAINT_PAIN,COUNT_PED_KILLED,COUNT_PED_INJURED,COUNT_BICYCLIST_KILLED,COUNT_BICYCLIST_INJURED,COUNT_MC_KILLED,COUNT_MC_INJURED,PRIMARY_RAMP,SECONDARY_RAMP,LATITUDE,LONGITUDE,COUNTY,CITY,POINT_X,POINT_Y
8612669,2018,2018-05-09,3700,2018-04-20,1115,SH0290,NA,5,5,5,3713,0,0,0,NA,0,312,HACIENDA DR,LA TORTUGA DR,555,E,N,A,-,N,NA,NA,NA,NA,NA,NA,NA,NA,NA,N,4,0,1,2,A,-,10,21952,NA,N,G,B,D,A,H,-,A,D,0,Y,NA,NA,NA,Y,NA,A,01,0,0,1,0,1,0,0,0,0,-,-,NA,NA,SAN DIEGO,VISTA,-117.25621795654295,33.193504333496094
8612893,2018,2018-05-07,3702,2018-03-12,1331,CV0833,NA,1,5,6,3702,0,0,0,NA,0,032,CANTATA DR,SALINAS DR,6,W,N,A,-,N,NA,NA,NA,NA,NA,NA,NA,NA,NA,N,4,0,1,2,B,-,22,NA,NA,N,B,C,A,A,H,-,A,D,0,NA,NA,NA,NA,Y,NA,I,11,0,0,1,0,0,0,0,0,0,-,-,NA,NA,SAN DIEGO,CHULA VISTA,-116.98165893554688,32.66902160644531
8613090,2018,2018-05-11,3706,2018-04-24,2015,318,ESCON,2,5,6,3706,0,0,0,NA,0,042,MISSION AV,ESCONDIDO BL,31,W,N,A,-,N,NA,NA,NA,NA,NA,NA,NA,NA,NA,N,4,0,1,2,A,-,07,21658,A,N,B,C,A,A,H,-,C,D,0,NA,NA,NA,NA,Y,NA,A,01,0,0,1,0,0,0,0,0,0,-,-,33.12916946411133,-117.08927917480467,SAN DIEGO,ESCONDIDO,-117.08946228027344,33.129058837890625
8613189,2018,2018-05-04,3702,2018-03-20,1845,CV1005,NA,2,5,6,3702,0,0,0,NA,0,042,EASTLAKE PKWY,OTAY LAKES RD,394,S,N,A,-,N,NA,NA,NA,NA,NA,NA,NA,NA,NA,Y,3,0,2,2,A,-,09,21801,A,N,D,C,A,A,H,-,B,D,0,NA,NA,NA,NA,Y,NA,A,01,0,1,1,0,0,0,0,0,0,-,-,NA,NA,SAN DIEGO,CHULA VISTA,-116.96520233154295,32.64723205566406
8613627,2018,2018-04-20,3711,2018-04-04,1800,5079,NA,3,5,7,3711,0,0,0,NA,0,NA,30TH ST,POLK,0,NA,Y,A,-,N,NA,NA,NA,NA,NA,NA,NA,NA,NA,N,4,0,1,2,A,-,-,NA,NA,M,D,C,A,A,H,-,B,D,0,NA,NA,NA,NA,Y,NA,-,-,0,0,1,0,0,0,0,0,0,-,-,NA,NA,SAN DIEGO,SAN DIEGO,-117.13020324707033,32.75223159790039
8613678,2018,2018-04-20,3711,2018-04-08,0127,6839,NA,7,5,7,3711,0,0,0,NA,0,931,MIRAMESA BL,PACIFIC HEIGHTS BL,528,W,N,B,-,N,NA,NA,NA,NA,NA,NA,NA,NA,NA,Y,3,0,1,1,A,-,08,22107,NA,N,A,I,A,A,H,-,C,D,0,NA,NA,NA,NA,Y,NA,-,NA,0,1,0,0,0,0,0,0,0,-,-,NA,NA,SAN DIEGO,SAN DIEGO,-117.19078826904295,32.89906311035156
8614039,2018,2018-04-26,3705,2018-03-27,0910,EC0354,NA,2,5,5,3705,0,0,0,NA,0,002,BROADWAY,MOLLISON,0,NA,Y,A,-,N,NA,NA,NA,NA,NA,NA,NA,NA,NA,Y,4,0,3,2,A,-,12,21453,A,N,D,D,A,A,H,-,A,A,0,NA,NA,NA,NA,Y,NA,A,01,0,0,3,0,0,0,0,0,0,-,-,NA,NA,SAN DIEGO,EL CAJON,-116.9509735107422,32.807701110839844
8614248,2018,2018-04-26,3711,2018-04-16,1553,6795,NA,1,5,7,3711,0,0,0,NA,0,838,ORANGE AV,39TH,9,W,N,B,-,N,NA,NA,NA,NA,NA,NA,NA,NA,NA,N,3,0,1,2,A,-,09,21801,A,N,D,C,A,A,H,-,A,D,0,NA,NA,NA,NA,Y,NA,-,NA,0,1,0,0,0,0,0,0,0,-,-,NA,NA,SAN DIEGO,SAN DIEGO,-117.11065673828124,32.753238677978516
8614252,2018,2018-04-26,3711,2018-04-16,1722,7360,MIDCI,1,5,7,3711,0,0,0,NA,0,825,VAN DYKE AV,MEADE AV,21,N,N,A,-,N,NA,NA,NA,NA,NA,NA,NA,NA,NA,Y,4,0,1,2,A,-,09,21802,A,N,D,C,A,A,H,-,A,A,0,NA,NA,NA,NA,Y,NA,-,NA,0,0,1,0,0,0,0,0,0,-,-,NA,NA,SAN DIEGO,SAN DIEGO,-117.10292053222656,32.75712585449219
8616132,2018,2018-05-16,3701,2018-04-13,0219,CB5303,NA,5,5,5,3701,0,0,0,NA,0,002,PASEO DEL NORTE,MALL ENTRANCE,30,N,N,A,-,N,NA,NA,NA,NA,NA,NA,NA,NA,NA,Y,4,0,3,2,A,-,07,21658,A,N,C,C,A,A,H,-,A,A,0,NA,NA,NA,NA,Y,NA,A,01,0,0,3,0,0,0,0,0,0,-,-,NA,NA,SAN DIEGO,CARLSBAD,NA,NA
8617325,2018,2018-05-25,3700,2018-04-28,2500,SH2573,NA,6,5,5,3782,0,0,0,NA,0,223,MOUNTAIN VISTA DR,WANDERING RD,0,NA,Y,A,-,N,NA,NA,NA,NA,NA,NA,NA,NA,NA,Y,3,0,2,2,A,-,01,23152,B,M,C,C,A,A,H,-,C,A,0,NA,NA,NA,NA,Y,Y,A,01,0,1,1,0,0,0,0,0,0,-,-,NA,NA,SAN DIEGO,ENCINITAS,-117.25572967529295,33.0518913269043
8617551,2018,2018-08-17,3711,2018-05-24,1611,6366,NA,4,5,7,3711,0,0,0,NA,0,313,KEARNY VILLA RD,RT 52,322,S,N,A,-,Y,SD,11,52,-,-,6.762,R,4,E,Y,4,0,1,2,A,-,04,21703,NA,N,C,C,A,A,H,-,A,D,0,NA,NA,NA,NA,Y,NA,D,22,0,0,1,0,0,0,0,0,0,-,SF,NA,NA,SAN DIEGO,SAN DIEGO,-117.1308364868164,32.84132385253906
8618402,2018,2018-05-30,3711,2018-05-09,1808,6895,NA,3,5,7,3711,0,0,0,NA,0,438,RED DR,RED DR 2300,65,W,N,A,-,N,NA,NA,NA,NA,NA,NA,NA,NA,NA,N,4,0,1,2,A,-,05,21651,NA,N,B,C,A,A,H,-,A,D,0,NA,NA,NA,NA,Y,NA,-,NA,0,0,1,0,0,0,0,0,0,-,-,NA,NA,SAN DIEGO,SAN DIEGO,NA,NA
8618563,2018,2018-08-17,3703,2018-05-13,1336,1118,NA,7,5,3,3703,0,0,0,NA,0,002,RT 75,10TH ST,201,N,N,A,-,Y,SD,11,75,-,-,18.98,H,-,S,N,4,0,3,2,A,-,04,21703,NA,N,C,C,A,A,H,-,A,D,0,NA,NA,NA,NA,Y,Y,-,NA,0,0,3,0,0,0,0,0,0,-,-,NA,NA,SAN DIEGO,CORONADO,-117.17962646484376,32.686546325683594
8618618,2018,2018-07-31,3706,2018-05-05,0745,488,ESCON,6,5,6,3706,0,0,0,NA,0,052,JUNIPER ST,10TH AV,0,NA,Y,A,-,N,NA,NA,NA,NA,NA,NA,NA,NA,NA,Y,4,0,2,2,A,-,03,22350,NA,N,C,C,A,A,H,-,A,D,0,NA,NA,NA,NA,Y,NA,A,01,0,0,2,0,0,0,0,0,0,-,-,33.1148796081543,-117.07302856445313,SAN DIEGO,ESCONDIDO,-117.0730209350586,33.11492919921875
8618675,2018,2018-07-23,3708,2018-02-26,1710,LM1158,NA,1,5,5,3708,0,0,0,NA,0,001,MASSACHUSETTS AV,WAITE DR,50,N,N,A,-,N,NA,NA,NA,NA,NA,NA,NA,NA,NA,N,4,0,1,2,A,-,03,22350,NA,M,C,C,A,A,H,-,A,A,0,NA,NA,NA,NA,Y,NA,A,01,0,0,1,0,0,0,0,0,0,-,-,NA,NA,SAN DIEGO,LA MESA,-117.04279327392578,32.746376037597656
8618694,2018,2018-08-21,3708,2018-04-02,1222,LM1225,NA,1,5,5,3708,0,0,0,NA,0,002,SPRING ST,RT 8,20,S,N,A,-,Y,SD,11,8,-,-,11.161,R,4,E,N,4,0,1,2,A,-,03,22350,NA,N,C,C,A,A,H,-,A,B,0,NA,NA,NA,NA,Y,NA,A,01,0,0,1,0,0,0,0,0,0,-,-,NA,NA,SAN DIEGO,LA MESA,-117.02066802978516,32.7709846496582
8619565,2018,2018-05-24,3711,2018-05-08,1844,7145,NA,2,5,7,3711,0,0,0,NA,0,524,11TH AV,RUSS,98,N,N,A,-,N,NA,NA,NA,NA,NA,NA,NA,NA,NA,Y,3,0,1,1,A,-,03,22350,NA,N,H,I,A,A,H,-,A,D,0,NA,NA,NA,NA,Y,NA,-,NA,0,1,0,0,0,0,0,0,0,-,-,NA,NA,SAN DIEGO,SAN DIEGO,-117.15474700927734,32.71961975097656
8621308,2018,2018-05-24,3711,2018-05-03,1217,5589,NA,4,5,7,3711,0,0,0,NA,0,327,MONTEZUMA RD,63RD ST,0,NA,Y,A,-,N,NA,NA,NA,NA,NA,NA,NA,NA,NA,Y,2,0,1,2,A,-,09,21801,A,N,A,C,A,A,H,-,A,A,0,NA,NA,NA,NA,Y,NA,-,NA,1,0,0,0,0,0,0,0,0,-,-,NA,NA,SAN DIEGO,SAN DIEGO,-117.06439971923828,32.770469665527344
8621328,2018,2018-05-25,3711,2018-05-05,1941,6702,NA,6,5,7,3711,0,0,0,NA,0,822,EL CAJON BL,MARCELLENA RD,522,W,N,A,-,N,NA,NA,NA,NA,NA,NA,NA,NA,NA,N,2,0,1,3,A,-,13,22515,A,F,E,I,A,A,-,-,A,D,0,NA,NA,NA,NA,Y,NA,A,07,1,0,0,0,0,0,0,0,0,-,-,NA,NA,SAN DIEGO,SAN DIEGO,-117.08251190185548,32.75737380981445
8621348,2018,2018-05-25,3711,2018-05-11,1652,5929,NA,5,5,7,3711,0,0,0,NA,0,124,LA JOLLA BL,ROSEMONT ST,12,N,N,C,-,N,NA,NA,NA,NA,NA,NA,NA,NA,NA,Y,4,0,2,3,A,-,03,22350,NA,N,C,C,A,B,H,-,A,A,0,NA,NA,NA,NA,Y,NA,-,NA,0,0,2,0,0,0,0,0,0,-,-,NA,NA,SAN DIEGO,SAN DIEGO,-117.27696990966795,32.827613830566406
8621983,2018,2018-10-24,3706,2018-05-06,1015,492,ESCON,7,5,6,3706,0,0,0,NA,0,042,WASHINGTON AV,BROADWAY,600,W,N,A,-,N,NA,NA,78,NA,NA,NA,NA,NA,NA,Y,4,0,1,2,A,-,17,22109,NA,N,C,C,A,A,H,-,A,D,0,NA,NA,NA,NA,Y,NA,A,01,0,0,1,0,0,0,0,0,0,-,-,33.126991271972656,-117.08374786376952,SAN DIEGO,ESCONDIDO,-117.08375549316406,33.12699890136719
8624054,2018,2018-05-22,3711,2018-05-02,1211,7499,NA,3,5,7,3711,0,0,0,NA,0,722,CORONADO AV,HOLLISTER,40,W,N,B,-,N,NA,NA,NA,NA,NA,NA,NA,NA,NA,N,4,0,1,2,A,-,03,22350,NA,N,C,C,A,B,H,-,A,A,0,NA,NA,NA,NA,Y,NA,-,NA,0,0,1,0,0,0,0,0,0,-,-,NA,NA,SAN DIEGO,SAN DIEGO,-117.0842056274414,32.576480865478516
8624767,2018,2018-06-12,3711,2018-05-08,1751,5600,NA,2,5,7,3711,0,0,0,NA,0,452,IMPERIAL AV,60TH ST,0,NA,Y,A,-,N,NA,NA,NA,NA,NA,NA,NA,NA,NA,Y,2,0,1,2,A,-,12,21453,A,N,D,C,A,A,H,-,A,A,0,NA,NA,Y,NA,Y,NA,C,02,1,0,0,0,0,0,0,0,1,-,-,NA,NA,SAN DIEGO,SAN DIEGO,-117.0679931640625,32.70930099487305
8625154,2018,2019-01-19,3706,2018-04-13,2140,362,ESCON,5,5,6,3706,0,0,0,NA,0,045,AUTOPARK WY,MISSION AV,0,NA,Y,A,-,N,NA,NA,NA,NA,NA,NA,NA,NA,NA,Y,4,0,1,3,A,-,12,21453,A,F,D,C,A,A,G,H,C,A,0,NA,NA,NA,NA,Y,NA,D,22,0,0,1,0,0,0,0,0,0,-,-,33.11399841308594,-117.10504913330078,SAN DIEGO,ESCONDIDO,-117.1226806640625,33.13045120239258
8625578,2018,2018-05-30,3711,2018-05-15,1611,6176,NA,2,5,7,3711,0,0,0,NA,0,452,61ST ST,SKYLINE DR,0,NA,Y,A,-,N,NA,NA,NA,NA,NA,NA,NA,NA,NA,N,3,0,1,2,A,-,11,21453,D,N,G,B,B,A,H,-,A,A,0,Y,NA,NA,NA,Y,NA,N,60,0,1,0,0,1,0,0,0,0,-,-,NA,NA,SAN DIEGO,SAN DIEGO,-117.06681823730467,32.70140838623047
8625709,2018,2018-06-08,3711,2018-05-15,1509,1012,1,2,5,7,3711,0,0,0,NA,0,124,LA JOLLA SHORES DR,NORTH TORREY PINES RD,12,W,N,A,-,N,NA,NA,NA,NA,NA,NA,NA,NA,NA,N,3,0,1,2,A,-,12,21453,A,N,D,C,A,A,H,-,A,D,0,NA,NA,NA,NA,Y,NA,D,22,0,1,0,0,0,0,0,0,0,-,-,32.87554168701172,-117.24299621582033,SAN DIEGO,SAN DIEGO,-117.24375915527344,32.87553024291992
8626093,2018,2018-06-06,3711,2018-05-16,0859,6764,NA,3,5,7,3711,0,0,0,NA,0,934,VISTA RICA,PLEASANT RIDGE,7,W,N,A,-,N,NA,NA,NA,NA,NA,NA,NA,NA,NA,N,4,0,1,2,B,-,22,NA,NA,N,G,B,E,A,D,-,A,D,0,Y,NA,NA,NA,Y,NA,A,01,0,0,1,0,1,0,0,0,0,-,-,NA,NA,SAN DIEGO,SAN DIEGO,-117.22331992,32.92579004
8627017,2018,2018-06-06,3711,2018-05-16,1234,3891,NA,3,5,7,3711,0,0,0,NA,0,122,GRAND AV,JEWELL ST,0,NA,Y,A,-,N,NA,NA,NA,NA,NA,NA,NA,NA,NA,Y,4,0,3,2,A,-,12,21453,A,N,D,C,A,A,H,-,A,A,0,NA,NA,NA,NA,Y,NA,-,NA,0,0,3,0,0,0,0,0,0,-,-,NA,NA,SAN DIEGO,SAN DIEGO,-117.23841857910156,32.7983512878418
8628695,2018,2018-06-12,3711,2018-05-20,2048,7419,SAN D,7,5,7,3711,0,0,0,NA,0,522,1ST AV,ISLAND AV,36,N,N,A,-,N,NA,NA,NA,NA,NA,NA,NA,NA,NA,N,3,0,1,2,A,-,10,21950,A,N,A,B,B,A,H,-,C,A,0,Y,NA,NA,NA,Y,NA,A,01,0,1,0,0,1,0,0,0,0,-,-,NA,NA,SAN DIEGO,SAN DIEGO,-117.1637725830078,32.71051788330078
8628716,2018,2018-06-14,3711,2018-05-23,0615,5105,NA,3,5,7,3711,0,0,0,NA,0,242,MIRA MESA BL,WESTONHILL DR,0,NA,Y,A,-,N,NA,NA,NA,NA,NA,NA,NA,NA,NA,Y,4,0,2,2,A,-,12,21453,A,N,A,C,A,A,H,-,A,A,0,NA,NA,NA,NA,Y,NA,-,-,0,0,2,0,0,0,0,0,0,-,-,NA,NA,SAN DIEGO,SAN DIEGO,-117.13562774658205,32.91292190551758
8630823,2018,2018-06-06,3701,2018-05-05,1412,CB5519,NA,6,5,5,3701,0,0,0,NA,0,006,MELROSE DR,RANCHO SANTA FE RD,12,E,N,A,-,N,NA,NA,NA,NA,NA,NA,NA,NA,NA,N,3,0,1,2,A,-,10,21950,A,N,G,B,B,A,H,-,A,A,0,Y,NA,NA,NA,Y,NA,A,08,0,1,0,0,1,0,0,0,0,-,-,NA,NA,SAN DIEGO,CARLSBAD,-117.2255401611328,33.1071662902832
8631660,2018,2018-06-11,3711,2018-04-24,1230,5072,NA,2,5,7,3711,0,0,0,NA,0,441,IMPERIAL AV,SOUTH WEST ST,0,NA,Y,A,-,N,NA,NA,NA,NA,NA,NA,NA,NA,NA,Y,4,0,2,3,A,-,09,21801,A,N,D,C,A,A,H,-,A,A,0,NA,NA,NA,NA,Y,NA,A,01,0,0,2,0,0,0,0,0,0,-,-,NA,NA,SAN DIEGO,SAN DIEGO,-117.0969009399414,32.70415115356445
8631751,2018,2018-06-07,3700,2018-05-21,1245,SH0021,NA,1,5,5,3713,0,0,0,NA,0,315,JASMINE CT,GOLDENROD LN,80,E,N,A,-,N,NA,NA,NA,NA,NA,NA,NA,NA,NA,N,2,0,1,1,A,-,13,22515,A,N,G,B,A,A,H,-,A,D,0,NA,NA,NA,NA,Y,NA,A,08,1,0,0,0,0,0,0,0,0,-,-,NA,NA,SAN DIEGO,VISTA,-117.2265853881836,33.17055892944336
8633610,2018,2018-06-18,3711,2018-05-29,1336,7601,SANDI,2,5,7,3711,0,0,0,NA,0,627,4TH AV,WASHINGTON ST,150,N,N,B,-,N,NA,NA,NA,NA,NA,NA,NA,NA,NA,N,4,0,1,2,A,-,22,23123,A,N,C,C,A,A,H,-,A,A,0,NA,NA,NA,NA,Y,NA,A,01,0,0,1,0,0,0,0,0,0,-,-,NA,NA,SAN DIEGO,SAN DIEGO,-117.16162872314452,32.75040054321289
8633733,2018,2018-07-12,3711,2018-06-02,1728,7504,SAN D,6,5,7,3711,0,0,0,NA,0,935,EL CAMINIO REAL,VIA DE LAVALLE,528,S,N,A,-,N,NA,NA,NA,NA,NA,NA,NA,NA,NA,Y,3,0,2,1,A,-,03,22350,NA,N,-,A,A,A,B,-,A,A,0,NA,NA,Y,NA,Y,NA,C,02,0,2,0,0,0,0,0,0,2,-,-,NA,NA,SAN DIEGO,SAN DIEGO,-117.23046875,32.98127365112305
8633765,2018,2018-06-18,3700,2018-04-26,1707,SH1725,NA,4,5,5,3712,0,0,0,NA,0,351,BORDEN RD,COMET CIR,0,NA,Y,A,-,N,NA,NA,NA,NA,NA,NA,NA,NA,NA,Y,4,0,1,1,A,-,03,22350,NA,N,E,I,A,A,H,-,A,A,0,NA,NA,NA,NA,Y,NA,A,01,0,0,1,0,0,0,0,0,0,-,-,NA,NA,SAN DIEGO,SAN MARCOS,-117.1760299,33.15352002
8634589,2018,2018-06-12,3706,2018-05-30,0740,374,ESCON,3,5,6,3706,0,0,0,NA,0,045,LINCOLN AV,ROCK SPRINGS RD,0,NA,Y,B,-,N,NA,NA,NA,NA,NA,NA,NA,NA,NA,N,4,0,1,2,A,-,09,21802,A,N,D,C,A,B,H,-,A,D,0,NA,NA,NA,NA,Y,NA,A,01,0,0,1,0,0,0,0,0,0,-,-,33.1298713684082,-117.09902191162108,SAN DIEGO,ESCONDIDO,-117.09908294677734,33.12992858886719
8634765,2018,2018-06-18,3710,2018-05-22,2140,OC1391,016,2,5,6,3710,0,0,0,NA,0,008,LOS ARBOLITOS BL,EL CAMINIO REAL,528,E,N,A,-,N,NA,NA,NA,NA,NA,NA,NA,NA,NA,N,3,0,1,4,A,-,01,23152,A,N,B,E,A,A,H,-,C,D,0,NA,NA,NA,NA,Y,Y,D,23,0,1,0,0,0,0,0,0,0,-,-,33.228248596191406,-117.33119201660156,SAN DIEGO,OCEANSIDE,-117.33106994628906,33.228118896484375
8634897,2018,2018-06-15,3710,2018-05-27,0348,OC1456,012,7,5,6,3710,0,0,0,NA,0,0B5,EL CAMINIO REAL,OCEANSIDE BL,0,NA,Y,A,-,N,NA,NA,NA,NA,NA,NA,NA,NA,NA,Y,4,0,2,2,A,-,12,21453,A,N,D,C,A,A,H,-,C,A,0,NA,NA,NA,NA,Y,Y,A,01,0,0,2,0,0,0,0,0,0,-,-,33.20183181762695,-117.33232879638672,SAN DIEGO,OCEANSIDE,-117.33242034912108,33.201820373535156
8634954,2018,2018-06-15,3710,2018-05-20,2140,OC1458,029,7,5,6,3710,0,0,0,NA,0,007,NORTH AV,AUTUMN DR,726,E,N,A,-,N,NA,NA,NA,NA,NA,NA,NA,NA,NA,Y,3,0,2,1,A,-,07,21658,A,N,E,I,A,A,H,-,C,D,0,NA,NA,NA,NA,Y,NA,A,07,0,2,0,0,0,0,0,0,0,-,-,33.209720611572266,-117.27333831787108,SAN DIEGO,OCEANSIDE,-117.27114105224608,33.21052551269531
8637468,2018,2018-06-12,3711,2018-05-23,0720,6639,NA,3,5,7,3711,0,0,0,NA,0,837,HOME AV,HIXSON AV,0,NA,Y,B,-,N,NA,NA,NA,NA,NA,NA,NA,NA,NA,Y,3,0,2,2,A,-,12,22450,A,N,D,C,A,A,H,-,A,A,0,NA,NA,NA,NA,Y,NA,-,NA,0,1,1,0,0,0,0,0,0,-,-,NA,NA,SAN DIEGO,SAN DIEGO,-117.10514068603516,32.72460174560547
8638394,2018,2018-06-21,3705,2018-05-11,0905,EC0337,NA,5,5,5,3705,0,0,0,NA,0,004,W CHASE,EMERALD,0,NA,Y,A,-,N,NA,NA,NA,NA,NA,NA,NA,NA,NA,N,4,0,1,2,A,-,11,21955,NA,N,G,B,D,A,H,-,A,A,0,Y,NA,NA,NA,Y,NA,N,60,0,0,1,0,1,0,0,0,0,-,-,NA,NA,SAN DIEGO,EL CAJON,-116.96874237060548,32.78041076660156
8639783,2018,2018-06-22,3708,2018-04-29,1350,LM1275,NA,7,5,5,3708,0,0,0,NA,0,001,MASSACHUSETTS AV,CARMENITA RD,0,NA,Y,A,-,N,NA,NA,NA,NA,NA,NA,NA,NA,NA,N,4,0,1,2,A,-,09,21802,A,N,D,C,A,A,H,-,A,A,0,NA,NA,Y,NA,Y,NA,A,07,0,0,1,0,0,0,0,0,1,-,-,NA,NA,SAN DIEGO,LA MESA,-117.04279327392578,32.74694061279297
8641016,2018,2018-06-29,3711,2018-06-13,2310,8816,NA,3,5,7,3711,0,0,0,NA,0,122,CASS ST,LORING ST,0,NA,Y,A,-,N,NA,NA,NA,NA,NA,NA,NA,NA,NA,N,4,0,1,2,A,-,12,22450,A,N,G,G,A,A,H,-,C,A,0,NA,Y,NA,NA,Y,NA,A,01,0,0,1,0,0,0,1,0,0,-,-,NA,NA,SAN DIEGO,SAN DIEGO,-117.25440216064452,32.80580139160156
8641402,2018,2018-07-17,3702,2018-06-15,1628,CV1230,NA,5,5,6,3702,0,0,0,NA,0,021,PALOMAR ST,WALNUT AV,48,E,N,A,-,N,NA,NA,NA,NA,NA,NA,NA,NA,NA,N,4,0,1,3,A,-,03,22350,NA,N,C,C,A,A,H,-,A,A,0,NA,NA,NA,NA,Y,NA,A,01,0,0,1,0,0,0,0,0,0,-,-,NA,NA,SAN DIEGO,CHULA VISTA,-117.08782196044922,32.604156494140625
8641620,2018,2018-06-22,3711,2018-06-07,1545,5627,NA,4,5,7,3711,0,0,0,NA,0,126,LA JOLLA VILLAGE DR,VILLA LA JOLLA DR,0,NA,Y,A,-,N,NA,NA,NA,NA,NA,NA,NA,NA,NA,Y,3,0,2,2,A,-,12,21453,A,N,A,C,A,A,H,-,A,A,0,NA,NA,NA,NA,Y,NA,-,NA,0,2,0,0,0,0,0,0,0,-,-,NA,NA,SAN DIEGO,SAN DIEGO,-117.23390197753906,32.87178039550781
8642748,2018,2018-06-29,3701,2018-06-03,1133,CB5485,NA,7,5,5,3701,0,0,0,NA,0,008,EL CAMINIO REAL,AVIARA PKWY,550,S,N,A,-,N,NA,NA,NA,NA,NA,NA,NA,NA,NA,N,4,0,2,2,A,-,04,21703,NA,N,C,C,A,A,H,-,A,A,0,NA,NA,NA,NA,Y,NA,A,07,0,0,2,0,0,0,0,0,0,-,-,NA,NA,SAN DIEGO,CARLSBAD,-117.266357421875,33.10084915161133
8643524,2018,2018-07-12,3711,2018-06-13,1235,5654,3711,3,5,7,3711,0,0,0,NA,0,811,TEXAS ST,MADISON AV,70,N,N,A,-,N,NA,NA,NA,NA,NA,NA,NA,NA,NA,NA,4,0,1,2,C,-,18,NA,NA,N,C,C,A,A,H,-,A,D,0,NA,NA,NA,NA,Y,NA,-,-,0,0,1,0,0,0,0,0,0,-,-,NA,NA,SAN DIEGO,SAN DIEGO,-117.13886260986328,32.76118087768555
8643838,2018,2018-07-05,3711,2018-06-14,0828,7059,NA,4,5,7,3711,0,0,0,NA,0,452,IMPERIAL AV,60TH ST,5,E,N,A,-,N,NA,NA,NA,NA,NA,NA,NA,NA,NA,N,4,0,1,3,A,-,04,21703,NA,N,C,C,A,A,H,-,-,A,0,NA,NA,NA,NA,Y,NA,-,NA,0,0,1,0,0,0,0,0,0,-,-,NA,NA,SAN DIEGO,SAN DIEGO,-117.06797027587892,32.70930099487305
8644824,2018,2018-06-27,3711,2018-06-06,1552,7652,NA,3,5,7,3711,0,0,0,NA,0,321,SAN DIEGO MISSION RD,RANCHO MISSION RD,32,W,N,A,-,N,NA,NA,NA,NA,NA,NA,NA,NA,NA,Y,4,0,1,3,A,-,09,21453,B,N,F,C,A,A,H,-,A,A,0,NA,NA,NA,NA,Y,NA,A,01,0,0,1,0,0,0,0,0,0,-,-,NA,NA,SAN DIEGO,SAN DIEGO,-117.11048889160156,32.78493118286133
8645333,2018,2018-07-03,3705,2018-05-28,1055,EC0324,NA,1,5,5,3705,0,0,0,NA,0,002,2ND,MADISON,0,NA,N,A,-,N,NA,NA,NA,NA,NA,NA,NA,NA,NA,N,4,0,1,2,A,-,03,22350,NA,N,C,C,A,A,H,-,A,A,0,NA,NA,NA,NA,Y,NA,A,01,0,0,1,0,0,0,0,0,0,-,-,NA,NA,SAN DIEGO,EL CAJON,-116.93575286865234,32.80015182495117
8645763,2018,2018-07-09,3702,2018-06-12,1250,CV0790,NA,2,5,6,3702,0,0,0,NA,0,021,BROADWAY,PALOMAR ST,9,N,N,A,-,N,NA,NA,NA,NA,NA,NA,NA,NA,NA,N,3,0,1,2,A,-,10,21950,A,N,G,B,B,A,H,-,A,A,0,Y,NA,NA,NA,Y,NA,A,01,0,1,0,0,1,0,0,0,0,-,-,NA,NA,SAN DIEGO,CHULA VISTA,-117.07877349853516,32.60344314575195
8646018,2018,2018-07-12,3701,2018-06-25,0953,5522,NA,1,5,5,3701,0,0,0,NA,0,007,POINTSETTIA LN,AVIARA PKWY,60,W,N,A,-,N,NA,NA,NA,NA,NA,NA,NA,NA,NA,N,4,0,1,3,A,-,21,22106,NA,N,C,C,A,A,H,-,A,D,0,NA,NA,NA,NA,Y,NA,A,01,0,0,1,0,0,0,0,0,0,-,-,NA,NA,SAN DIEGO,CARLSBAD,-117.29581451416016,33.10990905761719