CASE_ID,ACCIDENT_YEAR,PROC_DATE,JURIS,COLLISION_DATE,COLLISION_TIME,OFFICER_ID,REPORTING_DISTRICT,DAY_OF_WEEK,CHP_SHIFT,POPULATION,CNTY_CITY_LOC,SPECIAL_COND,BEAT_TYPE,CHP_BEAT_TYPE,CITY_DIVISION_LAPD,CHP_BEAT_CLASS,BEAT_NUMBER,PRIMARY_RD,SECONDARY_RD,DISTANCE,DIRECTION,INTERSECTION,WEATHER_1,WEATHER_2,STATE_HWY_IND,CALTRANS_COUNTY,CALTRANS_DISTRICT,STATE_ROUTE,ROUTE_SUFFIX,POSTMILE_PREFIX,POSTMILE,LOCATION_TYPE,RAMP_INTERSECTION,SIDE_OF_HWY,TOW_AWAY,COLLISION_SEVERITY,NUMBER_KILLED,NUMBER_INJURED,PARTY_COUNT,PRIMARY_COLL_FACTOR,PCF_CODE_OF_VIOL,PCF_VIOL_CATEGORY,PCF_VIOLATION,PCF_VIOL_SUBSECTION,HIT_AND_RUN,TYPE_OF_COLLISION,MVIW,PED_ACTION,ROAD_SURFACE,ROAD_COND_1,ROAD_COND_2,LIGHTING,CONTROL_DEVICE,CHP_ROAD_TYPE,PEDESTRIAN_ACCIDENT,BICYCLE_ACCIDENT,MOTORCYCLE_ACCIDENT,TRUCK_ACCIDENT,NOT_PRIVATE_PROPERTY,ALCOHOL_INVOLVED,STWD_VEHTYPE_AT_FAULT,CHP_VEHTYPE_AT_FAULT,COUNT_SEVERE_INJ,COUNT_VISIBLE_INJ,COUNT_COMPLAINT_PAIN,COUNT_PED_KILLED,COUNT_PED_INJURED,COUNT_BICYCLIST_KILLED,COUNT_BICYCLIST_INJURED,COUNT_MC_KILLED,COUNT_MC_INJURED,PRIMARY_RAMP,SECONDARY_RAMP,LATITUDE,LONGITUDE,COUNTY,CITY,POINT_X,POINT_Y
8936777,2019,2019-10-04,3711,2019-08-26,0800,SD6156,NA,1,5,7,3711,0,0,0,NA,0,124,CABRILLO AV,OLIVET ST,60,S,N,A,-,N,NA,NA,NA,NA,NA,NA,NA,NA,NA,N,3,0,1,2,A,-,08,22107,NA,N,C,-,A,A,H,-,A,D,0,NA,Y,NA,NA,Y,NA,L,04,0,1,0,0,0,0,1,0,0,-,-,NA,NA,SAN DIEGO,SAN DIEGO,-117.26969909667967,32.84253692626953
8936810,2019,2019-09-20,3711,2019-08-27,0648,SD7492,NA,2,5,7,3711,0,0,0,NA,0,512,KEARNEY AV,SAMPSON ST,0,NA,Y,-,-,N,NA,NA,NA,NA,NA,NA,NA,NA,NA,N,3,0,2,2,A,-,08,22107,NA,N,-,-,A,-,-,-,-,-,0,NA,NA,NA,NA,Y,NA,A,07,0,2,0,0,0,0,0,0,0,-,-,NA,NA,SAN DIEGO,SAN DIEGO,-117.13851165771484,32.6988410949707
8937084,2019,2019-09-20,3711,2019-08-30,2130,SD4310,NA,5,5,7,3711,0,0,0,NA,0,313,CLAIREMONT MESA BL,RUFFNER ST,0,NA,Y,A,-,N,NA,NA,NA,NA,NA,NA,NA,NA,NA,Y,4,0,2,2,A,-,09,21453,C,N,D,C,A,A,H,-,C,A,0,NA,NA,NA,NA,Y,NA,A,01,0,0,2,0,0,0,0,0,0,-,-,NA,NA,SAN DIEGO,SAN DIEGO,-117.15921783447266,32.832698822021484
8937587,2019,2019-09-25,3706,2019-08-29,1735,406,ESCON,4,5,6,3706,0,0,0,NA,0,051,CENTRE CITY PKWY,CITRACADO PKWY E,840,S,N,A,-,N,NA,NA,NA,NA,NA,NA,NA,NA,NA,Y,3,0,2,3,A,-,03,22350,NA,N,C,C,A,A,H,-,A,D,0,NA,NA,NA,NA,Y,NA,A,01,0,1,1,0,0,0,0,0,0,-,-,33.090579986572266,-117.07263946533205,SAN DIEGO,ESCONDIDO,-117.07258605957033,33.08852767944336
8937703,2019,2019-09-20,3711,2019-08-28,0420,SD6629,NA,3,5,7,3711,0,0,0,NA,0,452,AKINS AV,AKINS AV 6500,5,S,N,A,-,N,NA,NA,NA,NA,NA,NA,NA,NA,NA,N,4,0,1,2,A,-,09,21802,A,N,D,C,A,A,H,-,A,A,0,NA,NA,NA,NA,Y,Y,A,01,0,0,1,0,0,0,0,0,0,-,-,NA,NA,SAN DIEGO,SAN DIEGO,-117.0580596923828,32.710880279541016
8937730,2019,2019-09-20,3711,2019-08-27,1123,SD8192,NA,2,5,7,3711,0,0,0,NA,0,832,UNIVERSITY AV,FAIRMONT AV,0,NA,Y,A,-,N,NA,NA,NA,NA,NA,NA,NA,NA,NA,Y,4,0,2,3,D,-,00,NA,NA,N,D,C,A,A,H,-,A,A,0,NA,NA,NA,NA,Y,NA,-,-,0,0,2,0,0,0,0,0,0,-,-,NA,NA,SAN DIEGO,SAN DIEGO,-117.10089874267578,32.74959945678711
8939346,2018,2020-05-26,3705,2018-11-02,1940,EC0344,NA,5,5,5,3705,0,0,0,NA,0,002,E MAIN,S ANZA,200,E,N,A,-,N,NA,NA,NA,NA,NA,NA,NA,NA,NA,Y,1,1,0,2,A,-,08,22107,NA,N,E,I,A,A,H,-,C,D,0,NA,NA,Y,NA,Y,Y,C,02,0,0,0,0,0,0,0,1,0,-,-,NA,NA,SAN DIEGO,EL CAJON,-116.94754028320313,32.79494857788086
8939354,2019,2019-10-29,3711,2019-08-07,0827,HB4132,NA,3,5,7,3711,0,0,0,NA,0,504,E HARBOR DR,5TH ST,0,NA,Y,B,-,N,NA,NA,NA,NA,NA,NA,NA,NA,NA,Y,1,1,0,2,A,-,11,21456,B,N,G,B,B,A,H,-,A,A,0,Y,NA,NA,NA,Y,NA,N,60,0,0,0,1,0,0,0,0,0,-,-,NA,NA,SAN DIEGO,SAN DIEGO,-117.16058349609376,32.706851959228516
8941725,2019,2019-10-04,3700,2019-08-01,0525,SH3095,NA,4,5,4,3780,0,0,0,NA,0,417,SCRIPPS POWAY PKWY,STOWE DR,944,E,N,A,-,N,NA,NA,NA,NA,NA,NA,NA,NA,NA,Y,4,0,1,2,A,-,08,22107,NA,N,C,E,A,A,H,-,B,D,0,NA,NA,NA,Y,Y,NA,A,01,0,0,1,0,0,0,0,0,0,-,-,NA,NA,SAN DIEGO,POWAY,-117.02604675292967,32.938175201416016
8944689,2019,2019-10-23,3711,2019-09-03,0729,SD6798,NA,2,5,7,3711,0,0,0,NA,0,437,ALSACIA ST,BRIARWOOD ST,1,W,N,A,-,N,NA,NA,NA,NA,NA,NA,NA,NA,NA,N,3,0,1,2,A,-,10,21950,A,N,A,B,B,A,H,-,A,A,0,Y,NA,NA,NA,Y,NA,-,NA,0,1,0,0,1,0,0,0,0,-,-,NA,NA,SAN DIEGO,SAN DIEGO,-117.0353546142578,32.685096740722656
8944985,2019,2019-09-27,3711,2019-03-31,1956,SD8192,NA,7,5,7,3711,0,0,0,NA,0,126,LA JOLLA VILLAGE DR,VILLA LA JOLLA DR,20,E,N,A,-,N,NA,NA,NA,NA,NA,NA,NA,NA,NA,N,4,0,2,2,A,-,03,22350,NA,M,C,C,A,A,H,-,C,A,0,NA,NA,NA,NA,Y,NA,-,NA,0,0,2,0,0,0,0,0,0,-,-,NA,NA,SAN DIEGO,SAN DIEGO,-117.23383331298828,32.87177658081055
8945623,2019,2019-10-01,3711,2019-04-09,1220,SD6418,NA,2,5,7,3711,0,0,0,NA,0,124,PEARL ST,FAY AV,0,NA,Y,B,-,N,NA,NA,NA,NA,NA,NA,NA,NA,NA,Y,3,0,2,3,A,-,09,21801,A,N,D,C,A,A,H,-,A,A,0,NA,NA,NA,NA,Y,NA,A,01,0,1,1,0,0,0,0,0,0,-,-,NA,NA,SAN DIEGO,SAN DIEGO,-117.27369689941406,32.8402214050293
8945627,2019,2019-11-21,3711,2019-04-09,1335,SD5654,NA,2,5,7,3711,0,0,0,NA,0,813,TEXAS ST,MEADE AV,125,N,N,A,-,N,NA,NA,NA,NA,NA,NA,NA,NA,NA,N,4,0,3,4,A,-,03,22350,NA,N,C,C,A,A,H,-,A,D,0,NA,NA,NA,NA,Y,NA,A,01,0,0,3,0,0,0,0,0,0,-,-,NA,NA,SAN DIEGO,SAN DIEGO,-117.13884735107422,32.75758361816406
8945789,2019,2019-10-01,3711,2019-05-03,1525,SD8822,NA,5,5,7,3711,0,0,0,NA,0,312,SANTO RD,PORTOBELO DR,350,N,N,A,-,N,NA,NA,NA,NA,NA,NA,NA,NA,NA,Y,4,0,1,2,A,-,08,22107,NA,N,D,C,A,A,H,-,A,A,0,NA,NA,NA,NA,Y,NA,A,01,0,0,1,0,0,0,0,0,0,-,-,NA,NA,SAN DIEGO,SAN DIEGO,-117.0976791381836,32.839599609375
8946379,2019,2019-10-02,3709,2019-06-11,1517,NC0436,NA,2,5,5,3709,0,0,0,NA,0,023,HIGHLAND AV,23RD ST,86,S,N,A,-,N,NA,NA,NA,NA,NA,NA,NA,NA,NA,Y,4,0,1,3,A,-,21,22106,NA,N,B,C,A,A,H,-,A,D,0,NA,NA,NA,NA,Y,NA,A,01,0,0,1,0,0,0,0,0,0,-,-,NA,NA,SAN DIEGO,NATIONAL CITY,-117.09359741210938,32.66496658325195
8946586,2019,2019-10-02,3711,2019-04-22,1340,SD6097,NA,1,5,7,3711,0,0,0,NA,0,512,OCEAN VIEW BL,SOUTH EVANS ST,0,NA,Y,A,-,N,NA,NA,NA,NA,NA,NA,NA,NA,NA,N,3,0,2,2,A,-,09,21802,A,N,D,C,A,A,H,-,A,A,0,NA,NA,NA,NA,Y,NA,A,01,0,1,1,0,0,0,0,0,0,-,-,NA,NA,SAN DIEGO,SAN DIEGO,-117.13701629638672,32.7032585144043
8947135,2019,2019-10-03,3700,2019-09-18,1558,SH0141,NA,3,5,5,3712,0,0,0,NA,0,349,ELFIN FOREST RD,SAN ELIJO RD,0,NA,Y,A,-,N,NA,NA,NA,NA,NA,NA,NA,NA,NA,N,4,0,1,2,A,-,08,22107,NA,N,B,C,A,A,H,-,A,A,0,NA,NA,NA,NA,Y,NA,A,01,0,0,1,0,0,0,0,0,0,-,-,NA,NA,SAN DIEGO,SAN MARCOS,-117.20066833496094,33.09832000732422
8947624,2019,2019-10-09,3711,2019-09-04,1305,SD6834,NA,3,5,7,3711,0,0,0,NA,0,613,WEST POINT LOMA BL,RIALTO ST,130,W,N,A,-,N,NA,NA,NA,NA,NA,NA,NA,NA,NA,Y,2,0,1,2,A,-,03,22350,NA,N,C,C,A,A,H,-,A,D,0,NA,NA,Y,NA,Y,NA,C,02,1,0,0,0,0,0,0,0,1,-,-,NA,NA,SAN DIEGO,SAN DIEGO,-117.2312469482422,32.75243377685547
8947895,2019,2019-11-12,3708,2019-09-11,1624,IM1283,NA,3,5,5,3708,0,0,0,NA,0,003,LAKE MURRAY BL,KIOWA DR,0,NA,Y,A,-,N,NA,NA,NA,NA,NA,NA,NA,NA,NA,N,4,0,1,2,A,-,10,21950,A,F,G,B,B,A,H,-,A,A,0,Y,NA,NA,NA,Y,Y,A,01,0,0,1,0,1,0,0,0,0,-,-,NA,NA,SAN DIEGO,LA MESA,-117.0405731201172,32.77933120727539
8950236,2019,2019-10-11,3711,2019-09-12,0600,7932,NA,4,5,7,3711,0,0,0,NA,0,246,SPRING CANYON RD,SEMILLON BL,0,NA,Y,A,-,N,NA,NA,NA,NA,NA,NA,NA,NA,NA,N,4,0,1,2,A,-,21,22106,NA,N,D,C,A,A,H,-,B,D,0,NA,NA,NA,NA,Y,NA,A,01,0,0,1,0,0,0,0,0,0,-,-,NA,NA,SAN DIEGO,SAN DIEGO,-117.07621002197266,32.92313003540039
8950777,2019,2019-10-15,3702,2019-09-26,1135,CV0912,NA,4,5,6,3702,0,0,0,NA,0,031,TELEGRAPH CANYON RD,LA MEDIA RD,16,W,N,A,-,N,NA,NA,NA,NA,NA,NA,NA,NA,NA,N,4,0,1,2,A,-,11,21950,B,N,G,B,B,A,H,-,C,A,0,Y,NA,NA,NA,Y,NA,-,NA,0,0,1,0,1,0,0,0,0,-,-,NA,NA,SAN DIEGO,CHULA VISTA,-116.99044799804688,32.63861083984375
8951149,2019,2019-10-22,3711,2019-09-08,1200,SD7713,NA,7,5,7,3711,0,0,0,NA,0,936,CARMEL VALLEY RD,MONA LN,318,E,N,A,-,N,NA,NA,NA,NA,NA,NA,NA,NA,NA,Y,3,0,1,1,A,-,08,22107,NA,N,E,J,A,A,H,-,A,D,0,NA,NA,NA,NA,Y,NA,A,01,0,1,0,0,0,0,0,0,0,-,-,NA,NA,SAN DIEGO,SAN DIEGO,-117.1664581298828,32.96975326538086
8953573,2019,2019-10-17,3711,2019-09-16,2130,SD8816,NA,1,5,7,3711,0,0,0,NA,0,115,LEBON DR,CHARMANT DR,2,N,N,A,-,N,NA,NA,NA,NA,NA,NA,NA,NA,NA,N,3,0,1,2,A,-,10,21950,A,N,G,B,B,-,-,-,C,A,0,Y,NA,NA,NA,Y,NA,A,01,0,1,0,0,1,0,0,0,0,-,-,NA,NA,SAN DIEGO,SAN DIEGO,-117.22548675537108,32.864864349365234
8954860,2019,2019-10-29,3706,2019-09-20,2146,487,ESCON,5,5,6,3706,0,0,0,NA,0,044,ROSE ST,EL NORTE PKWY,4,S,N,A,-,N,NA,NA,NA,NA,NA,NA,NA,NA,NA,N,4,0,1,2,A,-,08,22107,NA,F,B,C,A,A,H,-,C,A,0,NA,NA,NA,NA,Y,NA,D,22,0,0,1,0,0,0,0,0,0,-,-,33.14781188964844,-117.0697021484375,SAN DIEGO,ESCONDIDO,-117.06979370117188,33.14784240722656
8955468,2019,2019-11-18,3711,2019-09-25,1034,SD5628,NA,3,5,7,3711,0,0,0,NA,0,111,BALBOA AV,MT ABERNATHY,45,E,N,A,-,N,NA,NA,NA,NA,NA,NA,NA,NA,NA,N,3,0,1,3,A,-,03,22350,NA,N,C,C,A,A,D,E,A,A,0,NA,NA,NA,NA,Y,NA,A,07,0,1,0,0,0,0,0,0,0,-,-,NA,NA,SAN DIEGO,SAN DIEGO,-117.17599487304688,32.82038879394531
8955659,2019,2019-10-17,3711,2019-09-22,1228,SD7939,NA,7,5,7,3711,0,0,0,NA,0,315,STATION VILLAGE LN,FRIARS RD,0,NA,Y,A,-,N,NA,NA,NA,NA,NA,NA,NA,NA,NA,Y,4,0,1,1,A,-,03,22350,NA,M,E,I,A,A,H,-,A,D,0,NA,NA,NA,NA,Y,Y,A,07,0,0,1,0,0,0,0,0,0,-,-,NA,NA,SAN DIEGO,SAN DIEGO,NA,NA
8956649,2019,2019-10-23,3711,2019-09-18,0907,SD7707,NA,3,5,7,3711,0,0,0,NA,0,521,MARKET ST,15TH ST,0,NA,Y,-,-,N,NA,NA,NA,NA,NA,NA,NA,NA,NA,N,4,0,1,2,A,-,09,21800,A,N,-,-,A,-,-,-,-,-,0,NA,NA,NA,NA,Y,NA,A,01,0,0,1,0,0,0,0,0,0,-,-,NA,NA,SAN DIEGO,SAN DIEGO,-117.15038299560548,32.71152877807617
8957443,2019,2019-10-17,3709,2019-10-01,1503,0476,NA,2,5,5,3709,0,0,0,NA,0,021,HIGHLAND AV,EAST 16TH ST,0,NA,Y,A,-,N,NA,NA,NA,NA,NA,NA,NA,NA,NA,Y,4,0,2,2,A,-,09,21801,A,N,B,C,A,A,H,-,A,A,0,NA,NA,NA,NA,Y,NA,A,01,0,0,2,0,0,0,0,0,0,-,-,NA,NA,SAN DIEGO,NATIONAL CITY,-117.09602355957033,32.67121124267578
8959577,2019,2019-11-08,3701,2019-10-12,1610,CB5540,117,6,5,5,3701,0,0,0,NA,0,008,EL CAMINIO REAL,LA COSTA AV,346,N,N,A,-,N,NA,NA,NA,NA,NA,NA,NA,NA,NA,N,4,0,2,2,A,-,04,21703,NA,N,C,C,A,A,H,-,A,A,0,NA,NA,NA,NA,Y,NA,A,01,0,0,2,0,0,0,0,0,0,-,-,NA,NA,SAN DIEGO,CARLSBAD,-117.26889801025392,33.086360931396484
8960390,2019,2019-12-20,3711,2019-10-02,0735,SD7008,NA,3,5,7,3711,0,0,0,NA,0,628,ROSECRANS ST,PACIFIC HWY,220,W,N,A,-,N,NA,NA,NA,NA,NA,NA,NA,NA,NA,Y,4,0,1,2,A,-,08,22107,NA,N,B,C,A,A,H,-,A,A,0,NA,NA,NA,NA,Y,NA,A,01,0,0,1,0,0,0,0,0,0,-,-,NA,NA,SAN DIEGO,SAN DIEGO,-117.20157623291016,32.75497055053711
8961715,2019,2019-10-23,3700,2019-08-21,0555,SH2558,NA,3,5,5,3712,0,0,0,NA,0,355,COMMODORE DR,SOUTH RANCHO SANTA FE RD,0,NA,Y,A,-,N,NA,NA,NA,NA,NA,NA,NA,NA,NA,N,2,0,1,2,A,-,10,21950,A,N,G,B,D,A,H,-,A,A,0,Y,NA,NA,NA,Y,NA,A,01,1,0,0,0,1,0,0,0,0,-,-,NA,NA,SAN DIEGO,SAN MARCOS,-117.20246887207033,33.142051696777344
8961728,2019,2019-11-07,3711,2019-09-27,0521,SD7363,NA,5,5,7,3711,0,0,0,NA,0,321,MISSION GORGE RD,ALVARADO CANYON RD,0,NA,Y,A,-,N,NA,NA,NA,NA,NA,NA,NA,NA,NA,N,3,0,1,2,A,-,11,21456,B,N,G,B,D,A,H,-,C,A,0,Y,NA,NA,NA,Y,NA,N,60,0,1,0,0,1,0,0,0,0,-,-,NA,NA,SAN DIEGO,SAN DIEGO,-117.09198760986328,32.780941009521484
8961796,2019,2019-10-23,3711,2019-09-24,1815,SD7614,NA,2,5,7,3711,0,0,0,NA,0,626,LEWIS ST,LARK ST,0,NA,Y,-,-,N,NA,NA,NA,NA,NA,NA,NA,NA,NA,N,3,0,1,2,A,-,08,22107,NA,N,-,-,A,-,-,-,-,-,0,NA,Y,NA,NA,Y,NA,A,07,0,1,0,0,0,0,1,0,0,-,-,NA,NA,SAN DIEGO,SAN DIEGO,-117.17597198486328,32.75177001953125
8961997,2019,2019-10-24,3711,2019-09-28,1225,6977,NA,6,5,7,3711,0,0,0,NA,0,615,ROSECRANS ST,CANON ST,0,NA,Y,A,-,N,NA,NA,NA,NA,NA,NA,NA,NA,NA,N,3,0,2,3,A,-,10,21950,A,N,G,B,B,A,H,-,A,A,0,Y,NA,NA,NA,Y,NA,-,NA,0,1,1,0,2,0,0,0,0,-,-,NA,NA,SAN DIEGO,SAN DIEGO,-117.2318878173828,32.72153091430664
8962075,2019,2019-11-12,3711,2019-10-01,1730,SD7938,NA,2,5,7,3711,0,0,0,NA,0,834,MARLBOROUGH AV,WIGHTMAN ST,0,NA,Y,A,-,N,NA,NA,NA,NA,NA,NA,NA,NA,NA,Y,4,0,1,2,A,-,12,22450,A,N,D,C,A,A,H,-,A,A,0,NA,NA,NA,NA,Y,NA,A,01,0,0,1,0,0,0,0,0,0,-,-,NA,NA,SAN DIEGO,SAN DIEGO,-117.10572052001952,32.747779846191406
8962499,2019,2019-10-24,3710,2019-09-30,0545,OC1425,NA,1,5,6,3710,0,0,0,NA,0,018,AVENIDA DESCANSO,NORTH RIVER RD,0,NA,Y,A,-,N,NA,NA,NA,NA,NA,NA,NA,NA,NA,N,3,0,1,2,A,-,10,21950,A,N,G,B,B,A,H,-,B,A,0,Y,NA,NA,NA,Y,NA,A,01,0,1,0,0,1,0,0,0,0,-,-,NA,NA,SAN DIEGO,OCEANSIDE,-117.31459808349608,33.24530029296875
8962564,2019,2019-10-25,3710,2019-10-05,0504,OC1472,NA,6,5,6,3710,0,0,0,NA,0,018,NORTH RIVER RD,CALLE MONTECITO,0,NA,Y,A,-,N,NA,NA,NA,NA,NA,NA,NA,NA,NA,Y,4,0,3,2,A,-,09,21801,A,N,A,C,A,A,H,-,C,A,0,NA,NA,NA,NA,Y,NA,A,01,0,0,3,0,0,0,0,0,0,-,-,NA,NA,SAN DIEGO,OCEANSIDE,-117.30876922607422,33.24544906616211
8962596,2019,2019-10-25,3711,2019-10-01,1636,SD8377,NA,2,5,7,3711,0,0,0,NA,0,524,FRONT ST,W B ST,17,N,N,A,-,N,NA,NA,NA,NA,NA,NA,NA,NA,NA,Y,4,0,1,2,A,-,12,21453,A,N,D,C,A,A,H,-,A,A,0,NA,NA,NA,NA,Y,Y,A,01,0,0,1,0,0,0,0,0,0,-,-,NA,NA,SAN DIEGO,SAN DIEGO,-117.16471862792967,32.71782684326172
8962687,2019,2019-11-04,3711,2019-09-27,1515,SD5842,NA,5,5,7,3711,0,0,0,NA,0,931,CAMINO SANTA FE,MIRAMAR RD,0,NA,Y,A,-,N,NA,NA,NA,NA,NA,NA,NA,NA,NA,N,4,0,1,2,A,-,05,21650,1,N,D,G,A,A,H,-,A,A,0,NA,Y,NA,NA,Y,NA,L,04,0,0,1,0,0,0,1,0,0,-,-,NA,NA,SAN DIEGO,SAN DIEGO,-117.17262268066406,32.877899169921875
8964146,2019,2019-11-19,3706,2019-09-14,0003,527,ESCON,6,5,6,3706,0,0,0,NA,0,041,CENTRE CITY PKWY,EL NORTE PKWY,123,N,N,A,-,N,NA,NA,NA,NA,NA,NA,NA,NA,NA,N,3,0,1,2,A,-,11,21954,A,N,G,B,D,A,H,-,D,D,0,Y,NA,NA,NA,Y,NA,N,60,0,1,0,0,1,0,0,0,0,-,-,33.1397705078125,-117.09332275390624,SAN DIEGO,ESCONDIDO,-117.09339141845705,33.1401252746582
8964294,2019,2019-11-15,3706,2019-09-21,1525,1860,ESCON,6,5,6,3706,0,0,0,NA,0,042,ASH ST,WASHINGTON AV,0,NA,Y,A,-,N,NA,NA,78,NA,NA,NA,NA,NA,NA,N,4,0,1,2,A,-,12,21453,A,N,D,C,A,A,H,-,A,A,0,NA,NA,NA,NA,Y,NA,A,01,0,0,1,0,0,0,0,0,0,-,-,33.13282012939453,-117.06816864013672,SAN DIEGO,ESCONDIDO,-117.06824493408205,33.13294982910156
8964696,2019,2020-10-06,3708,2019-10-11,1840,LM1158,NA,5,5,5,3708,0,0,0,NA,0,002,LEMON AV,RT 94,19,E,N,A,-,Y,SD,11,125,-,R,14.623,R,4,S,Y,4,0,2,2,A,-,09,21801,A,N,A,C,A,A,H,-,C,D,0,NA,NA,NA,NA,Y,NA,A,01,0,0,2,0,0,0,0,0,0,-,SO,NA,NA,SAN DIEGO,LA MESA,NA,NA
8965083,2019,2019-10-31,3700,2019-07-01,0827,SH2558,NA,1,5,5,3712,0,0,0,NA,0,356,SMILAX RD,POINSETTIA AV,0,NA,Y,A,-,N,NA,NA,NA,NA,NA,NA,NA,NA,NA,Y,2,0,1,2,A,-,05,21460,A,N,B,C,A,A,H,-,A,D,0,NA,NA,Y,NA,Y,NA,C,02,1,0,0,0,0,0,0,0,1,-,-,NA,NA,SAN DIEGO,SAN MARCOS,-117.2068328857422,33.15834045410156
8965767,2019,2019-11-21,3711,2019-10-03,1545,SD7806,NA,4,5,7,3711,0,0,0,NA,0,234,CAMINO DEL NORTE,RT 15,1700,E,N,A,-,N,NA,NA,NA,NA,NA,NA,NA,NA,NA,Y,4,0,1,2,A,-,03,22350,NA,N,C,C,A,A,H,-,A,D,0,NA,NA,NA,NA,Y,NA,A,01,0,0,1,0,0,0,0,0,0,-,NO,NA,NA,SAN DIEGO,SAN DIEGO,-117.08326721191406,32.997928619384766
8965806,2019,2019-11-05,3711,2019-10-02,2113,SD8192,NA,3,5,7,3711,0,0,0,NA,0,813,EL CAJON BL,OREGON ST,30,E,N,A,-,N,NA,NA,NA,NA,NA,NA,NA,NA,NA,N,3,0,1,1,A,-,03,22350,NA,N,F,A,A,A,G,-,C,A,0,NA,NA,NA,NA,Y,Y,-,NA,0,1,0,0,0,0,0,0,0,-,-,NA,NA,SAN DIEGO,SAN DIEGO,-117.1350326538086,32.7553825378418
8966602,2019,2019-11-01,3711,2019-09-27,0835,HB6051,NA,5,5,7,3711,0,0,0,NA,0,503,NORTH HARBOR DR,NORTH HARBOR DR 3300,0,NA,Y,B,-,N,NA,NA,NA,NA,NA,NA,NA,NA,NA,Y,3,0,6,4,A,-,03,22350,NA,N,C,C,A,B,H,-,A,A,0,NA,NA,NA,NA,Y,NA,A,01,0,1,5,0,0,0,0,0,0,-,-,NA,NA,SAN DIEGO,SAN DIEGO,NA,NA
8967175,2019,2019-11-06,3705,2019-10-20,0909,EC0279,NA,7,5,5,3705,0,0,0,NA,0,003,MAIN ST,OAKDALE AV,0,NA,Y,A,-,N,NA,NA,NA,NA,NA,NA,NA,NA,NA,Y,4,0,1,3,A,-,12,21453,A,N,D,C,A,A,H,-,A,A,0,NA,NA,NA,NA,Y,NA,A,01,0,0,1,0,0,0,0,0,0,-,-,NA,NA,SAN DIEGO,EL CAJON,-116.92855834960938,32.802059173583984
8968420,2019,2019-11-12,3705,2019-10-08,1635,EC0408,NA,2,5,5,3705,0,0,0,NA,0,003,E WASHINGTON AV,ELLEN LN,148,W,N,A,-,N,NA,NA,NA,NA,NA,NA,NA,NA,NA,Y,3,0,4,2,A,-,03,22350,NA,N,C,C,A,A,H,-,A,D,0,NA,NA,NA,NA,Y,NA,A,01,0,1,3,0,0,0,0,0,0,-,-,NA,NA,SAN DIEGO,EL CAJON,-116.9217529296875,32.78718948364258
8968436,2019,2019-11-12,3705,2019-10-09,1329,EC5368,NA,3,5,5,3705,0,0,0,NA,0,002,CHAMBERS ST,WEST POINT AV,0,NA,Y,A,-,N,NA,NA,NA,NA,NA,NA,NA,NA,NA,Y,4,0,2,3,A,-,09,21802,A,N,D,C,A,A,H,-,A,D,0,NA,NA,NA,NA,Y,NA,A,01,0,0,2,0,0,0,0,0,0,-,-,NA,NA,SAN DIEGO,EL CAJON,NA,NA
8969360,2019,2019-11-18,3711,2019-09-15,0325,SD7569,NA,7,5,7,3711,0,0,0,NA,0,826,EL CAJON BL,EUCLID AV,0,NA,Y,A,-,N,NA,NA,NA,NA,NA,NA,NA,NA,NA,N,3,0,1,1,A,-,17,21663,NA,N,A,I,A,A,H,-,C,A,0,NA,NA,NA,NA,Y,Y,-,NA,0,1,0,0,0,0,0,0,0,-,-,NA,NA,SAN DIEGO,SAN DIEGO,-117.09220886230467,32.756038665771484
8969436,2019,2019-11-18,3709,2019-09-29,1235,NC0526,NA,7,5,5,3709,0,0,0,NA,0,023,VALLEY RD,PLAZA BONITA CENTERWAY,385,S,N,A,-,N,NA,NA,NA,NA,NA,NA,NA,NA,NA,Y,3,0,1,2,A,-,03,22350,NA,N,C,C,A,A,H,-,A,D,0,NA,NA,NA,NA,Y,NA,A,01,0,1,0,0,0,0,0,0,0,-,-,NA,NA,SAN DIEGO,NATIONAL CITY,-117.05818939208984,32.662559509277344
8969441,2019,2019-11-18,3711,2019-09-10,1946,SD7788,NA,2,5,7,3711,0,0,0,NA,0,524,9TH ST,MARKET ST,18,S,N,A,-,N,NA,NA,NA,NA,NA,NA,NA,NA,NA,N,4,0,1,1,A,-,03,22350,NA,N,H,A,A,A,H,-,C,A,0,NA,NA,NA,NA,Y,NA,M,94,0,0,1,0,0,0,0,0,0,-,-,NA,NA,SAN DIEGO,SAN DIEGO,-117.15650177001952,32.71147155761719
8970469,2019,2019-11-06,3710,2019-07-26,0644,OC1274,NA,5,5,6,3710,0,0,0,NA,0,025,CORPORATE CENTRE DR,OCEANIC WY,59,N,N,B,-,N,NA,NA,NA,NA,NA,NA,NA,NA,NA,Y,4,0,1,1,A,-,03,22350,NA,N,E,I,A,A,H,-,A,D,0,NA,NA,NA,NA,Y,NA,A,07,0,0,1,0,0,0,0,0,0,-,-,NA,NA,SAN DIEGO,OCEANSIDE,-117.30524444580078,33.20598602294922
8971799,2019,2020-01-14,3711,2019-10-15,1455,SD7988,NA,2,5,7,3711,0,0,0,NA,0,836,HOME AV,HOME AV 4500,0,NA,Y,A,-,N,NA,NA,NA,NA,NA,NA,NA,NA,NA,N,3,0,5,3,A,-,04,21703,NA,N,C,C,A,A,H,-,A,D,0,NA,NA,NA,NA,Y,NA,A,01,0,1,4,0,0,0,0,0,0,-,-,NA,NA,SAN DIEGO,SAN DIEGO,-117.097263,32.730947