CASE_ID,ACCIDENT_YEAR,PROC_DATE,JURIS,COLLISION_DATE,COLLISION_TIME,OFFICER_ID,REPORTING_DISTRICT,DAY_OF_WEEK,CHP_SHIFT,POPULATION,CNTY_CITY_LOC,SPECIAL_COND,BEAT_TYPE,CHP_BEAT_TYPE,CITY_DIVISION_LAPD,CHP_BEAT_CLASS,BEAT_NUMBER,PRIMARY_RD,SECONDARY_RD,DISTANCE,DIRECTION,INTERSECTION,WEATHER_1,WEATHER_2,STATE_HWY_IND,CALTRANS_COUNTY,CALTRANS_DISTRICT,STATE_ROUTE,ROUTE_SUFFIX,POSTMILE_PREFIX,POSTMILE,LOCATION_TYPE,RAMP_INTERSECTION,SIDE_OF_HWY,TOW_AWAY,COLLISION_SEVERITY,NUMBER_KILLED,NUMBER_INJURED,PARTY_COUNT,PRIMARY_COLL_FACTOR,PCF_CODE_OF_VIOL,PCF_VIOL_CATEGORY,PCF_VIOLATION,PCF_VIOL_SUBSECTION,HIT_AND_RUN,TYPE_OF_COLLISION,MVIW,PED_ACTION,ROAD_SURFACE,ROAD_COND_1,ROAD_COND_2,LIGHTING,CONTROL_DEVICE,CHP_ROAD_TYPE,PEDESTRIAN_ACCIDENT,BICYCLE_ACCIDENT,MOTORCYCLE_ACCIDENT,TRUCK_ACCIDENT,NOT_PRIVATE_PROPERTY,ALCOHOL_INVOLVED,STWD_VEHTYPE_AT_FAULT,CHP_VEHTYPE_AT_FAULT,COUNT_SEVERE_INJ,COUNT_VISIBLE_INJ,COUNT_COMPLAINT_PAIN,COUNT_PED_KILLED,COUNT_PED_INJURED,COUNT_BICYCLIST_KILLED,COUNT_BICYCLIST_INJURED,COUNT_MC_KILLED,COUNT_MC_INJURED,PRIMARY_RAMP,SECONDARY_RAMP,LATITUDE,LONGITUDE,COUNTY,CITY,POINT_X,POINT_Y
90902989,2019,2019-01-14,9650,2019-01-08,1510,021267,NA,2,2,9,3700,0,3,5,NA,1,212,LILAC RD,CUMBRES RD,100,W,N,A,-,N,NA,NA,NA,NA,NA,NA,NA,NA,NA,N,3,0,1,2,A,-,11,21954,A,N,G,B,D,A,H,-,A,D,0,Y,NA,NA,NA,Y,NA,N,60,0,1,0,0,1,0,0,0,0,-,-,33.252349853515625,-117.06313323974608,SAN DIEGO,UNINCORPORATED,-117.06339263916016,33.252384185791016
90904616,2019,2019-01-15,9645,2019-01-06,0910,017717,NA,7,1,7,3711,0,1,1,NA,2,021,SR-15 N/B FROM OCEAN VIEW BLVD,OCEAN VIEW BLVD,630,N,N,B,C,Y,NA,NA,15,NA,NA,NA,R,NA,N,Y,3,0,1,1,A,-,03,22350,NA,N,F,A,A,B,H,-,A,D,0,NA,NA,NA,NA,Y,NA,A,01,0,1,0,0,0,0,0,0,0,-,-,32.70286178588867,-117.12030029296876,SAN DIEGO,SAN DIEGO,-117.12030029296876,32.70286178588867
90906332,2019,2019-01-17,9645,2019-01-10,1750,016061,NA,4,2,7,3711,0,1,3,NA,2,022,SR-56 E/B,CAMINO DEL SUR,528,W,N,A,-,Y,NA,NA,56,NA,NA,NA,NA,NA,E,N,4,0,1,2,A,-,03,22350,NA,N,C,C,A,A,H,-,B,D,0,NA,NA,NA,NA,Y,NA,A,01,0,0,1,0,0,0,0,0,0,-,-,32.96004104614258,-117.1547393798828,SAN DIEGO,SAN DIEGO,-117.1548080444336,32.95991134643555
90906835,2019,2019-01-17,9680,2019-01-06,0340,020898,NA,7,3,9,3700,0,2,4,NA,1,025,SWEETWATER RD,SHANNONBROOK CT,98,S,N,C,-,N,NA,NA,NA,NA,NA,NA,NA,NA,NA,Y,3,0,2,2,A,-,03,22350,NA,F,E,I,A,B,H,-,C,D,0,NA,NA,NA,NA,Y,NA,A,01,0,1,1,0,0,0,0,0,0,-,-,32.74003982543945,-117.01431274414063,SAN DIEGO,UNINCORPORATED,-117.01441192626952,32.7401008605957
90906908,2018,2019-01-17,9645,2018-12-06,2218,019712,NA,4,3,7,3711,0,1,1,NA,2,003,I-5 N/B TO INDIA STREET,W. LAUREL ST. U/C,200,N,N,B,C,Y,NA,NA,5,NA,NA,NA,R,NA,N,Y,3,0,1,1,A,-,03,22350,NA,N,E,I,A,B,H,-,C,D,0,NA,NA,NA,NA,Y,NA,A,01,0,1,0,0,0,0,0,0,0,-,-,32.730751037597656,-117.17050933837892,SAN DIEGO,SAN DIEGO,-117.17050933837892,32.730751037597656
90907350,2019,2019-01-18,9650,2019-01-16,0510,019308,NA,3,3,9,3700,0,1,1,NA,2,021,I-15 N/B,W. LILAC ROAD,2640,N,N,C,-,Y,NA,NA,15,NA,NA,NA,NA,NA,N,N,4,0,1,1,A,-,03,22350,NA,N,E,I,A,B,H,-,D,D,0,NA,NA,NA,NA,Y,NA,A,01,0,0,1,0,0,0,0,0,0,-,-,33.308719635009766,-117.15030670166016,SAN DIEGO,UNINCORPORATED,-117.1504364013672,33.30869674682617
90908190,2019,2019-01-21,9650,2019-01-18,0850,019549,NA,5,1,9,3700,0,3,5,NA,2,070,EL CAMINO DEL NORTE,DEL DIOS HIGHWAY,0,NA,Y,B,-,N,NA,NA,NA,NA,NA,NA,NA,NA,NA,Y,4,0,1,2,A,-,09,21802,A,N,D,C,A,B,H,-,A,D,0,NA,NA,NA,NA,Y,NA,A,07,0,0,1,0,0,0,0,0,0,-,-,33.03435134887695,-117.18641662597656,SAN DIEGO,UNINCORPORATED,-117.183837890625,33.03559875488281
9091069,2020,2020-11-14,3710,2020-04-02,1614,OC1185,NA,4,5,6,3710,0,0,0,NA,0,035,RT 76,COLLEGE BL,0,NA,Y,A,-,Y,SD,11,76,-,R,6.207,I,5,E,Y,4,0,1,2,A,-,09,21453,C,N,D,C,A,A,H,-,A,A,0,NA,NA,NA,NA,Y,NA,A,01,0,0,1,0,0,0,0,0,0,-,-,NA,NA,SAN DIEGO,OCEANSIDE,-117.28978729248048,33.24363708496094
90912620,2019,2019-01-25,9680,2019-01-14,2256,019384,NA,1,3,9,3700,0,2,4,NA,1,013,WILDCAT CANYON ROAD,MUTH VALLEY ROAD,1200,S,N,B,C,N,NA,NA,NA,NA,NA,NA,NA,NA,NA,Y,4,0,1,1,A,-,03,22350,NA,N,E,I,A,B,H,-,D,D,0,NA,NA,NA,NA,Y,NA,A,01,0,0,1,0,0,0,0,0,0,-,-,32.896148681640625,-116.88986206054688,SAN DIEGO,UNINCORPORATED,-116.88982391357422,32.89625549316406
90914170,2019,2019-01-28,9645,2019-01-24,0730,014625,NA,4,1,9,3700,0,3,5,NA,2,018,BRIARWOOD ROAD,CAMINO DAVID,0,NA,Y,A,-,N,NA,NA,NA,NA,NA,NA,NA,NA,NA,Y,4,0,1,2,A,-,09,21802,A,N,D,C,A,A,H,-,A,D,0,NA,NA,NA,NA,Y,NA,A,07,0,0,1,0,0,0,0,0,0,-,-,32.679908752441406,-117.02806091308594,SAN DIEGO,UNINCORPORATED,-117.02802276611328,32.67993927001953
90916508,2019,2019-01-31,9645,2019-01-24,1625,021639,NA,4,2,7,3711,0,1,3,NA,2,006,SR-94 EASTBOUND,47TH ST O/C,100,E,N,A,-,Y,NA,NA,94,NA,NA,NA,NA,NA,E,Y,4,0,2,2,A,-,08,22107,NA,N,C,E,A,A,H,-,A,D,0,NA,NA,NA,NA,Y,NA,A,01,0,0,2,0,0,0,0,0,0,-,-,32.718048095703125,-117.093017578125,SAN DIEGO,SAN DIEGO,-117.09305572509766,32.71792221069336
90917623,2019,2019-02-01,9650,2019-01-23,2033,018950,NA,3,2,6,3706,0,1,1,NA,2,023,I-15 S/B,VIA RANCHO PARKWAY,1107,S,N,A,-,Y,NA,NA,15,NA,NA,NA,NA,NA,S,Y,4,0,1,2,A,-,08,22107,NA,N,B,C,A,A,H,-,C,D,0,NA,NA,NA,NA,Y,NA,J,49,0,0,1,0,0,0,0,0,0,-,-,33.06610107421875,-117.0693588256836,SAN DIEGO,ESCONDIDO,-117.0691375732422,33.066131591796875
90917785,2019,2019-02-04,9650,2019-01-31,1300,020747,NA,4,1,9,3700,0,1,3,NA,2,065,SR-76 E/B,E. VISTA WAY,0,NA,Y,C,-,N,NA,NA,76,NA,NA,NA,NA,NA,E,Y,3,0,1,4,A,-,08,22107,NA,F,D,C,A,B,H,-,A,D,0,NA,NA,NA,Y,Y,NA,F,26,0,1,0,0,0,0,0,0,0,-,-,33.2576789855957,-117.23709106445313,SAN DIEGO,UNINCORPORATED,-117.23745727539063,33.257999420166016
90918137,2019,2019-02-04,9680,2019-01-23,1654,021476,NA,3,2,9,3700,0,1,3,NA,1,040,SR-94,BARRETT SMITH RD,900,E,N,A,-,Y,NA,NA,94,NA,NA,NA,NA,NA,NA,Y,3,0,2,2,A,-,05,21460,A,F,E,I,A,A,H,-,A,D,0,NA,NA,NA,NA,Y,NA,-,99,0,1,1,0,0,0,0,0,0,-,-,32.6095085144043,-116.70123291015624,SAN DIEGO,UNINCORPORATED,-116.70120239257813,32.60954666137695
90918793,2019,2019-02-04,9650,2019-02-03,1705,019822,NA,7,2,9,3700,0,1,1,NA,2,021,I-15 N/B,DULIN ROAD UNDERCROSSING,35,S,N,B,C,Y,NA,NA,15,NA,NA,NA,NA,NA,N,Y,4,0,1,1,A,-,03,22350,NA,N,E,I,A,B,H,-,B,D,0,NA,NA,NA,NA,Y,NA,A,01,0,0,1,0,0,0,0,0,0,-,-,33.32501983642578,-117.15824127197266,SAN DIEGO,UNINCORPORATED,-117.15839385986328,33.324974060058594
90919026,2018,2019-04-05,9645,2018-07-14,2500,018149,NA,6,4,7,3711,0,1,1,NA,2,010,I-8 E/B TO SR-163 N/B,MISSION CENTER RD. OFF RAMP O/C,196,S,N,A,-,Y,NA,NA,8,NA,NA,NA,R,NA,E,Y,1,1,0,1,A,-,01,23152,A,N,F,A,A,A,H,-,D,D,0,NA,NA,Y,NA,Y,Y,C,02,0,0,0,0,0,0,0,1,0,-,-,32.76298141479492,-117.16140747070313,SAN DIEGO,SAN DIEGO,-117.16140747070313,32.76298141479492
9091989,2020,2020-07-30,3711,2020-04-04,1340,SD6953,NA,6,5,7,3711,0,0,0,NA,0,623,FRIARS RD,LAS TIENDAS,300,E,N,A,-,N,NA,NA,NA,NA,NA,NA,NA,NA,NA,N,3,0,1,2,A,-,07,21658,A,N,B,C,A,A,H,-,A,D,0,NA,NA,NA,NA,Y,NA,A,01,0,1,0,0,0,0,0,0,0,-,-,NA,NA,SAN DIEGO,SAN DIEGO,-117.16441345214844,32.77002716064453
9092025,2020,2020-07-23,3711,2020-04-07,1638,SD7390,NA,2,5,7,3711,0,0,0,NA,0,113,BALBOA AV,MORAGA AV,0,NA,Y,B,-,N,NA,NA,NA,NA,NA,NA,NA,NA,NA,N,4,0,1,2,A,-,03,22350,NA,M,C,C,A,B,H,-,A,-,0,NA,NA,NA,NA,Y,NA,-,NA,0,0,1,0,0,0,0,0,0,-,-,NA,NA,SAN DIEGO,SAN DIEGO,-117.21060943603516,32.80799865722656
9092051,2020,2020-07-30,3711,2020-04-05,1026,SD7284,NA,7,5,7,3711,0,0,0,NA,0,831,UNIVERSITY AV,46TH ST,140,E,N,B,-,N,NA,NA,NA,NA,NA,NA,NA,NA,NA,N,3,0,1,2,A,-,11,21950,B,N,G,B,D,A,H,-,A,D,0,Y,NA,NA,NA,Y,NA,N,60,0,1,0,0,1,0,0,0,0,-,-,NA,NA,SAN DIEGO,SAN DIEGO,-117.09505462646484,32.74958038330078
9092058,2020,2020-07-30,3711,2020-04-07,1512,SD4849,NA,2,5,7,3711,0,0,0,NA,0,529,COLUMBIA ST,W HAWTHORN ST,0,NA,Y,B,-,N,NA,NA,NA,NA,NA,NA,NA,NA,NA,N,4,0,1,3,A,-,12,21453,A,N,D,C,A,B,H,-,A,A,0,NA,NA,Y,NA,Y,NA,A,01,0,0,1,0,0,0,0,0,1,-,-,NA,NA,SAN DIEGO,SAN DIEGO,-117.16864013671876,32.72666931152344
90922647,2019,2019-02-11,9650,2019-01-24,0730,016103,NA,4,1,6,3706,0,1,1,NA,2,023,I-15 S/B,SR-78,1584,N,N,A,-,Y,NA,NA,15,NA,NA,NA,NA,NA,S,Y,4,0,2,2,A,-,03,22350,NA,N,C,C,A,A,H,-,A,D,0,NA,NA,NA,NA,Y,NA,A,01,0,0,2,0,0,0,0,0,0,-,-,33.1320915222168,-117.10526275634766,SAN DIEGO,ESCONDIDO,-117.10531616210938,33.1320915222168
90923416,2019,2019-02-11,9645,2019-01-26,0425,021359,NA,6,3,9,3700,0,1,3,NA,2,008,SR-54 E/B,SWEETWATER ROAD,432,W,N,A,-,Y,NA,NA,54,NA,NA,NA,NA,NA,E,Y,3,0,1,2,A,-,08,22107,NA,N,C,C,A,A,H,-,D,D,0,NA,NA,NA,NA,Y,NA,A,01,0,1,0,0,0,0,0,0,0,-,-,32.690399169921875,-117.01802825927734,SAN DIEGO,UNINCORPORATED,-117.01800537109376,32.69037628173828
90925764,2019,2019-02-13,9680,2019-02-02,1505,020682,NA,6,2,9,3700,0,1,1,NA,2,085,I-8 E/B,BUCKMAN SPRINGS RD,4752,W,N,C,-,Y,NA,NA,8,NA,NA,NA,NA,NA,E,Y,4,0,2,1,A,-,08,22107,NA,N,F,A,A,B,H,-,A,D,0,NA,NA,NA,NA,Y,NA,A,08,0,0,2,0,0,0,0,0,0,-,-,32.77317810058594,-116.49188232421876,SAN DIEGO,UNINCORPORATED,-116.4919891357422,32.77313232421875
90926436,2019,2019-02-14,9680,2019-02-04,1050,015877,NA,1,1,5,3705,0,1,1,NA,2,082,I-8 W/B,MOLLISON AVE.,200,W,N,B,-,Y,NA,NA,8,NA,NA,NA,NA,NA,W,Y,4,0,2,2,A,-,03,22350,NA,N,C,C,A,A,H,-,A,D,0,NA,NA,NA,NA,Y,NA,A,07,0,0,2,0,0,0,0,0,0,-,-,32.80324172973633,-116.9520263671875,SAN DIEGO,EL CAJON,-116.9520263671875,32.803157806396484
90927316,2019,2019-02-15,9650,2019-02-13,1508,018950,NA,3,2,6,3706,0,1,1,NA,2,023,I-15 N/B,VIA RANCHO PARKWAY O/C,338,S,N,C,-,Y,NA,NA,15,NA,NA,NA,NA,NA,N,N,4,0,1,2,A,-,03,22350,NA,N,C,C,A,B,H,-,A,D,0,NA,NA,NA,NA,Y,NA,A,01,0,0,1,0,0,0,0,0,0,-,-,33.064308166503906,-117.06865692138672,SAN DIEGO,ESCONDIDO,-117.06867218017578,33.06431198120117
90927765,2019,2019-02-18,9650,2019-02-08,0350,019227,NA,5,3,9,3700,0,1,1,NA,2,003,I-5 S/B,SANTA MARGARITA RIVER,7920,N,N,A,-,Y,NA,NA,5,NA,NA,NA,NA,NA,S,Y,4,0,2,2,A,-,08,22107,NA,N,C,C,A,A,H,-,D,D,0,NA,NA,NA,NA,Y,Y,A,01,0,0,2,0,0,0,0,0,0,-,-,33.25484848022461,-117.42414855957033,SAN DIEGO,UNINCORPORATED,-117.42414855957033,33.25484848022461
90927893,2019,2019-02-18,9645,2019-02-06,1647,019678,NA,3,2,7,3711,0,1,1,NA,2,015,I-805 S/B,GOVERNOR DR.,615,S,N,A,-,Y,NA,NA,805,NA,NA,NA,NA,NA,S,Y,4,0,1,2,A,-,07,21658,A,N,C,C,A,A,H,-,A,D,0,NA,NA,Y,NA,Y,NA,A,01,0,0,1,0,0,0,0,0,1,-,-,32.856170654296875,-117.18340301513672,SAN DIEGO,SAN DIEGO,-117.18351745605467,32.85609817504883
90929291,2019,2019-02-19,9680,2019-02-06,0718,019384,NA,3,1,9,3700,0,1,1,NA,2,086,I-8 W/B,RIBBONWOOD RD,5808,W,N,A,-,Y,NA,NA,8,NA,NA,NA,NA,NA,W,Y,3,0,1,1,C,-,18,NA,NA,N,F,A,A,C,H,-,A,D,0,NA,NA,NA,NA,Y,NA,-,-,0,1,0,0,0,0,0,0,0,-,-,32.68996810913086,-116.30686950683594,SAN DIEGO,UNINCORPORATED,-116.3071746826172,32.6895866394043
90931088,2019,2019-02-21,9645,2019-02-11,0810,018987,NA,1,1,7,3711,0,1,1,NA,2,027,I-15 SOUTHBOUND,ADAMS AVE,30,N,N,A,-,Y,NA,NA,15,NA,NA,NA,NA,NA,S,Y,4,0,5,2,A,-,07,21658,A,N,C,C,A,A,H,-,A,D,0,NA,NA,NA,NA,Y,NA,A,07,0,0,5,0,0,0,0,0,0,-,-,32.76325988769531,-117.10961151123048,SAN DIEGO,SAN DIEGO,-117.10955810546876,32.763267517089844
90932333,2019,2019-02-22,9645,2019-02-06,0840,016047,NA,3,1,7,3711,0,1,3,NA,2,006,SR-94 WESTBOUND,KELTON ROAD,5460,E,N,A,-,Y,NA,NA,94,NA,NA,NA,NA,NA,W,Y,4,0,1,1,A,-,08,22107,NA,N,E,I,A,A,H,-,A,D,0,NA,NA,NA,NA,Y,NA,A,07,0,0,1,0,0,0,0,0,0,-,-,32.731510162353516,-117.06169128417967,SAN DIEGO,SAN DIEGO,-117.0617446899414,32.73158645629883
90932498,2019,2019-02-25,9650,2019-02-23,1620,021200,NA,6,2,5,3712,0,1,3,NA,2,019,SR-78 E/B,TWIN OAKS VALLEY RD,1000,E,N,A,-,Y,NA,NA,78,NA,NA,NA,NA,NA,E,N,4,0,1,2,A,-,03,22350,NA,N,C,C,A,A,H,-,A,D,0,NA,NA,NA,NA,Y,NA,A,01,0,0,1,0,0,0,0,0,0,-,-,33.13850021362305,-117.15718841552734,SAN DIEGO,SAN MARCOS,-117.15709686279295,33.13815689086914
90933113,2019,2019-02-25,9645,2019-02-13,2120,021077,NA,3,2,7,3711,0,1,1,NA,2,009,I-805 SB TO SR-54 WB,I-805,1000,W,N,C,-,Y,NA,NA,NA,NA,NA,NA,NA,NA,NA,Y,4,0,1,1,A,-,08,22107,NA,N,E,I,A,B,H,-,C,D,0,NA,NA,NA,NA,Y,NA,A,07,0,0,1,0,0,0,0,0,0,-,-,32.65890884399414,-117.07839965820313,SAN DIEGO,SAN DIEGO,NA,NA
90934272,2019,2019-02-26,9645,2019-02-06,1450,020992,NA,3,2,5,3709,0,1,1,NA,2,021,SR-15 NORTHBOUND,MARKET STREET,150,N,N,A,-,Y,NA,NA,NA,NA,NA,NA,NA,NA,NA,Y,3,0,1,2,A,-,07,21658,A,F,B,C,A,A,H,-,A,D,0,NA,NA,Y,NA,Y,NA,A,07,0,1,0,0,0,0,0,0,1,-,-,32.78657913208008,-117.78325653076172,SAN DIEGO,NATIONAL CITY,-117.11879730224608,32.7116813659668
90934591,2019,2019-02-26,9645,2019-02-06,1415,020844,NA,3,2,7,3711,0,1,3,NA,2,006,SR-94 E/B,KELTON RD,800,W,N,A,-,Y,NA,NA,94,NA,NA,NA,NA,NA,E,Y,4,0,1,1,C,-,18,NA,NA,N,E,J,A,A,H,-,A,D,0,NA,NA,NA,NA,Y,NA,-,-,0,0,1,0,0,0,0,0,0,-,-,32.72145080566406,-117.07906341552734,SAN DIEGO,SAN DIEGO,-117.07902526855467,32.72140884399414
90934607,2019,2019-02-26,9645,2019-02-06,0810,016156,NA,3,1,7,3711,0,1,1,NA,2,010,I-8 W/B,PRESIDIO PARK,500,W,N,A,-,Y,NA,NA,8,NA,NA,NA,NA,NA,W,Y,4,0,1,3,A,-,03,22350,NA,N,C,C,A,A,H,-,A,D,0,NA,NA,NA,NA,Y,NA,A,01,0,0,1,0,0,0,0,0,0,-,-,32.76020812988281,-117.19003295898438,SAN DIEGO,SAN DIEGO,-117.19004821777344,32.76011276245117
90935706,2019,2019-02-28,9680,2019-02-15,0920,018356,NA,5,1,9,3700,0,3,5,NA,2,002,HELIX ST,JAMACHA RD,195,N,N,A,-,N,NA,NA,NA,NA,NA,NA,NA,NA,NA,Y,3,0,2,3,A,-,09,21801,A,N,D,C,A,B,H,-,A,D,0,NA,NA,NA,NA,Y,NA,A,01,0,1,1,0,0,0,0,0,0,-,-,32.71540832519531,-117.00961303710938,SAN DIEGO,UNINCORPORATED,-117.0094985961914,32.715335845947266
90936361,2019,2019-02-28,9680,2019-02-15,1538,022183,NA,5,2,9,3700,0,2,4,NA,1,018,LOS COCHES RD,WELLINGTON HILL DR,98,S,N,B,-,N,NA,NA,NA,NA,NA,NA,NA,NA,NA,Y,4,0,1,1,A,-,08,22107,NA,N,E,I,A,A,H,-,A,D,0,NA,NA,NA,NA,Y,NA,A,01,0,0,1,0,0,0,0,0,0,-,-,32.83789825439453,-116.90992736816406,SAN DIEGO,UNINCORPORATED,-116.90990447998048,32.838008880615234
90939824,2019,2019-03-05,9645,2019-02-23,2245,019712,NA,6,3,7,3711,0,1,3,NA,2,025,SR-163 SB,I-805 N/B,918,N,N,A,-,Y,NA,NA,163,NA,NA,NA,NA,NA,S,Y,4,0,1,1,A,-,08,22107,NA,M,E,I,A,A,H,-,C,D,0,NA,NA,NA,NA,Y,NA,A,07,0,0,1,0,0,0,0,0,0,-,-,32.813270568847656,-117.15149688720705,SAN DIEGO,SAN DIEGO,-117.15138244628906,32.8132209777832
90942632,2019,2019-03-08,9680,2019-02-27,1035,013686,NA,3,1,5,3781,0,1,3,NA,2,016,SR-67 N/B,NORTHCOTE RD.,1056,S,N,A,-,Y,NA,NA,67,NA,NA,NA,NA,NA,N,Y,3,0,2,2,A,-,08,22107,NA,N,C,C,A,A,H,-,A,D,0,NA,NA,NA,Y,Y,NA,A,07,0,1,1,0,0,0,0,0,0,-,-,32.844539642333984,-116.95818328857422,SAN DIEGO,SANTEE,-116.95859527587892,32.844993591308594
90942745,2019,2019-03-08,9680,2019-02-26,2101,021756,NA,2,2,9,3700,0,2,4,NA,1,029,CALLE MARINERO,SWEETWATER SPRINGS BLVD,0,NA,Y,A,-,N,NA,NA,NA,NA,NA,NA,NA,NA,NA,Y,3,0,4,2,A,-,09,21802,A,N,D,C,A,A,H,-,C,A,0,NA,NA,NA,NA,Y,NA,A,07,0,2,2,0,0,0,0,0,0,-,-,32.728111267089844,-116.970947265625,SAN DIEGO,UNINCORPORATED,-116.97087860107422,32.728111267089844
90943203,2019,2019-03-11,9680,2019-02-28,1722,021476,NA,4,2,9,3700,0,3,5,NA,2,001,WEST BRADLEY AVENUE,MAGNOLIA AVE,140,E,N,A,-,N,NA,NA,NA,NA,NA,NA,NA,NA,NA,Y,3,0,1,2,A,-,09,21801,A,N,D,C,A,A,H,-,A,D,0,NA,NA,NA,NA,Y,NA,A,01,0,1,0,0,0,0,0,0,0,-,-,32.819061279296875,-116.96173858642578,SAN DIEGO,UNINCORPORATED,-116.96185302734376,32.81910705566406
90943459,2019,2019-03-11,9645,2019-03-01,1255,016138,NA,5,1,7,3711,0,1,3,NA,2,023,SR-163 SOUTHBOUND,FRIARS RD. O/C,900,N,N,A,-,Y,NA,NA,163,NA,NA,NA,NA,NA,S,Y,3,0,4,3,A,-,03,22350,NA,N,C,C,A,A,D,-,A,D,0,NA,NA,NA,NA,Y,NA,A,01,0,2,2,0,0,0,0,0,0,-,-,32.77457046508789,-117.1614227294922,SAN DIEGO,SAN DIEGO,-117.1614227294922,32.77457046508789
90945616,2019,2019-03-13,9680,2019-03-01,2500,017460,NA,5,4,9,3700,0,1,1,NA,2,086,INTERSTATE 8 (W/B),CARRIZO GORGE (U/C),3696,W,N,A,-,Y,NA,NA,8,NA,NA,NA,NA,NA,NA,Y,3,0,1,1,A,-,08,22107,NA,N,F,A,A,A,H,-,D,D,0,NA,NA,NA,NA,Y,NA,A,01,0,1,0,0,0,0,0,0,0,-,-,32.643070220947266,-116.17694854736328,SAN DIEGO,UNINCORPORATED,-116.17693328857422,32.64311218261719
9094679,2020,2020-08-24,3711,2020-05-02,1045,SD7828,NA,6,5,7,3711,0,0,0,NA,0,113,GARNET,RT 5,0,NA,Y,A,-,N,NA,NA,NA,NA,NA,NA,NA,NA,NA,Y,4,0,1,3,A,-,12,21453,A,N,D,C,A,A,H,-,A,A,0,NA,NA,NA,NA,Y,NA,A,01,0,0,1,0,0,0,0,0,0,-,NF,NA,NA,SAN DIEGO,SAN DIEGO,-117.21601104736328,32.80678939819336
90947255,2019,2019-03-15,9645,2019-03-05,1750,016864,NA,2,2,7,3711,0,1,1,NA,2,015,I-805 S/B,NOBEL DRIVE O/C,50,N,N,C,-,Y,NA,NA,805,NA,NA,NA,NA,NA,S,Y,3,0,1,2,A,-,07,21658,A,N,C,C,A,B,H,-,B,D,0,NA,NA,Y,NA,Y,NA,A,08,0,1,0,0,0,0,0,0,1,-,-,32.87002944946289,-117.19523620605467,SAN DIEGO,SAN DIEGO,-117.1953125,32.86996078491211
90947380,2019,2019-03-18,9650,2019-03-10,1940,021698,NA,7,2,9,3700,0,3,5,NA,1,212,CIRCLE R. DR.,CIRCLE R WAY,0,NA,Y,B,-,N,NA,NA,NA,NA,NA,NA,NA,NA,NA,Y,4,0,3,2,A,-,09,21802,A,N,A,C,A,A,H,-,D,A,0,NA,NA,NA,NA,Y,NA,A,01,0,0,3,0,0,0,0,0,0,-,-,33.25587844848633,-117.14566802978516,SAN DIEGO,UNINCORPORATED,-117.14569091796876,33.25593185424805
90947441,2019,2019-03-18,9650,2019-03-14,0837,017328,NA,4,1,5,3701,0,1,1,NA,2,005,I-5 S/B,CHINQUAPIN AVE. OVER CROSSING (O/C),2200,S,N,A,-,Y,NA,NA,5,NA,NA,NA,NA,NA,S,Y,3,0,3,3,A,-,03,22350,NA,N,C,C,A,A,H,-,A,D,0,NA,NA,NA,NA,Y,NA,A,01,0,1,2,0,0,0,0,0,0,-,-,33.14421081542969,-117.33373260498048,SAN DIEGO,CARLSBAD,-117.33370971679688,33.14421081542969
90948475,2019,2019-03-18,9680,2019-03-07,0745,015410,NA,4,1,9,3700,0,2,4,NA,1,018,LOS COCHES RD,CASTLE COURT DR,25,N,N,B,-,N,NA,NA,NA,NA,NA,NA,NA,NA,NA,N,4,0,1,2,A,-,03,22350,NA,N,C,C,A,B,H,-,A,A,0,NA,NA,NA,NA,Y,NA,A,07,0,0,1,0,0,0,0,0,0,-,-,32.85451126098633,-116.91911315917967,SAN DIEGO,UNINCORPORATED,-116.91910552978516,32.85441589355469
90949531,2019,2019-03-20,9680,2019-01-13,1823,016173,NA,7,2,9,3700,0,3,5,NA,2,003,TAVERN ROAD,VICTORIA PARK TERRACE,2,W,N,A,-,N,NA,NA,NA,NA,NA,NA,NA,NA,NA,Y,1,1,0,1,A,-,01,23152,A,N,E,I,A,A,H,-,C,D,0,NA,NA,Y,NA,Y,Y,C,02,0,0,0,0,0,0,0,1,0,-,-,32.841949462890625,-116.78089904785156,SAN DIEGO,UNINCORPORATED,-116.78079223632813,32.84159469604492
90952446,2019,2019-03-25,9650,2019-03-16,1905,021698,NA,6,2,9,3700,0,3,5,NA,1,212,OLD CASTLE RD,PAMOOSA LN,2112,E,N,A,-,N,NA,NA,NA,NA,NA,NA,NA,NA,NA,Y,4,0,1,1,A,-,08,22107,NA,N,E,I,A,A,H,-,B,D,0,NA,NA,NA,NA,Y,NA,A,08,0,0,1,0,0,0,0,0,0,-,-,33.25571060180664,-117.11038970947266,SAN DIEGO,UNINCORPORATED,-117.11126708984376,33.2562370300293