CASE_ID,ACCIDENT_YEAR,PROC_DATE,JURIS,COLLISION_DATE,COLLISION_TIME,OFFICER_ID,REPORTING_DISTRICT,DAY_OF_WEEK,CHP_SHIFT,POPULATION,CNTY_CITY_LOC,SPECIAL_COND,BEAT_TYPE,CHP_BEAT_TYPE,CITY_DIVISION_LAPD,CHP_BEAT_CLASS,BEAT_NUMBER,PRIMARY_RD,SECONDARY_RD,DISTANCE,DIRECTION,INTERSECTION,WEATHER_1,WEATHER_2,STATE_HWY_IND,CALTRANS_COUNTY,CALTRANS_DISTRICT,STATE_ROUTE,ROUTE_SUFFIX,POSTMILE_PREFIX,POSTMILE,LOCATION_TYPE,RAMP_INTERSECTION,SIDE_OF_HWY,TOW_AWAY,COLLISION_SEVERITY,NUMBER_KILLED,NUMBER_INJURED,PARTY_COUNT,PRIMARY_COLL_FACTOR,PCF_CODE_OF_VIOL,PCF_VIOL_CATEGORY,PCF_VIOLATION,PCF_VIOL_SUBSECTION,HIT_AND_RUN,TYPE_OF_COLLISION,MVIW,PED_ACTION,ROAD_SURFACE,ROAD_COND_1,ROAD_COND_2,LIGHTING,CONTROL_DEVICE,CHP_ROAD_TYPE,PEDESTRIAN_ACCIDENT,BICYCLE_ACCIDENT,MOTORCYCLE_ACCIDENT,TRUCK_ACCIDENT,NOT_PRIVATE_PROPERTY,ALCOHOL_INVOLVED,STWD_VEHTYPE_AT_FAULT,CHP_VEHTYPE_AT_FAULT,COUNT_SEVERE_INJ,COUNT_VISIBLE_INJ,COUNT_COMPLAINT_PAIN,COUNT_PED_KILLED,COUNT_PED_INJURED,COUNT_BICYCLIST_KILLED,COUNT_BICYCLIST_INJURED,COUNT_MC_KILLED,COUNT_MC_INJURED,PRIMARY_RAMP,SECONDARY_RAMP,LATITUDE,LONGITUDE,COUNTY,CITY,POINT_X,POINT_Y
91051019,2019,2019-08-13,9680,2019-08-02,2125,021945,NA,5,2,9,3700,0,1,3,NA,1,040,SR-94,LUCKY SIX TRUCK TRAIL,317,E,N,A,-,Y,NA,NA,94,NA,NA,NA,NA,NA,NA,Y,2,0,1,2,A,-,01,23152,A,N,A,C,A,A,H,-,D,A,0,NA,NA,NA,Y,Y,Y,A,01,1,0,0,0,0,0,0,0,0,-,-,32.62432098388672,-116.75324249267578,SAN DIEGO,UNINCORPORATED,-116.75324249267578,32.62433624267578
91051079,2019,2019-10-02,9650,2019-08-11,0235,021404,NA,7,3,9,3700,0,1,1,NA,2,001,I-5 S/B,LAS PULGAS RD,11616,N,N,A,-,Y,NA,NA,5,NA,NA,NA,NA,NA,S,Y,4,0,3,3,A,-,03,22350,NA,N,C,C,A,A,H,-,D,D,0,NA,NA,NA,Y,Y,NA,A,07,0,0,3,0,0,0,0,0,0,-,-,33.32435989379883,-117.48618316650392,SAN DIEGO,UNINCORPORATED,-117.48629760742188,33.32419967651367
91051842,2019,2019-08-14,9680,2019-08-02,1753,020951,NA,5,2,5,3781,0,1,3,NA,2,015,SR-52 W/B,FANITA DR,350,E,N,A,-,Y,NA,NA,52,NA,NA,NA,NA,NA,W,Y,4,0,1,1,A,-,08,22107,NA,N,E,I,A,A,H,-,A,D,0,NA,NA,NA,NA,Y,NA,A,07,0,0,1,0,0,0,0,0,0,-,-,32.836910247802734,-116.99941253662108,SAN DIEGO,SANTEE,-116.99941253662108,32.83681869506836
91053092,2019,2019-08-15,9650,2019-08-11,1645,021805,NA,7,2,5,3782,0,1,1,NA,2,007,I-5 S/B,MANCHESTER AVE,2112,N,N,B,-,Y,NA,NA,5,NA,NA,NA,NA,NA,S,N,4,0,1,3,A,-,03,22350,NA,F,C,C,A,A,H,-,A,D,0,NA,NA,NA,NA,Y,NA,A,01,0,0,1,0,0,0,0,0,0,-,-,33.01456069946289,-117.26956939697266,SAN DIEGO,ENCINITAS,-117.26959991455078,33.014530181884766
91053462,2019,2019-08-16,9680,2019-08-06,1330,016535,NA,2,1,9,3700,0,3,5,NA,2,003,RIVERSIDE DR,OLDE HIGHWAY 80,3168,N,N,A,-,N,NA,NA,NA,NA,NA,NA,NA,NA,NA,Y,2,0,1,1,A,-,08,22107,NA,N,E,I,A,A,H,-,A,D,0,NA,NA,NA,NA,Y,NA,A,07,1,0,0,0,0,0,0,0,0,-,-,32.85026931762695,-116.61398315429688,SAN DIEGO,UNINCORPORATED,-116.61398315429688,32.85026931762695
91053924,2019,2019-08-19,9650,2019-08-12,0834,018840,NA,1,1,6,3706,0,1,1,NA,2,023,I-15 S/B,CITRACADO PKY,2000,S,N,A,-,Y,NA,NA,15,NA,NA,NA,NA,NA,S,Y,3,0,4,4,A,-,03,22350,NA,N,C,C,A,A,H,-,A,D,0,NA,NA,NA,NA,Y,NA,A,01,0,1,3,0,0,0,0,0,0,-,-,33.08805847167969,-117.07808685302734,SAN DIEGO,ESCONDIDO,-117.07815551757813,33.087989807128906
91053928,2019,2019-08-19,9650,2019-08-15,1645,021406,NA,4,2,5,3712,0,1,3,NA,2,019,SR-78 E/B,NORDAHL RD,1000,W,N,A,-,Y,NA,NA,78,NA,NA,NA,NA,NA,E,Y,4,0,1,2,A,-,07,21658,A,N,B,C,A,A,H,-,A,D,0,NA,NA,Y,NA,Y,NA,A,07,0,0,1,0,0,0,0,0,1,-,-,33.13294982910156,-117.12368011474608,SAN DIEGO,SAN MARCOS,-117.1236572265625,33.132999420166016
91054521,2019,2019-08-19,9650,2019-08-17,1050,018840,NA,6,1,6,3710,0,1,1,NA,2,005,I-5 S/B,BUSH ST,130,S,N,A,-,Y,NA,NA,5,NA,NA,NA,NA,NA,S,Y,3,0,3,3,A,-,03,22350,NA,N,C,C,A,A,H,-,A,D,0,NA,NA,NA,NA,Y,NA,A,01,0,1,2,0,0,0,0,0,0,-,-,33.200931549072266,-117.37445831298828,SAN DIEGO,OCEANSIDE,-117.37443542480467,33.200992584228516
91054917,2019,2019-08-19,9645,2019-07-28,1930,021263,NA,7,2,7,3711,0,1,1,NA,2,010,INTERSTATE 8 WESTBOUND,FAIRMOUNT AVE,300,W,N,A,-,Y,NA,NA,8,NA,NA,NA,NA,NA,W,Y,4,0,1,2,A,-,17,23114,A,N,E,J,A,A,H,-,D,D,0,NA,NA,NA,Y,Y,NA,F,55,0,0,1,0,0,0,0,0,0,-,-,32.7790412902832,-117.10243225097656,SAN DIEGO,SAN DIEGO,-117.10243225097656,32.779090881347656
91055396,2019,2019-08-20,9645,2019-08-08,1548,018428,NA,4,2,7,3711,0,1,1,NA,2,019,I-15 N/B,BERNARDO CENTER DR. U/C,1000,S,N,A,-,Y,NA,NA,15,NA,NA,NA,NA,NA,N,N,4,0,1,2,A,-,07,21658,A,N,C,C,A,A,H,-,A,D,0,NA,NA,NA,NA,Y,NA,A,01,0,0,1,0,0,0,0,0,0,-,-,33.00809097290039,-117.08040618896484,SAN DIEGO,SAN DIEGO,-117.0802001953125,33.0080680847168
91056630,2019,2019-08-21,9650,2019-08-19,0518,020343,NA,1,3,6,3706,0,1,1,NA,2,023,I-15 N/B,COUNTRY CLUB LN,40,N,N,A,-,Y,NA,NA,15,NA,NA,NA,NA,NA,N,Y,3,0,1,2,A,-,07,21658,A,N,C,C,A,A,H,-,C,D,0,NA,NA,NA,NA,Y,NA,A,01,0,1,0,0,0,0,0,0,0,-,-,33.15742111206055,-117.10411834716795,SAN DIEGO,ESCONDIDO,-117.10408782958984,33.15742492675781
91059541,2019,2019-08-26,9645,2019-07-13,1530,021263,NA,6,2,7,3711,0,1,1,NA,2,010,INTERSTATE 8 WESTBOUND,MISSION BAY DRIVE,2000,E,N,A,-,Y,NA,NA,8,NA,NA,NA,NA,NA,W,Y,3,0,1,3,A,-,03,22350,NA,N,B,C,A,A,H,-,A,D,0,NA,NA,NA,NA,Y,NA,A,01,0,1,0,0,0,0,0,0,0,-,-,32.75883865356445,-117.2126007080078,SAN DIEGO,SAN DIEGO,-117.2126007080078,32.758827209472656
91060186,2019,2019-08-27,9645,2019-08-15,0855,015494,NA,4,1,7,3711,0,1,1,NA,2,011,I-805 N/B,UNIVERSITY AVE,2000,S,N,A,-,Y,NA,NA,805,NA,NA,NA,NA,NA,N,Y,3,0,1,3,A,-,03,22350,NA,N,B,C,A,A,H,-,A,D,0,NA,NA,Y,NA,Y,NA,C,02,0,1,0,0,0,0,0,0,1,-,-,32.74338912963867,-117.11805725097656,SAN DIEGO,SAN DIEGO,-117.11802673339844,32.7434196472168
91061369,2019,2019-08-28,9645,2019-08-17,1000,021873,NA,6,1,7,3711,0,1,1,NA,2,003,I-5 N/B,6TH AVE.,1056,S,N,A,-,Y,NA,NA,5,NA,NA,NA,NA,NA,N,Y,3,0,1,3,A,-,03,22350,NA,N,C,C,A,A,H,-,A,D,0,NA,NA,NA,NA,Y,NA,A,01,0,1,0,0,0,0,0,0,0,-,-,32.72425842285156,-117.15557861328124,SAN DIEGO,SAN DIEGO,-117.15557098388672,32.72418212890625
9106233,2020,2020-10-27,3711,2020-05-28,1200,SD7976,NA,4,5,7,3711,0,0,0,NA,0,621,COMSTOCK ST,GIFFORD WY,0,NA,Y,-,-,N,NA,NA,NA,NA,NA,NA,NA,NA,NA,N,2,0,1,1,D,-,00,NA,NA,N,-,-,A,-,-,-,-,-,0,NA,Y,NA,NA,Y,Y,-,-,1,0,0,0,0,0,1,0,0,-,-,NA,NA,SAN DIEGO,SAN DIEGO,-117.17337036132813,32.78413009643555
91062446,2019,2019-08-29,9650,2019-08-28,1510,017780,NA,3,2,5,3713,0,1,3,NA,2,017,SR-78 W/B,EMERALD AVE,1584,E,N,A,-,Y,NA,NA,78,NA,NA,NA,NA,NA,W,Y,2,0,1,1,A,-,03,22350,NA,N,F,A,A,A,H,-,A,D,0,NA,NA,Y,NA,Y,NA,C,02,1,0,0,0,0,0,0,0,1,-,-,33.19028091430664,-117.27497863769533,SAN DIEGO,VISTA,-117.27498626708984,33.1902961730957
91062659,2019,2019-08-29,9645,2019-08-20,1640,017499,NA,2,2,6,3702,0,1,1,NA,2,009,I-805 NORTHBOUND,ORANGE AVE. O/C,1200,S,N,A,-,Y,NA,NA,805,NA,NA,NA,NA,NA,N,Y,4,0,1,2,A,-,03,22350,NA,N,C,C,A,A,H,-,A,D,0,NA,NA,NA,NA,Y,NA,A,01,0,0,1,0,0,0,0,0,0,-,-,32.600830078125,-117.0360870361328,SAN DIEGO,CHULA VISTA,-117.0361557006836,32.600830078125
91064255,2019,2019-08-30,9645,2019-07-21,0625,021873,NA,7,1,7,3711,0,1,1,NA,2,001,I-5 S/B,CAMINO DE LA PLAZA,528,S,N,A,-,Y,NA,NA,5,NA,NA,NA,NA,NA,S,Y,2,0,1,1,A,-,01,23152,A,N,E,I,A,A,H,-,B,D,0,NA,NA,Y,NA,Y,Y,C,02,1,0,0,0,0,0,0,0,1,-,-,32.5442008972168,-117.03260803222656,SAN DIEGO,SAN DIEGO,-117.0326919555664,32.544307708740234
91064724,2019,2019-08-30,9680,2019-08-20,1453,019496,NA,2,2,5,3708,0,1,3,NA,2,028,SR-125 S/B,MERRITT BLVD,300,S,N,A,-,Y,NA,NA,125,NA,NA,NA,NA,NA,S,Y,4,0,1,4,A,-,03,22350,NA,N,C,C,A,A,H,-,A,D,0,NA,NA,NA,NA,Y,NA,A,01,0,0,1,0,0,0,0,0,0,-,-,32.7587890625,-117.00552368164063,SAN DIEGO,LA MESA,-117.00547790527344,32.75873565673828
91064857,2019,2019-09-02,9650,2019-08-28,1645,019490,NA,3,2,5,3712,0,1,3,NA,2,019,SR-78 W/B,TWIN OAKS VALLEY RD,50,E,N,A,-,Y,NA,NA,78,NA,NA,NA,NA,NA,W,Y,4,0,1,3,A,-,03,22350,NA,N,C,C,A,A,H,-,A,D,0,NA,NA,NA,NA,Y,NA,A,01,0,0,1,0,0,0,0,0,0,-,-,33.1372184753418,-117.16361236572266,SAN DIEGO,SAN MARCOS,-117.16361236572266,33.137245178222656
9106509,2020,2020-06-17,3710,2020-02-14,1812,OC0873,NA,5,5,6,3710,0,0,0,NA,0,008,OCEANSIDE BL,VINE ST,550,W,N,A,-,N,NA,NA,NA,NA,NA,NA,NA,NA,NA,Y,2,0,2,4,A,-,05,21460,A,F,C,C,A,A,H,-,C,D,0,NA,NA,Y,NA,Y,NA,-,99,2,0,0,0,0,0,0,0,2,-,-,NA,NA,SAN DIEGO,OCEANSIDE,-117.36500549316406,33.18746566772461
91065899,2019,2019-09-03,9645,2019-07-25,1258,016474,NA,4,1,7,3711,0,1,1,NA,2,007,I-5 NORTHBOUND,VIA DE LA VALLE,2640,S,N,A,-,Y,NA,NA,5,NA,NA,NA,NA,NA,N,Y,2,0,3,6,A,-,08,22107,NA,N,B,C,A,A,H,-,A,D,0,NA,NA,NA,NA,Y,NA,E,22,1,1,1,0,0,0,0,0,0,-,-,32.96836853027344,-117.24861907958984,SAN DIEGO,SAN DIEGO,-117.24860382080078,32.96837615966797
91067239,2019,2019-09-04,9680,2019-08-14,1710,021441,NA,3,2,5,3708,0,1,1,NA,2,081,I-8 E/B FROM SPRING ST.,SPRING ST,745,E,N,A,-,Y,NA,NA,8,NA,NA,NA,R,NA,E,N,4,0,1,2,A,-,21,22106,NA,N,C,C,A,A,H,-,A,A,0,NA,NA,NA,NA,Y,NA,A,01,0,0,1,0,0,0,0,0,0,-,-,32.77080154418945,-117.02040100097656,SAN DIEGO,LA MESA,-117.02040100097656,32.77080154418945
91067992,2019,2019-09-05,9645,2019-07-28,0250,021768,NA,7,3,7,3711,0,1,1,NA,2,015,I-805 N/B,CLAIREMONT MESA BLVD.,2000,S,N,A,-,Y,NA,NA,805,NA,NA,NA,NA,NA,N,Y,3,0,1,2,A,-,03,22350,NA,N,C,C,A,A,H,-,C,D,0,NA,NA,NA,NA,Y,Y,A,01,0,1,0,0,0,0,0,0,0,-,-,32.82944107055664,-117.16690063476563,SAN DIEGO,SAN DIEGO,-117.16692352294922,32.82942581176758
91068191,2019,2019-09-05,9680,2019-08-23,1655,018427,NA,5,2,5,3705,0,1,1,NA,2,081,I-8 E/B TO CHASE AVE,CHASE AVE,1060,W,N,A,-,Y,NA,NA,8,NA,NA,NA,R,NA,E,Y,4,0,1,1,A,-,08,22107,NA,N,E,I,A,A,H,-,A,D,0,NA,NA,NA,NA,Y,NA,A,01,0,0,1,0,0,0,0,0,0,-,-,32.78104019165039,-116.98162078857422,SAN DIEGO,EL CAJON,-116.98162078857422,32.78104019165039
91068409,2019,2019-09-05,9680,2019-08-25,1807,021501,NA,7,2,9,3700,0,3,5,NA,2,007,GREAT SOUTHERN OVERLAND STAGE RTE,GREAT SANDY TRL,3168,S,N,A,-,N,NA,NA,NA,NA,NA,NA,NA,NA,NA,Y,2,0,1,1,A,-,08,22107,NA,N,E,I,A,A,H,-,A,D,0,NA,NA,NA,NA,Y,NA,D,22,1,0,0,0,0,0,0,0,0,-,-,33.06098175048828,-116.4250030517578,SAN DIEGO,UNINCORPORATED,-116.4250030517578,33.06098175048828
91068639,2019,2019-09-05,9650,2019-08-27,1040,013388,NA,2,1,9,3700,0,1,1,NA,2,003,I-5 S/B,WIRE MOUNTAIN ROAD,2,S,N,A,-,Y,NA,NA,5,NA,NA,NA,NA,NA,S,Y,3,0,2,2,A,-,08,22107,NA,N,B,E,A,A,H,-,A,D,0,NA,NA,NA,Y,Y,NA,G,25,0,2,0,0,0,0,0,0,0,-,-,33.214599609375,-117.39008331298828,SAN DIEGO,UNINCORPORATED,-117.38996124267578,33.21464538574219
91069163,2019,2019-09-06,9645,2019-08-12,1610,014692,NA,1,2,7,3711,0,1,1,NA,2,019,INTERSTATE 15 N/B,RANCHO BERNARDO ROAD,1584,S,N,A,-,Y,NA,NA,15,NA,NA,NA,NA,NA,N,N,4,0,1,2,A,-,03,22350,NA,N,C,C,A,A,H,-,A,D,0,NA,NA,NA,NA,Y,NA,D,22,0,0,1,0,0,0,0,0,0,-,-,33.01752853393555,-117.07869720458984,SAN DIEGO,SAN DIEGO,-117.07920074462892,33.01759719848633
91070198,2019,2019-09-09,9680,2019-08-27,1248,015578,NA,2,1,5,3708,0,1,3,NA,2,028,SR-125 SOUTHBOUND,MARIPOSA ST.,110,S,N,A,-,Y,NA,NA,125,NA,NA,NA,NA,NA,S,Y,4,0,1,2,A,-,03,22350,NA,N,C,C,A,A,H,-,A,D,0,NA,NA,NA,NA,Y,NA,A,07,0,0,1,0,0,0,0,0,0,-,-,32.75947952270508,-117.00453186035156,SAN DIEGO,LA MESA,-117.0045166015625,32.759456634521484
91070731,2019,2019-09-09,9680,2019-08-27,1455,021353,NA,2,2,9,3700,0,3,5,NA,2,002,JAMACHA RD,OSAGE DR,270,E,N,A,-,N,NA,NA,NA,NA,NA,NA,NA,NA,NA,Y,3,0,1,1,A,-,08,22107,NA,N,E,I,A,A,H,-,A,A,0,NA,NA,Y,NA,Y,NA,C,02,0,1,0,0,0,0,0,0,1,-,-,32.71847152709961,-117.02208709716795,SAN DIEGO,UNINCORPORATED,-117.02212524414063,32.71839141845703
91075355,2019,2019-09-16,9680,2019-09-05,0705,015410,NA,4,1,9,3700,0,1,3,NA,1,017,SR-67 N/B,LAKESIDE AVE,1056,S,N,A,-,Y,NA,NA,67,NA,NA,NA,NA,NA,N,N,4,0,1,2,A,-,03,22350,NA,N,C,C,A,A,H,-,A,D,0,NA,NA,NA,NA,Y,NA,A,07,0,0,1,0,0,0,0,0,0,-,-,32.86935043334961,-116.92317962646484,SAN DIEGO,UNINCORPORATED,-116.92315673828124,32.869354248046875
91075375,2019,2019-09-16,9645,2019-08-20,1750,015790,NA,2,2,7,3711,0,1,1,NA,2,007,I-5 (SB),MISSION BAY (O/C),1000,N,N,B,-,Y,NA,NA,NA,NA,NA,NA,NA,NA,NA,Y,3,0,1,2,A,-,07,21658,A,N,B,C,A,A,H,-,A,D,0,NA,NA,Y,NA,Y,NA,A,01,0,1,0,0,0,0,0,0,1,-,-,33.02186965942383,-117.274169921875,SAN DIEGO,SAN DIEGO,-117.37509155273438,33.201210021972656
9107565,2020,2020-11-02,3711,2020-05-31,1640,SD5531,NA,7,5,7,3711,0,0,0,NA,0,124,LA JOLLA BL,COAST BL,110,E,N,A,-,N,NA,NA,NA,NA,NA,NA,NA,NA,NA,N,3,0,1,1,A,-,03,22350,NA,N,H,J,A,A,H,-,A,A,0,NA,NA,Y,NA,Y,NA,C,03,0,1,0,0,0,0,0,0,1,-,-,NA,NA,SAN DIEGO,SAN DIEGO,-117.2802276611328,32.84197998046875
91077117,2019,2019-09-18,9680,2019-09-06,2245,020720,NA,5,3,5,3708,0,1,1,NA,2,081,I-8 E/B,LA MESA BLVD,357,W,N,A,-,Y,NA,NA,8,NA,NA,NA,NA,NA,E,Y,3,0,1,2,A,-,03,22350,NA,N,C,C,A,A,H,-,C,D,0,NA,NA,NA,NA,Y,NA,A,07,0,1,0,0,0,0,0,0,0,-,-,32.77671813964844,-117.00582122802734,SAN DIEGO,LA MESA,-117.00582122802734,32.77671813964844
91078752,2019,2019-09-19,9650,2019-09-14,1520,021933,NA,6,2,9,3700,0,1,3,NA,1,028,SR-76,HAROLDS RD,447,E,N,A,-,Y,NA,NA,76,NA,NA,NA,NA,NA,NA,Y,2,0,2,2,A,-,08,22107,NA,N,A,C,A,A,H,-,A,D,0,NA,NA,Y,NA,Y,Y,C,02,1,1,0,0,0,0,0,0,1,-,-,33.297271728515625,-116.90769958496094,SAN DIEGO,UNINCORPORATED,-116.9076919555664,33.29727554321289
91079207,2019,2019-09-20,9680,2019-09-10,1120,017996,NA,2,1,9,3700,0,3,5,NA,2,002,WORTHINGTON STREET,PARADISE VALLEY ROAD,0,NA,Y,A,-,N,NA,NA,NA,NA,NA,NA,NA,NA,NA,Y,3,0,1,1,A,-,08,22107,NA,N,F,A,A,A,H,-,A,A,0,NA,NA,Y,NA,Y,NA,C,02,0,1,0,0,0,0,0,0,1,-,-,32.69729995727539,-117.0186004638672,SAN DIEGO,UNINCORPORATED,-117.01850128173828,32.69731903076172
91081336,2019,2019-09-24,9680,2019-09-12,1610,021322,NA,4,2,9,3700,0,2,4,NA,1,025,SWEETWATER RD,ORVILLE ST,400,S,N,A,-,N,NA,NA,NA,NA,NA,NA,NA,NA,NA,N,3,0,2,2,A,-,09,21804,A,N,D,C,A,A,H,-,A,D,0,NA,NA,NA,NA,Y,NA,A,01,0,1,1,0,0,0,0,0,0,-,-,32.70769119262695,-117.01110076904295,SAN DIEGO,UNINCORPORATED,-117.0112075805664,32.707881927490234
91081368,2019,2019-09-24,9680,2019-09-12,1725,021322,NA,4,2,9,3700,0,1,3,NA,1,024,SR-94 (CAMPO ROAD),SR-94,1056,W,N,A,-,N,NA,NA,94,NA,NA,NA,NA,NA,NA,N,4,0,1,3,A,-,03,22350,NA,N,C,C,A,A,H,-,A,D,0,NA,NA,NA,NA,Y,NA,A,01,0,0,1,0,0,0,0,0,0,-,-,32.739280700683594,-116.94745635986328,SAN DIEGO,UNINCORPORATED,-116.94745635986328,32.73927307128906
91081534,2019,2019-09-24,9645,2019-09-23,1405,016061,NA,1,2,7,3711,0,1,1,NA,2,015,I-805 S/B,SORRENTO VALLEY RD.,528,N,N,A,-,Y,NA,NA,805,NA,NA,NA,NA,NA,S,N,4,0,1,2,A,-,03,22350,NA,N,C,C,A,A,H,-,A,D,0,NA,NA,NA,NA,Y,NA,A,01,0,0,1,0,0,0,0,0,0,-,-,32.89183044433594,-117.20883178710938,SAN DIEGO,SAN DIEGO,-117.20880889892578,32.891883850097656
9108183,2020,2020-08-28,3711,2020-06-09,1722,SD1074,NA,2,5,7,3711,0,0,0,NA,0,521,16TH ST,COMMERCIAL ST,20,N,N,A,-,N,NA,NA,NA,NA,NA,NA,NA,NA,NA,N,3,0,1,1,A,-,05,21650,1,N,H,A,A,A,H,-,A,D,0,NA,Y,NA,NA,Y,Y,L,04,0,1,0,0,0,0,1,0,0,-,-,NA,NA,SAN DIEGO,SAN DIEGO,-117.1494369506836,32.705284118652344
91082131,2019,2019-09-24,9680,2019-09-12,1405,021353,NA,4,2,9,3700,0,2,4,NA,1,025,SWEETWATER RD,JAMACHA RD,90,N,N,A,-,N,NA,NA,NA,NA,NA,NA,NA,NA,NA,Y,4,0,2,3,A,-,03,22350,NA,N,C,C,A,A,H,-,A,A,0,NA,NA,NA,NA,Y,NA,A,01,0,0,2,0,0,0,0,0,0,-,-,32.715171813964844,-117.01290893554688,SAN DIEGO,UNINCORPORATED,-117.01276397705078,32.715003967285156
91082834,2019,2019-09-25,9645,2019-07-28,0250,019678,NA,7,3,7,3711,0,1,3,NA,2,025,SR-163 N/B,CLAIREMONT MESA BLVD.,1300,S,N,A,-,Y,NA,NA,163,NA,NA,NA,NA,NA,N,Y,2,0,1,1,A,-,01,23152,A,N,E,I,A,A,H,-,C,D,0,NA,NA,NA,NA,Y,Y,A,01,1,0,0,0,0,0,0,0,0,-,-,32.82881164550781,-117.14251708984376,SAN DIEGO,SAN DIEGO,-117.14273071289063,32.828914642333984
91083024,2019,2019-09-25,9680,2019-09-14,2125,020884,NA,6,2,9,3700,0,3,5,NA,2,001,GREENFIELD DR,SECOND ST,398,W,N,A,-,N,NA,NA,NA,NA,NA,NA,NA,NA,NA,N,2,0,1,2,A,-,11,21954,A,F,G,B,E,A,H,-,C,D,0,Y,NA,NA,NA,Y,NA,N,60,1,0,0,0,1,0,0,0,0,-,-,32.81340026855469,-116.93718719482422,SAN DIEGO,UNINCORPORATED,-116.93710327148438,32.81333923339844
91083958,2019,2019-09-26,9680,2019-09-16,1625,021441,NA,1,2,5,3705,0,1,1,NA,2,081,I-8 W/B FROM JOHNSON AVE,JOHNSON AVE,102,W,N,A,-,Y,NA,NA,8,NA,NA,NA,R,NA,W,Y,3,0,1,1,A,-,08,22107,NA,N,E,I,A,A,H,-,A,D,0,NA,NA,NA,NA,Y,NA,A,01,0,1,0,0,0,0,0,0,0,-,-,32.80324935913086,-116.97132110595705,SAN DIEGO,EL CAJON,-116.97132110595705,32.80324935913086
91086987,2019,2019-09-30,9645,2019-09-12,1050,016474,NA,4,1,6,3702,0,1,1,NA,2,001,I-5 SOUTHBOUND,MAIN STREET,200,S,N,A,-,Y,NA,NA,5,NA,NA,NA,NA,NA,S,Y,4,0,2,2,A,-,08,22107,NA,N,B,C,A,A,H,-,A,D,0,NA,NA,NA,NA,Y,NA,D,22,0,0,2,0,0,0,0,0,0,-,-,32.59477996826172,-117.0888900756836,SAN DIEGO,CHULA VISTA,-117.08888244628906,32.59477996826172
91089108,2019,2019-10-02,9645,2019-01-12,0419,016976,NA,6,3,7,3711,0,1,3,NA,2,025,SR-163 S/B,I-805,2640,N,N,C,-,Y,NA,NA,163,NA,NA,NA,NA,NA,S,Y,3,0,1,1,A,-,03,22350,NA,N,E,I,A,B,H,-,D,D,0,NA,NA,NA,NA,Y,NA,A,01,0,1,0,0,0,0,0,0,0,-,-,32.81441116333008,-117.15097808837892,SAN DIEGO,SAN DIEGO,-117.15089416503906,32.814361572265625
91090040,2019,2019-10-03,9645,2019-09-25,1500,021651,NA,3,2,7,3711,0,1,3,NA,1,004,SR-75 N/B,I-5,2112,S,N,A,-,Y,NA,NA,75,NA,NA,NA,NA,NA,N,Y,4,0,1,3,A,-,03,22350,NA,N,C,C,A,A,H,-,A,D,0,NA,NA,NA,NA,Y,NA,D,22,0,0,1,0,0,0,0,0,0,-,-,32.696590423583984,-117.14659881591795,SAN DIEGO,SAN DIEGO,-117.14658355712892,32.69657516479492
9109177,2020,2020-08-26,3711,2020-06-13,0935,SD7763,NA,6,5,7,3711,0,0,0,NA,0,112,ARARAT DR,MOUNT BLACKBURN AV,0,NA,Y,A,-,N,NA,NA,NA,NA,NA,NA,NA,NA,NA,N,3,0,1,2,A,-,12,22450,A,N,D,G,A,A,H,-,A,A,0,NA,Y,NA,NA,Y,NA,L,04,0,1,0,0,0,0,1,0,0,-,-,NA,NA,SAN DIEGO,SAN DIEGO,-117.18711,32.81024
91092559,2019,2019-10-08,9680,2019-09-15,1455,022233,NA,7,2,9,3700,0,3,5,NA,2,001,PETITE LN,JULIAN AVE,0,NA,Y,A,-,N,NA,NA,NA,NA,NA,NA,NA,NA,NA,Y,4,0,1,2,A,-,01,23152,A,F,D,C,A,A,H,-,A,A,0,NA,NA,NA,NA,Y,Y,A,07,0,0,1,0,0,0,0,0,0,-,-,32.85633087158203,-116.91204833984376,SAN DIEGO,UNINCORPORATED,-116.91207122802734,32.856300354003906
91093721,2019,2019-10-09,9645,2019-09-29,1540,020479,NA,7,2,7,3711,0,1,1,NA,2,010,I-8 E/B,SPORTS ARENA BLVD,50,E,N,B,-,Y,NA,NA,8,NA,NA,NA,NA,NA,E,Y,3,0,1,1,A,-,08,22107,NA,N,E,I,A,A,H,-,A,D,0,NA,NA,NA,NA,Y,NA,A,01,0,1,0,0,0,0,0,0,0,-,-,32.75695037841797,-117.22242736816406,SAN DIEGO,SAN DIEGO,-117.22242736816406,32.75688552856445