CASE_ID,ACCIDENT_YEAR,PROC_DATE,JURIS,COLLISION_DATE,COLLISION_TIME,OFFICER_ID,REPORTING_DISTRICT,DAY_OF_WEEK,CHP_SHIFT,POPULATION,CNTY_CITY_LOC,SPECIAL_COND,BEAT_TYPE,CHP_BEAT_TYPE,CITY_DIVISION_LAPD,CHP_BEAT_CLASS,BEAT_NUMBER,PRIMARY_RD,SECONDARY_RD,DISTANCE,DIRECTION,INTERSECTION,WEATHER_1,WEATHER_2,STATE_HWY_IND,CALTRANS_COUNTY,CALTRANS_DISTRICT,STATE_ROUTE,ROUTE_SUFFIX,POSTMILE_PREFIX,POSTMILE,LOCATION_TYPE,RAMP_INTERSECTION,SIDE_OF_HWY,TOW_AWAY,COLLISION_SEVERITY,NUMBER_KILLED,NUMBER_INJURED,PARTY_COUNT,PRIMARY_COLL_FACTOR,PCF_CODE_OF_VIOL,PCF_VIOL_CATEGORY,PCF_VIOLATION,PCF_VIOL_SUBSECTION,HIT_AND_RUN,TYPE_OF_COLLISION,MVIW,PED_ACTION,ROAD_SURFACE,ROAD_COND_1,ROAD_COND_2,LIGHTING,CONTROL_DEVICE,CHP_ROAD_TYPE,PEDESTRIAN_ACCIDENT,BICYCLE_ACCIDENT,MOTORCYCLE_ACCIDENT,TRUCK_ACCIDENT,NOT_PRIVATE_PROPERTY,ALCOHOL_INVOLVED,STWD_VEHTYPE_AT_FAULT,CHP_VEHTYPE_AT_FAULT,COUNT_SEVERE_INJ,COUNT_VISIBLE_INJ,COUNT_COMPLAINT_PAIN,COUNT_PED_KILLED,COUNT_PED_INJURED,COUNT_BICYCLIST_KILLED,COUNT_BICYCLIST_INJURED,COUNT_MC_KILLED,COUNT_MC_INJURED,PRIMARY_RAMP,SECONDARY_RAMP,LATITUDE,LONGITUDE,COUNTY,CITY,POINT_X,POINT_Y
91377940,2020,2020-12-30,9650,2020-12-18,0720,019227,NA,5,1,9,3700,0,1,1,NA,2,021,I-15 S/B,W. COUNTRY CLUB LN.,1584,N,N,A,-,Y,NA,NA,15,NA,NA,NA,NA,NA,S,Y,4,0,1,2,A,-,07,21658,A,N,B,C,A,A,H,-,A,D,0,NA,NA,NA,NA,Y,NA,D,22,0,0,1,0,0,0,0,0,0,-,-,33.16130065917969,-117.10549926757813,SAN DIEGO,UNINCORPORATED,-117.10547637939452,33.16130828857422
91378954,2020,2020-12-31,9680,2020-12-19,0950,022161,NA,6,1,9,3700,0,3,5,NA,2,002,PARAISO AVE,SAN DIEGO ST,0,NA,Y,A,-,N,NA,NA,NA,NA,NA,NA,NA,NA,NA,N,4,0,2,2,A,-,09,21800,A,N,D,C,A,A,H,-,A,D,0,NA,NA,NA,NA,Y,NA,A,01,0,0,2,0,0,0,0,0,0,-,-,32.70595932006836,-116.99635314941406,SAN DIEGO,UNINCORPORATED,-116.9962921142578,32.70597839355469
9137973,2020,2020-10-14,3711,2020-08-11,1444,SD7595,NA,2,5,7,3711,0,0,0,NA,0,124,SOLEDAD RD,SOLEDAD RD 5720,0,NA,N,A,-,N,NA,NA,NA,NA,NA,NA,NA,NA,NA,Y,3,0,1,2,A,-,00,12500,A,N,C,E,A,-,B,-,A,D,0,NA,NA,NA,NA,Y,NA,A,01,0,1,0,0,0,0,0,0,0,-,-,NA,NA,SAN DIEGO,SAN DIEGO,NA,NA
91382822,2020,2021-01-06,9650,2020-12-25,1305,018950,NA,5,1,9,3700,0,1,1,NA,2,023,I-15 N/B TO DEER SPRINGS ROAD OFF-RAMP,DEER SPRINGS ROAD,1153,S,N,A,-,Y,NA,NA,15,NA,NA,NA,R,NA,N,Y,3,0,1,1,A,-,08,22107,NA,N,F,A,A,A,H,-,A,D,0,NA,NA,Y,NA,Y,NA,C,02,0,1,0,0,0,0,0,0,1,-,-,33.200191497802734,-117.12783813476563,SAN DIEGO,UNINCORPORATED,-117.12783813476563,33.200191497802734
91383707,2020,2021-01-07,9680,2020-12-27,2040,021441,NA,7,2,9,3700,0,3,5,NA,2,003,TAVERN RD,ADMINISTRATION WAY,85,N,N,A,-,N,NA,NA,NA,NA,NA,NA,NA,NA,NA,N,3,0,1,2,A,-,03,22350,NA,N,G,B,D,A,H,-,C,D,0,Y,NA,NA,NA,Y,NA,A,07,0,1,0,0,1,0,0,0,0,-,-,32.83570098876953,-116.77580261230467,SAN DIEGO,UNINCORPORATED,-116.77572631835938,32.83565139770508
91385934,2020,2021-01-12,9645,2020-12-14,0645,016047,NA,1,1,7,3711,0,1,1,NA,2,009,43RD STREET TO I-805,43 RD STREET,12,E,N,C,-,Y,NA,NA,NA,NA,NA,NA,NA,NA,NA,Y,3,0,1,1,A,-,03,22350,NA,N,E,I,A,B,H,-,A,D,0,NA,NA,NA,NA,Y,NA,A,01,0,1,0,0,0,0,0,0,0,-,-,32.6915283203125,-117.10237121582033,SAN DIEGO,SAN DIEGO,NA,NA
91386645,2021,2021-01-13,9645,2021-01-05,0009,021617,NA,2,3,7,3711,0,1,1,NA,2,017,I-15 S/B,STATE ROUTE 52,1900,N,N,A,-,Y,NA,NA,15,NA,NA,NA,NA,NA,S,Y,4,0,1,1,A,-,08,22107,NA,N,B,I,A,A,H,-,C,C,0,NA,NA,NA,NA,Y,NA,A,01,0,0,1,0,0,0,0,0,0,-,-,32.84669876098633,-117.11759948730467,SAN DIEGO,SAN DIEGO,-117.11793518066406,32.8469123840332
91388017,2021,2021-01-15,9650,2021-01-14,1655,020771,NA,4,2,9,3700,0,3,5,NA,2,170,S. SANTA FE DR.,MONTGOMERY DR,5,W,N,A,-,N,NA,NA,NA,NA,NA,NA,NA,NA,NA,Y,4,0,1,2,A,-,03,22350,NA,N,C,C,A,A,H,-,D,D,0,NA,NA,NA,NA,Y,NA,A,01,0,0,1,0,0,0,0,0,0,-,-,33.18281936645508,-117.21871948242188,SAN DIEGO,UNINCORPORATED,-117.21863555908205,33.18275833129883
91388206,2021,2021-04-30,9680,2021-01-05,0500,019384,NA,2,3,5,3705,0,1,1,NA,2,081,INTERSTATE 8 WESTBOUND,W. MAIN STREET,2112,W,N,A,-,Y,NA,NA,8,NA,NA,NA,NA,NA,W,N,4,0,1,2,A,-,03,22350,NA,N,C,C,A,A,H,-,D,D,0,NA,NA,NA,NA,Y,NA,A,01,0,0,1,0,0,0,0,0,0,-,-,32.78871154785156,-116.97792053222656,SAN DIEGO,EL CAJON,-116.97794342041016,32.78871154785156
91388423,2021,2021-01-15,9680,2021-01-05,1135,021501,NA,2,1,9,3700,0,3,5,NA,2,007,GREAT SOUTHERN OVERLAND STAGE RTE,AGUA CALIENTE COUNTY PARK ROAD,35904,N,N,A,-,N,NA,NA,NA,NA,NA,NA,NA,NA,NA,Y,3,0,1,1,A,-,01,23152,F,N,F,A,A,A,H,-,A,A,0,NA,NA,NA,NA,Y,NA,A,07,0,1,0,0,0,0,0,0,0,-,-,32.97787857055664,-116.41757202148438,SAN DIEGO,UNINCORPORATED,NA,NA
91390884,2020,2021-01-19,9680,2020-09-11,2153,021944,NA,5,2,5,3705,0,1,1,NA,2,081,INTERSTAE 8 WESTBOUND,GROSSMONT BOULEVARD,1218,E,N,A,-,Y,NA,NA,NA,NA,NA,NA,NA,NA,NA,Y,1,1,1,4,A,-,07,21658,A,N,C,C,A,A,C,-,D,D,0,NA,NA,Y,NA,Y,NA,A,01,0,1,0,0,0,0,0,1,0,-,-,32.77906036376953,-116.98706817626952,SAN DIEGO,EL CAJON,NA,NA
91391604,2021,2021-01-20,9650,2021-01-20,0915,018321,NA,3,1,9,3700,0,1,3,NA,1,028,STATE ROUTE 76,ADAMS DR,178,W,N,A,G,Y,NA,NA,76,NA,NA,NA,NA,NA,NA,Y,4,0,1,1,A,-,08,22107,NA,N,E,I,A,A,H,-,A,D,0,NA,NA,NA,NA,Y,NA,A,07,0,0,1,0,0,0,0,0,0,-,-,33.341060638427734,-117.01421356201172,SAN DIEGO,UNINCORPORATED,-117.01424407958984,33.34093475341797
91391774,2021,2021-01-20,9680,2021-01-09,1740,022050,NA,6,2,9,3700,0,2,4,NA,1,021,WILLOW GLEN DR,HILLSDALE RD,1800,E,N,A,-,N,NA,NA,NA,NA,NA,NA,NA,NA,NA,Y,4,0,1,1,A,-,01,23152,A,N,E,I,A,A,H,-,D,D,0,NA,NA,NA,NA,Y,Y,D,22,0,0,1,0,0,0,0,0,0,-,-,32.75994110107422,-116.89788055419922,SAN DIEGO,UNINCORPORATED,-116.89791107177734,32.75984573364258
91391986,2021,2021-01-21,9650,2021-01-20,1530,017392,NA,3,2,5,3701,0,1,1,NA,2,005,I-5 S/B TO CARLSBAD VILLAGE DR,CARLSBAD VILLAGE DR,750,N,N,A,-,Y,NA,NA,5,NA,NA,NA,R,NA,S,Y,4,0,1,3,A,-,03,22350,NA,N,C,C,A,A,H,-,A,D,0,NA,NA,NA,NA,Y,NA,A,07,0,0,1,0,0,0,0,0,0,-,-,33.16489028930664,-117.3434600830078,SAN DIEGO,CARLSBAD,-117.3434600830078,33.16489028930664
91395831,2021,2021-04-30,9680,2021-01-18,2110,017996,NA,1,2,9,3700,0,1,3,NA,2,028,SR-125 NORTHBOUND,TROY STREET,2640,S,N,A,-,Y,NA,NA,125,NA,NA,NA,NA,NA,N,Y,4,0,1,2,A,-,07,21658,A,N,B,C,A,A,H,-,D,D,0,NA,NA,NA,NA,Y,NA,A,01,0,0,1,0,0,0,0,0,0,-,-,32.729148864746094,-117.01480102539063,SAN DIEGO,UNINCORPORATED,-117.01478576660156,32.72915267944336
91399628,2021,2021-02-01,9650,2021-01-28,1111,015600,NA,4,1,9,3700,0,1,1,NA,2,021,I-15 N/B,CAMINO DEL REY,55,N,N,B,-,Y,NA,NA,15,NA,NA,NA,NA,NA,N,Y,4,0,1,2,A,-,03,22350,NA,N,C,C,A,A,H,-,A,D,0,NA,NA,NA,NA,Y,NA,A,01,0,0,1,0,0,0,0,0,0,-,-,33.26681137084961,-117.15807342529295,SAN DIEGO,UNINCORPORATED,-117.15807342529295,33.26681137084961
91400496,2021,2021-02-02,9645,2021-01-29,0855,019678,NA,5,1,6,3702,0,1,1,NA,2,001,I-5 S/B,E ST.,255,S,N,B,C,Y,NA,NA,5,NA,NA,NA,NA,NA,S,Y,3,0,1,1,A,-,03,22350,NA,N,E,I,A,B,H,-,A,D,0,NA,NA,NA,NA,Y,NA,A,01,0,1,0,0,0,0,0,0,0,-,-,32.63874053955078,-117.09970855712892,SAN DIEGO,CHULA VISTA,-117.09983825683594,32.63868713378906
91401471,2020,2021-02-04,9645,2020-01-07,2110,021680,NA,2,2,7,3711,0,1,3,NA,2,002,SR-905 WESTBOUND,BEYER BOULEVARD,500,E,N,A,-,Y,NA,NA,905,NA,NA,NA,NA,NA,W,Y,1,1,5,1,A,-,08,22107,NA,N,E,I,A,A,H,-,C,D,0,NA,NA,NA,NA,Y,NA,A,01,0,2,3,0,0,0,0,0,0,-,-,32.568458557128906,-117.06279754638672,SAN DIEGO,SAN DIEGO,-117.06279754638672,32.56853103637695
91402251,2021,2021-07-21,9650,2021-01-29,2336,021463,NA,5,3,5,3782,0,1,1,NA,2,007,I-5 S/B,ENCINITAS BLVD,1630,N,N,B,-,Y,NA,NA,5,NA,NA,NA,NA,NA,S,Y,3,0,2,2,A,-,01,23152,A,N,C,C,A,A,H,-,C,D,0,NA,NA,NA,NA,Y,Y,A,01,0,2,0,0,0,0,0,0,0,-,-,33.057891845703125,-117.29022216796876,SAN DIEGO,ENCINITAS,-117.2902374267578,33.057884216308594
91404298,2021,2021-02-08,9680,2021-01-24,2120,021800,NA,7,2,5,3708,0,1,1,NA,2,081,I-8 W/B,BALTIMORE DR,115,W,N,B,C,Y,NA,NA,8,NA,NA,NA,NA,NA,W,Y,3,0,2,1,A,-,03,22350,NA,N,E,I,A,B,H,-,C,D,0,NA,NA,NA,NA,Y,NA,A,01,0,2,0,0,0,0,0,0,0,-,-,32.772518157958984,-117.02745819091795,SAN DIEGO,LA MESA,-117.02753448486328,32.772361755371094
9140471,2020,2020-10-15,3711,2020-08-13,0925,SD7844,NA,4,5,7,3711,0,0,0,NA,0,436,MEADOWBROOK DR,PARADISE VALLEY RD,0,NA,Y,A,-,N,NA,NA,NA,NA,NA,NA,NA,NA,NA,N,4,0,1,2,D,-,00,NA,NA,N,G,B,B,A,H,-,A,A,0,Y,NA,NA,NA,Y,NA,-,-,0,0,1,0,1,0,0,0,0,-,-,NA,NA,SAN DIEGO,SAN DIEGO,-117.02584838867188,32.697509765625
91404908,2021,2021-02-09,9650,2021-02-04,2345,019191,NA,4,3,9,3700,0,1,3,NA,2,065,SR-76 E/B,E. VISTA WAY,0,NA,Y,A,-,Y,NA,NA,76,NA,NA,NA,NA,NA,E,Y,2,0,2,2,A,-,12,21453,A,N,A,C,A,A,H,-,C,A,0,NA,NA,NA,NA,Y,NA,A,01,1,0,1,0,0,0,0,0,0,-,-,33.257991790771484,-117.23716735839844,SAN DIEGO,UNINCORPORATED,-117.23734283447266,33.25813674926758
91405478,2021,2021-02-09,9680,2021-01-29,1440,019910,NA,5,2,9,3700,0,1,1,NA,2,084,I-8 W/B,E. WILLOWS RD,1056,W,N,B,C,Y,NA,NA,8,NA,NA,NA,NA,NA,W,Y,3,0,1,1,A,-,03,22350,NA,N,E,I,A,B,H,-,A,D,0,NA,NA,NA,NA,Y,NA,A,07,0,1,0,0,0,0,0,0,0,-,-,32.839019775390625,-116.68608856201172,SAN DIEGO,UNINCORPORATED,-116.68608856201172,32.83893966674805
91406159,2021,2021-02-10,9650,2021-02-06,1157,019594,NA,6,1,9,3700,0,1,3,NA,1,028,SR-76 E/B,PALA MISSION RD,634,W,N,A,-,Y,NA,NA,76,NA,NA,NA,NA,NA,E,Y,4,0,2,2,A,-,09,21804,A,N,D,C,A,A,H,-,A,A,0,NA,NA,NA,NA,Y,NA,A,01,0,0,2,0,0,0,0,0,0,-,-,33.36452102661133,-117.0876235961914,SAN DIEGO,UNINCORPORATED,-117.08761596679688,33.36453628540039
91406413,2021,2021-02-11,9680,2021-01-31,0940,017011,NA,7,1,9,3700,0,3,5,NA,2,002,HARTZEL DRIVE,BENTLEY DRIVE,245,N,N,A,-,N,NA,NA,NA,NA,NA,NA,NA,NA,NA,Y,4,0,1,1,A,-,21,22106,NA,N,E,I,A,A,H,-,A,D,0,NA,NA,NA,NA,Y,NA,A,08,0,0,1,0,0,0,0,0,0,-,-,32.74422836303711,-117.0082778930664,SAN DIEGO,UNINCORPORATED,-117.00959777832033,32.74619674682617
91407235,2020,2021-02-11,9680,2020-09-29,0630,015877,NA,2,1,5,3708,0,1,1,NA,2,081,I-8 W/B,SEVERIN DR.,994,E,N,A,-,Y,NA,NA,8,NA,NA,NA,NA,NA,W,Y,3,0,1,2,A,-,07,21658,A,F,B,C,A,A,H,-,A,D,0,NA,NA,Y,NA,Y,NA,A,07,0,1,0,0,0,0,0,0,1,-,-,32.77941131591797,-116.99378204345705,SAN DIEGO,LA MESA,-116.99378204345705,32.77932357788086
91407526,2021,2021-02-12,9680,2021-01-26,1350,022030,NA,2,1,9,3700,0,2,4,NA,1,029,SWEETWATER SPRINGS BLVD,AUSTIN DR,131,N,N,A,-,N,NA,NA,NA,NA,NA,NA,NA,NA,NA,Y,4,0,1,3,A,-,03,22350,NA,N,C,C,A,A,H,-,A,A,0,NA,NA,NA,NA,Y,NA,A,07,0,0,1,0,0,0,0,0,0,-,-,32.73146057128906,-116.97161865234376,SAN DIEGO,UNINCORPORATED,-116.97159576416016,32.73133850097656
9140790,2020,2020-09-01,3702,2020-05-19,1433,CV1305,NA,2,5,6,3702,0,0,0,NA,0,024,MAIN  ST,MELROSE AV,80,W,N,A,-,N,NA,NA,NA,NA,NA,NA,NA,NA,NA,N,4,0,2,2,A,-,09,21804,A,N,D,C,A,A,H,-,A,D,0,NA,NA,NA,NA,Y,NA,A,07,0,0,2,0,0,0,0,0,0,-,-,NA,NA,SAN DIEGO,CHULA VISTA,-117.04038238525392,32.59480667114258
91408336,2021,2021-02-15,9680,2021-01-30,0450,021800,NA,6,3,5,3708,0,1,3,NA,2,027,SR-125 N/B,LEMON AVENUE,2050,S,N,B,-,Y,NA,NA,125,NA,NA,NA,NA,NA,N,Y,4,0,1,2,A,-,07,21658,A,M,B,C,A,B,H,-,D,D,0,NA,NA,Y,NA,Y,NA,A,07,0,0,1,0,0,0,0,0,1,-,-,32.762481689453125,-117.00212097167967,SAN DIEGO,LA MESA,-117.00218963623048,32.76249694824219
91408962,2021,2021-03-31,9650,2021-02-15,2140,020497,NA,1,2,9,3700,0,1,1,NA,2,001,I-5 S/B,LAS PULGAS RD,5280,N,N,A,-,Y,NA,NA,5,NA,NA,NA,NA,NA,S,N,4,0,1,2,A,-,03,22350,NA,F,C,C,A,A,H,-,D,D,0,NA,NA,NA,NA,Y,NA,A,01,0,0,1,0,0,0,0,0,0,-,-,33.30950164794922,-117.4777374267578,SAN DIEGO,UNINCORPORATED,-117.47776794433594,33.309471130371094
91408978,2021,2021-02-16,9645,2021-02-12,1500,021263,NA,5,2,7,3711,0,1,1,NA,2,010,INTERSTATE 8 EASTBOUND,COLLEGE AVENUE,500,E,N,A,-,Y,NA,NA,8,NA,NA,NA,NA,NA,E,Y,4,0,1,2,A,-,03,22350,NA,N,C,C,A,A,H,-,A,D,0,NA,NA,NA,NA,Y,NA,A,07,0,0,1,0,0,0,0,0,0,-,-,32.77919006347656,-117.06326293945313,SAN DIEGO,SAN DIEGO,-117.06326293945313,32.7791862487793
91410982,2021,2021-02-18,9645,2021-02-16,2344,017671,NA,2,3,7,3711,0,1,1,NA,2,027,I-15 N/B,CLAIREMONT MESA BLVD O/C,1500,S,N,A,-,Y,NA,NA,15,NA,NA,NA,NA,NA,N,Y,2,0,1,2,A,-,01,23152,A,N,C,C,A,A,H,-,C,D,0,NA,NA,NA,Y,Y,Y,A,01,1,0,0,0,0,0,0,0,0,-,-,32.8302001953125,-117.11779022216795,SAN DIEGO,SAN DIEGO,-117.1178741455078,32.830177307128906
91411063,2021,2021-02-25,9650,2021-02-12,1535,020771,NA,5,2,5,3713,0,1,3,NA,2,017,SR-78 W/B FROM CIVIC CENTER DR.,CIVIC CENTER DR.,390,W,N,A,-,Y,NA,NA,78,NA,NA,NA,R,NA,W,Y,4,0,1,2,A,-,03,22350,NA,N,C,C,A,A,H,-,A,A,0,NA,NA,NA,NA,Y,NA,A,07,0,0,1,0,0,0,0,0,0,-,-,33.190059661865234,-117.24037933349608,SAN DIEGO,VISTA,-117.24037933349608,33.190059661865234
91412663,2021,2021-02-22,9645,2021-02-15,2027,020952,NA,1,2,7,3711,0,1,1,NA,2,010,INTERSTATE 8 (EASTBOUND),INTERSTATE 805,5,E,N,A,-,Y,NA,NA,8,NA,NA,NA,NA,NA,NA,Y,3,0,2,2,A,-,03,22350,NA,F,C,C,A,A,H,-,D,D,0,NA,NA,NA,NA,Y,NA,A,01,0,1,1,0,0,0,0,0,0,-,-,32.77193832397461,-117.13060760498048,SAN DIEGO,SAN DIEGO,-117.13063049316406,32.77201843261719
91413309,2021,2021-02-23,9650,2021-02-15,0450,022031,NA,1,3,9,3700,0,3,5,NA,2,150,E. VISTA WAY,HUTCHISON ST,197,S,N,A,-,N,NA,NA,NA,NA,NA,NA,NA,NA,NA,Y,3,0,1,1,A,-,01,23152,A,N,E,I,A,A,H,-,D,D,0,NA,NA,NA,NA,Y,Y,A,01,0,1,0,0,0,0,0,0,0,-,-,33.25012969970703,-117.2299575805664,SAN DIEGO,UNINCORPORATED,-117.23019409179688,33.250213623046875
91413741,2021,2021-02-23,9650,2021-02-20,1713,021406,NA,6,2,9,3700,0,3,5,NA,2,006,DE LUZ ROAD,SANTA MARGARITA RIVER BRIDGE,223,S,N,A,-,N,NA,NA,NA,NA,NA,NA,NA,NA,NA,Y,2,0,1,1,A,-,03,22350,NA,N,E,I,A,A,H,-,A,D,0,NA,NA,Y,NA,Y,NA,C,02,1,0,0,0,0,0,0,0,1,-,-,33.398719787597656,-117.2624969482422,SAN DIEGO,UNINCORPORATED,-117.3225555419922,33.43012237548828
91415122,2021,2021-02-25,9650,2021-02-18,2025,18386,NA,4,2,5,3712,0,1,3,NA,2,019,SR-78 E/B,SAN MARCOS BLVD,200,E,N,A,-,Y,NA,NA,78,NA,NA,NA,NA,NA,E,Y,2,0,1,2,A,-,03,22350,NA,F,C,C,A,A,H,-,C,D,0,NA,NA,Y,NA,Y,NA,D,22,1,0,0,0,0,0,0,0,1,-,-,33.13753128051758,-117.1757583618164,SAN DIEGO,SAN MARCOS,-117.17576599121094,33.137516021728516
91416842,2021,2021-05-05,9645,2021-02-21,1655,020952,NA,7,2,7,3711,0,1,1,NA,2,010,INTERSTATE 8 (W/B) TO MISSION BAY DRIVE,MISSION BAY DRIVE,1320,E,N,A,-,Y,NA,NA,8,NA,NA,NA,R,NA,NA,Y,3,0,2,1,A,-,01,23152,A,N,E,J,A,A,H,-,A,A,0,NA,NA,NA,NA,Y,Y,A,01,0,1,1,0,0,0,0,0,0,-,-,32.75756072998047,-117.21961975097656,SAN DIEGO,SAN DIEGO,-117.21961975097656,32.75756072998047
91417235,2021,2021-02-26,9680,2021-02-16,0900,021859,NA,2,1,5,3708,0,1,3,NA,2,028,SR-125 S/B,SR-125 S/B FROM AMAYA DR.,200,N,N,B,-,Y,NA,NA,125,NA,NA,NA,NA,NA,S,Y,4,0,1,1,A,-,08,22107,NA,N,E,I,A,B,H,-,A,A,0,NA,NA,NA,NA,Y,NA,A,01,0,0,1,0,0,0,0,0,0,-,-,32.78757858276367,-117.0064697265625,SAN DIEGO,LA MESA,-117.0066146850586,32.787559509277344
91417272,2020,2021-02-26,9645,2020-08-23,1355,018223,NA,7,1,7,3711,0,1,1,NA,2,015,I-805 N/B TO SR-52 W/B,STATE ROUTE 52,215,S,N,A,-,Y,NA,NA,805,NA,NA,NA,R,NA,N,Y,1,1,0,1,A,-,03,22350,NA,N,E,I,A,A,H,-,A,D,0,NA,NA,Y,NA,Y,NA,C,02,0,0,0,0,0,0,0,1,0,-,-,32.8472785949707,-117.17630767822266,SAN DIEGO,SAN DIEGO,-117.17630767822266,32.8472785949707
91418828,2021,2021-03-02,9645,2021-02-22,2232,021768,NA,1,3,7,3711,0,1,1,NA,2,007,I-5 S/B,VOIGT DR. O/C,180,S,N,A,-,Y,NA,NA,5,NA,NA,NA,NA,NA,S,Y,4,0,1,2,A,-,03,22350,NA,N,C,C,A,A,H,-,C,D,0,NA,NA,NA,NA,Y,NA,A,01,0,0,1,0,0,0,0,0,0,-,-,32.88113021850586,-117.22843170166016,SAN DIEGO,SAN DIEGO,-117.22847747802734,32.881134033203125
91420533,2021,2021-03-04,9645,2021-03-03,1215,018697,NA,3,1,7,3711,0,1,1,NA,2,010,INTERSTATE 8 (W/B),70TH STREET,2570,W,N,C,-,Y,NA,NA,8,NA,NA,NA,NA,NA,NA,Y,4,0,1,2,A,-,08,22107,NA,N,D,C,A,B,H,-,A,D,0,NA,NA,NA,NA,Y,NA,A,07,0,0,1,0,0,0,0,0,0,-,-,32.77703094482422,-117.05387878417967,SAN DIEGO,SAN DIEGO,-117.05387878417967,32.777042388916016
91421177,2021,2021-03-05,9650,2021-02-24,1620,18386,NA,3,2,5,3712,0,1,3,NA,2,019,SR-78 W/B FROM LAS POSAS RD,LAS POSAS RD,300,W,N,A,-,Y,NA,NA,78,NA,NA,NA,R,NA,W,Y,4,0,2,2,A,-,03,22350,NA,N,C,C,A,A,H,-,A,A,0,NA,NA,NA,NA,Y,NA,A,01,0,0,2,0,0,0,0,0,0,-,-,33.145301818847656,-117.19203186035156,SAN DIEGO,SAN MARCOS,-117.19203186035156,33.145301818847656
91421180,2021,2021-03-05,9650,2021-02-22,0739,017328,NA,1,1,6,3706,0,1,1,NA,2,023,I-15 S/B,HALE AVE. UNDER CROSSING (U/C),115,S,N,A,-,Y,NA,NA,15,NA,NA,NA,NA,NA,S,Y,4,0,3,3,A,-,08,22107,NA,N,B,C,A,A,H,-,A,D,0,NA,NA,NA,Y,Y,NA,F,26,0,0,3,0,0,0,0,0,0,-,-,33.119258880615234,-117.10154724121094,SAN DIEGO,ESCONDIDO,-117.10145568847656,33.11931228637695
91421425,2021,2021-03-05,9645,2021-02-26,0619,016138,NA,5,1,7,3711,0,1,3,NA,2,023,SR-163 SOUTHBOUND,CAMINO DE LA REINA,150,N,N,A,-,Y,NA,NA,163,NA,NA,NA,NA,NA,S,Y,4,0,1,3,A,-,07,21658,A,N,B,C,A,A,H,-,A,D,0,NA,NA,NA,NA,Y,NA,A,01,0,0,1,0,0,0,0,0,0,-,-,32.766021728515625,-117.1630401611328,SAN DIEGO,SAN DIEGO,-117.16294860839844,32.76599884033203
91421514,2021,2021-03-05,9645,2021-03-04,1645,021263,NA,4,2,7,3711,0,1,3,NA,2,006,STATE ROUTE 94 EASTBOUND,INTERSTATE 805,2000,W,N,A,-,Y,NA,NA,94,NA,NA,NA,NA,NA,E,Y,3,0,1,2,A,-,03,22350,NA,N,C,C,A,A,H,-,A,D,0,NA,NA,NA,NA,Y,NA,A,01,0,1,0,0,0,0,0,0,0,-,-,32.71807861328125,-117.10971069335938,SAN DIEGO,SAN DIEGO,-117.10971069335938,32.71810531616211
91422240,2021,2021-03-08,9645,2021-03-06,1320,020066,NA,6,1,7,3711,0,1,1,NA,2,005,I-5 S/B,FRIARS ROAD,500,S,N,A,-,Y,NA,NA,NA,NA,NA,NA,NA,NA,NA,Y,4,0,1,2,A,-,03,22350,NA,N,C,C,A,A,H,-,A,D,0,NA,NA,NA,NA,Y,NA,A,01,0,0,1,0,0,0,0,0,0,-,-,32.76057052612305,-117.20532989501952,SAN DIEGO,SAN DIEGO,-117.20442199707033,32.76079177856445
91423517,2021,2021-03-09,9645,2021-03-03,1635,020541,NA,3,2,7,3711,0,1,3,NA,2,006,SR-94 EASTBOUND TO SR-15 SOUTHBOUND,SR-15 S/B,350,W,N,C,-,Y,NA,NA,94,NA,NA,NA,R,NA,E,Y,4,0,2,2,A,-,03,22350,NA,N,B,E,A,B,H,-,A,D,0,NA,NA,NA,NA,Y,NA,D,22,0,0,2,0,0,0,0,0,0,-,-,32.715309143066406,-117.119140625,SAN DIEGO,SAN DIEGO,-117.119140625,32.715309143066406