CASE_ID,ACCIDENT_YEAR,PROC_DATE,JURIS,COLLISION_DATE,COLLISION_TIME,OFFICER_ID,REPORTING_DISTRICT,DAY_OF_WEEK,CHP_SHIFT,POPULATION,CNTY_CITY_LOC,SPECIAL_COND,BEAT_TYPE,CHP_BEAT_TYPE,CITY_DIVISION_LAPD,CHP_BEAT_CLASS,BEAT_NUMBER,PRIMARY_RD,SECONDARY_RD,DISTANCE,DIRECTION,INTERSECTION,WEATHER_1,WEATHER_2,STATE_HWY_IND,CALTRANS_COUNTY,CALTRANS_DISTRICT,STATE_ROUTE,ROUTE_SUFFIX,POSTMILE_PREFIX,POSTMILE,LOCATION_TYPE,RAMP_INTERSECTION,SIDE_OF_HWY,TOW_AWAY,COLLISION_SEVERITY,NUMBER_KILLED,NUMBER_INJURED,PARTY_COUNT,PRIMARY_COLL_FACTOR,PCF_CODE_OF_VIOL,PCF_VIOL_CATEGORY,PCF_VIOLATION,PCF_VIOL_SUBSECTION,HIT_AND_RUN,TYPE_OF_COLLISION,MVIW,PED_ACTION,ROAD_SURFACE,ROAD_COND_1,ROAD_COND_2,LIGHTING,CONTROL_DEVICE,CHP_ROAD_TYPE,PEDESTRIAN_ACCIDENT,BICYCLE_ACCIDENT,MOTORCYCLE_ACCIDENT,TRUCK_ACCIDENT,NOT_PRIVATE_PROPERTY,ALCOHOL_INVOLVED,STWD_VEHTYPE_AT_FAULT,CHP_VEHTYPE_AT_FAULT,COUNT_SEVERE_INJ,COUNT_VISIBLE_INJ,COUNT_COMPLAINT_PAIN,COUNT_PED_KILLED,COUNT_PED_INJURED,COUNT_BICYCLIST_KILLED,COUNT_BICYCLIST_INJURED,COUNT_MC_KILLED,COUNT_MC_INJURED,PRIMARY_RAMP,SECONDARY_RAMP,LATITUDE,LONGITUDE,COUNTY,CITY,POINT_X,POINT_Y
91423967,2021,2021-03-10,9650,2021-03-05,1115,013636,NA,5,1,5,3701,0,1,1,NA,2,005,I-5 N/B,PALOMAR AIRPORT RD,2640,S,N,A,-,Y,NA,NA,5,NA,NA,NA,NA,NA,N,Y,4,0,1,3,D,-,00,NA,NA,N,B,C,A,A,D,-,A,D,0,NA,NA,NA,Y,Y,NA,-,-,0,0,1,0,0,0,0,0,0,-,-,33.11212921142578,-117.31590270996094,SAN DIEGO,CARLSBAD,-117.31591796875,33.112117767333984
91424439,2021,2021-03-10,9650,2021-02-20,0251,022237,NA,6,3,9,3700,0,1,1,NA,2,003,INTERSTATE 5 SOUTHBOUND,SANTA MARGARITA RIVER,80,N,N,A,-,Y,NA,NA,5,NA,NA,NA,NA,NA,S,Y,2,0,1,1,A,-,01,23152,F,N,F,A,A,A,H,-,C,D,0,NA,NA,NA,NA,Y,Y,A,01,1,0,0,0,0,0,0,0,0,-,-,33.23598861694336,-117.40757751464844,SAN DIEGO,UNINCORPORATED,-117.40750122070313,33.23607635498047
91426315,2021,2021-03-12,9680,2021-03-02,0640,015972,NA,2,1,4,3720,0,1,3,NA,2,027,SR-94 WESTBOUND FROM COLLEGE GROVE WAY,COLLEGE GROVE DRIVE,700,S,N,A,-,Y,NA,NA,94,NA,NA,NA,R,NA,W,Y,4,0,1,3,A,-,03,22350,NA,N,C,C,A,A,H,-,A,A,0,NA,NA,NA,NA,Y,NA,A,01,0,0,1,0,0,0,0,0,0,-,-,32.73674011230469,-117.0566864013672,SAN DIEGO,LEMON GROVE,-117.0566864013672,32.73674011230469
91426830,2021,2021-03-15,9650,2021-03-06,0340,021992,NA,6,3,9,3700,0,1,1,NA,2,021,I-15 S/B,DEER SPRINGS RD,2640,N,N,A,-,Y,NA,NA,15,NA,NA,NA,NA,NA,S,Y,3,0,2,2,A,-,01,23152,A,N,C,C,A,A,H,-,D,D,0,NA,NA,NA,NA,Y,Y,A,01,0,2,0,0,0,0,0,0,0,-,-,33.20370101928711,-117.12992095947266,SAN DIEGO,UNINCORPORATED,-117.12994384765624,33.20368194580078
91428166,2021,2021-03-16,9645,2021-03-02,1325,020474,NA,2,1,7,3711,0,1,1,NA,2,010,I-8 W/B TO WARING ROAD,WARING ROAD,72,E,N,A,-,Y,NA,NA,8,NA,NA,NA,R,NA,W,Y,2,0,1,1,A,-,08,22107,NA,N,E,I,A,A,H,-,A,D,0,NA,NA,Y,NA,Y,NA,C,02,1,0,0,0,0,0,0,0,1,-,-,32.78163146972656,-117.08715057373048,SAN DIEGO,SAN DIEGO,-117.08715057373048,32.78163146972656
9142856,2020,2020-11-03,3700,2020-05-16,2026,SH3000,NA,6,5,5,3782,0,0,0,NA,0,206,LEUCADIA BL,GARDEN VIEW RD,0,NA,Y,A,-,N,NA,NA,NA,NA,NA,NA,NA,NA,NA,Y,4,0,1,2,A,-,12,21453,A,N,D,C,A,A,H,-,C,A,0,NA,NA,NA,Y,Y,NA,A,01,0,0,1,0,0,0,0,0,0,-,-,NA,NA,SAN DIEGO,ENCINITAS,-117.26764678955078,33.06850814819336
91429597,2021,2021-03-17,9680,2021-03-07,1620,022554,NA,7,2,9,3700,0,2,4,NA,1,021,WILLOW GLEN DR.,CAMINO DE LAS PIEDRAS,0,NA,Y,B,-,N,NA,NA,NA,NA,NA,NA,NA,NA,NA,Y,4,0,1,2,A,-,09,21802,A,N,D,C,A,A,H,-,A,A,0,NA,NA,NA,NA,Y,NA,A,07,0,0,1,0,0,0,0,0,0,-,-,32.769630432128906,-116.88250732421876,SAN DIEGO,UNINCORPORATED,-116.88253021240234,32.76955795288086
91430111,2021,2021-03-18,9650,2021-03-16,1200,015080,NA,2,1,6,3710,0,1,1,NA,2,005,I-5 N/B,OCEANSIDE BLVD.,1200,N,N,A,-,Y,NA,NA,5,NA,NA,NA,NA,NA,N,Y,4,0,2,2,A,-,03,22350,NA,N,C,C,A,A,H,-,A,D,0,NA,NA,NA,NA,Y,NA,A,01,0,0,2,0,0,0,0,0,0,-,-,33.1933708190918,-117.36460876464844,SAN DIEGO,OCEANSIDE,-117.36465454101563,33.193336486816406
91432328,2021,2021-03-22,9650,2021-03-18,1322,021406,NA,4,1,5,3782,0,1,1,NA,2,007,I-5 N/B,SANTA FE DR,1320,S,N,A,-,Y,NA,NA,5,NA,NA,NA,NA,NA,N,N,3,0,1,2,A,-,03,22350,NA,N,C,C,A,A,D,-,A,D,0,NA,NA,NA,Y,Y,NA,F,26,0,1,0,0,0,0,0,0,0,-,-,33.03289031982422,-117.27899169921876,SAN DIEGO,ENCINITAS,-117.27903747558594,33.032859802246094
91432869,2021,2021-03-23,9650,2021-03-18,2115,020673,NA,4,2,9,3700,0,1,3,NA,2,065,SR-76 WESTBOUND,OLIVE HILL RD.,30,E,N,A,-,Y,NA,NA,76,NA,NA,NA,NA,NA,W,N,4,0,1,2,A,-,03,22350,NA,F,C,C,A,A,H,-,C,A,0,NA,NA,NA,NA,Y,NA,A,01,0,0,1,0,0,0,0,0,0,-,-,33.28916931152344,-117.2256088256836,SAN DIEGO,UNINCORPORATED,-117.22565460205078,33.28916549682617
91434826,2021,2021-03-25,9650,2021-03-22,2025,021435,NA,1,2,9,3700,0,3,5,NA,1,212,COLE GRADE RD.,W. OAK GLEN RD,0,NA,Y,A,-,N,NA,NA,NA,NA,NA,NA,NA,NA,NA,Y,4,0,1,2,A,-,12,21453,A,N,D,C,A,A,H,-,C,A,0,NA,NA,NA,NA,Y,NA,A,07,0,0,1,0,0,0,0,0,0,-,-,33.28187942504883,-117.02355194091795,SAN DIEGO,UNINCORPORATED,-117.02353668212892,33.281982421875
9143646,2020,2020-10-13,3711,2020-08-03,2238,SD6967,NA,1,5,7,3711,0,0,0,NA,0,122,GRAND AV,LEE ST,0,NA,Y,A,-,N,NA,NA,NA,NA,NA,NA,NA,NA,NA,N,2,0,1,2,-,-,-,NA,A,N,G,B,D,A,H,-,E,D,0,Y,NA,NA,NA,Y,Y,N,60,1,0,0,0,1,0,0,0,0,-,-,NA,NA,SAN DIEGO,SAN DIEGO,-117.22464752197266,32.801368713378906
9143666,2020,2020-10-14,3711,2020-08-26,1505,SD7546,NA,3,5,7,3711,0,0,0,NA,0,811,WILSON AVE,MONROE AV,15,S,N,A,-,N,NA,NA,NA,NA,NA,NA,NA,NA,NA,N,4,0,1,2,A,-,09,21800,A,N,D,C,A,A,H,-,A,D,0,NA,NA,NA,NA,Y,NA,A,01,0,0,1,0,0,0,0,0,0,-,-,NA,NA,SAN DIEGO,SAN DIEGO,-117.11627197265624,32.758968353271484
91438117,2021,2021-03-29,9645,2021-03-15,1241,017473,NA,1,1,7,3711,0,1,1,NA,2,005,I-5 N/B,OLD TOWN AVE.,1000,N,N,B,C,Y,NA,NA,5,NA,NA,NA,NA,NA,N,Y,4,0,1,1,A,-,03,22350,NA,N,F,A,A,B,H,-,A,D,0,NA,NA,NA,NA,Y,NA,A,01,0,0,1,0,0,0,0,0,0,-,-,32.7517204284668,-117.19740295410156,SAN DIEGO,SAN DIEGO,-117.19747924804688,32.751651763916016
91438548,2021,2021-03-29,9645,2021-03-12,1820,021231,NA,5,2,7,3711,0,1,1,NA,2,011,I-805 S/B,SR-94,100,N,N,A,-,Y,NA,NA,805,NA,NA,NA,NA,NA,S,Y,3,0,1,1,A,-,08,22107,NA,N,E,I,A,A,H,-,C,D,0,NA,NA,NA,NA,Y,NA,A,01,0,1,0,0,0,0,0,0,0,-,-,32.719459533691406,-117.10285949707033,SAN DIEGO,SAN DIEGO,-117.10295104980467,32.71946716308594
9143881,2020,2020-09-21,3705,2020-07-31,1500,EC0403,NA,5,5,5,3705,0,0,0,NA,0,003,GRAPE ST,BROADWAY ST,257,S,N,A,-,N,NA,NA,NA,NA,NA,NA,NA,NA,NA,NA,4,0,1,2,A,-,03,22350,NA,N,C,C,A,A,H,-,A,D,0,NA,NA,NA,NA,Y,NA,-,NA,0,0,1,0,0,0,0,0,0,-,-,NA,NA,SAN DIEGO,EL CAJON,-116.93132781982422,32.8070068359375
9143911,2020,2020-09-19,3700,2020-07-27,1304,SH3284,NA,1,5,5,3782,0,0,0,NA,0,221,ENCINITAS BL,NORTH VULCAN AV,0,NA,Y,A,-,N,NA,NA,NA,NA,NA,NA,NA,NA,NA,Y,4,0,1,4,A,-,03,22350,NA,N,C,A,A,A,H,-,A,A,0,NA,NA,NA,NA,Y,NA,A,01,0,0,1,0,0,0,0,0,0,-,-,NA,NA,SAN DIEGO,ENCINITAS,-117.29297637939452,33.048858642578125
9143932,2020,2020-09-10,3711,2020-06-08,1712,SD6639,NA,1,5,7,3711,0,0,0,NA,0,826,49TH ST,EL CAJON BL,2,S,N,A,-,N,NA,NA,NA,NA,NA,NA,NA,NA,NA,N,4,0,1,2,A,-,09,21804,A,N,D,G,A,A,H,-,A,A,0,NA,Y,NA,NA,Y,NA,L,04,0,0,1,0,0,0,1,0,0,-,-,NA,NA,SAN DIEGO,SAN DIEGO,-117.08898162841795,32.75648498535156
9143934,2020,2020-09-10,3711,2020-06-12,1537,SD7974,NA,5,5,7,3711,0,0,0,NA,0,934,VILLAGE CENTER LOOP,COMMUNITY PARK POINTE,0,NA,Y,A,-,N,NA,NA,NA,NA,NA,NA,NA,NA,NA,N,2,0,3,4,A,-,12,21453,A,N,G,B,B,A,H,-,B,A,0,Y,NA,NA,NA,Y,NA,A,01,1,2,0,0,3,0,0,0,0,-,-,NA,NA,SAN DIEGO,SAN DIEGO,NA,NA
91439434,2021,2021-03-30,9645,2021-03-25,1755,016061,NA,4,2,7,3711,0,1,3,NA,2,016,SR-52 E/B,SANTO RD.,1750,E,N,A,B,Y,NA,NA,52,NA,NA,NA,NA,NA,E,Y,4,0,2,3,A,-,03,22350,NA,N,C,C,A,B,H,-,A,D,0,NA,NA,NA,NA,Y,NA,D,22,0,0,2,0,0,0,0,0,0,-,-,32.84244918823242,-117.0893325805664,SAN DIEGO,SAN DIEGO,-117.08931732177734,32.842403411865234
9144003,2020,2020-12-01,3711,2020-08-06,0911,SD6461,NA,4,5,7,3711,0,0,0,NA,0,931,MIRAMAR RD,RT 805,0,NA,Y,A,-,Y,SD,11,805,-,-,26.107,R,4,N,N,4,0,1,2,A,-,03,22350,NA,N,C,C,A,A,H,-,A,A,0,NA,NA,NA,NA,Y,NA,A,01,0,0,1,0,0,0,0,0,0,-,NO,NA,NA,SAN DIEGO,SAN DIEGO,-117.20012664794922,32.877586364746094
91443349,2021,2021-04-05,9645,2021-03-27,2230,020623,NA,6,3,7,3711,0,1,3,NA,1,004,SR-75 N/B,HARBOR DRIVE,2904,W,N,A,-,Y,NA,NA,75,NA,NA,NA,NA,NA,N,Y,4,0,1,3,A,-,07,21658,A,N,B,C,A,A,H,-,C,D,0,NA,NA,NA,NA,Y,NA,A,01,0,0,1,0,0,0,0,0,0,-,-,32.69068145751953,-117.15245819091795,SAN DIEGO,SAN DIEGO,-117.1524658203125,32.6906852722168
91444473,2021,2021-04-06,9680,2021-03-25,2205,019936,NA,4,3,5,3705,0,1,3,NA,2,016,SR-67 SOUTHBOUND TO I-8 WESTBOUND,FLETCHER PARKWAY,1056,S,N,B,-,Y,NA,NA,67,NA,NA,NA,R,NA,S,Y,4,0,1,1,A,-,03,22350,NA,N,E,I,A,B,H,-,C,D,0,NA,NA,NA,NA,Y,NA,A,01,0,0,1,0,0,0,0,0,0,-,-,32.8043098449707,-116.96351623535156,SAN DIEGO,EL CAJON,-116.96351623535156,32.8043098449707
91444982,2021,2021-04-07,9680,2021-03-26,0540,017996,NA,5,3,9,3700,0,2,4,NA,1,026,JAMACHA BOULEVARD,POINTE PARKWAY,35,E,N,A,-,N,NA,NA,NA,NA,NA,NA,NA,NA,NA,Y,4,0,1,2,A,-,03,22350,NA,N,C,C,A,B,H,-,C,A,0,NA,NA,NA,NA,Y,NA,A,01,0,0,1,0,0,0,0,0,0,-,-,32.72098922729492,-116.9724578857422,SAN DIEGO,UNINCORPORATED,-116.97244262695313,32.72087097167969
91445247,2021,2021-04-07,9645,2021-04-03,0415,021697,NA,6,3,7,3711,0,1,3,NA,2,023,SR-163 S/B TO I-5 S/B,PARK BLVD. O/C,14,N,N,A,-,Y,NA,NA,NA,NA,NA,NA,NA,NA,NA,Y,3,0,1,1,A,-,08,22107,NA,N,E,I,A,A,H,-,D,D,0,NA,NA,NA,NA,Y,NA,A,07,0,1,0,0,0,0,0,0,0,-,-,32.72393035888672,-117.15164184570313,SAN DIEGO,SAN DIEGO,NA,NA
91446149,2021,2021-04-08,9650,2021-04-06,1545,018496,NA,2,2,9,3700,0,3,5,NA,2,231,OLD SAN PASQUAL RD,SAN PASQUAL RD,0,NA,Y,A,-,N,NA,NA,NA,NA,NA,NA,NA,NA,NA,Y,4,0,4,2,A,-,09,21802,A,N,D,C,A,A,H,-,A,A,0,NA,NA,NA,NA,Y,NA,A,01,0,0,4,0,0,0,0,0,0,-,-,33.093841552734375,-117.02076721191406,SAN DIEGO,UNINCORPORATED,-117.0207061767578,33.093727111816406
91449424,2021,2021-04-13,9680,2021-01-25,0852,021501,NA,1,1,9,3700,0,1,3,NA,1,051,STATE ROUTE 79,STATE ROUTE 76,6336,S,N,B,D,Y,NA,NA,79,NA,NA,NA,NA,NA,NA,Y,1,1,1,2,A,-,03,22350,NA,N,A,C,A,C,H,-,A,A,0,NA,NA,NA,NA,Y,NA,D,22,0,1,0,0,0,0,0,0,0,-,-,33.18574905395508,-116.69933319091795,SAN DIEGO,UNINCORPORATED,-116.69938659667967,33.185691833496094
91450272,2021,2021-04-14,9645,2021-03-28,0349,021731,NA,7,3,9,3700,0,3,5,NA,2,018,PEPPER TREE RD,VISTA DR,52,W,N,A,-,N,NA,NA,NA,NA,NA,NA,NA,NA,NA,Y,4,0,1,1,A,-,01,23152,A,N,E,I,A,A,H,-,D,A,0,NA,NA,NA,NA,Y,Y,A,01,0,0,1,0,0,0,0,0,0,-,-,32.642539978027344,-117.06919860839844,SAN DIEGO,UNINCORPORATED,-117.06190490722656,32.642642974853516
91450703,2021,2021-04-14,9680,2021-04-04,1220,022554,NA,7,1,9,3700,0,1,3,NA,1,052,SR-78,WHISPERING PINES DR,143,E,N,A,-,Y,NA,NA,78,NA,NA,NA,NA,NA,NA,Y,2,0,1,1,A,-,03,22350,NA,N,E,I,A,A,H,-,A,D,0,NA,NA,Y,NA,Y,NA,C,02,1,0,0,0,0,0,0,0,1,-,-,33.088050842285156,-116.59229278564452,SAN DIEGO,UNINCORPORATED,-116.59229278564452,33.087989807128906
91451184,2021,2021-04-15,9650,2021-04-13,1620,016490,NA,2,2,9,3700,0,3,5,NA,1,160,GOPHER CANYON RD.,FAIRVIEW DR.,0,NA,Y,B,-,N,NA,NA,NA,NA,NA,NA,NA,NA,NA,Y,3,0,1,1,A,-,08,22107,NA,N,E,I,A,A,H,-,A,D,0,NA,NA,NA,NA,Y,NA,D,22,0,1,0,0,0,0,0,0,0,-,-,33.24945831298828,-117.2219009399414,SAN DIEGO,UNINCORPORATED,-117.22193145751952,33.24954605102539
91453161,2021,2021-04-19,9645,2021-04-12,1530,020165,NA,1,2,7,3711,0,1,1,NA,2,010,I-8 E/B,WARING ROAD,1500,E,N,A,-,Y,NA,NA,8,NA,NA,NA,NA,NA,E,N,4,0,1,2,A,-,08,22107,NA,N,B,C,A,A,H,-,A,D,0,NA,NA,NA,NA,Y,NA,-,-,0,0,1,0,0,0,0,0,0,-,-,32.77914810180664,-117.07398223876952,SAN DIEGO,SAN DIEGO,-117.07398223876952,32.779178619384766
91453598,2021,2021-04-19,9680,2021-04-08,1610,018979,NA,4,2,5,3705,0,1,1,NA,2,082,I-8 WESTBOUND,1ST STREET,65,E,N,A,-,Y,NA,NA,8,NA,NA,NA,NA,NA,W,Y,4,0,1,2,A,-,03,22350,NA,N,C,C,A,A,H,-,A,D,0,NA,NA,NA,Y,Y,NA,A,01,0,0,1,0,0,0,0,0,0,-,-,32.803218841552734,-116.9443130493164,SAN DIEGO,EL CAJON,-116.9443130493164,32.803165435791016
91454469,2021,2021-04-20,9680,2021-04-10,2110,021353,NA,6,2,5,3708,0,1,3,NA,2,028,SR-125 S/B,MERRITT BLVD,935,N,N,A,-,Y,NA,NA,125,NA,NA,NA,NA,NA,S,Y,3,0,2,2,A,-,01,23152,A,F,B,C,A,A,H,-,C,D,0,NA,NA,NA,NA,Y,Y,A,07,0,1,1,0,0,0,0,0,0,-,-,32.76185989379883,-117.00260925292967,SAN DIEGO,LA MESA,-117.00257110595705,32.7618408203125
91454599,2021,2021-04-20,9680,2021-04-09,0910,017011,NA,5,1,9,3700,0,2,4,NA,1,021,WILLOW GLEN DRIVE,OAK DRIVE,356,E,N,A,-,N,NA,NA,NA,NA,NA,NA,NA,NA,NA,Y,4,0,1,1,A,-,08,22107,NA,N,E,I,A,A,H,-,A,D,0,NA,NA,NA,NA,Y,NA,A,07,0,0,1,0,0,0,0,0,0,-,-,32.761661529541016,-116.89240264892578,SAN DIEGO,UNINCORPORATED,-116.8924560546875,32.76169967651367
91454861,2021,2021-04-21,9650,2021-04-10,0115,019490,NA,6,3,9,3700,0,2,4,NA,1,027,VALLEY CENTER RD,CHAPARRAL TER,24,N,N,B,-,N,NA,NA,NA,NA,NA,NA,NA,NA,NA,Y,3,0,1,1,A,-,01,23152,A,N,E,I,A,A,H,-,C,D,0,NA,NA,NA,NA,Y,Y,A,01,0,1,0,0,0,0,0,0,0,-,-,33.227481842041016,-117.03739166259766,SAN DIEGO,UNINCORPORATED,-117.0375518798828,33.22734451293945
91457925,2021,2021-04-26,9650,2021-04-14,0338,020343,NA,3,3,6,3706,0,1,1,NA,2,023,I-15 S/B,SR-78 W/B,70,S,N,C,-,Y,NA,NA,15,NA,NA,NA,NA,NA,S,Y,3,0,3,2,A,-,03,22350,NA,M,C,C,A,B,H,-,C,D,0,NA,NA,NA,NA,Y,NA,A,07,0,3,0,0,0,0,0,0,0,-,-,33.126670837402344,-117.10487365722656,SAN DIEGO,ESCONDIDO,-117.10484313964844,33.12667465209961
91458012,2021,2021-04-26,9650,2021-04-17,1425,018840,NA,6,2,5,3701,0,1,1,NA,2,005,I-5 S/B,TAMARACK AVE,1320,N,N,A,-,Y,NA,NA,5,NA,NA,NA,NA,NA,S,Y,4,0,2,2,A,-,03,22350,NA,N,C,C,A,A,H,-,A,D,0,NA,NA,NA,NA,Y,NA,A,01,0,0,2,0,0,0,0,0,0,-,-,33.15549087524414,-117.33846282958984,SAN DIEGO,CARLSBAD,-117.33847045898438,33.155487060546875
91458572,2021,2021-04-26,9645,2021-03-28,1105,016474,NA,7,1,7,3711,0,1,3,NA,2,023,SR-163 SOUTHBOUND,QUINCE STREET,470,N,N,A,-,Y,NA,NA,163,NA,NA,NA,NA,NA,S,Y,3,0,1,1,A,-,01,23152,A,N,E,I,A,A,H,-,A,D,0,NA,NA,NA,NA,Y,Y,A,01,0,1,0,0,0,0,0,0,0,-,-,32.735931396484375,-117.15595245361328,SAN DIEGO,SAN DIEGO,-117.1560287475586,32.735931396484375
91459439,2021,2021-04-27,9650,2021-04-25,1131,020966,NA,7,1,9,3700,0,3,5,NA,2,211,WOODS VALLEY RD,HECHKULK WAY,87,E,N,A,-,N,NA,NA,NA,NA,NA,NA,NA,NA,NA,Y,4,0,1,1,C,-,18,NA,NA,N,E,I,A,A,H,-,A,D,0,NA,NA,NA,NA,Y,NA,-,-,0,0,1,0,0,0,0,0,0,-,-,33.20549011230469,-116.98213958740234,SAN DIEGO,UNINCORPORATED,-116.982143,33.205591
91459542,2021,2021-04-27,9650,2021-04-24,0220,021992,NA,6,3,9,3700,0,1,1,NA,2,005,I-5 N/B,TAMARAK AVE,1584,S,N,A,-,Y,NA,NA,NA,NA,NA,NA,NA,NA,NA,Y,3,0,1,1,A,-,08,22107,NA,N,E,I,A,A,H,-,D,D,0,NA,NA,NA,NA,Y,NA,A,01,0,1,0,0,0,0,0,0,0,-,-,33.1445198059082,-117.33336639404295,SAN DIEGO,UNINCORPORATED,-117.33482360839844,33.149635314941406
91460361,2021,2021-04-28,9680,2021-04-18,2500,017460,NA,7,4,9,3700,0,1,1,NA,2,086,INTERSTATE 8 (WESTBOUND),STATE ROUTE 94,1584,E,N,A,-,Y,NA,NA,8,NA,NA,NA,NA,NA,NA,Y,4,0,1,1,A,-,01,23152,F,N,F,A,A,A,H,-,D,D,0,NA,NA,Y,NA,Y,Y,C,02,0,0,1,0,0,0,0,0,1,-,-,32.67538833618164,-116.28617095947266,SAN DIEGO,UNINCORPORATED,-116.28621673583984,32.67522430419922
9146136,2020,2020-10-09,3711,2020-08-22,2153,SD1094,NA,6,5,7,3711,0,0,0,NA,0,611,SPORTS ARENA BL,EAST DR,0,NA,Y,A,-,N,NA,NA,NA,NA,NA,NA,NA,NA,NA,Y,3,0,2,2,A,-,09,21804,A,N,D,G,A,A,H,-,C,A,0,NA,Y,NA,NA,Y,Y,L,04,0,1,1,0,0,0,1,0,0,-,-,NA,NA,SAN DIEGO,SAN DIEGO,-117.20834350585938,32.75297927856445
9146144,2020,2020-10-16,3711,2020-08-21,1320,SD7944,NA,5,5,7,3711,0,0,0,NA,0,511,MAIN ST,YAMA ST,0,NA,Y,A,-,N,NA,NA,NA,NA,NA,NA,NA,NA,NA,Y,3,0,1,2,A,-,12,21453,A,N,D,C,A,A,H,-,A,A,0,NA,NA,NA,NA,Y,NA,A,01,0,1,0,0,0,0,0,0,0,-,-,NA,NA,SAN DIEGO,SAN DIEGO,-117.11228942871094,32.68336868286133
9146687,2020,2020-10-20,3711,2020-08-30,1059,SD7211,NA,7,5,7,3711,0,0,0,NA,0,615,ROSECRANS ST,RUSSELL ST,120,N,N,A,-,N,NA,NA,NA,NA,NA,NA,NA,NA,NA,N,4,0,1,2,A,-,17,21451,A,N,C,C,A,A,H,-,A,A,0,NA,NA,NA,NA,Y,NA,I,11,0,0,1,0,0,0,0,0,0,-,-,NA,NA,SAN DIEGO,SAN DIEGO,-117.22248077392578,32.7324333190918
91467379,2021,2021-05-06,9680,2021-04-26,2359,021828,NA,1,3,5,3705,0,1,1,NA,2,083,I-8 W/B,DUNBAR LN,3168,W,N,A,-,Y,NA,NA,NA,NA,NA,NA,NA,NA,NA,Y,3,0,1,1,A,-,01,23152,A,N,E,I,A,B,H,-,D,D,0,NA,NA,NA,NA,Y,Y,A,01,0,1,0,0,0,0,0,0,0,-,-,32.85662078857422,-116.83029174804688,SAN DIEGO,EL CAJON,-116.8298110961914,32.85670471191406
91467928,2021,2021-05-07,9680,2021-04-27,1454,022021,NA,2,2,9,3700,0,2,4,NA,1,026,JAMACHA BOULEVARD,LAMPLIGHTER VILLAGE DRIVE,70,E,N,B,-,N,NA,NA,NA,NA,NA,NA,NA,NA,NA,N,4,0,1,1,A,-,03,22350,NA,N,F,A,A,A,H,-,A,D,0,NA,NA,Y,NA,Y,NA,C,02,0,0,1,0,0,0,0,0,1,-,-,32.72977066040039,-116.96150207519533,SAN DIEGO,UNINCORPORATED,-116.96158599853516,32.729793548583984
91468048,2021,2021-05-07,9645,2021-04-22,1548,015790,NA,4,2,7,3711,0,1,3,NA,2,023,SR-163 (NB),FRIARS ROAD (O/C),3960,N,N,B,-,Y,NA,NA,163,NA,NA,NA,NA,NA,NA,Y,3,0,1,2,A,-,07,21658,A,N,B,C,A,A,H,-,A,D,0,NA,NA,NA,NA,Y,NA,A,07,0,1,0,0,0,0,0,0,0,-,-,32.77790069580078,-117.16269683837892,SAN DIEGO,SAN DIEGO,-117.16260528564452,32.77792739868164
91468823,2021,2021-05-10,9645,2021-05-08,1450,019678,NA,6,2,7,3711,0,1,1,NA,2,011,I-805 N/B,EL CAJON BLVD.,10,S,N,A,-,Y,NA,NA,805,NA,NA,NA,NA,NA,N,Y,4,0,1,2,A,-,03,22350,NA,N,C,C,A,A,H,-,A,D,0,NA,NA,NA,NA,Y,NA,A,07,0,0,1,0,0,0,0,0,0,-,-,32.75531005859375,-117.12483215332033,SAN DIEGO,SAN DIEGO,-117.12481689453124,32.755313873291016
91469392,2021,2021-05-10,9650,2021-05-08,0723,015446,NA,6,1,9,3700,0,1,1,NA,2,022,I-15 SOUTHBOUND,RAINBOW VALLEY BLVD O/C,2640,S,N,A,-,Y,NA,NA,15,NA,NA,NA,NA,NA,S,Y,4,0,1,1,A,-,08,22107,NA,N,E,I,A,A,H,-,A,D,0,NA,NA,NA,NA,Y,NA,A,01,0,0,1,0,0,0,0,0,0,-,-,33.423091888427734,-117.15322113037108,SAN DIEGO,UNINCORPORATED,-117.15310668945313,33.42300796508789
91469881,2021,2021-05-11,9650,2021-05-10,1545,021200,NA,1,2,9,3700,0,3,5,NA,2,170,S SANTA FE AVENUE,AZALEA DRIVE,0,NA,Y,A,-,N,NA,NA,NA,NA,NA,NA,NA,NA,NA,Y,4,0,1,2,A,-,09,21802,A,N,D,C,A,A,H,-,A,D,0,NA,NA,NA,NA,Y,NA,A,01,0,0,1,0,0,0,0,0,0,-,-,33.1680793762207,-117.20597076416016,SAN DIEGO,UNINCORPORATED,-117.20599365234376,33.168087005615234