CASE_ID,ACCIDENT_YEAR,PROC_DATE,JURIS,COLLISION_DATE,COLLISION_TIME,OFFICER_ID,REPORTING_DISTRICT,DAY_OF_WEEK,CHP_SHIFT,POPULATION,CNTY_CITY_LOC,SPECIAL_COND,BEAT_TYPE,CHP_BEAT_TYPE,CITY_DIVISION_LAPD,CHP_BEAT_CLASS,BEAT_NUMBER,PRIMARY_RD,SECONDARY_RD,DISTANCE,DIRECTION,INTERSECTION,WEATHER_1,WEATHER_2,STATE_HWY_IND,CALTRANS_COUNTY,CALTRANS_DISTRICT,STATE_ROUTE,ROUTE_SUFFIX,POSTMILE_PREFIX,POSTMILE,LOCATION_TYPE,RAMP_INTERSECTION,SIDE_OF_HWY,TOW_AWAY,COLLISION_SEVERITY,NUMBER_KILLED,NUMBER_INJURED,PARTY_COUNT,PRIMARY_COLL_FACTOR,PCF_CODE_OF_VIOL,PCF_VIOL_CATEGORY,PCF_VIOLATION,PCF_VIOL_SUBSECTION,HIT_AND_RUN,TYPE_OF_COLLISION,MVIW,PED_ACTION,ROAD_SURFACE,ROAD_COND_1,ROAD_COND_2,LIGHTING,CONTROL_DEVICE,CHP_ROAD_TYPE,PEDESTRIAN_ACCIDENT,BICYCLE_ACCIDENT,MOTORCYCLE_ACCIDENT,TRUCK_ACCIDENT,NOT_PRIVATE_PROPERTY,ALCOHOL_INVOLVED,STWD_VEHTYPE_AT_FAULT,CHP_VEHTYPE_AT_FAULT,COUNT_SEVERE_INJ,COUNT_VISIBLE_INJ,COUNT_COMPLAINT_PAIN,COUNT_PED_KILLED,COUNT_PED_INJURED,COUNT_BICYCLIST_KILLED,COUNT_BICYCLIST_INJURED,COUNT_MC_KILLED,COUNT_MC_INJURED,PRIMARY_RAMP,SECONDARY_RAMP,LATITUDE,LONGITUDE,COUNTY,CITY,POINT_X,POINT_Y
91564662,2021,2021-09-07,9645,2021-08-12,0345,021731,NA,4,3,5,3709,0,1,3,NA,2,008,SR-54 E/B,I-805,1000,W,N,A,-,Y,NA,NA,54,NA,NA,NA,NA,NA,E,Y,3,0,1,1,A,-,01,23152,A,N,F,A,A,A,H,-,D,D,0,NA,NA,NA,NA,Y,Y,A,07,0,1,0,0,0,0,0,0,0,-,-,32.6578483581543,-117.07787322998048,SAN DIEGO,NATIONAL CITY,-117.07787322998048,32.65823745727539
91566913,2021,2021-09-10,9680,2021-08-27,0545,022675,NA,5,3,9,3700,0,1,3,NA,1,024,SR-94 (CAMPO RD),JAMACHA BLVD,69,W,N,A,-,Y,NA,NA,94,NA,NA,NA,NA,NA,NA,Y,2,0,1,2,A,-,09,21453,C,N,A,C,A,A,H,-,B,A,0,NA,NA,Y,NA,Y,NA,D,22,1,0,0,0,0,0,0,0,1,-,-,32.74005126953125,-116.95175170898438,SAN DIEGO,UNINCORPORATED,-116.95177459716795,32.7400016784668
91567397,2021,2021-09-10,9680,2021-08-29,1225,020116,NA,7,1,9,3700,0,3,5,NA,2,003,SR-79,LOOKOUT RD,2112,N,N,A,-,Y,NA,NA,79,NA,NA,NA,NA,NA,NA,N,3,0,1,1,A,-,03,22350,NA,N,F,A,A,A,H,-,A,A,0,NA,NA,Y,NA,Y,NA,C,02,0,1,0,0,0,0,0,0,1,-,-,32.964569091796875,-116.57965850830078,SAN DIEGO,UNINCORPORATED,-116.57968902587892,32.964569091796875
91568952,2021,2021-09-13,9680,2021-08-28,1935,022625,NA,6,2,9,3700,0,3,5,NA,2,001,LAKESHORE DR.,LINDO LAKE PL.,340,E,N,A,-,N,NA,NA,NA,NA,NA,NA,NA,NA,NA,Y,4,0,1,4,A,-,01,23152,A,N,B,E,A,A,H,-,D,D,0,NA,NA,NA,NA,Y,Y,A,07,0,0,1,0,0,0,0,0,0,-,-,32.859989166259766,-116.91638946533205,SAN DIEGO,UNINCORPORATED,-116.91449737548828,32.85905075073242
91569014,2021,2021-09-13,9650,2021-09-01,1743,016490,NA,3,2,9,3700,0,3,5,NA,2,006,E. ALVARADO ST.,POTTER ST.,600,E,N,A,-,N,NA,NA,NA,NA,NA,NA,NA,NA,NA,Y,4,0,3,3,A,-,09,21801,A,N,A,C,A,A,H,-,B,D,0,NA,NA,NA,NA,Y,NA,D,22,0,0,3,0,0,0,0,0,0,-,-,33.382080078125,-117.2406005859375,SAN DIEGO,UNINCORPORATED,-117.24082183837892,33.381988525390625
91570060,2021,2021-09-14,9680,2021-09-01,1320,015972,NA,3,1,9,3700,0,3,5,NA,2,002,GREENFIELD DRIVE,BALLANTYNE STREET,400,E,N,A,-,N,NA,NA,NA,NA,NA,NA,NA,NA,NA,Y,3,0,1,1,A,-,03,22350,NA,N,F,A,A,A,H,-,A,D,0,NA,NA,Y,NA,Y,NA,C,02,0,1,0,0,0,0,0,0,1,-,-,32.813350677490234,-116.95741271972656,SAN DIEGO,UNINCORPORATED,-116.95744323730467,32.81330490112305
91570193,2021,2021-09-14,9645,2021-09-02,2045,020561,NA,4,2,7,3711,0,1,1,NA,2,011,I-805 N/B,EL CAJON BLVD. O/C,233,N,N,A,-,Y,NA,NA,805,NA,NA,NA,NA,NA,N,Y,2,0,2,1,A,-,08,22107,NA,N,E,I,A,A,H,-,D,D,0,NA,NA,NA,NA,Y,NA,A,01,1,0,1,0,0,0,0,0,0,-,-,32.756080627441406,-117.12496948242188,SAN DIEGO,SAN DIEGO,-117.12503814697266,32.75606155395508
91570955,2021,2021-09-15,9645,2021-09-07,1630,020541,NA,2,2,7,3711,0,1,1,NA,2,010,I-8 EASTBOUND,I-5,3168,W,N,A,-,Y,NA,NA,8,NA,NA,NA,NA,NA,E,Y,4,0,1,2,A,-,03,22350,NA,N,C,C,A,A,H,-,A,D,0,NA,NA,NA,NA,Y,NA,D,22,0,0,1,0,0,0,0,0,0,-,-,32.7581901550293,-117.21524810791016,SAN DIEGO,SAN DIEGO,-117.21524047851563,32.75813293457031
91572135,2021,2021-09-16,9680,2021-09-03,1550,021441,NA,5,2,9,3700,0,3,5,NA,2,001,PETITE LN,MELWEIR WAY,335,S,N,A,-,N,NA,NA,NA,NA,NA,NA,NA,NA,NA,Y,4,0,1,2,A,-,08,22107,NA,N,C,E,A,A,H,-,A,D,0,NA,NA,NA,NA,Y,NA,A,01,0,0,1,0,0,0,0,0,0,-,-,32.85340118408203,-116.9114990234375,SAN DIEGO,UNINCORPORATED,NA,NA
91572898,2021,2021-09-17,9645,2021-09-02,2030,019054,NA,4,2,7,3711,0,1,1,NA,2,027,SR-15 S/B,I-8,2000,S,N,A,-,Y,NA,NA,15,NA,NA,NA,NA,NA,S,Y,4,0,1,2,A,-,03,22350,NA,N,C,C,A,A,H,-,D,D,0,NA,NA,NA,NA,Y,NA,A,07,0,0,1,0,0,0,0,0,0,-,-,32.77320098876953,-117.11273956298828,SAN DIEGO,SAN DIEGO,-117.11278533935548,32.77321243286133
91572919,2021,2021-09-17,9645,2021-09-02,0221,018987,NA,4,3,7,3711,0,1,1,NA,2,015,I-805 SOUTHBOUND,CLAIREMONT MESA BOULEVARD,2735,N,N,A,-,Y,NA,NA,805,NA,NA,NA,NA,NA,S,Y,2,0,1,1,A,-,08,22107,NA,N,E,I,A,A,H,-,D,D,0,NA,NA,NA,NA,Y,NA,A,01,1,0,0,0,0,0,0,0,0,-,-,32.84033966064453,-117.17381286621094,SAN DIEGO,SAN DIEGO,-117.17391967773438,32.84027099609375
9157390,2020,2021-01-12,3701,2020-10-06,0345,CB5520,081,2,5,5,3701,0,0,0,NA,0,006,PALOMAR AIRPORT RD,LOKER AVENUE WEST,0,NA,Y,A,-,N,NA,NA,NA,NA,NA,NA,NA,NA,NA,Y,4,0,2,2,A,-,12,21453,A,N,D,C,A,A,H,-,C,A,0,NA,NA,NA,NA,Y,NA,A,01,0,0,2,0,0,0,0,0,0,-,-,NA,NA,SAN DIEGO,CARLSBAD,-117.25943756103516,33.13064193725586
91574506,2021,2021-09-20,9680,2021-09-08,1251,016535,NA,3,1,9,3700,0,2,4,NA,1,011,HIGHWAY 8 BUSINESS,AURORA DRIVE,835,E,N,A,-,N,NA,NA,NA,NA,NA,NA,NA,NA,NA,N,4,0,1,2,A,-,06,21755,A,N,B,C,A,A,H,-,A,D,0,NA,NA,NA,Y,Y,NA,A,01,0,0,1,0,0,0,0,0,0,-,-,32.82725143432617,-116.91015625,SAN DIEGO,UNINCORPORATED,-116.910372,32.827062
91575722,2021,2021-09-21,9680,2021-09-09,1500,016102,NA,4,2,9,3700,0,2,4,NA,1,061,OLD HIGHWAY 80,TIERRA DEL SOL ROAD,3696,W,N,B,-,N,NA,NA,NA,NA,NA,NA,NA,NA,NA,N,3,0,1,2,A,-,06,21750,NA,N,H,G,A,A,H,-,A,D,0,NA,Y,NA,NA,Y,NA,A,01,0,1,0,0,0,0,1,0,0,-,-,32.67530822753906,-116.32721710205078,SAN DIEGO,UNINCORPORATED,NA,NA
91575804,2021,2021-09-21,9650,2021-09-13,0815,019490,NA,1,1,6,3706,0,3,5,NA,2,006,I-15 S/B,9TH AVE,440,S,N,A,-,Y,NA,NA,15,NA,NA,NA,NA,NA,S,Y,4,0,1,3,A,-,03,22350,NA,N,C,C,A,A,H,-,A,D,0,NA,NA,NA,NA,Y,NA,A,01,0,0,1,0,0,0,0,0,0,-,-,33.107200622558594,-117.09442138671876,SAN DIEGO,ESCONDIDO,-117.0943603515625,33.107234954833984
91577213,2021,2021-09-22,9680,2021-09-11,1330,022554,NA,6,1,9,3700,0,1,3,NA,1,051,SR-79,STAGE RD.,650,N,N,A,-,Y,NA,NA,79,NA,NA,NA,NA,NA,NA,N,3,0,1,1,A,-,03,22350,NA,N,F,A,A,A,H,-,A,D,0,NA,NA,Y,NA,Y,NA,C,02,0,1,0,0,0,0,0,0,1,-,-,33.28535079956055,-116.63706970214844,SAN DIEGO,UNINCORPORATED,-116.63706970214844,33.28533172607422
91577591,2021,2021-09-23,9650,2021-09-13,2315,019308,NA,1,3,5,3712,0,1,3,NA,2,019,SR-78 W/B TO TWIN OAKS VALLEY ROAD,TWIN OAKS VALLEY ROAD,675,E,N,A,-,Y,NA,NA,78,NA,NA,NA,R,NA,W,Y,4,0,1,1,A,-,01,23152,F,N,E,I,A,A,H,-,D,D,0,NA,NA,NA,Y,Y,NA,F,25,0,0,1,0,0,0,0,0,0,-,-,33.137611389160156,-117.16118621826172,SAN DIEGO,SAN MARCOS,-117.16118621826172,33.137611389160156
91577799,2021,2021-09-23,9645,2021-09-15,1655,020992,NA,3,2,6,3702,0,1,1,NA,2,009,I-805 NORTHBOUND,ORANGE AVENUE,400,S,N,A,-,Y,NA,NA,NA,NA,NA,NA,NA,NA,NA,N,4,0,1,2,A,-,03,22350,NA,N,C,C,A,A,H,-,A,D,0,NA,NA,NA,NA,Y,NA,A,01,0,0,1,0,0,0,0,0,0,-,-,NA,NA,SAN DIEGO,CHULA VISTA,-117.03616333007813,32.60710525512695
91578063,2021,2021-09-23,9650,2021-09-16,1240,015081,NA,4,1,6,3706,0,1,1,NA,2,023,I-15 S/B TO GAMBLE LANE,GAMBLE LANE,15,N,N,A,-,Y,NA,NA,15,NA,NA,NA,R,NA,S,N,4,0,1,2,A,-,03,22350,NA,N,C,C,A,A,H,-,A,A,0,NA,NA,NA,NA,Y,NA,A,01,0,0,1,0,0,0,0,0,0,-,-,33.093170166015625,-117.08544921875,SAN DIEGO,ESCONDIDO,-117.08544921875,33.093170166015625
91579260,2021,2021-09-24,9680,2021-09-14,1300,015972,NA,2,1,5,3708,0,1,3,NA,2,028,SR-125 N/B,FLETCHER PARKWAY,800,S,N,A,-,Y,NA,NA,125,NA,NA,NA,NA,NA,N,Y,4,0,1,1,A,-,08,22107,NA,N,E,I,A,A,H,-,A,D,0,NA,NA,NA,NA,Y,NA,A,01,0,0,1,0,0,0,0,0,0,-,-,32.78282165527344,-117.00502014160156,SAN DIEGO,LA MESA,-117.00511932373048,32.78278350830078
91579585,2021,2021-09-27,9650,2021-09-20,0455,019308,NA,1,3,6,3710,0,1,1,NA,2,005,I-5 S/B,HARBOR DRIVE,900,S,N,A,-,Y,NA,NA,5,NA,NA,NA,NA,NA,S,Y,4,0,2,2,A,-,03,22350,NA,N,C,C,A,A,H,-,D,D,0,NA,NA,NA,NA,Y,NA,A,01,0,0,2,0,0,0,0,0,0,-,-,33.208091735839844,-117.38594818115234,SAN DIEGO,OCEANSIDE,-117.38595581054688,33.20808792114258
91579600,2021,2021-09-27,9650,2021-09-21,1130,013636,NA,2,1,5,3701,0,1,1,NA,2,005,I-5 NORTHBOUND,CANNON ROAD,25,N,N,A,-,Y,NA,NA,5,NA,NA,NA,NA,NA,N,N,3,0,1,1,A,-,08,22107,NA,N,E,8,A,A,H,-,A,D,0,NA,NA,NA,NA,Y,NA,A,01,0,1,0,0,0,0,0,0,0,-,-,33.13412857055664,-117.32877349853516,SAN DIEGO,CARLSBAD,-117.32895660400392,33.134029388427734
91580108,2021,2021-09-27,9645,2021-09-21,1705,019054,NA,2,2,7,3711,0,1,1,NA,2,010,I-8 W/B TO MISSION GORGE ROAD,MISSION GORGE ROAD,250,E,N,A,-,Y,NA,NA,8,NA,NA,NA,R,NA,W,Y,2,0,1,1,A,-,03,22350,NA,N,E,I,A,A,H,-,A,D,0,NA,NA,Y,NA,Y,NA,C,02,1,0,0,0,0,0,0,0,1,-,-,32.77981185913086,-117.10031127929688,SAN DIEGO,SAN DIEGO,-117.10031127929688,32.77981185913086
91580131,2021,2021-09-27,9645,2021-09-20,1613,020301,NA,1,2,7,3711,0,1,1,NA,2,010,I-8 WESTBOUND,WARING RD,1000,W,N,A,-,Y,NA,NA,8,NA,NA,NA,NA,NA,W,Y,3,0,1,3,A,-,03,22350,NA,N,C,C,A,A,H,-,A,D,0,NA,NA,NA,NA,Y,NA,A,01,0,1,0,0,0,0,0,0,0,-,-,32.780609130859375,-117.09313201904295,SAN DIEGO,SAN DIEGO,-117.09312438964844,32.78056335449219
91580325,2021,2021-09-27,9645,2021-09-18,0835,020161,NA,6,1,7,3711,0,1,3,NA,2,006,SR-94 E/B,EUCLID AVE,500,W,N,A,-,Y,NA,NA,94,NA,NA,NA,NA,NA,E,Y,3,0,1,1,A,-,08,22107,NA,N,F,A,A,A,H,-,A,D,0,NA,NA,Y,NA,Y,NA,C,02,0,1,0,0,0,0,0,0,1,-,-,32.71765899658203,-117.08853912353516,SAN DIEGO,SAN DIEGO,-117.08853912353516,32.717708587646484
91583920,2021,2021-09-30,9680,2021-09-19,1330,020500,NA,7,1,9,3700,0,1,3,NA,1,090,SR-67 S/B,KAY DEE LN,10,N,N,A,-,Y,NA,NA,67,NA,NA,NA,NA,NA,S,N,4,0,2,2,A,-,03,22350,NA,N,C,C,A,A,H,-,A,D,0,NA,NA,NA,NA,Y,NA,A,01,0,0,2,0,0,0,0,0,0,-,-,33.01068115234375,-116.94068908691406,SAN DIEGO,UNINCORPORATED,-116.94068908691406,33.0106315612793
9158565,2020,2020-11-17,3711,2020-09-13,2239,SD6210,NA,7,5,7,3711,0,0,0,NA,0,615,ROSECRANS ST,BYRON ST,19,N,N,A,-,N,NA,NA,NA,NA,NA,NA,NA,NA,NA,N,2,0,1,2,A,-,12,21453,A,N,E,J,A,A,H,-,C,A,0,NA,NA,Y,NA,Y,Y,C,03,1,0,0,0,0,0,0,0,1,-,-,NA,NA,SAN DIEGO,SAN DIEGO,-117.2309341430664,32.722633361816406
91587158,2021,2021-10-04,9645,2021-09-23,1831,020265,NA,4,2,6,3702,0,1,1,NA,2,009,I-805 S/B,H ST. O/C,1000,S,N,A,-,Y,NA,NA,805,NA,NA,NA,NA,NA,S,Y,3,0,1,2,A,-,03,22350,NA,N,C,C,A,A,H,-,B,D,0,NA,NA,NA,NA,Y,NA,A,01,0,1,0,0,0,0,0,0,0,-,-,32.63610076904297,-117.04879760742188,SAN DIEGO,CHULA VISTA,-117.04885864257813,32.636024475097656
91589615,2021,2021-10-06,9645,2021-10-01,0218,021735,NA,5,3,7,3711,0,1,1,NA,2,001,I-5 S/B,CAMINO DE LA PLAZA,92,S,N,A,-,Y,NA,NA,NA,NA,NA,NA,NA,NA,NA,Y,3,0,1,1,A,-,03,22350,NA,N,E,I,A,A,H,-,C,D,0,NA,NA,NA,NA,Y,NA,A,01,0,1,0,0,0,0,0,0,0,-,-,NA,NA,SAN DIEGO,SAN DIEGO,-117.03258514404295,32.54405975341797
91592102,2021,2021-10-08,9680,2021-09-29,1505,021441,NA,3,2,9,3700,0,3,5,NA,2,002,GALOPAGO ST,IVANHO ST,707,N,N,A,-,N,NA,NA,NA,NA,NA,NA,NA,NA,NA,Y,4,0,1,3,A,-,01,23152,A,N,C,E,A,A,H,-,A,D,0,NA,NA,NA,NA,Y,Y,A,07,0,0,1,0,0,0,0,0,0,-,-,32.71260070800781,-116.99030303955078,SAN DIEGO,UNINCORPORATED,-116.9900360107422,32.71229934692383
9159466,2020,2020-12-23,3711,2020-10-06,1135,SD6946,NA,2,5,7,3711,0,0,0,NA,0,613,MIDWAY DR,KEMPER ST,0,NA,Y,B,-,N,NA,NA,NA,NA,NA,NA,NA,NA,NA,Y,2,0,1,2,A,-,12,21453,A,F,D,G,A,A,H,-,A,A,0,NA,Y,NA,NA,Y,NA,L,04,1,0,0,0,0,0,1,0,0,-,-,NA,NA,SAN DIEGO,SAN DIEGO,-117.21515655517578,32.75212860107422
9159475,2020,2020-12-23,3711,2020-10-07,1655,SD4892,NA,3,5,7,3711,0,0,0,NA,0,615,NIMITZ BL,ROSECRANS ST,0,NA,Y,A,-,N,NA,NA,NA,NA,NA,NA,NA,NA,NA,Y,4,0,1,2,A,-,08,22107,NA,M,A,C,A,A,H,-,A,A,0,NA,NA,NA,NA,Y,Y,-,NA,0,0,1,0,0,0,0,0,0,-,-,NA,NA,SAN DIEGO,SAN DIEGO,-117.22582244873048,32.728599548339844
9159495,2020,2020-12-17,3711,2020-10-04,1632,SD8377,NA,7,5,7,3711,0,0,0,NA,0,524,4TH AV,B ST,23,S,N,A,-,N,NA,NA,NA,NA,NA,NA,NA,NA,NA,N,3,0,1,2,A,-,12,21453,A,N,D,C,A,A,H,-,A,A,0,NA,NA,NA,NA,Y,NA,A,01,0,1,0,0,0,0,0,0,0,-,-,NA,NA,SAN DIEGO,SAN DIEGO,-117.16107940673828,32.71772766113281
9159520,2020,2020-12-17,3711,2020-10-03,0953,SD7351,NA,6,5,7,3711,0,0,0,NA,0,814,ADAMS AV,CHEROKEE ST 4700,0,NA,Y,A,-,N,NA,NA,NA,NA,NA,NA,NA,NA,NA,N,3,0,1,2,A,-,10,21950,A,N,G,B,B,A,-,-,A,A,0,Y,NA,NA,NA,Y,NA,A,01,0,1,0,0,1,0,0,0,0,-,-,NA,NA,SAN DIEGO,SAN DIEGO,NA,NA
91595325,2021,2021-10-13,9645,2021-09-04,0120,021263,NA,6,3,7,3711,0,1,1,NA,2,003,INTERSTATE 5 SOUTHBOUND,CAMINO DE LA PLAZA,40,S,N,A,-,Y,NA,NA,5,NA,NA,NA,NA,NA,S,Y,3,0,1,1,A,-,01,23152,A,N,E,I,A,A,H,-,C,D,0,NA,NA,NA,NA,Y,Y,A,01,0,1,0,0,0,0,0,0,0,-,-,32.54404830932617,-117.0325927734375,SAN DIEGO,SAN DIEGO,-117.0326919555664,32.544307708740234
9159701,2020,2020-10-27,3705,2020-07-02,1213,EC0219,NA,4,5,5,3705,0,0,0,NA,0,004,E LEXINGTON AV,TAFT AV,0,NA,Y,A,-,N,NA,NA,NA,NA,NA,NA,NA,NA,NA,NA,4,0,1,2,A,-,09,21800,C,N,D,C,A,A,H,-,A,A,0,NA,NA,NA,NA,Y,NA,A,01,0,0,1,0,0,0,0,0,0,-,-,NA,NA,SAN DIEGO,EL CAJON,-116.95641326904295,32.79270935058594
91597695,2021,2021-10-15,9650,2021-10-09,0325,019766,NA,6,3,9,3700,0,1,1,NA,2,003,I-5 N/B,COCKLEBURR RD,4382,S,N,A,-,Y,NA,NA,5,NA,NA,NA,NA,NA,N,Y,4,0,1,1,A,-,08,22107,NA,N,E,I,A,A,H,-,D,D,0,NA,NA,NA,NA,Y,NA,D,22,0,0,1,0,0,0,0,0,0,-,-,33.24306869506836,-117.41609954833984,SAN DIEGO,UNINCORPORATED,-117.416015625,33.24311828613281
91600107,2021,2021-10-19,9645,2021-10-07,0053,021523,NA,4,3,6,3702,0,1,1,NA,2,001,I-5 S/B TO J ST.,J STREET,57,N,N,A,-,Y,NA,NA,NA,NA,NA,NA,NA,NA,NA,Y,2,0,1,1,A,-,01,23152,A,N,E,8,A,A,H,-,D,D,0,NA,NA,NA,NA,Y,Y,A,01,1,0,0,0,0,0,0,0,0,-,-,32.83641052246094,-117.63551330566406,SAN DIEGO,CHULA VISTA,-117.0933837890625,32.6224479675293
91601785,2021,2021-10-20,9680,2021-10-08,1738,018672,NA,5,2,9,3700,0,3,5,NA,2,005,PINE HILLS ROAD,LAZY JAYS WAY,375,S,N,B,-,N,NA,NA,NA,NA,NA,NA,NA,NA,NA,Y,4,0,2,1,A,-,08,22107,NA,N,E,I,A,A,H,-,D,D,0,NA,NA,NA,NA,Y,NA,A,01,0,0,2,0,0,0,0,0,0,-,-,33.05849838256836,-116.61939239501952,SAN DIEGO,UNINCORPORATED,-116.61961364746094,33.05782699584961
91603094,2021,2021-10-21,9645,2021-10-17,0101,020623,NA,7,3,7,3711,0,1,3,NA,2,006,SR-94 E/B,SR-15 N/B,20,W,N,A,-,Y,NA,NA,94,NA,NA,NA,NA,NA,E,N,4,0,6,5,A,-,03,22350,NA,N,C,C,A,A,H,-,D,D,0,NA,NA,NA,NA,Y,NA,A,01,0,0,6,0,0,0,0,0,0,-,-,32.71638107299805,-117.11805725097656,SAN DIEGO,SAN DIEGO,-117.11805725097656,32.7163200378418
91604231,2021,2021-10-22,9680,2021-06-12,2248,021800,NA,6,3,9,3700,0,2,4,NA,1,026,JAMACHA ROAD,SWEETWATER ROAD,0,NA,Y,A,-,N,NA,NA,NA,NA,NA,NA,NA,NA,NA,N,3,0,1,2,A,-,12,21453,A,N,D,C,A,B,H,-,C,A,0,NA,NA,NA,NA,Y,NA,A,01,0,1,0,0,0,0,0,0,0,-,-,32.71485900878906,-117.01264190673828,SAN DIEGO,UNINCORPORATED,-117.0127182006836,32.71475601196289
91606639,2021,2021-10-26,9680,2021-10-14,1430,022030,NA,4,2,5,3708,0,1,3,NA,2,028,SR-125 S/B,MERRITT BLVD,528,S,N,A,-,Y,NA,NA,125,NA,NA,NA,NA,NA,S,N,4,0,1,3,A,-,03,22350,NA,N,C,C,A,A,H,-,A,D,0,NA,NA,NA,NA,Y,NA,D,22,0,0,1,0,0,0,0,0,0,-,-,32.75859832763672,-117.0057373046875,SAN DIEGO,LA MESA,-117.00571441650392,32.75856399536133
9160927,2020,2020-11-20,3711,2020-09-17,1603,SD7490,NA,4,5,7,3711,0,0,0,NA,0,116,MORENA BL,LISTER ST,0,NA,Y,A,-,N,NA,NA,NA,NA,NA,NA,NA,NA,NA,N,3,0,1,2,A,-,08,22107,NA,N,B,C,A,A,H,-,A,D,0,NA,NA,NA,NA,Y,NA,A,01,0,1,0,0,0,0,0,0,0,-,-,NA,NA,SAN DIEGO,SAN DIEGO,-117.20648193359376,32.78601837158203
9161463,2020,2021-01-30,3711,2020-09-19,1843,SD7909,NA,6,5,7,3711,0,0,0,NA,0,933,EL CAMINO REAL,EL CAMINO REAL 11910,0,NA,-,A,-,N,NA,NA,NA,NA,NA,NA,NA,NA,NA,N,3,0,1,2,A,-,09,21804,A,M,G,B,C,A,H,-,B,D,0,Y,NA,NA,NA,Y,NA,-,NA,0,1,0,0,1,0,0,0,0,-,-,NA,NA,SAN DIEGO,SAN DIEGO,NA,NA
91615970,2021,2021-11-04,9650,2021-10-28,0320,020497,NA,4,3,9,3700,0,3,5,NA,2,006,S. MISSION ROAD SOUTHBOUND,MISSION OAKS ROAD,700,S,N,A,-,N,NA,NA,NA,NA,NA,NA,NA,NA,NA,Y,2,0,1,1,A,-,01,23152,A,N,E,I,A,A,H,-,D,D,0,NA,NA,NA,NA,Y,Y,A,01,1,0,0,0,0,0,0,0,0,-,-,33.35763931274414,-117.24727630615234,SAN DIEGO,UNINCORPORATED,-117.24735260009766,33.35761642456055
91617517,2021,2021-11-05,9645,2021-10-25,1830,019678,NA,1,2,7,3711,0,1,1,NA,2,011,I-805 N/B TO I-8 E/B,I-8 E/B,280,S,N,B,-,Y,NA,NA,805,NA,NA,NA,R,NA,N,Y,4,0,1,1,A,-,03,22350,NA,N,E,I,A,B,H,-,C,D,0,NA,NA,NA,NA,Y,NA,A,07,0,0,1,0,0,0,0,0,0,-,-,32.77146911621094,-117.12972259521484,SAN DIEGO,SAN DIEGO,-117.12972259521484,32.77146911621094
91619960,2021,2021-11-09,9645,2021-10-31,2500,018697,NA,7,4,5,3709,0,1,1,NA,2,009,I-805 N/B TO SR-54 W/B,SR-54,310,N,N,A,-,Y,NA,NA,805,NA,NA,NA,R,NA,N,Y,4,0,1,1,A,-,01,23152,A,N,E,8,A,A,H,-,C,A,0,NA,NA,NA,NA,Y,Y,A,01,0,0,1,0,0,0,0,0,0,-,-,32.65938186645508,-117.07434844970705,SAN DIEGO,NATIONAL CITY,-117.07434844970705,32.65938186645508
91620663,2021,2021-11-09,9680,2021-06-06,1635,021441,NA,7,2,5,3705,0,1,1,NA,2,082,I-8 W/B TO SR-67,BALLANTYNE ST,410,E,N,A,-,Y,NA,NA,8,NA,NA,NA,R,NA,W,Y,4,0,1,2,A,-,03,22350,NA,N,B,C,A,A,H,-,A,D,0,NA,NA,NA,NA,Y,NA,A,08,0,0,1,0,0,0,0,0,0,-,-,32.803199768066406,-116.95680236816406,SAN DIEGO,EL CAJON,-116.95680236816406,32.803199768066406
91622402,2021,2021-11-11,9650,2021-10-31,0015,018406,NA,7,3,6,3710,0,1,1,NA,2,005,I-5 N/B TO HARBOR DR,SR-76,1200,N,N,B,-,Y,NA,NA,5,NA,NA,NA,R,NA,N,N,3,0,1,1,A,-,01,23152,A,N,F,I,A,A,H,-,C,D,0,NA,NA,NA,NA,Y,Y,A,01,0,1,0,0,0,0,0,0,0,-,-,33.208011627197266,-117.3852996826172,SAN DIEGO,OCEANSIDE,-117.3852996826172,33.208011627197266
91622533,2021,2021-11-11,9650,2021-11-04,1212,017328,NA,4,1,9,3700,0,3,5,NA,2,213,HORSE RANCH CREEK RD.,GOLD PALOMINO WAY,250,N,N,A,-,N,NA,NA,NA,NA,NA,NA,NA,NA,NA,Y,4,0,2,2,A,-,08,22107,NA,N,A,C,A,A,H,-,A,D,0,NA,NA,NA,NA,Y,NA,A,01,0,0,2,0,0,0,0,0,0,-,-,33.35411071777344,-117.15564727783205,SAN DIEGO,UNINCORPORATED,-117.155532,33.35411
91623257,2021,2021-11-12,9645,2021-10-31,0110,021651,NA,7,3,7,3711,0,1,1,NA,2,007,I-5 N/B,SR-56,650,S,N,A,-,Y,NA,NA,5,NA,NA,NA,NA,NA,N,Y,3,0,1,1,A,-,01,23152,A,N,E,8,A,A,H,-,C,D,0,NA,NA,NA,NA,Y,Y,A,01,0,1,0,0,0,0,0,0,0,-,-,32.9304084777832,-117.24022674560548,SAN DIEGO,SAN DIEGO,-117.24073028564452,32.930294036865234