CASE_ID,ACCIDENT_YEAR,PROC_DATE,JURIS,COLLISION_DATE,COLLISION_TIME,OFFICER_ID,REPORTING_DISTRICT,DAY_OF_WEEK,CHP_SHIFT,POPULATION,CNTY_CITY_LOC,SPECIAL_COND,BEAT_TYPE,CHP_BEAT_TYPE,CITY_DIVISION_LAPD,CHP_BEAT_CLASS,BEAT_NUMBER,PRIMARY_RD,SECONDARY_RD,DISTANCE,DIRECTION,INTERSECTION,WEATHER_1,WEATHER_2,STATE_HWY_IND,CALTRANS_COUNTY,CALTRANS_DISTRICT,STATE_ROUTE,ROUTE_SUFFIX,POSTMILE_PREFIX,POSTMILE,LOCATION_TYPE,RAMP_INTERSECTION,SIDE_OF_HWY,TOW_AWAY,COLLISION_SEVERITY,NUMBER_KILLED,NUMBER_INJURED,PARTY_COUNT,PRIMARY_COLL_FACTOR,PCF_CODE_OF_VIOL,PCF_VIOL_CATEGORY,PCF_VIOLATION,PCF_VIOL_SUBSECTION,HIT_AND_RUN,TYPE_OF_COLLISION,MVIW,PED_ACTION,ROAD_SURFACE,ROAD_COND_1,ROAD_COND_2,LIGHTING,CONTROL_DEVICE,CHP_ROAD_TYPE,PEDESTRIAN_ACCIDENT,BICYCLE_ACCIDENT,MOTORCYCLE_ACCIDENT,TRUCK_ACCIDENT,NOT_PRIVATE_PROPERTY,ALCOHOL_INVOLVED,STWD_VEHTYPE_AT_FAULT,CHP_VEHTYPE_AT_FAULT,COUNT_SEVERE_INJ,COUNT_VISIBLE_INJ,COUNT_COMPLAINT_PAIN,COUNT_PED_KILLED,COUNT_PED_INJURED,COUNT_BICYCLIST_KILLED,COUNT_BICYCLIST_INJURED,COUNT_MC_KILLED,COUNT_MC_INJURED,PRIMARY_RAMP,SECONDARY_RAMP,LATITUDE,LONGITUDE,COUNTY,CITY,POINT_X,POINT_Y
91976956,2023,2023-01-25,9680,2023-01-12,1910,017928,NA,4,2,9,3700,0,1,3,NA,1,090,SR-67,WYNOLA ST,75,S,N,A,-,Y,SD,NA,67,NA,NA,22.642,H,NA,R,N,4,0,1,2,A,-,01,23152,A,N,D,C,A,A,H,-,D,D,0,NA,NA,NA,NA,Y,Y,A,01,0,0,1,0,0,0,0,0,0,-,-,33.02602005004883,-116.89228057861328,SAN DIEGO,UNINCORPORATED,-116.8922119140625,33.02595901489258
91978277,2023,2023-01-26,9680,2023-01-14,1825,021441,NA,6,2,9,3700,0,1,1,NA,2,083,I-8 W/B,DUNBAR LN,3696,W,N,C,-,Y,SD,NA,8,NA,R,19.686,H,NA,L,Y,4,0,1,1,A,-,08,22107,NA,N,E,I,A,B,H,-,D,D,0,NA,NA,NA,NA,Y,NA,-,-,0,0,1,0,0,0,0,0,0,-,-,32.8231201171875,-116.90812683105467,SAN DIEGO,UNINCORPORATED,-116.90810394287108,32.82310104370117
91980674,2023,2023-01-27,9680,2023-01-15,2000,021800,NA,7,2,9,3700,0,3,5,NA,2,001,OAK CREEK DRIVE,CHASE CREEK LANE,1172,W,N,B,C,N,NA,NA,NA,NA,NA,NA,NA,NA,NA,Y,4,0,1,1,A,-,03,22350,NA,N,E,I,A,B,H,-,C,D,0,NA,NA,NA,NA,Y,NA,A,01,0,0,1,0,0,0,0,0,0,-,-,32.87200927734375,-116.9477310180664,SAN DIEGO,UNINCORPORATED,-116.94758605957033,32.87196350097656
91981864,2023,2023-01-30,9680,2023-01-18,650,021584,NA,3,1,9,3700,0,1,3,NA,1,052,STATE ROUTE 78,NEWMAN WAY,270,W,N,A,-,Y,SD,NA,78,NA,NA,55.728,H,NA,R,Y,4,0,1,2,C,-,18,NA,NA,N,G,C,A,C,H,-,A,D,0,NA,NA,NA,NA,Y,NA,-,-,0,0,1,0,0,0,0,0,0,-,-,33.079811096191406,-116.63687133789063,SAN DIEGO,UNINCORPORATED,-116.63687133789063,33.07978057861328
91982047,2023,2023-09-15,9645,2023-01-24,1030,016766,NA,2,1,7,3711,0,1,1,NA,2,007,I-5 N/B,DEL MAR HEIGHTS RD,1320,N,N,A,-,Y,SD,NA,5,NA,R,34.671,H,NA,R,Y,4,0,2,2,A,-,03,22350,NA,N,C,C,A,A,H,-,A,D,0,NA,NA,NA,NA,Y,NA,A,08,0,0,2,0,0,0,0,0,0,-,-,32.95771026611328,-117.24507904052734,SAN DIEGO,SAN DIEGO,-117.24501800537108,32.95771789550781
91982209,2023,2023-01-30,9645,2023-01-26,400,020997,NA,4,3,7,3711,0,1,3,NA,2,023,SR-163 S/B,FRIARS ROAD,1000,N,N,A,-,Y,SD,NA,163,NA,NA,5.085,H,NA,L,N,4,0,1,1,A,-,08,22107,NA,N,E,I,A,A,H,-,D,D,0,NA,NA,NA,NA,Y,NA,A,07,0,0,1,0,0,0,0,0,0,-,-,32.78168869018555,-117.16272735595705,SAN DIEGO,SAN DIEGO,-117.16282653808594,32.78170394897461
91984048,2023,2023-02-01,9645,2023-01-16,40,022948,NA,1,3,7,3711,0,1,3,NA,2,016,SR-52 E/B,MAST BLVD,5280,W,N,C,-,Y,SD,NA,52,NA,NA,12.685,H,NA,R,Y,3,0,2,1,A,-,01,23152,A,N,E,I,A,B,H,-,D,D,0,NA,NA,NA,NA,Y,Y,A,07,0,2,0,0,0,0,0,0,0,-,-,32.85036087036133,-117.03404998779295,SAN DIEGO,SAN DIEGO,-117.03401184082033,32.85045623779297
91985213,2023,2023-02-02,9650,2023-01-21,1250,021933,NA,6,1,9,3700,0,1,3,NA,1,028,SR-76,CAMPGROUND ROAD,0,NA,Y,A,-,Y,SD,NA,76,NA,NA,41.684,H,NA,R,Y,2,0,2,2,A,-,03,22350,NA,N,D,2,A,A,H,-,A,D,0,NA,NA,NA,NA,Y,NA,A,07,1,0,1,0,0,0,0,0,0,-,-,33.277408599853516,-116.85442352294922,SAN DIEGO,UNINCORPORATED,-116.85441589355467,33.27741241455078
91985223,2023,2023-02-02,9645,2023-01-12,2030,021231,NA,4,2,7,3711,0,1,1,NA,2,021,SR-15 S/B,SR-94,1500,N,N,A,-,Y,SD,NA,15,NA,NA,2.556,H,NA,L,N,3,0,1,2,A,-,03,22350,NA,N,C,C,A,A,H,-,D,D,0,NA,NA,Y,NA,Y,NA,C,02,0,1,0,0,0,0,0,0,1,-,-,32.72142028808594,-117.11686706542967,SAN DIEGO,SAN DIEGO,-117.11686706542967,32.72142028808594
91986438,2022,2023-02-03,9645,2022-10-23,1400,022814,NA,7,2,7,3711,0,1,1,NA,2,001,I-5 NORTHBOUND,MAIN STREET,350,S,N,A,-,Y,SD,NA,5,NA,NA,5.322,H,NA,R,Y,3,0,2,2,A,-,01,23152,A,N,C,C,A,A,H,-,A,D,0,NA,NA,NA,NA,Y,Y,A,01,0,2,0,0,0,0,0,0,0,-,-,32.5937614440918,-117.08849334716795,SAN DIEGO,SAN DIEGO,-117.08848571777344,32.5937614440918
91987275,2023,2023-02-06,9650,2023-01-27,1340,021338,NA,5,1,9,3700,0,1,1,NA,2,022,I-15 N/B,E MISSION ROAD,3432,N,N,A,-,Y,SD,NA,15,NA,R,51.229,H,NA,R,Y,4,0,2,2,A,-,08,22107,NA,N,B,C,A,A,H,-,A,D,0,NA,NA,NA,NA,Y,NA,D,22,0,0,2,0,0,0,0,0,0,-,-,33.396209716796875,-117.17220306396484,SAN DIEGO,UNINCORPORATED,-117.17221069335938,33.39621353149414
91987582,2023,2023-02-06,9645,2023-01-31,1920,022021,NA,2,2,7,3711,0,1,3,NA,2,006,SR-94 W/B,I-805 S/B,455,W,N,A,-,Y,SD,NA,94,NA,NA,3.986,H,NA,L,N,4,0,1,2,A,-,08,22107,NA,F,B,C,A,A,H,-,D,D,0,NA,NA,NA,NA,Y,NA,-,99,0,0,1,0,0,0,0,0,0,-,-,32.718849182128906,-117.10450744628906,SAN DIEGO,SAN DIEGO,-117.10452270507813,32.7188835144043
91987945,2023,2023-02-06,9645,2023-02-01,1645,022851,NA,3,2,7,3711,0,1,3,NA,2,023,SR-163 SB,BALBOA AVE O/C,1695,N,N,A,-,Y,SD,NA,163,NA,NA,8.351,H,NA,L,Y,4,0,1,2,A,-,03,22350,NA,N,C,C,A,A,H,-,A,D,0,NA,NA,NA,NA,Y,NA,A,07,0,0,1,0,0,0,0,0,0,-,-,32.826351165771484,-117.14438629150392,SAN DIEGO,SAN DIEGO,-117.14436340332033,32.82633972167969
9198893,2020,2021-03-15,3711,2020-12-19,0100,SD1272,NA,6,5,7,3711,0,0,0,NA,0,242,GOLD COAST DR,WESTONHILL DR,40,N,N,A,-,N,NA,NA,NA,NA,NA,NA,NA,NA,NA,Y,3,0,1,4,A,-,08,22107,NA,N,F,E,A,A,H,-,C,D,0,NA,NA,NA,NA,Y,Y,D,22,0,1,0,0,0,0,0,0,0,-,-,NA,NA,SAN DIEGO,SAN DIEGO,-117.13552856445313,32.90576171875
91990057,2023,2023-02-08,9645,2023-02-07,1550,018697,NA,2,2,7,3711,0,1,3,NA,2,023,STATE ROUTE 163 (S/B),UNIVERSITY AVENUE,70,S,N,A,-,Y,SD,NA,163,NA,NA,2.585,H,NA,R,N,4,0,1,2,A,-,03,22350,NA,N,C,C,A,A,H,-,A,D,0,NA,NA,NA,NA,Y,NA,A,08,0,0,1,0,0,0,0,0,0,-,-,32.74810028076172,-117.15615081787108,SAN DIEGO,SAN DIEGO,-117.156005859375,32.7480583190918
91990937,2023,2023-02-09,9680,2023-01-30,1450,021800,NA,1,2,9,3700,0,2,4,NA,1,013,WILDCAT CANYON ROAD,QUINCY CANYON ROAD,4319,S,N,B,C,N,NA,NA,NA,NA,NA,NA,NA,NA,NA,Y,3,0,3,1,A,-,03,22350,NA,N,E,I,A,B,H,-,A,D,0,NA,NA,NA,NA,Y,NA,D,22,0,3,0,0,0,0,0,0,0,-,-,32.92420959472656,-116.87541961669922,SAN DIEGO,UNINCORPORATED,NA,NA
91993494,2023,2023-02-13,9680,2023-02-01,1345,022030,NA,3,1,9,3700,0,2,4,NA,1,020,AVOCADO BLVD,ANAHEIM DR,147,N,N,A,-,N,NA,NA,NA,NA,NA,NA,NA,NA,NA,Y,4,0,2,2,A,-,09,21801,A,N,D,C,A,A,H,-,A,D,0,NA,NA,NA,NA,Y,NA,D,22,0,0,2,0,0,0,0,0,0,-,-,32.75857925415039,-116.9618682861328,SAN DIEGO,UNINCORPORATED,-116.96183013916016,32.75847244262695
91994210,2023,2023-02-14,9680,2023-02-02,1845,020951,NA,4,2,9,3700,0,1,3,NA,2,028,SR-125 S/B TO JAMACHA RD,JAMACHA RD,75,N,N,A,-,Y,NA,NA,NA,NA,NA,NA,NA,NA,NA,Y,4,0,1,2,A,-,01,23152,A,F,C,C,A,A,H,-,D,A,0,NA,NA,NA,NA,Y,NA,D,22,0,0,1,0,0,0,0,0,0,-,-,32.7150993347168,-117.01506805419922,SAN DIEGO,UNINCORPORATED,-117.01506805419922,32.7150993347168
91994231,2023,2023-02-14,9645,2023-01-10,930,016047,NA,2,1,7,3711,0,1,1,NA,2,009,I-805 NORTHBOUND,IMPERIAL AVENUE,1000,S,N,B,C,Y,SD,NA,805,NA,NA,11.963,H,NA,R,N,4,0,1,2,A,-,03,22350,NA,F,C,C,A,B,H,-,A,D,0,NA,NA,NA,NA,Y,NA,A,07,0,0,1,0,0,0,0,0,0,-,-,32.69868850708008,-117.09484100341795,SAN DIEGO,SAN DIEGO,-117.09478759765624,32.69868850708008
91994266,2022,2023-02-14,9680,2022-12-26,1205,017401,NA,1,1,9,3700,0,1,3,NA,1,052,SR-78,WYNOLA RD,10560,E,N,A,-,Y,SD,NA,78,NA,NA,61.988,H,NA,R,Y,3,0,1,1,A,-,03,22350,NA,N,F,A,A,A,H,-,A,D,0,NA,NA,Y,NA,Y,NA,-,-,0,1,0,0,0,0,0,0,1,-,-,33.08462142944336,-116.57524871826172,SAN DIEGO,UNINCORPORATED,-116.57521057128906,33.08462905883789
91994485,2023,2023-02-14,9680,2023-02-03,5,016694,NA,5,3,5,3781,0,1,3,NA,2,015,SR-52 EASTBOUND,SR-125 SOUTHBOUND,2290,W,N,A,-,Y,SD,NA,52,NA,NA,14.522,H,NA,R,Y,4,0,1,2,C,-,18,NA,NA,N,E,J,A,A,H,-,C,D,0,NA,NA,NA,NA,Y,NA,-,-,0,0,1,0,0,0,0,0,0,-,-,32.83592987060547,-117.01093292236328,SAN DIEGO,SANTEE,-117.01093292236328,32.83592987060547
91995577,2023,2023-02-15,9680,2023-02-03,1125,018672,NA,5,1,9,3700,0,1,3,NA,1,071,STATE ROUTE 78,SAN FELIPE RD,7920,E,N,A,-,Y,SD,NA,78,NA,NA,71.624,H,NA,R,Y,2,0,1,2,A,-,05,21460,A,N,B,C,A,A,H,-,A,A,0,NA,NA,Y,NA,Y,NA,C,02,1,0,0,0,0,0,0,0,1,-,-,33.10831832885742,-116.45037841796876,SAN DIEGO,UNINCORPORATED,-116.45037078857422,33.10829544067383
91996132,2023,2023-02-16,9645,2023-02-15,1650,018678,NA,3,2,6,3702,0,1,1,NA,2,009,I-805 S/B,EAST H STREET O/C,1600,N,N,A,-,Y,SD,NA,805,NA,NA,7.397,H,NA,L,Y,4,0,1,3,A,-,04,21703,NA,N,C,C,A,A,H,-,A,A,0,NA,NA,NA,NA,Y,NA,A,07,0,0,1,0,0,0,0,0,0,-,-,32.64339828491211,-117.05769348144533,SAN DIEGO,CHULA VISTA,-117.05767059326172,32.643409729003906
91997084,2023,2023-02-17,9650,2023-02-13,1420,016516,NA,1,2,9,3700,0,1,1,NA,2,022,I-15 N/B,PALA RD,5280,N,N,A,-,Y,SD,NA,15,NA,R,48.146,H,NA,R,Y,4,0,1,2,C,-,18,NA,NA,N,B,C,A,A,H,-,A,D,0,NA,NA,NA,NA,Y,NA,-,-,0,0,1,0,0,0,0,0,0,-,-,33.35540008544922,-117.15860748291016,SAN DIEGO,UNINCORPORATED,-117.15872955322266,33.35540008544922
91997309,2023,2023-02-17,9645,2023-02-16,1520,018697,NA,4,2,7,3711,0,1,1,NA,2,011,I-8 E/B TO I-805 S/B,CAMINO DEL RIO SOUTH,1300,S,N,A,-,Y,SD,NA,805,NA,NA,17.336,H,NA,L,N,4,0,1,2,A,-,03,22350,NA,N,C,C,A,A,H,-,A,D,0,NA,NA,NA,NA,Y,NA,A,08,0,0,1,0,0,0,0,0,0,-,-,32.76778030395508,-117.12962341308594,SAN DIEGO,SAN DIEGO,-117.12952423095705,32.76781463623047
91998627,2023,2023-02-21,9650,2023-01-22,1925,022403,NA,7,2,9,3700,0,3,5,NA,2,006,ALTURAS ROAD,MERIDA DRIVE,1000,N,N,A,-,N,NA,NA,NA,NA,NA,NA,NA,NA,NA,N,4,0,1,2,A,-,21,22106,NA,F,D,C,A,A,H,-,B,D,0,NA,NA,NA,NA,Y,NA,A,01,0,0,1,0,0,0,0,0,0,-,-,33.3661994934082,-117.25798797607422,SAN DIEGO,UNINCORPORATED,-117.25797271728516,33.36610794067383
9199947,2020,2021-02-25,3711,2020-12-15,1730,SD8861,NA,2,5,7,3711,0,0,0,NA,0,529,SPRUCE ST,2ND AV,18,W,N,A,-,N,NA,NA,NA,NA,NA,NA,NA,NA,NA,Y,4,0,1,2,A,-,09,21803,A,N,D,C,A,A,H,-,C,A,0,NA,NA,NA,NA,Y,NA,A,01,0,0,1,0,0,0,0,0,0,-,-,NA,NA,SAN DIEGO,SAN DIEGO,-117.1631317138672,32.73868179321289
9199952,2020,2021-02-25,3711,2020-12-15,0225,SD7734,NA,2,5,7,3711,0,0,0,NA,0,111,GENESEE AV,GENESEE AV 4000,0,NA,N,A,-,N,NA,NA,NA,NA,NA,NA,NA,NA,NA,Y,2,0,2,3,A,-,08,38314,NA,N,F,C,A,A,H,-,C,D,0,NA,NA,NA,NA,Y,Y,A,01,1,1,0,0,0,0,0,0,0,-,-,NA,NA,SAN DIEGO,SAN DIEGO,NA,NA
91999982,2023,2023-02-22,9645,2023-02-14,1600,019241,NA,2,2,7,3711,0,1,3,NA,2,025,SR-163 SOUTHBOUND,GENESEE AVENUE,528,N,N,B,-,Y,SD,NA,163,NA,NA,5.889,H,NA,L,N,4,0,1,3,A,-,03,22350,NA,M,C,C,A,A,H,-,A,D,0,NA,NA,NA,NA,Y,NA,-,99,0,0,1,0,0,0,0,0,0,-,-,32.79275131225586,-117.15853881835938,SAN DIEGO,SAN DIEGO,-117.15879058837892,32.79281234741211
92000334,2023,2023-02-22,9680,2023-02-09,1130,020884,NA,4,1,9,3700,0,3,5,NA,2,002,CONRAD DR,RESMAR RD,0,NA,Y,A,-,N,NA,NA,NA,NA,NA,NA,NA,NA,NA,N,4,0,1,2,A,-,09,21802,A,N,D,C,A,A,H,-,A,A,0,NA,NA,NA,NA,Y,NA,A,01,0,0,1,0,0,0,0,0,0,-,-,32.76182174682617,-116.97679901123048,SAN DIEGO,UNINCORPORATED,-116.97673797607422,32.76182556152344
92005147,2023,2023-02-28,9645,2023-02-21,1810,022814,NA,2,2,9,3700,0,3,5,NA,2,018,BONITA ROAD EASTBOUND,ANDORA WAY,0,NA,Y,C,-,N,NA,NA,NA,NA,NA,NA,NA,NA,NA,Y,3,0,1,2,A,-,09,21801,A,F,D,C,A,B,H,-,C,A,0,NA,NA,NA,NA,Y,NA,-,99,0,1,0,0,0,0,0,0,0,-,-,32.648521423339844,-117.05461120605467,SAN DIEGO,UNINCORPORATED,-117.05467987060548,32.648651123046875
92005206,2023,2023-02-28,9645,2023-02-25,2105,022814,NA,6,2,7,3711,0,1,1,NA,2,003,I-5 SOUTHBOUND TO SR-15 NORTHBOUND,I-5 SOUTHBOUND,45,S,N,C,-,Y,SD,NA,5,NA,R,12.579,H,NA,L,Y,3,0,1,1,A,-,03,22350,NA,N,A,I,A,B,H,-,C,D,0,NA,NA,NA,NA,Y,NA,A,01,0,1,0,0,0,0,0,0,0,-,-,32.69205093383789,-117.12106323242188,SAN DIEGO,SAN DIEGO,-117.1208953857422,32.69221878051758
92005211,2023,2023-02-28,9645,2023-02-25,1515,022814,NA,6,2,7,3711,0,1,1,NA,2,003,I-5 SOUTHBOUND TO SR-15 NORTHBOUND,I-5 SOUTHBOUND,45,W,N,C,-,Y,SD,NA,5,NA,R,12.579,H,NA,L,Y,4,0,1,1,A,-,03,22350,NA,N,A,I,A,B,H,-,A,D,0,NA,NA,NA,NA,Y,NA,A,07,0,0,1,0,0,0,0,0,0,-,-,32.69205093383789,-117.12106323242188,SAN DIEGO,SAN DIEGO,-117.1208953857422,32.69221878051758
92005388,2023,2023-02-28,9680,2023-02-15,1830,021476,NA,3,2,9,3700,0,3,5,NA,2,002,FURY LANE,WIEGHORST WAY,460,W,N,A,-,N,NA,NA,NA,NA,NA,NA,NA,NA,NA,Y,4,0,3,3,A,-,08,22107,NA,N,B,2,A,A,H,-,C,A,0,NA,NA,NA,NA,Y,NA,A,07,0,0,3,0,0,0,0,0,0,-,-,32.75157165527344,-116.94371032714844,SAN DIEGO,UNINCORPORATED,-116.9435577392578,32.75154495239258
92005447,2023,2023-02-28,9645,2023-02-28,630,017671,NA,2,1,7,3711,0,1,1,NA,2,009,I-805 N/B,OCEAN VIEW BOULEVARD,300,S,N,B,-,Y,SD,NA,805,NA,NA,12.048,H,NA,R,Y,4,0,1,2,A,-,03,22350,NA,N,C,C,A,B,H,-,A,D,0,NA,NA,NA,NA,Y,NA,A,07,0,0,1,0,0,0,0,0,0,-,-,32.699920654296875,-117.09477996826172,SAN DIEGO,SAN DIEGO,-117.0947723388672,32.699920654296875
92005469,2023,2023-02-28,9650,2023-02-24,610,017392,NA,5,1,6,3710,0,1,1,NA,2,005,I-5 N/B TO SR-78 E/B,I-5,528,E,N,A,-,Y,SD,NA,78,NA,NA,0.179,H,NA,R,N,2,0,1,2,A,-,03,22350,NA,N,F,C,A,B,H,-,A,D,0,NA,NA,Y,NA,Y,NA,C,02,1,0,0,0,0,0,0,0,1,-,-,33.17837142944336,-117.34877014160156,SAN DIEGO,OCEANSIDE,-117.3488311767578,33.178443908691406
92005489,2023,2023-02-28,9645,2023-02-27,848,016766,NA,1,1,7,3711,0,1,1,NA,2,021,SR-15 SB,SR-94,2640,N,N,A,-,Y,SD,NA,15,NA,NA,2.512,H,NA,L,Y,4,0,1,3,A,-,07,21658,A,N,B,C,A,A,H,-,A,D,0,NA,NA,NA,NA,Y,NA,A,07,0,0,1,0,0,0,0,0,0,-,-,32.72085189819336,-117.1171875,SAN DIEGO,SAN DIEGO,-117.1171875,32.720848083496094
92007905,2023,2023-03-02,9680,2023-02-17,1650,022106,NA,5,2,9,3700,0,3,5,NA,2,003,ALPINE BLVD.,ROCK TER.,220,E,N,A,-,N,NA,NA,NA,NA,NA,NA,NA,NA,NA,N,4,0,1,2,A,-,03,22350,NA,N,C,C,A,A,H,-,A,D,0,NA,NA,NA,NA,Y,NA,D,22,0,0,1,0,0,0,0,0,0,-,-,32.83464050292969,-116.75308227539063,SAN DIEGO,UNINCORPORATED,-116.7531280517578,32.83464050292969
92009177,2023,2023-03-03,9680,2023-02-20,645,021501,NA,1,1,9,3700,0,2,4,NA,2,072,BORREGO SALTON SEAWAY,TRUCKHAVEN TRAIL,20064,W,N,A,-,N,NA,NA,NA,NA,NA,NA,NA,NA,NA,Y,4,0,1,1,A,-,08,22107,NA,N,E,I,A,A,H,-,A,D,0,NA,NA,NA,NA,Y,NA,A,01,0,0,1,0,0,0,0,0,0,-,-,33.27962112426758,-116.0855712890625,SAN DIEGO,UNINCORPORATED,-116.15884399414063,33.28617477416992
92010844,2023,2023-03-06,9680,2023-02-22,515,017621,NA,3,3,9,3700,0,2,4,NA,1,095,DEVINEY LN. (PRIVATE ROAD),SAN VICENTE RD.,60,W,N,B,C,N,NA,NA,NA,NA,NA,NA,NA,NA,NA,Y,4,0,1,1,A,-,03,22350,NA,N,E,I,A,B,H,-,D,D,0,NA,NA,NA,NA,Y,NA,D,22,0,0,1,0,0,0,0,0,0,-,-,33.00122833251953,-116.86358642578124,SAN DIEGO,UNINCORPORATED,NA,NA
92010925,2023,2023-03-06,9650,2023-02-23,1145,019346,NA,4,1,9,3700,0,3,5,NA,2,170,SANTA FE AVE,WOODLAND DRIVE,820,W,N,B,-,N,NA,NA,NA,NA,NA,NA,NA,NA,NA,Y,3,0,1,2,A,-,08,22107,NA,N,A,C,A,B,H,-,A,D,0,NA,NA,NA,NA,Y,NA,A,01,0,1,0,0,0,0,0,0,0,-,-,33.17778015136719,-117.21460723876952,SAN DIEGO,UNINCORPORATED,-117.21454620361328,33.17776870727539
92011378,2023,2023-03-07,9645,2023-02-26,2133,022965,NA,7,2,7,3711,0,1,3,NA,2,006,STATE ROUTE 94 E/B TO EUCLID AVENUE,EUCLID AVENUE,85,E,N,B,-,Y,NA,NA,NA,NA,NA,NA,NA,NA,NA,Y,4,0,5,2,A,-,05,21651,A,N,A,C,A,A,H,-,C,D,0,NA,NA,NA,NA,Y,NA,A,07,0,0,5,0,0,0,0,0,0,-,-,32.71712112426758,-117.08457946777344,SAN DIEGO,SAN DIEGO,-117.08457946777344,32.71712112426758
92012378,2023,2023-03-08,9650,2023-03-01,2125,022139,NA,3,2,9,3700,0,1,1,NA,2,023,I-15 SOUTHBOUND,ROCK SPRINGS ROAD,500,N,N,B,-,Y,SD,NA,15,NA,R,32.181,H,NA,L,Y,4,0,1,1,A,-,08,22107,NA,N,F,I,A,A,H,-,D,D,0,NA,NA,NA,NA,Y,NA,A,01,0,0,1,0,0,0,0,0,0,-,-,33.13676834106445,-117.10540771484376,SAN DIEGO,UNINCORPORATED,-117.10514831542967,33.13676071166992
92012911,2023,2023-05-09,9650,2023-03-03,1537,021933,NA,5,2,9,3700,0,1,3,NA,1,028,SR-76,PAUMA RESERVATION RD,10,W,N,A,-,Y,SD,NA,76,NA,NA,28.982,H,NA,R,Y,3,0,3,2,A,-,08,22107,NA,N,B,2,A,A,H,-,A,A,0,NA,NA,NA,NA,Y,NA,A,01,0,2,1,0,0,0,0,0,0,-,-,33.32984161376953,-117.00096130371094,SAN DIEGO,UNINCORPORATED,-117.0009536743164,33.3298454284668
92013349,2022,2023-03-09,9680,2022-08-14,0127,021764,NA,7,3,9,3700,0,3,5,NA,2,001,EAST BRADLEY AVENUE,SAMS HILL ROAD,10,E,N,A,-,N,NA,NA,NA,NA,NA,NA,NA,NA,NA,N,1,1,0,2,A,-,11,21954,A,N,G,B,D,A,H,-,C,D,0,Y,NA,NA,NA,Y,NA,N,60,0,0,0,1,0,0,0,0,0,-,-,32.81909942626953,-116.95281219482422,SAN DIEGO,UNINCORPORATED,-116.9527587890625,32.81911849975586
92013804,2023,2023-03-09,9680,2023-02-25,1520,023077,NA,6,2,5,3708,0,1,1,NA,2,081,INTERSTATE 8 EASTBOUND,JACKSON DR,1584,W,N,B,C,Y,SD,NA,8,NA,NA,11.451,H,NA,R,Y,4,0,1,2,A,-,03,22350,NA,N,C,C,A,B,H,-,A,D,0,NA,NA,NA,NA,Y,NA,A,01,0,0,1,0,0,0,0,0,0,-,-,32.772911071777344,-117.01614379882813,SAN DIEGO,LA MESA,-117.01615142822266,32.77293014526367
92016554,2023,2023-03-13,9650,2023-03-07,133,020747,NA,2,3,9,3700,0,3,5,NA,1,212,CIRCLE R DRIVE,W. LILAC ROAD,190,S,N,A,-,N,NA,NA,NA,NA,NA,NA,NA,NA,NA,Y,3,0,1,1,A,-,01,23152,A,N,F,A,A,A,H,-,D,D,0,NA,NA,NA,NA,Y,Y,D,22,0,1,0,0,0,0,0,0,0,-,-,33.26797866821289,-117.11199188232422,SAN DIEGO,UNINCORPORATED,-117.11296844482422,33.267433166503906
92016629,2023,2023-03-13,9680,2023-03-01,1915,017460,NA,3,2,9,3700,0,1,1,NA,2,086,INTERSTATE 8,INKOPAH PARK ROAD UNDERCROSSING,285,W,N,B,-,Y,SD,NA,8,NA,R,77.528,H,NA,L,Y,3,0,1,1,A,-,03,22350,NA,N,F,A,A,C,H,-,D,D,0,NA,NA,NA,NA,Y,NA,A,07,0,1,0,0,0,0,0,0,0,-,-,32.64202880859375,-116.10765075683594,SAN DIEGO,UNINCORPORATED,-116.10773468017578,32.64206314086914
92016660,2023,2023-03-13,9650,2023-02-13,200,022139,NA,1,3,9,3700,0,1,1,NA,2,001,I-5 NORTHBOUND,SAN ONOFRE INSPECTION FACILITY,6885,N,N,B,-,Y,SD,NA,5,NA,R,68.56,H,NA,R,Y,2,0,2,2,A,-,03,22350,NA,N,C,C,A,B,H,-,D,D,0,NA,NA,NA,NA,Y,NA,A,07,1,0,1,0,0,0,0,0,0,-,-,33.36404037475586,-117.5419921875,SAN DIEGO,UNINCORPORATED,-117.54199981689452,33.36402893066406