CASE_ID,ACCIDENT_YEAR,PROC_DATE,JURIS,COLLISION_DATE,COLLISION_TIME,OFFICER_ID,REPORTING_DISTRICT,DAY_OF_WEEK,CHP_SHIFT,POPULATION,CNTY_CITY_LOC,SPECIAL_COND,BEAT_TYPE,CHP_BEAT_TYPE,CITY_DIVISION_LAPD,CHP_BEAT_CLASS,BEAT_NUMBER,PRIMARY_RD,SECONDARY_RD,DISTANCE,DIRECTION,INTERSECTION,WEATHER_1,WEATHER_2,STATE_HWY_IND,CALTRANS_COUNTY,CALTRANS_DISTRICT,STATE_ROUTE,ROUTE_SUFFIX,POSTMILE_PREFIX,POSTMILE,LOCATION_TYPE,RAMP_INTERSECTION,SIDE_OF_HWY,TOW_AWAY,COLLISION_SEVERITY,NUMBER_KILLED,NUMBER_INJURED,PARTY_COUNT,PRIMARY_COLL_FACTOR,PCF_CODE_OF_VIOL,PCF_VIOL_CATEGORY,PCF_VIOLATION,PCF_VIOL_SUBSECTION,HIT_AND_RUN,TYPE_OF_COLLISION,MVIW,PED_ACTION,ROAD_SURFACE,ROAD_COND_1,ROAD_COND_2,LIGHTING,CONTROL_DEVICE,CHP_ROAD_TYPE,PEDESTRIAN_ACCIDENT,BICYCLE_ACCIDENT,MOTORCYCLE_ACCIDENT,TRUCK_ACCIDENT,NOT_PRIVATE_PROPERTY,ALCOHOL_INVOLVED,STWD_VEHTYPE_AT_FAULT,CHP_VEHTYPE_AT_FAULT,COUNT_SEVERE_INJ,COUNT_VISIBLE_INJ,COUNT_COMPLAINT_PAIN,COUNT_PED_KILLED,COUNT_PED_INJURED,COUNT_BICYCLIST_KILLED,COUNT_BICYCLIST_INJURED,COUNT_MC_KILLED,COUNT_MC_INJURED,PRIMARY_RAMP,SECONDARY_RAMP,LATITUDE,LONGITUDE,COUNTY,CITY,POINT_X,POINT_Y
9254507,2021,2021-05-06,3702,2021-03-10,1704,CV1263,NA,3,5,6,3702,0,0,0,NA,0,022,3RD AV,OXFORD ST,98,S,N,A,-,N,NA,NA,NA,NA,NA,NA,NA,NA,NA,N,4,0,1,2,A,-,07,21658,A,N,D,G,A,A,H,-,B,D,0,NA,Y,NA,NA,Y,NA,L,04,0,0,1,0,0,0,1,0,0,-,-,NA,NA,SAN DIEGO,CHULA VISTA,-117.067626953125,32.60997772216797
9256188,2021,2023-06-21,3711,2021-03-26,1950,SD7839,NA,5,5,7,3711,0,0,0,NA,0,321,MISSION GORGE RD,TWAIN AV,106,N,N,A,-,N,NA,NA,NA,NA,NA,NA,NA,NA,NA,Y,1,1,0,2,A,-,11,21954,A,N,G,B,D,A,H,-,D,D,0,Y,NA,NA,NA,Y,Y,N,60,0,0,0,1,0,0,0,0,0,-,-,NA,NA,SAN DIEGO,SAN DIEGO,-117.09774780273438,32.7852897644043
9256264,2021,2021-06-29,3705,2021-03-30,1739,EC0371,NA,2,5,5,3705,0,0,0,NA,0,003,JAMACHA RD,E LEXINGTON AV,407,N,N,A,-,N,NA,NA,NA,NA,NA,NA,NA,NA,NA,Y,1,1,2,4,A,-,01,23153,F,F,A,C,A,A,H,-,A,D,0,NA,NA,NA,Y,Y,NA,G,55,1,1,0,0,0,0,0,0,0,-,-,NA,NA,SAN DIEGO,EL CAJON,-116.93455505371094,32.793296813964844
9256271,2021,2023-06-21,3711,2021-05-02,2141,HB4531,NA,7,5,7,3711,0,0,0,NA,0,504,NORTH HARBOR DR,LAUREL ST,0,NA,Y,A,-,N,NA,NA,NA,NA,NA,NA,NA,NA,NA,N,1,1,0,2,A,-,11,21954,A,N,G,B,D,A,H,-,D,D,0,Y,NA,NA,NA,Y,Y,N,60,0,0,0,1,0,0,0,0,0,-,-,NA,NA,SAN DIEGO,SAN DIEGO,-117.17742919921876,32.72760009765625
9256620,2021,2021-06-02,3700,2021-04-09,1438,SH3864,NA,5,5,4,3720,0,0,0,NA,0,606,LEMON GROVE AV,MASSACHETTS AV,0,NA,Y,A,-,N,NA,NA,NA,NA,NA,NA,NA,NA,NA,Y,4,0,1,3,A,-,03,22350,NA,N,C,C,A,A,H,-,A,A,0,NA,NA,NA,NA,Y,NA,D,22,0,0,1,0,0,0,0,0,0,-,-,NA,NA,SAN DIEGO,LEMON GROVE,-117.03884887695313,32.724098205566406
9256853,2021,2021-05-13,3705,2021-03-16,2144,EC0367,NA,2,5,5,3705,0,0,0,NA,0,003,EAST MAIN ST,JAMACHA RD,1,W,N,A,-,N,NA,NA,NA,NA,NA,NA,NA,NA,NA,Y,4,0,1,1,A,-,03,22350,NA,N,E,I,A,A,H,-,C,A,0,NA,NA,NA,NA,Y,NA,A,01,0,0,1,0,0,0,0,0,0,-,-,NA,NA,SAN DIEGO,EL CAJON,-116.93575286865234,32.79541015625
9257925,2021,2021-05-03,3711,2021-04-19,1519,SD1200,NA,1,5,7,3711,0,0,0,NA,0,434,CARDIFF ST,CARDIFF ST 900,0,NA,Y,A,-,N,NA,NA,NA,NA,NA,NA,NA,NA,NA,N,4,0,2,2,A,-,09,21804,A,N,D,C,A,A,H,-,A,D,0,NA,NA,NA,NA,Y,NA,A,01,0,0,2,0,0,0,0,0,0,-,-,NA,NA,SAN DIEGO,SAN DIEGO,NA,NA
9258344,2021,2021-05-04,3711,2021-04-24,1800,SD8684,NA,6,5,7,3711,0,0,0,NA,0,122,FOOTHILL BL,MONMOUTH DR,0,NA,Y,B,-,N,NA,NA,NA,NA,NA,NA,NA,NA,NA,N,4,0,1,2,A,-,03,22350,NA,N,C,C,A,A,H,-,A,D,0,NA,NA,NA,NA,Y,NA,A,01,0,0,1,0,0,0,0,0,0,-,-,NA,NA,SAN DIEGO,SAN DIEGO,-117.2444076538086,32.80698013305664
9258345,2021,2021-05-18,3711,2021-04-24,1810,SD6998,NA,6,5,7,3711,0,0,0,NA,0,233,BLACK MOUNTAIN RD,CARMEL MOUNTAIN RD,0,NA,Y,B,-,N,NA,NA,NA,NA,NA,NA,NA,NA,NA,Y,3,0,1,2,A,-,12,21453,A,N,D,C,A,-,H,-,A,A,0,NA,NA,NA,NA,Y,NA,A,08,0,1,0,0,0,0,0,0,0,-,-,NA,NA,SAN DIEGO,SAN DIEGO,-117.12677764892578,32.96334457397461
9258351,2021,2021-05-04,3711,2021-04-25,0126,SD7949,NA,7,5,7,3711,0,0,0,NA,0,524,A ST,10TH AV,0,NA,Y,A,-,N,NA,NA,NA,NA,NA,NA,NA,NA,NA,N,4,0,1,2,A,-,12,21453,A,N,D,C,A,A,H,-,C,A,0,NA,NA,NA,NA,Y,NA,A,01,0,0,1,0,0,0,0,0,0,-,-,NA,NA,SAN DIEGO,SAN DIEGO,-117.15561676025392,32.7188606262207
92601702,2024,2024-07-25,9650,2024-06-01,1555,022625,NA,6,2,9,3700,0,3,5,NA,2,210,GOPHER CANYON RD,ROBBIE LN,160,E,N,A,-,N,NA,NA,NA,NA,NA,NA,NA,NA,NA,N,4,0,1,2,A,-,03,22350,NA,M,C,C,A,A,H,-,A,D,0,NA,NA,NA,NA,Y,NA,A,01,0,0,1,0,0,0,0,0,0,-,-,33.25286102294922,-117.19297790527344,SAN DIEGO,UNINCORPORATED,-117.19245147705078,33.252925872802734
9260205,2021,2021-05-24,3711,2021-05-06,2018,6461,`,4,5,7,3711,0,0,0,NA,0,112,BALBOA AV,GENESEE,0,NA,Y,A,-,N,NA,NA,NA,NA,NA,NA,NA,NA,NA,N,4,0,1,2,A,-,03,22350,NA,N,C,C,A,A,H,-,C,A,0,NA,NA,NA,NA,Y,NA,-,99,0,0,1,0,0,0,0,0,0,-,-,NA,NA,SAN DIEGO,SAN DIEGO,-117.18194580078124,32.81925582885742
9260233,2021,2021-05-20,3711,2021-04-29,1330,SD7008,NA,4,5,7,3711,0,0,0,NA,0,526,ASH ST,4TH AV,0,NA,Y,A,-,N,NA,NA,NA,NA,NA,NA,NA,NA,NA,Y,4,0,1,2,A,-,12,21453,A,N,D,C,A,A,H,-,A,A,0,NA,NA,NA,NA,Y,NA,A,01,0,0,1,0,0,0,0,0,0,-,-,NA,NA,SAN DIEGO,SAN DIEGO,-117.1611328125,32.719886779785156
9260940,2021,2021-06-24,3711,2021-05-21,2059,SD1521,NA,5,5,7,3711,0,0,0,NA,0,122,GARNET AV,EVERTS ST,0,NA,Y,A,B,N,NA,NA,NA,NA,NA,NA,NA,NA,NA,N,2,0,3,5,A,-,10,21950,A,N,G,B,B,A,H,-,C,A,0,Y,NA,Y,NA,Y,NA,C,02,1,2,0,0,1,0,0,0,1,-,-,NA,NA,SAN DIEGO,SAN DIEGO,-117.24816131591795,32.79814147949219
9261061,2021,2021-07-07,3711,2021-06-08,0729,SD1507,NA,2,5,7,3711,0,0,0,NA,0,723,BEYER WY,PALM AV,0,NA,Y,A,-,N,NA,NA,NA,NA,NA,NA,NA,NA,NA,N,3,0,2,2,A,-,09,21801,A,N,H,C,A,A,H,-,A,D,0,NA,NA,NA,NA,Y,NA,A,01,0,1,1,0,0,0,0,0,0,-,-,NA,NA,SAN DIEGO,SAN DIEGO,-117.06201171875,32.583770751953125
9261078,2021,2021-07-08,3711,2021-06-13,0915,SD7738,NA,7,5,7,3711,0,0,0,NA,0,122,DIAMOND ST,INGRAHAM ST,271,E,N,C,-,N,NA,NA,NA,NA,NA,NA,NA,NA,NA,N,3,0,1,2,A,-,08,22107,A,N,B,G,A,A,H,-,A,D,0,NA,Y,NA,NA,Y,NA,L,04,0,1,0,0,0,0,1,0,0,-,-,NA,NA,SAN DIEGO,SAN DIEGO,-117.24089050292967,32.8027229309082
9261647,2021,2021-05-18,3711,2021-04-25,0032,SD7839,NA,7,5,7,3711,0,0,0,NA,0,242,MIRA MESA BL,PARKDALE AV,65,E,N,B,-,N,NA,NA,NA,NA,NA,NA,NA,NA,NA,Y,3,0,3,2,A,-,03,22350,NA,N,C,C,A,A,H,-,D,D,0,NA,NA,NA,Y,Y,Y,A,01,0,2,1,0,0,0,0,0,0,-,-,NA,NA,SAN DIEGO,SAN DIEGO,-117.15541839599608,32.91073226928711
9262556,2021,2021-05-13,3710,2021-03-31,2029,OC1508,NA,3,5,6,3710,0,0,0,NA,0,013,EL CAMINO REAL,RT 78,0,NA,Y,A,-,N,NA,NA,NA,NA,NA,NA,NA,NA,NA,Y,4,0,1,2,A,-,09,21453,B,N,D,C,A,A,H,-,C,A,0,NA,NA,NA,NA,Y,NA,D,22,0,0,1,0,0,0,0,0,0,-,-,NA,NA,SAN DIEGO,OCEANSIDE,-117.32691955566406,33.18157958984375
9262973,2021,2021-05-21,3703,2021-04-20,1627,1329,1,2,5,3,3703,0,0,0,NA,0,001,4TH ST,C ST,0,NA,Y,A,-,Y,SD,11,75,-,R,19.79,I,5,N,N,3,0,1,3,A,-,09,21804,A,F,D,C,A,A,H,-,A,D,0,NA,NA,Y,NA,Y,NA,-,99,0,1,0,0,0,0,0,0,1,-,-,32.6939697265625,-117.17363739013672,SAN DIEGO,CORONADO,-117.17366027832033,32.69397735595703
9263284,2021,2021-05-11,3711,2021-05-01,1941,5813,NA,6,5,7,3711,0,0,0,NA,0,123,MISSION BAY DR,QUIVIRA ACCESS RD,775,W,N,A,-,N,NA,NA,NA,NA,NA,NA,NA,NA,NA,Y,4,0,1,2,A,-,03,22350,NA,N,C,C,A,A,H,-,C,D,0,NA,NA,NA,NA,Y,NA,A,01,0,0,1,0,0,0,0,0,0,-,-,NA,NA,SAN DIEGO,SAN DIEGO,-117.24016571044922,32.76639938354492
9265929,2021,2021-05-26,3700,2021-05-12,1401,SH0524,NA,3,5,5,3712,0,0,0,NA,0,360,SOUTH TWIN OAKS VALLEY RD,SUNSTONE DR,0,NA,Y,A,-,N,NA,NA,NA,NA,NA,NA,NA,NA,NA,Y,4,0,2,2,A,-,03,22350,NA,N,C,C,A,A,H,-,A,A,0,NA,NA,NA,NA,Y,NA,A,01,0,0,2,0,0,0,0,0,0,-,-,NA,NA,SAN DIEGO,SAN MARCOS,-117.163551,33.115297
9265981,2021,2021-05-27,3705,2021-05-06,2200,EC0376,NA,4,5,5,3705,0,0,0,NA,0,003,GREENFIELD DR,COY CT,60,E,N,A,-,N,NA,NA,NA,NA,NA,NA,NA,NA,NA,Y,3,0,1,1,B,-,22,NA,NA,N,A,I,A,A,H,-,C,D,0,NA,NA,NA,NA,Y,Y,A,01,0,1,0,0,0,0,0,0,0,-,-,NA,NA,SAN DIEGO,EL CAJON,-116.92534637451172,32.813621520996094
9266200,2021,2021-06-08,3702,2021-04-30,1730,CV1241,NA,5,5,6,3702,0,0,0,NA,0,023,MONSERATE AV,INKOPAH ST,0,NA,Y,A,-,N,NA,NA,NA,NA,NA,NA,NA,NA,NA,N,2,0,1,2,A,-,12,22450,A,N,B,C,A,A,H,-,A,A,0,NA,NA,Y,NA,Y,NA,C,02,1,0,0,0,0,0,0,0,1,-,-,NA,NA,SAN DIEGO,CHULA VISTA,-117.05043792724608,32.622398376464844
9266773,2021,2021-06-03,3702,2021-05-07,2323,CV1252,NA,5,5,6,3702,0,0,0,NA,0,2442,EASTLAKE PKWY,CLUBHOUSE DR,72,N,N,C,-,N,NA,NA,NA,NA,NA,NA,NA,NA,NA,Y,4,0,2,3,A,-,08,22107,A,N,D,C,A,A,H,-,A,A,0,NA,NA,NA,NA,Y,Y,-,NA,0,0,2,0,0,0,0,0,0,-,-,NA,NA,SAN DIEGO,CHULA VISTA,-116.96624755859376,32.640716552734375
9266789,2021,2021-06-08,3709,2021-05-20,0138,NC527,NA,4,5,5,3709,0,0,0,NA,0,021,N AV,9TH ST,188,E,N,A,-,N,NA,NA,NA,NA,NA,NA,NA,NA,NA,Y,3,0,1,1,A,-,08,22107,NA,N,C,I,A,A,H,-,C,D,0,NA,NA,NA,NA,Y,Y,A,01,0,1,0,0,0,0,0,0,0,-,-,NA,NA,SAN DIEGO,NATIONAL CITY,-117.0920639038086,32.67852783203125
9268993,2021,2021-05-26,3711,2021-05-08,2008,7269,NA,6,5,7,3711,0,0,0,NA,0,436,SKYLINE DR,69TH ST,30,E,N,A,-,N,NA,NA,NA,NA,NA,NA,NA,NA,NA,N,3,0,1,1,A,-,03,22350,NA,N,H,I,A,A,H,-,C,D,0,NA,Y,NA,NA,Y,NA,L,04,0,1,0,0,0,0,1,0,0,-,-,NA,NA,SAN DIEGO,SAN DIEGO,-117.04876708984376,32.702659606933594
9269823,2021,2021-06-08,3702,2021-03-30,0915,CV1294,NA,2,5,6,3702,0,0,0,NA,0,031,EAST H ST,RT 805,0,NA,Y,A,-,N,NA,NA,NA,NA,NA,NA,NA,NA,NA,Y,3,0,1,2,A,-,03,22350,NA,N,D,C,A,A,H,-,A,A,0,NA,NA,NA,NA,Y,NA,A,01,0,1,0,0,0,0,0,0,0,-,SF,NA,NA,SAN DIEGO,CHULA VISTA,-117.05570220947266,32.640560150146484
9270709,2021,2021-06-03,3702,2021-04-14,1717,CV1263,NA,3,5,6,3702,0,0,0,NA,0,022,QUINTARD ST,TOBIAS DR,0,NA,Y,A,-,N,NA,NA,NA,NA,NA,NA,NA,NA,NA,N,3,0,1,2,D,-,00,NA,NA,N,G,G,A,A,H,-,A,D,0,NA,Y,NA,NA,Y,NA,-,-,0,1,0,0,0,0,1,0,0,-,-,NA,NA,SAN DIEGO,CHULA VISTA,-117.05484008789063,32.606163024902344
9270718,2021,2021-06-03,3702,2021-04-10,0957,CV1107,NA,6,5,6,3702,0,0,0,NA,0,041,TELEGRAPH CANYON RD,PASEO LADERA,0,NA,Y,A,-,N,NA,NA,NA,NA,NA,NA,NA,NA,NA,Y,4,0,1,2,A,-,12,21453,A,N,D,C,A,A,H,-,A,A,0,NA,NA,NA,NA,Y,NA,A,01,0,0,1,0,0,0,0,0,0,-,-,NA,NA,SAN DIEGO,CHULA VISTA,-117.02060699462892,32.623470306396484
9270885,2021,2021-06-02,3711,2021-03-05,1806,SD5813,NA,5,5,7,3711,0,0,0,NA,0,246,SPRING CANYON RD,SCRIPPS RANCH BL,0,NA,Y,A,-,N,NA,NA,NA,NA,NA,NA,NA,NA,NA,Y,2,0,2,1,A,-,08,22107,NA,N,E,J,A,A,H,-,C,A,0,NA,NA,NA,NA,Y,NA,A,01,1,0,1,0,0,0,0,0,0,-,-,NA,NA,SAN DIEGO,SAN DIEGO,-117.09296417236328,32.92611312866211
9271935,2021,2021-06-10,3711,2021-05-27,1535,SD5479,NA,4,5,7,3711,0,0,0,NA,0,517,A ST,FERN ST,3,E,N,A,-,N,NA,NA,NA,NA,NA,NA,NA,NA,NA,N,4,0,2,2,A,-,09,21802,A,N,D,C,A,A,H,-,A,D,0,NA,NA,NA,NA,Y,NA,A,01,0,0,2,0,0,0,0,0,0,-,-,NA,NA,SAN DIEGO,SAN DIEGO,-117.12944793701172,32.71900177001953
9271975,2021,2021-06-17,3711,2021-05-27,2242,SD1505,NA,4,5,7,3711,0,0,0,NA,0,614,NEWPORT AV,FROUDE ST,131,W,N,A,-,N,NA,NA,NA,NA,NA,NA,NA,NA,NA,N,3,0,1,1,A,-,01,23152,A,N,H,A,A,A,H,-,C,D,0,NA,NA,NA,NA,Y,Y,-,NA,0,1,0,0,0,0,0,0,0,-,-,NA,NA,SAN DIEGO,SAN DIEGO,-117.24446868896484,32.74281311035156
9272014,2021,2021-06-04,3711,2021-05-24,0137,7992,NA,1,5,7,3711,0,0,0,NA,0,527,PACIFIC HWY,HAWTHORNE,0,NA,Y,A,-,N,NA,NA,NA,NA,NA,NA,NA,NA,NA,N,4,0,1,2,A,-,12,21453,A,M,H,G,A,A,A,-,C,A,0,NA,Y,NA,NA,Y,Y,A,01,0,0,1,0,0,0,1,0,0,-,-,NA,NA,SAN DIEGO,SAN DIEGO,-117.1719970703125,32.72556686401367
92726492,2024,2024-11-05,9645,2024-07-13,945,023628,NA,6,1,9,3700,0,3,5,NA,2,024,TOWN SQUARE PKWY AT RANCHO BERNARDO ROAD,RANCHO BERNARDO ROAD,0,NA,Y,A,-,N,NA,NA,NA,NA,NA,NA,NA,NA,NA,Y,4,0,2,2,D,-,00,NA,NA,N,D,C,A,A,H,-,A,A,0,NA,NA,NA,NA,Y,NA,-,-,0,0,2,0,0,0,0,0,0,-,-,33.02090835571289,-117.11161041259766,SAN DIEGO,UNINCORPORATED,-117.11167144775392,33.02079391479492
9272933,2021,2021-09-01,3710,2021-06-27,1840,OC0873,NA,7,5,6,3710,0,0,0,NA,0,009,SOUTH COAST HWY,VISTA WY,80,S,N,A,-,N,NA,NA,NA,NA,NA,NA,NA,NA,NA,N,4,0,1,2,A,-,04,21703,NA,F,C,C,A,A,H,-,A,A,0,NA,NA,NA,NA,Y,NA,D,22,0,0,1,0,0,0,0,0,0,-,-,NA,NA,SAN DIEGO,OCEANSIDE,-117.35941314697266,33.17190170288086
9274666,2021,2021-07-01,3710,2021-06-08,1947,OC1154,NA,2,5,6,3710,0,0,0,NA,0,006,NORTH COAST HWY,WINDWARD WY,0,NA,Y,A,-,N,NA,NA,NA,NA,NA,NA,NA,NA,NA,N,3,0,1,2,A,-,09,21804,A,N,D,G,A,A,H,-,A,D,0,NA,Y,NA,NA,Y,NA,L,04,0,1,0,0,0,0,1,0,0,-,-,NA,NA,SAN DIEGO,OCEANSIDE,-117.38311767578124,33.200164794921875
9274787,2021,2021-07-14,3710,2021-06-16,0127,OC1425,NA,3,5,6,3710,0,0,0,NA,0,025,OCEANSIDE BL,RANCHO DEL ORO DR,670,E,N,A,-,N,NA,NA,NA,NA,NA,NA,NA,NA,NA,Y,3,0,1,1,A,-,03,22350,NA,F,F,J,A,A,H,-,C,A,0,NA,NA,NA,NA,Y,NA,D,22,0,1,0,0,0,0,0,0,0,-,-,NA,NA,SAN DIEGO,OCEANSIDE,-117.30889129638672,33.20353317260742
9274881,2021,2021-07-12,3711,2021-06-21,1751,SD1500,NA,1,5,7,3711,0,0,0,NA,0,626,PRESIDIO DR,TRIAS,0,NA,Y,A,-,N,NA,NA,NA,NA,NA,NA,NA,NA,NA,Y,4,0,1,2,A,-,03,22350,NA,M,D,C,A,A,H,-,A,D,0,NA,NA,NA,NA,Y,Y,A,01,0,0,1,0,0,0,0,0,0,-,-,NA,NA,SAN DIEGO,SAN DIEGO,-117.1882781982422,32.75395965576172
9274896,2021,2021-07-23,3700,2021-06-05,1936,SH2659,NA,6,5,5,3712,0,0,0,NA,0,355,WEST SAN MARCOS BL,RT 78,10,W,N,A,-,Y,SD,11,78,-,-,12.299,R,4,E,Y,3,0,3,2,A,-,12,21453,A,N,D,C,A,A,H,-,A,A,0,NA,NA,NA,NA,Y,NA,A,01,0,1,2,0,0,0,0,0,0,-,EO,NA,NA,SAN DIEGO,SAN MARCOS,-117.17417144775392,33.136940002441406
9275277,2021,2021-07-06,3700,2021-03-01,0431,SH7554,NA,1,5,4,3707,0,0,0,NA,0,703,PALM AV,RAINBOW DR,0,NA,Y,A,-,N,NA,NA,NA,NA,NA,NA,NA,NA,NA,N,4,0,1,2,A,-,08,22100,B,N,G,G,A,A,H,-,A,D,0,NA,Y,NA,NA,Y,NA,L,04,0,0,1,0,0,0,1,0,0,-,-,NA,NA,SAN DIEGO,IMPERIAL BEACH,-117.12081909179688,32.58392333984375
9275592,2021,2021-07-29,3705,2021-06-04,1344,EC0219,NA,5,5,5,3705,0,0,0,NA,0,004,E CHASE AV,S MAGNOLIA AV,70,E,N,A,-,N,NA,NA,NA,NA,NA,NA,NA,NA,NA,Y,4,0,2,3,A,-,03,22350,NA,N,C,C,A,A,H,-,A,A,0,NA,NA,NA,NA,Y,NA,D,22,0,0,2,0,0,0,0,0,0,-,-,NA,NA,SAN DIEGO,EL CAJON,-116.96207427978516,32.780391693115234
9278083,2021,2021-06-21,3710,2021-05-22,1635,OC1203,NA,6,5,6,3710,0,0,0,NA,0,001,NORTH HARBOR DR,HARBOR DR,2904,N,N,A,-,N,NA,NA,NA,NA,NA,NA,NA,NA,NA,N,2,0,1,1,A,-,03,22350,NA,N,H,A,A,A,G,-,A,D,0,NA,Y,NA,NA,Y,NA,L,04,1,0,0,0,0,0,1,0,0,-,-,NA,NA,SAN DIEGO,OCEANSIDE,-117.39022064208984,33.20994186401367
9278084,2021,2021-06-21,3710,2021-05-25,1506,OC1450,NA,2,5,6,3710,0,0,0,NA,0,030,THUNDER DR,LEWIS ST,30,S,N,A,-,N,NA,NA,NA,NA,NA,NA,NA,NA,NA,N,3,0,3,2,A,-,03,22350,NA,N,C,C,A,A,H,-,A,D,0,NA,NA,NA,NA,Y,NA,A,01,0,1,2,0,0,0,0,0,0,-,-,NA,NA,SAN DIEGO,OCEANSIDE,-117.28813934326172,33.1956672668457
9278321,2021,2021-07-01,3700,2021-05-22,1610,SH6068,NA,6,5,4,3707,0,0,0,NA,0,705,ELM AV,ELM AV 1300 BLOCK,0,NA,-,A,-,N,NA,NA,NA,NA,NA,NA,NA,NA,NA,Y,4,0,2,2,B,-,22,NA,NA,N,D,C,A,A,H,-,A,A,0,NA,NA,NA,Y,Y,NA,-,NA,0,0,2,0,0,0,0,0,0,-,-,NA,NA,SAN DIEGO,IMPERIAL BEACH,-117.0714111328125,33.125389099121094
9279718,2021,2021-07-02,3711,2021-06-11,1049,SD5652,NA,5,5,7,3711,0,0,0,NA,0,232,TED WILLIAMS PKWY,LINDAMERE LN,230,W,N,A,-,N,NA,NA,NA,NA,NA,NA,NA,NA,NA,N,3,0,1,1,A,-,17,21208,A,N,E,A,A,A,H,-,A,-,0,NA,NA,NA,NA,Y,NA,-,NA,0,1,0,0,0,0,0,0,0,-,-,NA,NA,SAN DIEGO,SAN DIEGO,-117.07200622558594,32.97118377685547
92799796,2024,2024-07-26,9645,2024-07-23,1607,017953,NA,2,2,7,3711,0,1,1,NA,2,019,I-15 N/B,CAMINO DEL NORTE,1901,S,N,A,-,Y,SD,NA,15,NA,M,21.568,H,NA,R,Y,3,0,1,2,A,-,03,22350,NA,N,C,C,A,A,H,-,A,D,0,NA,NA,NA,NA,Y,NA,A,07,0,1,0,0,0,0,0,0,0,-,-,32.99248123168945,-117.08342742919922,SAN DIEGO,SAN DIEGO,-117.08335113525392,32.992488861083984
9280284,2021,2021-06-22,3711,2021-06-04,1700,SD8695,NA,5,5,7,3711,0,0,0,NA,0,114,CLAIREMONT MESA BL,GENESEE AV,0,NA,Y,A,-,N,NA,NA,NA,NA,NA,NA,NA,NA,NA,Y,3,0,1,2,A,-,08,38314,NA,N,A,C,A,A,H,-,A,A,0,NA,NA,NA,NA,Y,NA,A,01,0,1,0,0,0,0,0,0,0,-,-,NA,NA,SAN DIEGO,SAN DIEGO,-117.19490051269533,32.83449172973633
9280421,2021,2021-06-29,3710,2021-05-29,1225,OC1443,NA,6,5,6,3710,0,0,0,NA,0,021,RT 76,FRAZEE RD,400,W,N,A,-,Y,SD,11,76,-,R,5.52,H,-,E,N,4,0,1,2,A,-,03,22350,NA,F,C,C,A,A,H,-,A,A,0,NA,NA,NA,NA,Y,NA,A,01,0,0,1,0,0,0,0,0,0,-,-,NA,NA,SAN DIEGO,OCEANSIDE,-117.29940795898438,33.2382698059082
9280453,2021,2021-07-30,3708,2021-06-13,1730,LM1158,NA,7,5,5,3708,0,0,0,NA,0,002,JACKSON DR,CENTER DR,345,S,N,A,-,N,NA,NA,NA,NA,NA,NA,NA,NA,NA,Y,4,0,1,3,A,-,08,22107,NA,N,C,E,A,A,H,-,A,D,0,NA,NA,NA,NA,Y,NA,A,01,0,0,1,0,0,0,0,0,0,-,-,NA,NA,SAN DIEGO,LA MESA,-117.0146713256836,32.776180267333984
9280623,2021,2021-07-15,3702,2021-06-03,1204,CV0991,NA,4,5,6,3702,0,0,0,NA,0,013,FIG AV,H ST,2,S,N,A,-,N,NA,NA,NA,NA,NA,NA,NA,NA,NA,N,3,0,1,2,A,-,10,21950,A,N,D,B,B,A,H,-,A,A,0,Y,NA,NA,NA,Y,NA,A,01,0,1,0,0,1,0,0,0,0,-,-,NA,NA,SAN DIEGO,CHULA VISTA,-117.08293914794922,32.63278579711914
9281425,2021,2021-09-24,3711,2021-07-20,1925,SD1501,NA,2,5,7,3711,0,0,0,NA,0,628,INDIA ST,OLIVE ST,5,S,N,A,-,N,NA,NA,NA,NA,NA,NA,NA,NA,NA,Y,2,0,3,2,A,-,08,22107,NA,N,D,C,A,A,H,-,A,D,0,NA,NA,NA,NA,Y,NA,A,01,1,2,0,0,0,0,0,0,0,-,-,NA,NA,SAN DIEGO,SAN DIEGO,-117.17239379882813,32.73318862915039
9281758,2021,2021-06-28,3711,2021-04-30,2043,SD5600,NA,5,5,7,3711,0,0,0,NA,0,114,CLAIREMONT MESA BL,CLAIREMONT DR,129,W,N,A,-,N,NA,NA,NA,NA,NA,NA,NA,NA,NA,Y,4,0,1,2,A,-,08,22107,NA,M,C,C,A,A,H,-,C,A,0,NA,NA,NA,NA,Y,NA,A,01,0,0,1,0,0,0,0,0,0,-,-,NA,NA,SAN DIEGO,SAN DIEGO,-117.2065658569336,32.82770919799805
9281848,2021,2021-06-24,3700,2021-05-15,1455,SH3208,NA,6,5,4,3707,0,0,0,NA,0,703,PALM AV,RAINBOW DR,0,NA,Y,A,-,N,NA,NA,NA,NA,NA,NA,NA,NA,NA,N,3,0,1,2,A,-,10,21950,A,N,G,B,B,A,H,-,A,D,0,Y,NA,NA,NA,Y,NA,A,01,0,1,0,0,1,0,0,0,0,-,-,NA,NA,SAN DIEGO,IMPERIAL BEACH,-117.12081909179688,32.58392333984375
9282827,2021,2021-07-20,3710,2021-06-26,2221,OC1498,NA,6,5,6,3710,0,0,0,NA,0,025,AVENIDA DEL ORO,WINDANSEA ST,80,N,N,A,-,N,NA,NA,NA,NA,NA,NA,NA,NA,NA,Y,3,0,2,1,A,-,03,22350,NA,N,A,I,A,A,H,-,C,D,0,NA,NA,NA,NA,Y,Y,A,01,0,1,1,0,0,0,0,0,0,-,-,NA,NA,SAN DIEGO,OCEANSIDE,-117.29398345947266,33.214176177978516
9283764,2021,2021-08-19,3711,2021-07-03,1905,SD7945,NA,6,5,7,3711,0,0,0,NA,0,838,EL CAJON BL,MILEPOST,16,S,N,A,-,N,NA,NA,NA,NA,NA,NA,NA,NA,NA,Y,4,0,2,2,A,-,12,21453,A,N,D,C,A,A,H,-,A,A,0,NA,NA,NA,NA,Y,NA,A,01,0,0,2,0,0,0,0,0,0,-,-,NA,NA,SAN DIEGO,SAN DIEGO,NA,NA