CASE_ID,ACCIDENT_YEAR,PROC_DATE,JURIS,COLLISION_DATE,COLLISION_TIME,OFFICER_ID,REPORTING_DISTRICT,DAY_OF_WEEK,CHP_SHIFT,POPULATION,CNTY_CITY_LOC,SPECIAL_COND,BEAT_TYPE,CHP_BEAT_TYPE,CITY_DIVISION_LAPD,CHP_BEAT_CLASS,BEAT_NUMBER,PRIMARY_RD,SECONDARY_RD,DISTANCE,DIRECTION,INTERSECTION,WEATHER_1,WEATHER_2,STATE_HWY_IND,CALTRANS_COUNTY,CALTRANS_DISTRICT,STATE_ROUTE,ROUTE_SUFFIX,POSTMILE_PREFIX,POSTMILE,LOCATION_TYPE,RAMP_INTERSECTION,SIDE_OF_HWY,TOW_AWAY,COLLISION_SEVERITY,NUMBER_KILLED,NUMBER_INJURED,PARTY_COUNT,PRIMARY_COLL_FACTOR,PCF_CODE_OF_VIOL,PCF_VIOL_CATEGORY,PCF_VIOLATION,PCF_VIOL_SUBSECTION,HIT_AND_RUN,TYPE_OF_COLLISION,MVIW,PED_ACTION,ROAD_SURFACE,ROAD_COND_1,ROAD_COND_2,LIGHTING,CONTROL_DEVICE,CHP_ROAD_TYPE,PEDESTRIAN_ACCIDENT,BICYCLE_ACCIDENT,MOTORCYCLE_ACCIDENT,TRUCK_ACCIDENT,NOT_PRIVATE_PROPERTY,ALCOHOL_INVOLVED,STWD_VEHTYPE_AT_FAULT,CHP_VEHTYPE_AT_FAULT,COUNT_SEVERE_INJ,COUNT_VISIBLE_INJ,COUNT_COMPLAINT_PAIN,COUNT_PED_KILLED,COUNT_PED_INJURED,COUNT_BICYCLIST_KILLED,COUNT_BICYCLIST_INJURED,COUNT_MC_KILLED,COUNT_MC_INJURED,PRIMARY_RAMP,SECONDARY_RAMP,LATITUDE,LONGITUDE,COUNTY,CITY,POINT_X,POINT_Y
9284161,2021,2021-07-21,3705,2021-06-19,1148,EC0383,NA,6,5,5,3705,0,0,0,NA,0,002,EAST MAIN ST,JAMACHA RD,312,E,N,A,-,N,NA,NA,NA,NA,NA,NA,NA,NA,NA,Y,3,0,1,2,A,-,07,21658,A,N,B,C,A,A,H,-,A,D,0,NA,NA,Y,NA,Y,NA,A,01,0,1,0,0,0,0,0,0,1,-,-,NA,NA,SAN DIEGO,EL CAJON,-116.93494415283205,32.795928955078125
9284764,2021,2021-07-22,3711,2021-07-12,2300,SD8404,NA,1,5,7,3711,0,0,0,NA,0,614,SARATOGA AV,SARATOGA AV 4900,0,NA,-,B,-,N,NA,NA,NA,NA,NA,NA,NA,NA,NA,N,4,0,1,1,B,-,22,NA,NA,N,H,J,A,A,H,-,C,D,0,NA,Y,NA,NA,Y,NA,L,04,0,0,1,0,0,0,1,0,0,-,-,NA,NA,SAN DIEGO,SAN DIEGO,NA,NA
92878491,2024,2024-07-30,9645,2024-07-16,1523,021359,NA,2,2,7,3711,0,1,1,NA,2,015,I-805 S/B,MIRAMAR ROAD,1398,S,N,A,-,Y,SD,NA,805,NA,NA,25.656,H,NA,L,N,4,0,2,2,D,-,00,NA,NA,N,B,C,A,A,H,-,A,D,0,NA,NA,NA,NA,Y,NA,-,-,0,0,2,0,0,0,0,0,0,-,-,32.87171936035156,-117.19708251953124,SAN DIEGO,SAN DIEGO,-117.19696807861328,32.871795654296875
9288426,2021,2021-07-14,3708,2021-05-13,1710,IM1265,NA,4,5,5,3708,0,0,0,NA,0,001,MASSACHUSETTS AV,CARMENITA RD,24,N,N,A,-,N,NA,NA,NA,NA,NA,NA,NA,NA,NA,Y,3,0,2,2,A,-,03,22350,NA,N,C,C,A,A,H,-,A,D,0,NA,NA,Y,NA,Y,NA,C,02,0,2,0,0,0,0,0,0,1,-,-,NA,NA,SAN DIEGO,LA MESA,-117.04279327392578,32.74702453613281
9289321,2021,2021-07-19,3711,2021-06-24,1329,SD6390,NA,4,5,7,3711,0,0,0,NA,0,446,SOUTH 47TH ST,S 47TH ST 1500,0,NA,N,A,-,N,NA,NA,NA,NA,NA,NA,NA,NA,NA,Y,4,0,1,2,A,-,04,21703,NA,N,C,C,A,A,H,-,A,D,0,NA,NA,NA,NA,Y,NA,A,01,0,0,1,0,0,0,0,0,0,-,-,NA,NA,SAN DIEGO,SAN DIEGO,-117.09369659423828,32.70414733886719
9289323,2021,2021-07-19,3711,2021-06-24,0930,SD8334,NA,4,5,7,3711,0,0,0,NA,0,431,EUCLID AV,GENEVA AV 5000,0,NA,N,B,-,N,NA,NA,NA,NA,NA,NA,NA,NA,NA,N,4,0,1,2,A,-,13,22515,A,M,C,C,A,A,H,-,A,A,0,NA,NA,NA,NA,Y,NA,-,99,0,0,1,0,0,0,0,0,0,-,-,NA,NA,SAN DIEGO,SAN DIEGO,-117.08496856689452,32.71672058105469
9289351,2021,2021-07-30,3711,2021-06-27,1100,SD7739,NA,7,5,7,3711,0,0,0,NA,0,124,VIA CAPRI,HILLSIDE DR,0,NA,N,A,-,N,NA,NA,NA,NA,NA,NA,NA,NA,NA,N,3,0,1,1,B,-,22,NA,NA,N,D,H,A,A,A,-,-,-,0,NA,Y,NA,NA,Y,NA,L,04,0,1,0,0,0,0,1,0,0,-,-,NA,NA,SAN DIEGO,SAN DIEGO,-117.24984741210938,32.840091705322266
92898236,2024,2024-07-30,9680,2024-07-19,1505,020884,NA,5,2,9,3700,0,1,3,NA,2,016,SR-67 N/B,RIVERFORD RD,321,S,N,A,-,Y,SD,NA,67,NA,R,3.851,H,NA,R,Y,3,0,2,2,A,-,08,22107,NA,N,E,8,A,A,H,-,A,D,0,NA,NA,NA,Y,Y,NA,A,01,0,1,1,0,0,0,0,0,0,-,-,32.8543586730957,-116.94798278808594,SAN DIEGO,UNINCORPORATED,-116.94792175292967,32.85429382324219
9290471,2020,2021-08-21,3711,2020-07-10,1445,SD7056,NA,5,5,7,3711,0,0,0,NA,0,613,CHATSWORTH BL,ELLIOTT ST,0,NA,Y,A,-,N,NA,NA,NA,NA,NA,NA,NA,NA,NA,Y,3,0,4,2,A,-,09,21802,B,N,D,C,A,A,H,-,A,D,0,NA,NA,NA,NA,Y,NA,A,01,0,2,2,0,0,0,0,0,0,-,-,NA,NA,SAN DIEGO,SAN DIEGO,-117.2219467163086,32.74359130859375
9290804,2021,2021-08-17,3700,2021-06-25,1545,SH0320,NA,5,5,5,3713,0,0,0,NA,0,313,E VALE VIEW DR,HACIENDA DR,156,S,N,A,-,N,NA,NA,NA,NA,NA,NA,NA,NA,NA,Y,4,0,1,2,A,-,05,21650,NA,N,A,C,A,A,H,-,A,D,0,NA,NA,NA,NA,Y,NA,D,22,0,0,1,0,0,0,0,0,0,-,-,NA,NA,SAN DIEGO,VISTA,-117.24635314941406,33.19248962402344
9291442,2021,2021-08-27,3711,2021-07-01,2045,SD1525,NA,4,5,7,3711,0,0,0,NA,0,111,BALBOA AV,BALBOA AV 7600,0,NA,-,A,-,N,NA,NA,NA,NA,NA,NA,NA,NA,NA,N,4,0,1,2,A,-,-,NA,NA,N,C,C,A,A,H,-,C,D,0,NA,NA,NA,NA,Y,Y,A,01,0,0,1,0,0,0,0,0,0,-,-,NA,NA,SAN DIEGO,SAN DIEGO,-117.23413848876952,32.79947280883789
9293153,2021,2021-08-30,3711,2021-07-11,1915,SD1503,NA,7,5,7,3711,0,0,0,NA,0,621,FULTON ST,FULTON ST 6700,0,NA,N,A,-,N,NA,NA,NA,NA,NA,NA,NA,NA,NA,N,4,0,1,3,A,-,03,22350,NA,M,C,C,A,A,H,-,A,D,0,NA,NA,NA,NA,Y,NA,A,01,0,0,1,0,0,0,0,0,0,-,-,NA,NA,SAN DIEGO,SAN DIEGO,NA,NA
9293390,2021,2021-08-11,3700,2021-06-03,1422,SH3871,NA,4,5,4,3780,0,0,0,NA,0,414,POMERADO RD,OAK KNOLL RD,0,NA,Y,A,-,N,NA,NA,NA,NA,NA,NA,NA,NA,NA,Y,4,0,1,2,D,-,00,NA,NA,N,D,C,A,A,H,-,A,A,0,NA,NA,NA,NA,Y,NA,-,-,0,0,1,0,0,0,0,0,0,-,-,NA,NA,SAN DIEGO,POWAY,-117.06256103515624,32.950042724609375
9294136,2021,2021-07-29,3705,2021-03-16,1915,EC0389,NA,2,5,5,3705,0,0,0,NA,0,001,EL CAJON BL,CHASE AV,689,S,N,A,-,N,NA,NA,NA,NA,NA,NA,NA,NA,NA,N,4,0,1,2,A,-,03,22350,NA,M,C,C,A,A,H,-,C,A,0,NA,NA,NA,NA,Y,NA,A,01,0,0,1,0,0,0,0,0,0,-,-,NA,NA,SAN DIEGO,EL CAJON,-116.9814682006836,32.78232955932617
9294831,2021,2021-09-30,3700,2021-07-03,1741,SH0817,NA,6,5,5,3712,0,0,0,NA,0,352,WOODWARD ST,VINEYARD RD,0,NA,Y,A,-,N,NA,NA,NA,NA,NA,NA,NA,NA,NA,Y,4,0,1,2,A,-,08,22101,D,N,D,C,A,A,H,-,A,A,0,NA,NA,NA,NA,Y,NA,A,01,0,0,1,0,0,0,0,0,0,-,-,NA,NA,SAN DIEGO,SAN MARCOS,-117.15997314453124,33.145660400390625
9295431,2021,2021-08-06,3700,2021-06-12,1230,SH2001,NA,6,5,5,3781,0,0,0,NA,0,519,N MAGNOLIA AV,RT 67,0,NA,Y,A,-,Y,SD,11,67,-,R,2.054,R,4,S,N,3,0,3,2,A,-,12,21453,A,N,D,C,A,A,H,-,A,A,0,NA,NA,NA,NA,Y,NA,A,08,0,1,2,0,0,0,0,0,0,-,SO,NA,NA,SAN DIEGO,SANTEE,-116.96208190917967,32.832786560058594
9295432,2021,2021-07-28,3700,2021-06-17,0802,SH2001,NA,4,5,5,3781,0,0,0,NA,0,519,MISSION GORGE RD,TAMBERLY WY,868,E,N,A,-,N,NA,NA,NA,NA,NA,NA,NA,NA,NA,N,3,0,1,2,A,-,11,21954,A,N,G,B,D,A,H,-,A,D,0,Y,NA,NA,NA,Y,NA,N,60,0,1,0,0,1,0,0,0,0,-,-,NA,NA,SAN DIEGO,SANTEE,-116.9765625,32.83847427368164
9295448,2021,2021-07-27,3702,2021-06-14,0909,CV1311,NA,1,5,6,3702,0,0,0,NA,0,013,F ST,DEL MAR AV,4,E,N,A,-,N,NA,NA,NA,NA,NA,NA,NA,NA,NA,N,3,0,1,2,A,-,10,21950,A,F,G,B,B,A,H,-,A,D,0,Y,NA,NA,NA,Y,NA,A,07,0,1,0,0,1,0,0,0,0,-,-,NA,NA,SAN DIEGO,CHULA VISTA,-117.07782745361328,32.64185333251953
9295495,2021,2021-08-10,3702,2021-06-12,1741,CV0983,NA,6,5,6,3702,0,0,0,NA,0,042,OLYMPIC PKWY,TOWN CENTER DR,60,E,N,A,-,N,NA,NA,NA,NA,NA,NA,NA,NA,NA,N,4,0,1,2,A,-,03,22350,NA,N,C,C,A,A,H,-,A,A,0,NA,NA,NA,NA,Y,NA,A,07,0,0,1,0,0,0,0,0,0,-,-,NA,NA,SAN DIEGO,CHULA VISTA,-116.9673080444336,32.62847900390625
9297288,2021,2021-09-10,3711,2021-08-10,1340,SD1519,NA,2,5,7,3711,0,0,0,NA,0,111,BALBOA AV,BALBOA AV 5600,0,NA,Y,A,-,N,NA,NA,NA,NA,NA,NA,NA,NA,NA,N,3,0,1,3,A,-,03,22350,NA,N,C,C,A,A,H,-,A,A,0,NA,NA,NA,NA,Y,NA,A,01,0,1,0,0,0,0,0,0,0,-,-,NA,NA,SAN DIEGO,SAN DIEGO,-117.23413848876952,32.79947280883789
9297355,2021,2021-09-10,3711,2021-07-28,1740,SD7686,NA,3,5,7,3711,0,0,0,NA,0,243,KEARNY VILLA RD,KEARNY VILLA RD 6700,0,NA,Y,A,-,N,NA,NA,NA,NA,NA,NA,NA,NA,NA,Y,4,0,2,3,A,-,12,21453,A,N,B,C,A,A,H,-,A,A,0,NA,NA,NA,NA,Y,Y,D,22,0,0,2,0,0,0,0,0,0,-,-,NA,NA,SAN DIEGO,SAN DIEGO,-117.14020538330078,32.83074951171875
9297810,2021,2021-09-03,3711,2021-07-24,1100,SD1256,NA,6,5,7,3711,0,0,0,NA,0,445,47TH ST,HILLTOP DR,400,N,N,A,-,N,NA,NA,NA,NA,NA,NA,NA,NA,NA,N,4,0,1,2,D,-,00,NA,NA,N,G,B,D,A,H,-,A,D,0,Y,NA,NA,NA,Y,NA,-,-,0,0,1,0,1,0,0,0,0,-,-,NA,NA,SAN DIEGO,SAN DIEGO,-117.09357452392578,32.71614456176758
9297815,2021,2021-09-03,3711,2021-07-29,0745,SD8447,NA,4,5,7,3711,0,0,0,NA,0,712,EAST BEYER BL,HILL ST,0,NA,Y,A,-,N,NA,NA,NA,NA,NA,NA,NA,NA,NA,N,4,0,2,2,A,-,09,21804,A,N,D,C,A,-,H,-,A,D,0,NA,NA,NA,NA,Y,NA,A,01,0,0,2,0,0,0,0,0,0,-,-,NA,NA,SAN DIEGO,SAN DIEGO,-117.03939056396484,32.55238723754883
9299195,2021,2021-09-01,3711,2021-07-21,1035,SD7367,NA,3,5,7,3711,0,0,0,NA,0,832,FAIRMOUNT AV,ORANGE AV,20,N,N,A,-,N,NA,NA,NA,NA,NA,NA,NA,NA,NA,N,4,0,1,2,A,-,09,21801,A,N,D,C,A,A,H,-,A,A,0,NA,NA,NA,NA,Y,NA,A,08,0,0,1,0,0,0,0,0,0,-,-,NA,NA,SAN DIEGO,SAN DIEGO,-117.10086059570313,32.75322341918945
92997210,2024,2024-07-31,9650,2024-07-17,1525,019979,NA,3,2,9,3700,0,3,5,NA,2,210,DEER SPRINGS RD,MESA ROCK ROAD,3379,W,N,A,-,N,NA,NA,NA,NA,NA,NA,NA,NA,NA,N,3,0,4,8,A,-,08,22107,NA,N,B,C,A,A,H,-,A,D,0,NA,NA,NA,Y,Y,NA,F,26,0,2,2,0,0,0,0,0,0,-,-,33.1950798034668,-117.13773345947266,SAN DIEGO,UNINCORPORATED,-117.1376953125,33.195106506347656
92997383,2024,2024-07-31,9680,2024-07-20,1300,021353,NA,6,1,9,3700,0,1,3,NA,2,028,SR-125 NORTHBOUND,PARADISE VALLEY ROAD,86,N,N,A,-,Y,SD,NA,125,NA,NA,9.94,H,NA,R,Y,4,0,1,1,A,-,01,23152,A,N,E,I,A,A,D,-,A,D,0,NA,NA,NA,NA,Y,Y,A,01,0,0,1,0,0,0,0,0,0,-,-,32.705169677734375,-117.0106964111328,SAN DIEGO,UNINCORPORATED,-117.01080322265624,32.705162048339844
9300427,2021,2021-08-16,3711,2021-07-25,1455,SD7796,NA,7,5,7,3711,0,0,0,NA,0,615,EVERGREEN ST,WILLOW ST,0,NA,Y,A,-,N,NA,NA,NA,NA,NA,NA,NA,NA,NA,N,3,0,1,1,D,-,00,NA,NA,N,F,G,A,A,H,-,A,D,0,NA,Y,NA,NA,Y,NA,-,-,0,1,0,0,0,0,1,0,0,-,-,NA,NA,SAN DIEGO,SAN DIEGO,-117.22611236572266,32.73247528076172
9300440,2021,2021-08-16,3711,2021-07-25,0215,SD1331,NA,7,5,7,3711,0,0,0,NA,0,521,16TH ST,J ST,0,NA,Y,A,-,N,NA,NA,NA,NA,NA,NA,NA,NA,NA,N,3,0,1,1,A,-,03,22350,NA,N,E,I,A,A,H,-,C,D,0,NA,NA,NA,NA,Y,Y,-,NA,0,1,0,0,0,0,0,0,0,-,-,NA,NA,SAN DIEGO,SAN DIEGO,-117.1494369506836,32.70941162109375
9300910,2021,2021-08-18,3705,2021-07-08,1212,EC0383,NA,4,5,5,3705,0,0,0,NA,0,001,EAST MAIN ST,S MAGNOLIA AV,0,NA,Y,A,-,N,NA,NA,NA,NA,NA,NA,NA,NA,NA,Y,4,0,2,2,A,-,12,21453,A,N,D,C,A,A,H,-,A,A,0,NA,NA,NA,NA,Y,NA,A,07,0,0,2,0,0,0,0,0,0,-,-,NA,NA,SAN DIEGO,EL CAJON,-116.96234893798828,32.79494857788086
9301195,2021,2021-08-16,3711,2021-07-23,1354,SD7861,NA,5,5,7,3711,0,0,0,NA,0,933,DEL MAR HEIGHTS RD,MANGO DR,300,W,N,A,-,N,NA,NA,NA,NA,NA,NA,NA,NA,NA,Y,3,0,3,3,A,-,03,22350,NA,N,C,C,A,A,H,-,A,A,0,NA,NA,NA,NA,Y,NA,A,01,0,1,2,0,0,0,0,0,0,-,-,NA,NA,SAN DIEGO,SAN DIEGO,-117.24839782714844,32.94871139526367
9301732,2021,2023-06-21,3711,2021-06-26,0115,SD6967,NA,6,5,7,3711,0,0,0,NA,0,123,MISSION BAY DR,DE ANZA BOAT RAMP PARKING LOT,343,N,N,A,-,N,NA,NA,NA,NA,NA,NA,NA,NA,NA,Y,1,1,1,2,A,-,03,22350,NA,N,F,C,A,A,H,-,C,D,0,NA,NA,Y,NA,Y,Y,C,02,0,0,1,0,0,0,0,1,0,-,-,NA,NA,SAN DIEGO,SAN DIEGO,-117.208891,32.79485
9301833,2021,2023-06-20,3702,2021-04-02,2200,CV0967,NA,5,5,6,3702,0,0,0,NA,0,022,L ST,4TH AV,531,E,N,A,-,N,NA,NA,NA,NA,NA,NA,NA,NA,NA,Y,1,1,0,2,A,-,11,21954,A,N,G,B,D,A,H,-,D,D,0,Y,NA,NA,NA,Y,Y,N,60,0,0,0,1,0,0,0,0,0,-,-,NA,NA,SAN DIEGO,CHULA VISTA,-117.0742645263672,32.61990737915039
9302808,2021,2021-08-28,3711,2021-07-30,0730,SD5472,NA,5,5,7,3711,0,0,0,NA,0,242,GEMINI AV,BLACK MOUNTAIN RD,60,W,N,A,-,N,NA,NA,NA,NA,NA,NA,NA,NA,NA,N,4,0,1,2,A,-,21,22106,NA,N,H,C,A,A,H,-,A,D,0,NA,NA,NA,NA,Y,NA,A,01,0,0,1,0,0,0,0,0,0,-,-,NA,NA,SAN DIEGO,SAN DIEGO,-117.12532806396484,32.919307708740234
9303850,2021,2021-08-17,3705,2021-07-05,2230,EC0418,NA,1,5,5,3705,0,0,0,NA,0,002,BROADWAY,N MOLLISON AV,25,N,N,A,-,N,NA,NA,NA,NA,NA,NA,NA,NA,NA,Y,4,0,1,2,A,-,09,21453,C,N,D,C,A,A,H,-,C,A,0,NA,NA,NA,NA,Y,NA,A,01,0,0,1,0,0,0,0,0,0,-,-,NA,NA,SAN DIEGO,EL CAJON,-116.9509735107422,32.807701110839844
9307068,2021,2021-09-13,3705,2021-08-07,1645,EC0383,NA,6,5,5,3705,0,0,0,NA,0,002,BROADWAY,BALLANTYNE ST,0,NA,Y,A,-,N,NA,NA,NA,NA,NA,NA,NA,NA,NA,N,4,0,1,2,A,-,12,21453,A,N,D,C,A,A,H,-,A,A,0,NA,NA,NA,NA,Y,NA,A,01,0,0,1,0,0,0,0,0,0,-,-,NA,NA,SAN DIEGO,EL CAJON,-116.95813751220705,32.807682037353516
93082866,2024,2024-07-31,9645,2024-07-11,1720,020992,NA,4,2,7,3711,0,1,1,NA,2,007,I-5 SOUTHBOUND,STATE ROUTE 52,450,N,N,A,-,Y,SD,NA,5,NA,R,26.151,H,NA,L,N,3,0,1,2,A,-,03,22350,NA,N,C,C,A,A,H,-,A,D,0,NA,NA,Y,NA,Y,NA,C,02,0,1,0,0,0,0,0,0,1,-,-,32.840511322021484,-117.23602294921876,SAN DIEGO,SAN DIEGO,-117.23602294921876,32.84050750732422
9310416,2021,2021-10-02,3711,2021-08-08,1148,SD7844,NA,7,5,7,3711,0,0,0,NA,0,447,EUCLID AV,EUCLID AV 1700,0,NA,N,A,-,N,NA,NA,NA,NA,NA,NA,NA,NA,NA,N,4,0,2,2,D,-,00,NA,NA,N,-,-,A,A,H,-,A,D,0,NA,NA,NA,NA,Y,NA,-,-,0,0,2,0,0,0,0,0,0,-,-,NA,NA,SAN DIEGO,SAN DIEGO,-117.08499908447266,32.704505920410156
9313288,2021,2021-09-08,3705,2021-07-01,1942,EC0219,NA,4,5,5,3705,0,0,0,NA,0,001,EL CAJON BL,W CHASE AV,400,W,N,A,-,N,NA,NA,NA,NA,NA,NA,NA,NA,NA,Y,3,0,4,2,A,-,01,23152,A,N,A,C,A,A,H,-,B,D,0,NA,NA,NA,NA,Y,Y,A,01,0,1,3,0,0,0,0,0,0,-,-,NA,NA,SAN DIEGO,EL CAJON,-116.98060607910156,32.78264617919922
9313738,2021,2021-10-25,3711,2021-08-13,0002,SD1542,NA,5,5,7,3711,0,0,0,NA,0,621,GENESEE AV,MARLESTA DR,1500,S,N,A,-,N,NA,NA,NA,NA,NA,NA,NA,NA,NA,Y,3,0,1,1,D,-,00,NA,NA,N,H,I,A,A,H,-,D,D,0,NA,NA,Y,NA,Y,NA,-,-,0,1,0,0,0,0,0,0,1,-,-,NA,NA,SAN DIEGO,SAN DIEGO,-117.17352294921876,32.801124572753906
9313910,2021,2021-09-22,3702,2021-08-09,1227,CV1242,NA,1,5,6,3702,0,0,0,NA,0,014,2ND AV,D ST,0,NA,Y,A,-,N,NA,NA,NA,NA,NA,NA,NA,NA,NA,Y,4,0,2,2,A,-,09,21802,A,N,D,C,A,A,H,-,A,D,0,NA,NA,NA,NA,Y,NA,A,01,0,0,2,0,0,0,0,0,0,-,-,NA,NA,SAN DIEGO,CHULA VISTA,-117.07848358154295,32.64931869506836
9314108,2021,2021-09-22,3700,2021-08-18,0722,SH0320,NA,3,5,5,3713,0,0,0,NA,0,307,CRESCENT DR,CIVIC CENTER DR,0,NA,Y,B,-,N,NA,NA,NA,NA,NA,NA,NA,NA,NA,N,3,0,1,2,A,-,11,21456,B,N,D,G,A,A,H,-,A,A,0,NA,Y,NA,NA,Y,NA,L,04,0,1,0,0,0,0,1,0,0,-,-,NA,NA,SAN DIEGO,VISTA,-117.23416900634766,33.19817352294922
9314226,2021,2021-10-15,3711,2021-08-10,1830,SD1024,NA,2,5,7,3711,0,0,0,NA,0,115,REGENTS RD,GOVERNOR DR,0,NA,Y,A,-,N,NA,NA,NA,NA,NA,NA,NA,NA,NA,Y,4,0,1,3,D,-,00,NA,NA,N,H,C,A,A,H,-,A,A,0,NA,NA,NA,NA,Y,NA,-,-,0,0,1,0,0,0,0,0,0,-,-,NA,NA,SAN DIEGO,SAN DIEGO,-117.2168197631836,32.851539611816406
9314407,2021,2021-10-12,3711,2021-08-17,1810,SD1313,NA,2,5,7,3711,0,0,0,NA,0,813,JUNIPER ST,32ND ST,10,W,N,A,-,N,NA,NA,NA,NA,NA,NA,NA,NA,NA,N,3,0,1,3,A,-,06,21750,NA,N,B,C,A,A,H,-,A,D,0,NA,NA,Y,NA,Y,NA,C,02,0,1,0,0,0,0,0,0,1,-,-,NA,NA,SAN DIEGO,SAN DIEGO,-117.12531280517578,32.72962951660156
9314764,2021,2021-09-10,3709,2021-07-27,1148,0519,NA,2,5,5,3709,0,0,0,NA,0,020,NATIONAL CITY BL,EAST 18TH ST,29,N,N,A,-,N,NA,NA,NA,NA,NA,NA,NA,NA,NA,Y,4,0,1,2,A,-,12,21453,A,N,D,D,A,A,H,-,A,A,0,NA,NA,NA,NA,Y,NA,-,-,0,0,1,0,0,0,0,0,0,-,-,NA,NA,SAN DIEGO,NATIONAL CITY,-117.1035614013672,32.667274475097656
9315399,2021,2021-09-03,3705,2021-05-04,0857,EC0371,NA,2,5,5,3705,0,0,0,NA,0,001,PINE DR,MIDWAY DR,13,S,N,A,-,N,NA,NA,NA,NA,NA,NA,NA,NA,NA,Y,3,0,1,1,A,-,08,22107,NA,N,E,I,A,A,H,-,A,A,0,NA,NA,NA,NA,Y,NA,A,01,0,1,0,0,0,0,0,0,0,-,-,NA,NA,SAN DIEGO,EL CAJON,-116.98160552978516,32.77947998046875
9316287,2021,2021-09-21,3710,2021-08-27,1059,OC1514,NA,5,5,6,3710,0,0,0,NA,0,013,EL CAMINO REAL,VISTA WY,0,NA,Y,A,-,N,NA,NA,NA,NA,NA,NA,NA,NA,NA,Y,4,0,2,2,A,-,09,21453,C,N,D,C,A,A,H,-,A,A,0,NA,NA,NA,NA,Y,NA,A,01,0,0,2,0,0,0,0,0,0,-,-,NA,NA,SAN DIEGO,OCEANSIDE,-117.32707214355467,33.183189392089844
9316686,2021,2021-09-11,3705,2021-07-06,1611,EC0279,NA,2,5,5,3705,0,0,0,NA,0,004,AVOCADO AV,MINNESOTA AV,92,N,N,A,-,N,NA,NA,NA,NA,NA,NA,NA,NA,NA,Y,3,0,1,3,A,-,07,21658,A,N,D,C,A,A,H,-,A,D,0,NA,NA,NA,NA,Y,NA,A,01,0,1,0,0,0,0,0,0,0,-,-,NA,NA,SAN DIEGO,EL CAJON,-116.95774841308594,32.785221099853516
9316733,2021,2021-10-11,3711,2021-08-17,0858,SD6946,NA,2,5,7,3711,0,0,0,NA,0,242,ZAPATA AV,CALLE DARIO,12,E,N,A,-,N,NA,NA,NA,NA,NA,NA,NA,NA,NA,N,4,0,1,3,A,-,09,21800,A,N,D,C,A,A,H,-,A,D,0,NA,NA,NA,NA,Y,NA,A,01,0,0,1,0,0,0,0,0,0,-,-,NA,NA,SAN DIEGO,SAN DIEGO,-117.14712524414063,32.9243049621582
9318704,2021,2021-09-28,3702,2021-08-12,1042,CV1342,NA,4,5,6,3702,0,0,0,NA,0,023,EAST PALOMAR ST,HELIX AV,30,W,N,A,-,N,NA,NA,NA,NA,NA,NA,NA,NA,NA,N,4,0,2,2,A,-,05,21460,A,N,D,C,A,A,H,-,A,D,0,NA,NA,NA,NA,Y,NA,A,01,0,0,2,0,0,0,0,0,0,-,-,NA,NA,SAN DIEGO,CHULA VISTA,-117.0512924194336,32.61111068725586
9318949,2021,2021-09-21,3711,2021-08-26,1917,SD7851,NA,4,5,7,3711,0,0,0,NA,0,931,MIRAMAR RD,CAMINO SANTA FE,0,NA,Y,A,-,N,NA,NA,NA,NA,NA,NA,NA,NA,NA,Y,3,0,1,2,A,-,09,21453,C,N,D,C,A,A,H,-,C,A,0,NA,NA,NA,NA,Y,NA,A,01,0,1,0,0,0,0,0,0,0,-,-,NA,NA,SAN DIEGO,SAN DIEGO,-117.17262268066406,32.877899169921875
9319022,2021,2021-09-15,3702,2021-07-30,1024,CV1348,NA,5,5,6,3702,0,0,0,NA,0,023,TELEGRAPH CANYON RD,HALECREST DR,0,NA,Y,A,-,N,NA,NA,NA,NA,NA,NA,NA,NA,NA,N,4,0,1,3,A,-,03,22350,NA,N,C,C,A,A,H,-,A,D,0,NA,NA,NA,NA,Y,NA,A,01,0,0,1,0,0,0,0,0,0,-,-,NA,NA,SAN DIEGO,CHULA VISTA,-117.04224395751952,32.6287727355957
9319273,2021,2021-10-04,3711,2021-08-27,1021,SD1328,NA,5,5,7,3711,0,0,0,NA,0,327,RESERVOIR DR,MONTEZUMA RD,0,NA,Y,A,-,N,NA,NA,NA,NA,NA,NA,NA,NA,NA,N,4,0,1,2,A,-,03,22350,NA,N,H,E,A,A,H,-,A,A,0,NA,NA,NA,NA,Y,NA,A,01,0,0,1,0,0,0,0,0,0,-,-,NA,NA,SAN DIEGO,SAN DIEGO,-117.0565185546875,32.76900863647461
9320492,2022,2022-03-10,3711,2022-02-01,1803,SD5600,NA,2,5,7,3711,0,0,0,NA,0,722,CORONADO AV,NESTOR WY,204,W,N,A,-,N,NA,NA,NA,NA,NA,NA,NA,NA,NA,N,1,1,0,2,A,-,11,21954,A,N,G,B,D,A,H,-,C,D,0,Y,NA,NA,NA,Y,NA,N,60,0,0,0,1,0,0,0,0,0,-,-,NA,NA,SAN DIEGO,SAN DIEGO,-117.08611297607422,32.57648849487305
9320653,2022,2022-05-04,3711,2022-02-20,0524,SD6532,NA,7,5,7,3711,0,0,0,NA,0,234,RANCHO BERNARDO RD,RANCHO BERNARDO RD 12100,0,NA,N,A,-,N,NA,NA,NA,NA,NA,NA,NA,NA,NA,Y,1,1,0,6,A,-,08,22107,NA,N,C,E,A,A,H,-,B,D,0,NA,NA,NA,NA,Y,NA,A,01,0,0,0,0,0,0,0,0,0,-,-,NA,NA,SAN DIEGO,SAN DIEGO,-117.06092834472656,33.018653869628906