CASE_ID,ACCIDENT_YEAR,PROC_DATE,JURIS,COLLISION_DATE,COLLISION_TIME,OFFICER_ID,REPORTING_DISTRICT,DAY_OF_WEEK,CHP_SHIFT,POPULATION,CNTY_CITY_LOC,SPECIAL_COND,BEAT_TYPE,CHP_BEAT_TYPE,CITY_DIVISION_LAPD,CHP_BEAT_CLASS,BEAT_NUMBER,PRIMARY_RD,SECONDARY_RD,DISTANCE,DIRECTION,INTERSECTION,WEATHER_1,WEATHER_2,STATE_HWY_IND,CALTRANS_COUNTY,CALTRANS_DISTRICT,STATE_ROUTE,ROUTE_SUFFIX,POSTMILE_PREFIX,POSTMILE,LOCATION_TYPE,RAMP_INTERSECTION,SIDE_OF_HWY,TOW_AWAY,COLLISION_SEVERITY,NUMBER_KILLED,NUMBER_INJURED,PARTY_COUNT,PRIMARY_COLL_FACTOR,PCF_CODE_OF_VIOL,PCF_VIOL_CATEGORY,PCF_VIOLATION,PCF_VIOL_SUBSECTION,HIT_AND_RUN,TYPE_OF_COLLISION,MVIW,PED_ACTION,ROAD_SURFACE,ROAD_COND_1,ROAD_COND_2,LIGHTING,CONTROL_DEVICE,CHP_ROAD_TYPE,PEDESTRIAN_ACCIDENT,BICYCLE_ACCIDENT,MOTORCYCLE_ACCIDENT,TRUCK_ACCIDENT,NOT_PRIVATE_PROPERTY,ALCOHOL_INVOLVED,STWD_VEHTYPE_AT_FAULT,CHP_VEHTYPE_AT_FAULT,COUNT_SEVERE_INJ,COUNT_VISIBLE_INJ,COUNT_COMPLAINT_PAIN,COUNT_PED_KILLED,COUNT_PED_INJURED,COUNT_BICYCLIST_KILLED,COUNT_BICYCLIST_INJURED,COUNT_MC_KILLED,COUNT_MC_INJURED,PRIMARY_RAMP,SECONDARY_RAMP,LATITUDE,LONGITUDE,COUNTY,CITY,POINT_X,POINT_Y
94386922,2024,2024-09-09,9650,2024-09-02,2017,020343,NA,1,2,6,3710,0,1,3,NA,2,015,SR-78 EB,EL CAMINO REAL,214,E,N,A,-,Y,SD,NA,78,NA,NA,1.55,H,NA,R,Y,3,0,1,1,A,-,08,22107,NA,M,E,I,A,A,H,-,D,D,0,NA,NA,NA,NA,Y,NA,D,22,0,1,0,0,0,0,0,0,0,-,-,33.18185043334961,-117.32608032226563,SAN DIEGO,OCEANSIDE,-117.32605743408205,33.181785583496094
9439304,2022,2022-05-19,3708,2022-04-11,2316,LM1302,NA,1,5,5,3708,0,0,0,NA,0,001,UNIVERSITY AV,ALLISON AV,0,NA,Y,B,C,N,NA,NA,NA,NA,NA,NA,NA,NA,NA,Y,4,0,1,1,A,-,03,22350,NA,N,E,I,A,B,H,-,C,A,0,NA,NA,NA,NA,Y,NA,A,01,0,0,1,0,0,0,0,0,0,-,-,NA,NA,SAN DIEGO,LA MESA,-117.02483367919922,32.766265869140625
9439306,2022,2022-05-19,3708,2022-04-19,2125,LM1283,NA,2,5,5,3708,0,0,0,NA,0,003,EL CAJON BL,COMANCHE DR,207,E,N,A,-,N,NA,NA,NA,NA,NA,NA,NA,NA,NA,Y,4,0,1,1,A,-,03,22350,NA,N,F,A,A,A,H,-,C,A,0,NA,NA,Y,NA,Y,NA,C,03,0,0,1,0,0,0,0,0,1,-,-,NA,NA,SAN DIEGO,LA MESA,-117.0341339111328,32.76826095581055
94393373,2024,2024-09-13,9645,2024-09-03,2140,022947,NA,2,2,9,3700,0,3,5,NA,2,018,BONITA ROAD,ANDORRA WAY,0,NA,Y,A,-,N,NA,NA,NA,NA,NA,NA,NA,NA,NA,Y,4,0,2,2,A,-,09,21802,A,N,D,C,A,A,H,-,C,D,0,NA,NA,NA,NA,Y,NA,A,01,0,0,2,0,0,0,0,0,0,-,-,32.648521423339844,-117.05461120605467,SAN DIEGO,UNINCORPORATED,-117.05467987060548,32.648651123046875
94393468,2024,2024-09-13,9645,2024-09-07,135,022099,NA,6,3,7,3711,0,1,1,NA,2,010,INTERSTATE 8 EB,INTERSTATE 15,700,E,N,A,-,Y,NA,NA,NA,NA,NA,NA,NA,NA,NA,N,3,0,1,1,A,-,01,23152,A,N,E,I,A,A,H,-,C,D,0,NA,NA,Y,NA,Y,Y,C,02,0,1,0,0,0,0,0,0,1,-,-,32.77790069580078,-117.10965728759766,SAN DIEGO,SAN DIEGO,-117.112548828125,32.77872085571289
94393526,2024,2024-09-13,9645,2024-09-11,1301,016138,NA,3,1,7,3711,0,1,1,NA,2,007,I-5 SOUTHBOUND TO DEL MAR HEIGHTS ROAD,DEL MAR HEIGHTS ROAD,3,N,N,A,-,Y,NA,NA,NA,NA,NA,NA,NA,NA,NA,N,4,0,1,2,A,-,21,22106,NA,N,D,G,A,A,H,-,A,A,0,NA,Y,NA,NA,Y,NA,A,01,0,0,1,0,0,0,1,0,0,-,-,32.949501037597656,-117.2452392578125,SAN DIEGO,SAN DIEGO,-117.24385833740234,32.94999694824219
9439527,2022,2022-06-27,3711,2022-05-13,0930,SD7407,NA,5,5,7,3711,0,0,0,NA,0,512,NATIONAL AV,S 30TH ST,36,E,N,A,-,N,NA,NA,NA,NA,NA,NA,NA,NA,NA,N,4,0,1,3,A,-,04,21703,NA,N,C,C,A,A,H,-,C,A,0,NA,NA,NA,NA,Y,Y,A,01,0,0,1,0,0,0,0,0,0,-,-,NA,NA,SAN DIEGO,SAN DIEGO,-117.12936401367188,32.695960998535156
94395996,2024,2024-09-16,9680,2024-09-05,925,018697,NA,4,1,9,3700,0,1,3,NA,2,016,STATE ROUTE 67 (N/B),GREENFIELD DR,400,S,N,A,-,Y,SD,NA,67,NA,R,0.641,H,NA,R,N,3,0,1,2,A,-,08,22107,NA,N,C,C,A,A,H,-,A,D,0,NA,NA,NA,NA,Y,NA,A,01,0,1,0,0,0,0,0,0,0,-,-,32.81237030029297,-116.9617919921875,SAN DIEGO,UNINCORPORATED,-116.9617919921875,32.81237030029297
94396135,2024,2024-09-16,9645,2024-01-20,1447,022183,NA,6,2,7,3711,0,1,1,NA,2,010,INTERSTATE 8 WESTBOUND,WARING ROAD,422,E,N,B,C,Y,SD,NA,8,NA,NA,7.158,H,NA,L,Y,1,1,3,2,A,-,03,22350,NA,N,A,4,A,B,H,-,A,D,0,NA,NA,NA,NA,Y,NA,A,07,3,0,0,0,0,0,0,0,0,-,-,32.78105163574219,-117.08632659912108,SAN DIEGO,SAN DIEGO,-117.08632659912108,32.7811393737793
9440221,2022,2022-05-11,3711,2022-04-03,1440,SD1067,NA,7,5,7,3711,0,0,0,NA,0,114,CLAIREMONT MESA BL,CLAIREMONT MESA BL 4800,8,N,N,B,-,N,NA,NA,NA,NA,NA,NA,NA,NA,NA,N,4,0,1,2,A,-,03,22350,NA,N,D,C,A,B,H,-,A,A,0,NA,NA,NA,NA,Y,NA,A,01,0,0,1,0,0,0,0,0,0,-,-,NA,NA,SAN DIEGO,SAN DIEGO,-117.20614624023438,32.82773208618164
9440465,2022,2022-05-18,3711,2022-04-02,0910,SD6946,NA,6,5,7,3711,0,0,0,NA,0,931,MIRA MESA BL,FLANDER DR,57.3,E,N,B,C,N,NA,NA,NA,NA,NA,NA,NA,NA,NA,N,4,0,2,2,A,-,03,22350,NA,N,C,C,A,B,H,-,A,A,0,NA,NA,NA,NA,Y,NA,A,01,0,0,2,0,0,0,0,0,0,-,-,NA,NA,SAN DIEGO,SAN DIEGO,-117.17694854736328,32.90666961669922
9440475,2022,2022-05-18,3711,2022-04-18,0001,SD1515,NA,1,5,7,3711,0,0,0,NA,0,122,MISSION BL,GRAND AV,58,S,N,A,-,N,NA,NA,NA,NA,NA,NA,NA,NA,NA,N,4,0,1,2,A,-,04,21703,NA,N,C,C,A,A,H,-,A,A,0,NA,NA,NA,NA,Y,NA,A,08,0,0,1,0,0,0,0,0,0,-,-,NA,NA,SAN DIEGO,SAN DIEGO,-117.25487518310548,32.7945556640625
94406109,2023,2024-09-24,9645,2023-11-27,2235,021639,NA,1,3,6,3702,0,1,1,NA,2,001,INTERSTATE 5 SOUTHBOUND,PALOMAR STREET,818,N,N,B,-,Y,SD,NA,5,NA,NA,6.218,H,NA,L,Y,2,0,2,2,A,-,03,22350,NA,N,C,C,A,A,H,-,C,D,0,NA,NA,NA,NA,Y,NA,A,01,1,1,0,0,0,0,0,0,0,-,-,32.606689453125,-117.09034729003906,SAN DIEGO,CHULA VISTA,-117.09036254882813,32.606689453125
94407824,2024,2024-09-25,9645,2024-09-24,840,016156,NA,2,1,7,3711,0,1,1,NA,2,019,INTERSTATE-15 S/B,SR-56 FREEWAY,634,N,N,B,-,Y,SD,NA,15,NA,M,19.611,H,NA,L,Y,4,0,1,4,A,-,03,22350,NA,N,C,C,A,A,H,-,A,D,0,NA,NA,NA,NA,Y,NA,E,22,0,0,1,0,0,0,0,0,0,-,-,32.96649169921875,-117.09456634521484,SAN DIEGO,SAN DIEGO,-117.09455108642578,32.96648406982422
9440852,2022,2022-05-13,3700,2022-03-02,2001,SH7690,NA,3,5,4,3780,0,0,0,NA,0,416,POWAY RD,GATE DR,0,NA,Y,A,-,N,NA,NA,NA,NA,NA,NA,NA,NA,NA,Y,3,0,2,2,A,-,12,21453,A,N,D,C,A,A,H,-,C,A,0,NA,NA,NA,NA,Y,NA,A,01,0,2,0,0,0,0,0,0,0,-,-,NA,NA,SAN DIEGO,POWAY,-117.03387451171876,32.95629119873047
94409499,2024,2024-09-26,9650,2024-09-20,940,021359,NA,5,1,5,3782,0,1,1,NA,2,007,I-5 S/B,MANCHESTER AVE,2828,N,N,A,-,Y,SD,NA,5,NA,R,39.144,H,NA,L,Y,3,0,2,2,D,-,00,NA,NA,N,B,C,A,A,H,-,A,D,0,NA,NA,NA,NA,Y,NA,-,-,0,1,1,0,0,0,0,0,0,-,-,33.01681900024414,-117.27178192138672,SAN DIEGO,ENCINITAS,-117.27171325683594,33.016849517822266
9441219,2022,2022-05-19,3711,2022-04-25,1400,SD1541,NA,1,5,7,3711,0,0,0,NA,0,627,WASHINGTON ST,4TH AV 3900,0,NA,Y,A,-,N,NA,NA,NA,NA,NA,NA,NA,NA,NA,N,4,0,1,2,A,-,04,21703,NA,N,C,C,A,A,H,-,A,D,0,NA,NA,NA,NA,Y,NA,A,01,0,0,1,0,0,0,0,0,0,-,-,NA,NA,SAN DIEGO,SAN DIEGO,-117.16162872314452,32.74999237060547
9441422,2022,2022-05-27,3711,2022-05-04,1922,SD6760,NA,3,5,7,3711,0,0,0,NA,0,826,TROJAN AV,54TH ST,0,NA,Y,A,-,N,NA,NA,NA,NA,NA,NA,NA,NA,NA,N,4,0,1,2,A,-,04,21703,NA,N,C,C,A,A,H,-,B,A,0,NA,NA,NA,NA,Y,NA,A,01,0,0,1,0,0,0,0,0,0,-,-,NA,NA,SAN DIEGO,SAN DIEGO,-117.07939910888672,32.7548713684082
9441423,2022,2022-05-27,3711,2022-05-03,0115,SD1150,NA,2,5,7,3711,0,0,0,NA,0,123,INGRAHAM ST,WEST MISSION BAY DR,0,NA,Y,A,B,N,NA,NA,NA,NA,NA,NA,NA,NA,NA,N,3,0,1,1,A,-,03,22350,NA,N,A,I,A,A,H,-,C,D,0,NA,NA,NA,NA,Y,NA,A,01,0,1,0,0,0,0,0,0,0,-,-,NA,NA,SAN DIEGO,SAN DIEGO,-117.23281097412108,32.76414108276367
9441429,2022,2022-05-27,3711,2022-05-07,0339,SD5561,NA,6,5,7,3711,0,0,0,NA,0,524,11TH AV,BROADWAY,0,NA,Y,A,-,N,NA,NA,NA,NA,NA,NA,NA,NA,NA,Y,2,0,2,2,A,-,12,21453,A,N,D,C,A,A,H,-,C,A,0,NA,NA,NA,NA,Y,NA,A,01,1,0,1,0,0,0,0,0,0,-,-,NA,NA,SAN DIEGO,SAN DIEGO,-117.15473175048828,32.715736389160156
9441430,2022,2022-05-27,3711,2022-05-08,1218,SD1516,NA,7,5,7,3711,0,0,0,NA,0,611,SPORTS ARENA BL,SPORTS ARENA BL 3500,0,NA,N,A,-,N,NA,NA,NA,NA,NA,NA,NA,NA,NA,Y,4,0,1,2,A,-,08,22107,NA,N,C,C,A,A,H,-,A,A,0,NA,NA,NA,NA,Y,NA,A,01,0,0,1,0,0,0,0,0,0,-,-,NA,NA,SAN DIEGO,SAN DIEGO,NA,NA
94415005,2024,2024-10-01,9650,2024-09-28,1930,022493,NA,6,2,3,3783,0,1,1,NA,2,007,INTERSTATE 5 S/B,VIA DE LA VALLE,3000,N,N,A,-,Y,SD,NA,5,NA,R,36.874,H,NA,L,N,4,0,1,2,A,-,07,21658,A,F,B,C,A,A,H,-,C,D,0,NA,NA,NA,NA,Y,NA,-,99,0,0,1,0,0,0,0,0,0,-,-,32.988380432128906,-117.25557708740234,SAN DIEGO,SOLANA BEACH,-117.2555694580078,32.988380432128906
94415171,2024,2024-10-01,9645,2024-09-20,2100,023922,NA,5,2,7,3711,0,1,1,NA,2,021,SR-15 NORTHBOUND,OCEAN VIEW BLVD,456,S,N,B,-,Y,SD,NA,15,NA,R,0.491,H,NA,R,N,3,0,1,2,A,-,11,21954,A,N,G,C,E,A,H,-,D,D,0,Y,NA,NA,NA,Y,NA,N,60,0,1,0,0,1,0,0,0,0,-,-,32.69987106323242,-117.12065887451172,SAN DIEGO,SAN DIEGO,-117.12067413330078,32.69987106323242
94417028,2024,2024-10-02,9680,2024-09-21,1425,017621,NA,6,2,9,3700,0,1,3,NA,1,052,SR-78,BARNETT DRIVE,750,E,N,A,-,Y,SD,NA,78,NA,NA,39.543,H,NA,R,Y,4,0,1,2,A,-,03,22350,NA,N,C,C,A,A,H,-,A,A,0,NA,NA,NA,NA,Y,NA,A,07,0,0,1,0,0,0,0,0,0,-,-,33.05942916870117,-116.81568145751952,SAN DIEGO,UNINCORPORATED,-116.815673828125,33.059425354003906
94418658,2024,2024-10-03,9645,2024-10-02,1500,022252,NA,3,2,7,3711,0,1,1,NA,2,015,I-805 SOUTHBOUND,BALBOA AVENUE,2000,S,N,A,-,Y,SD,NA,805,NA,NA,21.26,H,NA,L,N,4,0,1,2,A,-,03,22350,NA,N,C,C,A,A,H,-,A,C,0,NA,NA,NA,NA,Y,NA,A,07,0,0,1,0,0,0,0,0,0,-,-,32.816619873046875,-117.15957641601563,SAN DIEGO,SAN DIEGO,-117.15967559814452,32.81657791137695
94419474,2024,2024-10-04,9645,2024-09-01,34,022983,NA,7,3,6,3702,0,1,1,NA,2,001,I-5 S/B,PALOMAR STREET,150,N,N,A,-,Y,SD,NA,5,NA,NA,6.117,H,NA,L,N,3,0,1,2,A,-,01,23152,A,N,C,C,A,A,H,-,C,D,0,NA,NA,NA,NA,Y,Y,A,01,0,1,0,0,0,0,0,0,0,-,-,32.60525131225586,-117.09018707275392,SAN DIEGO,CHULA VISTA,-117.09019470214844,32.60525131225586
94421404,2024,2024-10-07,9645,2024-09-06,2319,023309,NA,5,3,7,3711,0,1,3,NA,2,006,SR-94 W/B,FEDERAL BLVD,500,E,N,A,-,Y,SD,NA,94,NA,NA,7.234,H,NA,L,Y,3,0,1,1,A,-,01,23152,A,N,E,I,A,A,H,-,C,D,0,NA,NA,NA,NA,Y,Y,D,22,0,1,0,0,0,0,0,0,0,-,-,32.73617935180664,-117.05663299560548,SAN DIEGO,SAN DIEGO,-117.05664825439452,32.73619079589844
94423307,2024,2024-10-08,9645,2024-10-04,1133,018987,NA,5,1,7,3711,0,1,3,NA,2,012,SR-52 EASTBOUND,I-805 FREEWAY,2112,W,N,A,-,Y,SD,NA,52,NA,NA,3.311,H,NA,R,Y,3,0,3,1,A,-,08,22107,NA,N,E,I,A,A,H,-,A,D,0,NA,NA,NA,NA,Y,NA,A,07,0,3,0,0,0,0,0,0,0,-,-,32.846431732177734,-117.18572998046876,SAN DIEGO,SAN DIEGO,-117.18576049804688,32.84657669067383
94425361,2024,2024-10-09,9680,2024-10-01,755,018322,NA,2,1,9,3700,0,3,5,NA,2,004,SR-94 W/B,VISTA SAGE LN,450,W,N,A,-,Y,SD,NA,94,NA,R,18.568,H,NA,L,N,4,0,5,2,A,-,03,22350,NA,N,C,C,A,A,H,-,A,D,0,NA,NA,NA,NA,Y,NA,A,01,0,0,5,0,0,0,0,0,0,-,-,32.7242317199707,-116.89248657226563,SAN DIEGO,UNINCORPORATED,-116.89250946044922,32.72421646118164
94426366,2024,2024-10-10,9645,2024-10-09,638,018987,NA,3,1,7,3711,0,1,1,NA,2,027,I-15 NORTHBOUND,FRIARS RD,2640,N,N,A,-,Y,SD,NA,15,NA,R,7.376,H,NA,R,Y,3,0,1,3,A,-,03,22350,NA,N,B,C,A,A,H,-,A,D,0,NA,NA,Y,NA,Y,NA,-,-,0,1,0,0,0,0,0,0,1,-,-,32.796199798583984,-117.112060546875,SAN DIEGO,SAN DIEGO,-117.11200714111328,32.796207427978516
9442691,2022,2022-05-10,3710,2022-04-17,2059,OC1525,NA,7,5,6,3710,0,0,0,NA,0,020,SLEEPING INDIAN RD,MORRO HEIGHTS RD,1720,S,N,A,-,N,NA,NA,NA,NA,NA,NA,NA,NA,NA,Y,4,0,1,1,A,-,07,21658,A,N,E,I,A,A,H,-,D,D,0,NA,NA,NA,NA,Y,NA,A,01,0,0,1,0,0,0,0,0,0,-,-,NA,NA,SAN DIEGO,OCEANSIDE,-117.2704620361328,33.27756881713867
94427657,2024,2024-10-11,9645,2024-09-30,1730,023641,NA,1,2,7,3711,0,1,1,NA,2,005,I-5 N/B,TAYLOR ST,0,N,N,A,-,Y,SD,NA,5,NA,R,19.737,H,NA,R,N,4,0,1,2,A,-,03,22350,NA,N,C,C,A,A,H,-,A,D,0,NA,NA,NA,NA,Y,NA,A,01,0,0,1,0,0,0,0,0,0,-,-,32.755130767822266,-117.20152282714844,SAN DIEGO,SAN DIEGO,-117.20166015625,32.75501251220703
94429497,2024,2024-10-14,9645,2024-09-28,2320,022932,NA,6,3,7,3711,0,1,1,NA,2,001,INTERSTATE 5 S/B,H STREET O/C,500,S,N,A,-,Y,SD,NA,5,NA,NA,7.782,H,NA,L,Y,3,0,1,2,A,-,07,21658,A,F,B,C,A,A,H,-,E,A,0,NA,NA,Y,NA,Y,NA,A,01,0,1,0,0,0,0,0,0,1,-,-,32.628719329833984,-117.09590911865234,SAN DIEGO,SAN DIEGO,-117.09585571289063,32.62873840332031
94430043,2024,2024-10-14,9650,2024-10-02,2010,021528,NA,3,2,5,3713,0,1,3,NA,2,017,SR-78 E/B,EMERALD DR,1168,E,N,A,-,Y,SD,NA,78,NA,NA,4.617,H,NA,R,Y,3,0,1,2,A,-,03,22350,NA,N,C,C,A,A,H,-,C,D,0,NA,NA,Y,NA,Y,NA,C,02,0,1,0,0,0,0,0,0,1,-,-,33.189571380615234,-117.27606964111328,SAN DIEGO,VISTA,-117.2760772705078,33.189579010009766
94431464,2024,2024-10-15,9680,2024-10-03,1305,022893,NA,4,1,9,3700,0,1,3,NA,1,052,SR-78,SR-79,0,NA,Y,A,-,Y,SD,NA,78,NA,NA,51.112,H,NA,R,Y,3,0,2,2,A,-,09,21801,A,F,D,C,A,A,H,-,A,D,0,NA,NA,NA,NA,Y,NA,A,01,0,2,0,0,0,0,0,0,0,-,-,33.10927963256836,-116.67391967773438,SAN DIEGO,UNINCORPORATED,-116.67389678955078,33.10921859741211
94432622,2024,2024-10-16,9650,2024-05-21,30,021876,NA,2,3,9,3700,0,2,4,NA,2,061,SOUTH MISSION RD,OLIVE HILL RD,80,S,N,A,-,N,NA,NA,NA,NA,NA,NA,NA,NA,NA,Y,4,0,1,2,A,-,08,22107,NA,N,C,C,A,A,H,-,C,A,0,NA,NA,NA,NA,Y,NA,-,-,0,0,1,0,0,0,0,0,0,-,-,33.34803009033203,-117.243408203125,SAN DIEGO,UNINCORPORATED,-117.24349975585938,33.347991943359375
94432881,2024,2024-10-16,9645,2024-10-11,1617,023088,NA,5,2,6,3702,0,1,1,NA,2,009,INTERSTATE SOUTHBOUND,TELEGRAPH CANYON ROAD,50,N,N,A,-,Y,SD,NA,805,NA,NA,6.101,H,NA,L,Y,4,0,2,3,A,-,03,22350,NA,N,C,C,A,A,H,-,A,D,0,NA,NA,NA,NA,Y,NA,A,01,0,0,2,0,0,0,0,0,0,-,-,32.6292610168457,-117.0439224243164,SAN DIEGO,CHULA VISTA,-117.04403686523438,32.62921905517578
94433384,2024,2024-10-16,9680,2024-10-06,2005,023332,NA,7,2,5,3708,0,1,3,NA,2,028,SR-125 S/B,MARIPOSA ST,335,S,N,A,-,Y,SD,NA,125,NA,NA,14.052,H,NA,L,Y,4,0,2,2,A,-,03,22350,NA,N,C,C,A,A,D,E,C,A,0,NA,NA,NA,NA,Y,NA,A,01,0,0,2,0,0,0,0,0,0,-,-,32.75904083251953,-117.0051498413086,SAN DIEGO,LA MESA,-117.00511169433594,32.75900650024414
94434881,2024,2024-10-17,9650,2024-10-14,1325,019346,NA,1,1,9,3700,0,3,5,NA,2,070,VIA DE SANTA FE,VIA DE LA VALLE,30,S,N,A,-,N,NA,NA,NA,NA,NA,NA,NA,NA,NA,N,3,0,1,2,A,-,21,22106,NA,N,C,C,A,A,H,-,A,A,0,NA,NA,NA,NA,Y,NA,A,01,0,1,0,0,0,0,0,0,0,-,-,33.01411819458008,-117.19901275634766,SAN DIEGO,UNINCORPORATED,-117.19927215576172,33.01530838012695
94436816,2024,2024-10-18,9650,2024-10-07,317,023467,NA,1,3,9,3700,0,1,3,NA,2,025,SAN PASQUAL VALLEY RD,BEAR VALLEY PKY,0,NA,Y,A,-,Y,SD,NA,78,NA,NA,20.637,H,NA,R,Y,3,0,1,2,A,-,12,21453,A,N,D,C,A,A,H,-,C,A,0,NA,NA,NA,NA,Y,NA,A,07,0,1,0,0,0,0,0,0,0,-,-,33.1092414855957,-117.05001831054688,SAN DIEGO,UNINCORPORATED,-117.05001068115234,33.10926818847656
94436977,2024,2024-10-18,9680,2024-08-18,2135,023332,NA,7,2,4,3720,0,1,3,NA,2,027,SR-94 E/B,COLLEGE AVE,2640,W,N,A,-,Y,SD,NA,94,NA,NA,7.184,H,NA,R,Y,4,0,1,2,A,-,01,23152,A,M,B,C,A,A,H,-,D,D,0,NA,NA,NA,NA,Y,Y,D,22,0,0,1,0,0,0,0,0,0,-,-,32.73543930053711,-117.05695343017578,SAN DIEGO,LEMON GROVE,-117.0570068359375,32.735477447509766
9443774,2021,2022-05-16,3700,2021-12-18,1453,SH3192,NA,6,5,5,3782,0,0,0,NA,0,212,GASCONY RD,GASCONY RD 1605 1/2,0,NA,-,A,-,N,NA,NA,NA,NA,NA,NA,NA,NA,NA,N,2,0,1,1,A,-,03,22350,NA,N,H,I,A,A,H,-,A,D,0,NA,Y,NA,NA,Y,NA,L,04,1,0,0,0,0,0,1,0,0,-,-,NA,NA,SAN DIEGO,ENCINITAS,-117.28817,33.078554
94439468,2024,2024-10-21,9680,2024-10-10,1630,023917,NA,4,2,9,3700,0,3,5,NA,2,002,MERRITT DR,MERRITT TERRACE,213,W,N,A,-,N,NA,NA,NA,NA,NA,NA,NA,NA,NA,Y,4,0,1,1,A,-,08,22107,NA,N,E,I,A,A,H,-,A,A,0,NA,NA,NA,NA,Y,NA,A,01,0,0,1,0,0,0,0,0,0,-,-,32.780181884765625,-116.935546875,SAN DIEGO,UNINCORPORATED,-116.93551635742188,32.780189514160156
94439479,2024,2024-10-21,9680,2024-10-10,730,018697,NA,4,1,9,3700,0,1,1,NA,2,083,INTERSTATE 8 (E/B),DUNBAR LN,1100,E,N,A,-,Y,SD,NA,8,NA,R,25.91,H,NA,R,Y,4,0,1,2,A,-,08,22107,NA,N,B,C,A,A,H,-,A,D,0,NA,NA,NA,NA,Y,NA,-,-,0,0,1,0,0,0,0,0,0,-,-,32.856651306152344,-116.81597137451172,SAN DIEGO,UNINCORPORATED,-116.81597137451172,32.85663986206055
94440775,2024,2024-12-13,9645,2024-10-07,651,023901,NA,1,1,7,3711,0,1,1,NA,2,005,I-5 SOUTHBOUND,W LAUREL STREET,200,N,N,A,-,Y,SD,NA,5,NA,R,17.487,H,NA,L,Y,3,0,1,2,A,-,08,22107,NA,M,B,C,A,A,H,-,A,D,0,NA,NA,Y,NA,Y,Y,A,01,0,1,0,0,0,0,0,0,1,-,-,32.73360824584961,-117.17342376708984,SAN DIEGO,SAN DIEGO,-117.17344665527344,32.73359298706055
94441238,2024,2024-10-23,9680,2024-10-11,1245,022893,NA,5,1,9,3700,0,1,3,NA,1,052,SR-78,MESA GRANDE ROAD,20064,E,N,A,-,Y,SD,NA,78,NA,NA,64.161,H,NA,R,Y,3,0,1,1,A,-,03,22350,NA,N,E,I,A,A,H,-,A,A,0,NA,NA,Y,NA,Y,NA,C,02,0,1,0,0,0,0,0,0,1,-,-,33.06953811645508,-116.55239868164063,SAN DIEGO,UNINCORPORATED,-116.55239105224608,33.06950759887695
94441638,2024,2024-10-23,9650,2024-10-15,2057,021263,NA,2,2,9,3700,0,1,1,NA,2,021,INTERSTATE 15 NORTHBOUND,NUTMEG STREET,1584,N,N,A,-,Y,SD,NA,15,NA,R,34.498,H,NA,R,Y,4,0,1,3,A,-,03,22350,NA,N,C,2,A,A,H,-,A,D,0,NA,NA,NA,NA,Y,NA,D,22,0,0,1,0,0,0,0,0,0,-,-,33.169471740722656,-117.10951995849608,SAN DIEGO,UNINCORPORATED,-117.10951995849608,33.16946792602539
94443083,2024,2024-10-23,9680,2024-10-12,1735,023086,NA,6,2,9,3700,0,3,5,NA,2,003,OLDE HIGHWAY 80,LABRADOR LN,0,NA,Y,A,-,N,NA,NA,NA,NA,NA,NA,NA,NA,NA,Y,4,0,1,3,A,-,09,21801,A,N,D,C,A,A,H,-,A,D,0,NA,NA,NA,NA,Y,NA,A,01,0,0,1,0,0,0,0,0,0,-,-,32.85020065307617,-116.85861206054688,SAN DIEGO,UNINCORPORATED,NA,NA
94444647,2024,2024-10-24,9645,2024-10-24,1250,016156,NA,4,1,7,3711,0,1,1,NA,2,017,I-15 S/B,SR-52,6758,N,N,A,-,Y,SD,NA,15,NA,M,11.825,H,NA,L,Y,4,0,1,1,A,-,08,22107,NA,N,E,I,A,A,H,-,A,D,0,NA,NA,NA,NA,Y,NA,A,07,0,0,1,0,0,0,0,0,0,-,-,32.859588623046875,-117.1130828857422,SAN DIEGO,SAN DIEGO,-117.11324310302734,32.85963821411133
9444904,2022,2022-06-17,3710,2022-05-10,1715,OC1525,NA,2,5,6,3710,0,0,0,NA,0,017,DOUGLAS DR,FESTIVAL DR,200,N,N,A,-,N,NA,NA,NA,NA,NA,NA,NA,NA,NA,Y,3,0,1,1,A,-,03,22350,NA,N,E,I,A,A,H,-,A,D,0,NA,NA,NA,NA,Y,NA,A,01,0,1,0,0,0,0,0,0,0,-,-,NA,NA,SAN DIEGO,OCEANSIDE,-117.3177490234375,33.253204345703125