CASE_ID,ACCIDENT_YEAR,PROC_DATE,JURIS,COLLISION_DATE,COLLISION_TIME,OFFICER_ID,REPORTING_DISTRICT,DAY_OF_WEEK,CHP_SHIFT,POPULATION,CNTY_CITY_LOC,SPECIAL_COND,BEAT_TYPE,CHP_BEAT_TYPE,CITY_DIVISION_LAPD,CHP_BEAT_CLASS,BEAT_NUMBER,PRIMARY_RD,SECONDARY_RD,DISTANCE,DIRECTION,INTERSECTION,WEATHER_1,WEATHER_2,STATE_HWY_IND,CALTRANS_COUNTY,CALTRANS_DISTRICT,STATE_ROUTE,ROUTE_SUFFIX,POSTMILE_PREFIX,POSTMILE,LOCATION_TYPE,RAMP_INTERSECTION,SIDE_OF_HWY,TOW_AWAY,COLLISION_SEVERITY,NUMBER_KILLED,NUMBER_INJURED,PARTY_COUNT,PRIMARY_COLL_FACTOR,PCF_CODE_OF_VIOL,PCF_VIOL_CATEGORY,PCF_VIOLATION,PCF_VIOL_SUBSECTION,HIT_AND_RUN,TYPE_OF_COLLISION,MVIW,PED_ACTION,ROAD_SURFACE,ROAD_COND_1,ROAD_COND_2,LIGHTING,CONTROL_DEVICE,CHP_ROAD_TYPE,PEDESTRIAN_ACCIDENT,BICYCLE_ACCIDENT,MOTORCYCLE_ACCIDENT,TRUCK_ACCIDENT,NOT_PRIVATE_PROPERTY,ALCOHOL_INVOLVED,STWD_VEHTYPE_AT_FAULT,CHP_VEHTYPE_AT_FAULT,COUNT_SEVERE_INJ,COUNT_VISIBLE_INJ,COUNT_COMPLAINT_PAIN,COUNT_PED_KILLED,COUNT_PED_INJURED,COUNT_BICYCLIST_KILLED,COUNT_BICYCLIST_INJURED,COUNT_MC_KILLED,COUNT_MC_INJURED,PRIMARY_RAMP,SECONDARY_RAMP,LATITUDE,LONGITUDE,COUNTY,CITY,POINT_X,POINT_Y
94660509,2025,2025-04-23,9645,2025-03-24,1805,022512,NA,1,2,7,3711,0,1,3,NA,2,031,STATE ROUTE 125 SOUTHBOUND,OLYMPIC PARKWAY  UNDERCROSSING,2145,N,N,A,-,Y,SD,NA,125,NA,NA,3.51,H,NA,L,Y,3,0,1,2,A,-,03,22350,NA,F,C,C,A,A,H,-,A,A,0,NA,NA,Y,NA,Y,NA,-,99,0,1,0,0,0,0,0,0,1,-,-,32.63814926147461,-116.97118377685548,SAN DIEGO,SAN DIEGO,-116.97122192382813,32.63815689086914
9466119,2022,2022-12-22,3711,2022-11-29,1710,SD8861,NA,2,5,7,3711,0,0,0,NA,0,511,MAIN ST,VESTA ST,121,S,N,A,-,N,NA,NA,NA,NA,NA,NA,NA,NA,NA,N,4,0,3,2,A,-,03,22350,NA,N,C,C,A,A,H,-,C,A,0,NA,NA,NA,NA,Y,NA,D,22,0,0,3,0,0,0,0,0,0,-,-,NA,NA,SAN DIEGO,SAN DIEGO,-117.11506652832033,32.685279846191406
9466245,2022,2022-12-23,3711,2022-11-30,2330,SD7964,NA,3,5,7,3711,0,0,0,NA,0,724,HOLLISTER ST,CHARLES AV,0,NA,Y,A,-,N,NA,NA,NA,NA,NA,NA,NA,NA,NA,N,3,0,1,2,D,-,00,NA,NA,M,G,B,E,A,H,-,D,D,0,Y,NA,NA,NA,Y,NA,-,-,0,1,0,0,1,0,0,0,0,-,-,NA,NA,SAN DIEGO,SAN DIEGO,-117.08407592773438,32.59202575683594
9466247,2022,2023-01-31,3711,2022-11-25,1350,SD1689,NA,5,5,7,3711,0,0,0,NA,0,122,GARNET AV,GARNET AV 2600,0,NA,N,A,-,N,NA,NA,NA,NA,NA,NA,NA,NA,NA,Y,4,0,4,2,A,-,03,22350,NA,N,C,C,A,A,H,-,A,D,0,NA,NA,NA,NA,Y,NA,A,01,0,0,4,0,0,0,0,0,0,-,-,NA,NA,SAN DIEGO,SAN DIEGO,-117.21725463867188,32.80641174316406
94665938,2025,2025-04-28,9650,2025-04-11,1359,022132,NA,5,1,6,3706,0,1,1,NA,2,023,I-15 N/B,CITRACADO PKY,2060,S,N,A,-,Y,SD,NA,15,NA,M,28.366,H,NA,R,Y,4,0,1,2,A,-,03,22350,NA,N,C,C,A,A,H,-,A,D,0,NA,NA,NA,NA,Y,NA,A,01,0,0,1,0,0,0,0,0,0,-,-,33.088050842285156,-117.07753753662108,SAN DIEGO,ESCONDIDO,-117.0776824951172,33.08794021606445
9467042,2022,2023-01-19,3700,2022-09-14,1241,SH4148,NA,3,5,4,3707,0,0,0,NA,0,704,9TH ST,DONAX AV,0,NA,N,A,-,N,NA,NA,NA,NA,NA,NA,NA,NA,NA,Y,4,0,1,2,A,-,00,20002,A,N,D,C,A,A,H,-,A,A,0,NA,NA,NA,NA,Y,NA,A,01,0,0,1,0,0,0,0,0,0,-,-,NA,NA,SAN DIEGO,IMPERIAL BEACH,-117.11431121826172,32.582275390625
94670461,2025,2025-04-30,9680,2025-04-18,1440,024159,NA,5,2,5,3708,0,1,1,NA,2,081,I-8 W/B,JACKSON DR,300,W,N,B,-,Y,SD,NA,8,NA,NA,11.728,H,NA,L,Y,4,0,2,2,A,-,07,21658,A,N,C,C,A,A,H,-,A,D,0,NA,NA,NA,NA,Y,NA,A,01,0,0,2,0,0,0,0,0,0,-,-,32.7747688293457,-117.01180267333984,SAN DIEGO,LA MESA,-117.01181793212892,32.774803161621094
9467196,2023,2023-02-21,3711,2023-01-13,1803,SD7216,NA,5,5,7,3711,0,0,0,NA,0,832,UNIVERSITY AV,41ST ST,0,NA,Y,A,-,N,NA,NA,NA,NA,NA,NA,NA,NA,NA,N,4,0,1,2,A,-,12,21453,A,N,D,C,A,A,H,-,C,A,0,NA,NA,Y,NA,Y,NA,C,02,0,0,1,0,0,0,0,0,1,-,-,NA,NA,SAN DIEGO,SAN DIEGO,-117.10694122314452,32.74968719482422
94674066,2025,2025-05-05,9650,2025-05-02,537,022965,NA,5,3,6,3710,0,1,1,NA,2,003,I-5 S/B,WIRE MOUNTAIN RD O/C,7075,N,N,B,-,Y,SD,NA,5,NA,R,56.137,H,NA,L,Y,4,0,1,2,A,-,03,22350,NA,N,C,2,A,B,H,-,B,D,0,NA,NA,NA,NA,Y,NA,D,22,0,0,1,0,0,0,0,0,0,-,-,33.23160171508789,-117.4025421142578,SAN DIEGO,OCEANSIDE,-117.40250396728516,33.23162841796875
94675248,2025,2025-05-05,9650,2025-04-25,1735,022911,NA,5,2,5,3713,0,3,5,NA,2,170,S SANTA FE AVE,SMILAX RD,200,W,N,A,-,N,NA,NA,NA,NA,NA,NA,NA,NA,NA,Y,3,0,2,4,A,-,09,21804,A,F,E,A,A,A,H,-,A,D,0,NA,NA,NA,NA,Y,NA,A,07,0,1,1,0,0,0,0,0,0,-,-,33.16320037841797,-117.20538330078124,SAN DIEGO,VISTA,-117.205322265625,33.16228485107422
9467537,2023,2023-02-16,3711,2023-01-07,2354,SD6146,NA,6,5,7,3711,0,0,0,NA,0,311,AERO DR,KEARNY VILLA RD,51,E,N,A,-,N,NA,NA,NA,NA,NA,NA,NA,NA,NA,Y,4,0,3,3,A,-,03,22350,NA,N,C,C,A,A,H,-,C,A,0,NA,NA,NA,NA,Y,Y,A,01,0,0,3,0,0,0,0,0,0,-,-,NA,NA,SAN DIEGO,SAN DIEGO,-117.1508331298828,32.80995178222656
9467560,2023,2023-03-03,3711,2023-01-08,1916,SD7046,NA,7,5,7,3711,0,0,0,NA,0,313,CLAIREMONT MESS BL,CLAIREMONT MESA BL 9600,0,NA,Y,A,-,N,NA,NA,NA,NA,NA,NA,NA,NA,NA,N,3,0,1,2,D,-,00,NA,NA,N,G,B,B,A,H,-,C,A,0,Y,NA,NA,NA,Y,NA,-,-,0,1,0,0,1,0,0,0,0,-,-,NA,NA,SAN DIEGO,SAN DIEGO,-117.20614624023438,32.82770538330078
9467572,2023,2023-02-22,3711,2023-01-06,925,SD1666,NA,5,5,7,3711,0,0,0,NA,0,NA,CARGILL AV,CAMINO TICINO,0,NA,Y,A,-,N,NA,NA,NA,NA,NA,NA,NA,NA,NA,Y,4,0,1,2,A,-,08,22107,NA,N,D,C,A,A,H,-,A,D,0,NA,NA,NA,NA,Y,Y,A,01,0,0,1,0,0,0,0,0,0,-,-,NA,NA,SAN DIEGO,SAN DIEGO,-117.2165069580078,32.86249923706055
9467951,2022,2023-01-13,3700,2022-11-30,0802,SH0051,NA,3,5,4,3720,0,0,0,NA,0,602,MASSACHUSETTS AV,WESTVIEW PL,0,NA,Y,A,-,N,NA,NA,NA,NA,NA,NA,NA,NA,NA,Y,4,0,1,3,A,-,03,22350,NA,N,B,C,A,A,H,-,A,D,0,NA,NA,NA,NA,Y,NA,A,01,0,0,1,0,0,0,0,0,0,-,-,NA,NA,SAN DIEGO,LEMON GROVE,-117.04285430908205,32.74103546142578
9468161,2023,2023-01-25,3711,2023-01-04,658,SD1407,NA,3,5,7,3711,0,0,0,NA,0,528,W HAWTHORNE ST,STATE ST,0,W,N,C,-,Y,SD,11,5,-,R,16.618,R,4,N,N,4,0,1,1,A,-,03,22350,NA,N,H,-,A,B,H,-,A,D,0,NA,NA,Y,NA,Y,NA,C,02,0,0,1,0,0,0,0,0,1,-,-,NA,NA,SAN DIEGO,SAN DIEGO,-117.16427612304688,32.72373962402344
94683126,2025,2025-05-12,9645,2025-05-06,637,024355,NA,2,1,9,3700,0,3,5,NA,2,018,OTAY LAKES ROAD WESTBOUND,WUESTE ROAD,2640,E,N,B,-,Y,NA,NA,NA,NA,NA,NA,NA,NA,NA,Y,4,0,1,1,A,-,08,22107,NA,N,E,8,A,A,H,-,A,D,0,NA,NA,NA,NA,Y,NA,D,22,0,0,1,0,0,0,0,0,0,-,-,32.64789962768555,-116.92864990234376,SAN DIEGO,UNINCORPORATED,-116.93017578125,32.64775848388672
94683374,2025,2025-05-12,9645,2025-05-02,950,024170,NA,5,1,5,3709,0,1,1,NA,2,001,I-5 S/B,CIVIC CENTER DRIVE,5280,S,N,B,-,Y,SD,NA,5,NA,R,10.638,H,NA,L,N,4,0,1,2,A,-,07,21658,A,N,B,D,A,A,H,-,A,D,0,NA,NA,NA,NA,Y,NA,A,01,0,0,1,0,0,0,0,0,0,-,-,32.66817855834961,-117.11136627197266,SAN DIEGO,NATIONAL CITY,-117.11138153076172,32.66817855834961
94687216,2025,2025-05-14,9650,2025-05-08,1300,022480,NA,4,1,9,3700,0,3,5,NA,2,211,MOUNTAIN MEADOW RD,STICKLEY RANCH,5000,W,N,A,-,N,NA,NA,NA,NA,NA,NA,NA,NA,NA,Y,3,0,1,1,A,-,08,22107,NA,N,E,I,A,A,H,-,A,D,0,NA,NA,NA,NA,Y,NA,-,-,0,1,0,0,0,0,0,0,0,-,-,33.20212173461914,-117.11788940429688,SAN DIEGO,UNINCORPORATED,NA,NA
94687405,2025,2025-05-14,9645,2025-05-08,840,024450,NA,4,1,7,3711,0,1,1,NA,2,013,INTERSTATE 805 N/B,EASTGATE MALL,300,N,N,A,-,Y,SD,NA,805,NA,NA,26.397,H,NA,R,Y,2,0,1,1,A,-,08,22107,NA,N,E,I,A,A,H,-,A,D,0,NA,NA,NA,NA,Y,NA,A,07,1,0,0,0,0,0,0,0,0,-,-,32.881778717041016,-117.2014617919922,SAN DIEGO,SAN DIEGO,-117.2013702392578,32.88180160522461
94687468,2025,2025-05-14,9680,2025-05-02,830,020500,NA,5,1,9,3700,0,3,5,NA,2,009,H ST,11TH ST,0,NA,Y,B,-,N,NA,NA,NA,NA,NA,NA,NA,NA,NA,N,3,0,1,2,A,-,09,21802,A,N,D,C,A,A,H,-,A,A,0,NA,NA,NA,NA,Y,NA,A,07,0,1,0,0,0,0,0,0,0,-,-,33.03670883178711,-116.8668212890625,SAN DIEGO,UNINCORPORATED,-116.86676025390624,33.036712646484375
94689420,2025,2025-05-15,9680,2025-05-04,1110,021584,NA,7,1,9,3700,0,1,3,NA,1,051,STATE ROUTE 79,JULIAN ESTATES ROAD,285,N,N,B,C,Y,SD,NA,79,NA,NA,16.923,H,NA,R,Y,3,0,4,2,A,-,05,21460,A,N,B,2,A,B,H,-,A,D,0,NA,NA,NA,NA,Y,NA,A,01,0,1,3,0,0,0,0,0,0,-,-,33.0406608581543,-116.56717681884766,SAN DIEGO,UNINCORPORATED,-116.56720733642578,33.040679931640625
94690813,2024,2025-05-16,9645,2024-12-28,2340,022980,NA,6,3,7,3711,0,1,1,NA,2,021,STATE ROUTE 15 NORTHBOUND TO INTERSTATE 805 NORTHB,LANDIS STREET,3215,N,N,A,-,Y,SD,NA,15,NA,M,3.867,H,NA,R,Y,1,1,0,1,A,-,08,22107,NA,N,E,I,A,A,H,-,D,D,0,NA,NA,Y,NA,Y,NA,C,03,0,0,0,0,0,0,0,1,0,-,-,32.73918151855469,-117.11338043212892,SAN DIEGO,SAN DIEGO,-117.11328125,32.73917007446289
94692229,2025,2025-05-19,9650,2025-05-10,2016,022892,NA,6,2,9,3700,0,1,3,NA,2,065,SR-76 E/B,OLD HWY 395,0,NA,Y,A,-,N,NA,NA,NA,NA,NA,NA,NA,NA,NA,Y,4,0,3,2,A,-,11,21453,D,N,D,C,A,A,H,-,C,A,0,NA,NA,NA,NA,Y,NA,A,08,0,0,3,0,0,0,0,0,0,-,-,33.32781982421875,-117.16256713867188,SAN DIEGO,UNINCORPORATED,NA,NA
94692276,2025,2025-05-19,9645,2025-05-07,2215,023413,NA,3,3,7,3711,0,1,1,NA,2,001,I-5 N/B TO SR-905 E/B,I-5,647,E,N,A,-,Y,NA,NA,NA,NA,NA,NA,NA,NA,NA,Y,4,0,1,1,A,-,08,22107,NA,N,E,8,A,A,H,-,C,D,0,NA,NA,NA,NA,Y,NA,A,01,0,0,1,0,0,0,0,0,0,-,-,32.566200256347656,-117.07150268554688,SAN DIEGO,SAN DIEGO,NA,NA
9469438,2023,2023-10-03,3710,2023-09-04,1931,OC1438,NA,1,5,6,3710,0,0,0,NA,0,008,OCEANSIDE BL,VINE ST,81,E,N,A,-,N,NA,NA,NA,NA,NA,NA,NA,NA,NA,Y,2,0,2,2,A,-,01,23153,A,N,C,C,A,A,H,-,C,A,0,NA,NA,NA,NA,Y,Y,A,01,1,0,1,0,0,0,0,0,0,-,-,NA,NA,SAN DIEGO,OCEANSIDE,-117.36408996582033,33.189002990722656
94695827,2025,2025-05-21,9645,2025-05-15,1410,024357,NA,4,2,9,3700,0,1,3,NA,2,022,SR-56 E/B,I-15 S/B,2625,W,N,A,-,Y,SD,NA,56,NA,NA,9.165,H,NA,R,N,4,0,1,2,A,-,03,22350,NA,N,C,C,A,A,H,-,A,D,0,NA,NA,NA,NA,Y,NA,D,22,0,0,1,0,0,0,0,0,0,-,-,32.96160125732422,-117.1039810180664,SAN DIEGO,UNINCORPORATED,-117.10399627685548,32.96162796020508
94696191,2025,2025-05-21,9680,2025-05-11,1032,015972,NA,7,1,9,3700,0,1,3,NA,1,090,STATE ROUTE-67,AIRMAIL LANE,920,N,N,B,-,Y,SD,NA,67,NA,NA,20.012,H,NA,R,Y,3,0,1,3,A,-,03,22350,NA,N,C,C,A,A,H,-,A,D,0,NA,NA,NA,NA,Y,NA,A,01,0,1,0,0,0,0,0,0,0,-,-,33.01018142700195,-116.92848205566406,SAN DIEGO,UNINCORPORATED,-116.92848205566406,33.01018142700195
94696323,2025,2025-05-21,9645,2025-05-14,1615,024355,NA,3,2,7,3711,0,1,1,NA,2,005,I-5 SOUTHBOUND,SR-52 EASTBOUND,2900,S,N,A,-,Y,SD,NA,5,NA,R,25.391,H,NA,L,N,4,0,1,2,A,-,03,22350,NA,N,C,C,A,A,H,-,A,D,0,NA,NA,NA,NA,Y,NA,A,01,0,0,1,0,0,0,0,0,0,-,-,32.82963180541992,-117.23297882080078,SAN DIEGO,SAN DIEGO,-117.23303985595705,32.829627990722656
9469651,2023,2023-09-12,3711,2023-08-29,2002,SD1239,NA,2,5,7,3711,0,0,0,NA,0,521,MARKET ST,PARK BL,0,NA,Y,A,-,N,NA,NA,NA,NA,NA,NA,NA,NA,NA,N,3,0,1,2,A,-,21,22106,NA,N,H,A,A,A,H,-,C,D,0,NA,Y,NA,NA,Y,Y,L,04,0,1,0,0,0,0,1,0,0,-,-,NA,NA,SAN DIEGO,SAN DIEGO,-117.15375518798828,32.711524963378906
94697125,2025,2025-05-22,9650,2025-04-24,43,021263,NA,4,3,5,3712,0,1,3,NA,2,019,STATE ROUTE 78 WB TO LAS POSAS,LAS POSAS ROAD,170,E,N,A,-,Y,SD,NA,78,NA,NA,11.228,H,NA,L,N,2,0,1,1,A,-,01,23152,A,N,E,I,A,A,H,-,D,D,0,NA,NA,NA,NA,Y,Y,D,22,1,0,0,0,0,0,0,0,0,-,-,33.14397048950195,-117.19048309326172,SAN DIEGO,SAN MARCOS,-117.19070434570313,33.143775939941406
9469980,2023,2024-04-26,3711,2023-09-01,1310,SD1787,NA,5,5,7,3711,0,0,0,NA,0,313,KEARNY MESA RD,KEARNY MESA RD 4300,0,NA,N,A,-,N,NA,NA,NA,NA,NA,NA,NA,NA,NA,N,4,0,1,2,A,-,09,21804,A,N,D,C,A,A,H,-,A,D,0,NA,NA,NA,NA,Y,NA,A,01,0,0,1,0,0,0,0,0,0,-,-,NA,NA,SAN DIEGO,SAN DIEGO,NA,NA
94700612,2025,2025-05-26,9650,2025-05-15,1508,022480,NA,4,2,6,3710,0,1,3,NA,2,015,CALIFORNIA 78 E/B,EL CAMINO REAL,1000,W,N,A,-,Y,NA,NA,NA,NA,NA,NA,NA,NA,NA,N,4,0,1,2,A,-,03,22350,NA,N,C,C,A,A,H,-,A,A,0,NA,NA,NA,NA,Y,NA,A,01,0,0,1,0,0,0,0,0,0,-,-,33.18088912963867,-117.32846069335938,SAN DIEGO,OCEANSIDE,-117.33011627197266,33.18109893798828
94701220,2025,2025-05-27,9645,2025-05-17,1525,023850,NA,6,2,7,3711,0,1,1,NA,2,011,I-805 N/B,CAMINO DEL RIO S,1373,S,N,B,-,Y,SD,NA,805,NA,NA,17.288,H,NA,R,Y,4,0,1,2,A,-,03,22350,NA,N,C,C,A,A,H,-,A,D,0,NA,NA,NA,NA,Y,NA,A,01,0,0,1,0,0,0,0,0,0,-,-,32.767311096191406,-117.1289520263672,SAN DIEGO,SAN DIEGO,-117.12892150878906,32.76731872558594
94705029,2025,2025-05-29,9650,2025-05-22,823,017952,NA,4,1,9,3700,0,1,1,NA,2,003,I-5,WIRE MOUNTAIN RD,2112,N,N,A,-,Y,SD,NA,5,NA,R,55.225,H,NA,R,Y,3,0,2,2,A,-,08,22107,NA,N,B,E,A,A,H,-,A,D,0,NA,NA,NA,Y,Y,NA,F,27,0,1,1,0,0,0,0,0,0,-,-,33.22208023071289,-117.39179229736328,SAN DIEGO,UNINCORPORATED,-117.39190673828124,33.22205352783203
9470603,2023,2023-10-23,3711,2023-09-23,649,SD1829,NA,6,5,7,3711,0,0,0,NA,0,116,NAPIER ST,MORENO,95,E,N,A,-,N,NA,NA,NA,NA,NA,NA,NA,NA,NA,Y,4,0,1,1,A,-,01,23152,A,N,E,J,A,A,H,-,A,B,0,NA,NA,NA,NA,Y,Y,A,01,0,0,1,0,0,0,0,0,0,-,-,NA,NA,SAN DIEGO,SAN DIEGO,-117.20685577392578,32.78230667114258
9470635,2023,2023-10-17,3711,2023-09-28,1530,SD7141,NA,4,5,7,3711,0,0,0,NA,0,611,MIDWAY DR,MIDWAY DR 2900,0,NA,N,A,-,N,NA,NA,NA,NA,NA,NA,NA,NA,NA,N,4,0,1,2,A,-,04,21703,NA,M,C,C,A,A,H,-,A,A,0,NA,NA,NA,NA,Y,NA,A,01,0,0,1,0,0,0,0,0,0,-,-,NA,NA,SAN DIEGO,SAN DIEGO,-117.04972076416016,33.13434600830078
94707381,2025,2025-05-30,9680,2025-05-17,2305,024079,NA,6,3,9,3700,0,2,4,NA,1,025,SWEETWATER ROAD,ILLDICA STREET,0,NA,Y,B,-,N,NA,NA,NA,NA,NA,NA,NA,NA,NA,N,4,0,4,2,A,-,12,21453,A,N,D,C,A,B,H,-,C,A,0,NA,NA,NA,NA,Y,NA,A,01,0,0,4,0,0,0,0,0,0,-,-,32.727638244628906,-117.01409149169922,SAN DIEGO,UNINCORPORATED,-117.01414489746094,32.72760772705078
94709149,2025,2025-06-02,9650,2025-05-27,800,020673,NA,2,1,9,3700,0,2,4,NA,1,027,VALLEY CENTER RD,MIRAR DE VALLE RD,220,N,N,A,-,N,NA,NA,NA,NA,NA,NA,NA,NA,NA,N,4,0,1,4,A,-,08,22107,NA,N,B,C,A,A,H,-,A,A,0,NA,NA,NA,NA,Y,NA,A,01,0,0,1,0,0,0,0,0,0,-,-,33.21186828613281,-117.03368377685548,SAN DIEGO,UNINCORPORATED,-117.03357696533205,33.210594177246094
94709314,2025,2025-06-02,9650,2025-05-09,320,023161,NA,5,3,9,3700,0,3,5,NA,2,230,665 W VIA RANCHO PARKWAY,FELICITA PARK,300,S,N,A,-,N,NA,NA,NA,NA,NA,NA,NA,NA,NA,N,2,0,3,1,A,-,01,23152,A,N,E,I,A,A,H,-,C,D,0,NA,NA,NA,NA,Y,Y,A,01,1,1,1,0,0,0,0,0,0,-,-,33.075870513916016,-117.08181762695313,SAN DIEGO,UNINCORPORATED,-117.0832290649414,33.07564163208008
94711198,2025,2025-06-03,9650,2025-05-27,1710,020343,NA,2,2,5,3712,0,1,3,NA,2,019,SR-78 E/B,TWIN OAKS VALLEY RD,739,W,N,A,-,Y,SD,NA,78,NA,NA,12.76,H,NA,R,Y,3,0,2,3,A,-,03,22350,NA,N,C,C,A,A,H,-,A,D,0,NA,NA,NA,NA,Y,NA,A,01,0,1,1,0,0,0,0,0,0,-,-,33.13684844970703,-117.16634368896484,SAN DIEGO,SAN MARCOS,-117.16634368896484,33.13688659667969
94712566,2025,2025-06-04,9650,2025-05-30,1400,022493,NA,5,2,9,3700,0,1,1,NA,2,003,I-5 S/B,WIRE MOUNTAIN RD,13000,N,N,A,-,Y,SD,NA,5,NA,R,56.114,H,NA,L,N,4,0,2,4,A,-,03,22350,NA,N,C,C,A,A,H,-,A,D,0,NA,NA,NA,NA,Y,NA,D,22,0,0,2,0,0,0,0,0,0,-,-,33.231361389160156,-117.40228271484376,SAN DIEGO,UNINCORPORATED,-117.40223693847656,33.23139190673828
94715258,2025,2025-06-05,9680,2025-05-25,2140,021501,NA,7,2,9,3700,0,1,3,NA,1,052,SR-78,WYNOLA ROAD,856,W,N,A,-,Y,SD,NA,78,NA,NA,54.094,H,NA,R,Y,3,0,1,1,C,-,18,NA,NA,N,H,H,A,A,H,-,D,D,0,NA,NA,NA,NA,Y,NA,-,-,0,1,0,0,0,0,0,0,0,-,-,33.09675979614258,-116.6460189819336,SAN DIEGO,UNINCORPORATED,-116.64605712890624,33.09675979614258
94715969,2025,2025-06-06,9680,2025-05-26,1405,021501,NA,1,2,9,3700,0,2,4,NA,2,072,MONTEZUMA VALLEY ROAD,JASPER TRAIL,3696,E,N,A,-,N,NA,NA,NA,NA,NA,NA,NA,NA,NA,Y,3,0,1,1,A,-,03,22350,NA,N,E,I,A,A,H,-,A,A,0,NA,NA,Y,NA,Y,NA,C,02,0,1,0,0,0,0,0,0,1,-,-,33.209991455078125,-116.47950744628906,SAN DIEGO,UNINCORPORATED,NA,NA
94716024,2025,2025-06-06,9645,2025-05-23,1355,022512,NA,5,1,5,3709,0,1,1,NA,2,001,INTERSTATE 5 SOUTHBOUND,MILE OF CARS WAY,1155,S,N,A,-,Y,SD,NA,5,NA,NA,9.83,H,NA,L,Y,4,0,1,3,A,-,03,22350,NA,N,C,C,A,A,H,-,A,D,0,NA,NA,NA,NA,Y,NA,A,01,0,0,1,0,0,0,0,0,0,-,-,32.65692138671875,-117.1069564819336,SAN DIEGO,NATIONAL CITY,-117.10690307617188,32.65693664550781
94718336,2025,2025-06-09,9680,2025-05-28,920,018801,NA,3,1,9,3700,0,1,1,NA,2,082,I-8 W/B,LOC COCHES ROAD U/C,5280,E,N,A,-,Y,SD,NA,8,NA,R,21.076,H,NA,L,N,4,0,1,1,A,-,08,22107,NA,N,E,I,A,A,H,-,A,D,0,NA,NA,NA,NA,Y,NA,A,01,0,0,1,0,0,0,0,0,0,-,-,32.83700942993164,-116.89143371582033,SAN DIEGO,UNINCORPORATED,-116.89136505126952,32.83695983886719
94720012,2025,2025-06-10,9650,2025-05-24,0,023524,NA,6,3,9,3700,0,3,5,NA,2,006,INDUSTRIAL WAY,E. MISSION,686,S,N,A,-,N,NA,NA,NA,NA,NA,NA,NA,NA,NA,Y,3,0,1,1,A,-,01,23152,A,N,E,I,A,A,H,-,D,D,0,NA,NA,NA,NA,Y,Y,A,01,0,1,0,0,0,0,0,0,0,-,-,33.38557815551758,-117.23722076416016,SAN DIEGO,UNINCORPORATED,-117.2372817993164,33.38563537597656
94720083,2025,2025-06-10,9680,2025-02-08,2325,023240,NA,6,3,9,3700,0,3,5,NA,2,002,DEL RIO RD,CALAVO DR,33,E,N,A,-,N,NA,NA,NA,NA,NA,NA,NA,NA,NA,Y,3,0,1,1,A,-,01,23152,A,N,E,9,A,A,H,-,C,A,0,NA,NA,NA,NA,Y,Y,A,07,0,1,0,0,0,0,0,0,0,-,-,32.73366928100586,-116.9629364013672,SAN DIEGO,UNINCORPORATED,-116.96487426757813,32.74335861206055
94720153,2025,2025-06-10,9680,2025-03-23,1510,024144,NA,7,2,9,3700,0,3,5,NA,2,002,AUSTIN DR,AVENIDA BOSQUES,250,W,N,A,-,N,NA,NA,NA,NA,NA,NA,NA,NA,NA,Y,4,0,1,2,A,-,08,22107,NA,N,B,C,A,A,H,-,A,D,0,NA,NA,NA,NA,Y,NA,A,01,0,0,1,0,0,0,0,0,0,-,-,32.73160171508789,-116.97528839111328,SAN DIEGO,UNINCORPORATED,-116.97469329833984,32.73154067993164
94721191,2025,2025-06-11,9650,2025-06-04,1905,021463,NA,3,2,9,3700,0,3,5,NA,2,213,EAST GRADE RD,MILE MARKER 7.0,1320,S,N,B,-,N,NA,NA,NA,NA,NA,NA,NA,NA,NA,N,3,0,1,1,A,-,03,22350,NA,N,F,A,A,A,H,-,B,D,0,NA,NA,Y,NA,Y,NA,C,02,0,1,0,0,0,0,0,0,1,-,-,33.288780212402344,-116.80657958984376,SAN DIEGO,UNINCORPORATED,-117.15834045410156,32.71467971801758
9472298,2022,2022-07-21,3711,2022-07-13,0543,SD1626,NA,3,5,7,3711,0,0,0,NA,0,832,EL CAJON BL,43RD ST,0,NA,Y,B,-,N,NA,NA,NA,NA,NA,NA,NA,NA,NA,N,4,0,1,2,A,-,10,21950,A,N,G,B,B,A,H,-,B,A,0,Y,NA,NA,NA,Y,NA,D,22,0,0,1,0,1,0,0,0,0,-,-,NA,NA,SAN DIEGO,SAN DIEGO,-117.10191345214844,32.755069732666016
9472519,2022,2022-07-21,3711,2022-07-11,1207,SD1679,NA,1,5,7,3711,0,0,0,NA,0,311,QUALCOMM WY,FRIARS RD,0,NA,Y,A,-,N,NA,NA,NA,NA,NA,NA,NA,NA,NA,Y,4,0,2,2,A,-,12,21453,A,F,D,C,A,A,H,-,A,A,0,NA,NA,NA,NA,Y,NA,A,01,0,0,2,0,0,0,0,0,0,-,-,NA,NA,SAN DIEGO,SAN DIEGO,-117.14192199707033,32.778072357177734