CASE_ID,ACCIDENT_YEAR,PROC_DATE,JURIS,COLLISION_DATE,COLLISION_TIME,OFFICER_ID,REPORTING_DISTRICT,DAY_OF_WEEK,CHP_SHIFT,POPULATION,CNTY_CITY_LOC,SPECIAL_COND,BEAT_TYPE,CHP_BEAT_TYPE,CITY_DIVISION_LAPD,CHP_BEAT_CLASS,BEAT_NUMBER,PRIMARY_RD,SECONDARY_RD,DISTANCE,DIRECTION,INTERSECTION,WEATHER_1,WEATHER_2,STATE_HWY_IND,CALTRANS_COUNTY,CALTRANS_DISTRICT,STATE_ROUTE,ROUTE_SUFFIX,POSTMILE_PREFIX,POSTMILE,LOCATION_TYPE,RAMP_INTERSECTION,SIDE_OF_HWY,TOW_AWAY,COLLISION_SEVERITY,NUMBER_KILLED,NUMBER_INJURED,PARTY_COUNT,PRIMARY_COLL_FACTOR,PCF_CODE_OF_VIOL,PCF_VIOL_CATEGORY,PCF_VIOLATION,PCF_VIOL_SUBSECTION,HIT_AND_RUN,TYPE_OF_COLLISION,MVIW,PED_ACTION,ROAD_SURFACE,ROAD_COND_1,ROAD_COND_2,LIGHTING,CONTROL_DEVICE,CHP_ROAD_TYPE,PEDESTRIAN_ACCIDENT,BICYCLE_ACCIDENT,MOTORCYCLE_ACCIDENT,TRUCK_ACCIDENT,NOT_PRIVATE_PROPERTY,ALCOHOL_INVOLVED,STWD_VEHTYPE_AT_FAULT,CHP_VEHTYPE_AT_FAULT,COUNT_SEVERE_INJ,COUNT_VISIBLE_INJ,COUNT_COMPLAINT_PAIN,COUNT_PED_KILLED,COUNT_PED_INJURED,COUNT_BICYCLIST_KILLED,COUNT_BICYCLIST_INJURED,COUNT_MC_KILLED,COUNT_MC_INJURED,PRIMARY_RAMP,SECONDARY_RAMP,LATITUDE,LONGITUDE,COUNTY,CITY,POINT_X,POINT_Y
9503601,2022,2022-10-05,3700,2022-08-01,1636,SH0595,NA,1,5,2,3704,0,0,0,NA,0,292,CAMINO DEL MAR,BORDER AV,775,S,N,A,-,N,NA,NA,NA,NA,NA,NA,NA,NA,NA,N,4,0,2,2,A,-,03,22350,NA,N,C,C,A,A,H,-,A,D,0,NA,NA,NA,NA,Y,NA,A,01,0,0,2,0,0,0,0,0,0,-,-,NA,NA,SAN DIEGO,DEL MAR,-117.2693099975586,32.978118896484375
9503617,2022,2022-09-26,3705,2022-08-14,1736,EC0383,NA,7,5,5,3705,0,0,0,NA,0,003,EAST MAIN ST,BROADWAY,1133,S,N,A,-,N,NA,NA,NA,NA,NA,NA,NA,NA,NA,Y,3,0,2,5,A,-,01,23153,A,N,D,C,A,A,H,-,A,D,0,NA,NA,NA,NA,Y,Y,A,01,0,1,1,0,0,0,0,0,0,-,-,NA,NA,SAN DIEGO,EL CAJON,-116.92478942871094,32.805625915527344
9504096,2022,2022-10-25,3711,2022-09-01,2016,AS5561,NA,4,5,7,3711,0,0,0,NA,0,234,BERNARDO CENTER DR,AVENIDA ABEJA,0,NA,Y,A,-,N,NA,NA,NA,NA,NA,NA,NA,NA,NA,Y,1,1,0,2,A,-,10,21950,A,F,G,B,B,A,H,-,C,A,0,Y,NA,NA,NA,Y,NA,A,01,0,0,0,1,0,0,0,0,0,-,-,NA,NA,SAN DIEGO,SAN DIEGO,-117.09471893310548,33.0048828125
9504609,2022,2022-10-28,3710,2022-09-27,0655,OC1533,NA,2,5,6,3710,0,0,0,NA,0,018,NORTH RIVER RD,AVENIDA DESCANSO,0,NA,Y,A,-,N,NA,NA,NA,NA,NA,NA,NA,NA,NA,Y,4,0,1,2,A,-,03,22350,NA,N,D,C,A,A,H,-,A,A,0,NA,NA,NA,NA,Y,NA,A,01,0,0,1,0,0,0,0,0,0,-,-,NA,NA,SAN DIEGO,OCEANSIDE,-117.31459808349608,33.245296478271484
9506195,2022,2022-10-10,3700,2022-07-25,1955,SH1911,NA,1,5,5,3712,0,0,0,NA,0,357,EAST MISSION RD,MULBERRY DR,0,NA,Y,A,-,N,NA,NA,NA,NA,NA,NA,NA,NA,NA,Y,3,0,1,2,A,-,08,22107,NA,N,D,C,A,A,H,-,B,A,0,NA,NA,NA,NA,Y,NA,A,01,0,1,0,0,0,0,0,0,0,-,-,NA,NA,SAN DIEGO,SAN MARCOS,-117.1493911743164,33.14507293701172
9506891,2022,2022-10-14,3709,2022-09-20,1944,NC0541,NA,2,5,5,3709,0,0,0,NA,0,024,HIGHLAND AV,HIGHLAND AV 3000,0,NA,Y,A,-,N,NA,NA,NA,NA,NA,NA,NA,NA,NA,N,4,0,1,2,A,-,10,21950,A,N,G,B,B,A,H,-,C,A,0,Y,NA,NA,NA,Y,NA,A,01,0,0,1,0,1,0,0,0,0,-,-,NA,NA,SAN DIEGO,NATIONAL CITY,-117.0892333984375,32.65372085571289
9507275,2022,2022-10-26,3711,2022-10-13,1610,SD1611,NA,4,5,7,3711,0,0,0,NA,0,311,MURPHY CANYON RD,AERO DR,0,NA,Y,A,B,N,NA,NA,NA,NA,NA,NA,NA,NA,NA,N,3,0,1,2,A,-,11,21954,A,N,G,B,D,A,H,-,A,D,0,Y,NA,NA,NA,Y,NA,N,60,0,1,0,0,1,0,0,0,0,-,-,NA,NA,SAN DIEGO,SAN DIEGO,-117.11663818359376,32.80958938598633
9507519,2022,2022-10-04,3711,2022-09-17,0250,SD1646,NA,6,5,7,3711,0,0,0,NA,0,725,DENNERY RD,BLACK CORRAL WY,400,E,N,A,-,N,NA,NA,NA,NA,NA,NA,NA,NA,NA,Y,4,0,1,1,A,-,08,38314,NA,N,F,J,A,A,H,-,D,A,0,NA,NA,NA,NA,Y,NA,A,01,0,0,1,0,0,0,0,0,0,-,-,NA,NA,SAN DIEGO,SAN DIEGO,-117.02276611328124,32.5896110534668
9508343,2022,2022-10-27,3711,2022-10-18,0800,SD6418,NA,2,5,7,3711,0,0,0,NA,0,122,BERYL ST,LAMONT ST,0,NA,Y,A,-,N,NA,NA,NA,NA,NA,NA,NA,NA,NA,N,4,0,1,2,A,-,10,21950,A,N,G,B,A,A,H,-,A,A,0,NA,NA,NA,NA,Y,NA,A,01,0,0,1,0,0,0,0,0,0,-,-,NA,NA,SAN DIEGO,SAN DIEGO,-117.2373504638672,32.80752944946289
9508361,2022,2022-11-03,3711,2022-10-19,0214,SD7995,NA,3,5,7,3711,0,0,0,NA,0,813,EL CAJON BL,UTAH ST,500,W,N,A,-,N,NA,NA,NA,NA,NA,NA,NA,NA,NA,N,2,0,1,2,A,-,11,21955,NA,N,G,B,D,A,D,-,C,D,0,Y,NA,NA,NA,Y,NA,N,60,1,0,0,0,1,0,0,0,0,-,-,NA,NA,SAN DIEGO,SAN DIEGO,-117.13426971435548,32.75522994995117
95084488,2025,2026-03-05,9680,2025-02-19,141,023492,NA,3,3,5,3705,0,1,1,NA,2,082,INTERSTATE 8 WESTBOUND FROM NORTH SECOND STREET,NORTH SECOND STREET,335,W,N,B,-,Y,SD,NA,8,NA,NA,17.289,H,NA,L,N,1,1,0,2,A,-,11,21954,A,F,G,B,E,A,H,-,C,D,0,Y,NA,NA,NA,Y,NA,N,60,0,0,0,1,0,0,0,0,0,-,-,32.80337905883789,-116.93701934814452,SAN DIEGO,EL CAJON,-116.93701934814452,32.80319595336914
9508518,2022,2022-11-15,3710,2022-10-21,1443,OC1523,NA,5,5,6,3710,0,0,0,NA,0,033,MISSION AV,FRANCESA RD,0,NA,Y,A,-,N,NA,NA,NA,NA,NA,NA,NA,NA,NA,Y,4,0,2,2,A,-,09,21800,B,N,B,C,A,A,H,-,A,D,0,NA,NA,NA,NA,Y,NA,A,01,0,0,2,0,0,0,0,0,0,-,-,NA,NA,SAN DIEGO,OCEANSIDE,-117.30232238769533,33.23161697387695
9508635,2022,2022-10-28,3711,2022-10-19,1616,SD1671,NA,3,5,7,3711,0,0,0,NA,0,524,FIRST AV,C ST,0,NA,Y,A,-,N,NA,NA,NA,NA,NA,NA,NA,NA,NA,N,4,0,2,2,A,-,12,21453,A,N,F,F,A,A,H,-,A,A,0,NA,NA,NA,NA,Y,NA,A,07,0,0,2,0,0,0,0,0,0,-,-,NA,NA,SAN DIEGO,SAN DIEGO,-117.163818359375,32.7166748046875
9508817,2022,2022-11-16,3700,2022-09-21,1416,SH7085,NA,3,5,5,3713,0,0,0,NA,0,308,NORTH EMERALD DR,WEST VISTA WY,0,N,Y,A,-,Y,SD,11,78,-,-,4.554,R,4,W,Y,4,0,2,2,A,-,12,21453,A,F,D,C,A,A,H,-,A,A,0,NA,NA,NA,NA,Y,NA,A,01,0,0,2,0,0,0,0,0,0,NO,NO,NA,NA,SAN DIEGO,VISTA,-117.27701568603516,33.189308166503906
9509877,2022,2022-12-15,3700,2022-11-19,1325,SH0484,NA,6,5,5,3713,0,0,0,NA,0,319,SOUTH MELROSE DR,SHADOWRIDGE DR,0,NA,Y,A,-,N,NA,NA,NA,NA,NA,NA,NA,NA,NA,Y,4,0,1,2,A,-,12,21457,A,N,D,C,A,A,H,-,A,B,0,NA,NA,NA,NA,Y,NA,A,01,0,0,1,0,0,0,0,0,0,-,-,NA,NA,SAN DIEGO,VISTA,-117.24215698242188,33.16152572631836
9509885,2022,2022-12-12,3700,2022-10-29,1653,SH5379,NA,6,5,5,3782,0,0,0,NA,0,211,LA COSTA AV,SHERIDAN RD,57,W,N,A,-,N,NA,NA,NA,NA,NA,NA,NA,NA,NA,Y,3,0,1,1,A,-,03,22350,NA,N,F,A,A,A,H,-,A,D,0,NA,NA,Y,NA,Y,NA,C,02,0,1,0,0,0,0,0,0,1,-,-,NA,NA,SAN DIEGO,ENCINITAS,-117.30325317382813,33.084041595458984
9510497,2022,2023-01-27,3711,2022-12-08,1537,SD7454,NA,4,5,7,3711,0,0,0,NA,0,611,SPORTS ARENA BL,CHANNEL WY,13,S,N,A,-,N,NA,NA,NA,NA,NA,NA,NA,NA,NA,N,4,0,1,2,A,-,09,21800,A,M,B,G,A,A,H,-,A,A,0,NA,Y,NA,NA,Y,NA,-,99,0,0,1,0,0,0,1,0,0,-,-,NA,NA,SAN DIEGO,SAN DIEGO,-117.22011566162108,32.755279541015625
9510499,2022,2023-01-27,3711,2022-12-08,0814,SD1618,NA,4,5,7,3711,0,0,0,NA,0,327,ALVARADO CT,ALVARADO ST,0,NA,-,A,-,N,NA,NA,NA,NA,NA,NA,NA,NA,NA,N,3,0,1,2,B,-,22,NA,NA,M,G,B,E,A,H,-,A,A,0,Y,NA,NA,NA,Y,NA,-,99,0,1,0,0,1,0,0,0,0,-,-,NA,NA,SAN DIEGO,SAN DIEGO,-117.0621337890625,32.778541564941406
9511241,2022,2023-01-31,3710,2022-12-20,1141,OC1358,NA,2,5,6,3710,0,0,0,NA,0,010,MISSION AV,CANYON DR,0,NA,Y,A,-,N,NA,NA,NA,NA,NA,NA,NA,NA,NA,Y,4,0,1,2,A,-,12,21453,A,N,D,C,A,A,H,-,A,A,0,NA,NA,NA,NA,Y,NA,A,01,0,0,1,0,0,0,0,0,0,-,-,NA,NA,SAN DIEGO,OCEANSIDE,-117.36431884765624,33.20427703857422
9511282,2022,2022-12-28,3711,2022-11-28,1555,SD7981,NA,1,5,7,3711,0,0,0,NA,0,115,GOLDENHAVEN DR,RENAISSANCE AV,27,S,N,B,-,N,NA,NA,NA,NA,NA,NA,NA,NA,NA,N,3,0,1,2,A,-,12,21453,A,N,G,B,B,A,H,-,B,A,0,Y,NA,NA,NA,Y,NA,A,01,0,1,0,0,1,0,0,0,0,-,-,NA,NA,SAN DIEGO,SAN DIEGO,-117.20550537109376,32.87078094482422
9511284,2022,2023-01-24,3711,2022-11-28,1744,SD1757,NA,1,5,7,3711,0,0,0,NA,0,722,DAIRY MART RD,SAN YSIDRO BL,0,NA,Y,A,-,N,NA,NA,NA,NA,NA,NA,NA,NA,NA,N,4,0,1,2,A,-,22,23123,A,N,C,C,A,A,H,-,C,A,0,NA,NA,NA,NA,Y,NA,A,08,0,0,1,0,0,0,0,0,0,-,-,NA,NA,SAN DIEGO,SAN DIEGO,-117.06240844726563,32.55963134765625
9511843,2022,2023-01-20,3710,2022-07-18,0903,OC1514,NA,1,5,6,3710,0,0,0,NA,0,012,OCEANSIDE BL,EL CAMINO REAL,80,W,N,A,-,N,NA,NA,NA,NA,NA,NA,NA,NA,NA,Y,4,0,1,2,A,-,03,22350,NA,N,C,C,A,A,H,-,A,A,0,NA,NA,NA,NA,Y,NA,A,01,0,0,1,0,0,0,0,0,0,-,-,NA,NA,SAN DIEGO,OCEANSIDE,-117.3324737548828,33.201820373535156
9512071,2022,2022-10-26,3705,2022-08-27,1001,EC0407,NA,6,5,5,3705,0,0,0,NA,0,001,N MARSHALL AV,WEST MAIN ST,110,N,N,A,-,N,NA,NA,NA,NA,NA,NA,NA,NA,NA,Y,4,0,1,3,A,-,21,22106,NA,F,D,C,A,A,H,-,A,D,0,NA,NA,NA,NA,Y,NA,A,08,0,0,1,0,0,0,0,0,0,-,-,NA,NA,SAN DIEGO,EL CAJON,-116.97554779052734,32.79527282714844
9512103,2022,2022-10-26,3705,2022-09-22,1214,EC5357,NA,4,5,5,3705,0,0,0,NA,0,002,N 2ND ST,E MADISON AV,68,S,N,A,-,N,NA,NA,NA,NA,NA,NA,NA,NA,NA,N,4,0,1,2,A,-,03,22350,NA,F,C,C,A,A,H,-,A,A,0,NA,NA,NA,NA,Y,Y,A,01,0,0,1,0,0,0,0,0,0,-,-,NA,NA,SAN DIEGO,EL CAJON,-116.93586730957033,32.79997253417969
9512236,2022,2022-10-31,3700,2022-09-08,0758,SH3192,NA,4,5,5,3782,0,0,0,NA,0,242,SANTA FE DR,EVERGREEN DR,0,NA,Y,A,-,N,NA,NA,NA,NA,NA,NA,NA,NA,NA,N,4,0,2,2,A,-,09,21802,A,N,D,C,A,A,H,-,A,A,0,NA,NA,NA,NA,Y,NA,A,01,0,0,2,0,0,0,0,0,0,-,-,NA,NA,SAN DIEGO,ENCINITAS,-117.27066802978516,33.03627395629883
9512654,2022,2022-10-27,3700,2022-09-24,2317,SH0113,NA,6,5,5,3713,0,0,0,NA,0,308,NORTH EMERALD DR,WEST DR,0,NA,Y,A,-,N,NA,NA,NA,NA,NA,NA,NA,NA,NA,Y,4,0,1,3,A,-,01,23152,A,N,D,C,A,A,H,-,C,A,0,NA,NA,NA,NA,Y,Y,A,07,0,0,1,0,0,0,0,0,0,-,-,NA,NA,SAN DIEGO,VISTA,-117.27953338623048,33.19021987915039
9513790,2022,2022-12-05,3711,2022-11-03,1846,SD1704,NA,4,5,7,3711,0,0,0,NA,0,311,AERO DR,RT 15,0,NA,Y,A,-,Y,SD,11,15,-,R,8.205,R,4,S,N,4,0,2,2,A,-,09,21453,C,N,A,C,A,A,H,-,C,A,0,NA,NA,NA,NA,Y,NA,D,22,0,0,2,0,0,0,0,0,0,-,SO,NA,NA,SAN DIEGO,SAN DIEGO,-117.11392211914063,32.80805969238281
9514376,2024,2024-04-26,3711,2024-01-14,1725,SD5718,NA,7,5,7,3711,0,0,0,NA,0,243,MIRAMAR WY,RT 15,0,NA,Y,A,-,Y,SD,11,15,-,M,13.545,R,4,S,Y,4,0,1,2,A,-,09,21801,NA,N,D,C,A,A,H,-,C,A,0,NA,NA,NA,NA,Y,NA,A,01,0,0,1,0,0,0,0,0,0,-,SF,NA,NA,SAN DIEGO,SAN DIEGO,-117.11027526855467,32.88345718383789
9514388,2024,2024-03-30,3710,2024-01-09,1500,OC3239,NA,2,5,6,3710,0,0,0,NA,0,025,OLD GROVE RD,OCEAN RANCH BL,0,NA,Y,A,-,N,NA,NA,NA,NA,NA,NA,NA,NA,NA,Y,4,0,1,2,A,-,12,21453,A,N,D,C,A,A,H,-,A,A,0,NA,NA,NA,NA,Y,NA,A,01,0,0,1,0,0,0,0,0,0,-,-,NA,NA,SAN DIEGO,OCEANSIDE,-117.29683685302734,33.21878433227539
9516109,2022,2022-12-15,3711,2022-10-30,0204,SD1139,NA,7,5,7,3711,0,0,0,NA,0,122,DAWES ST,GARNET AV,4,N,N,A,-,N,NA,NA,NA,NA,NA,NA,NA,NA,NA,N,2,0,1,2,A,-,10,21950,A,M,G,B,B,A,H,-,C,D,0,Y,NA,NA,NA,Y,Y,-,99,1,0,0,0,1,0,0,0,0,-,-,NA,NA,SAN DIEGO,SAN DIEGO,-117.25001525878906,32.797760009765625
9516701,2022,2022-12-23,3702,2022-11-06,1535,CV1341,NA,7,5,6,3702,0,0,0,NA,0,014,N 4TH AV,C ST,30,N,N,A,-,N,NA,NA,NA,NA,NA,NA,NA,NA,NA,Y,4,0,2,2,A,-,03,22350,NA,N,C,C,A,A,H,-,A,A,0,NA,NA,NA,NA,Y,NA,A,01,0,0,2,0,0,0,0,0,0,-,-,NA,NA,SAN DIEGO,CHULA VISTA,-117.08802032470705,32.65060806274414
9519661,2023,2023-02-23,3711,2023-01-31,950,SD7180,NA,2,5,7,3711,0,0,0,NA,0,621,DUNLOP ST,W DUNLOP ST,330,E,N,A,-,N,NA,NA,NA,NA,NA,NA,NA,NA,NA,N,4,0,1,2,A,-,08,22107,NA,M,B,E,A,A,H,-,A,A,0,NA,NA,NA,NA,Y,Y,-,99,0,0,1,0,0,0,0,0,0,-,-,NA,NA,SAN DIEGO,SAN DIEGO,-117.16667938232422,32.78550720214844
9519665,2023,2023-02-24,3711,2023-01-30,200,SD7865,NA,1,5,7,3711,0,0,0,NA,0,526,1ST AV,BEECH ST,0,NA,N,F,-,N,NA,NA,NA,NA,NA,NA,NA,NA,NA,N,4,0,1,2,A,-,00,20002,A,M,G,B,-,-,G,-,-,-,0,Y,NA,NA,NA,Y,NA,-,NA,0,0,1,0,1,0,0,0,0,-,-,NA,NA,SAN DIEGO,SAN DIEGO,-117.16385650634766,32.72090530395508
9520008,2022,2022-12-14,3711,2022-09-23,1921,SD7461,NA,5,5,7,3711,0,0,0,NA,0,824,5000 EL CAJON BL,EL CAJON BL,13,N,N,A,-,N,NA,NA,NA,NA,NA,NA,NA,NA,NA,N,1,1,0,3,A,-,11,21950,B,F,G,B,D,A,H,-,C,D,0,Y,NA,NA,NA,Y,NA,N,60,0,0,0,1,0,0,0,0,0,-,-,NA,NA,SAN DIEGO,SAN DIEGO,NA,NA
9520045,2022,2022-11-10,3711,2022-10-19,2229,SD5600,NA,3,5,7,3711,0,0,0,NA,0,721,PALM AV,16TH ST,48,W,N,A,-,N,NA,NA,NA,NA,NA,NA,NA,NA,NA,Y,1,1,1,2,A,-,11,21954,A,N,G,B,D,A,H,-,C,A,0,Y,NA,Y,NA,Y,NA,N,60,1,0,0,1,0,0,0,0,1,-,-,NA,NA,SAN DIEGO,SAN DIEGO,-117.0996551513672,32.583778381347656
9520166,2022,2022-12-20,3708,2022-10-30,0633,LM1158,NA,7,5,5,3708,0,0,0,NA,0,004,DALLAS ST,BLAIN PL,165,W,N,A,-,N,NA,NA,NA,NA,NA,NA,NA,NA,NA,Y,1,1,0,2,A,-,01,23152,A,N,C,E,A,A,H,-,A,D,0,NA,NA,NA,NA,Y,Y,A,01,0,0,0,0,0,0,0,0,0,-,-,NA,NA,SAN DIEGO,LA MESA,-117.01417541503906,32.79090881347656
9520643,2023,2025-07-22,3711,2023-05-18,856,SD5600,NA,4,5,7,3711,0,0,0,NA,0,123,1400 WEST MISSION BAY DR,DANA LANDING,0,NA,Y,B,-,N,NA,NA,NA,NA,NA,NA,NA,NA,NA,Y,1,2,3,2,A,-,08,22101,D,N,D,C,A,A,H,-,A,A,0,NA,NA,Y,NA,Y,NA,A,01,0,1,2,0,0,0,0,1,0,-,-,NA,NA,SAN DIEGO,SAN DIEGO,-117.23792266845705,32.765472412109375
9522736,2022,2023-01-26,3711,2022-12-02,2111,SD1539,NA,5,5,7,3711,0,0,0,NA,0,836,HOME AV 4200,HOME AV,0,NA,Y,A,-,N,NA,NA,NA,NA,NA,NA,NA,NA,NA,N,4,0,1,2,A,-,11,21955,NA,N,G,B,D,A,H,-,C,A,0,Y,NA,NA,NA,Y,NA,N,60,0,0,1,0,1,0,0,0,0,-,-,NA,NA,SAN DIEGO,SAN DIEGO,NA,NA
9522738,2022,2023-01-26,3711,2022-12-03,1125,SD7406,NA,6,5,7,3711,0,0,0,NA,0,612,ROSECRANS ST,ROOSEVELT RD,0,NA,Y,A,-,N,NA,NA,NA,NA,NA,NA,NA,NA,NA,N,3,0,1,1,A,-,08,22107,NA,N,A,I,A,A,H,-,A,D,0,NA,NA,NA,NA,Y,NA,A,01,0,1,0,0,0,0,0,0,0,-,-,NA,NA,SAN DIEGO,SAN DIEGO,-117.21685791015624,32.739219665527344
9522755,2022,2023-01-27,3711,2022-12-04,1050,SD1748,NA,7,5,7,3711,0,0,0,NA,0,823,UNIVERSITY AV,UNIVERSITY AV 5985,0,NA,-,A,-,N,NA,NA,NA,NA,NA,NA,NA,NA,NA,N,4,0,1,2,A,-,21,22106,NA,N,B,B,E,A,H,-,A,D,0,Y,NA,NA,NA,Y,NA,A,01,0,0,1,0,1,0,0,0,0,-,-,NA,NA,SAN DIEGO,SAN DIEGO,-117.16390228271484,32.74827194213867
9523038,2022,2023-01-18,3711,2022-12-08,1357,SD1681,NA,4,5,7,3711,0,0,0,NA,0,234,POBLADO RD,MATINAL RD,0,NA,Y,A,-,N,NA,NA,NA,NA,NA,NA,NA,NA,NA,N,3,0,1,2,A,-,11,21954,A,N,G,B,D,A,H,-,A,D,0,Y,NA,NA,NA,Y,NA,N,60,0,1,0,0,1,0,0,0,0,-,-,NA,NA,SAN DIEGO,SAN DIEGO,-117.0885772705078,33.03069305419922
9523041,2022,2023-02-07,3711,2022-12-06,2010,SD1663,NA,2,5,7,3711,0,0,0,NA,0,712,WEST SAN YSIDRO BL,COTTONWOOD RD,0,NA,Y,-,-,N,NA,NA,NA,NA,NA,NA,NA,NA,NA,N,4,0,1,2,A,-,09,21801,A,N,A,C,A,A,H,-,C,A,0,NA,NA,NA,NA,Y,NA,A,01,0,0,1,0,0,0,0,0,0,-,-,NA,NA,SAN DIEGO,SAN DIEGO,-117.04795837402344,32.553775787353516
9523145,2022,2023-01-12,3711,2022-10-12,1254,SD7759,NA,3,5,7,3711,0,0,0,NA,0,313,CLAIREMONT MESA BL,INDUSTRIAL PARK DRIVEWAY,0,NA,N,A,-,N,NA,NA,NA,NA,NA,NA,NA,NA,NA,N,4,0,1,2,A,-,21,22106,NA,N,C,C,A,A,H,-,A,D,0,NA,NA,NA,NA,Y,NA,A,01,0,0,1,0,0,0,0,0,0,-,-,NA,NA,SAN DIEGO,SAN DIEGO,-117.14585876464844,32.83273696899414
9523276,2022,2023-01-18,3711,2022-12-10,1510,SD8503,NA,6,5,7,3711,0,0,0,NA,0,518,CEDAR ST,FERN ST,0,NA,Y,A,-,N,NA,NA,NA,NA,NA,NA,NA,NA,NA,N,4,0,1,2,B,-,22,NA,NA,N,G,B,B,A,H,-,A,B,0,Y,NA,NA,Y,Y,NA,F,26,0,0,1,0,1,0,0,0,0,-,-,NA,NA,SAN DIEGO,SAN DIEGO,-117.12931823730467,32.72234344482422
9524389,2022,2022-12-27,3711,2022-11-22,1815,SD1136,NA,2,5,7,3711,0,0,0,NA,0,627,WASHINGTON ST,9TH ST,21,E,N,A,-,N,NA,NA,NA,NA,NA,NA,NA,NA,NA,Y,4,0,1,2,A,-,09,21801,A,F,D,C,A,A,H,-,C,D,0,NA,NA,NA,NA,Y,NA,-,99,0,0,1,0,0,0,0,0,0,-,-,NA,NA,SAN DIEGO,SAN DIEGO,-117.15631103515624,32.75019454956055
9524713,2022,2022-12-21,3711,2022-11-29,1521,SD7996,NA,2,5,7,3711,0,0,0,NA,0,836,FAIRMOUNT AV,HOME AV,0,NA,Y,B,-,N,NA,NA,NA,NA,NA,NA,NA,NA,NA,N,4,0,1,2,A,-,04,21703,NA,N,C,C,A,A,-,-,B,A,0,NA,NA,NA,NA,Y,NA,A,08,0,0,1,0,0,0,0,0,0,-,-,NA,NA,SAN DIEGO,SAN DIEGO,-117.09973907470705,32.728878021240234
9525439,2022,2023-02-08,3709,2022-12-01,1757,NC0548,NA,4,5,5,3709,0,0,0,NA,0,021,EPSILON ST,N HIGHLAND AV,0,NA,Y,A,-,N,NA,NA,NA,NA,NA,NA,NA,NA,NA,Y,4,0,1,3,A,-,08,22107,NA,N,B,C,A,A,H,-,C,D,0,NA,NA,NA,NA,Y,NA,A,01,0,0,1,0,0,0,0,0,0,-,-,NA,NA,SAN DIEGO,NATIONAL CITY,-117.1023406982422,32.68772888183594
9526135,2022,2023-02-10,3710,2022-12-15,2315,OC1486,NA,4,5,6,3710,0,0,0,NA,0,030,WARING RD,WARING CT,73,E,N,A,-,N,NA,NA,NA,NA,NA,NA,NA,NA,NA,Y,3,0,1,3,A,-,03,22350,NA,N,C,C,A,A,H,-,C,D,0,NA,NA,NA,Y,Y,NA,A,01,0,1,0,0,0,0,0,0,0,-,-,NA,NA,SAN DIEGO,OCEANSIDE,-117.29045867919922,33.18781661987305
9527864,2023,2023-02-28,3711,2023-02-03,1639,SD7938,NA,5,5,7,3711,0,0,0,NA,0,313,BALBOA AV,MERCURY ST,20,W,N,A,-,N,NA,NA,NA,NA,NA,NA,NA,NA,NA,Y,4,0,1,2,A,-,09,21453,B,N,B,C,A,A,H,-,A,A,0,NA,NA,NA,NA,Y,NA,D,22,0,0,1,0,0,0,0,0,0,-,-,NA,NA,SAN DIEGO,SAN DIEGO,-117.14898681640624,32.82181930541992
9529049,2022,2022-12-06,3711,2022-10-31,1300,SD1150,NA,1,5,7,3711,0,0,0,NA,0,124,PARKVIEW TER,BAHIA LN,0,NA,Y,A,-,N,NA,NA,NA,NA,NA,NA,NA,NA,NA,N,3,0,1,2,A,-,05,21650,NA,N,A,C,A,A,H,-,A,D,0,NA,NA,Y,NA,Y,NA,A,01,0,1,0,0,0,0,0,0,1,-,-,NA,NA,SAN DIEGO,SAN DIEGO,-117.23804473876952,32.81740188598633
9529050,2022,2022-11-28,3711,2022-10-27,0820,SD5450,NA,4,5,7,3711,0,0,0,NA,0,325,NAVAJO RD,COWLES MOUTAIN BL,0,NA,Y,A,-,N,NA,NA,NA,NA,NA,NA,NA,NA,NA,N,4,0,1,2,D,-,00,NA,NA,M,G,B,B,A,H,-,A,-,0,Y,NA,NA,NA,Y,NA,-,-,0,0,1,0,1,0,0,0,0,-,-,NA,NA,SAN DIEGO,SAN DIEGO,-117.0253448486328,32.803138732910156
9529412,2022,2022-11-21,3710,2022-05-25,2218,OC1502,NA,3,5,6,3710,0,0,0,NA,0,011,OCEANSIDE BL,CROUCH ST,55,W,N,A,-,N,NA,NA,NA,NA,NA,NA,NA,NA,NA,N,3,0,1,2,A,-,09,21801,A,N,A,C,A,A,H,-,C,D,0,NA,NA,NA,NA,Y,NA,A,01,0,1,0,0,0,0,0,0,0,-,-,NA,NA,SAN DIEGO,OCEANSIDE,-117.3534698486328,33.19525909423828
9530304,2022,2022-12-13,3711,2022-11-02,2220,SD1740,NA,3,5,7,3711,0,0,0,NA,0,231,SABER SPRINGS PKWY,POWAY RD,0,NA,Y,A,-,N,NA,NA,NA,NA,NA,NA,NA,NA,NA,Y,3,0,2,2,A,-,12,21453,A,N,D,C,A,A,H,-,C,A,0,NA,NA,NA,NA,Y,Y,A,01,0,1,1,0,0,0,0,0,0,-,-,NA,NA,SAN DIEGO,SAN DIEGO,-117.09585571289063,32.946895599365234
9530365,2022,2022-12-08,3711,2022-11-14,1726,SD7329,NA,1,5,7,3711,0,0,0,NA,0,725,OCEAN VIEW HILLS PKWY,STARFISH WY,0,NA,Y,A,-,N,NA,NA,NA,NA,NA,NA,NA,NA,NA,Y,3,0,2,2,A,-,12,21453,A,N,D,C,A,A,H,-,C,A,0,NA,NA,NA,NA,Y,Y,A,01,0,2,0,0,0,0,0,0,0,-,-,NA,NA,SAN DIEGO,SAN DIEGO,-117.02320098876952,32.579044342041016
9530575,2022,2022-12-27,3711,2022-11-18,0345,SD1786,NA,5,5,7,3711,0,0,0,NA,0,712,CAMINO DE LA PLAZA,CAMINO DE LA PLAZA 4700,0,NA,N,A,-,N,NA,NA,NA,NA,NA,NA,NA,NA,NA,N,4,0,1,2,A,-,03,22350,NA,N,C,C,A,A,H,-,A,D,0,NA,NA,NA,NA,Y,NA,A,01,0,0,1,0,0,0,0,0,0,-,-,NA,NA,SAN DIEGO,SAN DIEGO,-117.0458984375,32.54475784301758