CASE_ID,ACCIDENT_YEAR,PROC_DATE,JURIS,COLLISION_DATE,COLLISION_TIME,OFFICER_ID,REPORTING_DISTRICT,DAY_OF_WEEK,CHP_SHIFT,POPULATION,CNTY_CITY_LOC,SPECIAL_COND,BEAT_TYPE,CHP_BEAT_TYPE,CITY_DIVISION_LAPD,CHP_BEAT_CLASS,BEAT_NUMBER,PRIMARY_RD,SECONDARY_RD,DISTANCE,DIRECTION,INTERSECTION,WEATHER_1,WEATHER_2,STATE_HWY_IND,CALTRANS_COUNTY,CALTRANS_DISTRICT,STATE_ROUTE,ROUTE_SUFFIX,POSTMILE_PREFIX,POSTMILE,LOCATION_TYPE,RAMP_INTERSECTION,SIDE_OF_HWY,TOW_AWAY,COLLISION_SEVERITY,NUMBER_KILLED,NUMBER_INJURED,PARTY_COUNT,PRIMARY_COLL_FACTOR,PCF_CODE_OF_VIOL,PCF_VIOL_CATEGORY,PCF_VIOLATION,PCF_VIOL_SUBSECTION,HIT_AND_RUN,TYPE_OF_COLLISION,MVIW,PED_ACTION,ROAD_SURFACE,ROAD_COND_1,ROAD_COND_2,LIGHTING,CONTROL_DEVICE,CHP_ROAD_TYPE,PEDESTRIAN_ACCIDENT,BICYCLE_ACCIDENT,MOTORCYCLE_ACCIDENT,TRUCK_ACCIDENT,NOT_PRIVATE_PROPERTY,ALCOHOL_INVOLVED,STWD_VEHTYPE_AT_FAULT,CHP_VEHTYPE_AT_FAULT,COUNT_SEVERE_INJ,COUNT_VISIBLE_INJ,COUNT_COMPLAINT_PAIN,COUNT_PED_KILLED,COUNT_PED_INJURED,COUNT_BICYCLIST_KILLED,COUNT_BICYCLIST_INJURED,COUNT_MC_KILLED,COUNT_MC_INJURED,PRIMARY_RAMP,SECONDARY_RAMP,LATITUDE,LONGITUDE,COUNTY,CITY,POINT_X,POINT_Y
9745887,2024,2024-11-21,3709,2024-09-30,1523,NC0542,NA,1,5,5,3709,0,0,0,NA,0,020,WEST 8TH ST,RT 5,0,NA,Y,A,-,Y,SD,11,5,-,R,11.13,R,4,S,N,3,0,1,2,A,-,09,21800,A,N,A,C,A,A,H,-,A,A,0,NA,NA,NA,NA,Y,NA,A,01,0,1,0,0,0,0,0,0,0,-,SF,NA,NA,SAN DIEGO,NATIONAL CITY,-117.1098861694336,32.67477798461914
9746210,2024,2024-11-04,3705,2024-08-22,2040,EC0344,NA,4,5,5,3705,0,0,0,NA,0,002,MADISON,GRAVES,0,NA,Y,A,-,N,NA,NA,NA,NA,NA,NA,NA,NA,NA,Y,3,0,1,2,A,-,00,21720,NA,N,D,C,A,A,D,-,C,D,0,NA,NA,Y,NA,Y,NA,O,05,0,1,0,0,0,0,0,0,1,-,-,NA,NA,SAN DIEGO,EL CAJON,-116.9603271484375,32.80088806152344
9746317,2024,2024-11-04,3711,2024-10-14,1854,SD7335,NA,1,5,7,3711,0,0,0,NA,0,613,CATALINA BL,WHITTIER ST,56,S,N,A,-,N,NA,NA,NA,NA,NA,NA,NA,NA,NA,Y,2,0,3,2,A,-,05,21650,NA,N,A,C,A,A,H,-,C,D,0,NA,NA,NA,NA,Y,Y,A,01,1,1,1,0,0,0,0,0,0,-,-,NA,NA,SAN DIEGO,SAN DIEGO,-117.23426818847656,32.74430847167969
9746745,2024,2024-11-25,3711,2024-10-14,1301,SD1785,NA,1,5,7,3711,0,0,0,NA,0,123,FIESTA ISLAND,FIESTA ISLAND (1500),0,NA,Y,A,-,N,NA,NA,NA,NA,NA,NA,NA,NA,NA,N,4,0,1,3,D,-,00,NA,NA,N,D,E,A,A,G,-,A,D,0,NA,NA,NA,NA,Y,NA,-,-,0,0,1,0,0,0,0,0,0,-,-,NA,NA,SAN DIEGO,SAN DIEGO,NA,NA
9747407,2024,2024-11-04,3702,2024-10-06,0,CV1441,NA,7,5,6,3702,0,0,0,NA,0,024,ORANGE AV,4TH AV,0,NA,Y,A,-,N,NA,NA,NA,NA,NA,NA,NA,NA,NA,Y,4,0,1,2,A,-,01,23152,A,N,D,C,A,A,H,-,C,A,0,NA,NA,NA,NA,Y,Y,A,01,0,0,1,0,0,0,0,0,0,-,-,NA,NA,SAN DIEGO,CHULA VISTA,-117.06919860839844,32.6022834777832
9747420,2024,2024-10-31,3711,2024-10-21,626,SD1917,NA,1,5,7,3711,0,0,0,NA,0,115,NOBEL DR,DANICA MAE DR,0,NA,Y,A,-,N,NA,NA,NA,NA,NA,NA,NA,NA,NA,N,4,0,1,1,A,-,03,22350,NA,N,A,I,A,B,H,-,C,D,0,NA,NA,NA,NA,Y,NA,A,01,0,0,1,0,0,0,0,0,0,-,-,NA,NA,SAN DIEGO,SAN DIEGO,-117.22111511230467,32.86820602416992
9749847,2024,2024-11-01,3711,2024-10-22,731,SD7980,NA,2,5,7,3711,0,0,0,NA,0,627,UPAS ST,HERBERT ST,0,NA,Y,A,-,N,NA,NA,NA,NA,NA,NA,NA,NA,NA,N,4,0,1,2,A,-,03,22350,NA,M,C,C,A,A,H,-,A,D,0,NA,NA,NA,NA,Y,Y,-,99,0,0,1,0,0,0,0,0,0,-,-,NA,NA,SAN DIEGO,SAN DIEGO,-117.14922332763672,32.74116134643555
9749936,2024,2024-11-01,3705,2024-09-05,830,EC0431,NA,4,5,5,3705,0,0,0,NA,0,001,MURRAY DR,WATER ST,157,E,N,A,-,N,NA,NA,NA,NA,NA,NA,NA,NA,NA,N,4,0,1,2,A,-,12,21453,A,M,D,G,A,A,H,-,A,A,0,NA,Y,NA,NA,Y,NA,L,04,0,0,1,0,0,0,1,0,0,-,-,NA,NA,SAN DIEGO,EL CAJON,-116.98846435546876,32.77986526489258
9749941,2024,2024-11-04,3705,2024-09-03,1103,EC0407,NA,2,5,5,3705,0,0,0,NA,0,004,S 1ST ST,E LEXINGTON AV,0,NA,Y,A,-,N,NA,NA,NA,NA,NA,NA,NA,NA,NA,Y,4,0,1,2,A,-,09,21802,A,N,D,C,A,A,H,-,A,D,0,NA,NA,NA,NA,Y,NA,A,01,0,0,1,0,0,0,0,0,0,-,-,NA,NA,SAN DIEGO,EL CAJON,-116.94461059570313,32.79277038574219
9750451,2024,2024-11-19,3705,2024-09-28,654,EC0451,NA,6,5,5,3705,0,0,0,NA,0,001,MARSHALL AV,MAIN ST,0,NA,Y,A,-,N,NA,NA,NA,NA,NA,NA,NA,NA,NA,Y,4,0,3,3,A,-,04,21703,NA,N,C,C,A,A,H,-,A,A,0,NA,NA,NA,NA,Y,NA,D,22,0,0,3,0,0,0,0,0,0,-,-,NA,NA,SAN DIEGO,EL CAJON,-116.9755401611328,32.79497528076172
9751351,2024,2025-01-28,3700,2024-01-18,427,SH3910,NA,4,5,5,3712,0,0,0,NA,0,352,EAST MISSION RD,MULBERRY DR,0,NA,Y,A,-,N,NA,NA,NA,NA,NA,NA,NA,NA,NA,Y,1,1,0,2,A,-,11,21954,A,N,G,B,D,A,H,-,C,A,0,Y,NA,NA,NA,Y,NA,N,60,0,0,0,1,0,0,0,0,0,-,-,NA,NA,SAN DIEGO,SAN MARCOS,-117.1493911743164,33.14507293701172
9751436,2023,2024-12-24,3702,2023-11-29,1944,CV1254,NA,3,5,6,3702,0,0,0,NA,0,014,BONITA RD,PLAZA BONITA RD,30,W,N,A,-,N,NA,NA,NA,NA,NA,NA,NA,NA,NA,Y,1,1,0,2,A,-,11,21954,A,N,G,B,D,A,H,-,C,A,0,Y,NA,NA,NA,Y,NA,N,60,0,0,0,1,0,0,0,0,0,-,-,NA,NA,SAN DIEGO,CHULA VISTA,-117.05799865722656,32.647891998291016
9752486,2024,2024-11-08,3711,2024-09-25,1015,SD7292,NA,3,5,7,3711,0,0,0,NA,0,234,BERNARDO DR,VIA DEL CAMPO,0,NA,Y,A,-,N,NA,NA,NA,NA,NA,NA,NA,NA,NA,N,3,0,2,2,B,-,22,NA,NA,N,C,C,A,A,H,-,A,A,0,NA,NA,NA,NA,Y,NA,A,01,0,1,1,0,0,0,0,0,0,-,WO,NA,NA,SAN DIEGO,SAN DIEGO,-117.08927917480467,33.012874603271484
9752566,2024,2024-11-08,3711,2024-10-28,1714,SD6839,NA,1,5,7,3711,0,0,0,NA,0,931,MIRAMESA BL,VIPER WY,459,W,N,A,-,N,NA,NA,NA,NA,NA,NA,NA,NA,NA,N,2,0,1,2,A,-,08,22107,NA,N,G,A,A,A,H,-,B,D,0,NA,Y,NA,NA,Y,NA,A,07,1,0,0,0,0,0,1,0,0,-,-,NA,NA,SAN DIEGO,SAN DIEGO,-117.17567443847656,32.906890869140625
9753676,2024,2025-02-07,3711,2024-11-03,2230,SD7870,NA,7,5,7,3711,0,0,0,NA,0,723,PALM AV,RT 805,0,NA,Y,A,-,Y,SD,11,805,-,-,3.202,R,1,S,N,4,0,1,2,A,-,10,21950,A,M,G,B,B,A,H,-,C,A,0,Y,NA,NA,NA,Y,NA,A,01,0,0,1,0,1,0,0,0,0,-,SF,NA,NA,SAN DIEGO,SAN DIEGO,-117.03652191162108,32.58805847167969
9754187,2024,2024-11-25,3711,2024-10-31,1755,SD7335,NA,4,5,7,3711,0,0,0,NA,0,313,BALBOA AV,GERAL GRIFFIN DRIVEWAY,0,NA,Y,A,-,N,NA,NA,NA,NA,NA,NA,NA,NA,NA,Y,2,0,2,2,A,-,12,21453,A,N,D,C,A,A,H,-,B,A,0,NA,NA,Y,NA,Y,NA,C,02,1,1,0,0,0,0,0,0,2,-,-,NA,NA,SAN DIEGO,SAN DIEGO,NA,NA
9754944,2024,2024-12-24,3711,2024-11-23,1655,SD2029,NA,6,5,7,3711,0,0,0,NA,0,122,RIVIERA DR,INGRAHAM ST,0,NA,Y,A,-,N,NA,NA,NA,NA,NA,NA,NA,NA,NA,N,3,0,1,2,B,-,22,NA,NA,M,B,B,B,A,-,-,D,D,0,Y,NA,NA,NA,Y,NA,-,99,0,1,0,0,1,0,0,0,0,-,-,NA,NA,SAN DIEGO,SAN DIEGO,-117.23624420166016,32.77987289428711
9755204,2024,2024-12-06,3711,2024-11-21,1910,SD1570,NA,4,5,7,3711,0,0,0,NA,0,723,IRIS AV,MONTERAY PINE DR,0,NA,Y,A,-,N,NA,NA,NA,NA,NA,NA,NA,NA,NA,N,3,0,1,2,A,-,08,22107,NA,N,G,B,B,A,H,-,D,D,0,Y,NA,NA,NA,Y,NA,A,01,0,1,0,0,1,0,0,0,0,-,-,NA,NA,SAN DIEGO,SAN DIEGO,-117.07218170166016,32.56914520263672
9755340,2024,2024-11-25,3711,2024-11-04,1923,SD1844,NA,1,5,7,3711,0,0,0,NA,0,115,LA JOLLA VILLAGE DR,GENESEE AV,0,NA,Y,-,-,N,NA,NA,NA,NA,NA,NA,NA,NA,NA,N,4,0,1,2,A,-,13,22502,NA,N,-,-,A,-,-,-,-,-,0,NA,NA,NA,NA,Y,NA,A,07,0,0,1,0,0,0,0,0,0,-,-,NA,NA,SAN DIEGO,SAN DIEGO,-117.2141571044922,32.87260818481445
9755457,2024,2024-11-19,3710,2024-11-01,1605,OC1570,NA,5,5,6,3710,0,0,0,NA,0,010,CANYON DR,BUSH ST,0,NA,Y,A,-,N,NA,NA,NA,NA,NA,NA,NA,NA,NA,N,4,0,1,2,A,-,03,22350,NA,N,C,C,A,A,H,-,A,A,0,NA,NA,NA,NA,Y,NA,A,01,0,0,1,0,0,0,0,0,0,-,-,NA,NA,SAN DIEGO,OCEANSIDE,-117.36531829833984,33.20587921142578
9755502,2024,2024-11-20,3711,2024-10-18,1710,SD7461,NA,5,5,7,3711,0,0,0,NA,0,431,MARKET ST,EUCLID AV,47,W,N,A,-,N,NA,NA,NA,NA,NA,NA,NA,NA,NA,N,4,0,1,1,A,-,03,22350,NA,N,C,C,A,A,H,-,A,A,0,NA,NA,NA,NA,Y,NA,A,01,0,0,1,0,0,0,0,0,0,-,-,NA,NA,SAN DIEGO,SAN DIEGO,-117.0851821899414,32.71046447753906
9756114,2024,2024-12-04,3710,2024-11-05,1943,OC1543,NA,2,5,6,3710,0,0,0,NA,0,027,COLLEGE BL,BARNARD DR,215,N,N,A,-,N,NA,NA,NA,NA,NA,NA,NA,NA,NA,Y,4,0,1,2,A,-,03,22350,NA,N,C,C,A,A,H,-,D,A,0,NA,NA,NA,NA,Y,Y,D,22,0,0,1,0,0,0,0,0,0,-,-,NA,NA,SAN DIEGO,OCEANSIDE,-117.2960968017578,33.18672180175781
9756507,2024,2024-12-04,3711,2024-10-29,735,SD5450,NA,2,5,7,3711,0,0,0,NA,0,324,BOULDER LAKE AV,BOULDER LAKE AV 6600,0,NA,Y,B,-,N,NA,NA,NA,NA,NA,NA,NA,NA,NA,N,4,0,1,2,A,-,17,22517,NA,N,G,J,A,A,H,-,A,-,0,NA,NA,NA,NA,Y,NA,A,01,0,0,1,0,0,0,0,0,0,-,-,NA,NA,SAN DIEGO,SAN DIEGO,-117.01754760742188,32.8059196472168
9757156,2024,2024-12-04,3702,2024-11-06,1933,CV1519,NA,3,5,6,3702,0,0,0,NA,0,031,BONITA RD,ALLEN SCHOOL RD,73,E,N,A,-,N,NA,NA,NA,NA,NA,NA,NA,NA,NA,Y,3,0,2,2,A,-,01,23153,A,N,A,C,A,A,H,-,C,A,0,NA,NA,NA,NA,Y,Y,A,01,0,2,0,0,0,0,0,0,0,-,-,NA,NA,SAN DIEGO,CHULA VISTA,-117.03636169433594,32.66059494018555
9757157,2024,2024-12-04,3702,2024-11-04,1805,CV1526,NA,1,5,6,3702,0,0,0,NA,0,042,CAMINITO POSITANO,EASTLAKE PKWY,98,E,N,A,-,N,NA,NA,NA,NA,NA,NA,NA,NA,NA,N,4,0,1,2,A,-,09,21801,A,N,D,C,A,A,H,-,C,A,0,NA,NA,NA,NA,Y,NA,A,01,0,0,1,0,0,0,0,0,0,-,-,NA,NA,SAN DIEGO,CHULA VISTA,-116.96485900878906,32.63070297241211
9757375,2024,2024-12-12,3702,2024-11-12,1003,CV1297,NA,2,5,6,3702,0,0,0,NA,0,022,3RD AV,KENNEDY ST,18,N,N,A,-,N,NA,NA,NA,NA,NA,NA,NA,NA,NA,Y,3,0,1,2,A,-,08,22107,NA,N,B,C,A,A,H,-,A,D,0,NA,NA,NA,NA,Y,NA,A,01,0,1,0,0,0,0,0,0,0,-,-,NA,NA,SAN DIEGO,CHULA VISTA,-117.06708526611328,32.60853576660156
9760505,2024,2024-12-10,3710,2024-11-17,1516,OC1274,NA,7,5,6,3710,0,0,0,NA,0,021,OLEANDER DR,GARDENIA ST,20,W,N,A,-,N,NA,NA,NA,NA,NA,NA,NA,NA,NA,Y,4,0,2,2,A,-,01,23152,A,N,C,C,A,A,H,-,A,A,0,NA,NA,NA,NA,Y,Y,A,01,0,0,2,0,0,0,0,0,0,-,-,NA,NA,SAN DIEGO,OCEANSIDE,-117.29914855957033,33.241981506347656
9760771,2024,2024-12-24,3711,2024-12-04,1041,SD1923,NA,3,5,7,3711,0,0,0,NA,0,611,PACIFIC HWY,ENTERPRISE ST,177,W,N,A,-,N,NA,NA,NA,NA,NA,NA,NA,NA,NA,Y,4,0,1,2,A,-,03,22350,NA,N,C,C,A,A,H,-,C,A,0,NA,NA,NA,NA,Y,NA,-,NA,0,0,1,0,0,0,0,0,0,-,-,NA,NA,SAN DIEGO,SAN DIEGO,-117.19811248779295,32.74739074707031
9760962,2024,2024-12-19,3711,2024-12-08,2213,SD1697,NA,7,5,7,3711,0,0,0,NA,0,521,F ST,14TH ST,80,E,N,A,-,N,NA,NA,NA,NA,NA,NA,NA,NA,NA,N,4,0,1,2,A,-,03,22350,NA,M,C,C,A,A,H,-,C,A,0,NA,NA,NA,NA,Y,NA,-,NA,0,0,1,0,0,0,0,0,0,-,-,NA,NA,SAN DIEGO,SAN DIEGO,-117.1516571044922,32.713661193847656
9761188,2024,2024-12-24,3710,2024-12-02,1010,OC1209,NA,1,5,6,3710,0,0,0,NA,0,035,SANTA FE AV,MESA DR,438,S,N,A,-,N,NA,NA,NA,NA,NA,NA,NA,NA,NA,N,3,0,1,2,A,-,08,22107,NA,F,B,G,A,A,H,-,A,A,0,NA,Y,NA,NA,Y,NA,L,04,0,1,0,0,0,0,1,0,0,-,-,NA,NA,SAN DIEGO,OCEANSIDE,-117.27442932128906,33.241050720214844
9761568,2024,2024-12-23,3702,2024-11-22,1535,CV1406,NA,5,5,6,3702,0,0,0,NA,0,031,PASEO MAGDA,PASEO RANCHERO,0,NA,Y,A,-,N,NA,NA,NA,NA,NA,NA,NA,NA,NA,N,4,0,2,2,A,-,03,22350,NA,N,D,C,A,A,H,-,A,A,0,NA,NA,NA,NA,Y,NA,D,22,0,0,2,0,0,0,0,0,0,-,-,NA,NA,SAN DIEGO,CHULA VISTA,-117.01177978515624,32.63919448852539
9761577,2024,2024-12-23,3702,2024-11-27,845,CV1540,NA,3,5,6,3702,0,0,0,NA,0,024,MAIN ST,MELROSE AV,500,E,N,A,-,N,NA,NA,NA,NA,NA,NA,NA,NA,NA,N,4,0,1,2,A,-,03,22350,NA,N,C,C,A,A,H,-,A,A,0,NA,NA,NA,NA,Y,NA,A,01,0,0,1,0,0,0,0,0,0,-,-,NA,NA,SAN DIEGO,CHULA VISTA,-117.03850555419922,32.594844818115234
9762221,2024,2024-12-18,3709,2024-11-27,1745,NC0513,NA,3,5,5,3709,0,0,0,NA,0,024,MILE OF CARS WY,WILSON AV,8,W,N,A,-,N,NA,NA,NA,NA,NA,NA,NA,NA,NA,N,3,0,1,2,A,-,10,21950,NA,N,D,B,B,A,H,-,C,A,0,Y,NA,NA,NA,Y,NA,A,07,0,1,0,0,1,0,0,0,0,-,-,NA,NA,SAN DIEGO,NATIONAL CITY,-117.06417846679688,33.138946533203125
9762410,2024,2024-12-17,3702,2024-11-15,823,CV1420,NA,5,5,6,3702,0,0,0,NA,0,031,EAST H ST,OTAY LAKES RD,45,S,N,A,-,N,NA,NA,NA,NA,NA,NA,NA,NA,NA,N,4,0,1,2,A,-,12,22450,A,F,G,B,B,B,H,-,A,A,0,Y,NA,NA,NA,Y,Y,A,01,0,0,1,0,1,0,0,0,0,-,-,NA,NA,SAN DIEGO,CHULA VISTA,-116.9990692138672,32.64473342895508
9762507,2024,2025-01-29,3711,2024-12-09,920,SD1757,NA,1,5,7,3711,0,0,0,NA,0,315,CAMINO DEL RIO S,RT 8,0,NA,N,-,-,N,NA,NA,NA,NA,NA,NA,NA,NA,NA,N,4,0,1,2,D,-,00,NA,NA,N,D,C,A,-,-,-,-,D,0,NA,NA,NA,NA,Y,NA,-,-,0,0,1,0,0,0,0,0,0,-,WF,NA,NA,SAN DIEGO,SAN DIEGO,-117.10128784179688,32.780147552490234
9762517,2024,2024-12-30,3711,2024-12-10,1950,SD1748,NA,2,5,7,3711,0,0,0,NA,0,313,RAYTHEON RD,RAYTHEON RD 7800,0,NA,N,A,-,N,NA,NA,NA,NA,NA,NA,NA,NA,NA,N,2,0,1,2,A,-,08,22107,NA,N,D,C,A,A,H,-,C,D,0,NA,NA,NA,NA,Y,NA,M,96,1,0,0,0,0,0,0,0,0,-,-,NA,NA,SAN DIEGO,SAN DIEGO,NA,NA
9763007,2024,2025-01-13,3711,2024-12-28,1109,SD1743,NA,6,5,7,3711,0,0,0,NA,0,724,BEYER BL,PALM AV,0,NA,Y,A,-,N,NA,NA,NA,NA,NA,NA,NA,NA,NA,N,4,0,1,2,A,-,09,21453,C,N,D,C,A,A,H,-,A,A,0,NA,NA,NA,NA,Y,NA,-,NA,0,0,1,0,0,0,0,0,0,-,-,NA,NA,SAN DIEGO,SAN DIEGO,-117.0712432861328,32.58387756347656
9763406,2024,2025-03-06,3709,2024-12-05,1210,NC0558,NA,4,5,5,3709,0,0,0,NA,0,021,EAST PLAZA BL,RT 805,0,NA,Y,A,-,Y,SD,11,805,-,-,10.124,R,4,N,Y,4,0,1,2,A,-,12,21453,A,N,B,C,A,A,H,-,A,A,0,NA,NA,NA,NA,Y,NA,A,01,0,0,1,0,0,0,0,0,0,-,NF,NA,NA,SAN DIEGO,NATIONAL CITY,-117.0832748413086,32.674991607666016
9764068,2024,2025-02-03,3702,2024-12-07,2015,CV1056,NA,6,5,6,3702,0,0,0,NA,0,011,BEECH AV,DAVIDSON ST,0,NA,Y,A,-,N,NA,NA,NA,NA,NA,NA,NA,NA,NA,N,4,0,1,2,A,-,05,21650,1,N,D,G,A,A,H,-,C,D,0,NA,Y,NA,NA,Y,NA,L,04,0,0,1,0,0,0,1,0,0,-,-,NA,NA,SAN DIEGO,CHULA VISTA,-117.09075164794922,32.6401481628418
9764382,2024,2025-01-24,3702,2024-12-22,2205,CV1442,NA,7,5,6,3702,0,0,0,NA,0,031,EAST H ST,PASEO DEL REY,0,NA,Y,A,-,N,NA,NA,NA,NA,NA,NA,NA,NA,NA,Y,4,0,3,2,A,-,12,21453,A,F,D,C,A,A,H,-,C,A,0,NA,NA,NA,NA,Y,NA,A,07,0,0,3,0,0,0,0,0,0,-,-,NA,NA,SAN DIEGO,CHULA VISTA,-117.02928161621094,32.636016845703125
9764383,2024,2025-01-24,3702,2024-12-23,1542,CV1561,NA,1,5,6,3702,0,0,0,NA,0,011,BROADWAY,D ST,0,NA,Y,A,-,N,NA,NA,NA,NA,NA,NA,NA,NA,NA,N,4,0,1,2,A,-,10,21950,A,N,G,B,B,A,H,-,A,A,0,Y,NA,NA,NA,Y,NA,A,01,0,0,1,0,1,0,0,0,0,-,-,NA,NA,SAN DIEGO,CHULA VISTA,-117.09484100341795,32.6447639465332
9764490,2025,2025-01-28,3711,2025-01-08,840,SD6753,NA,3,5,7,3711,0,0,0,NA,0,529,4TH AV,4TH AVE 1900,0,NA,N,A,-,N,NA,NA,NA,NA,NA,NA,NA,NA,NA,N,3,0,1,2,A,-,08,22107,NA,N,B,G,A,A,H,-,A,D,0,NA,Y,NA,NA,Y,NA,A,01,0,1,0,0,0,0,1,0,0,-,-,NA,NA,SAN DIEGO,SAN DIEGO,-117.08798980712892,32.65053176879883
9764492,2025,2025-01-28,3711,2025-01-12,2220,SD7983,NA,7,5,7,3711,0,0,0,NA,0,826,UNIVERSITY AV,48TH ST,100,E,N,A,-,N,NA,NA,NA,NA,NA,NA,NA,NA,NA,N,4,0,1,2,A,-,11,21954,A,N,G,B,D,A,H,-,C,D,0,Y,NA,NA,NA,Y,NA,N,60,0,0,1,0,1,0,0,0,0,-,-,NA,NA,SAN DIEGO,SAN DIEGO,-117.09087371826172,32.74953079223633
9764597,2024,2025-01-28,3705,2024-10-12,1401,EC0431,NA,6,5,5,3705,0,0,0,NA,0,002,BALLANTYNE ST,BEECH ST,0,NA,Y,A,-,N,NA,NA,NA,NA,NA,NA,NA,NA,NA,Y,4,0,3,2,A,-,05,21650,NA,N,A,C,A,A,H,-,A,D,0,NA,NA,NA,NA,Y,NA,A,01,0,0,3,0,0,0,0,0,0,-,-,NA,NA,SAN DIEGO,EL CAJON,-116.95810699462892,32.80271530151367
9764874,2024,2025-01-31,3708,2024-12-27,1129,LM1206,NA,5,5,5,3708,0,0,0,NA,0,004,SEVERIN DR,MURRAY DR,0,NA,Y,A,-,N,NA,NA,NA,NA,NA,NA,NA,NA,NA,Y,4,0,2,2,A,-,12,21453,A,N,D,C,A,A,H,-,A,A,0,NA,NA,NA,NA,Y,NA,A,01,0,0,2,0,0,0,0,0,0,-,-,NA,NA,SAN DIEGO,LA MESA,-116.9970245361328,32.780330657958984
9765095,2025,2025-02-24,3711,2025-01-27,1616,SD1772,NA,1,5,7,3711,0,0,0,NA,0,811,MADISON AV,38TH ST,0,NA,Y,A,-,N,NA,NA,NA,NA,NA,NA,NA,NA,NA,N,4,0,1,2,A,-,03,22350,NA,N,A,C,A,A,H,-,A,D,0,NA,NA,NA,NA,Y,NA,A,01,0,0,1,0,0,0,0,0,0,-,-,NA,NA,SAN DIEGO,SAN DIEGO,-117.1120376586914,32.759944915771484
9765415,2025,2025-02-20,3709,2025-01-13,1727,NC0514,NA,1,5,5,3709,0,0,0,NA,0,021,8TH ST,PARADISE DR,0,NA,Y,A,-,N,NA,NA,NA,NA,NA,NA,NA,NA,NA,N,2,0,1,2,A,-,11,21954,A,N,G,B,D,A,H,-,B,D,0,Y,NA,NA,NA,Y,Y,N,60,1,0,0,0,1,0,0,0,0,-,-,NA,NA,SAN DIEGO,NATIONAL CITY,-117.08566284179688,32.68178939819336
9765470,2025,2025-02-24,3710,2025-01-21,2252,OC1561,480,2,5,6,3710,0,0,0,NA,0,018,NORTH RIVER RD,DOUGLAS DR,972,E,N,A,-,N,NA,NA,NA,NA,NA,NA,NA,NA,NA,Y,3,0,2,1,A,-,03,22350,NA,N,E,I,A,A,H,-,C,D,0,NA,NA,NA,NA,Y,NA,A,01,0,1,1,0,0,0,0,0,0,-,-,34.027198791503906,-117.11907196044922,SAN DIEGO,OCEANSIDE,-117.31949615478516,33.245269775390625
9765851,2024,2025-03-03,3700,2024-09-06,1832,SH0876,NA,5,5,5,3713,0,0,0,NA,0,306,BOBIER DR,GOODWIN DR,0,NA,Y,A,-,N,NA,NA,NA,NA,NA,NA,NA,NA,NA,Y,2,0,3,3,A,-,01,23152,A,N,A,C,A,A,H,-,A,A,0,NA,NA,NA,NA,Y,Y,A,01,1,2,0,0,0,0,0,0,0,-,-,NA,NA,SAN DIEGO,VISTA,-117.24256134033205,33.22135925292969
9766173,2025,2025-03-04,3711,2025-02-07,1842,SD1805,NA,5,5,7,3711,0,0,0,NA,0,712,CENTER ST,CENTER ST 100,0,NA,Y,B,-,N,NA,NA,NA,NA,NA,NA,NA,NA,NA,N,4,0,1,2,A,-,03,22350,NA,N,B,C,A,B,H,-,C,A,0,NA,NA,NA,NA,Y,NA,A,01,0,0,1,0,0,0,0,0,0,-,-,NA,NA,SAN DIEGO,SAN DIEGO,-117.14705657958984,32.750553131103516
9767949,2024,2024-12-31,3711,2024-12-02,1700,SD1836,NA,1,5,7,3711,0,0,0,NA,0,722,SATURN BL,PALM AV,0,NA,Y,A,-,N,NA,NA,NA,NA,NA,NA,NA,NA,NA,Y,4,0,1,2,A,-,03,22350,NA,N,C,C,A,A,H,-,C,A,0,NA,NA,NA,NA,Y,NA,A,01,0,0,1,0,0,0,0,0,0,-,-,NA,NA,SAN DIEGO,SAN DIEGO,-117.09262847900392,32.583744049072266
9768976,2024,2025-02-13,3709,2024-12-20,1812,NC0474,NA,5,5,5,3709,0,0,0,NA,0,024,HIGHLAND AV,E 21ST ST,75,N,N,A,-,N,NA,NA,NA,NA,NA,NA,NA,NA,NA,Y,4,0,1,2,A,-,08,22107,NA,N,D,C,A,A,H,-,C,D,0,NA,NA,NA,NA,Y,NA,A,01,0,0,1,0,0,0,0,0,0,-,-,NA,NA,SAN DIEGO,NATIONAL CITY,-117.09440612792967,32.667076110839844
9769963,2025,2025-01-21,3708,2025-01-05,1644,LM1273,NA,7,5,5,3708,0,0,0,NA,0,003,COMANCHE AV,MOHAWK ST,117,S,N,A,-,N,NA,NA,NA,NA,NA,NA,NA,NA,NA,Y,3,0,1,1,A,-,08,22107,NA,N,A,I,A,A,H,-,B,D,0,NA,NA,NA,NA,Y,NA,A,01,0,1,0,0,0,0,0,0,0,-,-,NA,NA,SAN DIEGO,LA MESA,-117.03480529785156,32.769344329833984
9770099,2024,2025-01-16,3711,2024-12-16,1408,SD7698,NA,1,5,7,3711,0,0,0,NA,0,521,16TH ST,G ST,0,NA,Y,A,-,N,NA,NA,NA,NA,NA,NA,NA,NA,NA,N,3,0,1,2,A,-,12,21453,A,N,D,G,A,A,H,-,A,A,0,NA,Y,NA,NA,Y,Y,A,01,0,1,0,0,0,0,1,0,0,-,-,NA,NA,SAN DIEGO,SAN DIEGO,-117.14949035644533,32.71260452270508
9770107,2024,2025-01-06,3711,2024-12-10,655,SD2005,NA,2,5,7,3711,0,0,0,NA,0,452,IMPERIAL AV,62ND ST,0,NA,Y,A,-,N,NA,NA,NA,NA,NA,NA,NA,NA,NA,Y,4,0,1,2,A,-,-,NA,NA,N,D,C,A,A,H,-,A,A,0,NA,NA,NA,NA,Y,NA,A,01,0,0,1,0,0,0,0,0,0,-,-,NA,NA,SAN DIEGO,SAN DIEGO,-117.0639419555664,32.709861755371094