CASE_ID,ACCIDENT_YEAR,PROC_DATE,JURIS,COLLISION_DATE,COLLISION_TIME,OFFICER_ID,REPORTING_DISTRICT,DAY_OF_WEEK,CHP_SHIFT,POPULATION,CNTY_CITY_LOC,SPECIAL_COND,BEAT_TYPE,CHP_BEAT_TYPE,CITY_DIVISION_LAPD,CHP_BEAT_CLASS,BEAT_NUMBER,PRIMARY_RD,SECONDARY_RD,DISTANCE,DIRECTION,INTERSECTION,WEATHER_1,WEATHER_2,STATE_HWY_IND,CALTRANS_COUNTY,CALTRANS_DISTRICT,STATE_ROUTE,ROUTE_SUFFIX,POSTMILE_PREFIX,POSTMILE,LOCATION_TYPE,RAMP_INTERSECTION,SIDE_OF_HWY,TOW_AWAY,COLLISION_SEVERITY,NUMBER_KILLED,NUMBER_INJURED,PARTY_COUNT,PRIMARY_COLL_FACTOR,PCF_CODE_OF_VIOL,PCF_VIOL_CATEGORY,PCF_VIOLATION,PCF_VIOL_SUBSECTION,HIT_AND_RUN,TYPE_OF_COLLISION,MVIW,PED_ACTION,ROAD_SURFACE,ROAD_COND_1,ROAD_COND_2,LIGHTING,CONTROL_DEVICE,CHP_ROAD_TYPE,PEDESTRIAN_ACCIDENT,BICYCLE_ACCIDENT,MOTORCYCLE_ACCIDENT,TRUCK_ACCIDENT,NOT_PRIVATE_PROPERTY,ALCOHOL_INVOLVED,STWD_VEHTYPE_AT_FAULT,CHP_VEHTYPE_AT_FAULT,COUNT_SEVERE_INJ,COUNT_VISIBLE_INJ,COUNT_COMPLAINT_PAIN,COUNT_PED_KILLED,COUNT_PED_INJURED,COUNT_BICYCLIST_KILLED,COUNT_BICYCLIST_INJURED,COUNT_MC_KILLED,COUNT_MC_INJURED,PRIMARY_RAMP,SECONDARY_RAMP,LATITUDE,LONGITUDE,COUNTY,CITY,POINT_X,POINT_Y
9770447,2024,2024-12-31,3705,2024-10-23,1810,EC0369,NA,3,5,5,3705,0,0,0,NA,0,004,E WASHINGTON AV,SOUTH 2ND ST,19,W,N,A,-,N,NA,NA,NA,NA,NA,NA,NA,NA,NA,N,4,0,1,2,A,-,10,21950,A,N,G,B,B,A,H,-,B,A,0,Y,NA,NA,NA,Y,NA,A,01,0,0,1,0,1,0,0,0,0,-,-,NA,NA,SAN DIEGO,EL CAJON,-116.93735504150392,32.78765106201172
9770722,2024,2025-01-03,3711,2024-12-23,49,SD1784,NA,1,5,7,3711,0,0,0,NA,0,621,LINDA VISTA RD,GENESEE AV,0,NA,Y,E,-,N,NA,NA,NA,NA,NA,NA,NA,NA,NA,Y,4,0,3,2,A,-,12,21453,A,N,D,C,A,A,H,-,C,A,0,NA,NA,NA,NA,Y,NA,A,01,0,0,3,0,0,0,0,0,0,-,-,NA,NA,SAN DIEGO,SAN DIEGO,-117.16597747802734,32.791561126708984
9771004,2024,2025-01-09,3709,2024-10-22,833,NC0480,NA,2,5,5,3709,0,0,0,NA,0,020,D AV,E 14TH ST,0,NA,Y,A,-,N,NA,NA,NA,NA,NA,NA,NA,NA,NA,Y,4,0,1,2,A,-,09,21800,C,N,D,C,A,A,H,-,A,A,0,NA,NA,NA,NA,Y,NA,A,01,0,0,1,0,0,0,0,0,0,-,-,NA,NA,SAN DIEGO,NATIONAL CITY,-116.8742218017578,33.03762435913086
9771167,2024,2025-01-15,3708,2024-12-15,912,LM1291,NA,7,5,5,3708,0,0,0,NA,0,003,LAKE MURRAY BL,KIOWA DR,0,NA,Y,A,-,N,NA,NA,NA,NA,NA,NA,NA,NA,NA,N,3,0,1,2,A,-,10,21950,A,N,G,B,B,A,H,-,A,A,0,Y,NA,NA,NA,Y,NA,A,01,0,1,0,0,1,0,0,0,0,-,-,NA,NA,SAN DIEGO,LA MESA,-117.0405731201172,32.77933120727539
9771287,2024,2025-01-22,3711,2024-12-24,1155,SD1076,NA,2,5,7,3711,0,0,0,NA,0,937,BABCOCK ST,CAMINO DEL SUR,0,NA,Y,C,-,N,NA,NA,NA,NA,NA,NA,NA,NA,NA,N,4,0,1,2,B,-,22,NA,NA,N,D,C,A,B,H,-,A,A,0,NA,NA,NA,NA,Y,NA,A,01,0,0,1,0,0,0,0,0,0,-,-,NA,NA,SAN DIEGO,SAN DIEGO,-117.13204193115234,33.02164077758789
9772244,2025,2025-02-06,3711,2025-01-05,1605,SD1091,NA,7,5,7,3711,0,0,0,NA,0,112,OLD MEADOW RD,ACWORTH AV,0,NA,Y,A,-,N,NA,NA,NA,NA,NA,NA,NA,NA,NA,N,3,0,1,2,A,-,05,21650,NA,N,D,G,A,A,H,-,A,A,0,NA,Y,NA,NA,Y,NA,L,04,0,1,0,0,0,0,1,0,0,-,-,NA,NA,SAN DIEGO,SAN DIEGO,-117.17891693115234,32.80400848388672
9772252,2025,2025-02-03,3711,2025-01-03,220,SD1705,NA,5,5,7,3711,0,0,0,NA,0,115,NOBEL DR,UNIVERSITY CIRCLE LN,60,E,N,A,-,N,NA,NA,NA,NA,NA,NA,NA,NA,NA,Y,3,0,1,1,A,-,03,22350,NA,N,A,A,A,A,H,-,C,A,0,NA,NA,NA,NA,Y,NA,A,01,0,1,0,0,0,0,0,0,0,-,-,NA,NA,SAN DIEGO,SAN DIEGO,NA,NA
9772306,2024,2025-01-15,3711,2024-12-22,1410,SD6461,NA,7,5,7,3711,0,0,0,NA,0,123,FIESTA ISLAND RD,FIESTA ISLAND RD 1630,0,NA,N,A,-,N,NA,NA,NA,NA,NA,NA,NA,NA,NA,Y,3,0,1,2,A,-,03,22350,NA,N,C,E,A,A,H,-,A,D,0,NA,NA,Y,NA,Y,NA,C,02,0,1,0,0,0,0,0,0,1,-,-,NA,NA,SAN DIEGO,SAN DIEGO,NA,NA
9772332,2024,2025-01-16,3700,2024-12-16,920,SH0690,NA,1,5,5,3712,0,0,0,NA,0,353,WOODLAND PKWY,EL NORTE PKWY,0,NA,Y,A,-,N,NA,NA,NA,NA,NA,NA,NA,NA,NA,Y,3,0,1,2,A,-,12,21453,A,N,D,C,A,A,H,-,A,A,0,NA,NA,NA,NA,Y,NA,A,01,0,1,0,0,0,0,0,0,0,-,-,33.15699005126953,-117.1289291381836,SAN DIEGO,SAN MARCOS,-117.12892150878906,33.1569709777832
9772666,2024,2025-01-21,3700,2024-10-11,2103,SH4220,NA,5,5,4,3707,0,0,0,NA,0,702,PALM AVE,10TH ST,0,NA,N,E,-,N,NA,NA,NA,NA,NA,NA,NA,NA,NA,N,2,0,1,2,C,-,18,NA,NA,N,G,B,D,A,H,-,C,D,0,Y,NA,NA,NA,Y,NA,-,-,1,0,0,0,1,0,0,0,0,-,-,NA,NA,SAN DIEGO,IMPERIAL BEACH,-117.11183166503906,32.58380889892578
9773666,2024,2025-01-08,3711,2024-12-19,1220,SD1707,NA,4,5,7,3711,0,0,0,NA,0,625,CONGRESS ST,SMITH ST,0,NA,Y,A,-,N,NA,NA,NA,NA,NA,NA,NA,NA,NA,N,3,0,1,1,B,-,22,NA,NA,N,E,I,A,A,H,-,A,D,0,NA,Y,NA,NA,Y,NA,L,04,0,1,0,0,0,0,1,0,0,-,-,NA,NA,SAN DIEGO,SAN DIEGO,NA,NA
9773684,2024,2025-01-08,3711,2024-12-17,830,SD5450,NA,2,5,7,3711,0,0,0,NA,0,321,RIVERDALE ST,RANIER AV,0,NA,Y,A,-,N,NA,NA,NA,NA,NA,NA,NA,NA,NA,N,4,0,1,2,A,-,09,21802,A,N,D,C,A,A,H,-,A,D,0,NA,NA,NA,NA,Y,NA,A,01,0,0,1,0,0,0,0,0,0,-,-,NA,NA,SAN DIEGO,SAN DIEGO,-117.099609375,32.7898063659668
9773685,2024,2025-01-08,3711,2024-12-04,1458,SD1569,NA,3,5,7,3711,0,0,0,NA,0,231,RANCHO PENASQUITOS BL,PASEO MONTRIL,0,NA,Y,A,-,N,NA,NA,NA,NA,NA,NA,NA,NA,NA,Y,3,0,1,2,D,-,00,NA,NA,N,D,C,A,A,H,-,A,A,0,NA,NA,Y,NA,Y,NA,-,-,0,1,0,0,0,0,0,0,1,-,-,NA,NA,SAN DIEGO,SAN DIEGO,-117.10784149169922,32.951683044433594
9773706,2024,2025-01-10,3711,2024-12-27,1406,SD6000,NA,5,5,7,3711,0,0,0,NA,0,113,CLAIRMONT DR,HIAWATHA WY,262.2,N,N,A,-,N,NA,NA,NA,NA,NA,NA,NA,NA,NA,Y,3,0,2,2,B,-,22,NA,NA,N,E,I,A,A,D,-,A,D,0,NA,NA,NA,NA,Y,NA,J,48,0,1,1,0,0,0,0,0,0,-,-,NA,NA,SAN DIEGO,SAN DIEGO,-117.20449066162108,32.8206901550293
9774157,2025,2025-02-04,3709,2025-01-07,434,NC0492,NA,2,5,5,3709,0,0,0,NA,0,021,EAST 4TH ST,M AV,0,NA,Y,A,-,N,NA,NA,NA,NA,NA,NA,NA,NA,NA,N,4,0,1,2,A,-,09,21804,A,N,D,C,A,A,H,-,C,D,0,NA,NA,Y,NA,Y,NA,A,01,0,0,1,0,0,0,0,0,1,-,-,NA,NA,SAN DIEGO,NATIONAL CITY,-117.09494018554688,32.683013916015625
9774291,2024,2025-02-14,3710,2024-12-27,1145,OC1533,NA,5,5,6,3710,0,0,0,NA,0,021,RT 76,RANCHO DEL ORO DR,400,E,N,A,-,Y,SD,11,76,-,R,4.31,H,-,W,N,4,0,1,2,A,-,03,22350,NA,N,C,C,A,A,H,-,A,A,0,NA,NA,NA,NA,Y,NA,A,07,0,0,1,0,0,0,0,0,0,-,-,NA,NA,SAN DIEGO,OCEANSIDE,-117.31681060791016,33.2285270690918
9775000,2025,2025-01-30,3711,2025-01-10,545,SD4295,NA,5,5,7,3711,0,0,0,NA,0,242,WESTVIEW PKWY,GALVIN AV,900,S,N,A,-,N,NA,NA,NA,NA,NA,NA,NA,NA,NA,N,4,0,1,2,A,-,08,22107,NA,N,B,C,A,A,H,-,C,A,0,NA,NA,NA,Y,Y,NA,A,01,0,0,1,0,0,0,0,0,0,-,-,NA,NA,SAN DIEGO,SAN DIEGO,-117.12053680419922,32.91773986816406
9775348,2025,2025-01-29,3711,2025-01-21,1553,SD8861,NA,2,5,7,3711,0,0,0,NA,0,521,F ST,15TH ST,14,E,N,A,-,N,NA,NA,NA,NA,NA,NA,NA,NA,NA,Y,3,0,2,2,A,-,09,21802,A,N,D,C,A,A,H,-,A,A,0,NA,NA,NA,NA,Y,NA,A,01,0,1,1,0,0,0,0,0,0,-,-,NA,NA,SAN DIEGO,SAN DIEGO,-117.15033721923828,32.71366882324219
9778073,2025,2025-01-27,3711,2025-01-09,1940,SD4310,NA,4,5,7,3711,0,0,0,NA,0,521,J ST,13TH ST,16,E,N,A,-,N,NA,NA,NA,NA,NA,NA,NA,NA,NA,N,4,0,1,2,A,-,03,22350,NA,N,D,G,A,A,H,-,C,D,0,NA,Y,NA,NA,Y,NA,M,91,0,0,1,0,0,0,1,0,0,-,-,NA,NA,SAN DIEGO,SAN DIEGO,-117.15277099609376,32.70941925048828
9779520,2025,2025-02-26,3711,2025-02-04,1947,SD1525,NA,2,5,7,3711,0,0,0,NA,0,116,CLAIREMONT DR,FAIRFIELD ST,0,NA,Y,A,-,N,NA,NA,NA,NA,NA,NA,NA,NA,NA,N,3,0,1,1,A,-,03,22350,NA,N,F,I,A,A,B,-,C,D,0,NA,NA,Y,NA,Y,NA,C,02,0,1,0,0,0,0,0,0,1,-,-,NA,NA,SAN DIEGO,SAN DIEGO,-117.19667816162108,32.792301177978516
9779814,2025,2025-02-26,3708,2025-02-08,1243,LM1300,NA,6,5,5,3708,0,0,0,NA,0,001,MASSACHUSETTS AV,CARMENITA RD,52,N,N,A,-,N,NA,NA,NA,NA,NA,NA,NA,NA,NA,N,3,0,2,3,A,-,00,23123,5,N,C,C,A,A,H,-,A,D,0,NA,NA,NA,NA,Y,NA,D,22,0,1,1,0,0,0,0,0,0,-,-,NA,NA,SAN DIEGO,LA MESA,-117.04279327392578,32.747100830078125
9782511,2025,2025-02-24,3711,2025-01-28,1702,SD1807,480,2,5,7,3711,0,0,0,NA,0,526,ASH ST,5TH AV,120,E,N,A,-,N,NA,NA,NA,NA,NA,NA,NA,NA,NA,N,3,0,1,2,A,-,08,38314,NA,N,G,B,D,A,D,-,A,A,0,Y,NA,NA,NA,Y,NA,A,01,0,1,0,0,1,0,0,0,0,-,-,34.027198791503906,-117.11907196044922,SAN DIEGO,SAN DIEGO,-117.15979766845705,32.71989822387695
9783192,2025,2025-02-27,3711,2025-02-06,1117,SD7942,NA,4,5,7,3711,0,0,0,NA,0,122,KENDALL ST,HORNBLEND ST,68,N,N,B,-,N,NA,NA,NA,NA,NA,NA,NA,NA,NA,N,3,0,1,2,A,-,03,22350,NA,N,B,G,A,A,H,-,A,D,0,NA,Y,NA,NA,Y,NA,L,04,0,1,0,0,0,0,1,0,0,-,-,NA,NA,SAN DIEGO,SAN DIEGO,-117.23692321777344,32.79983139038086
9784483,2025,2025-03-12,3711,2025-01-31,2041,SD5600,NA,5,5,7,3711,0,0,0,NA,0,712,VIA DE SAN YSIDRO,CALLE PRIMERA,15,W,N,A,-,N,NA,NA,NA,NA,NA,NA,NA,NA,NA,N,3,0,1,2,A,-,00,21461,NA,F,G,B,D,A,H,-,C,A,0,Y,NA,NA,NA,Y,NA,N,60,0,1,0,0,1,0,0,0,0,-,-,NA,NA,SAN DIEGO,SAN DIEGO,-117.0459442138672,32.55078125
9785117,2025,2025-03-04,3711,2025-02-22,1930,SD8323,NA,6,5,7,3711,0,0,0,NA,0,832,VAN DYKE AV,ORANGE AV,0,NA,Y,A,-,N,NA,NA,NA,NA,NA,NA,NA,NA,NA,N,3,0,1,2,A,-,09,21801,A,M,A,C,A,A,H,-,C,A,0,NA,NA,Y,NA,Y,NA,-,NA,0,1,0,0,0,0,0,0,1,-,-,NA,NA,SAN DIEGO,SAN DIEGO,-117.10317993164063,32.753177642822266
9785262,2025,2025-02-27,3711,2025-02-14,1540,SD8672,NA,5,5,7,3711,0,0,0,NA,0,625,MORENA BL,TAYLOR ST,359,N,N,B,-,N,NA,NA,NA,NA,NA,NA,NA,NA,NA,Y,4,0,1,2,A,-,03,22350,NA,M,C,C,A,A,H,-,A,B,0,NA,NA,NA,NA,Y,NA,A,01,0,0,1,0,0,0,0,0,0,-,-,NA,NA,SAN DIEGO,SAN DIEGO,-117.19770050048828,32.759273529052734
9786124,2024,2025-04-25,3700,2024-07-31,2243,SH0378,NA,3,5,4,3720,0,0,0,NA,0,605,2425 MASSACHUSETTS AV,MOUNT VERNON ST,0,NA,N,A,-,N,NA,NA,NA,NA,NA,NA,NA,NA,NA,Y,1,1,0,3,A,-,05,21651,A,N,A,C,A,A,H,-,C,D,0,NA,NA,NA,NA,Y,NA,A,08,0,0,0,0,0,0,0,0,0,-,-,NA,NA,SAN DIEGO,LEMON GROVE,-117.04296875,32.731597900390625
9786440,2024,2025-07-31,3700,2024-09-06,2107,SH3606,NA,5,5,5,3712,0,0,0,NA,0,357,SOUTH TWIN OAKS VALLEY RD,N CITY DR,6,S,N,A,-,N,NA,NA,NA,NA,NA,NA,NA,NA,NA,Y,1,1,0,2,A,-,11,21954,A,N,G,B,D,A,H,-,C,A,0,Y,NA,NA,NA,Y,NA,N,60,0,0,0,1,0,0,0,0,0,-,-,NA,NA,SAN DIEGO,SAN MARCOS,-117.16400146484376,33.134605407714844
9787615,2024,2025-04-30,3710,2024-06-03,1550,OC1156,NA,1,5,6,3710,0,0,0,NA,0,021,RT 76,FRAZEE RD,150,E,N,A,-,Y,SD,11,76,-,R,5.63,H,-,W,Y,4,0,2,4,A,-,03,22350,NA,N,C,C,A,A,H,-,A,A,0,NA,NA,NA,NA,Y,NA,A,01,0,0,2,0,0,0,0,0,0,-,-,NA,NA,SAN DIEGO,OCEANSIDE,-117.29815673828124,33.23945236206055
9791631,2025,2025-03-06,3711,2025-02-18,415,SD1514,NA,2,5,7,3711,0,0,0,NA,0,232,TED WILLIAMS PKWY,TED WILLIAMS PKWY 12200,0,NA,N,A,-,N,NA,NA,NA,NA,NA,NA,NA,NA,NA,Y,3,0,1,1,B,-,22,NA,NA,N,E,I,A,A,H,-,C,D,0,NA,NA,NA,NA,Y,NA,A,01,0,1,0,0,0,0,0,0,0,-,-,NA,NA,SAN DIEGO,SAN DIEGO,-117.09415435791016,32.96489334106445
9791855,2025,2025-08-01,3702,2025-06-24,1127,CV1410,NA,2,5,6,3702,0,0,0,NA,0,042,OTAY LAKES RD,EASTLAKE PKWY,0,NA,Y,A,-,N,NA,NA,NA,NA,NA,NA,NA,NA,NA,Y,3,0,1,2,A,-,09,21453,C,N,D,C,A,A,H,-,A,A,0,NA,NA,NA,NA,Y,NA,D,22,0,1,0,0,0,0,0,0,0,-,-,NA,NA,SAN DIEGO,CHULA VISTA,-116.96556091308594,32.64825439453125
9792125,2025,2025-03-18,3702,2025-02-01,1829,CV1469,NA,6,5,6,3702,0,0,0,NA,0,013,G ST,2ND AV,100,W,N,A,-,N,NA,NA,NA,NA,NA,NA,NA,NA,NA,N,3,0,1,2,A,-,08,22103,NA,N,D,C,A,A,H,-,C,D,0,NA,NA,NA,NA,Y,NA,A,01,0,1,0,0,0,0,0,0,0,-,-,NA,NA,SAN DIEGO,CHULA VISTA,-117.07477569580078,32.63888168334961
9792259,2025,2025-03-18,3711,2025-02-28,1533,SD7580,NA,5,5,7,3711,0,0,0,NA,0,722,CORONADO AV,RAEDEL DR,0,NA,Y,A,-,N,NA,NA,NA,NA,NA,NA,NA,NA,NA,N,3,0,2,3,A,-,03,22350,NA,N,C,C,A,A,H,-,A,D,0,NA,NA,NA,NA,Y,NA,D,22,0,2,0,0,0,0,0,0,0,-,-,NA,NA,SAN DIEGO,SAN DIEGO,-117.0911102294922,32.57648849487305
9792266,2025,2025-03-18,3702,2025-02-07,1719,1573,NA,5,5,6,3702,0,0,0,NA,0,031,TELEGRAPH CANYON RD,OLEANDER AV,65,E,N,A,-,N,NA,NA,NA,NA,NA,NA,NA,NA,NA,Y,3,0,2,2,A,-,03,22350,NA,N,D,C,A,B,H,-,B,A,0,NA,NA,NA,NA,Y,NA,D,22,0,1,1,0,0,0,0,0,0,-,-,NA,NA,SAN DIEGO,CHULA VISTA,-117.0364990234375,32.62785720825195
9792530,2024,2025-03-12,3705,2024-12-04,1746,EC0369,NA,3,5,5,3705,0,0,0,NA,0,003,N 3RD ST,NARANCA AV,10,N,N,A,-,N,NA,NA,NA,NA,NA,NA,NA,NA,NA,Y,4,0,1,2,A,-,09,21800,A,N,D,C,A,A,H,-,C,D,0,NA,NA,NA,NA,Y,NA,A,01,0,0,1,0,0,0,0,0,0,-,-,NA,NA,SAN DIEGO,EL CAJON,-116.92693328857422,32.8039665222168
9792561,2024,2025-03-13,3705,2024-12-28,2028,EC0453,NA,6,5,5,3705,0,0,0,NA,0,001,N CUYAMACA DR,WELD BL,790,N,N,A,-,N,NA,NA,NA,NA,NA,NA,NA,NA,NA,N,3,0,1,1,A,-,03,22350,NA,N,E,I,A,A,H,-,D,A,0,NA,NA,NA,NA,Y,NA,A,07,0,1,0,0,0,0,0,0,0,-,-,NA,NA,SAN DIEGO,EL CAJON,-116.98390197753906,32.829769134521484
9792563,2024,2025-03-12,3705,2024-12-12,1600,EC0413,NA,4,5,5,3705,0,0,0,NA,0,002,EMERALD AV,W WASHINGTON AV,0,NA,Y,A,-,N,NA,NA,NA,NA,NA,NA,NA,NA,NA,N,4,0,2,2,A,-,12,21453,A,N,D,C,A,A,H,-,A,D,0,NA,NA,NA,NA,Y,NA,A,01,0,0,2,0,0,0,0,0,0,-,-,NA,NA,SAN DIEGO,EL CAJON,-116.96878814697266,32.78765869140625
9792646,2024,2025-03-13,3705,2024-11-27,1419,EC0406,NA,3,5,5,3705,0,0,0,NA,0,002,EAST MAIN ST,ORLANDO ST,27,E,N,A,-,N,NA,NA,NA,NA,NA,NA,NA,NA,NA,N,3,0,1,2,A,-,11,21954,A,N,G,B,D,A,H,-,A,D,0,Y,NA,NA,NA,Y,Y,N,60,0,1,0,0,1,0,0,0,0,-,-,NA,NA,SAN DIEGO,EL CAJON,-116.94004058837892,32.79492950439453
9792696,2025,2025-03-17,3711,2025-02-27,1355,SD2078,NA,4,5,7,3711,0,0,0,NA,0,526,3RD AV,3RD AV 1400,0,NA,-,-,-,N,NA,NA,NA,NA,NA,NA,NA,NA,NA,N,3,0,1,2,B,-,22,NA,NA,N,A,-,A,-,-,-,-,-,0,NA,Y,NA,NA,Y,NA,L,04,0,1,0,0,0,0,1,0,0,-,-,NA,NA,SAN DIEGO,SAN DIEGO,-117.08020782470705,33.11984634399414
9792872,2025,2025-03-26,3702,2025-02-26,1645,CV1520,NA,3,5,6,3702,0,0,0,NA,0,024,OLYMPIC PKWY,OLEANDER AV,62,E,N,A,-,N,NA,NA,NA,NA,NA,NA,NA,NA,NA,N,3,0,1,3,A,-,03,22350,NA,F,C,C,A,A,H,-,A,A,0,NA,NA,NA,NA,Y,Y,-,99,0,1,0,0,0,0,0,0,0,-,-,NA,NA,SAN DIEGO,CHULA VISTA,-117.0330810546875,32.606597900390625
9792890,2025,2025-03-27,3711,2025-03-04,2206,SD2140,NA,2,5,7,3711,0,0,0,NA,0,113,CLAIREMONT MESA BL,POCAHONTAS AV,0,NA,Y,A,-,N,NA,NA,NA,NA,NA,NA,NA,NA,NA,Y,3,0,1,2,A,-,09,21800,A,N,D,C,A,A,H,-,C,D,0,NA,NA,NA,NA,Y,NA,A,07,0,1,0,0,0,0,0,0,0,-,-,NA,NA,SAN DIEGO,SAN DIEGO,-117.20880126953124,32.82771682739258
9792897,2025,2025-03-27,3711,2025-03-08,1340,SD1570,NA,6,5,7,3711,0,0,0,NA,0,721,MAIN ST,FRONTAGE RD,0,NA,Y,A,-,N,NA,NA,NA,NA,NA,NA,NA,NA,NA,N,3,0,1,1,D,-,00,NA,NA,N,H,A,A,A,H,-,A,D,0,NA,NA,NA,NA,Y,NA,-,-,0,1,0,0,0,0,0,0,0,-,-,NA,NA,SAN DIEGO,SAN DIEGO,-117.09068298339844,32.595237731933594
9793347,2025,2025-04-01,3711,2025-03-02,13,SD1799,NA,7,5,7,3711,0,0,0,NA,0,613,CATALINA BL,DEL MONTE AV,156,W,N,B,-,N,NA,NA,NA,NA,NA,NA,NA,NA,NA,N,3,0,1,1,A,-,03,22350,NA,N,F,I,A,A,H,-,C,D,0,NA,NA,Y,NA,Y,Y,C,02,0,1,0,0,0,0,0,0,1,-,-,NA,NA,SAN DIEGO,SAN DIEGO,-117.2397689819336,32.73555374145508
9793370,2025,2025-03-19,3711,2025-02-27,1445,SD7723,NA,4,5,7,3711,0,0,0,NA,0,525,1ST AV,1ST AV 900,0,NA,N,A,-,N,NA,NA,NA,NA,NA,NA,NA,NA,NA,N,3,0,1,2,A,-,08,22107,NA,N,D,C,A,A,A,-,A,D,0,NA,NA,NA,NA,Y,NA,M,94,0,1,0,0,0,0,0,0,0,-,-,NA,NA,SAN DIEGO,SAN DIEGO,-117.19583892822266,32.70886993408203
9793630,2025,2025-03-17,3711,2025-01-29,1654,SD7759,NA,3,5,7,3711,0,0,0,NA,0,115,GENESSE AV,RT 52,12,S,N,A,-,N,NA,NA,NA,NA,NA,NA,NA,NA,NA,N,2,0,2,2,A,-,09,21801,A,N,D,G,A,A,D,-,A,D,0,NA,Y,NA,NA,Y,NA,A,01,1,1,0,0,0,0,2,0,0,-,WO,NA,NA,SAN DIEGO,SAN DIEGO,-117.2021713256836,32.846595764160156
9793923,2025,2025-04-11,3710,2025-02-17,2135,OC1542,NA,1,5,6,3710,0,0,0,NA,0,026,EL CAMINIO REAL,RT 78,0,NA,Y,A,-,Y,SD,11,78,-,-,1.586,R,4,E,Y,3,0,1,2,A,-,12,21453,A,N,A,C,A,A,H,-,C,A,0,NA,NA,NA,NA,Y,NA,A,01,0,1,0,0,0,0,0,0,0,-,WF,NA,NA,SAN DIEGO,OCEANSIDE,-117.3254623413086,33.181922912597656
9793924,2025,2025-03-19,3710,2025-02-24,1115,OC1521,NA,1,5,6,3710,0,0,0,NA,0,027,COLLEGE BL,WARING RD,0,NA,Y,A,-,N,NA,NA,NA,NA,NA,NA,NA,NA,NA,Y,3,0,3,2,A,-,12,21453,A,N,D,C,A,A,H,-,A,A,0,NA,NA,NA,NA,Y,NA,A,01,0,1,2,0,0,0,0,0,0,-,-,NA,NA,SAN DIEGO,OCEANSIDE,-117.29642486572266,33.186214447021484
9794079,2025,2025-04-15,3711,2025-03-12,1818,SD1429,NA,3,5,7,3711,0,0,0,NA,0,813,HOWARD AV,IDAHO ST,200,W,N,B,-,N,NA,NA,NA,NA,NA,NA,NA,NA,NA,Y,4,0,1,3,A,-,08,22107,NA,N,B,E,A,A,H,-,A,A,0,NA,NA,NA,NA,Y,NA,-,NA,0,0,1,0,0,0,0,0,0,-,-,NA,NA,SAN DIEGO,SAN DIEGO,-117.1344985961914,32.7540397644043
9794346,2025,2025-03-26,3711,2025-03-16,455,SD1140,NA,7,5,7,3711,0,0,0,NA,0,114,REGENTS RD,MILEPOST MARIAN BEAR PARK,0,NA,-,A,-,N,NA,NA,NA,NA,NA,NA,NA,NA,NA,Y,3,0,1,1,D,-,00,NA,NA,M,E,I,A,A,G,-,A,D,0,NA,NA,NA,NA,Y,NA,-,-,0,1,0,0,0,0,0,0,0,-,-,NA,NA,SAN DIEGO,SAN DIEGO,NA,NA
9794613,2025,2025-04-02,3700,2025-01-08,1512,SH0595,NA,3,5,4,3707,0,0,0,NA,0,702,PALM AV,12TH ST,0,NA,Y,A,-,N,NA,NA,NA,NA,NA,NA,NA,NA,NA,Y,3,0,1,2,A,-,08,22107,NA,N,D,D,A,A,H,-,A,D,0,NA,NA,Y,NA,Y,NA,A,01,0,1,0,0,0,0,0,0,1,-,-,32.58388137817383,-117.1081314086914,SAN DIEGO,IMPERIAL BEACH,-117.10809326171876,32.583797454833984
9794701,2025,2025-04-07,3711,2025-03-11,645,SD7818,NA,2,5,7,3711,0,0,0,NA,0,826,EL CAJON BL,ESTRELLA AV,12,W,N,C,-,N,NA,NA,NA,NA,NA,NA,NA,NA,NA,N,3,0,1,2,A,-,09,21802,A,M,D,C,A,B,H,-,A,A,0,NA,NA,NA,NA,Y,NA,-,99,0,1,0,0,0,0,0,0,0,-,-,NA,NA,SAN DIEGO,SAN DIEGO,-117.09008026123048,32.756343841552734
9795301,2025,2025-04-10,3711,2025-03-08,1756,SD2084,NA,6,5,7,3711,0,0,0,NA,0,451,COLLEGE GROVE DR,COLLEGE GROVE DR 6350,0,NA,N,-,-,N,NA,NA,NA,NA,NA,NA,NA,NA,NA,N,3,0,2,2,A,-,08,22107,NA,N,-,C,A,-,-,-,-,-,0,NA,NA,NA,NA,Y,NA,A,01,0,1,1,0,0,0,0,0,0,-,-,NA,NA,SAN DIEGO,SAN DIEGO,-117.05831909179688,32.73819351196289
9795302,2025,2025-04-02,3711,2025-03-04,850,SD7873,NA,2,5,7,3711,0,0,0,NA,0,511,28TH ST,BOSTON AV,0,NA,Y,A,-,N,NA,NA,NA,NA,NA,NA,NA,NA,NA,Y,3,0,2,3,A,-,12,21453,A,N,F,C,A,A,H,-,A,A,0,NA,NA,NA,NA,Y,NA,A,01,0,2,0,0,0,0,0,0,0,-,-,NA,NA,SAN DIEGO,SAN DIEGO,-117.13377380371094,32.693851470947266
9795333,2025,2025-04-03,3711,2025-03-09,2010,SD2075,NA,7,5,7,3711,0,0,0,NA,0,811,32ND ST,MADISON AV,0,NA,Y,A,-,N,NA,NA,NA,NA,NA,NA,NA,NA,NA,N,3,0,1,2,A,-,06,21750,NA,N,C,G,A,A,H,-,D,D,0,NA,Y,NA,NA,Y,NA,A,01,0,1,0,0,0,0,1,0,0,-,-,NA,NA,SAN DIEGO,SAN DIEGO,-117.125,32.7609977722168
9795717,2025,2025-04-22,3711,2025-03-08,1609,SD2071,NA,6,5,7,3711,0,0,0,NA,0,723,GATTY ST,LINDBERGH WY,173,W,N,A,-,N,NA,NA,NA,NA,NA,NA,NA,NA,NA,N,3,0,1,2,C,-,18,NA,NA,N,G,B,D,A,H,-,A,D,0,Y,NA,NA,NA,Y,NA,-,-,0,1,0,0,1,0,0,0,0,-,-,NA,NA,SAN DIEGO,SAN DIEGO,-117.05240631103516,32.58586120605469
9795901,2025,2025-04-08,3710,2025-03-15,1323,OC1579,NA,6,5,6,3710,0,0,0,NA,0,008,OCEANSIDE BL,DITMAR ST,0,NA,Y,A,-,N,NA,NA,NA,NA,NA,NA,NA,NA,NA,Y,4,0,1,3,A,-,12,21453,A,N,D,C,A,A,H,-,A,A,0,NA,NA,NA,NA,Y,NA,A,07,0,0,1,0,0,0,0,0,0,-,-,NA,NA,SAN DIEGO,OCEANSIDE,-117.36728668212892,33.18478012084961