CASE_ID,ACCIDENT_YEAR,PROC_DATE,JURIS,COLLISION_DATE,COLLISION_TIME,OFFICER_ID,REPORTING_DISTRICT,DAY_OF_WEEK,CHP_SHIFT,POPULATION,CNTY_CITY_LOC,SPECIAL_COND,BEAT_TYPE,CHP_BEAT_TYPE,CITY_DIVISION_LAPD,CHP_BEAT_CLASS,BEAT_NUMBER,PRIMARY_RD,SECONDARY_RD,DISTANCE,DIRECTION,INTERSECTION,WEATHER_1,WEATHER_2,STATE_HWY_IND,CALTRANS_COUNTY,CALTRANS_DISTRICT,STATE_ROUTE,ROUTE_SUFFIX,POSTMILE_PREFIX,POSTMILE,LOCATION_TYPE,RAMP_INTERSECTION,SIDE_OF_HWY,TOW_AWAY,COLLISION_SEVERITY,NUMBER_KILLED,NUMBER_INJURED,PARTY_COUNT,PRIMARY_COLL_FACTOR,PCF_CODE_OF_VIOL,PCF_VIOL_CATEGORY,PCF_VIOLATION,PCF_VIOL_SUBSECTION,HIT_AND_RUN,TYPE_OF_COLLISION,MVIW,PED_ACTION,ROAD_SURFACE,ROAD_COND_1,ROAD_COND_2,LIGHTING,CONTROL_DEVICE,CHP_ROAD_TYPE,PEDESTRIAN_ACCIDENT,BICYCLE_ACCIDENT,MOTORCYCLE_ACCIDENT,TRUCK_ACCIDENT,NOT_PRIVATE_PROPERTY,ALCOHOL_INVOLVED,STWD_VEHTYPE_AT_FAULT,CHP_VEHTYPE_AT_FAULT,COUNT_SEVERE_INJ,COUNT_VISIBLE_INJ,COUNT_COMPLAINT_PAIN,COUNT_PED_KILLED,COUNT_PED_INJURED,COUNT_BICYCLIST_KILLED,COUNT_BICYCLIST_INJURED,COUNT_MC_KILLED,COUNT_MC_INJURED,PRIMARY_RAMP,SECONDARY_RAMP,LATITUDE,LONGITUDE,COUNTY,CITY,POINT_X,POINT_Y
6376947,2014,2014-06-18,3700,2014-02-19,1525,SH2439,NA,3,5,5,3713,0,0,0,NA,0,308,NORTH MELROSE DR,OLIVE AV,130,S,N,A,-,N,NA,NA,NA,NA,NA,NA,NA,NA,NA,Y,4,0,4,2,A,-,09,21804,A,N,D,C,A,A,H,-,A,D,0,NA,NA,NA,NA,Y,NA,A,01,0,0,4,0,0,0,0,0,0,-,-,NA,NA,SAN DIEGO,VISTA,-117.25437929,33.20433933
6376951,2014,2014-06-18,3700,2014-02-15,0946,SH0029,NA,6,5,5,3713,0,0,0,NA,0,312,SOUTH MELROSE DR,MATAGUAL DR,0,NA,Y,A,-,N,NA,NA,NA,NA,NA,NA,NA,NA,NA,Y,4,0,1,2,A,-,03,22350,NA,N,C,C,A,A,H,-,A,A,0,NA,NA,NA,NA,Y,NA,A,01,0,0,1,0,0,0,0,0,0,-,-,NA,NA,SAN DIEGO,VISTA,-117.2536301,33.18789002
6379003,2014,2016-03-21,9650,2014-02-09,1708,15446,NA,7,2,9,3700,0,1,1,NA,2,022,RT 15,RAINBOW VALLEY BL,3000,S,N,A,-,Y,SD,11,15,-,R,51.54,H,-,N,Y,4,0,2,5,A,-,07,21658,A,F,B,C,A,A,H,-,A,D,1,NA,NA,NA,NA,Y,NA,A,07,0,0,2,0,0,0,0,0,0,-,-,33.4822,-117.15586,SAN DIEGO,UNINCORPORATED,-117.16974496,33.40038689
6379011,2014,2016-02-11,9650,2014-02-17,1342,015531,NA,1,1,5,3782,0,1,1,NA,2,007,RT 5,BIRMINGHAM DR,1700,S,N,B,-,Y,SD,11,5,-,R,39.5,H,-,N,Y,4,0,1,2,A,-,03,22350,NA,N,C,C,A,A,H,-,A,D,1,NA,NA,NA,NA,Y,NA,A,01,0,0,1,0,0,0,0,0,0,-,-,33.02431,-117.27378,SAN DIEGO,ENCINITAS,-117.27318636,33.02163475
6384722,2014,2014-07-02,3701,2014-02-13,1158,5314,13,4,5,5,3701,0,0,0,NA,0,003,CHESTNUT AV,MARJORIE LN,19,W,N,A,-,N,NA,NA,NA,NA,NA,NA,NA,NA,NA,N,3,0,1,2,A,-,11,21954,A,N,G,B,D,A,H,-,A,D,0,Y,NA,NA,NA,Y,NA,N,60,0,1,0,0,1,0,0,0,0,-,-,NA,NA,SAN DIEGO,CARLSBAD,-117.3281718,33.16155713
6385779,2014,2014-06-07,3702,2014-01-15,0920,CV0923,NA,3,5,6,3702,0,0,0,NA,0,031,EAST H ST,PASEO DEL REY,660,W,N,A,-,N,NA,NA,NA,NA,NA,NA,NA,NA,NA,Y,4,0,1,1,A,-,07,21658,A,N,E,I,A,A,H,-,A,D,0,NA,NA,NA,NA,Y,NA,A,01,0,0,1,0,0,0,0,0,0,-,-,NA,NA,SAN DIEGO,CHULA VISTA,-117.03139028,32.63628515
6386732,2014,2016-01-23,9680,2014-02-13,1625,019910,NA,4,2,9,3700,0,1,3,NA,2,027,RT 94,COLLEGE GROVE WY,30,E,N,A,-,Y,SD,11,94,-,-,7.3,H,-,E,Y,3,0,2,3,A,-,01,23152,A,N,C,C,A,A,H,-,A,D,1,NA,NA,NA,NA,Y,Y,A,01,0,1,1,0,0,0,0,0,0,-,-,32.73657,-117.05585,SAN DIEGO,UNINCORPORATED,-117.05590519,32.73667018
6387189,2014,2015-11-09,9645,2014-02-13,1630,016286,NA,4,2,7,3711,0,1,1,NA,2,003,RT 5,TOWN AV,1320,N,N,A,-,Y,SD,11,5,-,R,19.28,H,-,S,N,4,0,1,2,A,-,03,22350,NA,N,C,C,A,A,H,-,A,D,1,NA,NA,NA,NA,Y,NA,A,07,0,0,1,0,0,0,0,0,0,-,-,32.74836,-117.19473,SAN DIEGO,SAN DIEGO,-117.19641028,32.75012431
6387258,2014,2014-06-03,9650,2014-01-28,0910,15727,NA,2,1,9,3700,0,3,5,NA,2,211,MEADOW GLEN WAY EAST,OAK RANCH RD,126,W,N,A,-,N,NA,NA,NA,NA,NA,NA,NA,NA,NA,Y,4,0,1,2,A,-,09,21804,A,N,D,C,A,A,H,-,A,D,0,NA,NA,NA,NA,Y,NA,A,07,0,0,1,0,0,0,0,0,0,-,-,NA,NA,SAN DIEGO,UNINCORPORATED,-117.10943749,33.21556854
6390033,2014,2016-01-25,9645,2014-02-07,1837,13343,NA,5,2,6,3702,0,1,1,NA,2,009,RT 805,TELEGRAPH CANYON RD,21,S,N,A,-,Y,SD,11,805,-,-,5.847,R,1,N,Y,4,0,1,2,A,-,01,23152,A,M,C,C,A,A,H,-,C,A,1,NA,NA,NA,NA,Y,Y,A,01,0,0,1,0,0,0,0,0,0,NF,-,NA,NA,SAN DIEGO,CHULA VISTA,-117.04217468,32.62581137
6393707,2014,2016-02-11,9650,2014-02-21,0900,13636,NA,5,1,5,3782,0,1,1,NA,2,007,RT 5,LEUCADIA BL,200,S,N,A,-,Y,SD,11,5,-,R,42.67,H,-,S,N,3,0,1,3,A,-,03,22350,NA,N,C,C,A,A,H,-,A,D,1,NA,NA,NA,NA,Y,NA,A,07,0,1,0,0,0,0,0,0,0,-,-,NA,NA,SAN DIEGO,ENCINITAS,-117.292229,33.06452919
6395397,2014,2016-03-25,9650,2014-02-04,1220,012120,NA,2,1,9,3700,0,1,1,NA,2,003,RT 5,ALISO CREEK,2112,S,N,A,-,Y,SD,11,5,-,R,59.318,R,3,N,Y,3,0,2,1,A,-,07,21658,A,N,E,I,A,A,H,-,A,D,1,NA,NA,NA,NA,Y,NA,A,01,0,1,1,0,0,0,0,0,0,-,-,33.26651,-117.43387,SAN DIEGO,UNINCORPORATED,-117.43530273,33.26737363
6395582,2014,2015-11-09,9680,2014-02-17,2315,16494,NA,1,3,9,3700,0,1,3,NA,1,022,RT 54,SUNDALE RD,75,N,N,A,-,Y,SD,11,54,-,T,13.41,H,-,W,Y,3,0,1,1,A,-,08,22107,NA,N,F,A,A,A,H,-,C,D,0,NA,NA,NA,NA,Y,Y,D,22,0,1,0,0,0,0,0,0,0,-,-,32.76437,-116.92793,SAN DIEGO,UNINCORPORATED,-116.92792153,32.76441193
6395860,2014,2014-06-05,9645,2014-01-31,2355,19445,NA,5,3,7,3711,0,1,1,NA,2,005,RT 5,BALBOA AV,7650,N,N,A,-,Y,NA,NA,5,NA,NA,NA,NA,NA,NA,Y,3,0,2,2,A,-,02,22400,A,N,C,C,A,A,D,-,D,D,0,NA,NA,NA,NA,Y,NA,A,01,0,1,1,0,0,0,0,0,0,-,-,32.82378,-117.23055,SAN DIEGO,SAN DIEGO,-117.23057357,32.82375867
6396094,2014,2016-01-25,9645,2014-02-18,1145,14692,NA,2,1,7,3711,0,1,1,NA,2,009,RT 805,PALM AV,35,S,N,A,-,Y,SD,11,805,-,-,2.88,H,-,S,Y,4,0,1,1,A,-,08,22107,NA,N,B,I,A,A,H,-,A,D,1,NA,NA,NA,NA,Y,NA,A,07,0,0,1,0,0,0,0,0,0,-,-,32.58351,-117.0373,SAN DIEGO,SAN DIEGO,-117.03721276,32.58354962
6397320,2014,2014-06-10,3700,2014-01-24,0812,SH2520,NA,5,5,5,3713,0,0,0,NA,0,311,VISTA VILLAGE DR,N INDIANA AV,0,NA,Y,A,-,N,NA,NA,NA,NA,NA,NA,NA,NA,NA,N,4,0,1,2,A,-,09,21801,A,N,H,G,A,A,H,-,A,D,0,NA,Y,NA,NA,Y,NA,A,01,0,0,1,0,0,0,1,0,0,-,-,NA,NA,SAN DIEGO,VISTA,-117.24292001,33.20291008
6400004,2014,2016-02-02,9645,2014-03-01,0313,019496,NA,6,3,7,3711,0,1,3,NA,2,023,RT 163,ASH ST,1090,N,N,B,-,Y,SD,11,163,-,-,0.81,H,-,S,Y,4,0,2,2,A,-,03,22350,NA,N,C,C,A,B,H,-,D,D,1,NA,NA,NA,NA,Y,NA,A,01,0,0,2,0,0,0,0,0,0,-,-,32.7233,-117.15541,SAN DIEGO,SAN DIEGO,-117.15534141,32.72294151
6400338,2014,2016-03-25,9650,2014-02-28,0538,015302,NA,5,3,9,3700,0,1,1,NA,2,003,RT 5,LAS PULGAS RD,1584,S,N,C,-,Y,SD,11,5,-,R,61.52,H,-,S,Y,4,0,1,2,A,-,08,22107,NA,N,D,C,A,B,H,-,B,D,1,NA,NA,NA,NA,Y,NA,A,01,0,0,1,0,0,0,0,0,0,-,-,33.292230000000004,-117.45793,SAN DIEGO,UNINCORPORATED,-117.45803303,33.29271625
6400353,2014,2014-06-24,3711,2014-02-14,2219,6659,MC,5,5,7,3711,0,0,0,NA,0,836,HOME AV,MENLO AV,3,W,N,A,-,N,NA,NA,NA,NA,NA,NA,NA,NA,NA,N,4,0,1,2,A,-,04,21703,NA,N,C,C,A,A,H,-,C,A,0,NA,NA,NA,NA,Y,NA,-,NA,0,0,1,0,0,0,0,0,0,-,-,NA,NA,SAN DIEGO,SAN DIEGO,-117.09473622,32.73345369
6401452,2014,2015-08-14,3706,2014-01-23,1815,0393,ESCON,4,5,6,3706,0,0,0,NA,0,043,WOODLAND PKWY,ALEGRIA PL,0,NA,Y,A,-,N,NA,NA,NA,NA,NA,NA,NA,NA,NA,Y,3,0,2,2,A,-,08,22107,NA,N,C,E,A,A,H,-,C,D,0,NA,NA,NA,NA,Y,NA,A,01,0,1,1,0,0,0,0,0,0,-,-,NA,NA,SAN DIEGO,ESCONDIDO,-117.12855001,33.15853001
6401491,2014,2014-06-06,3711,2014-01-28,1550,7029,NA,2,5,7,3711,0,0,0,NA,0,835,HOME AV,FAIRMOUNT AV,0,NA,Y,A,-,N,NA,NA,NA,NA,NA,NA,NA,NA,NA,N,4,0,1,2,A,-,12,21453,A,N,D,G,A,A,H,-,A,A,0,NA,Y,NA,NA,Y,NA,L,04,0,0,1,0,0,0,1,0,0,-,-,NA,NA,SAN DIEGO,SAN DIEGO,-117.09974004,32.72888007
6402062,2014,2016-05-20,9680,2014-03-01,0205,19765,NA,6,3,9,3700,0,1,3,NA,1,024,RT 94,STEELE CANYON RD,4224,E,N,B,C,Y,SD,11,94,-,R,18.22,H,-,W,Y,3,0,1,1,A,-,03,22350,NA,N,E,I,A,B,H,-,C,D,0,NA,NA,NA,NA,Y,NA,D,22,0,1,0,0,0,0,0,0,0,-,-,32.72918,-116.89622,SAN DIEGO,UNINCORPORATED,-116.89533655,32.72875385
6404886,2014,2014-06-13,3702,2014-02-23,0150,CV1083,NA,7,5,6,3702,0,0,0,NA,0,011,EAST PARK LN,E ST,165,S,N,A,-,N,NA,NA,NA,NA,NA,NA,NA,NA,NA,Y,3,0,7,2,A,-,01,23152,A,N,B,C,A,A,H,-,C,D,0,NA,NA,NA,NA,Y,Y,D,22,0,2,5,0,0,0,0,0,0,-,-,NA,NA,SAN DIEGO,CHULA VISTA,-117.09266742,32.64108687
6406001,2014,2014-07-01,3700,2014-02-17,2020,SH0535,NA,1,5,5,3713,0,0,0,NA,0,307,SOUTH SANTA FE AV,CIVIC CENTER DR,400,E,N,A,-,N,NA,NA,NA,NA,NA,NA,NA,NA,NA,N,4,0,1,2,D,-,00,NA,NA,N,B,C,A,A,H,-,C,D,0,NA,NA,Y,NA,Y,NA,-,-,0,0,1,0,0,0,0,0,1,-,-,NA,NA,SAN DIEGO,VISTA,-117.23319444,33.19335749
6409093,2014,2016-03-15,9680,2014-03-13,2250,16370,NA,4,3,9,3700,0,1,1,NA,2,083,RT 8,DUNBAR LN,4224,W,N,A,-,Y,SD,11,8,-,R,24.91,H,-,E,Y,3,0,1,1,A,-,08,22107,NA,N,E,I,A,A,H,-,D,D,1,NA,NA,NA,NA,Y,NA,A,07,0,1,0,0,0,0,0,0,0,-,-,32.8555,-116.83368,SAN DIEGO,UNINCORPORATED,-116.83318812,32.85569779
6413580,2014,2014-06-24,3706,2014-03-09,1131,1603,ESPD,7,5,6,3706,0,0,0,NA,0,051,BEAR VALLEY PKWY,BEETHOVEN DR,396,E,N,A,-,N,NA,NA,NA,NA,NA,NA,NA,NA,NA,Y,4,0,2,2,A,-,03,22350,NA,N,C,C,A,A,H,-,A,A,0,NA,NA,NA,NA,Y,NA,A,01,0,0,2,0,0,0,0,0,0,-,-,NA,NA,SAN DIEGO,ESCONDIDO,-117.06043268,33.07016333
6416975,2014,2014-07-02,9650,2014-03-08,1433,016516,NA,6,2,9,3700,0,3,5,NA,2,213,SOUTH GRADE RD,EAST GRADE RD,5280,S,N,A,-,N,NA,NA,NA,NA,NA,NA,NA,NA,NA,Y,3,0,1,2,A,-,05,21460,A,N,B,C,A,A,H,-,A,D,0,NA,NA,Y,NA,Y,NA,C,02,0,1,0,0,0,0,0,0,1,-,-,33.30273,-116.87217,SAN DIEGO,UNINCORPORATED,-116.87228923,33.30746216
6417345,2014,2014-06-24,3711,2014-03-12,0740,4923,NA,3,5,7,3711,0,0,0,NA,0,246,SCRIPPS POWAY PKWY,SCRIPPS SUMMIT DR,210,E,N,A,-,N,NA,NA,NA,NA,NA,NA,NA,NA,NA,N,3,0,1,1,C,-,18,NA,NA,N,H,A,A,A,H,-,A,D,0,NA,Y,NA,NA,Y,NA,-,-,0,1,0,0,0,0,1,0,0,-,-,NA,NA,SAN DIEGO,SAN DIEGO,-117.10010907,32.93738711
6418168,2014,2014-06-24,3711,2014-03-08,1845,4654,NA,6,5,7,3711,0,0,0,NA,0,311,AERO DR,DALEY CENTER DR,30,W,N,A,-,N,NA,NA,NA,NA,NA,NA,NA,NA,NA,N,4,0,1,2,A,-,03,22350,NA,N,C,C,A,A,H,-,C,A,0,NA,NA,NA,NA,Y,NA,-,NA,0,0,1,0,0,0,0,0,0,-,-,NA,NA,SAN DIEGO,SAN DIEGO,-117.11905282,32.80864533
6418180,2014,2014-06-24,3711,2014-03-10,1211,5929,NA,1,5,7,3711,0,0,0,NA,0,115,TOWNE CENTRE DR,LA JOLLA VILLAGE DR,36,S,N,A,-,N,NA,NA,NA,NA,NA,NA,NA,NA,NA,Y,4,0,1,4,A,-,08,22107,NA,N,A,C,A,A,H,-,A,A,0,NA,NA,NA,NA,Y,NA,-,NA,0,0,1,0,0,0,0,0,0,-,-,NA,NA,SAN DIEGO,SAN DIEGO,-117.20740173,32.87400259
6418727,2014,2014-06-24,9650,2014-03-10,1600,016490,NA,1,2,9,3700,0,3,5,NA,1,212,SUNSET RD,VALLEY CENTER RD,0,NA,Y,A,-,N,NA,NA,NA,NA,NA,NA,NA,NA,NA,Y,4,0,2,2,A,-,09,21802,A,N,D,C,A,A,H,-,A,D,0,NA,NA,NA,NA,Y,NA,D,22,0,0,2,0,0,0,0,0,0,-,-,33.22818,-116.9801,SAN DIEGO,UNINCORPORATED,-116.9801201,33.22821009
6420332,2014,2015-11-07,3709,2014-03-03,1838,466,NA,1,5,5,3709,0,0,0,NA,0,NA,EAST PLAZA BL,RT 805,55,E,N,A,-,Y,SD,11,805,-,-,11.124,R,1,N,Y,4,0,1,2,A,-,11,21954,A,N,A,G,A,A,H,-,B,D,0,NA,Y,NA,NA,Y,NA,L,04,0,0,1,0,0,0,1,0,0,-,NF,NA,NA,SAN DIEGO,NATIONAL CITY,-117.09208446,32.68700278
6420831,2014,2014-06-10,3705,2014-01-29,0824,EC0160,NA,3,5,5,3705,0,0,0,NA,0,007,MADISON,MOLLISON,5,E,N,A,-,N,NA,NA,NA,NA,NA,NA,NA,NA,NA,N,4,0,1,2,A,-,10,21950,A,N,G,B,B,A,H,-,A,A,0,Y,NA,NA,NA,Y,NA,A,01,0,0,1,0,1,0,0,0,0,-,-,NA,NA,SAN DIEGO,EL CAJON,-116.95095379,32.80015
6420942,2014,2016-02-11,9650,2014-03-10,0752,15302,NA,1,1,5,3701,0,1,1,NA,2,005,RT 5,CANNON RD,3168,N,N,A,-,Y,SD,11,5,-,R,48.67,H,-,S,Y,4,0,1,2,A,-,03,22350,NA,N,C,C,A,A,H,-,A,D,1,NA,NA,NA,NA,Y,NA,A,01,0,0,1,0,0,0,0,0,0,-,-,33.14507,-117.33386,SAN DIEGO,CARLSBAD,-117.33368842,33.14381669
6424700,2014,2014-06-12,3711,2014-02-24,1830,4507,NA,1,5,7,3711,0,0,0,NA,0,111,ASHFORD ST,BEAGLE ST,528,N,N,A,-,N,NA,NA,NA,NA,NA,NA,NA,NA,NA,Y,4,0,2,3,A,-,03,22350,NA,N,C,C,A,A,H,-,D,D,0,NA,NA,NA,NA,Y,NA,-,NA,0,0,2,0,0,0,0,0,0,-,-,NA,NA,SAN DIEGO,SAN DIEGO,-117.15991365,32.80917632
6424704,2014,2014-06-12,3711,2014-02-23,1737,6101,NA,7,5,7,3711,0,0,0,NA,0,615,BYRON ST,LOCUST ST,0,NA,Y,A,-,N,NA,NA,NA,NA,NA,NA,NA,NA,NA,Y,4,0,2,2,A,-,09,21802,A,N,D,C,A,A,H,-,A,D,0,NA,NA,NA,NA,Y,NA,-,NA,0,0,2,0,0,0,0,0,0,-,-,NA,NA,SAN DIEGO,SAN DIEGO,-117.23195006,32.72318001
6425108,2014,2014-06-25,3700,2014-02-21,1745,SH2560,NA,5,5,5,3713,0,0,0,NA,0,305,NORTH SANTA FE AV,WEST LOS ANGELES DR,0,NA,Y,A,-,N,NA,NA,NA,NA,NA,NA,NA,NA,NA,Y,4,0,1,4,A,-,12,21453,A,N,D,D,A,A,H,-,A,A,0,NA,NA,NA,NA,Y,NA,A,01,0,0,1,0,0,0,0,0,0,-,-,NA,NA,SAN DIEGO,VISTA,-117.24499013,33.21142006
6425341,2014,2016-03-21,9650,2014-03-14,2144,019126,NA,5,2,9,3700,0,1,1,NA,2,021,RT 15,GOPHER CANYON RD,1056,N,N,A,-,Y,SD,11,15,-,R,47.08,H,-,N,Y,4,0,1,2,A,-,03,22350,NA,N,C,C,A,A,H,-,D,D,1,NA,NA,NA,NA,Y,NA,A,01,0,0,1,0,0,0,0,0,0,-,-,33.25566,-117.15701,SAN DIEGO,UNINCORPORATED,-117.15899313,33.33996441
6425970,2014,2014-06-27,3705,2014-02-25,1510,EC0292,NA,2,5,5,3705,0,0,0,NA,0,009,LEXINGTON,JAMACHA,19,W,N,A,-,N,NA,NA,NA,NA,NA,NA,NA,NA,NA,N,4,0,1,2,A,-,06,21750,NA,N,B,C,A,A,H,-,A,A,0,NA,NA,NA,NA,Y,NA,A,08,0,0,1,0,0,0,0,0,0,-,-,NA,NA,SAN DIEGO,EL CAJON,-116.93367235,32.79248258
6425974,2014,2014-06-27,3705,2014-02-26,1815,EC0340,NA,3,5,5,3705,0,0,0,NA,0,009,AVOCADO AV,HORIZON HILLS DR,0,NA,Y,A,-,N,NA,NA,NA,NA,NA,NA,NA,NA,NA,N,4,0,1,2,A,-,09,21802,A,N,B,C,A,A,H,-,D,D,0,NA,NA,NA,NA,Y,NA,A,01,0,0,1,0,0,0,0,0,0,-,-,NA,NA,SAN DIEGO,EL CAJON,-116.95814004,32.77023005
6425999,2014,2016-03-21,9645,2014-03-15,0001,018987,NA,6,3,7,3711,0,1,1,NA,2,030,RT 15,CAMINO DEL NORTE,3168,N,N,A,-,Y,SD,11,15,S,-,22.55,H,-,S,Y,4,0,1,1,A,-,08,22107,NA,N,B,J,A,A,H,-,C,D,1,NA,NA,NA,NA,Y,NA,A,01,0,0,1,0,0,0,0,0,0,-,-,33.0042,-117.08112,SAN DIEGO,SAN DIEGO,-117.08062653,33.00642552
6426081,2014,2016-02-11,9645,2014-03-08,0208,14625,NA,6,3,7,3711,0,1,1,NA,2,007,RT 5,CARMEL VALLEY RD,2440,N,N,A,-,Y,SD,11,5,-,R,33.39,H,-,S,Y,2,0,2,2,A,-,01,23152,A,N,D,C,A,A,H,-,D,D,1,NA,NA,NA,NA,Y,Y,A,01,2,0,0,0,0,0,0,0,0,-,-,32.922,-117.23844,SAN DIEGO,SAN DIEGO,-117.24190225,32.9392424
6426088,2014,2016-03-16,9645,2014-03-13,1930,018118,NA,4,2,7,3711,0,1,3,NA,2,006,RT 94,KELTON RD,1000,E,N,A,-,Y,SD,11,94,-,-,5.98,H,-,E,Y,4,0,2,2,A,-,03,22350,NA,N,C,C,A,A,H,-,D,D,1,NA,NA,Y,NA,Y,NA,C,02,0,0,2,0,0,0,0,0,1,-,-,32.72408,-117.07422,SAN DIEGO,SAN DIEGO,-117.07363789,32.72543777
6426116,2014,2015-11-09,9645,2014-03-02,0307,019676,NA,7,3,9,3700,0,1,3,NA,2,008,RT 54,WOODMAN ST,1720,E,N,A,-,Y,SD,11,54,-,-,4.57,H,-,W,Y,4,0,1,3,A,-,01,23152,A,N,C,C,A,B,H,-,D,D,1,NA,NA,NA,NA,Y,Y,A,01,0,0,1,0,0,0,0,0,0,-,-,32.67245,-117.04029,SAN DIEGO,UNINCORPORATED,-117.03565331,32.6775733
6426535,2014,2015-11-10,9680,2014-02-27,0715,15081,NA,4,1,9,3700,0,1,3,NA,1,052,RT 78,RT 79,12144,W,N,B,C,Y,SD,11,78,-,-,49.04,H,-,W,Y,3,0,1,1,A,-,03,22350,NA,N,E,I,A,B,H,-,A,D,0,NA,NA,NA,NA,Y,NA,A,01,0,1,0,0,0,0,0,0,0,-,-,33.0528,-116.4217,SAN DIEGO,UNINCORPORATED,-116.70175788,33.09398335
6428183,2014,2014-06-26,9650,2014-03-19,0645,018496,NA,3,1,9,3700,0,2,4,NA,2,061,SOUTH MISSION RD,STAGE COACH LN,20,S,N,B,-,N,NA,NA,NA,NA,NA,NA,NA,NA,NA,Y,4,0,1,3,A,-,03,22350,NA,M,C,C,A,A,H,-,A,A,0,NA,NA,NA,NA,Y,NA,A,01,0,0,1,0,0,0,0,0,0,-,-,33.34949,-117.24424,SAN DIEGO,UNINCORPORATED,-117.24439339,33.34926997
6428345,2014,2014-07-02,3711,2014-03-01,1505,6865,NA,6,5,7,3711,0,0,0,NA,0,436,IMPERIAL AV,WOODMAN AV,75,W,N,B,-,N,NA,NA,NA,NA,NA,NA,NA,NA,NA,N,4,0,1,2,A,-,03,22350,NA,N,C,C,A,A,H,-,A,D,0,NA,NA,NA,NA,Y,NA,-,NA,0,0,1,0,0,0,0,0,0,-,-,NA,NA,SAN DIEGO,SAN DIEGO,-117.05514022,32.71089906
6429634,2014,2014-07-26,3711,2014-01-30,0721,5925,NA,4,5,7,3711,0,0,0,NA,0,311,MISSION CENTER RD,CIVITA BL,2640,N,N,B,-,N,NA,NA,NA,NA,NA,NA,NA,NA,NA,N,3,0,1,2,A,-,08,22107,NA,N,C,G,A,A,H,-,A,D,0,NA,Y,NA,NA,Y,NA,A,01,0,1,0,0,0,0,1,0,0,-,-,NA,NA,SAN DIEGO,SAN DIEGO,-117.15281867,32.78474106
6431081,2014,2014-06-28,3700,2014-03-23,1548,SH0029,NA,7,5,5,3713,0,0,0,NA,0,317,POINSETTIA AV,DECISION ST,9.5,N,N,A,-,N,NA,NA,NA,NA,NA,NA,NA,NA,NA,Y,3,0,1,1,A,-,03,22350,NA,N,F,A,A,A,B,-,A,D,0,NA,NA,Y,NA,Y,NA,C,02,0,1,0,0,0,0,0,0,1,-,-,NA,NA,SAN DIEGO,VISTA,-117.22186968,33.13941962
6433019,2014,2014-07-01,3700,2014-02-26,1943,SH7406,NA,3,5,4,3780,0,0,0,NA,0,415,POMERADO RD,POWAY RD,579,N,N,A,-,N,NA,NA,NA,NA,NA,NA,NA,NA,NA,Y,4,0,1,2,A,-,09,21804,A,N,B,C,A,A,H,-,C,D,0,NA,NA,NA,NA,Y,NA,A,01,0,0,1,0,0,0,0,0,0,-,-,NA,NA,SAN DIEGO,POWAY,-117.06249706,32.95346584
6433744,2014,2014-07-09,9645,2014-03-24,1545,18652,NA,1,2,7,3711,0,1,1,NA,2,003,RT 5,OLD TOWN AV,130,S,N,A,-,Y,NA,NA,5,NA,NA,NA,NA,NA,NA,Y,3,0,1,2,A,-,03,22350,NA,N,C,C,A,A,H,-,A,A,0,NA,NA,Y,NA,Y,NA,C,02,0,1,0,0,0,0,0,0,1,FR,-,32.7469,-117.19247,SAN DIEGO,SAN DIEGO,-117.19241108,32.74702381
6433870,2014,2014-07-17,3710,2014-04-09,2347,OC1177,NA,3,5,6,3710,0,0,0,NA,0,007,MISSOURI,DITMAR,8,E,N,A,-,N,NA,NA,NA,NA,NA,NA,NA,NA,NA,Y,3,0,1,1,A,-,01,23152,A,F,E,I,A,A,H,-,C,A,0,NA,NA,NA,NA,Y,Y,A,07,0,1,0,0,0,0,0,0,0,-,-,NA,NA,SAN DIEGO,OCEANSIDE,-117.37439872,33.19274266
6433877,2014,2016-02-08,9650,2014-04-10,0230,17028,NA,4,3,9,3700,0,1,1,NA,2,001,RT 5,USBP SAN CLEMENTE CHECKPOINT,25,N,N,A,-,Y,SD,11,5,-,R,67.36,H,-,N,N,2,0,1,2,A,-,01,23152,A,N,E,J,E,A,G,-,C,A,1,Y,NA,NA,NA,Y,Y,A,01,1,0,0,0,1,0,0,0,0,-,-,33.38165,-117.54695,SAN DIEGO,UNINCORPORATED,-117.52550586,33.35277518
6435262,2014,2014-07-07,3711,2014-03-05,1010,7085,SAN D,3,5,7,3711,0,0,0,NA,0,529,WEST LAUREL ST,ALBATROSS ST,0,NA,Y,A,-,N,NA,NA,NA,NA,NA,NA,NA,NA,NA,Y,3,0,2,2,A,-,09,21801,A,N,A,C,A,A,H,-,A,D,0,NA,NA,NA,NA,Y,NA,-,NA,0,2,0,0,0,0,0,0,0,-,-,NA,NA,SAN DIEGO,SAN DIEGO,-117.16575004,32.73136
6437237,2014,2015-11-09,9645,2014-03-16,1325,19344,NA,7,1,7,3711,0,1,1,NA,2,010,RT 8,PRESIDIO PARK,300,W,N,A,-,Y,SD,11,8,-,-,0.89,H,-,W,Y,4,0,2,4,A,-,03,22350,NA,N,C,C,A,A,H,-,A,D,1,NA,NA,NA,NA,Y,NA,A,07,0,0,2,0,0,0,0,0,0,-,-,32.76436,-117.19745,SAN DIEGO,SAN DIEGO,-117.18924034,32.75999637
6439300,2014,2014-06-11,3700,2014-01-30,0009,SH5794,NA,4,5,5,3781,0,0,0,NA,0,515,N WOODSON AV,N WOODSON AV 11222,43,E,N,A,-,N,NA,NA,NA,NA,NA,NA,NA,NA,NA,Y,3,0,1,1,A,-,08,22107,NA,N,E,I,A,A,H,-,C,D,0,NA,NA,NA,NA,Y,Y,D,22,0,1,0,0,0,0,0,0,0,-,-,NA,NA,SAN DIEGO,SANTEE,NA,NA