CASE_ID,ACCIDENT_YEAR,PROC_DATE,JURIS,COLLISION_DATE,COLLISION_TIME,OFFICER_ID,REPORTING_DISTRICT,DAY_OF_WEEK,CHP_SHIFT,POPULATION,CNTY_CITY_LOC,SPECIAL_COND,BEAT_TYPE,CHP_BEAT_TYPE,CITY_DIVISION_LAPD,CHP_BEAT_CLASS,BEAT_NUMBER,PRIMARY_RD,SECONDARY_RD,DISTANCE,DIRECTION,INTERSECTION,WEATHER_1,WEATHER_2,STATE_HWY_IND,CALTRANS_COUNTY,CALTRANS_DISTRICT,STATE_ROUTE,ROUTE_SUFFIX,POSTMILE_PREFIX,POSTMILE,LOCATION_TYPE,RAMP_INTERSECTION,SIDE_OF_HWY,TOW_AWAY,COLLISION_SEVERITY,NUMBER_KILLED,NUMBER_INJURED,PARTY_COUNT,PRIMARY_COLL_FACTOR,PCF_CODE_OF_VIOL,PCF_VIOL_CATEGORY,PCF_VIOLATION,PCF_VIOL_SUBSECTION,HIT_AND_RUN,TYPE_OF_COLLISION,MVIW,PED_ACTION,ROAD_SURFACE,ROAD_COND_1,ROAD_COND_2,LIGHTING,CONTROL_DEVICE,CHP_ROAD_TYPE,PEDESTRIAN_ACCIDENT,BICYCLE_ACCIDENT,MOTORCYCLE_ACCIDENT,TRUCK_ACCIDENT,NOT_PRIVATE_PROPERTY,ALCOHOL_INVOLVED,STWD_VEHTYPE_AT_FAULT,CHP_VEHTYPE_AT_FAULT,COUNT_SEVERE_INJ,COUNT_VISIBLE_INJ,COUNT_COMPLAINT_PAIN,COUNT_PED_KILLED,COUNT_PED_INJURED,COUNT_BICYCLIST_KILLED,COUNT_BICYCLIST_INJURED,COUNT_MC_KILLED,COUNT_MC_INJURED,PRIMARY_RAMP,SECONDARY_RAMP,LATITUDE,LONGITUDE,COUNTY,CITY,POINT_X,POINT_Y
6659736,2014,2016-05-24,9645,2014-09-27,0500,020165,NA,6,3,7,3711,0,1,1,NA,2,019,RT 15,RANCHO BERNARDO RD,1500,N,N,A,-,Y,SD,11,15,-,M,24,H,-,N,Y,4,0,1,1,A,-,08,22107,NA,N,E,I,A,A,H,-,E,D,1,NA,NA,NA,NA,Y,NA,A,01,0,0,1,0,0,0,0,0,0,-,-,33.03078,-117.07812,SAN DIEGO,SAN DIEGO,-117.07860256,33.02743918
6660459,2014,2016-05-21,9645,2014-09-25,0710,017498,NA,4,1,7,3711,1,1,1,NA,2,011,RT 805,RT 8,1056,N,N,A,-,Y,SD,11,805,-,-,17.97,H,-,S,Y,3,0,1,2,A,-,08,22107,NA,N,E,I,A,A,H,-,A,D,1,NA,NA,NA,NA,Y,NA,A,07,0,1,0,0,0,0,0,0,0,-,-,32.77544,-117.13488,SAN DIEGO,SAN DIEGO,-117.13507816,32.77581484
6660461,2014,2016-06-18,9645,2014-10-03,0750,018936,NA,5,1,5,3709,0,1,3,NA,2,008,RT 54,REO DR,695,W,N,A,-,Y,SD,11,54,-,-,2.84,R,1,W,Y,4,0,1,2,A,-,03,22350,NA,N,C,C,A,A,H,-,A,A,1,NA,NA,NA,NA,Y,NA,A,01,0,0,1,0,0,0,0,0,0,FR,-,32.6643,-117.05931,SAN DIEGO,NATIONAL CITY,-117.05985981,32.66399877
6661573,2014,2016-05-21,9645,2014-09-20,2210,20265,NA,6,3,7,3711,0,1,1,NA,2,009,RT 805,HOME AV,400,N,N,A,-,Y,SD,11,805,-,-,14.06,H,-,S,Y,2,0,2,1,A,-,01,23152,A,N,E,I,A,A,H,-,C,D,1,NA,NA,NA,NA,Y,Y,A,01,1,1,0,0,0,0,0,0,0,-,-,32.72896,-117.10595000000001,SAN DIEGO,SAN DIEGO,-117.10428062,32.72702937
6661835,2014,2014-12-11,9680,2014-10-05,0010,20049,NA,7,3,9,3700,0,2,4,NA,1,026,JAMACHA BL,SWEETWATER RD,0,NA,Y,A,-,N,NA,NA,NA,NA,NA,NA,NA,NA,NA,Y,4,0,2,2,A,-,12,21453,A,N,D,C,A,A,H,-,C,A,0,NA,NA,NA,NA,Y,Y,A,01,0,0,2,0,0,0,0,0,0,-,-,32.70525,-117.01026,SAN DIEGO,UNINCORPORATED,-117.01023012,32.70515006
6664588,2014,2014-12-26,3711,2014-10-04,1809,5418,3711,6,5,7,3711,0,0,0,NA,0,722,TOCAYO AV,GAYO CT,0,W,N,A,-,N,NA,NA,NA,NA,NA,NA,NA,NA,NA,NA,3,0,1,3,A,-,-,NA,NA,N,H,C,A,A,H,-,B,A,0,NA,NA,NA,NA,Y,NA,-,NA,0,1,0,0,0,0,0,0,0,-,-,NA,NA,SAN DIEGO,SAN DIEGO,-117.08462004,32.56388002
6666218,2014,2014-12-16,3706,2014-10-13,1849,ES0322,NA,1,5,6,3706,0,0,0,NA,0,056,MIDWAY DR,VALLEY PKWY,187,S,N,A,-,N,NA,NA,NA,NA,NA,NA,NA,NA,NA,Y,3,0,1,2,A,-,09,21804,A,N,A,C,A,A,H,-,C,D,0,NA,NA,NA,NA,Y,NA,A,01,0,1,0,0,0,0,0,0,0,-,-,NA,NA,SAN DIEGO,ESCONDIDO,-117.05151219,33.13706329
6666406,2014,2015-01-02,9650,2014-10-14,0614,016103,NA,2,1,6,3706,0,1,3,NA,2,019,RT 78,NORDAHL RD,528,E,N,A,-,Y,NA,NA,78,NA,NA,NA,NA,NA,NA,Y,4,0,1,2,A,-,03,22350,NA,N,C,C,A,A,H,-,C,D,0,NA,NA,NA,Y,Y,NA,A,01,0,0,1,0,0,0,0,0,0,-,-,33.12975,-117.11644,SAN DIEGO,ESCONDIDO,-117.11642571,33.12978258
6666582,2014,2014-12-19,3700,2014-10-07,1840,SH2560,NA,2,5,5,3713,0,0,0,NA,0,318,SOUTH MELROSE DR,GREEN OAK RD,0,NA,Y,A,-,N,NA,NA,NA,NA,NA,NA,NA,NA,NA,N,3,0,1,2,A,-,08,21717,NA,N,D,G,A,A,H,-,B,A,0,NA,Y,NA,NA,Y,NA,D,22,0,1,0,0,0,0,1,0,0,-,-,NA,NA,SAN DIEGO,VISTA,-117.24182009,33.1551501
6666594,2014,2014-12-19,3700,2014-10-21,0715,SH2520,NA,2,5,5,3713,0,0,0,NA,0,317,POINSETTIA AV,LA MIRADA DR,470,W,N,A,-,N,NA,NA,NA,NA,NA,NA,NA,NA,NA,Y,3,0,1,1,A,-,05,21650,NA,N,E,I,A,A,H,-,B,D,0,NA,NA,NA,NA,Y,NA,D,22,0,1,0,0,0,0,0,0,0,-,-,NA,NA,SAN DIEGO,VISTA,-117.21529367,33.1465629
6667467,2014,2014-11-04,3705,2014-09-05,0010,EC0324,NA,5,5,5,3705,0,0,0,NA,0,008,AVOCADO,SKYWOOD,103,N,N,A,-,N,NA,NA,NA,NA,NA,NA,NA,NA,NA,Y,3,0,2,1,A,-,03,22350,NA,N,E,I,A,A,H,-,C,A,0,NA,NA,NA,NA,Y,NA,A,01,0,2,0,0,0,0,0,0,0,-,-,NA,NA,SAN DIEGO,EL CAJON,-116.95844023,32.77304131
6668343,2014,2014-12-15,3701,2014-10-02,1015,5360,84,4,5,5,3701,0,0,0,NA,0,006,PALOMAR AIRPORT RD,MELROSE DR,50,W,N,A,-,N,NA,NA,NA,NA,NA,NA,NA,NA,NA,Y,4,0,1,3,A,-,03,22350,NA,N,C,C,A,A,H,-,A,A,0,NA,NA,NA,NA,Y,NA,A,07,0,0,1,0,0,0,0,0,0,-,-,NA,NA,SAN DIEGO,CARLSBAD,-117.24565234,33.13011031
6668681,2014,2014-12-12,3711,2014-10-03,2143,3815,NA,5,5,7,3711,0,0,0,NA,0,628,REYNARD WY,REDWOOD ST,354,N,N,A,-,N,NA,NA,NA,NA,NA,NA,NA,NA,NA,Y,3,0,2,4,A,-,03,22350,NA,N,B,E,A,A,H,-,C,D,0,NA,NA,Y,NA,Y,NA,C,02,0,2,0,0,0,0,0,0,2,-,-,NA,NA,SAN DIEGO,SAN DIEGO,-117.16990651,32.7385693
6668725,2014,2014-10-28,3711,2014-09-30,1000,5742,NA,2,5,7,3711,0,0,0,NA,0,311,RUFFIN RD,AERO DR,100,S,N,A,-,N,NA,NA,NA,NA,NA,NA,NA,NA,NA,N,3,0,1,2,A,-,09,21804,A,N,H,A,A,A,H,-,A,-,0,NA,NA,NA,NA,Y,NA,-,NA,0,1,0,0,0,0,0,0,0,-,-,NA,NA,SAN DIEGO,SAN DIEGO,-117.12970115,32.80960804
6668813,2014,2014-12-15,3711,2014-10-11,0230,6892,NA,6,5,7,3711,0,0,0,NA,0,627,UNIVERSITY AV,8TH AV,0,NA,Y,B,-,N,NA,NA,NA,NA,NA,NA,NA,NA,NA,N,3,0,1,2,A,-,08,22102,NA,N,A,G,A,A,-,-,C,A,0,NA,Y,NA,NA,Y,NA,-,NA,0,1,0,0,0,0,1,0,0,-,-,NA,NA,SAN DIEGO,SAN DIEGO,-117.15741989,32.74839004
6668830,2014,2014-12-15,3711,2014-10-09,0545,6223,N3,4,5,7,3711,0,0,0,NA,0,122,MISSION BAY DR,GLENDORA ST,15,N,N,A,-,N,NA,NA,NA,NA,NA,NA,NA,NA,NA,Y,4,0,2,2,A,-,03,22350,NA,M,C,C,A,A,H,-,B,A,0,NA,NA,NA,NA,Y,Y,A,01,0,0,2,0,0,0,0,0,0,-,-,NA,NA,SAN DIEGO,SAN DIEGO,-117.21506607,32.80174758
6668838,2014,2016-02-23,3711,2014-10-08,1132,7189,NA,3,5,7,3711,0,0,0,NA,0,627,UNIVERSITY AV,7TH ST,110,E,N,A,-,N,NA,NA,NA,NA,NA,NA,NA,NA,NA,Y,4,0,1,2,A,-,08,22107,NA,N,A,C,A,A,H,-,A,A,0,NA,NA,NA,NA,Y,NA,-,NA,0,0,1,0,0,0,0,0,0,-,-,NA,NA,SAN DIEGO,SAN DIEGO,-117.15801345,32.74838375
6672432,2014,2015-01-28,3711,2014-10-14,0824,6482,NA,2,5,7,3711,0,0,0,NA,0,712,SMYTHE  AV,SMYTHE  AV 1880,0,NA,N,A,-,N,NA,NA,NA,NA,NA,NA,NA,NA,NA,N,3,0,1,3,A,-,-,NA,NA,N,G,B,F,A,-,-,A,D,0,Y,NA,NA,NA,Y,NA,-,NA,0,1,0,0,1,0,0,0,0,-,-,NA,NA,SAN DIEGO,SAN DIEGO,-117.04933584,32.56339815
6673425,2014,2014-12-10,3711,2014-11-14,1609,6000,NA,5,5,7,3711,0,0,0,NA,0,313,VIEWRIDGE AV,BALBOA AV,37,N,N,A,-,N,NA,NA,NA,NA,NA,NA,NA,NA,NA,N,3,0,1,2,A,-,21,22106,NA,N,C,C,A,A,H,-,A,A,0,NA,NA,NA,NA,Y,NA,J,48,0,1,0,0,0,0,0,0,0,-,-,NA,NA,SAN DIEGO,SAN DIEGO,-117.12495405,32.82253123
6674437,2014,2014-12-17,9645,2014-10-06,0650,015494,NA,1,1,7,3711,0,1,3,NA,2,023,RT 163,RICHMOND ST,10,S,N,A,-,Y,NA,NA,163,NA,NA,NA,NA,NA,NA,Y,4,0,1,2,A,-,07,21658,A,N,C,C,A,A,H,-,A,D,0,NA,NA,Y,NA,Y,NA,A,07,0,0,1,0,0,0,0,0,1,-,-,32.7363,-117.15605,SAN DIEGO,SAN DIEGO,-117.15602186,32.73629953
6675222,2014,2014-12-09,3711,2014-10-27,1930,7184,NA,1,5,7,3711,0,0,0,NA,0,S12,GREGORY ST,WEBSTER AV,150,S,N,A,-,N,NA,NA,NA,NA,NA,NA,NA,NA,NA,N,4,0,1,2,A,-,21,22106,NA,N,G,B,E,A,E,H,C,D,0,Y,NA,NA,NA,Y,NA,-,NA,0,0,1,0,1,0,0,0,0,-,-,NA,NA,SAN DIEGO,SAN DIEGO,-117.12187826,32.70400923
6675554,2014,2014-12-18,9645,2014-10-05,1235,018118,NA,7,1,6,3702,0,1,1,NA,2,001,RT 5,INDUSTRIAL BL,200,W,N,A,-,Y,NA,NA,NA,NA,NA,NA,NA,NA,NA,Y,3,0,1,1,A,-,03,22350,NA,N,E,I,A,A,H,-,A,D,0,NA,NA,NA,NA,Y,Y,A,07,0,1,0,0,0,0,0,0,0,-,-,32.61311,-117.08989,SAN DIEGO,CHULA VISTA,-117.08991766,32.61313617
6676516,2014,2014-12-18,9680,2014-10-19,0951,17330,NA,7,1,9,3700,0,1,3,NA,2,028,RT 125,SPRING ST,30,N,N,A,-,Y,NA,NA,NA,NA,NA,NA,NA,NA,NA,Y,4,0,1,2,A,-,21,22106,NA,N,C,C,A,A,H,-,A,A,0,NA,NA,NA,NA,Y,NA,A,07,0,0,1,0,0,0,0,0,0,TO,-,32.75433,-117.01222,SAN DIEGO,UNINCORPORATED,-117.01160923,32.75352414
6678491,2014,2016-06-13,3703,2014-10-20,0556,1028,NA,1,5,3,3703,0,0,0,NA,0,002,ORANGE,LOMA AV,0,S,Y,A,-,Y,SD,11,75,-,-,18.756,I,5,S,Y,4,0,1,1,B,-,22,NA,NA,N,E,I,A,A,H,-,C,D,0,NA,NA,NA,NA,Y,NA,-,-,0,0,1,0,0,0,0,0,0,-,-,NA,NA,SAN DIEGO,CORONADO,-117.17893372,32.68361836
6679070,2014,2014-12-18,3706,2014-10-08,1435,ES0481,NA,3,5,6,3706,0,0,0,NA,0,042,N ASH ST,BEVERLY WY,7,S,N,A,-,N,NA,NA,NA,NA,NA,NA,NA,NA,NA,Y,3,0,1,2,A,-,08,22107,NA,N,A,C,A,A,H,-,A,D,0,NA,NA,NA,NA,Y,NA,A,07,0,1,0,0,0,0,0,0,0,-,-,NA,NA,SAN DIEGO,ESCONDIDO,-117.07219685,33.13815434
6679380,2014,2014-12-29,3711,2014-10-20,1445,5679,NA,1,5,7,3711,0,0,0,NA,0,241,POMERADO RD,AVENUE OF NATIONS,528,W,N,A,-,N,NA,NA,NA,NA,NA,NA,NA,NA,NA,N,4,0,1,3,A,-,03,22350,NA,N,C,C,A,A,H,-,A,D,0,NA,NA,NA,NA,Y,NA,A,01,0,0,1,0,0,0,0,0,0,-,-,NA,NA,SAN DIEGO,SAN DIEGO,-117.10425743,32.89702625
6680804,2014,2016-02-23,3711,2014-10-18,1715,7093,NA,6,5,7,3711,0,0,0,NA,0,617,LOMA LAND DR,3900 LOMA LAND RD,0,NA,Y,A,-,N,NA,NA,NA,NA,NA,NA,NA,NA,NA,N,3,0,1,2,A,-,-,NA,NA,N,H,-,A,A,H,-,A,-,0,NA,NA,NA,NA,Y,NA,-,NA,0,1,0,0,0,0,0,0,0,-,-,NA,NA,SAN DIEGO,SAN DIEGO,-117.25010365,32.71870825
6680852,2014,2014-12-16,3709,2014-10-16,1658,479,NATIO,4,5,5,3709,0,0,0,NA,0,021,EUCLD AV,EAST PLAZA BL,0,NA,Y,B,-,N,NA,NA,NA,NA,NA,NA,NA,NA,NA,Y,4,0,1,3,A,-,12,21453,A,N,A,C,A,A,H,-,A,A,0,NA,NA,Y,NA,Y,NA,C,02,0,0,1,0,0,0,0,0,1,-,-,NA,NA,SAN DIEGO,NATIONAL CITY,-117.0801101,32.67990006
6681349,2014,2014-12-11,3711,2014-10-19,1242,6774,SANDI,7,5,7,3711,0,0,0,NA,0,626,PRESIDIO DR,COSOY WY,528,N,N,A,-,N,NA,NA,NA,NA,NA,NA,NA,NA,NA,N,3,0,1,1,C,-,18,NA,NA,N,E,I,A,A,G,-,A,D,0,NA,Y,NA,NA,Y,NA,-,-,0,1,0,0,0,0,1,0,0,-,-,NA,NA,SAN DIEGO,SAN DIEGO,-117.194065,32.75871996
6682572,2014,2014-12-22,9645,2014-10-07,1820,17473,NA,2,2,7,3711,0,1,1,NA,2,003,RT 5,PARK BL,50,N,N,B,-,Y,NA,NA,5,NA,NA,NA,NA,NA,NA,Y,4,0,1,2,A,-,07,21658,A,N,B,C,A,A,H,-,A,D,0,NA,NA,Y,NA,Y,NA,A,07,0,0,1,0,0,0,0,0,1,-,-,32.7241,-117.15259,SAN DIEGO,SAN DIEGO,-117.15258911,32.72422154
6682580,2014,2014-12-22,9645,2014-10-09,0635,18149,NA,4,1,7,3711,0,1,1,NA,2,005,RT 5,GILMAN DR,465,S,N,A,-,Y,NA,NA,5,NA,NA,NA,NA,NA,NA,Y,3,0,4,3,A,-,03,22350,NA,N,-,C,A,A,H,-,A,D,0,NA,NA,NA,NA,Y,NA,A,07,0,1,3,0,0,0,0,0,0,-,-,32.84718,-117.23635,SAN DIEGO,SAN DIEGO,-117.23612706,32.84713725
6687078,2014,2016-06-18,9680,2014-10-21,2040,017621,NA,2,2,9,3700,0,3,5,NA,2,002,RT 54,FURY LN,63,E,N,A,-,Y,SD,11,54,-,T,11.55,H,-,W,Y,4,0,1,2,A,-,01,23152,E,N,C,C,A,A,H,-,C,A,0,NA,NA,NA,NA,Y,NA,A,01,0,0,1,0,0,0,0,0,0,-,-,32.74321,-116.93403,SAN DIEGO,UNINCORPORATED,-116.93403284,32.74320098
6687088,2014,2014-12-24,9680,2014-10-21,1930,17621,NA,2,2,9,3700,0,3,5,NA,2,002,SPRING ST,CAMPO RD,20,N,N,A,-,N,NA,NA,NA,NA,NA,NA,NA,NA,NA,N,4,0,1,2,A,-,03,22350,NA,N,C,C,A,A,H,-,C,A,0,NA,NA,NA,NA,Y,NA,A,01,0,0,1,0,0,0,0,0,0,-,-,32.75259,-117.01057,SAN DIEGO,UNINCORPORATED,-117.01043363,32.75247051
6688972,2014,2014-12-23,3711,2014-10-21,1200,5202,NA,2,5,7,3711,0,0,0,NA,0,523,6TH AV,G ST,0,NA,Y,A,-,N,NA,NA,NA,NA,NA,NA,NA,NA,NA,N,4,0,1,2,A,-,03,22350,NA,N,C,C,A,A,H,-,A,A,0,NA,NA,NA,NA,Y,NA,A,01,0,0,1,0,0,0,0,0,0,-,-,NA,NA,SAN DIEGO,SAN DIEGO,-117.15923006,32.71257009
6689192,2014,2014-12-22,3705,2014-10-01,1248,EC5258,NA,3,5,5,3705,0,0,0,NA,0,010,MAIN ST,SULZFELD,58,E,N,A,-,N,NA,NA,NA,NA,NA,NA,NA,NA,NA,N,4,0,2,4,A,-,03,22350,NA,N,C,C,A,A,H,-,A,A,0,NA,NA,NA,NA,Y,NA,A,01,0,0,2,0,0,0,0,0,0,-,-,NA,NA,SAN DIEGO,EL CAJON,-116.9599548,32.7949431
6689195,2014,2014-12-22,3711,2014-10-23,0800,6043,NA,4,5,7,3711,0,0,0,NA,0,234,WEST BERNARDO DR,POBLADO RD,15,S,N,A,-,N,NA,NA,NA,NA,NA,NA,NA,NA,NA,N,4,0,1,3,A,-,10,21950,A,N,G,B,B,A,H,-,A,A,0,Y,NA,NA,NA,Y,NA,A,01,0,0,1,0,1,0,0,0,0,-,-,NA,NA,SAN DIEGO,SAN DIEGO,-117.08242405,33.02632922
6691746,2014,2014-11-20,3711,2014-09-19,1800,5622,NA,5,5,7,3711,0,0,0,NA,0,315,QUALCOMM WY,RIO SAN DIEGO DR,217,S,N,A,-,N,NA,NA,NA,NA,NA,NA,NA,NA,NA,Y,3,0,1,2,A,-,04,21703,NA,N,-,C,A,A,H,-,B,A,0,NA,NA,NA,NA,Y,NA,-,NA,0,1,0,0,0,0,0,0,0,-,-,NA,NA,SAN DIEGO,SAN DIEGO,-117.14110058,32.77509574
6692961,2014,2014-11-06,3708,2014-08-25,1425,1210,400,1,5,5,3708,0,0,0,NA,0,003,70TH ST,ALVARADO RD,0,NA,Y,A,-,N,NA,NA,NA,NA,NA,NA,NA,NA,NA,N,4,0,2,2,A,-,03,22350,NA,N,C,C,A,A,H,-,A,A,0,NA,NA,NA,NA,Y,NA,A,01,0,0,2,0,0,0,0,0,0,-,-,NA,NA,SAN DIEGO,LA MESA,-117.04660009,32.77326002
6692977,2014,2014-11-06,3708,2014-08-22,2115,1243,200,5,5,5,3708,0,0,0,NA,0,004,JACKSON DR,PARKWAY DR,0,NA,Y,A,-,N,NA,NA,NA,NA,NA,NA,NA,NA,NA,N,3,0,1,2,A,-,12,21453,A,N,D,G,A,A,H,-,C,A,0,NA,Y,NA,NA,Y,NA,L,04,0,1,0,0,0,0,1,0,0,-,-,NA,NA,SAN DIEGO,LA MESA,-117.0184201,32.778400070000004
6694165,2014,2014-12-30,9645,2014-10-28,0620,14804,NA,2,1,7,3711,0,1,1,NA,2,009,RT 805,IMPERIAL AV,2112,S,N,B,-,Y,NA,NA,805,NA,NA,NA,NA,NA,NA,N,4,0,1,3,A,-,04,21703,NA,N,C,C,A,A,H,-,B,D,0,NA,NA,NA,NA,Y,NA,A,01,0,0,1,0,0,0,0,0,0,-,-,32.69764,-117.09479,SAN DIEGO,SAN DIEGO,-117.09480237,32.69764018
6696982,2014,2014-12-31,3711,2014-10-22,1325,6459,NA,3,5,7,3711,0,0,0,NA,0,122,GARNET AV,MORRELL ST,0,NA,Y,A,-,N,NA,NA,NA,NA,NA,NA,NA,NA,NA,N,4,0,1,2,A,-,06,21750,NA,N,C,C,A,A,H,-,A,D,0,NA,NA,NA,NA,Y,NA,-,NA,0,0,1,0,0,0,0,0,0,-,-,32.80136,-117.23275,SAN DIEGO,SAN DIEGO,-117.23350001,32.80140006
6698964,2014,2014-11-18,3710,2014-10-24,0810,OC1211,NA,5,5,6,3710,0,0,0,NA,0,016,DOUGLAS,RAINIER,13,S,N,A,-,N,NA,NA,NA,NA,NA,NA,NA,NA,NA,Y,3,0,1,2,A,-,05,21650,1,N,D,G,A,A,H,-,A,A,0,NA,Y,NA,NA,Y,NA,L,04,0,1,0,0,0,0,1,0,0,-,-,NA,NA,SAN DIEGO,OCEANSIDE,-117.32260888,33.24169439
6699209,2014,2014-11-19,9645,2014-10-30,0905,012460,NA,4,1,7,3711,0,1,1,NA,2,019,RT 15,DUENDA RD,1000,N,N,A,-,Y,NA,NA,15,NA,NA,NA,NA,NA,NA,Y,4,0,1,1,A,-,08,22107,NA,N,F,A,A,A,H,-,A,D,0,NA,NA,NA,NA,Y,NA,A,01,0,0,1,0,0,0,0,0,0,-,-,33.0418,-117.0739,SAN DIEGO,SAN DIEGO,-117.0739987,33.04184215
6699250,2014,2014-11-19,9645,2014-10-28,0900,012460,NA,2,1,7,3711,0,1,1,NA,2,017,RT 15,RANCHO PENASQUITOS BL,1320,S,N,A,-,Y,NA,NA,15,NA,NA,NA,NA,NA,NA,N,4,0,1,2,A,-,03,22350,NA,N,C,C,A,A,H,-,A,D,0,NA,NA,NA,NA,Y,NA,A,01,0,0,1,0,0,0,0,0,0,-,-,32.94406,-117.1088,SAN DIEGO,SAN DIEGO,-117.10876054,32.94403765
6699390,2014,2014-11-18,3705,2014-09-22,2100,EC0352,NA,1,5,5,3705,0,0,0,NA,0,010,BROADWAY,GRAVES,10,E,N,A,-,N,NA,NA,NA,NA,NA,NA,NA,NA,NA,N,3,0,1,2,A,-,11,21954,A,N,A,B,E,A,H,-,C,A,0,Y,NA,Y,NA,Y,NA,N,60,0,1,0,0,1,0,0,0,0,-,-,NA,NA,SAN DIEGO,EL CAJON,-116.96035758,32.80777943
6699407,2014,2014-11-18,9680,2014-10-24,2123,019998,NA,5,2,9,3700,0,2,4,NA,1,013,WILDCAT CANYON RD,OLD BARONA RD,12672,N,N,A,-,N,NA,NA,NA,NA,NA,NA,NA,NA,NA,N,4,0,2,1,A,-,08,22107,NA,N,E,I,A,A,H,-,C,A,0,NA,NA,NA,NA,Y,NA,A,01,0,0,2,0,0,0,0,0,0,-,-,32.94119,-116.85756,SAN DIEGO,UNINCORPORATED,-116.87616056,32.92346078
6699442,2014,2016-05-16,9680,2014-09-27,1755,019822,NA,6,2,5,3708,0,1,3,NA,2,028,RT 125,MARIPOSA ST,366,N,N,A,-,Y,SD,11,125,-,-,14.18,H,-,N,Y,4,0,2,2,A,-,07,21658,A,F,E,I,A,A,H,-,A,D,1,NA,NA,NA,NA,Y,Y,A,01,0,0,2,0,0,0,0,0,0,-,-,32.76007,-117.00346,SAN DIEGO,LA MESA,-117.00365984,32.76002859
6699444,2014,2015-03-27,3710,2014-09-27,1318,OC0873,NA,6,5,6,3710,0,0,0,NA,0,016,DOUGLAS DR,MISSION AV,100,S,N,A,-,N,NA,NA,NA,NA,NA,NA,NA,NA,NA,N,4,0,1,2,A,-,04,21703,NA,N,C,C,A,A,H,-,A,D,0,NA,NA,NA,NA,Y,NA,A,01,0,0,1,0,0,0,0,0,0,-,-,NA,NA,SAN DIEGO,OCEANSIDE,-117.32605,33.22754602
6700750,2014,2015-01-08,9650,2014-11-06,1708,016490,NA,4,2,9,3700,0,3,5,NA,1,160,CAMINO DEL REY,OLD RIVER RD,50,E,N,A,-,N,NA,NA,NA,NA,NA,NA,NA,NA,NA,N,4,0,2,2,A,-,03,22350,NA,N,C,C,A,A,H,-,C,D,0,NA,NA,NA,NA,Y,NA,E,22,0,0,2,0,0,0,0,0,0,-,-,33.28783,-117.2206,SAN DIEGO,UNINCORPORATED,-117.22110054,33.28758586
6700835,2014,2014-12-08,3706,2014-10-26,2335,ES0322,NA,7,5,6,3706,0,0,0,NA,0,046,WASHINGTON AV,FIELDBROOK WY,0,NA,Y,A,-,N,NA,NA,NA,NA,NA,NA,NA,NA,NA,Y,2,0,2,1,A,-,03,22350,NA,F,E,I,A,A,H,-,C,D,0,NA,NA,NA,NA,Y,NA,A,07,1,1,0,0,0,0,0,0,0,-,-,NA,NA,SAN DIEGO,ESCONDIDO,-117.04393011,33.15098007
6700845,2014,2014-12-02,3710,2014-10-31,0630,OC1403,NA,5,5,6,3710,0,0,0,NA,0,014,RT 76,BENET RD,0,NA,Y,A,-,Y,NA,NA,NA,NA,NA,NA,NA,NA,NA,N,4,0,1,2,A,-,03,22350,NA,M,C,C,A,A,H,-,C,A,0,NA,NA,NA,NA,Y,Y,A,08,0,0,1,0,0,0,0,0,0,-,-,NA,NA,SAN DIEGO,OCEANSIDE,-117.35728006,33.21482012
6701073,2014,2015-01-28,3711,2014-11-10,1914,6045,NA,1,5,7,3711,0,0,0,NA,0,115,COSTA VERDE BL,NOBEL DR,350,N,N,B,-,N,NA,NA,NA,NA,NA,NA,NA,NA,NA,Y,3,0,2,2,A,-,08,22107,NA,N,D,C,A,A,H,-,C,D,0,NA,NA,NA,NA,Y,NA,-,NA,0,1,1,0,0,0,0,0,0,-,-,NA,NA,SAN DIEGO,SAN DIEGO,-117.21664355,32.86755584
6701094,2014,2016-02-23,3711,2014-11-12,0012,7135,NORTH,3,5,7,3711,0,0,0,NA,0,114,DUBOIS DR,DUBOIS DR 5052,0,NA,N,A,-,N,NA,NA,NA,NA,NA,NA,NA,NA,NA,NA,4,0,1,2,A,-,02,22400,A,M,G,B,E,A,H,-,D,D,0,Y,NA,NA,NA,Y,NA,N,60,0,0,1,0,1,0,0,0,0,-,-,NA,NA,SAN DIEGO,SAN DIEGO,-117.19894946,32.83720799
6701097,2014,2015-01-08,3711,2014-11-10,1600,4654,NA,1,5,7,3711,0,0,0,NA,0,327,MONTEZUMA RD,ART ST,255,E,N,A,-,N,NA,NA,NA,NA,NA,NA,NA,NA,NA,N,3,0,1,2,A,-,09,21801,A,N,-,G,A,A,H,-,A,D,0,NA,Y,NA,NA,Y,NA,-,NA,0,1,0,0,0,0,1,0,0,-,-,NA,NA,SAN DIEGO,SAN DIEGO,-117.06248178,32.77011468
6701117,2014,2015-01-08,3711,2014-11-05,0325,6018,NA,3,5,7,3711,0,0,0,NA,0,621,LINDA VISTA RD,GENESEE AV,0,NA,Y,A,-,N,NA,NA,NA,NA,NA,NA,NA,NA,NA,Y,4,0,1,2,A,-,12,21453,A,M,D,C,A,A,H,-,C,A,0,NA,NA,NA,NA,Y,NA,-,NA,0,0,1,0,0,0,0,0,0,-,-,NA,NA,SAN DIEGO,SAN DIEGO,-117.16598012,32.79156005
6701364,2014,2014-12-04,3710,2014-10-30,1653,OC1263,NA,4,5,6,3710,0,0,0,NA,0,031,CANNON RD,LAKE BL,0,NA,Y,A,-,N,NA,NA,NA,NA,NA,NA,NA,NA,NA,Y,4,0,2,2,A,-,12,21453,A,N,D,C,A,A,G,-,A,A,0,NA,NA,NA,NA,Y,NA,A,01,0,0,2,0,0,0,0,0,0,-,-,NA,NA,SAN DIEGO,OCEANSIDE,-117.25504008,33.17101005
6701639,2014,2016-02-23,3706,2014-10-31,0140,ES0443,NA,5,5,6,3706,0,0,0,NA,0,043,MORNING VIEW DR,W EL NORTE PKWY,1056,S,N,B,-,N,NA,NA,NA,NA,NA,NA,NA,NA,NA,Y,3,0,1,2,A,-,03,22350,NA,F,C,E,A,A,H,-,C,D,0,NA,NA,NA,NA,Y,Y,A,01,0,1,0,0,0,0,0,0,0,-,-,NA,NA,SAN DIEGO,ESCONDIDO,-117.09744817,33.14067269