CASE_ID,ACCIDENT_YEAR,PROC_DATE,JURIS,COLLISION_DATE,COLLISION_TIME,OFFICER_ID,REPORTING_DISTRICT,DAY_OF_WEEK,CHP_SHIFT,POPULATION,CNTY_CITY_LOC,SPECIAL_COND,BEAT_TYPE,CHP_BEAT_TYPE,CITY_DIVISION_LAPD,CHP_BEAT_CLASS,BEAT_NUMBER,PRIMARY_RD,SECONDARY_RD,DISTANCE,DIRECTION,INTERSECTION,WEATHER_1,WEATHER_2,STATE_HWY_IND,CALTRANS_COUNTY,CALTRANS_DISTRICT,STATE_ROUTE,ROUTE_SUFFIX,POSTMILE_PREFIX,POSTMILE,LOCATION_TYPE,RAMP_INTERSECTION,SIDE_OF_HWY,TOW_AWAY,COLLISION_SEVERITY,NUMBER_KILLED,NUMBER_INJURED,PARTY_COUNT,PRIMARY_COLL_FACTOR,PCF_CODE_OF_VIOL,PCF_VIOL_CATEGORY,PCF_VIOLATION,PCF_VIOL_SUBSECTION,HIT_AND_RUN,TYPE_OF_COLLISION,MVIW,PED_ACTION,ROAD_SURFACE,ROAD_COND_1,ROAD_COND_2,LIGHTING,CONTROL_DEVICE,CHP_ROAD_TYPE,PEDESTRIAN_ACCIDENT,BICYCLE_ACCIDENT,MOTORCYCLE_ACCIDENT,TRUCK_ACCIDENT,NOT_PRIVATE_PROPERTY,ALCOHOL_INVOLVED,STWD_VEHTYPE_AT_FAULT,CHP_VEHTYPE_AT_FAULT,COUNT_SEVERE_INJ,COUNT_VISIBLE_INJ,COUNT_COMPLAINT_PAIN,COUNT_PED_KILLED,COUNT_PED_INJURED,COUNT_BICYCLIST_KILLED,COUNT_BICYCLIST_INJURED,COUNT_MC_KILLED,COUNT_MC_INJURED,PRIMARY_RAMP,SECONDARY_RAMP,LATITUDE,LONGITUDE,COUNTY,CITY,POINT_X,POINT_Y
6911949,2015,2016-12-13,9650,2015-04-27,1250,015503,NA,1,1,9,3700,0,1,1,NA,2,022,RT 15,RT 395,1495,N,N,A,-,Y,SD,11,15,-,R,50.85,H,-,S,Y,3,0,1,1,C,-,18,NA,NA,N,E,I,A,A,H,-,A,D,1,NA,NA,Y,NA,Y,NA,-,-,0,1,0,0,0,0,0,0,1,-,-,33.39115,-117.17463,SAN DIEGO,UNINCORPORATED,-117.17449696,33.39118455
6914931,2015,2016-11-17,9645,2015-05-04,1930,017297,NA,1,2,7,3711,0,1,1,NA,2,003,RT 5,OLD TOWN AV,1056,S,N,A,-,Y,SD,11,5,-,R,18.83,H,-,S,Y,4,0,2,2,A,-,03,22350,NA,N,C,C,A,A,H,-,D,D,1,NA,NA,NA,NA,Y,NA,A,01,0,0,2,0,0,0,0,0,0,-,-,NA,NA,SAN DIEGO,SAN DIEGO,-117.19042896,32.74610338
6916232,2015,2017-01-05,3711,2015-04-29,1525,5804,3711,3,5,7,3711,0,0,0,NA,0,NA,KEARNY VILLA RD,RT 15,0,NA,Y,A,-,Y,SD,11,163,-,R,10.882,R,4,N,Y,3,0,2,2,A,-,09,21453,C,N,-,C,A,A,H,-,A,A,0,NA,NA,NA,NA,Y,NA,-,NA,0,1,1,0,0,0,0,0,0,-,NO,NA,NA,SAN DIEGO,SAN DIEGO,-117.11841474,32.85505813
6917937,2015,2015-05-27,3705,2015-04-01,0750,EC0295,NA,3,5,5,3705,0,0,0,NA,0,008,W WASHINGTON,MAGNOLIA,182,W,N,A,-,N,NA,NA,NA,NA,NA,NA,NA,NA,NA,N,4,0,3,2,A,-,09,21801,A,N,D,C,A,A,H,-,A,A,0,NA,NA,NA,NA,Y,NA,A,07,0,0,3,0,0,0,0,0,0,-,-,NA,NA,SAN DIEGO,EL CAJON,-116.96289009,32.78766
6917985,2015,2015-05-20,3710,2015-04-13,2000,OC1391,NA,1,5,6,3710,0,0,0,NA,0,019,SLEEPING INDIAN RD,LA PALOMA LN,1056,N,N,A,-,N,NA,NA,NA,NA,NA,NA,NA,NA,NA,Y,4,0,1,2,A,-,03,22350,NA,N,D,C,A,A,H,-,D,D,0,NA,NA,NA,NA,Y,NA,A,01,0,0,1,0,0,0,0,0,0,-,-,NA,NA,SAN DIEGO,OCEANSIDE,-117.26926028,33.27658923
6918091,2015,2016-12-19,9650,2015-04-14,1055,15758,NA,2,1,9,3700,0,1,3,NA,2,065,RT 76,MONSERATE HILL RD,642,E,N,A,-,Y,SD,11,76,-,-,15.66,H,-,E,Y,1,1,4,3,A,-,01,23153,A,N,A,C,A,A,H,-,A,D,0,NA,NA,NA,Y,Y,NA,A,01,2,1,1,0,0,0,0,0,0,-,-,33.31562,-117.17929,SAN DIEGO,UNINCORPORATED,-117.17928938,33.31562201
6918146,2015,2015-06-11,9650,2015-05-02,1955,17028,NA,6,2,9,3700,0,3,5,NA,1,212,COLE GRADE RD,W OAK GLEN RD,0,NA,Y,A,-,N,NA,NA,NA,NA,NA,NA,NA,NA,NA,Y,2,0,2,2,A,-,12,21453,A,N,D,C,A,A,H,-,C,A,0,NA,NA,NA,NA,Y,Y,-,-,1,0,1,0,0,0,0,0,0,-,-,33.28211,-117.02241,SAN DIEGO,UNINCORPORATED,-117.02354006,33.28198004
6918410,2015,2016-12-10,9650,2015-05-10,0617,15302,NA,7,1,6,3710,0,1,3,NA,2,015,RT 78,COLLEGE BL,1584,E,N,A,-,Y,SD,11,78,-,-,3.64,H,-,W,Y,4,0,1,1,A,-,08,22107,NA,N,E,I,A,A,H,-,B,D,1,NA,NA,NA,NA,Y,NA,A,01,0,0,1,0,0,0,0,0,0,-,-,33.11014,-117.17335,SAN DIEGO,OCEANSIDE,-117.29119884,33.18354718
6918574,2015,2016-11-10,9645,2015-04-29,2135,17139,NA,3,2,7,3711,0,1,1,NA,2,005,RT 5,CLAIREMONT DR,4224,N,N,A,-,Y,SD,11,5,-,R,22.69,H,-,S,Y,2,0,1,2,A,-,03,22350,NA,N,C,C,A,A,C,-,C,D,1,NA,NA,Y,NA,Y,NA,C,02,1,0,0,0,0,0,0,0,1,-,-,32.78994,-117.20658,SAN DIEGO,SAN DIEGO,-117.20952365,32.79655049
6918825,2015,2015-06-03,3710,2015-04-30,1716,OC1397,NA,4,5,6,3710,0,0,0,NA,0,012,OCEANSIDE BL,EL CAMINO REAL,240,W,N,A,-,N,NA,NA,NA,NA,NA,NA,NA,NA,NA,N,4,0,1,2,A,-,08,22107,NA,N,B,C,A,A,A,-,A,A,0,NA,NA,NA,NA,Y,NA,D,23,0,0,1,0,0,0,0,0,0,-,-,NA,NA,SAN DIEGO,OCEANSIDE,-117.33320181,33.20179995
6920662,2015,2016-12-20,9680,2015-05-08,0949,015061,NA,5,1,5,3708,0,1,3,NA,2,028,RT 125,LEMON AV,30,N,N,B,C,Y,SD,11,125,-,-,14.77,H,-,S,Y,4,0,1,2,A,-,03,22350,NA,N,C,C,A,B,H,-,A,D,1,NA,NA,NA,NA,Y,NA,A,01,0,0,1,0,0,0,0,0,0,-,-,32.76848,-117.00212,SAN DIEGO,LA MESA,-117.00234655,32.76842904
6921019,2015,2015-05-27,3705,2015-04-22,2133,EC0163,NA,3,5,5,3705,0,0,0,NA,0,006,MAIN,JOHNSON,0,NA,Y,A,-,N,NA,NA,NA,NA,NA,NA,NA,NA,NA,Y,3,0,3,2,A,-,01,23153,A,N,D,C,A,A,H,-,C,A,0,NA,NA,NA,NA,Y,Y,D,22,0,2,1,0,0,0,0,0,0,-,-,NA,NA,SAN DIEGO,EL CAJON,-116.97104001,32.79497008
6921565,2015,2016-06-15,3701,2015-05-01,0902,5474,43,5,5,5,3701,0,0,0,NA,0,003,EL CAMINO REAL,KELLY DR,865,S,N,A,-,N,NA,NA,NA,NA,NA,NA,NA,NA,NA,Y,3,0,2,2,A,-,05,21650,NA,N,A,C,A,A,D,-,A,D,0,NA,NA,NA,NA,Y,NA,A,07,0,1,1,0,0,0,0,0,0,-,-,33.1514,-117.3076,SAN DIEGO,CARLSBAD,-117.30755811,33.15148828
6921663,2015,2015-05-21,3700,2015-04-08,1448,SH2784,NA,3,5,5,3782,0,0,0,NA,0,206,GARDEN VIEW RD,MONTEREY PL,222,E,N,A,-,N,NA,NA,NA,NA,NA,NA,NA,NA,NA,Y,3,0,2,2,A,-,09,21804,A,N,D,C,A,A,H,-,A,D,0,NA,NA,NA,NA,Y,NA,A,01,0,1,1,0,0,0,0,0,0,-,-,NA,NA,SAN DIEGO,ENCINITAS,-117.26481922,33.05902006
6922351,2015,2016-11-05,9645,2015-05-05,0728,16548,NA,2,1,7,3711,0,1,1,NA,2,030,RT 15,DUENDA RD,2640,N,N,A,-,Y,SD,11,15,S,-,24.89,H,-,S,N,4,0,2,2,A,-,03,22350,NA,N,C,C,A,A,H,-,A,D,1,NA,NA,NA,NA,Y,NA,A,01,0,0,2,0,0,0,0,0,0,-,-,33.03796,-117.07592,SAN DIEGO,SAN DIEGO,-117.07507182,33.03980539
6923535,2015,2017-01-12,9645,2015-09-09,0805,16061,NA,3,1,7,3711,0,1,1,NA,2,003,RT 5,IMPERIAL AV,528,N,N,A,-,Y,SD,11,5,-,R,14.64,H,-,N,Y,2,0,1,3,A,-,07,21658,A,N,B,C,A,A,H,-,A,D,1,NA,NA,Y,NA,Y,NA,A,01,1,0,0,0,0,0,0,0,1,-,-,NA,NA,SAN DIEGO,SAN DIEGO,-117.14752709,32.70797043
6924744,2015,2015-07-01,3702,2015-05-04,1805,CV1106,NA,1,5,6,3702,0,0,0,NA,0,011,WOODLAWN AV,BAY FRONT STATION RD,0,NA,Y,B,-,N,NA,NA,NA,NA,NA,NA,NA,NA,NA,N,3,0,1,2,A,-,05,21202,A,N,H,G,A,A,H,-,A,D,0,NA,Y,NA,NA,Y,NA,L,04,0,1,0,0,0,0,1,0,0,-,-,NA,NA,SAN DIEGO,CHULA VISTA,-117.09683006,32.63840002
6924919,2015,2015-06-05,3702,2015-04-14,1800,CV1086,NA,2,5,6,3702,0,0,0,NA,0,024,BROADWAY,PALOMAR,678,S,N,A,-,N,NA,NA,NA,NA,NA,NA,NA,NA,NA,Y,4,0,1,4,A,-,21,22106,NA,N,B,C,A,A,H,-,A,D,0,NA,NA,NA,NA,Y,NA,A,01,0,0,1,0,0,0,0,0,0,-,-,NA,NA,SAN DIEGO,CHULA VISTA,-117.07806539,32.60165847
6924948,2015,2015-06-05,3700,2015-04-25,2215,SH2076,NA,6,5,4,3780,0,0,0,NA,0,411,ESPOLA RD,POWAY RD,234,N,N,C,-,N,NA,NA,NA,NA,NA,NA,NA,NA,NA,Y,2,0,1,2,D,-,00,NA,NA,F,B,C,A,B,H,-,D,D,0,NA,NA,NA,NA,Y,NA,-,-,1,0,0,0,0,0,0,0,0,-,-,NA,NA,SAN DIEGO,POWAY,-117.01621921,32.97036789
6924952,2015,2015-06-05,3702,2015-04-30,0800,CV0506,NA,4,5,6,3702,0,0,0,NA,0,032,DUNCAN RANCH RD,N COMPASS,438,S,N,A,-,N,NA,NA,NA,NA,NA,NA,NA,NA,NA,Y,3,0,4,2,A,-,08,21460,5,N,A,C,A,A,H,-,A,D,0,NA,NA,NA,NA,Y,NA,A,01,0,1,3,0,0,0,0,0,0,-,-,NA,NA,SAN DIEGO,CHULA VISTA,-116.95019328,32.65910651
6925584,2015,2015-06-09,9650,2015-05-01,1747,017328,NA,5,2,9,3700,0,3,5,NA,2,006,S MAIN AV,E COLLEGE ST,15,S,N,A,-,N,NA,NA,NA,NA,NA,NA,NA,NA,NA,Y,4,0,2,3,A,-,03,22350,NA,N,C,C,A,A,H,-,A,D,0,NA,NA,NA,NA,Y,NA,A,01,0,0,2,0,0,0,0,0,0,-,-,33.37907,-117.25137,SAN DIEGO,UNINCORPORATED,-117.25138744,33.37905896
6925595,2015,2015-06-09,3711,2015-05-10,0251,7198,NA,7,5,7,3711,0,0,0,NA,0,524,10TH AV,A ST,0,NA,Y,A,-,N,NA,NA,NA,NA,NA,NA,NA,NA,NA,Y,3,0,1,2,A,-,12,21453,A,N,D,C,A,A,H,-,C,A,0,NA,NA,NA,NA,Y,NA,-,NA,0,1,0,0,0,0,0,0,0,-,-,NA,NA,SAN DIEGO,SAN DIEGO,-117.15562006,32.71886007
6925963,2015,2015-06-03,3711,2015-05-09,0040,5051,NA,6,5,7,3711,0,0,0,NA,0,813,32ND ST,THORN ST,193,S,N,B,-,N,NA,NA,NA,NA,NA,NA,NA,NA,NA,N,4,0,1,3,A,-,08,22107,NA,N,B,E,A,A,H,-,D,D,0,NA,NA,NA,NA,Y,NA,A,01,0,0,1,0,0,0,0,0,0,-,-,NA,NA,SAN DIEGO,SAN DIEGO,-117.12503289,32.73873133
6925967,2015,2015-06-03,3711,2015-05-08,1549,7291,NA,5,5,7,3711,0,0,0,NA,0,451,54TH ST,WESTOVER PL,10,N,N,B,-,N,NA,NA,NA,NA,NA,NA,NA,NA,NA,Y,3,0,2,2,A,-,09,21453,C,N,A,C,A,B,H,-,A,A,0,NA,NA,NA,NA,Y,NA,A,01,0,1,1,0,0,0,0,0,0,-,-,NA,NA,SAN DIEGO,SAN DIEGO,-117.08399031,32.72485176
6928928,2015,2015-06-19,3711,2015-05-09,0333,5051,NA,6,5,7,3711,0,0,0,NA,0,123,WEST MISSION BAY DR,QUIVIRA RD,570,E,N,B,-,N,NA,NA,NA,NA,NA,NA,NA,NA,NA,Y,3,0,3,3,A,-,08,22107,NA,N,C,E,F,A,H,-,C,D,0,Y,NA,NA,NA,Y,Y,A,01,0,3,0,0,1,0,0,0,0,-,-,NA,NA,SAN DIEGO,SAN DIEGO,-117.23620912,32.76489268
6928955,2015,2015-06-17,3711,2015-05-12,0826,5804,SD,2,5,7,3711,0,0,0,NA,0,321,VANDEVER AV,RIVERDALE DR,180,E,N,A,-,N,NA,NA,NA,NA,NA,NA,NA,NA,NA,N,4,0,1,2,A,-,08,22105,NA,N,D,C,A,A,H,-,A,D,0,NA,NA,NA,NA,Y,NA,-,NA,0,0,1,0,0,0,0,0,0,-,-,NA,NA,SAN DIEGO,SAN DIEGO,-117.09904632,32.78768479
6931876,2015,2015-06-09,3702,2015-04-19,1025,CV1124,NA,7,5,6,3702,0,0,0,NA,0,024,BROADWAY AV,FAIVRE,81,S,N,A,-,N,NA,NA,NA,NA,NA,NA,NA,NA,NA,Y,2,0,1,1,A,-,03,22350,NA,N,F,I,A,A,A,D,A,D,0,NA,NA,Y,NA,Y,NA,C,03,1,0,0,0,0,0,0,0,1,-,-,NA,NA,SAN DIEGO,CHULA VISTA,-117.07407488,32.59273676
6931900,2015,2015-06-09,3702,2015-04-17,1945,CV1114,NA,5,5,6,3702,0,0,0,NA,0,041,OLYMPIC PKWY,SANTA VENETIA,640,W,N,A,-,N,NA,NA,NA,NA,NA,NA,NA,NA,NA,Y,4,0,1,2,A,-,01,23140,A,N,B,C,A,A,H,-,C,A,0,NA,NA,NA,NA,Y,Y,A,01,0,0,1,0,0,0,0,0,0,-,-,NA,NA,SAN DIEGO,CHULA VISTA,-116.99154411,32.62204105
6932608,2015,2015-05-29,3711,2015-04-27,2152,7131,NA,1,5,7,3711,0,0,0,NA,0,116,CLAIREMONT DR,CALLE NEIL,237,S,N,A,-,N,NA,NA,NA,NA,NA,NA,NA,NA,NA,Y,3,0,2,5,A,-,03,22350,NA,N,B,C,A,A,H,-,C,D,0,NA,NA,NA,NA,Y,Y,A,01,0,2,0,0,0,0,0,0,0,-,-,NA,NA,SAN DIEGO,SAN DIEGO,-117.19484164,32.79922955
6933772,2015,2016-12-29,9645,2015-05-10,1541,19257,NA,7,2,7,3711,0,1,3,NA,2,006,RT 805,RT 94,528,S,N,A,-,Y,SD,11,805,-,-,13.1,R,2,S,Y,4,0,1,1,A,-,08,22107,NA,N,E,I,A,A,H,-,A,D,1,NA,NA,NA,NA,Y,NA,A,01,0,0,1,0,0,0,0,0,0,FR,-,32.71426,-117.1031,SAN DIEGO,SAN DIEGO,-117.10205789,32.71304676
6933937,2015,2015-06-15,3710,2015-05-04,1750,OC1325,NA,1,5,6,3710,0,0,0,NA,0,009,THE STRAND,WISCONSIN ST,48,S,N,A,-,N,NA,NA,NA,NA,NA,NA,NA,NA,NA,N,3,0,1,1,D,-,00,NA,NA,N,E,I,A,A,H,-,A,D,0,NA,Y,NA,NA,Y,NA,-,-,0,1,0,0,0,0,1,0,0,-,-,NA,NA,SAN DIEGO,OCEANSIDE,-117.37716,33.18597
6934044,2015,2016-06-07,9650,2015-04-29,0930,13696,NA,3,1,9,3700,0,3,5,NA,2,211,RT 395,CAMINO DEL REY,684,S,N,A,-,N,NA,NA,NA,NA,NA,NA,NA,NA,NA,Y,3,0,3,1,A,-,08,22107,NA,N,E,I,A,A,H,-,A,D,0,NA,NA,NA,NA,Y,NA,A,01,0,2,1,0,0,0,0,0,0,-,-,33.26544,-117.15699,SAN DIEGO,UNINCORPORATED,-117.15687304,33.26475705
6934252,2015,2015-06-17,3711,2015-05-18,1750,7248,SANDI,1,5,7,3711,0,0,0,NA,0,625,TAYLOR ST,PRESIDIO,20,S,N,A,-,N,NA,NA,NA,NA,NA,NA,NA,NA,NA,N,3,0,1,2,A,-,06,21750,A,N,-,C,A,A,H,-,A,D,0,NA,NA,Y,NA,Y,NA,C,02,0,1,0,0,0,0,0,0,1,-,-,NA,NA,SAN DIEGO,SAN DIEGO,-117.19665747,32.75908528
6934255,2015,2016-06-06,3711,2015-05-18,1700,7248,SANDI,1,5,7,3711,0,0,0,NA,0,611,ROSECRANS,ROSECRANS 3300,20,W,N,A,-,N,NA,NA,NA,NA,NA,NA,NA,NA,NA,N,4,0,1,2,A,-,17,22109,NA,N,C,C,A,A,H,-,A,D,0,NA,NA,Y,NA,Y,NA,C,02,0,0,1,0,0,0,0,0,1,-,-,NA,NA,SAN DIEGO,SAN DIEGO,NA,NA
6936710,2015,2016-12-10,9650,2015-05-15,0545,13958,NA,5,3,6,3710,0,1,3,NA,2,015,RT 78,VISTA WY,50,S,N,B,C,Y,SD,11,5,-,R,51.061,R,2,S,N,4,0,1,1,A,-,03,22350,NA,N,E,I,A,B,H,-,A,D,1,NA,NA,NA,NA,Y,NA,A,01,0,0,1,0,0,0,0,0,0,TO,-,33.1766,-117.35261,SAN DIEGO,OCEANSIDE,-117.35012033,33.17524798
6938173,2015,2017-01-11,3711,2015-09-20,1229,5812,NA,7,5,7,3711,0,0,0,NA,0,114,GENESEE AV,GENESEE AV 5300,73,S,N,A,-,Y,SD,11,52,-,-,2.656,R,4,E,Y,4,0,2,2,A,-,08,22107,NA,N,C,C,A,A,H,-,A,A,0,NA,NA,NA,NA,Y,NA,A,01,0,0,2,0,0,0,0,0,0,-,NO,NA,NA,SAN DIEGO,SAN DIEGO,-117.19685644,32.84562598
6938191,2015,2015-10-01,3711,2015-09-17,1649,5046,NA,4,5,7,3711,0,0,0,NA,0,525,W F ST,FRONT ST,0,NA,Y,A,-,N,NA,NA,NA,NA,NA,NA,NA,NA,NA,Y,4,0,2,2,A,-,09,21802,A,N,D,C,A,A,H,-,A,A,0,NA,NA,NA,NA,Y,NA,A,01,0,0,2,0,0,0,0,0,0,-,-,NA,NA,SAN DIEGO,SAN DIEGO,-117.16469003,32.71356001
6938550,2015,2016-12-28,9645,2015-05-15,2054,19035,NA,5,2,7,3711,0,1,1,NA,2,015,RT 805,MIRA MESA BL,400,N,N,A,-,Y,SD,11,805,-,-,27.18,H,-,S,Y,4,0,1,3,A,-,03,22350,NA,N,C,C,A,A,H,-,C,D,1,NA,NA,NA,NA,Y,NA,A,01,0,0,1,0,0,0,0,0,0,-,-,32.90236,-117.22166,SAN DIEGO,SAN DIEGO,-117.20763686,32.89135383
6940814,2015,2016-12-20,9645,2015-06-16,1850,018950,NA,2,2,6,3702,0,1,1,NA,2,009,RT 805,RT 54,1150,S,N,A,-,Y,SD,11,805,-,-,8.61,H,-,N,Y,3,0,3,2,A,-,07,21658,A,N,B,C,A,A,H,-,A,D,1,NA,NA,NA,NA,Y,NA,A,01,0,1,2,0,0,0,0,0,0,-,-,32.65708,-117.07323,SAN DIEGO,CHULA VISTA,-117.07179351,32.65555859
6940897,2015,2015-07-17,3711,2015-06-27,1629,7086,NA,6,5,7,3711,0,0,0,NA,0,813,UNIVERSITY AV,OREGON ST,0,NA,Y,B,-,N,NA,NA,NA,NA,NA,NA,NA,NA,NA,N,3,0,1,2,A,-,12,22450,A,N,H,G,A,A,H,-,A,D,0,NA,Y,NA,NA,Y,NA,L,04,0,1,0,0,0,0,1,0,0,-,-,NA,NA,SAN DIEGO,SAN DIEGO,-117.13511004,32.74846007
6941354,2015,2015-06-25,3711,2015-05-20,1450,7152,SANDI,3,5,7,3711,0,0,0,NA,0,124,LA JOLLA VILLAGE DR,VILLA LA JOLLA DR,15,W,N,A,-,N,NA,NA,NA,NA,NA,NA,NA,NA,NA,Y,4,0,1,3,A,-,12,21453,A,N,A,C,A,A,H,-,A,A,0,NA,NA,NA,NA,Y,NA,-,NA,0,0,1,0,0,0,0,0,0,-,-,NA,NA,SAN DIEGO,SAN DIEGO,-117.23394836,32.87178484
6941373,2015,2015-07-01,3711,2015-05-20,2315,4576,NA,3,5,7,3711,0,0,0,NA,0,822,EL CAJON BL,54TH ST,0,NA,Y,B,-,N,NA,NA,NA,NA,NA,NA,NA,NA,NA,Y,3,0,2,2,A,-,12,21453,A,N,D,C,A,A,H,-,C,A,0,NA,NA,NA,NA,Y,Y,A,01,0,1,1,0,0,0,0,0,0,-,-,NA,NA,SAN DIEGO,SAN DIEGO,-117.07935006,32.75784008
6942684,2015,2015-06-10,3705,2015-03-07,1710,EC0304,NA,6,5,5,3705,0,0,0,NA,0,007,BROADWAY,CHERRYWOOD WY,308,W,N,A,-,N,NA,NA,NA,NA,NA,NA,NA,NA,NA,Y,4,0,2,2,A,-,09,21801,A,N,A,C,A,A,H,-,A,D,0,NA,NA,NA,NA,Y,NA,A,01,0,0,2,0,0,0,0,0,0,-,-,NA,NA,SAN DIEGO,EL CAJON,-116.95473866,32.80769
6943730,2015,2016-12-12,9645,2015-05-25,0829,012733,9645,1,1,7,3711,0,1,3,NA,2,023,RT 163,RT 163 NB TO RT 8 EB TRANSITION RD,16,N,N,C,-,Y,SD,11,163,-,-,3.643,R,2,N,Y,3,0,1,1,A,-,03,22350,NA,N,F,I,A,B,H,-,A,D,1,NA,NA,NA,NA,Y,NA,D,22,0,1,0,0,0,0,0,0,0,-,-,32.76224,-117.16229,SAN DIEGO,SAN DIEGO,-117.16332246,32.76199257
6946028,2015,2015-07-02,3700,2015-05-11,0952,SH0169,NA,1,5,5,3712,0,0,0,NA,0,349,SOUTH RANCHO SANTA FE RD,BOULDERIDGE DR,2,N,N,A,-,N,NA,NA,NA,NA,NA,NA,NA,NA,NA,N,4,0,1,2,A,-,03,22350,NA,N,C,C,A,A,H,-,A,A,0,NA,NA,NA,NA,Y,NA,A,01,0,0,1,0,0,0,0,0,0,-,-,NA,NA,SAN DIEGO,SAN MARCOS,-117.22548968,33.10951547
6947040,2015,2016-12-01,9645,2015-05-19,0850,14909,NA,2,1,7,3711,0,1,1,NA,2,010,RT 8,PRESIDIO PARK,100,E,N,A,-,Y,SD,11,8,-,R,0.92,H,-,W,Y,4,0,1,2,A,-,03,22350,NA,N,C,C,A,A,H,-,A,D,1,NA,NA,NA,Y,Y,NA,A,01,0,0,1,0,0,0,0,0,0,-,-,32.7601,-117.1888,SAN DIEGO,SAN DIEGO,-117.18873146,32.7599238
6949702,2015,2016-11-19,3700,2015-05-27,1303,SH2950,NA,3,5,5,3712,0,0,0,NA,0,355,GRAND AV,VIA VERA CRUZ,0,NA,Y,A,-,Y,SD,11,78,-,-,11.145,R,4,E,Y,4,0,1,2,A,-,12,21453,A,N,D,C,A,A,H,-,A,A,0,NA,NA,NA,NA,Y,NA,A,01,0,0,1,0,0,0,0,0,0,-,-,NA,NA,SAN DIEGO,SAN MARCOS,-117.19181154,33.14445171
6950128,2015,2015-06-23,3711,2015-05-29,1458,7176,NA,5,5,7,3711,0,0,0,NA,0,526,1ST ST,CEDAR ST,304,N,N,A,-,N,NA,NA,NA,NA,NA,NA,NA,NA,NA,Y,4,0,2,2,A,-,07,21658,A,N,B,C,A,A,H,-,A,D,0,NA,NA,NA,NA,Y,NA,-,NA,0,0,2,0,0,0,0,0,0,-,-,NA,NA,SAN DIEGO,SAN DIEGO,-117.16388355,32.72284218
6951503,2015,2016-12-28,9645,2015-05-21,1147,012733,9645,4,1,7,3711,0,1,1,NA,2,015,RT 805,CLAIREMONT MESA BL,2400,N,N,B,-,Y,SD,11,805,-,-,23.01,H,-,S,Y,4,0,1,4,A,-,07,21658,A,F,B,C,A,A,H,-,A,-,1,NA,NA,NA,NA,Y,NA,-,99,0,0,1,0,0,0,0,0,0,-,-,32.84018,-117.17364,SAN DIEGO,SAN DIEGO,-117.17325391,32.83920678
6953144,2015,2015-06-16,3711,2015-05-21,1423,6931,SD,4,5,7,3711,0,0,0,NA,0,531,FLORIDA DR,BOB WILSON DR,291,N,N,B,-,N,NA,NA,NA,NA,NA,NA,NA,NA,NA,Y,3,0,1,1,A,-,08,22107,NA,N,E,I,A,A,H,-,A,D,0,NA,NA,NA,NA,Y,NA,-,NA,0,1,0,0,0,0,0,0,0,-,-,NA,NA,SAN DIEGO,SAN DIEGO,-117.14278121,32.72751652
6953152,2015,2015-06-16,3711,2015-05-21,0710,4274,NA,4,5,7,3711,0,0,0,NA,0,313,CLAIREMONT MESA BL,KEARNY MESA RD,0,NA,Y,B,-,N,NA,NA,NA,NA,NA,NA,NA,NA,NA,Y,3,0,1,2,A,-,09,21453,C,N,-,C,A,A,H,-,A,A,0,NA,NA,NA,NA,Y,NA,-,NA,0,1,0,0,0,0,0,0,0,-,-,NA,NA,SAN DIEGO,SAN DIEGO,-117.14353004,32.83292001
6955705,2015,2016-06-15,9645,2015-05-23,1141,018936,NA,6,1,7,3711,0,3,5,NA,2,111,RT 5,USA INTERNATIONAL BORDER,4,N,N,A,-,N,NA,NA,NA,NA,NA,NA,NA,NA,NA,N,4,0,1,2,A,-,21,22106,NA,N,G,B,E,A,H,-,A,D,0,Y,NA,NA,NA,Y,Y,A,01,0,0,1,0,1,0,0,0,0,-,-,32.54238,-117.0296,SAN DIEGO,SAN DIEGO,-117.02941686,32.54256093
6957488,2015,2016-11-19,9680,2015-05-28,0815,16139,NA,4,1,9,3700,0,1,3,NA,1,024,RT 94,JAMACHA BL,368,E,N,A,-,Y,SD,11,94,-,-,14.46,H,-,W,N,4,0,1,2,A,-,03,22350,NA,N,C,C,A,A,H,-,A,A,0,NA,NA,NA,NA,Y,NA,A,07,0,0,1,0,0,0,0,0,0,-,-,32.73957,-116.9501,SAN DIEGO,UNINCORPORATED,-116.94930951,32.73929001
6960237,2015,2015-07-14,3711,2015-06-04,1408,4274,NA,4,5,7,3711,0,0,0,NA,0,313,RUFFIN RD,CALLE FORTUNADA,350,S,N,A,-,N,NA,NA,NA,NA,NA,NA,NA,NA,NA,Y,4,0,1,2,A,-,-,NA,NA,N,D,C,A,A,H,-,A,D,0,NA,NA,NA,NA,Y,NA,-,NA,0,0,1,0,0,0,0,0,0,-,-,NA,NA,SAN DIEGO,SAN DIEGO,-117.12100579,32.81352609
6960239,2015,2015-07-09,3711,2015-06-06,0729,4298,NA,6,5,7,3711,0,0,0,NA,0,321,FRIARS RD,RANCHO MISSION RD,0,NA,Y,A,-,N,NA,NA,NA,NA,NA,NA,NA,NA,NA,Y,3,0,2,2,A,-,12,21453,A,N,D,C,A,A,H,-,A,A,0,NA,NA,NA,NA,Y,NA,-,NA,0,1,1,0,0,0,0,0,0,-,-,NA,NA,SAN DIEGO,SAN DIEGO,-117.10877,32.78939004
6960436,2015,2016-06-06,3711,2015-05-31,2300,6487,SD,7,5,7,3711,0,0,0,NA,0,835,HOME AV,RT 805,0,NA,Y,F,-,N,NA,NA,NA,NA,NA,NA,NA,NA,NA,Y,4,0,1,2,A,-,12,21453,A,M,B,C,A,-,H,-,C,A,0,NA,NA,NA,NA,Y,Y,-,NA,0,0,1,0,0,0,0,0,0,-,-,NA,NA,SAN DIEGO,SAN DIEGO,-117.10339013,32.72560011
6960492,2015,2015-06-26,3706,2015-05-19,2053,ES0466,NA,2,5,6,3706,0,0,0,NA,0,042,MISSION AV,FIG ST,0,NA,Y,A,-,N,NA,NA,NA,NA,NA,NA,NA,NA,NA,Y,4,0,3,2,A,-,17,21451,A,N,A,C,A,A,H,-,C,A,0,NA,NA,NA,NA,Y,NA,A,01,0,0,3,0,0,0,0,0,0,-,-,NA,NA,SAN DIEGO,ESCONDIDO,-117.07726005,33.13288004