CASE_ID,ACCIDENT_YEAR,PROC_DATE,JURIS,COLLISION_DATE,COLLISION_TIME,OFFICER_ID,REPORTING_DISTRICT,DAY_OF_WEEK,CHP_SHIFT,POPULATION,CNTY_CITY_LOC,SPECIAL_COND,BEAT_TYPE,CHP_BEAT_TYPE,CITY_DIVISION_LAPD,CHP_BEAT_CLASS,BEAT_NUMBER,PRIMARY_RD,SECONDARY_RD,DISTANCE,DIRECTION,INTERSECTION,WEATHER_1,WEATHER_2,STATE_HWY_IND,CALTRANS_COUNTY,CALTRANS_DISTRICT,STATE_ROUTE,ROUTE_SUFFIX,POSTMILE_PREFIX,POSTMILE,LOCATION_TYPE,RAMP_INTERSECTION,SIDE_OF_HWY,TOW_AWAY,COLLISION_SEVERITY,NUMBER_KILLED,NUMBER_INJURED,PARTY_COUNT,PRIMARY_COLL_FACTOR,PCF_CODE_OF_VIOL,PCF_VIOL_CATEGORY,PCF_VIOLATION,PCF_VIOL_SUBSECTION,HIT_AND_RUN,TYPE_OF_COLLISION,MVIW,PED_ACTION,ROAD_SURFACE,ROAD_COND_1,ROAD_COND_2,LIGHTING,CONTROL_DEVICE,CHP_ROAD_TYPE,PEDESTRIAN_ACCIDENT,BICYCLE_ACCIDENT,MOTORCYCLE_ACCIDENT,TRUCK_ACCIDENT,NOT_PRIVATE_PROPERTY,ALCOHOL_INVOLVED,STWD_VEHTYPE_AT_FAULT,CHP_VEHTYPE_AT_FAULT,COUNT_SEVERE_INJ,COUNT_VISIBLE_INJ,COUNT_COMPLAINT_PAIN,COUNT_PED_KILLED,COUNT_PED_INJURED,COUNT_BICYCLIST_KILLED,COUNT_BICYCLIST_INJURED,COUNT_MC_KILLED,COUNT_MC_INJURED,PRIMARY_RAMP,SECONDARY_RAMP,LATITUDE,LONGITUDE,COUNTY,CITY,POINT_X,POINT_Y
8008112,2016,2017-02-14,3711,2016-03-26,1440,4617,NA,6,5,7,3711,0,0,0,NA,0,235,RT 78,BANDY CANYON RD,15312,E,N,A,-,Y,SD,11,78,-,R,30.22,H,-,W,Y,4,0,1,1,A,-,03,22350,NA,N,E,I,A,A,H,-,A,D,0,NA,NA,Y,NA,Y,NA,C,02,0,0,1,0,0,0,0,0,1,-,-,NA,NA,SAN DIEGO,SAN DIEGO,-116.91492344,33.08539207
8011022,2016,2016-04-07,3710,2016-03-23,0840,OC1274,NA,3,5,6,3710,0,0,0,NA,0,027,RANCHO DEL ORO,SEA CLIFF WY,0,NA,Y,A,-,N,NA,NA,NA,NA,NA,NA,NA,NA,NA,Y,3,0,2,2,A,-,09,21802,A,N,D,C,A,A,H,-,A,A,0,NA,NA,NA,NA,Y,NA,A,01,0,1,1,0,0,0,0,0,0,-,-,NA,NA,SAN DIEGO,OCEANSIDE,-117.30910007,33.19995001
8011244,2016,2016-04-11,3711,2016-03-24,0530,6512,NA,4,5,7,3711,0,0,0,NA,0,234,DUENDA RD,ALACRAN CT,85,S,N,A,-,N,NA,NA,NA,NA,NA,NA,NA,NA,NA,Y,3,0,1,1,A,-,08,22107,NA,N,A,I,A,A,H,-,C,D,0,NA,NA,NA,NA,Y,NA,-,NA,0,1,0,0,0,0,0,0,0,-,-,NA,NA,SAN DIEGO,SAN DIEGO,-117.08533006,33.03794922
8011383,2016,2016-04-08,3711,2016-03-28,0710,6468,3711,1,5,7,3711,0,0,0,NA,0,615,ROSECRANS ST,EMERSON ST,0,NA,Y,A,-,N,NA,NA,NA,NA,NA,NA,NA,NA,NA,Y,3,0,2,2,A,-,09,21801,A,N,D,C,A,A,H,-,A,D,0,NA,NA,NA,NA,Y,NA,A,07,0,1,1,0,0,0,0,0,0,-,-,NA,NA,SAN DIEGO,SAN DIEGO,-117.22942005,32.72438
8011436,2016,2016-04-08,3711,2016-03-28,1730,7306,NA,1,5,7,3711,0,0,0,NA,0,234,RANCHO BERNARDO RD,RANCHO BERNARDO RD 10875,225,E,N,A,-,N,NA,NA,NA,NA,NA,NA,NA,NA,NA,N,4,0,1,2,A,-,03,22350,NA,M,C,C,A,A,H,-,A,A,0,NA,NA,NA,NA,Y,NA,A,01,0,0,1,0,0,0,0,0,0,-,-,NA,NA,SAN DIEGO,SAN DIEGO,NA,NA
8014667,2016,2016-05-02,3711,2016-04-06,1409,4897,NA,3,5,7,3711,0,0,0,NA,0,313,RUFFIN RD,AERO DR,596,N,N,A,-,N,NA,NA,NA,NA,NA,NA,NA,NA,NA,N,4,0,2,3,A,-,03,22350,NA,N,C,C,A,A,H,-,A,D,0,NA,NA,NA,NA,Y,NA,J,48,0,0,2,0,0,0,0,0,0,-,-,NA,NA,SAN DIEGO,SAN DIEGO,-117.12974,32.80988
8014873,2016,2016-04-06,3711,2016-03-23,1209,7318,SD,3,5,7,3711,0,0,0,NA,0,624,PARK BL,EL CAJON BL,0,NA,Y,A,-,N,NA,NA,NA,NA,NA,NA,NA,NA,NA,Y,3,0,1,2,A,-,08,22100,B,N,A,C,A,A,H,-,A,A,0,NA,NA,NA,NA,Y,NA,-,NA,0,1,0,0,0,0,0,0,0,-,-,NA,NA,SAN DIEGO,SAN DIEGO,-117.14630006,32.75532002
8016326,2016,2016-04-15,3711,2016-04-02,1700,8192,NA,6,5,7,3711,0,0,0,NA,0,825,EL CAJON BL,42ND ST,0,NA,Y,A,-,N,NA,NA,NA,NA,NA,NA,NA,NA,NA,N,3,0,1,2,A,-,08,22107,NA,M,D,G,A,A,G,-,A,A,0,NA,Y,NA,NA,Y,NA,-,99,0,1,0,0,0,0,1,0,0,-,-,NA,NA,SAN DIEGO,SAN DIEGO,-117.10504003,32.75521006
8016350,2016,2016-04-15,3711,2016-04-02,2245,7203,SANDI,6,5,7,3711,0,0,0,NA,0,433,AKINS AV,65TH ST,0,NA,Y,A,-,N,NA,NA,NA,NA,NA,NA,NA,NA,NA,N,4,0,1,2,A,-,00,21402,A,N,D,C,A,A,H,-,C,A,0,NA,NA,NA,NA,Y,NA,A,01,0,0,1,0,0,0,0,0,0,-,-,NA,NA,SAN DIEGO,SAN DIEGO,-117.05806007,32.71089005
8016355,2016,2016-04-13,3700,2016-03-19,0925,SH2619,NA,6,5,5,3712,0,0,0,NA,0,355,DESCANSO AV,LAS FLORES,136,E,N,A,-,N,NA,NA,NA,NA,NA,NA,NA,NA,NA,N,3,0,1,2,A,-,08,22107,NA,N,G,B,F,A,H,-,A,D,0,Y,NA,NA,NA,Y,NA,A,01,0,1,0,0,1,0,0,0,0,-,-,NA,NA,SAN DIEGO,SAN MARCOS,-117.20274557,33.15033857
8016361,2016,2016-08-29,3711,2016-04-04,1752,7335,SD,1,5,7,3711,0,0,0,NA,0,313,BALBOA AV,CONVOY ST,0,NA,Y,A,-,N,NA,NA,NA,NA,NA,NA,NA,NA,NA,Y,4,0,2,2,A,-,09,21801,NA,N,D,C,A,A,H,-,A,A,0,NA,NA,NA,NA,Y,NA,A,01,0,0,2,0,0,0,0,0,0,-,-,NA,NA,SAN DIEGO,SAN DIEGO,-117.15509012,32.821750109999996
8017374,2016,2016-04-19,3711,2016-04-07,1723,5114,NA,4,5,7,3711,0,0,0,NA,0,242,WESTVIEW PKWY,GALVIN AV,280,S,N,A,-,N,NA,NA,NA,NA,NA,NA,NA,NA,NA,N,4,0,1,2,A,-,08,22107,NA,N,B,C,A,A,H,-,A,D,0,NA,NA,NA,NA,Y,NA,-,NA,0,0,1,0,0,0,0,0,0,-,-,NA,NA,SAN DIEGO,SAN DIEGO,-117.12035282,32.91942049
8017398,2016,2016-04-19,3711,2016-04-04,1215,5734,SANDI,1,5,7,3711,0,0,0,NA,0,243,MIRAMAR RD,CAMINO RUIZ,300,W,N,A,-,N,NA,NA,NA,NA,NA,NA,NA,NA,NA,Y,4,0,2,2,A,-,09,21804,A,N,D,C,A,A,H,-,A,D,0,NA,NA,NA,NA,Y,NA,A,07,0,0,2,0,0,0,0,0,0,-,-,NA,NA,SAN DIEGO,SAN DIEGO,-117.13470143,32.89366976
8017844,2016,2016-04-28,3702,2016-03-12,1454,CV1091,NA,6,5,6,3702,0,0,0,NA,0,031,TELEGRAPH CANYON RD,CREST DR,263,W,N,A,-,N,NA,NA,NA,NA,NA,NA,NA,NA,NA,Y,4,0,1,3,A,-,04,21703,NA,N,C,C,A,A,H,-,A,A,0,NA,NA,NA,NA,Y,NA,A,01,0,0,1,0,0,0,0,0,0,-,-,NA,NA,SAN DIEGO,CHULA VISTA,-117.03753752,32.6280875
8017855,2016,2016-04-22,3702,2016-03-12,1917,CV0847,NA,6,5,6,3702,0,0,0,NA,0,014,HILLTOP DR,L ST,12,N,N,A,-,N,NA,NA,NA,NA,NA,NA,NA,NA,NA,N,4,0,1,2,A,-,12,21453,A,N,D,C,A,A,H,-,C,A,0,NA,NA,NA,NA,Y,NA,A,01,0,0,1,0,0,0,0,0,0,-,-,NA,NA,SAN DIEGO,CHULA VISTA,-117.05957205,32.62407125
8017995,2016,2016-04-22,3702,2016-03-29,0329,CV1120,NA,2,5,6,3702,0,0,0,NA,0,011,GUNPOWDER POINT DR,BAY BL,100,W,N,A,-,N,NA,NA,NA,NA,NA,NA,NA,NA,NA,Y,4,0,1,1,A,-,01,23152,A,N,E,I,A,A,H,-,C,D,0,NA,NA,NA,NA,Y,Y,A,01,0,0,1,0,0,0,0,0,0,-,-,NA,NA,SAN DIEGO,CHULA VISTA,-117.10176741,32.63896411
8018378,2016,2017-02-13,3710,2016-04-15,2230,OC1422,NA,5,5,6,3710,0,0,0,NA,0,022,RT 76,NORTH SANTA FE AV,77,W,N,A,-,Y,SD,11,76,-,R,6.71,H,-,E,N,4,0,1,3,A,-,03,22350,NA,N,C,C,A,A,H,-,C,D,0,NA,NA,NA,NA,Y,NA,A,01,0,0,1,0,0,0,0,0,0,-,-,NA,NA,SAN DIEGO,OCEANSIDE,-117.28168815,33.24584535
8020782,2016,2016-04-14,3710,2016-03-31,1631,OC0652,NA,4,5,6,3710,0,0,0,NA,0,030,GALBAR ST,CHASIN ST,78,E,N,A,-,N,NA,NA,NA,NA,NA,NA,NA,NA,NA,Y,4,0,1,2,A,-,01,23152,E,N,A,E,A,A,H,-,A,D,0,NA,NA,NA,NA,Y,NA,A,01,0,0,1,0,0,0,0,0,0,-,-,NA,NA,SAN DIEGO,OCEANSIDE,-117.28730583,33.19790789
8021374,2016,2016-04-19,3709,2016-04-01,1730,479,NATIO,5,5,5,3709,0,0,0,NA,0,021,EAST PLAZA BL,EUCLID AV,528,E,N,A,-,N,NA,NA,NA,NA,NA,NA,NA,NA,NA,N,3,0,1,2,A,-,09,21804,A,N,F,A,A,A,H,-,A,D,0,NA,NA,Y,NA,Y,NA,A,08,0,1,0,0,0,0,0,0,1,-,-,NA,NA,SAN DIEGO,NATIONAL CITY,-117.07850594,32.68039114
8023055,2016,2016-04-22,3700,2016-02-21,0300,SH2076,NA,7,5,4,3780,0,0,0,NA,0,410,TWIN PEAKS,POMERADO RD,431,E,N,A,-,N,NA,NA,NA,NA,NA,NA,NA,NA,NA,Y,2,0,1,1,A,-,01,23152,B,N,E,I,A,A,H,-,C,D,0,NA,NA,NA,NA,Y,Y,A,01,1,0,0,0,0,0,0,0,0,-,-,NA,NA,SAN DIEGO,POWAY,-117.06092102,32.98268102
8023062,2016,2016-04-22,3702,2016-02-02,1004,CV0977,NA,2,5,6,3702,0,0,0,NA,0,031,OTAY LAKES RD,ALLEN SCHOOL RD,270,S,N,A,-,N,NA,NA,NA,NA,NA,NA,NA,NA,NA,Y,3,0,1,2,A,-,09,21804,A,N,D,C,A,A,H,-,A,D,0,NA,NA,Y,NA,Y,NA,A,07,0,1,0,0,0,0,0,0,1,-,-,NA,NA,SAN DIEGO,CHULA VISTA,-117.02922601,32.65721285
8023102,2016,2016-04-22,3702,2016-02-26,1130,CV1156,NA,5,5,6,3702,0,0,0,NA,0,023,EAST L ST,MELROSE AV,0,NA,Y,A,-,N,NA,NA,NA,NA,NA,NA,NA,NA,NA,N,4,0,1,2,A,-,09,21802,A,N,D,C,A,A,H,-,A,A,0,NA,NA,NA,NA,Y,NA,A,01,0,0,1,0,0,0,0,0,0,-,-,NA,NA,SAN DIEGO,CHULA VISTA,-117.0493801,32.62695003
8023109,2016,2016-04-22,3702,2016-02-15,1601,CV1079,NA,1,5,6,3702,0,0,0,NA,0,024,MAIN ST,NIRVANA AV,0,NA,Y,A,-,N,NA,NA,NA,NA,NA,NA,NA,NA,NA,Y,3,0,5,2,A,-,12,21453,A,N,D,C,A,A,H,-,A,A,0,NA,NA,NA,NA,Y,NA,A,01,0,4,1,0,0,0,0,0,0,-,-,NA,NA,SAN DIEGO,CHULA VISTA,-117.01760013,32.593290089999996
8023178,2016,2016-04-22,3700,2016-01-30,2054,SH1725,NA,6,5,5,3712,0,0,0,NA,0,349,SAN ELIJO RD,ELFIN FOREST,0,NA,Y,C,-,N,NA,NA,NA,NA,NA,NA,NA,NA,NA,Y,4,0,2,2,A,-,12,21453,A,N,D,C,A,B,H,-,C,A,0,NA,NA,NA,NA,Y,NA,A,01,0,0,2,0,0,0,0,0,0,-,-,NA,NA,SAN DIEGO,SAN MARCOS,-117.2006701,33.09832006
8024800,2016,2016-05-23,3711,2016-04-30,1344,6789,NA,6,5,7,3711,0,0,0,NA,0,623,FASHION VALLEY RD,RIVERWALK DR,404,S,N,A,-,N,NA,NA,NA,NA,NA,NA,NA,NA,NA,Y,4,0,1,2,A,-,09,21804,A,N,A,C,A,A,H,-,A,D,0,NA,NA,NA,NA,Y,NA,A,07,0,0,1,0,0,0,0,0,0,-,-,NA,NA,SAN DIEGO,SAN DIEGO,-117.1701075,32.76411952
8024999,2016,2016-05-17,3711,2016-05-09,1248,7321,NA,1,5,7,3711,0,0,0,NA,0,122,GARNET AV,GRESHAM ST,0,NA,Y,A,-,N,NA,NA,NA,NA,NA,NA,NA,NA,NA,N,4,0,1,2,A,-,04,21703,NA,N,C,C,A,A,H,-,A,D,0,NA,NA,NA,NA,Y,NA,-,NA,0,0,1,0,0,0,0,0,0,-,-,NA,NA,SAN DIEGO,SAN DIEGO,-117.24452004,32.79894009
8027137,2016,2016-04-29,3701,2016-04-07,1845,5484,7,4,5,5,3701,0,0,0,NA,0,099,AVENIDA ENCINAS,PORTAGE WY,14,W,N,B,C,N,NA,NA,NA,NA,NA,NA,NA,NA,NA,N,4,0,1,2,A,-,01,23152,E,F,C,C,A,B,H,-,A,D,0,NA,NA,NA,NA,Y,Y,-,-,0,0,1,0,0,0,0,0,0,-,-,33.09513,-117.30912,SAN DIEGO,CARLSBAD,-117.30899061,33.0950926
8027411,2016,2016-05-02,3706,2016-04-01,1650,489,ESCON,5,5,6,3706,0,0,0,NA,0,046,EL NORTE PKWY,E WASHINGTON AV,0,NA,Y,A,-,N,NA,NA,NA,NA,NA,NA,NA,NA,NA,Y,4,0,1,2,A,-,12,21453,A,N,D,C,A,A,H,-,A,A,0,NA,NA,NA,NA,Y,NA,A,01,0,0,1,0,0,0,0,0,0,-,-,NA,NA,SAN DIEGO,ESCONDIDO,-117.04400006,33.15043008
8028489,2016,2016-05-20,3711,2016-05-07,2225,6289,SD,6,5,7,3711,0,0,0,NA,0,122,GARNET AV,FANUEL ST,6,E,N,A,-,N,NA,NA,NA,NA,NA,NA,NA,NA,NA,N,4,0,1,2,A,-,10,21950,A,N,G,B,B,A,H,-,C,A,0,Y,NA,NA,NA,Y,Y,-,NA,0,0,1,0,1,0,0,0,0,-,-,NA,NA,SAN DIEGO,SAN DIEGO,-117.24633119,32.79853422
8032818,2016,2016-05-04,3711,2016-04-22,1719,8447,SDPD,5,5,7,3711,0,0,0,NA,0,724,HOLLISTER ST,PALM AV,51,S,N,A,-,N,NA,NA,NA,NA,NA,NA,NA,NA,NA,Y,4,0,1,2,A,-,08,22107,NA,M,D,C,A,A,H,-,A,A,0,NA,NA,NA,NA,Y,Y,-,NA,0,0,1,0,0,0,0,0,0,-,-,NA,NA,SAN DIEGO,SAN DIEGO,-117.08409215,32.58364157
8032838,2016,2016-05-04,3711,2016-04-21,1330,6394,NA,4,5,7,3711,0,0,0,NA,0,314,MESA COLLEGE DR,BERGER AV,540,E,N,A,-,N,NA,NA,NA,NA,NA,NA,NA,NA,NA,Y,3,0,1,1,A,-,03,22350,NA,N,E,I,A,A,H,-,A,A,0,NA,NA,NA,NA,Y,NA,-,NA,0,1,0,0,0,0,0,0,0,-,-,NA,NA,SAN DIEGO,SAN DIEGO,-117.15253826,32.80220646
8032946,2016,2016-05-06,3711,2016-04-22,1620,7459,NA,5,5,7,3711,0,0,0,NA,0,112,GENESEE AV,MOUNT ETNA DR,51,S,N,A,-,N,NA,NA,NA,NA,NA,NA,NA,NA,NA,Y,4,0,2,3,A,-,07,21658,A,N,B,C,A,A,H,-,A,A,0,NA,NA,NA,NA,Y,NA,A,01,0,0,2,0,0,0,0,0,0,-,-,NA,NA,SAN DIEGO,SAN DIEGO,-117.18298827,32.82123037
8033612,2016,2016-05-06,3700,2016-04-18,1456,SH0169,NA,1,5,5,3712,0,0,0,NA,0,350,WEST SAN MARCOS BL,PICO AV,310,W,N,A,-,N,NA,NA,NA,NA,NA,NA,NA,NA,NA,N,4,0,2,2,A,-,03,22350,NA,N,C,C,A,A,H,-,A,D,0,NA,NA,NA,NA,Y,NA,A,01,0,0,2,0,0,0,0,0,0,-,-,NA,NA,SAN DIEGO,SAN MARCOS,-117.166172,33.14068283
8034580,2016,2016-05-04,3711,2016-04-21,1440,4824,NA,4,5,7,3711,0,0,0,NA,0,243,MIRAMAR RD,ALESMITH CT,231,W,N,A,-,N,NA,NA,NA,NA,NA,NA,NA,NA,NA,N,3,0,1,2,A,-,03,22350,NA,N,C,C,A,A,H,-,A,A,0,NA,NA,NA,NA,Y,NA,-,NA,0,1,0,0,0,0,0,0,0,-,-,NA,NA,SAN DIEGO,SAN DIEGO,-117.14972813,32.88575166
8034654,2016,2016-05-04,3710,2016-04-14,1325,OC1211,NA,4,5,6,3710,0,0,0,NA,0,018,DOUGLAS DR,FESTIVAL DR,22,E,N,A,-,N,NA,NA,NA,NA,NA,NA,NA,NA,NA,N,3,0,1,1,A,-,07,21658,A,N,E,J,A,A,H,-,A,A,0,NA,NA,Y,NA,Y,NA,C,02,0,1,0,0,0,0,0,0,1,-,-,NA,NA,SAN DIEGO,OCEANSIDE,-117.31817743,33.25287101
8034739,2016,2016-05-13,3706,2016-05-03,2017,455,ESCON,2,5,6,3706,0,0,0,NA,0,041,BROADWAY,COUNTRY CLUB LN,161,S,N,A,-,N,NA,NA,NA,NA,NA,NA,NA,NA,NA,Y,2,0,1,1,A,-,08,22107,NA,N,E,I,A,A,H,-,C,D,0,NA,NA,Y,NA,Y,NA,C,02,1,0,0,0,0,0,0,0,1,-,-,33.161,-117.09288,SAN DIEGO,ESCONDIDO,-117.09281347,33.16055257
8035219,2016,2016-05-26,3711,2016-05-17,1545,7345,SANDI,2,5,7,3711,0,0,0,NA,0,112,BALBOA AV,MOUNT EVEREST BL,321,W,N,B,-,N,NA,NA,NA,NA,NA,NA,NA,NA,NA,N,4,0,1,3,A,-,03,22350,NA,N,C,C,A,A,H,-,A,A,0,NA,NA,NA,NA,Y,NA,-,NA,0,0,1,0,0,0,0,0,0,-,-,NA,NA,SAN DIEGO,SAN DIEGO,-117.18639431,32.81774793
8035221,2016,2016-05-27,3711,2016-05-16,1231,7423,NA,1,5,7,3711,0,0,0,NA,0,122,LA PLAYA AV,INGRAHAM ST,9,E,N,A,-,N,NA,NA,NA,NA,NA,NA,NA,NA,NA,N,3,0,1,2,A,-,12,21453,A,N,D,G,A,A,H,-,A,A,0,NA,Y,NA,NA,Y,Y,L,04,0,1,0,0,0,0,1,0,0,-,-,NA,NA,SAN DIEGO,SAN DIEGO,-117.23745186,32.78874657
8035225,2016,2016-05-26,3711,2016-05-16,0530,6186,NA,1,5,7,3711,0,0,0,NA,0,834,UNIVERSITY AV,42ND ST,0,NA,Y,A,-,N,NA,NA,NA,NA,NA,NA,NA,NA,NA,N,4,0,1,2,A,-,12,21453,A,M,D,C,A,A,H,-,C,A,0,NA,NA,NA,NA,Y,NA,-,NA,0,0,1,0,0,0,0,0,0,-,-,NA,NA,SAN DIEGO,SAN DIEGO,-117.10448001,32.74967001
8035273,2016,2016-05-27,3711,2016-05-05,1340,7150,NA,4,5,7,3711,0,0,0,NA,0,623,FASHION VALLEY RD,FRIARS RD,437,S,N,A,-,N,NA,NA,NA,NA,NA,NA,NA,NA,NA,Y,4,0,2,2,A,-,12,22450,A,N,D,C,A,A,H,-,A,D,0,NA,NA,NA,NA,Y,NA,-,NA,0,0,2,0,0,0,0,0,0,-,-,NA,NA,SAN DIEGO,SAN DIEGO,-117.1712264,32.76758523
8035283,2016,2016-05-27,3711,2016-05-14,1221,6657,SAN D,6,5,7,3711,0,0,0,NA,0,515,MARKET ST,25TH ST,42,E,N,B,-,N,NA,NA,NA,NA,NA,NA,NA,NA,NA,N,4,0,1,2,A,-,08,22107,NA,N,B,C,A,A,H,-,A,D,0,NA,NA,NA,NA,Y,NA,-,NA,0,0,1,0,0,0,0,0,0,-,-,NA,NA,SAN DIEGO,SAN DIEGO,-117.14013391,32.7116
8035854,2016,2016-04-29,3705,2016-04-14,1411,EC5258,NA,4,5,5,3705,0,0,0,NA,0,008,LESLIE RD,RENETTE AV,563,S,N,A,-,N,NA,NA,NA,NA,NA,NA,NA,NA,NA,N,3,0,1,2,A,-,11,21954,A,N,G,B,D,A,H,-,A,D,0,Y,NA,NA,NA,Y,NA,N,60,0,1,0,0,1,0,0,0,0,-,-,NA,NA,SAN DIEGO,EL CAJON,-116.96112,32.78257812
8037456,2016,2016-05-17,3711,2016-05-01,1658,6788,NA,7,5,7,3711,0,0,0,NA,0,315,CAMINO DE LA REINA,WEST FIELD PKWY,0,NA,Y,A,-,N,NA,NA,NA,NA,NA,NA,NA,NA,NA,Y,4,0,1,1,A,-,08,22107,NA,N,E,I,A,A,H,-,A,A,0,NA,NA,NA,NA,Y,NA,-,NA,0,0,1,0,0,0,0,0,0,-,-,NA,NA,SAN DIEGO,SAN DIEGO,-117.15008855,32.76990711
8037595,2016,2016-05-12,3711,2016-04-29,0650,7441,SANDI,5,5,7,3711,0,0,0,NA,0,833,UNIVERSITY AV,FAIRMONT AV,15,E,N,A,-,N,NA,NA,NA,NA,NA,NA,NA,NA,NA,N,4,0,1,2,A,-,10,21950,A,M,G,B,B,A,H,-,A,A,0,Y,NA,NA,NA,Y,NA,-,NA,0,0,1,0,1,0,0,0,0,-,-,NA,NA,SAN DIEGO,SAN DIEGO,-117.10085144,32.74960202
8038133,2016,2016-05-31,3705,2016-04-15,1629,EC0295,NA,5,5,5,3705,0,0,0,NA,0,006,WEST MAIN,MARSHALL,122,E,N,A,-,N,NA,NA,NA,NA,NA,NA,NA,NA,NA,N,4,0,3,2,A,-,09,21804,A,N,D,C,A,A,H,-,A,D,0,NA,NA,NA,NA,Y,NA,A,01,0,0,3,0,0,0,0,0,0,-,-,NA,NA,SAN DIEGO,EL CAJON,-116.97514441,32.79497
8040328,2016,2016-08-29,3700,2016-04-27,0750,SH2292,NA,3,5,5,3782,0,0,0,NA,0,214,RT 101,MARCHETA ST,0,NA,Y,A,-,N,NA,NA,NA,NA,NA,NA,NA,NA,NA,N,4,0,1,2,A,-,03,22350,NA,N,C,C,A,A,H,-,A,D,0,NA,NA,NA,NA,Y,NA,A,01,0,0,1,0,0,0,0,0,0,-,-,NA,NA,SAN DIEGO,ENCINITAS,-117.29681002,33.05440004
8040336,2016,2016-05-17,3700,2016-03-15,0722,SH1627,NA,2,5,5,3782,0,0,0,NA,0,242,SANTA FE DR,BALOUR DR,0,E,N,A,-,N,NA,NA,NA,NA,NA,NA,NA,NA,NA,Y,4,0,2,3,A,-,03,22350,NA,N,E,J,E,A,D,E,A,A,0,Y,NA,NA,NA,Y,NA,D,22,0,0,2,0,2,0,0,0,0,-,-,NA,NA,SAN DIEGO,ENCINITAS,-117.26850001,33.03625004
8040358,2016,2016-05-13,3700,2016-04-22,0041,SH2573,NA,5,5,5,3782,0,0,0,NA,0,206,ALEXANDRA LN,QUAIL GARDENS DR,0,NA,Y,A,-,N,NA,NA,NA,NA,NA,NA,NA,NA,NA,Y,3,0,1,1,A,-,01,23152,A,F,E,I,A,A,H,-,C,-,0,NA,NA,NA,NA,Y,Y,-,NA,0,1,0,0,0,0,0,0,0,-,-,NA,NA,SAN DIEGO,ENCINITAS,-117.27975,33.06324008
8040390,2016,2016-05-13,3700,2016-04-07,1722,SH7236,NA,4,5,5,3782,0,0,0,NA,0,211,NORTH VULCAN AV,E GLAUCUS ST,413,N,N,A,-,N,NA,NA,NA,NA,NA,NA,NA,NA,NA,Y,4,0,1,2,A,-,09,21804,A,N,D,C,A,A,H,-,A,D,0,NA,NA,NA,NA,Y,NA,A,01,0,0,1,0,0,0,0,0,0,-,-,NA,NA,SAN DIEGO,ENCINITAS,-117.30342561,33.06960121
8042604,2016,2016-05-17,3700,2016-04-15,0558,SH2439,NA,5,5,5,3713,0,0,0,NA,0,302,EAST VISTA WY,ARCADIA AV,401,N,N,B,-,N,NA,NA,NA,NA,NA,NA,NA,NA,NA,Y,4,0,1,2,A,-,09,21801,A,N,D,C,A,A,H,-,B,D,0,NA,NA,Y,NA,Y,NA,A,07,0,0,1,0,0,0,0,0,1,-,-,NA,NA,SAN DIEGO,VISTA,-117.22614,33.22599854
8042738,2016,2016-05-17,3709,2016-05-04,1110,336,3709,3,5,5,3709,0,0,0,NA,0,023,HIGHLAND AV,E 23RD ST,0,NA,-,A,-,N,NA,NA,NA,NA,NA,NA,NA,NA,NA,Y,3,0,1,2,A,-,08,22107,NA,F,C,E,A,A,H,-,A,D,0,NA,NA,NA,NA,Y,NA,A,01,0,1,0,0,0,0,0,0,0,-,-,NA,NA,SAN DIEGO,NATIONAL CITY,-117.09368006,32.66519001
8042793,2016,2016-05-17,3711,2016-05-03,1737,5972,NA,2,5,7,3711,0,0,0,NA,0,313,SKY PARK CT,RUFFIN RD,410,W,N,A,-,N,NA,NA,NA,NA,NA,NA,NA,NA,NA,Y,3,0,1,1,A,-,08,22107,NA,N,E,I,A,A,H,-,A,D,0,NA,NA,NA,NA,Y,NA,A,01,0,1,0,0,0,0,0,0,0,-,-,NA,NA,SAN DIEGO,SAN DIEGO,-117.1250604,32.81615986
8042993,2016,2016-05-18,3711,2016-05-10,1720,5700,NA,2,5,7,3711,0,0,0,NA,0,512,OCEANVIEW BL,SAMPSON ST,200,W,N,A,-,N,NA,NA,NA,NA,NA,NA,NA,NA,NA,N,3,0,1,1,B,-,22,NA,NA,N,H,A,A,A,H,-,A,D,0,NA,Y,NA,NA,Y,NA,L,04,0,1,0,0,0,0,1,0,0,-,-,NA,NA,SAN DIEGO,SAN DIEGO,-117.13583652,32.70246168
8043009,2016,2016-05-18,3711,2016-05-10,1542,6532,NA,2,5,7,3711,0,0,0,NA,0,611,PACIFIC HWY,SASSAFRAS ST,1320,N,N,A,-,N,NA,NA,NA,NA,NA,NA,NA,NA,NA,Y,4,0,1,1,A,-,08,22107,NA,N,F,J,A,A,D,-,A,D,0,NA,NA,NA,NA,Y,NA,-,NA,0,0,1,0,0,0,0,0,0,-,-,NA,NA,SAN DIEGO,SAN DIEGO,-117.18106354,32.73864585
8043029,2016,2016-05-23,3711,2016-05-02,0820,7410,NA,1,5,7,3711,0,0,0,NA,0,837,HOME AV,GATEWAY DR,0,NA,Y,A,-,N,NA,NA,NA,NA,NA,NA,NA,NA,NA,Y,3,0,1,3,A,-,09,21453,B,N,B,C,A,A,H,-,A,A,0,NA,NA,NA,NA,Y,NA,-,NA,0,1,0,0,0,0,0,0,0,-,-,NA,NA,SAN DIEGO,SAN DIEGO,-117.10762006,32.72325008
8043504,2016,2016-05-20,3708,2016-04-13,1744,LM1158,NA,3,5,5,3708,0,0,0,NA,0,001,UNIVERSITY AV,LA MESA BL WEST,142,E,N,A,-,N,NA,NA,NA,NA,NA,NA,NA,NA,NA,N,4,0,1,2,A,-,05,21650,1,N,D,G,A,A,H,-,A,D,0,NA,Y,NA,NA,Y,NA,L,04,0,0,1,0,0,0,1,0,0,-,-,NA,NA,SAN DIEGO,LA MESA,-117.02612742,32.76519889
8043752,2015,2016-05-23,3700,2015-12-31,2150,SH3095,NA,4,5,5,3781,0,0,0,NA,0,520,GRAVES AV,PROSPECT AV,28,N,N,A,-,N,NA,NA,NA,NA,NA,NA,NA,NA,NA,N,3,0,1,1,A,-,08,22107,NA,N,A,I,A,A,H,-,C,A,0,NA,NA,NA,NA,Y,Y,A,01,0,1,0,0,0,0,0,0,0,-,-,NA,NA,SAN DIEGO,SANTEE,-116.96060512,32.83109561