CASE_ID,ACCIDENT_YEAR,PROC_DATE,JURIS,COLLISION_DATE,COLLISION_TIME,OFFICER_ID,REPORTING_DISTRICT,DAY_OF_WEEK,CHP_SHIFT,POPULATION,CNTY_CITY_LOC,SPECIAL_COND,BEAT_TYPE,CHP_BEAT_TYPE,CITY_DIVISION_LAPD,CHP_BEAT_CLASS,BEAT_NUMBER,PRIMARY_RD,SECONDARY_RD,DISTANCE,DIRECTION,INTERSECTION,WEATHER_1,WEATHER_2,STATE_HWY_IND,CALTRANS_COUNTY,CALTRANS_DISTRICT,STATE_ROUTE,ROUTE_SUFFIX,POSTMILE_PREFIX,POSTMILE,LOCATION_TYPE,RAMP_INTERSECTION,SIDE_OF_HWY,TOW_AWAY,COLLISION_SEVERITY,NUMBER_KILLED,NUMBER_INJURED,PARTY_COUNT,PRIMARY_COLL_FACTOR,PCF_CODE_OF_VIOL,PCF_VIOL_CATEGORY,PCF_VIOLATION,PCF_VIOL_SUBSECTION,HIT_AND_RUN,TYPE_OF_COLLISION,MVIW,PED_ACTION,ROAD_SURFACE,ROAD_COND_1,ROAD_COND_2,LIGHTING,CONTROL_DEVICE,CHP_ROAD_TYPE,PEDESTRIAN_ACCIDENT,BICYCLE_ACCIDENT,MOTORCYCLE_ACCIDENT,TRUCK_ACCIDENT,NOT_PRIVATE_PROPERTY,ALCOHOL_INVOLVED,STWD_VEHTYPE_AT_FAULT,CHP_VEHTYPE_AT_FAULT,COUNT_SEVERE_INJ,COUNT_VISIBLE_INJ,COUNT_COMPLAINT_PAIN,COUNT_PED_KILLED,COUNT_PED_INJURED,COUNT_BICYCLIST_KILLED,COUNT_BICYCLIST_INJURED,COUNT_MC_KILLED,COUNT_MC_INJURED,PRIMARY_RAMP,SECONDARY_RAMP,LATITUDE,LONGITUDE,COUNTY,CITY,POINT_X,POINT_Y
8591421,2018,2018-04-26,3711,2018-03-26,0740,7314,NA,1,5,7,3711,0,0,0,NA,0,114,CLAIREMONT MESA BL,LIMERICK AV,12,W,N,A,-,N,NA,NA,NA,NA,NA,NA,NA,NA,NA,Y,4,0,1,2,A,-,09,21453,B,N,A,C,A,A,H,-,A,A,0,NA,NA,NA,NA,Y,Y,-,NA,0,0,1,0,0,0,0,0,0,-,-,NA,NA,SAN DIEGO,SAN DIEGO,-117.17879486083984,32.83439636230469
8591472,2018,2018-04-11,3711,2018-03-18,2238,8861,NA,7,5,7,3711,0,0,0,NA,0,627,UNIVERSITY AV,4TH AV,111,W,N,A,-,N,NA,NA,NA,NA,NA,NA,NA,NA,NA,Y,4,0,1,2,A,-,08,22107,NA,N,B,E,A,A,H,-,C,D,0,NA,NA,NA,NA,Y,Y,A,01,0,0,1,0,0,0,0,0,0,-,-,NA,NA,SAN DIEGO,SAN DIEGO,-117.16197967529295,32.74827194213867
8592122,2018,2018-04-19,3711,2018-03-30,2030,5672,NA,5,5,7,3711,0,0,0,NA,0,313,CONVOY ST,AERO DR,0,N,N,A,-,N,NA,NA,NA,NA,NA,NA,NA,NA,NA,Y,4,0,1,3,A,-,08,22107,NA,M,B,C,A,A,H,-,D,D,0,NA,NA,NA,NA,Y,NA,-,NA,0,0,1,0,0,0,0,0,0,-,-,NA,NA,SAN DIEGO,SAN DIEGO,-117.15350341796876,32.811180114746094
8592475,2018,2018-04-18,3711,2018-04-01,2357,7114,NA,7,5,7,3711,0,0,0,NA,0,836,MENLO AV,THORN ST,96,S,N,A,-,N,NA,NA,NA,NA,NA,NA,NA,NA,NA,N,3,0,1,2,A,-,08,22107,NA,N,C,E,A,A,H,-,E,D,0,NA,NA,Y,NA,Y,Y,C,02,0,1,0,0,0,0,0,0,1,-,-,NA,NA,SAN DIEGO,SAN DIEGO,-117.0944366455078,32.73999786376953
8592644,2018,2018-04-06,3711,2018-03-22,1420,7692,NA,4,5,7,3711,0,0,0,NA,0,446,IMPERIAL AV,47TH ST,0,NA,Y,B,-,N,NA,NA,NA,NA,NA,NA,NA,NA,NA,NA,4,0,1,2,A,-,12,21453,A,N,D,C,A,A,H,-,A,A,0,NA,NA,NA,NA,Y,NA,-,NA,0,0,1,0,0,0,0,0,0,-,-,NA,NA,SAN DIEGO,SAN DIEGO,-117.09369659423828,32.70415115356445
8593823,2018,2018-04-27,3700,2018-03-30,2120,SH0320,NA,5,5,5,3713,0,0,0,NA,0,308,OLIVE AV,CHABLIS LN,78,E,N,A,-,N,NA,NA,NA,NA,NA,NA,NA,NA,NA,Y,4,0,1,3,A,-,08,22107,NA,N,C,C,A,A,H,-,C,D,0,NA,NA,NA,NA,Y,NA,A,07,0,0,1,0,0,0,0,0,0,-,-,NA,NA,SAN DIEGO,VISTA,-117.27456665039063,33.20473861694336
8594222,2018,2018-04-19,3711,2018-03-23,1628,6753,SANDI,5,5,7,3711,0,0,0,NA,0,622,RIVERWALK DR,FASHION VALLEY RD,400,E,N,A,-,N,NA,NA,NA,NA,NA,NA,NA,NA,NA,N,4,0,1,2,A,-,11,21950,B,N,G,B,D,A,H,-,A,-,0,Y,NA,NA,NA,Y,NA,N,60,0,0,1,0,1,0,0,0,0,-,-,NA,NA,SAN DIEGO,SAN DIEGO,-117.17044067382813,32.76519012451172
8594385,2018,2018-04-20,3711,2018-04-06,1748,7402,NA,5,5,7,3711,0,0,0,NA,0,521,16TH ST,IMPERIAL,20,S,N,A,-,N,NA,NA,NA,NA,NA,NA,NA,NA,NA,Y,4,0,1,2,A,-,17,21461,A,N,-,C,A,A,H,-,A,A,0,NA,NA,NA,NA,Y,NA,-,NA,0,0,1,0,0,0,0,0,0,-,-,NA,NA,SAN DIEGO,SAN DIEGO,-117.14945220947266,32.70622634887695
8594585,2018,2018-04-20,3711,2018-03-23,1415,5342,NA,5,5,7,3711,0,0,0,NA,0,242,WESTVIEW,MIRA MESA BL,300,S,N,A,-,N,NA,NA,NA,NA,NA,NA,NA,NA,NA,N,3,0,1,2,A,-,08,22107,NA,N,G,B,D,A,H,-,A,D,0,Y,NA,NA,NA,Y,NA,-,NA,0,1,0,0,1,0,0,0,0,-,-,NA,NA,SAN DIEGO,SAN DIEGO,-117.12049102783205,32.916500091552734
8596945,2018,2018-04-18,3705,2018-03-20,1914,EC0309,NA,2,5,5,3705,0,0,0,NA,0,004,AVOCADO,CHASE AV,682,S,N,A,-,N,NA,NA,NA,NA,NA,NA,NA,NA,NA,Y,4,0,1,2,A,-,03,22350,NA,N,C,C,A,A,H,-,D,D,0,NA,NA,NA,NA,Y,NA,A,01,0,0,1,0,0,0,0,0,0,-,-,NA,NA,SAN DIEGO,EL CAJON,-116.95814514160156,32.77866744995117
8598977,2018,2018-04-20,3711,2018-03-01,2354,7536,NA,4,5,7,3711,0,0,0,NA,0,528,INDIA ST,IVY ST,0,NA,Y,A,-,N,NA,NA,NA,NA,NA,NA,NA,NA,NA,N,4,0,1,2,A,-,04,21703,NA,M,-,C,A,A,H,-,C,A,0,NA,NA,NA,NA,Y,NA,-,NA,0,0,1,0,0,0,0,0,0,-,-,NA,NA,SAN DIEGO,SAN DIEGO,-117.16983032226563,32.727378845214844
8599674,2018,2018-04-25,3711,2018-04-06,1150,5450,NA,5,5,7,3711,0,0,0,NA,0,311,GRAMERCY DR,RUFFIN RD,0,NA,Y,A,-,N,NA,NA,NA,NA,NA,NA,NA,NA,NA,N,4,0,1,2,D,-,00,NA,NA,N,A,G,A,A,H,-,A,A,0,NA,Y,NA,NA,Y,NA,-,-,0,0,1,0,0,0,1,0,0,-,-,NA,NA,SAN DIEGO,SAN DIEGO,-117.1289520263672,32.8018684387207
8601839,2018,2018-08-21,3706,2018-04-18,1235,346,ESCON,3,5,6,3706,0,0,0,NA,0,044,ASH ST,WASHINGTON AV,55,S,N,A,-,Y,SD,11,78,-,T,19.11,H,-,W,N,4,0,1,2,A,-,21,22106,NA,N,C,C,A,A,H,-,A,A,0,NA,NA,NA,NA,Y,NA,D,22,0,0,1,0,0,0,0,0,0,-,-,33.13309097290039,-117.06803894042967,SAN DIEGO,ESCONDIDO,-117.06790161132813,33.13288879394531
8602007,2018,2018-05-16,3711,2018-04-28,1000,5572,NA,6,5,7,3711,0,0,0,NA,0,324,MAST BL,EQUESTRIAN CIR,0,NA,N,A,-,N,NA,NA,NA,NA,NA,NA,NA,NA,NA,N,4,0,1,2,A,-,21,22106,NA,N,B,C,A,A,H,-,A,D,0,NA,NA,NA,NA,Y,NA,-,NA,0,0,1,0,0,0,0,0,0,-,-,32.845298767089844,-117.02799987792967,SAN DIEGO,SAN DIEGO,-117.02703989,32.84478004
8603624,2018,2018-05-09,3711,2018-04-24,1554,5762,NA,2,5,7,3711,0,0,0,NA,0,621,GENESEE AV,MARLESTA DR,0,NA,Y,A,-,N,NA,NA,NA,NA,NA,NA,NA,NA,NA,Y,4,0,4,4,A,-,04,21703,NA,N,C,C,A,A,H,-,A,A,0,NA,NA,NA,NA,Y,NA,-,NA,0,0,4,0,0,0,0,0,0,-,-,NA,NA,SAN DIEGO,SAN DIEGO,-117.17529296875,32.804931640625
8603660,2018,2018-05-16,3711,2018-04-23,2340,5651,NA,1,5,7,3711,0,0,0,NA,0,321,FRIARS RD,SANTO RD,24,E,N,A,-,N,NA,NA,NA,NA,NA,NA,NA,NA,NA,N,4,0,1,2,A,-,03,22350,NA,M,C,C,A,A,H,-,C,A,0,NA,NA,NA,NA,Y,NA,-,NA,0,0,1,0,0,0,0,0,0,-,-,NA,NA,SAN DIEGO,SAN DIEGO,-117.10504913330078,32.79033660888672
8604142,2018,2018-08-21,3711,2018-04-19,1142,8192,NA,4,5,7,3711,0,0,0,NA,0,813,RT 805,EL CAJON BL,15,S,N,A,-,Y,SD,11,805,-,-,16.298,R,3,S,Y,3,0,1,2,A,-,08,22107,NA,M,B,D,A,A,H,-,A,A,0,NA,NA,NA,NA,Y,Y,A,07,0,1,0,0,0,0,0,0,0,-,-,NA,NA,SAN DIEGO,SAN DIEGO,-117.12447357177734,32.75341033935547
8604182,2018,2018-08-09,3702,2018-03-19,1050,CV0506,NA,1,5,6,3702,0,0,0,NA,0,031,EAST H ST,RT 805,0,NA,Y,A,-,Y,SD,11,805,-,-,7,R,4,S,Y,4,0,2,2,A,-,12,21453,A,N,A,C,A,A,H,-,A,A,0,NA,NA,NA,NA,Y,NA,A,01,0,0,2,0,0,0,0,0,0,-,SO,NA,NA,SAN DIEGO,CHULA VISTA,-117.05357360839844,32.63893508911133
8604896,2018,2018-05-10,3706,2018-04-27,1150,374,ESCON,5,5,6,3706,0,0,0,NA,0,043,13TH AV,PINE ST,36,W,N,A,-,N,NA,NA,NA,NA,NA,NA,NA,NA,NA,N,3,0,1,3,A,-,21,22106,NA,N,G,B,E,A,H,-,A,D,0,Y,NA,NA,NA,Y,NA,A,01,0,1,0,0,1,0,0,0,0,-,-,33.10811996459961,-117.0793914794922,SAN DIEGO,ESCONDIDO,-117.07951354980467,33.10799026489258
8606021,2018,2018-05-11,3703,2018-04-30,0706,1247,NA,1,5,3,3703,0,0,0,NA,0,002,ALAMEDA BL,G AV,0,NA,Y,B,-,N,NA,NA,NA,NA,NA,NA,NA,NA,NA,N,3,0,1,2,A,-,08,22107,NA,N,G,B,B,A,H,-,B,A,0,Y,NA,NA,NA,Y,NA,A,01,0,1,0,0,1,0,0,0,0,-,-,NA,NA,SAN DIEGO,CORONADO,-117.18620300292967,32.686710357666016
8607362,2018,2018-05-07,3711,2018-04-25,1010,7487,SANDI,3,5,7,3711,0,0,0,NA,0,125,FIESTA ISLAND RD,FIESTA ISLAND RD 1370,0,NA,N,A,-,N,NA,NA,NA,NA,NA,NA,NA,NA,NA,N,3,0,1,1,D,-,00,NA,NA,N,H,A,A,A,H,-,A,D,0,NA,Y,NA,NA,Y,NA,-,-,0,1,0,0,0,0,1,0,0,-,-,NA,NA,SAN DIEGO,SAN DIEGO,-117.22187698,32.78030662
8608324,2018,2018-05-08,3711,2018-04-15,2221,6996,NA,7,5,7,3711,0,0,0,NA,0,444,36TH ST,K ST,65,S,N,A,-,N,NA,NA,NA,NA,NA,NA,NA,NA,NA,Y,4,0,1,2,A,-,07,21658,NA,N,A,C,A,A,H,-,D,D,0,NA,NA,NA,NA,Y,NA,-,NA,0,0,1,0,0,0,0,0,0,-,-,NA,NA,SAN DIEGO,SAN DIEGO,-117.116943359375,32.70831298828125
8608356,2018,2018-07-30,3711,2018-04-12,2306,7514,NA,4,5,7,3711,0,0,0,NA,0,723,PALM AV,RT 805,0,NA,Y,A,-,N,NA,NA,NA,NA,NA,NA,NA,NA,NA,N,4,0,1,2,A,-,03,22350,NA,M,C,C,A,A,H,-,C,A,0,NA,NA,NA,NA,Y,NA,-,NA,0,0,1,0,0,0,0,0,0,-,SO,NA,NA,SAN DIEGO,SAN DIEGO,-117.09462738037108,32.690189361572266
8610372,2018,2018-05-09,3711,2018-04-22,1053,7464,SDPD,7,5,7,3711,0,0,0,NA,0,838,POLK AV,35TH ST,75,W,N,A,-,N,NA,NA,NA,NA,NA,NA,NA,NA,NA,Y,3,0,1,2,A,-,03,22350,NA,N,D,E,A,A,H,-,A,D,0,NA,NA,NA,NA,Y,NA,A,01,0,1,0,0,0,0,0,0,0,-,-,NA,NA,SAN DIEGO,SAN DIEGO,-117.11826324462892,32.75154113769531
8610801,2018,2018-05-09,3702,2018-04-06,1400,CV1069,NA,5,5,6,3702,0,0,0,NA,0,013,BROADWAY,J ST,520,S,N,A,-,N,NA,NA,NA,NA,NA,NA,NA,NA,NA,N,4,0,1,2,A,-,03,22350,NA,N,C,C,A,A,H,-,A,D,0,NA,NA,NA,NA,Y,NA,A,01,0,0,1,0,0,0,0,0,0,-,-,NA,NA,SAN DIEGO,CHULA VISTA,-117.0862274169922,32.622676849365234
8610900,2018,2018-05-07,3702,2018-04-14,0825,CV1237,NA,6,5,6,3702,0,0,0,NA,0,024,BRANDYWINE AV,MENDOCINO DR,0,NA,Y,A,-,N,NA,NA,NA,NA,NA,NA,NA,NA,NA,N,3,0,1,2,A,-,09,21802,B,N,D,C,A,A,H,-,A,A,0,NA,NA,NA,NA,Y,NA,A,01,0,1,0,0,0,0,0,0,0,-,-,NA,NA,SAN DIEGO,CHULA VISTA,-117.02931213378906,32.60116958618164
8611126,2018,2018-05-15,3700,2018-01-16,1841,SH7554,NA,2,5,4,3707,0,0,0,NA,0,704,9TH ST,ELM AV,0,NA,Y,A,-,N,NA,NA,NA,NA,NA,NA,NA,NA,NA,N,4,0,1,2,A,-,09,21802,A,N,D,C,A,A,H,-,C,D,0,NA,NA,NA,NA,Y,NA,A,01,0,0,1,0,0,0,0,0,0,-,-,NA,NA,SAN DIEGO,IMPERIAL BEACH,-117.11431884765624,32.5806884765625
8611196,2018,2018-05-11,3711,2018-04-26,1845,3711,NA,4,5,7,3711,0,0,0,NA,0,444,F ST,QUAIL ST,15,S,N,A,-,N,NA,NA,NA,NA,NA,NA,NA,NA,NA,N,4,0,1,2,A,-,12,22450,A,N,D,C,A,A,H,-,A,A,0,NA,NA,NA,NA,Y,NA,-,NA,0,0,1,0,0,0,0,0,0,-,-,NA,NA,SAN DIEGO,SAN DIEGO,-117.10971069335938,32.71343994140625
8611200,2018,2018-05-11,3711,2018-04-27,2317,7663,NA,5,5,7,3711,0,0,0,NA,0,822,COLLEGE AV,EL CAJON BL,200,S,N,A,-,N,NA,NA,NA,NA,NA,NA,NA,NA,NA,Y,4,0,1,2,A,-,07,21658,A,N,B,C,A,A,H,-,C,A,0,NA,NA,NA,NA,Y,NA,-,NA,0,0,1,0,0,0,0,0,0,-,-,NA,NA,SAN DIEGO,SAN DIEGO,-117.06703186035156,32.76080322265625
8611211,2018,2018-05-10,3709,2018-04-27,1748,NC0492,NA,5,5,5,3709,0,0,0,NA,0,023,EAST 18TH ST,RACHAEL AV,0,NA,Y,A,-,N,NA,NA,NA,NA,NA,NA,NA,NA,NA,N,4,0,1,2,A,-,01,23153,A,N,C,C,A,A,H,-,A,B,0,NA,NA,NA,NA,Y,Y,A,01,0,0,1,0,0,0,0,0,0,-,-,NA,NA,SAN DIEGO,NATIONAL CITY,-117.07080841064452,32.676368713378906
8611833,2018,2018-04-25,3710,2018-03-10,1234,OC0754,016,6,5,6,3710,0,0,0,NA,0,008,EL CAMINIO REAL,DOUGLAS DR,162,W,N,C,-,N,NA,NA,NA,NA,NA,NA,NA,NA,NA,Y,3,0,1,1,A,-,03,22350,NA,N,E,I,A,B,H,-,A,A,0,NA,NA,NA,NA,Y,NA,A,07,0,1,0,0,0,0,0,0,0,-,-,33.23114013671875,-117.32576751708984,SAN DIEGO,OCEANSIDE,-117.32621002197266,33.23082733154297
8612643,2018,2018-05-04,3700,2018-03-29,1702,SH2558,NA,4,5,5,3712,0,0,0,NA,0,349,SOUTH RANCHO SANTA FE RD,MELROSE DR,0,NA,Y,A,-,N,NA,NA,NA,NA,NA,NA,NA,NA,NA,Y,4,0,2,3,A,-,03,22350,NA,N,C,C,A,A,H,-,A,A,0,NA,NA,NA,Y,Y,NA,A,07,0,0,2,0,0,0,0,0,0,-,-,NA,NA,SAN DIEGO,SAN MARCOS,-117.22557830810548,33.107181549072266
8612645,2018,2018-05-10,3700,2018-04-11,0958,SH2558,NA,3,5,5,3712,0,0,0,NA,0,360,CRAVEN RD,RUSH DR,0,NA,Y,A,-,N,NA,NA,NA,NA,NA,NA,NA,NA,NA,Y,3,0,1,2,A,-,12,21453,A,N,A,C,A,A,H,-,A,A,0,NA,NA,NA,NA,Y,NA,A,01,0,1,0,0,0,0,0,0,0,-,-,NA,NA,SAN DIEGO,SAN MARCOS,-117.16786956787108,33.12746047973633
8612701,2018,2018-05-09,3700,2018-04-19,0733,SH7275,NA,4,5,5,3713,0,0,0,NA,0,305,NORTH SANTA FE AV,EAST BOBIER DR,0,NA,Y,A,-,N,NA,NA,NA,NA,NA,NA,NA,NA,NA,N,3,0,1,2,A,-,17,21208,A,N,A,G,A,A,H,-,A,A,0,NA,Y,NA,NA,Y,NA,L,04,0,1,0,0,0,0,1,0,0,-,-,NA,NA,SAN DIEGO,VISTA,-117.24501800537108,33.22114944458008
8613070,2018,2018-05-11,3706,2018-04-18,1820,318,ESCON,3,5,6,3706,0,0,0,NA,0,051,FELICITA AV,CENTRE CITY PKWY,9,E,N,A,-,N,NA,NA,NA,NA,NA,NA,NA,NA,NA,N,4,0,1,2,A,-,10,21950,A,F,G,B,B,A,H,-,C,A,0,Y,NA,NA,NA,Y,NA,A,01,0,0,1,0,1,0,0,0,0,-,-,33.10337829589844,-117.07559967041016,SAN DIEGO,ESCONDIDO,-117.07564544677734,33.10335159301758
8613674,2018,2018-04-20,3711,2018-04-03,1340,5600,NA,2,5,7,3711,0,0,0,NA,0,113,KEOKUK CT,JICARILLO AV,62,W,N,A,-,N,NA,NA,NA,NA,NA,NA,NA,NA,NA,N,2,0,1,1,C,-,18,NA,NA,N,F,A,A,A,H,-,A,D,0,NA,NA,Y,NA,Y,NA,-,-,1,0,0,0,0,0,0,0,1,-,-,NA,NA,SAN DIEGO,SAN DIEGO,-117.2175064086914,32.825225830078125
8613884,2018,2018-04-26,3709,2018-04-15,0155,NC0442,NA,7,5,5,3709,0,0,0,NA,0,023,EAST 24TH ST,HIGHLAND AV,52,W,N,A,-,N,NA,NA,NA,NA,NA,NA,NA,NA,NA,Y,4,0,1,2,A,-,01,23152,A,N,H,C,A,A,H,-,C,A,0,NA,NA,NA,NA,Y,Y,A,01,0,0,1,0,0,0,0,0,0,-,-,NA,NA,SAN DIEGO,NATIONAL CITY,-117.09352111816406,32.664310455322266
8616029,2018,2018-05-18,3711,2018-05-04,0850,7033,NORTH,5,5,7,3711,0,0,0,NA,0,116,MORENA BL,BAKER ST,39,N,N,A,-,N,NA,NA,NA,NA,NA,NA,NA,NA,NA,Y,3,0,1,2,A,-,09,21801,A,N,D,C,A,A,D,-,A,D,0,NA,NA,NA,NA,Y,NA,-,NA,0,1,0,0,0,0,0,0,0,-,-,NA,NA,SAN DIEGO,SAN DIEGO,-117.21086120605467,32.800743103027344
8616049,2018,2018-05-29,3711,2018-05-06,1405,6009,EASTE,7,5,7,3711,0,0,0,NA,0,315,CAMINO DE LA REINA,MISSION CENTER RD,528,E,N,A,-,N,NA,NA,NA,NA,NA,NA,NA,NA,NA,Y,3,0,3,2,A,-,09,21804,A,N,D,C,A,A,H,-,A,D,0,NA,NA,NA,NA,Y,NA,-,NA,0,2,1,0,0,0,0,0,0,-,-,NA,NA,SAN DIEGO,SAN DIEGO,-117.15222930908205,32.76861572265625
8616144,2018,2018-05-25,3701,2018-04-11,1522,CB5434,NA,3,5,5,3701,0,0,0,NA,0,008,RANCHO SANTA FE,LA COSTA AV,258,S,N,A,-,N,NA,NA,NA,NA,NA,NA,NA,NA,NA,Y,3,0,1,3,A,-,07,21658,A,N,B,C,A,A,H,-,A,D,0,NA,NA,Y,NA,Y,NA,A,01,0,1,0,0,0,0,0,0,1,-,-,NA,NA,SAN DIEGO,CARLSBAD,-117.23748016357422,33.08102798461914
8616148,2018,2018-05-16,3701,2018-04-14,2012,CB5514,NA,6,5,5,3701,0,0,0,NA,0,005,EL CAMINIO REAL,FARADAY AV,0,NA,Y,A,-,N,NA,NA,NA,NA,NA,NA,NA,NA,NA,Y,3,0,4,2,A,-,12,21453,A,N,D,C,A,A,H,-,C,A,0,NA,NA,NA,NA,Y,NA,A,01,0,2,2,0,0,0,0,0,0,-,-,NA,NA,SAN DIEGO,CARLSBAD,-117.2733917236328,33.136558532714844
8618414,2018,2018-06-11,3711,2018-05-13,2015,6792,NA,7,5,7,3711,0,0,0,NA,0,934,VALLEY CENTRE DR,VALLEY CENTER DR 3800,0,NA,Y,A,-,N,NA,NA,NA,NA,NA,NA,NA,NA,NA,N,3,0,1,2,A,-,10,21950,A,N,G,B,B,A,H,-,C,A,0,Y,NA,NA,NA,Y,NA,-,NA,0,1,0,0,1,0,0,0,0,-,-,NA,NA,SAN DIEGO,SAN DIEGO,-117.23329425,32.93766902
8620584,2017,2018-05-25,3700,2017-11-23,1938,SH0029,NA,4,5,5,3713,0,0,0,NA,0,305,NORTH SANTA FE AV,TOWNSITE DR,0,NA,Y,A,-,N,NA,NA,NA,NA,NA,NA,NA,NA,NA,Y,3,0,1,2,A,-,12,21453,A,F,D,C,A,A,H,-,C,A,0,NA,NA,NA,NA,Y,Y,A,01,0,1,0,0,0,0,0,0,0,-,-,NA,NA,SAN DIEGO,VISTA,-117.24486004,33.21139007
8621296,2018,2018-05-24,3711,2018-05-11,0218,7119,NA,5,5,7,3711,0,0,0,NA,0,521,15TH ST,F ST,50,E,N,A,-,N,NA,NA,NA,NA,NA,NA,NA,NA,NA,Y,4,0,1,2,A,-,12,22450,A,N,D,C,A,A,H,-,C,D,0,NA,NA,NA,NA,Y,NA,-,NA,0,0,1,0,0,0,0,0,0,-,-,NA,NA,SAN DIEGO,SAN DIEGO,-117.15038299560548,32.71366882324219
8621469,2018,2018-05-29,3711,2018-05-03,1256,8192,NA,4,5,7,3711,0,0,0,NA,0,838,ORANGE AV,38TH ST,0,NA,Y,A,-,N,NA,NA,NA,NA,NA,NA,NA,NA,NA,N,4,0,1,2,A,-,09,21804,A,N,A,G,A,A,H,-,A,A,0,NA,Y,NA,NA,Y,NA,L,04,0,0,1,0,0,0,1,0,0,-,-,NA,NA,SAN DIEGO,SAN DIEGO,-117.11184692382813,32.753238677978516
8621829,2018,2018-05-29,3710,2018-03-27,1745,OC1435,011,2,5,6,3710,0,0,0,NA,0,004,MISSION AV,BARNES ST,214,E,N,A,-,N,NA,NA,NA,NA,NA,NA,NA,NA,NA,Y,4,0,1,3,A,-,03,22350,NA,N,C,C,A,A,H,-,A,A,0,NA,NA,NA,Y,Y,NA,A,01,0,0,1,0,0,0,0,0,0,-,-,33.2027702331543,-117.3671417236328,SAN DIEGO,OCEANSIDE,-117.36655426025392,33.203033447265625
8623984,2018,2018-07-31,3700,2018-05-06,1633,SH3079,NA,7,5,5,3713,0,0,0,NA,0,312,HACIENDA DR,VIA CENTRE,335,W,N,A,-,N,NA,NA,NA,NA,NA,NA,NA,NA,NA,Y,4,0,1,1,A,-,01,23152,F,N,E,I,A,A,H,-,A,D,0,NA,NA,NA,NA,Y,NA,A,01,0,0,1,0,0,0,0,0,0,-,-,NA,NA,SAN DIEGO,VISTA,-117.28592681884766,33.184452056884766
8624775,2018,2018-06-12,3711,2018-05-28,1759,6366,NA,1,5,7,3711,0,0,0,NA,0,324,BISBY LAKE,VERLANE DR,22,S,N,A,-,N,NA,NA,NA,NA,NA,NA,NA,NA,NA,N,3,0,1,1,A,-,03,22350,NA,N,F,I,A,A,H,-,A,D,0,NA,NA,Y,NA,Y,NA,C,02,0,1,0,0,0,0,0,0,1,-,-,NA,NA,SAN DIEGO,SAN DIEGO,-117.01359558105467,32.8043212890625
8625591,2018,2018-05-31,3711,2018-05-16,0600,7278,SANDI,3,5,7,3711,0,0,0,NA,0,627,5TH AV,UNIVERSITY AV,55,N,N,B,-,N,NA,NA,NA,NA,NA,NA,NA,NA,NA,Y,3,0,1,2,A,-,08,22107,NA,N,C,E,A,A,H,-,A,D,0,NA,NA,NA,NA,Y,NA,-,NA,0,1,0,0,0,0,0,0,0,-,-,NA,NA,SAN DIEGO,SAN DIEGO,-117.16043853759766,32.74842071533203
8625843,2018,2018-05-31,3709,2018-05-09,1126,NC0479,NA,3,5,5,3709,0,0,0,NA,0,021,EAST 16TH ST,SOUTH EUCLID AV,0,NA,Y,A,-,N,NA,NA,NA,NA,NA,NA,NA,NA,NA,Y,4,0,2,2,A,-,12,21453,A,N,D,C,A,A,H,-,A,A,0,NA,NA,NA,NA,Y,NA,A,08,0,0,2,0,0,0,0,0,0,-,-,NA,NA,SAN DIEGO,NATIONAL CITY,-117.07949066162108,32.675880432128906
8626068,2018,2018-06-06,3711,2018-05-18,1529,7643,NA,5,5,7,3711,0,0,0,NA,0,321,MISSION GORGE RD,ZION AV,0,NA,N,B,-,N,NA,NA,NA,NA,NA,NA,NA,NA,NA,N,4,0,1,2,A,-,12,21453,A,N,D,C,A,A,H,-,A,A,0,NA,NA,NA,NA,Y,NA,-,NA,0,0,1,0,0,0,0,0,0,-,-,32.79296112060547,-117.0974578857422,SAN DIEGO,SAN DIEGO,-117.09757995605467,32.79294967651367
8626854,2018,2018-06-08,3702,2018-05-17,0008,CV0983,NA,4,5,6,3702,0,0,0,NA,0,041,TELEGRAPH CANYON RD,MEDICAL CENTER DR,10,W,N,A,-,N,NA,NA,NA,NA,NA,NA,NA,NA,NA,Y,3,0,1,2,A,-,01,23152,A,N,D,C,A,A,H,-,C,A,0,NA,NA,NA,NA,Y,Y,A,07,0,1,0,0,0,0,0,0,0,-,-,NA,NA,SAN DIEGO,CHULA VISTA,-117.0256576538086,32.62478256225586
8627552,2018,2018-06-04,3702,2018-04-29,1514,CV1114,NA,7,5,6,3702,0,0,0,NA,0,041,EAST PALOMAR ST,HERITAGE RD,24,W,N,A,-,N,NA,NA,NA,NA,NA,NA,NA,NA,NA,N,2,0,1,1,A,-,03,22350,NA,N,H,A,A,B,H,-,A,D,0,NA,Y,NA,NA,Y,NA,L,04,1,0,0,0,0,0,1,0,0,-,-,NA,NA,SAN DIEGO,CHULA VISTA,-117.0046615600586,32.62113571166992
8627580,2018,2018-06-04,3702,2018-04-24,0005,CV1086,NA,2,5,6,3702,0,0,0,NA,0,021,PALOMAR ST,INDUSTRIAL BL,95,E,N,A,-,N,NA,NA,NA,NA,NA,NA,NA,NA,NA,N,4,0,1,2,A,-,21,22106,NA,N,C,C,A,A,H,-,C,A,0,NA,NA,NA,NA,Y,NA,A,01,0,0,1,0,0,0,0,0,0,-,-,NA,NA,SAN DIEGO,CHULA VISTA,-117.08530426025392,32.60390853881836