CASE_ID,ACCIDENT_YEAR,PROC_DATE,JURIS,COLLISION_DATE,COLLISION_TIME,OFFICER_ID,REPORTING_DISTRICT,DAY_OF_WEEK,CHP_SHIFT,POPULATION,CNTY_CITY_LOC,SPECIAL_COND,BEAT_TYPE,CHP_BEAT_TYPE,CITY_DIVISION_LAPD,CHP_BEAT_CLASS,BEAT_NUMBER,PRIMARY_RD,SECONDARY_RD,DISTANCE,DIRECTION,INTERSECTION,WEATHER_1,WEATHER_2,STATE_HWY_IND,CALTRANS_COUNTY,CALTRANS_DISTRICT,STATE_ROUTE,ROUTE_SUFFIX,POSTMILE_PREFIX,POSTMILE,LOCATION_TYPE,RAMP_INTERSECTION,SIDE_OF_HWY,TOW_AWAY,COLLISION_SEVERITY,NUMBER_KILLED,NUMBER_INJURED,PARTY_COUNT,PRIMARY_COLL_FACTOR,PCF_CODE_OF_VIOL,PCF_VIOL_CATEGORY,PCF_VIOLATION,PCF_VIOL_SUBSECTION,HIT_AND_RUN,TYPE_OF_COLLISION,MVIW,PED_ACTION,ROAD_SURFACE,ROAD_COND_1,ROAD_COND_2,LIGHTING,CONTROL_DEVICE,CHP_ROAD_TYPE,PEDESTRIAN_ACCIDENT,BICYCLE_ACCIDENT,MOTORCYCLE_ACCIDENT,TRUCK_ACCIDENT,NOT_PRIVATE_PROPERTY,ALCOHOL_INVOLVED,STWD_VEHTYPE_AT_FAULT,CHP_VEHTYPE_AT_FAULT,COUNT_SEVERE_INJ,COUNT_VISIBLE_INJ,COUNT_COMPLAINT_PAIN,COUNT_PED_KILLED,COUNT_PED_INJURED,COUNT_BICYCLIST_KILLED,COUNT_BICYCLIST_INJURED,COUNT_MC_KILLED,COUNT_MC_INJURED,PRIMARY_RAMP,SECONDARY_RAMP,LATITUDE,LONGITUDE,COUNTY,CITY,POINT_X,POINT_Y
90102007,2016,2016-01-25,9680,2016-01-22,1501,019910,NA,5,2,9,3700,0,2,4,NA,1,010,WOODSIDE AVE,WINTER GARDENS BLVD,45,E,N,A,-,N,NA,NA,NA,NA,NA,NA,NA,NA,NA,N,4,0,1,2,A,-,03,22350,NA,F,C,C,A,A,H,-,A,A,0,NA,NA,NA,NA,Y,NA,A,01,0,0,1,0,0,0,0,0,0,-,-,32.85609,-116.93084,SAN DIEGO,UNINCORPORATED,-116.93099575,32.85607905
90103389,2016,2016-01-27,9650,2016-01-18,0645,015273,NA,1,1,9,3700,0,3,5,NA,2,150,E. VISTA WAY (2900 BLOCK),GOPHER CANYON ROAD,189,N,N,A,-,N,NA,NA,NA,NA,NA,NA,NA,NA,NA,N,3,0,1,2,A,-,11,21954,A,N,G,B,D,A,H,-,A,D,0,Y,NA,NA,NA,Y,NA,N,60,0,1,0,0,1,0,0,0,0,-,-,33.24763,-117.2834,SAN DIEGO,UNINCORPORATED,-117.22827541,33.2475148
90105736,2016,2016-01-29,9680,2016-01-26,1443,016173,NA,2,2,9,3700,0,2,4,NA,1,010,PROSPECT AVE,WOODSIDE AVE,0,NA,Y,A,-,N,NA,NA,NA,NA,NA,NA,NA,NA,NA,Y,3,0,2,2,A,-,09,21802,A,N,D,C,A,A,H,-,A,A,0,NA,NA,NA,NA,Y,NA,A,01,0,1,1,0,0,0,0,0,0,-,-,32.856700000000004,-116.9264,SAN DIEGO,UNINCORPORATED,-116.92629009,32.8567101
90105771,2016,2016-01-29,9650,2016-01-27,0205,015738,NA,3,3,5,3713,0,1,3,NA,2,017,SR-78 W/B,MAR VISTA DR,528,E,N,A,-,Y,NA,NA,78,NA,NA,NA,NA,NA,W,Y,4,0,1,1,A,-,08,22107,NA,N,E,I,A,A,H,-,C,D,0,NA,NA,NA,NA,Y,NA,D,22,0,0,1,0,0,0,0,0,0,-,-,33.17958,-117.22915,SAN DIEGO,VISTA,-117.22915993,33.17957313
90106628,2016,2016-02-01,9680,2016-01-22,1415,018356,NA,5,2,9,3700,0,2,4,NA,1,021,DEHESA RD,SINGING HEIGHTS DR,20,W,N,A,-,N,NA,NA,NA,NA,NA,NA,NA,NA,NA,N,4,0,2,2,A,-,03,22350,NA,N,C,C,A,A,H,-,A,D,0,NA,NA,NA,NA,Y,NA,A,01,0,0,2,0,0,0,0,0,0,-,-,32.78771,-116.89998,SAN DIEGO,UNINCORPORATED,-116.89995484,32.78769935
9010707,2019,2020-01-07,3711,2019-11-30,2051,SD7994,NA,6,5,7,3711,0,0,0,NA,0,122,GARNET AV,MISSION BAY DR,0,NA,Y,A,-,N,NA,NA,NA,NA,NA,NA,NA,NA,NA,N,3,0,1,2,D,-,00,NA,NA,N,G,B,E,A,H,-,C,A,0,Y,NA,NA,NA,Y,NA,-,-,0,1,0,0,1,0,0,0,0,-,-,NA,NA,SAN DIEGO,SAN DIEGO,-117.2189712524414,32.806148529052734
90107857,2016,2016-02-02,9650,2016-01-19,1930,018321,NA,2,2,9,3700,0,2,4,NA,2,061,E. MISSION RD,IOWA ST,0,NA,Y,A,-,N,NA,NA,NA,NA,NA,NA,NA,NA,NA,N,4,0,1,2,A,-,10,21950,A,F,G,B,B,A,H,-,C,D,0,Y,NA,NA,NA,Y,NA,D,22,0,0,1,0,1,0,0,0,0,-,-,33.38465,-117.24801,SAN DIEGO,UNINCORPORATED,-117.24808013,33.38460012
90109637,2016,2016-02-04,9680,2016-01-31,1930,016102,NA,7,2,9,3700,0,1,1,NA,2,085,INTERSTATE 8 EASTBOUND (I-8 E/B),SUNRISE HIGHWAY (S1),2112,E,N,B,D,Y,NA,NA,8,NA,NA,NA,NA,NA,E,N,4,0,2,2,A,-,03,22350,NA,N,D,C,A,C,H,-,D,D,0,NA,NA,NA,NA,Y,NA,A,01,0,0,2,0,0,0,0,0,0,-,-,32.804,-116.50214,SAN DIEGO,UNINCORPORATED,-116.50219857,32.80393376
90109910,2016,2016-02-05,9680,2016-01-30,0515,019998,NA,6,3,9,3700,0,2,4,NA,1,018,LOS COCHES RD. S/B,HIGHWAY 8 BUSINESS,59,N,N,A,-,N,NA,NA,NA,NA,NA,NA,NA,NA,NA,Y,4,0,1,1,A,-,01,23152,A,N,E,I,A,A,H,-,C,A,0,NA,NA,NA,NA,Y,Y,A,01,0,0,1,0,0,0,0,0,0,-,-,32.83234,-116.9055,SAN DIEGO,UNINCORPORATED,-116.90353345,32.82682345
90110803,2016,2016-02-08,9645,2016-01-25,0550,016156,NA,1,3,7,3711,0,1,1,NA,2,003,I-5 N/B,NATIONAL AVENUE O/C,1000,N,N,B,-,Y,NA,NA,5,NA,NA,NA,NA,NA,N,Y,3,0,1,3,A,-,03,22350,NA,F,C,C,A,A,H,-,C,D,0,NA,NA,NA,NA,Y,NA,A,01,0,1,0,0,0,0,0,0,0,-,-,32.69724,-117.13661,SAN DIEGO,SAN DIEGO,-117.13669426,32.6971202
90111622,2016,2016-02-09,9645,2016-01-28,1807,016864,NA,4,2,7,3711,0,1,1,NA,2,007,I-5 S/B TO I-805 S/B,I-5 N/B OVER-CROSSING,600,N,N,A,-,Y,NA,NA,5,NA,NA,NA,R,NA,S,N,4,0,1,2,A,-,03,22350,NA,F,C,C,A,A,H,-,C,D,0,NA,NA,NA,NA,Y,NA,-,99,0,0,1,0,0,0,0,0,0,-,-,32.90596,-117.22516,SAN DIEGO,SAN DIEGO,-117.22516,32.90596
90113215,2016,2016-02-11,9650,2016-02-04,1910,016516,NA,4,2,9,3700,0,3,5,NA,2,210,DEER SPRINGS RD,MESA ROCK RD,20,E,N,A,-,N,NA,NA,NA,NA,NA,NA,NA,NA,NA,Y,4,0,1,2,A,-,12,21453,A,N,B,C,A,A,H,-,C,A,0,NA,NA,Y,NA,Y,NA,A,01,0,0,1,0,0,0,0,0,1,-,-,33.19612,-117.12712,SAN DIEGO,UNINCORPORATED,-117.12757301,33.19618795
90113268,2016,2016-02-11,9680,2016-02-01,0628,020020,NA,1,1,9,3700,0,1,S,NA,2,080,I-8 E/B,CRESTWOOD RD,4752,E,N,B,-,Y,NA,NA,8,NA,NA,NA,NA,NA,E,Y,3,0,1,2,A,-,03,22350,NA,N,C,C,A,C,H,-,B,D,0,NA,NA,NA,NA,Y,NA,A,07,0,1,0,0,0,0,0,0,0,-,-,32.70067,-116.32753,SAN DIEGO,UNINCORPORATED,-116.32752071,32.70073923
9011343,2019,2020-02-18,3711,2019-12-14,1245,SD7786,NA,6,5,7,3711,0,0,0,NA,0,325,PARK RIDGE BL,JACKSON DR,0,NA,-,A,-,N,NA,NA,NA,NA,NA,NA,NA,NA,NA,N,3,0,1,2,B,-,22,NA,NA,N,H,A,A,A,H,-,A,A,0,NA,NA,Y,NA,Y,NA,C,02,0,1,0,0,0,0,0,0,1,-,-,NA,NA,SAN DIEGO,SAN DIEGO,-117.04843902587892,32.80643081665039
90114753,2016,2016-02-15,9645,2016-02-03,0832,014909,NA,3,1,7,3711,0,1,1,NA,2,003,I-5 N/B,B STREET,150,N,N,A,-,Y,NA,NA,5,NA,NA,NA,NA,NA,N,Y,4,0,1,3,A,-,03,22350,NA,N,C,C,A,A,H,-,A,D,0,NA,NA,NA,NA,Y,NA,D,22,0,0,1,0,0,0,0,0,0,-,-,32.71884,-117.1477,SAN DIEGO,SAN DIEGO,-117.14768128,32.71884307
90118250,2016,2016-02-18,9680,2016-02-04,0750,013741,NA,4,1,9,3700,0,2,4,NA,1,025,SWEETWATER RD,BLOSSOM LN,0,NA,Y,A,-,N,NA,NA,NA,NA,NA,NA,NA,NA,NA,N,4,0,1,2,A,-,05,21202,A,N,G,G,A,A,H,-,A,A,0,NA,Y,NA,NA,Y,NA,L,04,0,0,1,0,0,0,1,0,0,-,-,32.72481,-117.01419,SAN DIEGO,UNINCORPORATED,-117.01409006,32.72491008
90119958,2016,2016-02-22,9650,2016-02-18,1530,015803,NA,4,2,5,3782,0,1,1,NA,2,007,I-5 S/B,ENCINITAS BLVD,1500,N,N,A,-,Y,NA,NA,5,NA,NA,NA,NA,NA,S,Y,4,0,2,2,A,-,03,22350,NA,N,C,C,A,A,H,-,A,D,0,NA,NA,NA,NA,Y,NA,J,48,0,0,2,0,0,0,0,0,0,-,-,33.05175,-117.28827,SAN DIEGO,ENCINITAS,-117.28836985,33.05172033
90123946,2016,2016-02-25,9645,2016-02-05,1858,019291,NA,5,2,6,3702,0,1,1,NA,2,009,I-805 S/B,H ST,1584,N,N,A,-,Y,NA,NA,805,NA,NA,NA,NA,NA,S,Y,3,0,2,4,A,-,04,21703,NA,N,C,C,A,A,H,-,C,D,0,NA,NA,NA,NA,Y,NA,A,07,0,1,1,0,0,0,0,0,0,-,-,32.64385,-117.05789,SAN DIEGO,CHULA VISTA,-117.05790575,32.64384122
90124544,2016,2016-02-26,9680,2016-02-16,1430,019270,NA,2,2,9,3700,0,3,5,NA,2,002,SPRING ST,BROADWAY,700,N,N,A,-,N,NA,NA,NA,NA,NA,NA,NA,NA,NA,N,4,0,1,2,A,-,03,22350,NA,N,C,C,A,A,H,-,A,D,0,NA,NA,NA,NA,Y,NA,E,22,0,0,1,0,0,0,0,0,0,-,-,32.75306,-117.0113,SAN DIEGO,UNINCORPORATED,-117.01111,32.75306
90124653,2016,2016-02-26,9645,2016-02-11,0550,014804,NA,4,3,7,3711,0,1,1,NA,2,003,I-5 (S/B),IMPERIAL AVENUE U/C,1056,N,N,A,-,Y,NA,NA,5,NA,NA,NA,NA,NA,NA,Y,4,0,1,2,A,-,08,22107,NA,N,F,A,A,A,H,-,C,D,0,NA,NA,Y,NA,Y,NA,C,02,0,0,1,0,0,0,0,0,1,-,-,32.71094,-117.14791,SAN DIEGO,SAN DIEGO,-117.14775471,32.71093927
90125585,2016,2016-02-29,9680,2016-02-17,1600,016981,NA,3,2,9,3700,0,2,4,NA,1,014,WINTER GARDENS BLVD,PEPPER DR,538,N,N,A,-,N,NA,NA,NA,NA,NA,NA,NA,NA,NA,N,3,0,1,2,A,-,21,22106,NA,F,G,B,F,A,H,-,A,D,0,Y,NA,NA,NA,Y,NA,-,99,0,1,0,0,1,0,0,0,0,-,-,32.82222,-116.93373,SAN DIEGO,UNINCORPORATED,-116.933615,32.82202802
90128114,2016,2016-03-02,9645,2016-02-17,1725,016864,NA,3,2,7,3711,0,1,1,NA,2,015,I-805 S/B,NOBEL DRIVE O/C,1056,S,N,B,-,Y,NA,NA,805,NA,NA,NA,NA,NA,S,N,4,0,1,2,A,-,03,22350,NA,N,C,C,A,A,H,-,A,D,0,NA,NA,NA,NA,Y,NA,A,01,0,0,1,0,0,0,0,0,0,-,-,32.86557,-117.1909,SAN DIEGO,SAN DIEGO,-117.1909954,32.86547995
90129219,2016,2016-03-04,9650,2016-02-27,2245,020254,NA,6,3,5,3712,0,1,3,NA,2,019,SR-78 W/B,TWIN OAKS VALLEY RD,3250,E,N,B,-,Y,NA,NA,78,NA,NA,NA,NA,NA,W,N,4,0,2,2,A,-,08,22107,NA,N,D,C,A,A,H,-,D,D,0,NA,NA,NA,NA,Y,NA,A,01,0,0,2,0,0,0,0,0,0,-,-,33.13939,-117.15306,SAN DIEGO,SAN MARCOS,-117.15306115,33.13939524
90130027,2016,2016-03-07,9650,2016-02-19,2340,018496,NA,5,3,6,3706,0,1,1,NA,2,021,I-15 S/B,DEER SPRINGS RD,6072,N,N,A,-,Y,NA,NA,NA,NA,NA,NA,NA,NA,NA,Y,2,0,1,2,A,-,01,23152,A,N,C,C,A,A,H,-,D,D,0,NA,NA,NA,Y,Y,Y,D,22,1,0,0,0,0,0,0,0,0,-,-,33.2116,-117.13583,SAN DIEGO,ESCONDIDO,-117.13571906,33.21166104
90130459,2016,2016-03-07,9680,2016-02-24,0840,015008,NA,3,1,9,3700,0,3,5,NA,2,009,SOUTHERN OAK RD,DYE RD,1056,S,N,A,-,N,NA,NA,NA,NA,NA,NA,NA,NA,NA,Y,4,0,2,2,A,-,08,22107,NA,N,A,C,A,A,H,-,A,D,0,NA,NA,NA,NA,Y,NA,A,01,0,0,2,0,0,0,0,0,0,-,-,33.00598,-116.89509,SAN DIEGO,UNINCORPORATED,-116.89508723,33.00579362
90130675,2016,2016-03-07,9680,2016-02-25,2125,019998,NA,4,2,9,3700,0,3,5,NA,2,001,OAK CREEK DR S/B,EUCALYPTUS HILLS DR,227,S,N,A,-,N,NA,NA,NA,NA,NA,NA,NA,NA,NA,Y,4,0,1,1,A,-,01,23152,A,N,E,I,A,A,H,-,C,D,0,NA,NA,NA,NA,Y,Y,A,01,0,0,1,0,0,0,0,0,0,-,-,32.87639,-116.99258,SAN DIEGO,UNINCORPORATED,-116.95226601,32.87690826
90130738,2016,2016-05-02,9650,2016-01-06,2300,019308,NA,3,3,6,3706,0,1,1,NA,2,023,I-15 S/B,9TH AVE,2640,S,N,C,-,Y,NA,NA,15,NA,NA,NA,NA,NA,S,Y,1,1,4,2,A,-,03,22350,NA,N,C,C,A,B,H,-,D,D,0,NA,NA,NA,NA,Y,Y,A,01,0,1,3,0,0,0,0,0,0,-,-,33.10075,-117.09084,SAN DIEGO,ESCONDIDO,-117.09061511,33.10089373
90131669,2016,2016-03-08,9645,2016-02-19,1200,017473,NA,5,1,7,3711,0,1,1,NA,2,011,I-805 S/B,HOME AVE.,50,N,N,A,-,Y,NA,NA,805,NA,NA,NA,NA,NA,S,Y,4,0,1,1,A,-,05,21651,A,N,E,I,A,A,H,-,A,D,0,NA,NA,NA,NA,Y,NA,M,47,0,0,1,0,0,0,0,0,0,-,-,32.72904,-117.10674,SAN DIEGO,SAN DIEGO,-117.10666315,32.72915527
90132702,2016,2016-03-09,9680,2016-02-29,1045,015008,NA,1,1,9,3700,0,3,5,NA,2,009,ELM STREET,CEDAR ST,1056,S,N,A,-,N,NA,NA,NA,NA,NA,NA,NA,NA,NA,Y,3,0,1,1,A,-,08,22107,NA,N,E,I,A,A,H,-,A,D,0,NA,NA,NA,NA,Y,NA,A,07,0,1,0,0,0,0,0,0,0,-,-,33.05157,-116.86241,SAN DIEGO,UNINCORPORATED,-116.86224871,33.05208614
90132932,2016,2016-03-09,9680,2016-02-29,1407,016181,NA,1,2,9,3700,0,3,5,NA,2,002,ELKELTON BLVD,LANCE AVE,93,N,N,A,-,Y,NA,NA,NA,NA,NA,NA,NA,NA,NA,Y,2,0,1,2,A,-,03,22350,NA,N,C,C,A,A,H,-,A,D,0,NA,NA,Y,NA,Y,NA,C,02,1,0,0,0,0,0,0,0,1,-,-,32.7076,-117.01424,SAN DIEGO,UNINCORPORATED,-117.01426088,32.70752001
90132989,2016,2016-03-09,9680,2016-02-10,1545,018801,NA,3,2,9,3700,0,2,4,NA,1,029,SR-54 (JAMACHA ROAD),FURY LN,450,E,N,A,-,Y,NA,NA,54,NA,NA,NA,NA,NA,NA,Y,4,0,1,3,A,-,03,22350,NA,N,C,C,A,A,H,-,A,D,0,NA,NA,NA,NA,Y,NA,A,07,0,0,1,0,0,0,0,0,0,-,-,32.74367,-116.93287,SAN DIEGO,UNINCORPORATED,-116.93285527,32.74362688
90134709,2016,2016-03-11,9650,2016-03-03,1810,017263,NA,4,2,9,3700,0,3,5,NA,2,006,MAIN AVENUE,FALLBROOK STREET,5,S,N,A,-,N,NA,NA,NA,NA,NA,NA,NA,NA,NA,N,4,0,1,2,A,-,03,22350,NA,N,C,C,A,A,H,-,A,A,0,NA,NA,NA,NA,Y,NA,D,23,0,0,1,0,0,0,0,0,0,-,-,33.37647,-117.25116,SAN DIEGO,UNINCORPORATED,-117.2514402,33.3766163
90135706,2016,2016-03-14,9645,2016-02-21,0740,018149,NA,7,1,7,3711,0,1,1,NA,2,003,I-5 N/B,SR-15,350,N,N,A,-,Y,NA,NA,5,NA,NA,NA,NA,NA,N,Y,4,0,1,2,A,-,08,22107,NA,N,C,C,A,A,H,-,A,D,0,NA,NA,NA,NA,Y,NA,A,01,0,0,1,0,0,0,0,0,0,-,-,32.69313,-117.12181,SAN DIEGO,SAN DIEGO,-117.12182169,32.6931125
90136552,2016,2016-03-15,9645,2016-01-12,0853,016409,NA,2,1,7,3711,0,1,1,NA,2,009,I-805 S/B,OCEAN VIEW BLVD O/C,120,S,N,A,-,Y,NA,NA,805,NA,NA,NA,NA,NA,S,Y,2,0,1,2,A,-,07,21658,NA,F,E,I,A,A,H,-,A,D,0,NA,NA,NA,NA,Y,NA,I,11,1,0,0,0,0,0,0,0,0,-,-,32.70006,-117.09487,SAN DIEGO,SAN DIEGO,-117.09504762,32.70006137
90136665,2016,2016-03-15,9645,2016-02-29,0210,015046,9645,1,3,7,3711,0,1,1,NA,2,007,I-5 S/B,CARMEL VALLEY ROAD,200,N,N,E,-,Y,NA,NA,5,NA,NA,NA,NA,NA,S,Y,4,0,1,1,A,-,08,22107,NA,N,E,I,A,A,H,-,C,D,0,NA,NA,NA,NA,Y,NA,A,01,0,0,1,0,0,0,0,0,0,-,-,32.93439,-117.24157,SAN DIEGO,SAN DIEGO,-117.24152773,32.93439326
90136945,2016,2016-03-15,9645,2016-03-04,1703,018428,NA,5,2,7,3711,0,1,1,NA,2,001,I-15 N/B,CARMEL MOUNTAIN RD. O/C,900,N,N,B,-,Y,NA,NA,15,NA,NA,NA,NA,NA,N,Y,4,0,1,2,A,-,03,22350,NA,N,C,C,A,A,H,-,A,D,0,NA,NA,NA,NA,Y,NA,A,01,0,0,1,0,0,0,0,0,0,-,-,32.98279,-117.0834,SAN DIEGO,SAN DIEGO,-117.08365877,32.98292486
90137786,2016,2016-03-16,9680,2016-03-06,0930,018356,NA,7,1,4,3720,0,1,3,NA,2,027,SR-94 W/B,GROVE ST,25,E,N,B,C,Y,NA,NA,94,NA,NA,NA,NA,NA,W,Y,4,0,1,2,A,-,03,22350,NA,N,C,C,A,B,H,-,A,A,0,NA,NA,NA,NA,Y,NA,A,01,0,0,1,0,0,0,0,0,0,-,-,32.74719,-117.02625,SAN DIEGO,LEMON GROVE,-117.02624852,32.7472094
90139487,2016,2016-03-18,9680,2016-03-11,1320,013283,NA,5,1,5,3705,0,1,1,NA,2,082,I-8 E/B,FIRST ST,250,E,N,B,-,Y,NA,NA,8,NA,NA,NA,NA,NA,E,N,4,0,1,4,A,-,03,22350,NA,N,C,C,A,A,D,-,A,D,0,NA,NA,NA,NA,Y,NA,D,22,0,0,1,0,0,0,0,0,0,-,-,32.80305,-116.94376,SAN DIEGO,EL CAJON,-116.94376073,32.80295777
90139736,2016,2016-03-21,9645,2016-03-11,1444,019291,NA,5,2,7,3711,0,1,1,NA,2,017,I-15 S/B,CARROLL CANYON RD,1056,S,N,A,-,Y,NA,NA,15,NA,NA,NA,NA,NA,S,Y,4,0,2,2,A,-,07,21658,A,N,B,C,A,A,H,-,A,D,0,NA,NA,NA,NA,Y,NA,A,01,0,0,2,0,0,0,0,0,0,-,-,32.90028,-117.11668,SAN DIEGO,SAN DIEGO,-117.11658992,32.90028354
90140923,2016,2016-03-22,9680,2016-03-11,1440,019519,NA,5,2,5,3705,0,1,1,NA,2,082,I-8 E/B,MOLLISON AVE,200,E,N,B,-,Y,NA,NA,8,NA,NA,NA,NA,NA,E,Y,4,0,1,2,A,-,03,22350,NA,N,C,C,A,A,D,-,A,A,0,NA,NA,NA,NA,Y,NA,A,01,0,0,1,0,0,0,0,0,0,-,-,32.80294,-116.94728,SAN DIEGO,EL CAJON,-116.94728,32.8029395
90143245,2016,2016-03-24,9645,2016-02-16,1230,016542,NA,2,1,7,3711,0,1,1,NA,2,003,I-5 S/B,FRIARS ROAD U/C,100,N,N,A,-,Y,NA,NA,5,NA,NA,NA,NA,NA,S,N,4,0,1,1,C,-,18,NA,NA,N,E,I,A,A,H,-,A,D,0,NA,NA,NA,NA,Y,NA,-,-,0,0,1,0,0,0,0,0,0,-,-,32.76277,-117.20508,SAN DIEGO,SAN DIEGO,-117.20494611,32.7628039
90144516,2016,2016-03-28,9680,2016-03-15,1200,015008,NA,2,1,9,3700,0,2,4,NA,1,018,LOS COCHES RD,ORA BELLE LN,151,S,N,A,-,N,NA,NA,NA,NA,NA,NA,NA,NA,NA,Y,4,0,2,2,A,-,08,22107,NA,N,D,C,A,A,H,-,A,D,0,NA,NA,NA,NA,Y,NA,D,22,0,0,2,0,0,0,0,0,0,-,-,32.8276,-116.90427,SAN DIEGO,UNINCORPORATED,-116.90415641,32.82761749
90145405,2016,2016-03-28,9650,2016-03-17,1825,019227,NA,4,2,9,3700,0,3,5,NA,2,210,DEER SPRINGS RD.,MESA ROCK RD,1848,W,N,A,-,N,NA,NA,NA,NA,NA,NA,NA,NA,NA,Y,3,0,1,2,A,-,01,23152,A,N,E,I,A,A,H,-,A,D,0,NA,NA,NA,NA,Y,Y,D,22,0,1,0,0,0,0,0,0,0,-,-,33.19464,-117.1322,SAN DIEGO,UNINCORPORATED,-117.13274393,33.19502793
9014595,2019,2020-02-06,3711,2019-12-14,0000,SD7135,NA,6,5,7,3711,0,0,0,NA,0,528,DATE ST,DATE ST 600,0,NA,-,A,-,N,NA,NA,NA,NA,NA,NA,NA,NA,NA,N,4,0,1,2,A,-,08,38314,NA,M,G,B,E,A,H,-,A,D,0,Y,NA,NA,NA,Y,NA,A,01,0,0,1,0,1,0,0,0,0,-,-,NA,NA,SAN DIEGO,SAN DIEGO,-117.168366,32.722975
90146495,2016,2016-03-29,9680,2016-03-14,1905,019870,NA,1,2,9,3700,0,2,4,NA,1,026,JAMACHA RD,GILLESPIE DR,0,NA,Y,A,-,N,NA,NA,NA,NA,NA,NA,NA,NA,NA,N,4,0,1,2,A,-,09,21802,A,F,D,C,A,A,H,-,C,A,0,NA,NA,NA,NA,Y,Y,A,01,0,0,1,0,0,0,0,0,0,-,-,32.71501,-117.0073,SAN DIEGO,UNINCORPORATED,-117.00745005,32.71481003
90146860,2016,2016-03-29,9645,2016-03-24,0724,012733,NA,4,1,7,3711,0,1,3,NA,2,023,SR-163 N/B TO I-8 E/B,SR-163 N/B,92,E,N,A,-,Y,NA,NA,163,NA,NA,NA,R,NA,N,Y,4,0,1,1,A,-,03,22350,NA,N,F,J,A,A,H,-,A,D,0,NA,NA,Y,NA,Y,NA,C,02,0,0,1,0,0,0,0,0,1,-,-,32.76189,-117.16281,SAN DIEGO,SAN DIEGO,-117.16281,32.76189
90147099,2016,2016-03-29,9645,2016-03-18,1525,017011,NA,5,2,7,3711,0,1,1,NA,2,019,INTERSTATE 15 N/B (HOV),GEORGE COOKE EXPRESS DRIVE,2112,S,N,A,-,Y,NA,NA,15,NA,NA,NA,NA,NA,N,Y,4,0,2,3,A,-,03,22350,NA,N,C,C,A,A,H,-,A,D,0,NA,NA,NA,NA,Y,NA,A,07,0,0,2,0,0,0,0,0,0,-,-,33.01652,-117.07924,SAN DIEGO,SAN DIEGO,-117.07931447,33.01652721
90147297,2016,2016-03-29,9650,2016-03-17,1520,019126,NA,4,2,9,3700,0,1,3,NA,1,028,SR-76 E/B,ADAMS DR,1584,E,N,A,-,Y,NA,NA,76,NA,NA,NA,NA,NA,E,Y,3,0,1,1,A,-,01,23152,A,N,E,I,A,A,H,-,A,D,0,NA,NA,NA,NA,Y,Y,A,07,0,1,0,0,0,0,0,0,0,-,-,33.33928,-117.00864,SAN DIEGO,UNINCORPORATED,-117.00865533,33.33923045
9014824,2019,2020-02-08,3711,2019-12-10,0745,SD7980,NA,2,5,7,3711,0,0,0,NA,0,441,OCEAN VIEW BL,38TH ST,0,NA,Y,A,-,N,NA,NA,NA,NA,NA,NA,NA,NA,NA,N,4,0,1,2,A,-,10,21950,A,N,G,B,B,A,H,-,A,A,0,Y,NA,NA,NA,Y,NA,A,01,0,0,1,0,1,0,0,0,0,-,-,NA,NA,SAN DIEGO,SAN DIEGO,-117.11251068115234,32.701271057128906
9014840,2019,2020-02-08,3711,2019-12-10,1234,SD6097,NA,2,5,7,3711,0,0,0,NA,0,243,MIRAMAR RD,PADGETT DR,0,NA,Y,A,-,N,NA,NA,NA,NA,NA,NA,NA,NA,NA,Y,3,0,2,2,A,-,09,21802,A,N,D,C,A,A,H,-,A,A,0,NA,NA,NA,NA,Y,NA,A,01,0,1,1,0,0,0,0,0,0,-,-,NA,NA,SAN DIEGO,SAN DIEGO,-117.1269989013672,32.89371109008789
9014844,2019,2020-07-13,3711,2019-12-10,1310,SD4491,NA,2,5,7,3711,0,0,0,NA,0,621,FRIARS,RT 163,0,NA,Y,A,-,Y,SD,11,163,-,-,4.521,R,4,N,N,4,0,2,2,A,-,03,22350,NA,N,C,C,A,A,A,-,A,A,0,NA,NA,NA,NA,Y,NA,A,01,0,0,2,0,0,0,0,0,0,-,NO,NA,NA,SAN DIEGO,SAN DIEGO,-117.16102600097656,32.7737922668457
90149281,2016,2016-05-11,9650,2016-03-26,0850,013570,NA,6,1,6,3706,0,1,3,NA,2,019,SR-78 W/B,NORDAHL RD,2000,E,N,A,-,Y,NA,NA,78,NA,NA,NA,NA,NA,W,N,2,0,1,1,A,-,08,22107,NA,N,F,A,A,A,G,-,A,D,0,NA,NA,Y,NA,Y,NA,C,02,1,0,0,0,0,0,0,0,1,-,-,33.12928,-117.11418,SAN DIEGO,ESCONDIDO,-117.11424703,33.12912198
90151019,2016,2016-04-05,9680,2016-03-24,1445,016173,NA,4,2,5,3705,0,1,3,NA,2,016,SR-67 N/B,BROADWAY AVE,50,N,N,A,-,Y,NA,NA,67,NA,NA,NA,NA,NA,N,Y,3,0,1,2,A,-,03,22350,NA,N,C,C,A,A,H,-,A,D,0,NA,NA,Y,NA,Y,NA,C,02,0,1,0,0,0,0,0,0,1,-,-,32.80772,-116.9617,SAN DIEGO,EL CAJON,-116.96172698,32.80771989
90153055,2016,2016-04-07,9650,2016-03-20,1636,016121,NA,7,2,5,3701,0,1,1,NA,2,005,I-5 N/B,POINSETTIA LN,1584,S,N,A,-,Y,NA,NA,5,NA,NA,NA,NA,NA,N,Y,4,0,3,4,A,-,01,23152,F,N,C,C,A,A,H,-,A,D,0,NA,NA,NA,NA,Y,Y,A,01,0,0,3,0,0,0,0,0,0,-,-,33.09287,-117.30363,SAN DIEGO,CARLSBAD,-117.30359449,33.09289187