CASE_ID,ACCIDENT_YEAR,PROC_DATE,JURIS,COLLISION_DATE,COLLISION_TIME,OFFICER_ID,REPORTING_DISTRICT,DAY_OF_WEEK,CHP_SHIFT,POPULATION,CNTY_CITY_LOC,SPECIAL_COND,BEAT_TYPE,CHP_BEAT_TYPE,CITY_DIVISION_LAPD,CHP_BEAT_CLASS,BEAT_NUMBER,PRIMARY_RD,SECONDARY_RD,DISTANCE,DIRECTION,INTERSECTION,WEATHER_1,WEATHER_2,STATE_HWY_IND,CALTRANS_COUNTY,CALTRANS_DISTRICT,STATE_ROUTE,ROUTE_SUFFIX,POSTMILE_PREFIX,POSTMILE,LOCATION_TYPE,RAMP_INTERSECTION,SIDE_OF_HWY,TOW_AWAY,COLLISION_SEVERITY,NUMBER_KILLED,NUMBER_INJURED,PARTY_COUNT,PRIMARY_COLL_FACTOR,PCF_CODE_OF_VIOL,PCF_VIOL_CATEGORY,PCF_VIOLATION,PCF_VIOL_SUBSECTION,HIT_AND_RUN,TYPE_OF_COLLISION,MVIW,PED_ACTION,ROAD_SURFACE,ROAD_COND_1,ROAD_COND_2,LIGHTING,CONTROL_DEVICE,CHP_ROAD_TYPE,PEDESTRIAN_ACCIDENT,BICYCLE_ACCIDENT,MOTORCYCLE_ACCIDENT,TRUCK_ACCIDENT,NOT_PRIVATE_PROPERTY,ALCOHOL_INVOLVED,STWD_VEHTYPE_AT_FAULT,CHP_VEHTYPE_AT_FAULT,COUNT_SEVERE_INJ,COUNT_VISIBLE_INJ,COUNT_COMPLAINT_PAIN,COUNT_PED_KILLED,COUNT_PED_INJURED,COUNT_BICYCLIST_KILLED,COUNT_BICYCLIST_INJURED,COUNT_MC_KILLED,COUNT_MC_INJURED,PRIMARY_RAMP,SECONDARY_RAMP,LATITUDE,LONGITUDE,COUNTY,CITY,POINT_X,POINT_Y
90154192,2016,2016-04-11,9650,2016-04-02,0850,015276,NA,6,1,9,3700,0,2,4,NA,1,027,LILAC RD,VALLEY CENTER RD,1056,W,N,A,-,N,NA,NA,NA,NA,NA,NA,NA,NA,NA,Y,4,0,2,3,A,-,03,22350,NA,N,C,C,A,A,H,-,A,D,0,NA,NA,NA,NA,Y,NA,A,01,0,0,2,0,0,0,0,0,0,-,-,33.22228,-117.03909,SAN DIEGO,UNINCORPORATED,-117.04014098,33.222287
90154203,2016,2016-04-11,9650,2016-04-07,1425,015803,NA,4,2,6,3706,0,1,3,NA,2,019,SR-78 EB FROM NORDAHL RD,NORDAHL RD,300,E,N,C,-,Y,NA,NA,NA,NA,NA,NA,NA,NA,NA,Y,4,0,1,3,A,-,03,22350,NA,N,C,C,A,B,H,-,A,A,0,NA,NA,NA,NA,Y,NA,A,01,0,0,1,0,0,0,0,0,0,-,-,33.75237,-117.71186,SAN DIEGO,ESCONDIDO,-117.12139,33.13202
90155268,2016,2016-04-11,9645,2016-01-31,0847,016409,NA,7,1,7,3711,0,1,1,NA,2,007,I-5 N/B,I-805,1584,N,N,C,-,Y,NA,NA,5,NA,NA,NA,NA,NA,N,Y,4,0,1,2,A,-,03,22350,NA,N,D,C,A,B,H,-,A,D,0,NA,NA,NA,NA,Y,NA,A,01,0,0,1,0,0,0,0,0,0,-,-,32.91142,-117.22809,SAN DIEGO,SAN DIEGO,-117.22811566,32.91140409
90155898,2016,2016-04-12,9645,2016-04-11,0615,014804,NA,1,1,5,3709,0,1,1,NA,2,009,I-805 (N/B),PLAZA BOULEVARD U/C,1584,S,N,B,-,Y,NA,NA,805,NA,NA,NA,NA,NA,NA,N,4,0,1,3,A,-,03,22350,NA,F,C,C,A,A,H,-,B,D,0,NA,NA,NA,NA,Y,NA,A,07,0,0,1,0,0,0,0,0,0,-,-,32.67108,-117.08158,SAN DIEGO,NATIONAL CITY,-117.08168452,32.67104038
90156233,2016,2016-04-12,9680,2016-03-30,1633,018583,NA,3,2,9,3700,0,2,4,NA,1,025,SWEETWATER RD,HARNESS ST,0,NA,Y,A,-,N,NA,NA,NA,NA,NA,NA,NA,NA,NA,Y,3,0,1,2,A,-,12,21453,A,N,D,C,A,A,H,-,A,A,0,NA,NA,NA,NA,Y,NA,D,22,0,1,0,0,0,0,0,0,0,-,-,32.71846,-117.01366,SAN DIEGO,UNINCORPORATED,-117.01409001,32.72104009
90156531,2016,2016-04-13,9645,2016-04-05,1725,017498,NA,2,2,7,3711,0,1,1,NA,2,021,SR-15 SOUTHBOUND,UNIVERSITY AVE O/C,2112,S,N,A,-,Y,NA,NA,15,NA,NA,NA,NA,NA,S,Y,4,0,1,3,A,-,03,22350,NA,N,C,C,A,A,H,-,A,D,0,NA,NA,NA,NA,Y,NA,A,01,0,0,1,0,0,0,0,0,0,-,-,32.74252,-117.1119,SAN DIEGO,SAN DIEGO,-117.1119122,32.74253128
90156847,2016,2016-04-13,9645,2016-04-06,0800,015847,NA,3,1,7,3711,0,1,1,NA,2,027,I-15 N/B,SAN DIEGO MISSION RD,350,S,N,A,-,Y,NA,NA,15,NA,NA,NA,NA,NA,N,Y,3,0,1,3,A,-,03,22350,NA,N,C,C,A,A,H,-,A,D,0,NA,NA,Y,NA,Y,NA,C,02,0,1,0,0,0,0,0,0,1,-,-,32.78483,-117.11404,SAN DIEGO,SAN DIEGO,-117.11428801,32.78479457
90158448,2016,2016-04-15,9650,2016-04-07,1548,017328,NA,4,2,9,3700,0,3,5,NA,2,006,OLIVE HILL RD.,S. MISSION RD.,2100,S,N,B,C,N,NA,NA,NA,NA,NA,NA,NA,NA,NA,Y,4,0,1,1,A,-,08,22107,NA,N,F,A,A,B,H,-,A,D,0,NA,NA,NA,NA,Y,NA,A,01,0,0,1,0,0,0,0,0,0,-,-,33.3429,-117.24526,SAN DIEGO,UNINCORPORATED,-117.24492838,33.34295624
90159133,2016,2016-04-18,9650,2016-04-15,0615,015503,NA,5,1,9,3700,0,3,5,NA,2,211,CENTRE CITY PARKWAY,MESA ROCK RD.,528,N,N,B,-,N,NA,NA,NA,NA,NA,NA,NA,NA,NA,Y,3,0,1,2,A,-,06,21750,NA,N,B,C,A,A,H,-,B,D,0,NA,NA,NA,NA,Y,NA,D,22,0,1,0,0,0,0,0,0,0,-,-,33.17762,-117.1136,SAN DIEGO,UNINCORPORATED,-117.11173919,33.17577229
90160115,2016,2016-04-18,9680,2016-04-06,1508,016598,NA,3,2,9,3700,0,2,4,NA,1,010,MAINE AVENUE,WOODSIDE AVENUE,151,S,N,B,-,N,NA,NA,NA,NA,NA,NA,NA,NA,NA,N,4,0,1,2,A,-,09,21801,A,N,D,C,A,A,H,-,A,D,0,NA,NA,Y,NA,Y,NA,D,22,0,0,1,0,0,0,0,0,1,-,-,32.85686,-116.9212,SAN DIEGO,UNINCORPORATED,-116.9213228,32.85694308
90160398,2016,2016-04-19,9680,2016-04-05,1440,019270,NA,2,2,9,3700,0,3,5,NA,2,004,LYONS VALLEY RD,LAWSON VALLEY RD,2000,E,N,A,-,N,NA,NA,NA,NA,NA,NA,NA,NA,NA,Y,3,0,1,1,A,-,08,22107,NA,N,E,I,A,A,H,-,A,D,0,NA,NA,NA,NA,Y,NA,D,22,0,1,0,0,0,0,0,0,0,-,-,32.72706,-116.81687,SAN DIEGO,UNINCORPORATED,-116.81694139,32.72713513
90161082,2016,2016-04-19,9645,2016-04-13,1300,013393,NA,3,1,7,3711,0,1,1,NA,2,015,I-805 N/B,I-5,100,S,N,A,-,Y,NA,NA,NA,NA,NA,NA,NA,NA,NA,Y,4,0,1,1,A,-,03,22350,NA,N,F,A,A,A,H,-,A,D,0,NA,NA,Y,NA,Y,NA,C,02,0,0,1,0,0,0,0,0,1,-,-,32.5428,-117.1334,SAN DIEGO,SAN DIEGO,-117.22754135,32.91025642
90161217,2016,2016-04-19,9680,2016-04-09,1705,019270,NA,6,2,9,3700,0,1,3,NA,2,016,SR-67 S/B FROM WINTER GARDENS BLVD,WINTER GARDENS BLVD,50,S,N,B,C,Y,NA,NA,67,NA,NA,NA,R,NA,S,Y,4,0,2,3,A,-,03,22350,NA,N,D,C,A,B,H,-,A,D,0,NA,NA,NA,NA,Y,NA,A,01,0,0,2,0,0,0,0,0,0,-,-,32.85839,-116.9319,SAN DIEGO,UNINCORPORATED,-116.9319,32.85839
9016163,2019,2020-01-22,3711,2019-11-30,0200,SD4576,NA,6,5,7,3711,0,0,0,NA,0,611,CAMINO DEL RIO W,HANCOCK ST,39,E,N,C,-,N,NA,NA,NA,NA,NA,NA,NA,NA,NA,Y,4,0,1,2,A,-,08,22100,A,N,D,C,A,B,H,-,C,A,0,NA,NA,NA,NA,Y,NA,J,48,0,0,1,0,0,0,0,0,0,-,-,NA,NA,SAN DIEGO,SAN DIEGO,-117.205078125,32.754249572753906
90163556,2016,2016-04-22,9645,2016-04-12,1015,015494,NA,2,1,7,3711,0,1,1,NA,2,005,I-5 S/B,MISSION BAY,2000,N,N,A,-,Y,NA,NA,5,NA,NA,NA,NA,NA,S,Y,4,0,1,2,A,-,03,22350,NA,N,C,C,A,A,H,-,A,D,0,NA,NA,NA,NA,Y,NA,A,01,0,0,1,0,0,0,0,0,0,-,-,32.82206,-117.2296,SAN DIEGO,SAN DIEGO,-117.22950687,32.82215592
90164041,2016,2016-04-25,9650,2016-04-16,1930,016275,NA,6,2,9,3700,0,3,5,NA,1,160,OLD RIVER RD,DENTRO DE LOMAS,60,N,N,A,-,N,NA,NA,NA,NA,NA,NA,NA,NA,NA,Y,3,0,1,1,A,-,08,22107,NA,N,E,I,A,A,H,-,B,D,0,NA,NA,NA,NA,Y,Y,A,01,0,1,0,0,0,0,0,0,0,-,-,33.1631,-117.1338,SAN DIEGO,UNINCORPORATED,-117.22712948,33.27518564
90164802,2016,2017-04-04,9645,2016-04-20,0735,013756,NA,3,1,7,3711,0,1,3,NA,2,014,SR-52 (W/B) TO SR-163 (S/B),SR-163,280,E,N,A,-,Y,NA,NA,52,NA,NA,NA,R,NA,NA,N,4,0,1,2,A,-,03,22350,NA,M,C,C,A,A,H,-,A,D,0,NA,NA,NA,NA,Y,NA,A,07,0,0,1,0,0,0,0,0,0,-,-,32.84004,-117.13497,SAN DIEGO,SAN DIEGO,-117.13497,32.84004
90165072,2016,2016-04-25,9650,2016-04-23,2230,017780,NA,6,3,9,3700,0,1,1,NA,2,003,I-5 S/B,SANTA MARGARITA RIVER,1320,N,N,A,-,Y,NA,NA,NA,NA,NA,NA,NA,NA,NA,Y,3,0,2,1,A,-,08,22107,NA,N,E,I,A,A,H,-,D,D,0,NA,NA,NA,NA,Y,NA,D,22,0,1,1,0,0,0,0,0,0,-,-,33.14169,-117.24339,SAN DIEGO,UNINCORPORATED,NA,NA
90165420,2016,2016-04-26,9680,2016-04-01,1350,019519,NA,5,1,9,3700,0,3,5,NA,2,001,GAY RIO DR.,MELROSE AVE,1056,W,N,A,-,N,NA,NA,NA,NA,NA,NA,NA,NA,NA,Y,2,0,1,2,A,-,01,23152,A,N,B,C,A,A,H,-,A,D,0,NA,NA,Y,NA,Y,Y,C,02,1,0,0,0,0,0,0,0,1,-,-,32.83075,-116.92363,SAN DIEGO,UNINCORPORATED,-116.92406731,32.83125317
90165885,2016,2016-04-26,9650,2016-04-11,2028,017263,NA,1,2,9,3700,0,3,5,NA,2,006,VIA MONSERATE,LINDA VISTA DR,586,W,N,B,-,N,NA,NA,NA,NA,NA,NA,NA,NA,NA,Y,4,0,1,1,A,-,08,22107,NA,N,E,I,A,B,H,-,D,D,0,NA,NA,NA,NA,Y,NA,A,01,0,0,1,0,0,0,0,0,0,-,-,33.31379,-117.20871,SAN DIEGO,UNINCORPORATED,-117.20856887,33.31380528
90166345,2016,2016-04-27,9645,2016-04-13,1130,015494,NA,3,1,7,3711,0,1,1,NA,2,010,I-8 W/B,SUNSET CLIFFS,450,E,N,A,-,Y,NA,NA,8,NA,NA,NA,NA,NA,W,Y,4,0,1,4,A,-,03,22350,NA,N,C,C,A,A,H,-,A,D,0,NA,NA,NA,NA,Y,NA,A,08,0,0,1,0,0,0,0,0,0,-,-,32.75614,-117.23364,SAN DIEGO,SAN DIEGO,-117.23363729,32.75611489
90166568,2016,2016-04-27,9680,2016-04-07,0828,015578,NA,4,1,9,3700,0,3,5,NA,2,002,CHASE AVE,JAMACHA RD,118,W,N,B,C,N,NA,NA,NA,NA,NA,NA,NA,NA,NA,N,4,0,1,1,A,-,08,22107,NA,N,E,I,A,B,H,-,A,D,0,NA,NA,NA,NA,Y,NA,A,07,0,0,1,0,0,0,0,0,0,-,-,32.76903,-116.92838,SAN DIEGO,UNINCORPORATED,-116.92826154,32.76889141
90167113,2016,2016-04-27,9680,2016-04-16,1848,018583,NA,6,2,5,3705,0,1,3,NA,2,028,SR-125 N/B,GROSSMONT COLLEGE DR,1056,N,N,A,-,Y,NA,NA,125,NA,NA,NA,NA,NA,N,Y,3,0,1,1,A,-,01,23152,A,N,E,I,A,A,H,-,A,D,0,NA,NA,NA,NA,Y,Y,A,01,0,1,0,0,0,0,0,0,0,-,-,32.81634,-117.00105,SAN DIEGO,EL CAJON,-117.00108637,32.81634945
90167208,2016,2016-04-27,9645,2016-04-12,0747,016409,NA,2,1,7,3711,1,4,S,NA,2,901,TROJAN AVENUE,54TH STREET,0,NA,Y,A,-,N,NA,NA,NA,NA,NA,NA,NA,NA,NA,N,3,0,1,2,A,-,10,21950,A,N,G,B,B,A,H,-,A,A,0,Y,NA,NA,NA,Y,NA,H,13,0,1,0,0,1,0,0,0,0,-,-,32.75481,-117.07955,SAN DIEGO,SAN DIEGO,-117.07940003,32.75487006
90167828,2016,2016-04-28,9645,2016-04-24,1310,015494,NA,7,1,7,3711,0,1,1,NA,2,011,I-805 N/B,I-8,1200,S,N,A,-,Y,NA,NA,805,NA,NA,NA,NA,NA,N,Y,4,0,1,2,A,-,03,22350,NA,N,C,C,A,A,H,-,A,D,0,NA,NA,NA,NA,Y,NA,A,01,0,0,1,0,0,0,0,0,0,-,-,32.76798,-117.12903,SAN DIEGO,SAN DIEGO,-117.12922211,32.76787676
9016785,2020,2020-02-25,3710,2020-01-07,0007,OC1485,NA,2,5,6,3710,0,0,0,NA,0,028,COLLEGE BL,AVENIDA DEL LA PLATA,26,N,N,A,-,N,NA,NA,NA,NA,NA,NA,NA,NA,NA,Y,4,0,1,1,A,-,01,23152,F,N,E,I,A,A,H,-,C,A,0,NA,NA,NA,NA,Y,NA,A,01,0,0,1,0,0,0,0,0,0,-,-,NA,NA,SAN DIEGO,OCEANSIDE,-117.28676605224608,33.21311950683594
90167865,2016,2016-04-28,9680,2016-04-17,1225,018279,NA,7,1,9,3700,0,3,5,NA,2,007,YAQUI PASS RD,RAMS HILL RD,3168,S,N,A,-,N,NA,NA,NA,NA,NA,NA,NA,NA,NA,Y,3,0,2,1,A,-,08,22107,NA,N,E,I,A,A,H,-,A,D,0,NA,NA,NA,NA,Y,NA,A,01,0,2,0,0,0,0,0,0,0,-,-,33.1866,-116.33066,SAN DIEGO,UNINCORPORATED,-116.33075134,33.18661851
90169303,2016,2016-04-29,9650,2016-04-20,2015,019126,NA,3,2,9,3700,0,3,5,NA,1,212,LILAC RD,SIERRA ROJO RD,120,E,N,A,-,N,NA,NA,NA,NA,NA,NA,NA,NA,NA,Y,3,0,1,1,A,-,03,22350,NA,N,F,A,A,A,H,-,D,D,0,NA,NA,Y,NA,Y,NA,C,02,0,1,0,0,0,0,0,0,1,-,-,33.23988,-117.05493,SAN DIEGO,UNINCORPORATED,-117.05516649,33.24031948
90169320,2016,2016-04-29,9650,2016-04-22,0123,016487,NA,5,3,6,3710,0,1,3,NA,2,015,SR-78 E/B,COLLEGE BLVD,3696,W,N,A,-,Y,NA,NA,78,NA,NA,NA,NA,NA,E,Y,3,0,1,1,A,-,08,22107,NA,F,E,I,A,A,H,-,D,D,0,NA,NA,NA,NA,Y,NA,A,01,0,1,0,0,0,0,0,0,0,-,-,33.17996,-117.30834,SAN DIEGO,OCEANSIDE,-117.30832209,33.17986127
90171519,2016,2016-05-03,9680,2016-04-25,1037,015708,NA,1,1,9,3700,0,1,3,NA,1,091,SR-78,OLIVE STREET,11,N,N,A,-,Y,NA,NA,78,NA,NA,NA,NA,NA,NA,N,4,0,1,2,A,-,21,22106,NA,N,C,C,A,A,H,-,A,A,0,NA,NA,NA,NA,Y,NA,D,22,0,0,1,0,0,0,0,0,0,-,-,33.04769,-116.87101,SAN DIEGO,UNINCORPORATED,-116.87112741,33.04768411
90174448,2016,2016-05-06,9645,2016-04-30,1355,019344,NA,6,1,7,3711,0,1,3,NA,2,023,SR-163 S/B,FRIARS ROAD O/C,400,S,N,A,-,Y,NA,NA,163,NA,NA,NA,NA,NA,S,Y,4,0,1,2,A,-,03,22350,NA,N,C,C,A,A,H,-,A,D,0,NA,NA,NA,NA,Y,NA,A,01,0,0,1,0,0,0,0,0,0,-,-,32.7707,-117.1613,SAN DIEGO,SAN DIEGO,-117.16167143,32.77080438
90174701,2016,2016-05-09,9650,2016-04-23,0240,016103,NA,6,3,9,3700,0,1,1,NA,2,001,I-5 S/B,LAS PULGAS RD,1584,N,N,A,-,Y,NA,NA,5,NA,NA,NA,NA,NA,S,Y,4,0,1,2,A,-,01,23152,A,N,C,C,A,A,H,-,D,D,0,NA,NA,NA,Y,Y,Y,A,01,0,0,1,0,0,0,0,0,0,-,-,33.30865,-117.47629,SAN DIEGO,UNINCORPORATED,-117.47648038,33.30841759
90175309,2016,2016-05-09,9650,2016-05-08,1125,015295,NA,7,1,9,3700,0,1,3,NA,1,028,STATE ROUTE 76,PAUMA RESERVATION ROAD,60,W,N,B,-,Y,NA,NA,76,NA,NA,NA,NA,NA,NA,N,4,0,1,2,A,-,21,22106,NA,N,C,C,A,A,H,-,A,D,0,NA,NA,NA,NA,Y,NA,A,07,0,0,1,0,0,0,0,0,0,-,-,33.32992,-117.00097,SAN DIEGO,UNINCORPORATED,-117.00099407,33.32990242
9017550,2020,2020-03-04,3711,2020-01-31,1655,SD8861,NA,5,5,7,3711,0,0,0,NA,0,516,32ND ST,K ST,84,N,N,A,-,N,NA,NA,NA,NA,NA,NA,NA,NA,NA,N,3,0,1,2,A,-,17,22517,NA,N,B,G,A,A,H,-,A,D,0,NA,Y,NA,NA,Y,NA,A,01,0,1,0,0,0,0,1,0,0,-,-,NA,NA,SAN DIEGO,SAN DIEGO,-117.125244140625,32.708740234375
90176884,2016,2016-05-11,9680,2016-04-21,0827,015962,NA,4,1,9,3700,0,1,1,NA,2,083,I-8 W/B,FLINN SPRINGS RD U/C,1068,W,N,A,-,Y,NA,NA,8,NA,NA,NA,NA,NA,W,Y,4,0,3,1,A,-,08,22107,NA,N,F,A,A,A,H,-,A,D,0,NA,NA,NA,NA,Y,NA,A,07,0,0,3,0,0,0,0,0,0,-,-,32.85449,-116.85891,SAN DIEGO,UNINCORPORATED,-116.85891951,32.85434618
90177850,2016,2016-05-12,9645,2016-05-06,0700,013756,NA,5,1,7,3711,0,1,1,NA,2,010,I-8 (E/B) TO SR-163 (N/B),I-8 (OVERCROSSING),65,S,N,C,-,Y,NA,NA,8,NA,NA,NA,R,NA,NA,N,4,0,1,1,A,-,08,22107,NA,N,E,I,A,B,H,-,A,D,0,NA,NA,NA,NA,Y,NA,A,01,0,0,1,0,0,0,0,0,0,-,-,32.76305,-117.16142,SAN DIEGO,SAN DIEGO,-117.16142,32.76305
90178114,2016,2016-05-12,9645,2016-05-11,0830,013111,NA,3,1,7,3711,0,1,1,NA,2,015,I-805 NORTHBOUND,CLAIREMONT MESA BLVD,852,S,N,B,-,Y,NA,NA,805,NA,NA,NA,NA,NA,N,Y,4,0,1,4,A,-,03,22350,NA,N,C,C,A,A,H,-,A,D,0,NA,NA,NA,NA,Y,NA,A,07,0,0,1,0,0,0,0,0,0,-,-,32.83107,-117.16768,SAN DIEGO,SAN DIEGO,-117.16787325,32.83094912
90179059,2016,2016-05-13,9680,2016-05-03,1559,018104,NA,2,2,9,3700,0,2,4,NA,1,029,CAMPO RD,ROGERS RD,62,E,N,A,-,N,NA,NA,NA,NA,NA,NA,NA,NA,NA,N,3,0,1,2,A,-,11,21954,A,N,G,B,D,A,H,-,A,D,0,Y,NA,NA,NA,Y,NA,N,60,0,1,0,0,1,0,0,0,0,-,-,32.74808,-116.99239,SAN DIEGO,UNINCORPORATED,-116.99264286,32.74811714
90179080,2016,2016-05-13,9645,2016-05-06,0950,017804,NA,5,1,7,3711,0,1,3,NA,2,006,SR-94 E/B,EUCLID AVENUE,150,E,N,B,-,Y,NA,NA,94,NA,NA,NA,NA,NA,E,Y,4,0,1,1,A,-,03,22350,NA,N,E,I,A,B,H,-,A,D,0,NA,NA,NA,NA,Y,NA,A,07,0,0,1,0,0,0,0,0,0,-,-,32.71849,-117.08338,SAN DIEGO,SAN DIEGO,-117.08336377,32.71845495
90179274,2016,2016-05-16,9645,2016-05-08,0145,020500,NA,7,3,7,3711,0,1,3,NA,2,008,SR-54 E/B,I-805 O/C,200,E,N,B,-,Y,NA,NA,NA,NA,NA,NA,NA,NA,NA,Y,3,0,1,2,A,-,01,23152,A,N,B,C,A,A,H,-,D,D,0,NA,NA,NA,NA,Y,Y,A,07,0,1,0,0,0,0,0,0,0,-,-,32.65866,-117.07197,SAN DIEGO,SAN DIEGO,NA,NA
90179497,2016,2016-05-16,9650,2016-05-10,0653,015503,NA,2,1,6,3706,0,1,1,NA,2,023,I-15 S/B,EL NORTE PKWY,528,S,N,B,-,Y,NA,NA,15,NA,NA,NA,NA,NA,S,Y,2,0,3,3,A,-,07,21658,A,N,B,C,A,A,H,-,A,D,0,NA,NA,Y,NA,Y,NA,A,01,1,1,1,0,0,0,0,0,2,-,-,33.14436,-117.10467,SAN DIEGO,ESCONDIDO,-117.1047807,33.14436704
9018006,2019,2020-01-21,3700,2019-09-02,0506,SH7554,NA,1,5,4,3707,0,0,0,NA,0,710,IMPERIAL BEACH BL,FLORENCE ST,164,W,N,A,-,N,NA,NA,NA,NA,NA,NA,NA,NA,NA,Y,3,0,1,2,A,-,01,23152,A,M,E,I,A,A,H,-,C,D,0,NA,NA,NA,NA,Y,Y,A,01,0,1,0,0,0,0,0,0,0,-,-,NA,NA,SAN DIEGO,IMPERIAL BEACH,-117.10742950439452,32.576534271240234
9018010,2019,2020-01-21,3700,2019-09-03,1350,SH5476,NA,2,5,4,3707,0,0,0,NA,0,703,CAROLINA ST,DAHLIA AV,0,NA,Y,A,-,N,NA,NA,NA,NA,NA,NA,NA,NA,NA,Y,4,0,1,2,A,-,09,21804,A,N,D,C,A,A,H,-,A,D,0,NA,NA,NA,NA,Y,NA,A,01,0,0,1,0,0,0,0,0,0,-,-,NA,NA,SAN DIEGO,IMPERIAL BEACH,-117.1191635131836,32.58335876464844
90180601,2016,2016-05-17,9645,2016-04-30,0755,017025,NA,6,1,7,3711,0,1,3,NA,2,023,SR-163 N/B TRANSITIONS TO E/B I-8,I-8 O/C,75,S,N,B,C,Y,NA,NA,163,NA,NA,NA,R,NA,N,Y,3,0,1,1,A,-,03,22350,NA,N,F,A,A,B,H,-,A,D,0,NA,NA,NA,NA,Y,NA,A,07,0,1,0,0,0,0,0,0,0,-,-,32.76203,-117.16263,SAN DIEGO,SAN DIEGO,-117.16263,32.76203
90181174,2016,2016-05-17,9680,2016-05-06,2100,018801,NA,5,2,9,3700,0,3,5,NA,2,002,BANCROFT DRIVE,TROY STREET,0,NA,Y,A,-,N,NA,NA,NA,NA,NA,NA,NA,NA,NA,Y,3,0,3,2,A,-,03,22350,NA,N,C,C,A,A,H,-,C,D,0,NA,NA,NA,NA,Y,NA,A,01,0,2,1,0,0,0,0,0,0,-,-,32.73679,-117.00649,SAN DIEGO,UNINCORPORATED,-117.0065801,32.73684008
90182040,2016,2016-05-18,9645,2016-05-10,2356,013292,NA,2,3,7,3711,0,1,1,NA,2,015,I-805 SOUTHBOUND,NOBEL DRIVE O/C,500,N,N,B,-,Y,NA,NA,805,NA,NA,NA,NA,NA,S,Y,4,0,2,2,A,-,03,22350,NA,N,C,C,A,A,H,-,C,D,0,NA,NA,NA,NA,Y,NA,A,01,0,0,2,0,0,0,0,0,0,-,-,32.86528,-117.19103,SAN DIEGO,SAN DIEGO,-117.19091188,32.86539143
90182106,2016,2016-05-18,9680,2016-04-28,1410,019270,NA,4,2,9,3700,0,3,5,NA,2,001,PLUMERIA DR,PEPPER DR,0,NA,Y,A,-,N,NA,NA,NA,NA,NA,NA,NA,NA,NA,Y,3,0,1,2,A,-,09,21802,A,N,D,C,A,A,H,-,A,A,0,NA,NA,Y,NA,Y,NA,A,01,0,1,0,0,0,0,0,0,0,-,-,32.82503,-116.95434,SAN DIEGO,UNINCORPORATED,-116.95445005,32.82510008
90183289,2016,2016-05-19,9680,2016-05-05,1403,019910,NA,4,2,9,3700,0,3,5,NA,2,002,HILLSDALE RD,SR-54 (JAMACHA RD),23,E,N,B,-,Y,NA,NA,NA,NA,NA,NA,NA,NA,NA,Y,4,0,1,2,A,-,08,22107,NA,N,D,C,A,A,H,-,A,A,0,NA,NA,NA,NA,Y,NA,A,01,0,0,1,0,0,0,0,0,0,-,-,32.76208,-116.92768,SAN DIEGO,UNINCORPORATED,NA,NA
90183858,2016,2016-05-20,9680,2016-05-11,1625,015766,NA,3,2,9,3700,0,1,1,NA,2,086,"INTERSTATE 8, E/B",CARRIZO GORGE ROAD,3168,W,N,A,-,Y,NA,NA,8,NA,NA,NA,NA,NA,E,Y,4,0,1,1,A,-,08,22107,NA,N,F,A,A,A,H,-,A,D,0,NA,NA,NA,NA,Y,NA,D,22,0,0,1,0,0,0,0,0,0,-,-,32.64174,-116.17498,SAN DIEGO,UNINCORPORATED,-116.17504263,32.64165389
90183918,2016,2016-05-20,9645,2016-05-16,0823,013383,NA,1,1,7,3711,0,1,1,NA,2,019,I-15 S/B,WERST BERNARDO DRIVE,4224,S,N,B,-,Y,NA,NA,15,NA,NA,NA,NA,NA,S,Y,4,0,1,2,A,-,03,22350,NA,N,C,C,A,A,H,-,A,D,0,NA,NA,NA,NA,Y,NA,A,01,0,0,1,0,0,0,0,0,0,-,-,33.04435,-117.07338,SAN DIEGO,SAN DIEGO,-117.0733689,33.04434561
90184280,2016,2016-05-23,9650,2016-05-04,2212,016103,NA,3,3,9,3700,0,1,3,NA,2,065,SR-76 W/B,EAST VISTA WAY,500,W,N,A,-,Y,NA,NA,76,NA,NA,NA,NA,NA,W,Y,4,0,1,1,A,-,08,22107,NA,N,E,I,A,A,H,-,C,A,0,NA,NA,NA,NA,Y,NA,A,07,0,0,1,0,0,0,0,0,0,-,-,33.25698,-117.23852,SAN DIEGO,UNINCORPORATED,-117.23850251,33.25696231
90184354,2016,2016-05-23,9650,2016-05-16,1705,015446,NA,1,2,9,3700,0,1,3,NA,2,065,SR-76,GIRD ROAD,1000,E,N,A,-,Y,NA,NA,NA,NA,NA,NA,NA,NA,NA,Y,4,0,2,3,A,-,03,22350,NA,N,C,C,A,A,H,-,A,D,0,NA,NA,NA,NA,Y,NA,A,01,0,0,2,0,0,0,0,0,0,-,-,33.3163,-117.19511,SAN DIEGO,UNINCORPORATED,-117.19201238,33.31474286
9018548,2019,2020-02-12,3711,2019-12-21,0851,SD7227,NA,6,5,7,3711,0,0,0,NA,0,315,CAMINO DE LA REINA,CAMINO DE LA SIESTA,0,NA,Y,A,-,N,NA,NA,NA,NA,NA,NA,NA,NA,NA,N,4,0,1,1,A,-,08,22107,NA,M,A,I,A,A,H,-,A,A,0,NA,NA,NA,NA,Y,Y,-,99,0,0,1,0,0,0,0,0,0,-,-,NA,NA,SAN DIEGO,SAN DIEGO,-117.16074371337892,32.76646041870117
90185531,2016,2016-05-23,9645,2016-05-10,0620,016409,NA,2,1,5,3709,0,1,1,NA,2,009,I-805 N/B,4TH STREET,480,S,N,B,-,Y,NA,NA,805,NA,NA,NA,NA,NA,N,Y,4,0,2,2,A,-,07,21658,A,N,B,C,A,A,H,-,A,D,0,NA,NA,NA,NA,Y,NA,D,22,0,0,2,0,0,0,0,0,0,-,-,32.68254,-117.08713,SAN DIEGO,NATIONAL CITY,-117.08727532,32.68242129