CASE_ID,ACCIDENT_YEAR,PROC_DATE,JURIS,COLLISION_DATE,COLLISION_TIME,OFFICER_ID,REPORTING_DISTRICT,DAY_OF_WEEK,CHP_SHIFT,POPULATION,CNTY_CITY_LOC,SPECIAL_COND,BEAT_TYPE,CHP_BEAT_TYPE,CITY_DIVISION_LAPD,CHP_BEAT_CLASS,BEAT_NUMBER,PRIMARY_RD,SECONDARY_RD,DISTANCE,DIRECTION,INTERSECTION,WEATHER_1,WEATHER_2,STATE_HWY_IND,CALTRANS_COUNTY,CALTRANS_DISTRICT,STATE_ROUTE,ROUTE_SUFFIX,POSTMILE_PREFIX,POSTMILE,LOCATION_TYPE,RAMP_INTERSECTION,SIDE_OF_HWY,TOW_AWAY,COLLISION_SEVERITY,NUMBER_KILLED,NUMBER_INJURED,PARTY_COUNT,PRIMARY_COLL_FACTOR,PCF_CODE_OF_VIOL,PCF_VIOL_CATEGORY,PCF_VIOLATION,PCF_VIOL_SUBSECTION,HIT_AND_RUN,TYPE_OF_COLLISION,MVIW,PED_ACTION,ROAD_SURFACE,ROAD_COND_1,ROAD_COND_2,LIGHTING,CONTROL_DEVICE,CHP_ROAD_TYPE,PEDESTRIAN_ACCIDENT,BICYCLE_ACCIDENT,MOTORCYCLE_ACCIDENT,TRUCK_ACCIDENT,NOT_PRIVATE_PROPERTY,ALCOHOL_INVOLVED,STWD_VEHTYPE_AT_FAULT,CHP_VEHTYPE_AT_FAULT,COUNT_SEVERE_INJ,COUNT_VISIBLE_INJ,COUNT_COMPLAINT_PAIN,COUNT_PED_KILLED,COUNT_PED_INJURED,COUNT_BICYCLIST_KILLED,COUNT_BICYCLIST_INJURED,COUNT_MC_KILLED,COUNT_MC_INJURED,PRIMARY_RAMP,SECONDARY_RAMP,LATITUDE,LONGITUDE,COUNTY,CITY,POINT_X,POINT_Y
90217242,2016,2016-07-06,9650,2016-06-30,1200,013636,NA,4,1,6,3710,0,1,1,NA,2,005,I-5 S/B,SR-78,300,S,N,A,-,Y,NA,NA,NA,NA,NA,NA,NA,NA,NA,Y,4,0,1,3,A,-,03,22350,NA,N,C,C,A,A,H,-,A,D,0,NA,NA,NA,NA,Y,NA,A,01,0,0,1,0,0,0,0,0,0,-,-,NA,NA,SAN DIEGO,OCEANSIDE,-117.35091189,33.17628353
90217966,2016,2016-07-07,9645,2016-07-01,1407,018678,NA,5,2,6,3702,0,1,1,NA,2,001,I-5 (S/B),MAIN STREET O/C,528,N,N,A,-,Y,NA,NA,5,NA,NA,NA,NA,NA,NA,N,4,0,1,2,A,-,03,22350,NA,N,C,C,A,A,H,-,A,D,0,NA,NA,NA,NA,Y,NA,A,01,0,0,1,0,0,0,0,0,0,-,-,32.59972,-117.08968,SAN DIEGO,CHULA VISTA,-117.08955846,32.59973454
90218872,2016,2016-07-08,9680,2016-06-27,1857,020738,NA,1,2,9,3700,0,3,5,NA,2,002,WIEGHORST WAY,CALLE SIMPSON,240,W,N,A,-,N,NA,NA,NA,NA,NA,NA,NA,NA,NA,N,3,0,1,2,A,-,08,22107,NA,F,H,G,A,A,H,-,A,D,0,NA,Y,NA,NA,Y,NA,D,22,0,1,0,0,0,0,1,0,0,-,-,32.75304,-116.93964,SAN DIEGO,UNINCORPORATED,-116.93960597,32.75296403
90219298,2016,2016-07-11,9680,2016-06-18,1201,015578,NA,6,1,9,3700,0,2,4,NA,1,026,APPLE ST.,GRAND AVE.,60,E,N,A,-,N,NA,NA,NA,NA,NA,NA,NA,NA,NA,N,4,0,2,2,A,-,21,22106,NA,N,C,C,A,A,H,-,A,A,0,NA,NA,NA,NA,Y,NA,A,08,0,0,2,0,0,0,0,0,0,-,-,32.71492,-116.99705,SAN DIEGO,UNINCORPORATED,-116.99707563,32.7149081
90219458,2016,2016-07-11,9650,2016-07-03,2305,018496,NA,7,3,6,3710,0,1,1,NA,2,003,I-5 S/B,SR-76,300,N,N,B,-,Y,NA,NA,5,NA,NA,NA,NA,NA,S,Y,3,0,1,2,A,-,01,23152,A,N,C,C,A,A,H,-,C,D,0,NA,NA,NA,NA,Y,Y,D,22,0,1,0,0,0,0,0,0,0,-,-,33.20451,-117.38322,SAN DIEGO,OCEANSIDE,-117.38317774,33.20456464
90222518,2016,2016-07-14,9650,2016-07-05,1851,016516,NA,2,2,5,3712,0,1,3,NA,2,019,SR-78 W/B,SAN MARCOS AVE,100,W,N,A,-,Y,NA,NA,78,NA,NA,NA,NA,NA,W,Y,4,0,1,2,A,-,03,22350,NA,N,C,C,A,A,H,-,B,D,0,NA,NA,NA,NA,Y,NA,A,07,0,0,1,0,0,0,0,0,0,-,-,33.13819,-117.17686,SAN DIEGO,SAN MARCOS,-117.17688366,33.13812556
9022279,2019,2020-02-07,3711,2019-12-11,1710,SD7482,NA,3,5,7,3711,0,0,0,NA,0,933,CARMEL VALLEY RD,VIA GRIMALDI,70,E,N,A,-,N,NA,NA,NA,NA,NA,NA,NA,NA,NA,Y,4,0,2,2,A,-,22,23123,A,N,C,C,A,A,H,-,C,A,0,NA,NA,NA,NA,Y,NA,A,01,0,0,2,0,0,0,0,0,0,-,-,NA,NA,SAN DIEGO,SAN DIEGO,-117.24980926513672,32.931671142578125
90223923,2016,2016-07-15,9680,2016-06-14,0602,015008,NA,2,1,9,3700,0,2,4,NA,1,013,WILDCAT CANYON RD,WILLOW RD,3696,N,N,A,-,N,NA,NA,NA,NA,NA,NA,NA,NA,NA,Y,2,0,2,2,A,-,03,22350,NA,N,E,I,A,A,H,-,A,D,0,NA,NA,NA,NA,Y,NA,-,-,2,0,0,0,0,0,0,0,0,-,-,32.88197,-116.90209,SAN DIEGO,UNINCORPORATED,-116.90196978,32.8820295
90224020,2016,2016-07-18,9650,2016-07-05,0237,019191,NA,2,3,6,3706,0,1,1,NA,2,023,I-15 S/B,FELICITA RD,1000,N,N,A,-,Y,NA,NA,15,NA,NA,NA,NA,NA,S,Y,4,0,1,1,A,-,08,22107,NA,N,E,I,A,A,H,-,D,D,0,NA,NA,NA,NA,Y,Y,A,01,0,0,1,0,0,0,0,0,0,-,-,33.0949,-117.08582,SAN DIEGO,ESCONDIDO,-117.08560996,33.0951168
90224983,2016,2016-07-18,9645,2016-07-05,1423,017133,NA,2,2,7,3711,0,1,1,NA,2,005,I-5 S/B,WASHINGTON AV. U/C,1056,S,N,A,-,Y,NA,NA,5,NA,NA,NA,NA,NA,S,Y,3,0,1,1,A,-,03,22350,NA,N,E,J,A,A,H,-,A,D,0,NA,NA,Y,NA,Y,NA,C,03,0,1,0,0,0,0,0,0,1,-,-,32.741460000000004,-117.18064,SAN DIEGO,SAN DIEGO,-117.18063965,32.74146057
90225063,2016,2016-09-09,9650,2016-07-12,1904,015446,NA,2,2,9,3700,0,3,5,NA,2,231,S. CITRUS AVENUE,IDAHO AVENUE,75,N,N,A,-,N,NA,NA,NA,NA,NA,NA,NA,NA,NA,N,4,0,1,2,A,-,06,21750,A,N,B,C,A,A,H,-,A,D,0,NA,NA,Y,NA,Y,NA,C,02,0,0,1,0,0,0,0,0,1,-,-,33.11495,-117.04454,SAN DIEGO,UNINCORPORATED,-117.04489443,33.11424902
90225522,2016,2016-07-25,9645,2016-07-10,0145,020857,NA,7,3,6,3702,0,1,1,NA,2,001,I-5 N/B,SR-54 O/C,100,S,N,A,-,Y,NA,NA,NA,NA,NA,NA,NA,NA,NA,Y,3,0,2,2,A,-,01,23152,A,F,C,C,A,A,H,-,D,D,0,NA,NA,NA,NA,Y,Y,A,01,0,2,0,0,0,0,0,0,0,-,-,32.6554,-117.1058,SAN DIEGO,CHULA VISTA,-117.37786866,33.20240559
90226627,2016,2016-07-20,9680,2016-07-09,2330,020343,NA,6,3,9,3700,0,1,1,NA,2,085,I-8 W/B,JAPATUL VALLEY RD,500,W,N,A,-,Y,NA,NA,8,NA,NA,NA,NA,NA,W,Y,3,0,1,1,A,-,08,22107,NA,N,E,I,A,A,H,-,D,D,0,NA,NA,NA,NA,Y,NA,A,07,0,1,0,0,0,0,0,0,0,-,-,32.8387,-116.65376,SAN DIEGO,UNINCORPORATED,-116.65375844,32.83867926
90228080,2016,2016-07-22,9650,2016-07-14,1415,019227,NA,4,2,9,3700,0,3,5,NA,2,213,PALA TEMECULA RD.,PALA MISSION RD.,15,N,N,A,-,N,NA,NA,NA,NA,NA,NA,NA,NA,NA,N,4,0,1,2,A,-,03,22350,NA,N,C,C,A,A,H,-,A,A,0,NA,NA,NA,NA,Y,NA,A,01,0,0,1,0,0,0,0,0,0,-,-,33.36528,-117.07557,SAN DIEGO,UNINCORPORATED,-117.07552481,33.36528089
90228343,2016,2016-07-22,9680,2016-07-12,1010,017996,NA,2,1,9,3700,0,2,4,NA,1,026,JAMACHA ROAD,HELIX STREET,150,W,N,A,-,N,NA,NA,NA,NA,NA,NA,NA,NA,NA,N,4,0,1,2,A,-,03,22350,NA,F,C,C,A,A,H,-,A,D,0,NA,NA,NA,NA,Y,NA,-,99,0,0,1,0,0,0,0,0,0,-,-,32.71471,-117.01021,SAN DIEGO,UNINCORPORATED,-117.00997592,32.71479448
90228432,2016,2016-07-22,9645,2016-06-29,1610,017524,NA,3,2,7,3711,0,1,1,NA,2,021,SR-15 N/B,OCEAN VIEW BLVD.,528,S,N,A,-,Y,NA,NA,15,NA,NA,NA,NA,NA,N,N,4,0,1,2,A,-,07,21658,A,N,B,C,A,A,H,-,A,D,0,NA,NA,Y,NA,Y,NA,A,01,0,0,1,0,0,0,0,0,1,-,-,32.69711,-117.12055,SAN DIEGO,SAN DIEGO,-117.12054248,32.69711099
90228642,2016,2016-07-22,9650,2016-07-18,1810,017743,NA,1,2,6,3706,0,1,3,NA,2,019,SR-78 E/B,NORDAHL RD,300,E,N,A,-,Y,NA,NA,78,NA,NA,NA,NA,NA,E,Y,4,0,1,2,A,-,03,22350,NA,N,C,C,A,A,H,-,A,D,0,NA,NA,NA,NA,Y,NA,A,08,0,0,1,0,0,0,0,0,0,-,-,33.13098,-117.11923,SAN DIEGO,ESCONDIDO,-117.11922208,33.13099744
90232148,2016,2016-07-28,9645,2016-07-14,0935,015634,NA,4,1,7,3711,0,1,1,NA,2,015,I-5 S/B FROM SR-52 W/B,I-5,500,E,N,A,-,Y,NA,NA,5,NA,NA,NA,R,NA,S,Y,4,0,1,2,A,-,08,22107,NA,N,B,C,A,A,H,-,A,D,0,NA,NA,NA,NA,Y,NA,A,01,0,0,1,0,0,0,0,0,0,-,-,32.83901,-117.23271,SAN DIEGO,SAN DIEGO,-117.23271,32.83901
90233508,2016,2016-07-29,9645,2016-07-16,2305,020737,NA,6,3,7,3711,0,1,1,NA,2,021,SR-15 S/B,ADAMS AVE.,1000,S,N,A,-,Y,NA,NA,15,NA,NA,NA,NA,NA,S,Y,4,0,3,2,A,-,03,22350,NA,N,C,C,A,A,C,-,D,A,0,NA,NA,NA,NA,Y,NA,A,01,0,0,3,0,0,0,0,0,0,-,-,32.76045,-117.10927,SAN DIEGO,SAN DIEGO,-117.10921912,32.76045362
90233926,2016,2016-08-01,9645,2016-07-21,1530,017297,NA,4,2,7,3711,0,1,1,NA,2,021,SR 15 N/B,MARKET ST,200,N,N,A,-,Y,NA,NA,15,NA,NA,NA,NA,NA,N,N,4,0,1,3,A,-,07,21658,A,F,B,C,A,A,H,-,A,D,0,NA,NA,NA,NA,Y,NA,D,22,0,0,1,0,0,0,0,0,0,-,-,32.71148,-117.11947,SAN DIEGO,SAN DIEGO,-117.11896192,32.71129647
90234889,2016,2016-08-01,9680,2016-07-21,1345,019822,NA,4,1,5,3705,0,1,1,NA,2,082,I-8 E/B TO N. 2ND STREET,N. 2ND STREET,670,W,N,A,-,Y,NA,NA,8,NA,NA,NA,R,NA,E,Y,4,0,1,4,A,-,03,22350,NA,M,C,C,A,A,H,-,A,D,0,NA,NA,NA,NA,Y,NA,A,01,0,0,1,0,0,0,0,0,0,-,-,32.80283,-116.93802,SAN DIEGO,EL CAJON,-116.93802,32.80283
90235921,2016,2016-08-02,9645,2016-07-22,1919,018393,NA,5,2,9,3700,0,1,3,NA,2,008,SR-54 E/B,SWEETWATER RD O/C,50,E,N,A,-,Y,NA,NA,54,NA,NA,NA,NA,NA,E,N,4,0,1,2,A,-,03,22350,NA,N,C,C,A,A,H,-,A,D,0,NA,NA,NA,NA,Y,NA,A,07,0,0,1,0,0,0,0,0,0,-,-,32.66102,-117.06725,SAN DIEGO,UNINCORPORATED,-117.06728921,32.66108913
90238190,2016,2016-08-05,9645,2016-07-23,0850,017139,NA,6,1,7,3711,0,1,1,NA,2,009,I-805 N/B,IMPERIAL AVE O/C,800,N,N,A,-,Y,NA,NA,805,NA,NA,NA,NA,NA,N,Y,3,0,1,2,A,-,08,22107,NA,N,B,C,A,A,H,-,A,D,0,NA,NA,Y,NA,Y,NA,C,02,0,1,0,0,0,0,0,0,1,-,-,32.70548,-117.09531,SAN DIEGO,SAN DIEGO,-117.09537137,32.7054469
90241089,2016,2016-08-09,9645,2016-07-27,1215,015847,NA,3,1,7,3711,0,1,1,NA,2,010,I-8 W/B,WARING RD.,1584,E,N,A,-,Y,NA,NA,8,NA,NA,NA,NA,NA,W,Y,3,0,1,2,A,-,03,22350,NA,N,C,C,A,A,H,-,A,D,0,NA,NA,Y,NA,Y,NA,C,02,0,1,0,0,0,0,0,0,1,-,-,32.78017,-117.07883,SAN DIEGO,SAN DIEGO,-117.07884596,32.78008106
90241549,2016,2016-08-10,9680,2016-07-29,2320,019936,NA,5,3,9,3700,0,2,4,NA,1,021,WILLOW GLEN DR,WILLOW GLEN LN,528,E,N,A,-,N,NA,NA,NA,NA,NA,NA,NA,NA,NA,Y,4,0,1,2,A,-,03,22350,NA,N,C,C,A,A,H,-,C,D,0,NA,NA,NA,NA,Y,NA,A,01,0,0,1,0,0,0,0,0,0,-,-,32.76016,-116.89638,SAN DIEGO,UNINCORPORATED,-116.89914024,32.75927609
90242903,2016,2016-08-11,9680,2016-08-03,1524,016981,NA,3,2,9,3700,0,2,4,NA,1,021,WILLOW GLEN DR,MUIRFIELD DR,478,W,N,A,-,N,NA,NA,NA,NA,NA,NA,NA,NA,NA,Y,4,0,2,3,A,-,03,22350,NA,N,C,C,A,A,H,-,A,D,0,NA,NA,NA,NA,Y,NA,A,01,0,0,2,0,0,0,0,0,0,-,-,32.74304,-116.92531,SAN DIEGO,UNINCORPORATED,-116.92538427,32.74307218
90243298,2016,2016-08-11,9650,2016-08-07,1639,019126,NA,7,2,9,3700,0,2,4,NA,1,027,VALLEY CENTER RD,SR-76,145,S,N,A,-,N,NA,NA,NA,NA,NA,NA,NA,NA,NA,Y,3,0,2,4,A,-,01,23152,A,N,E,E,A,A,H,-,A,D,0,NA,NA,NA,NA,Y,Y,A,01,0,2,0,0,0,0,0,0,0,-,-,33.17167,-116.57301,SAN DIEGO,UNINCORPORATED,-116.9585582,33.28807062
90243502,2016,2016-08-12,9645,2016-08-01,1445,016864,NA,1,2,7,3711,0,1,1,NA,2,015,I-805 S/B,NOBEL DRIVE,500,S,N,A,-,Y,NA,NA,NA,NA,NA,NA,NA,NA,NA,Y,4,0,1,5,A,-,03,22350,NA,N,C,C,A,A,H,-,A,D,0,NA,NA,NA,NA,Y,NA,A,07,0,0,1,0,0,0,0,0,0,-,-,32.86683,-117.1936,SAN DIEGO,SAN DIEGO,-117.19488,32.86957
90245207,2016,2016-08-15,9645,2016-06-13,0415,020867,NA,1,3,5,3709,0,1,1,NA,2,001,INTERSTATE 5 NORTHBOUND,MAIN ST. / DIVISION ST.,1000,S,N,B,-,Y,NA,NA,5,NA,NA,NA,NA,NA,N,Y,1,1,0,2,A,-,11,21954,A,N,G,B,E,A,H,-,D,D,0,Y,NA,NA,NA,Y,NA,N,60,0,0,0,1,0,0,0,0,0,-,-,32.68008,-117.11011,SAN DIEGO,NATIONAL CITY,-117.11010225,32.68008309
90246144,2016,2016-08-16,9680,2016-08-06,0910,017996,NA,6,1,9,3700,0,2,4,NA,1,021,DEHESA ROAD,VISTA GRANDE DRIVE,175,W,N,A,-,N,NA,NA,NA,NA,NA,NA,NA,NA,NA,Y,3,0,1,2,A,-,05,21460,A,N,D,C,A,A,H,-,A,D,0,NA,NA,NA,NA,Y,NA,A,01,0,1,0,0,0,0,0,0,0,-,-,32.78699,-116.90736,SAN DIEGO,UNINCORPORATED,-116.9066959,32.7872202
90248837,2016,2016-08-22,9650,2016-08-08,1250,019126,NA,1,1,6,3710,0,1,3,NA,2,015,I-5 N/B TO W/B SR-78,I-5 N/B OFF RAMP TO SR-78 W/B,8,E,N,B,-,Y,NA,NA,5,NA,NA,NA,R,NA,N,N,4,0,3,2,A,-,21,22106,NA,N,C,C,A,A,H,-,A,A,0,NA,NA,NA,NA,Y,NA,A,01,0,0,3,0,0,0,0,0,0,-,-,33.1775,-117.35083,SAN DIEGO,OCEANSIDE,-117.35083,33.1775
90249062,2016,2016-08-22,9650,2016-07-27,0020,020997,NA,3,3,9,3700,0,3,5,NA,2,070,EL CAMINO DEL NORTE,DEL DIOS HWY,500,N,N,A,-,Y,NA,NA,NA,NA,NA,NA,NA,NA,NA,Y,3,0,1,1,A,-,08,22107,NA,N,E,I,A,A,H,-,D,D,0,NA,NA,NA,NA,Y,NA,A,01,0,1,0,0,0,0,0,0,0,-,-,33.03931,-117.18433,SAN DIEGO,UNINCORPORATED,-117.18402375,33.03695544
90252062,2016,2016-08-24,9680,2016-08-04,1600,015081,NA,4,2,9,3700,0,1,3,NA,1,052,STATE ROUTE 78,SR-79,4224,E,N,A,-,Y,NA,NA,78,NA,NA,NA,NA,NA,NA,Y,3,0,1,1,A,-,05,21650,NA,N,E,I,A,A,H,-,A,D,0,NA,NA,NA,NA,Y,NA,A,01,0,1,0,0,0,0,0,0,0,-,-,33.10517,-116.68778,SAN DIEGO,UNINCORPORATED,-116.68777971,33.10516862
90252872,2016,2016-08-25,9680,2016-08-14,1530,020738,NA,7,2,9,3700,0,2,4,NA,1,026,JAMACHA ROAD,SWEETWATER ROAD,0,NA,Y,A,-,N,NA,NA,NA,NA,NA,NA,NA,NA,NA,Y,4,0,1,2,A,-,12,21453,A,N,A,C,A,A,H,-,A,A,0,NA,NA,NA,NA,Y,NA,A,01,0,0,1,0,0,0,0,0,0,-,-,32.71506,-117.01265,SAN DIEGO,UNINCORPORATED,-117.01272009,32.71476009
90253232,2016,2016-08-26,9645,2016-07-30,1920,020867,NA,6,2,7,3711,0,1,1,NA,2,010,I-8 W/B,MISSION CENTER RD.,200,E,N,A,-,Y,NA,NA,8,NA,NA,NA,NA,NA,W,Y,4,0,1,2,A,-,03,22350,NA,N,C,C,A,A,H,-,A,D,0,NA,NA,NA,NA,Y,NA,A,01,0,0,1,0,0,0,0,0,0,-,-,32.76562,-117.15351,SAN DIEGO,SAN DIEGO,-117.15349066,32.76554142
90255116,2016,2016-08-29,9650,2016-08-27,0715,013570,NA,6,1,5,3713,0,1,3,NA,2,017,SR-78 E/B,MAR VISTA DR,10,W,N,A,-,Y,NA,NA,78,NA,NA,NA,NA,NA,E,Y,4,0,1,1,A,-,08,22107,NA,N,E,I,A,A,H,-,A,D,0,NA,NA,NA,NA,Y,NA,A,01,0,0,1,0,0,0,0,0,0,-,-,33.18095,-117.23052,SAN DIEGO,VISTA,-117.23042288,33.18101488
90255249,2016,2016-08-29,9650,2016-08-22,1340,015531,NA,1,1,5,3701,0,1,1,NA,2,005,I-5 S/B,TAMARACK AVE,225,S,N,A,-,Y,NA,NA,NA,NA,NA,NA,NA,NA,NA,Y,4,0,1,3,A,-,03,22350,NA,N,C,C,A,A,H,-,A,D,0,NA,NA,NA,NA,Y,NA,A,01,0,0,1,0,0,0,0,0,0,-,-,33.9243,-117.2048,SAN DIEGO,CARLSBAD,-117.3362262,33.15153708
90257077,2016,2016-08-30,9645,2016-08-24,1615,016864,NA,3,2,7,3711,0,1,1,NA,2,007,I-5 N/B,DEL MAR HEIGHTS ROAD,1320,N,N,A,-,Y,NA,NA,5,NA,NA,NA,NA,NA,N,Y,4,0,2,2,A,-,03,22350,NA,N,C,C,A,A,H,-,A,D,0,NA,NA,NA,NA,Y,NA,A,01,0,0,2,0,0,0,0,0,0,-,-,32.95576,-117.24453,SAN DIEGO,SAN DIEGO,-117.24463468,32.95573931
90257698,2016,2016-08-31,9645,2016-07-26,1815,020867,NA,2,2,7,3711,0,1,1,NA,2,011,I-805 S/B,MURRAY RIDGE RD.,900,S,N,A,-,Y,NA,NA,805,NA,NA,NA,NA,NA,S,Y,3,0,1,1,A,-,03,22350,NA,N,F,A,A,A,H,-,A,D,0,NA,NA,Y,NA,Y,NA,C,02,0,1,0,0,0,0,0,0,1,-,-,32.77928,-117.13767,SAN DIEGO,SAN DIEGO,-117.13757508,32.77934823
90258389,2016,2016-08-31,9645,2016-08-25,1815,017953,NA,4,2,7,3711,0,1,1,NA,2,010,I-8 E/B,FAIRMOUNT AVENUE U/C,1370,W,N,A,-,Y,NA,NA,8,NA,NA,NA,NA,NA,E,Y,4,0,1,2,A,-,08,22107,NA,N,D,C,A,A,H,-,A,D,0,NA,NA,NA,NA,Y,NA,A,01,0,0,1,0,0,0,0,0,0,-,-,32.77875,-117.10613,SAN DIEGO,SAN DIEGO,-117.10612606,32.77862472
90265081,2016,2016-09-12,9645,2016-08-26,0230,020857,NA,5,3,7,3711,0,1,3,NA,2,006,SR-94 W/B,SR-15,725,W,N,A,-,Y,NA,NA,94,NA,NA,NA,NA,NA,W,Y,2,0,1,3,A,-,01,23152,A,N,C,C,E,A,H,-,C,D,0,Y,NA,NA,NA,Y,Y,A,01,1,0,0,0,1,0,0,0,0,-,-,32.7168,-117.12007,SAN DIEGO,SAN DIEGO,-117.12002829,32.71666273
90268396,2016,2016-09-15,9645,2016-09-07,1725,016864,NA,3,2,7,3711,0,1,1,NA,2,007,I-5 N/B,GENESEE AVENUE,2112,N,N,B,-,Y,NA,NA,5,NA,NA,NA,NA,NA,N,N,4,0,1,2,A,-,03,22350,NA,N,C,C,A,A,H,-,A,D,0,NA,NA,NA,NA,Y,NA,A,01,0,0,1,0,0,0,0,0,0,-,-,32.89308,-117.2269,SAN DIEGO,SAN DIEGO,-117.2270468,32.893102999999996
90269024,2016,2016-09-16,9650,2016-09-09,0900,013570,NA,5,1,9,3700,0,3,5,NA,2,191,HARMONY GROVE RD,COUNTRY CLUB DR,2640,W,N,A,-,N,NA,NA,NA,NA,NA,NA,NA,NA,NA,N,2,0,1,1,A,-,08,22107,NA,N,E,I,A,A,H,-,A,D,0,NA,NA,Y,NA,Y,NA,C,02,1,0,0,0,0,0,0,0,1,-,-,33.09785,-117.13823,SAN DIEGO,UNINCORPORATED,-117.13814366,33.09782663
90269154,2016,2016-09-16,9650,2016-09-09,2020,018321,NA,5,2,9,3700,0,1,3,NA,2,065,SR-76 E/B,VIA MONTELLANO,507,W,N,A,-,Y,NA,NA,NA,NA,NA,NA,NA,NA,NA,N,4,0,1,2,A,-,03,22350,NA,N,C,C,A,A,H,-,C,A,0,NA,NA,NA,NA,Y,NA,A,01,0,0,1,0,0,0,0,0,0,-,-,33.27435,-117.2348,SAN DIEGO,UNINCORPORATED,-117.23476718,33.2744086
90269552,2016,2016-09-19,9645,2016-09-03,0317,020623,NA,6,3,9,3700,0,3,5,NA,2,018,SWEETWATER ROAD E/B,VALLEY VISTA ROAD,175,W,N,A,-,N,NA,NA,NA,NA,NA,NA,NA,NA,NA,Y,3,0,1,1,A,-,01,23152,A,N,E,I,A,A,H,-,C,D,0,NA,NA,NA,NA,Y,Y,A,01,0,1,0,0,0,0,0,0,0,-,-,32.66028,-117.0947,SAN DIEGO,UNINCORPORATED,-117.04539475,32.6609073
90269568,2016,2016-09-19,9650,2016-09-07,0437,019191,NA,3,3,9,3700,0,1,1,NA,2,021,I-15 S/B,DEER SPRINGS RD,2400,N,N,B,-,Y,NA,NA,15,NA,NA,NA,NA,NA,S,Y,4,0,1,2,A,-,03,22350,NA,N,C,C,A,A,C,-,B,D,0,NA,NA,NA,NA,Y,NA,D,22,0,0,1,0,0,0,0,0,0,-,-,33.20333,-117.12966,SAN DIEGO,UNINCORPORATED,-117.12968324,33.20331334
90272005,2016,2016-09-20,9650,2016-09-14,1045,015727,NA,3,1,9,3700,0,2,4,NA,2,061,E. MISSION RD.,WILLOW GLEN RD,384,W,N,A,-,N,NA,NA,NA,NA,NA,NA,NA,NA,NA,Y,4,0,1,3,A,-,03,22350,NA,N,C,C,A,A,D,-,A,D,0,NA,NA,NA,NA,Y,NA,A,01,0,0,1,0,0,0,0,0,0,-,-,33.3944,-117.20183,SAN DIEGO,UNINCORPORATED,-117.20164963,33.39438045
90272032,2016,2016-09-20,9680,2016-09-13,0730,015708,NA,2,1,9,3700,0,1,3,NA,1,024,SR-94 W/B,FAIR OAKS DRIVE,513,W,N,B,-,Y,NA,NA,94,NA,NA,NA,NA,NA,W,N,4,0,1,2,A,-,03,22350,NA,N,C,C,A,A,H,-,A,D,0,NA,NA,NA,NA,Y,NA,D,22,0,0,1,0,0,0,0,0,0,-,-,32.725319999999996,-116.91613,SAN DIEGO,UNINCORPORATED,-116.91612348,32.72528716
90272322,2016,2016-09-21,9650,2016-09-17,1755,015788,NA,6,2,5,3701,0,1,1,NA,2,005,I-5 S/B,LA COSTA AVE,1590,N,N,A,-,Y,NA,NA,5,NA,NA,NA,NA,NA,S,Y,4,0,2,2,A,-,03,22350,NA,N,C,C,A,A,H,-,A,D,0,NA,NA,NA,NA,Y,NA,A,07,0,0,2,0,0,0,0,0,0,-,-,33.08822,-117.30076,SAN DIEGO,CARLSBAD,-117.3008188,33.08818175
90273299,2016,2016-09-22,9650,2016-09-15,2320,018675,NA,4,3,9,3700,0,3,5,NA,1,160,CAMINO DEL REY,OLD RIVER RD,850,E,N,A,-,N,NA,NA,NA,NA,NA,NA,NA,NA,NA,Y,3,0,2,1,A,-,01,23153,A,N,F,I,A,A,H,-,C,D,0,NA,NA,NA,NA,Y,Y,A,01,0,2,0,0,0,0,0,0,0,-,-,33.28907,-117.21904,SAN DIEGO,UNINCORPORATED,-117.2191541,33.28895265
90273634,2016,2016-09-22,9680,2016-09-15,1136,017330,NA,4,1,9,3700,0,2,4,NA,1,013,WILDCAT CANYON RD,FEATHERSTONE CANYON RD,4224,S,N,A,-,N,NA,NA,NA,NA,NA,NA,NA,NA,NA,N,4,0,1,2,A,-,03,22350,NA,N,C,C,A,A,H,-,A,D,0,NA,NA,NA,NA,Y,NA,D,22,0,0,1,0,0,0,0,0,0,-,-,32.94239,-116.84942,SAN DIEGO,UNINCORPORATED,-116.84942,32.94239
90275728,2016,2016-09-26,9680,2016-09-16,1450,019998,NA,5,2,5,3705,0,1,3,NA,2,016,SR-67 N/B TO BRADLEY AVE.,BRADLEY AVE,610,S,N,A,-,Y,NA,NA,NA,NA,NA,NA,NA,NA,NA,Y,4,0,1,2,A,-,03,22350,NA,N,C,C,A,A,H,-,A,D,0,NA,NA,NA,NA,Y,NA,A,01,0,0,1,0,0,0,0,0,0,-,-,32.81739,-116.96051,SAN DIEGO,EL CAJON,-116.96061466,32.8174347
90275785,2016,2016-09-26,9680,2016-09-16,2230,020116,NA,5,3,9,3700,0,2,4,NA,1,025,SWEETWATER RD,ILDICA ST,16,N,N,A,-,N,NA,NA,NA,NA,NA,NA,NA,NA,NA,Y,3,0,1,3,A,-,01,23152,A,N,C,E,A,A,H,-,C,A,0,NA,NA,NA,NA,Y,Y,A,07,0,1,0,0,0,0,0,0,0,-,-,32.72761,-117.01245,SAN DIEGO,UNINCORPORATED,-117.01415654,32.72765347